t_s,h_next_s
0.000000,1.000000
1.000000,0.400000
1.400000,0.160000
1.560000,0.064000
1.624000,0.025600
1.649600,0.010240
1.659840,0.004096
1.663936,0.001776
1.665712,0.001170
1.666882,0.000949
1.667831,0.000855
1.668686,0.000812
1.669498,0.000791
1.670290,0.000781
1.671071,0.000776
1.671847,0.000774
1.672622,0.000773
1.673395,0.000773
1.674168,0.000773
1.674941,0.000773
1.675714,0.000773
1.676487,0.000773
1.677260,0.000774
1.678034,0.000774
1.678808,0.000774
1.679582,0.000774
1.680357,0.000775
1.681131,0.000775
1.681906,0.000775
1.682681,0.000776
1.683457,0.000776
1.684233,0.000776
1.685009,0.000776
1.685786,0.000777
1.686562,0.000777
1.687339,0.000777
1.688116,0.000777
1.688894,0.000778
1.689671,0.000778
1.690449,0.000778
1.691227,0.000778
1.692006,0.000779
1.692784,0.000779
1.693563,0.000779
1.694342,0.000779
1.695121,0.000780
1.695901,0.000780
1.696681,0.000780
1.697461,0.000781
1.698241,0.000781
1.699022,0.000781
1.699803,0.000782
1.700585,0.000782
1.701366,0.000782
1.702148,0.000782
1.702931,0.000783
1.703714,0.000783
1.704497,0.000783
1.705280,0.000784
1.706064,0.000784
1.706847,0.000784
1.707631,0.000784
1.708415,0.000784
1.709199,0.000785
1.709984,0.000785
1.710768,0.000785
1.711554,0.000786
1.712339,0.000786
1.713125,0.000786
1.713911,0.000787
1.714697,0.000787
1.715484,0.000787
1.716271,0.000787
1.717059,0.000788
1.717846,0.000788
1.718634,0.000788
1.719422,0.000788
1.720210,0.000789
1.720999,0.000789
1.721788,0.000789
1.722577,0.000789
1.723366,0.000790
1.724155,0.000790
1.724946,0.000790
1.725736,0.000790
1.726527,0.000791
1.727317,0.000791
1.728108,0.000791
1.728899,0.000791
1.729691,0.000792
1.730482,0.000792
1.731274,0.000792
1.732066,0.000792
1.732859,0.000793
1.733651,0.000793
1.734445,0.000793
1.735238,0.000794
1.736032,0.000794
1.736825,0.000794
1.737620,0.000794
1.738414,0.000795
1.739209,0.000795
1.740003,0.000795
1.740798,0.000795
1.741594,0.000796
1.742390,0.000796
1.743186,0.000797
1.743982,0.000797
1.744779,0.000797
1.745576,0.000797
1.746373,0.000797
1.747170,0.000798
1.747968,0.000798
1.748766,0.000798
1.749564,0.000798
1.750362,0.000799
1.751160,0.000799
1.751959,0.000799
1.752758,0.000800
1.753558,0.000800
1.754358,0.000800
1.755158,0.000800
1.755958,0.000800
1.756758,0.000801
1.757559,0.000801
1.758360,0.000802
1.759161,0.000802
1.759963,0.000802
1.760765,0.000802
1.761567,0.000803
1.762370,0.000803
1.763173,0.000803
1.763976,0.000803
1.764779,0.000803
1.765583,0.000804
1.766387,0.000804
1.767190,0.000804
1.767995,0.000805
1.768799,0.000805
1.769604,0.000805
1.770409,0.000805
1.771214,0.000805
1.772020,0.000806
1.772826,0.000806
1.773632,0.000807
1.774439,0.000807
1.775246,0.000807
1.776053,0.000807
1.776861,0.000807
1.777668,0.000808
1.778476,0.000808
1.779284,0.000808
1.780092,0.000809
1.780900,0.000809
1.781709,0.000809
1.782518,0.000809
1.783328,0.000810
1.784137,0.000810
1.784947,0.000810
1.785757,0.000810
1.786568,0.000811
1.787378,0.000811
1.788189,0.000811
1.789001,0.000811
1.789812,0.000812
1.790624,0.000812
1.791436,0.000812
1.792248,0.000813
1.793061,0.000813
1.793874,0.000813
1.794687,0.000814
1.795501,0.000814
1.796315,0.000814
1.797129,0.000814
1.797943,0.000814
1.798757,0.000815
1.799572,0.000815
1.800387,0.000815
1.801203,0.000816
1.802019,0.000816
1.802834,0.000816
1.803650,0.000817
1.804467,0.000817
1.805284,0.000817
1.806100,0.000817
1.806918,0.000817
1.807735,0.000818
1.808553,0.000818
1.809370,0.000818
1.810189,0.000818
1.811007,0.000819
1.811826,0.000819
1.812645,0.000819
1.813464,0.000819
1.814283,0.000820
1.815103,0.000820
1.815923,0.000820
1.816743,0.000821
1.817564,0.000821
1.818385,0.000821
1.863096,0.000835
1.908566,0.000849
1.954793,0.000863
2.001769,0.000877
2.049492,0.000890
2.097957,0.000904
2.147160,0.000918
2.197102,0.000932
2.247776,0.000945
2.299178,0.000959
2.351310,0.000972
2.404169,0.000986
2.457755,0.000999
2.512062,0.001013
2.567099,0.001026
2.622854,0.001039
2.679332,0.001053
2.736532,0.001066
2.794452,0.001079
2.853091,0.001093
2.912452,0.001106
2.972538,0.001120
3.033337,0.001133
3.094861,0.001146
3.157104,0.001159
3.220065,0.001173
3.283746,0.001186
3.348146,0.001199
3.413269,0.001213
3.479115,0.001226
3.545678,0.001240
3.612964,0.001253
3.680978,0.001266
3.749710,0.001280
3.819164,0.001293
3.889343,0.001306
3.960245,0.001320
4.031871,0.001334
4.104224,0.001347
4.177303,0.001360
4.251108,0.001374
4.325644,0.001387
4.400904,0.001401
4.476891,0.001414
4.553610,0.001428
4.631058,0.001441
4.709236,0.001455
4.788153,0.001468
4.867793,0.001482
4.948169,0.001496
5.029283,0.001509
5.111130,0.001523
5.193712,0.001536
5.277034,0.001550
5.361095,0.001564
5.445891,0.001578
5.531428,0.001591
5.617710,0.001605
5.704727,0.001619
5.792493,0.001632
5.880997,0.001646
5.970237,0.001659
6.060203,0.001673
6.150891,0.001687
6.242306,0.001700
6.334445,0.001713
6.427308,0.001727
6.520898,0.001740
6.615219,0.001753
6.710267,0.001767
6.806047,0.001781
6.902560,0.001794
6.999804,0.001808
7.097777,0.001821
7.196484,0.001835
7.295930,0.001848
7.396114,0.001862
7.497035,0.001876
7.598693,0.001889
7.701094,0.001903
7.804231,0.001917
7.908113,0.001931
8.012739,0.001944
8.118108,0.001958
8.224223,0.001972
8.331085,0.001986
8.438696,0.002000
8.547060,0.002014
8.656171,0.002028
8.766032,0.002042
8.876643,0.002055
8.988010,0.002069
9.100134,0.002083
9.213013,0.002098
9.326649,0.002112
9.441040,0.002126
9.556193,0.002140
9.672108,0.002154
9.788784,0.002168
9.906226,0.002182
10.024428,0.002196
10.143396,0.002210
10.263131,0.002225
10.383636,0.002239
10.504905,0.002253
10.626949,0.002268
10.749761,0.002282
10.873343,0.002296
10.997701,0.002310
11.122837,0.002325
11.248753,0.002339
11.375439,0.002354
11.502911,0.002368
11.631159,0.002382
11.760189,0.002397
11.890002,0.002411
12.020597,0.002426
12.151980,0.002440
12.284147,0.002455
12.417104,0.002470
12.550847,0.002484
12.685378,0.002499
12.820701,0.002513
12.956816,0.002528
13.093731,0.002543
13.231437,0.002558
13.369945,0.002572
13.509246,0.002587
13.649343,0.002602
13.790241,0.002617
13.931943,0.002632
14.074446,0.002647
14.217753,0.002661
14.361864,0.002676
14.506784,0.002692
14.652515,0.002706
14.799054,0.002721
14.946404,0.002736
15.094565,0.002752
15.243538,0.002766
15.393328,0.002781
15.543931,0.002797
15.695348,0.002812
15.847584,0.002827
16.000640,0.002842
16.154521,0.002857
16.309220,0.002873
16.464743,0.002888
16.621089,0.002903
16.778268,0.002918
16.936270,0.002934
17.095101,0.002949
17.254766,0.002964
17.415264,0.002980
17.576589,0.002995
17.738750,0.003011
17.901748,0.003026
18.065575,0.003042
18.230226,0.003057
18.395690,0.003072
18.561968,0.003087
18.729071,0.003102
18.896987,0.003117
19.065723,0.003133
19.235279,0.003148
19.405661,0.003163
19.576864,0.003179
19.748898,0.003194
19.921761,0.003209
20.095451,0.003224
20.269968,0.003240
20.445316,0.003255
20.621496,0.003270
20.798509,0.003286
20.976356,0.003301
21.155041,0.003317
21.334562,0.003332
21.514925,0.003348
21.696128,0.003364
21.878172,0.003379
22.061056,0.003395
22.244785,0.003410
22.429364,0.003426
22.614786,0.003442
22.801058,0.003458
22.988182,0.003473
23.176155,0.003489
23.364984,0.003505
23.554668,0.003521
23.745201,0.003536
23.936591,0.003552
24.128840,0.003568
24.321948,0.003584
24.515920,0.003600
24.710752,0.003616
24.906446,0.003632
25.103006,0.003648
25.300435,0.003664
25.498733,0.003680
25.697895,0.003696
25.897930,0.003713
26.098835,0.003729
26.300615,0.003745
26.503270,0.003761
26.706798,0.003778
26.911204,0.003793
27.116489,0.003810
27.322660,0.003826
27.529709,0.003842
27.737640,0.003859
27.946459,0.003876
28.156160,0.003892
28.366750,0.003908
28.578231,0.003925
28.790601,0.003941
29.003856,0.003957
29.218010,0.003974
29.433062,0.003991
29.649008,0.004007
29.865851,0.004024
30.083591,0.004041
30.302233,0.004057
30.521778,0.004074
30.742215,0.004090
30.963544,0.004107
31.185754,0.004123
31.408842,0.004139
31.632815,0.004156
31.857678,0.004172
32.083422,0.004189
32.310056,0.004205
32.537574,0.004222
32.765986,0.004238
32.995285,0.004255
33.225480,0.004271
33.456571,0.004288
33.688557,0.004305
33.921435,0.004321
34.155218,0.004338
34.389900,0.004354
34.625482,0.004371
34.861970,0.004388
35.099356,0.004405
35.337655,0.004421
35.576856,0.004438
35.816965,0.004455
36.057986,0.004472
36.299918,0.004489
36.542765,0.004506
36.786526,0.004523
37.031207,0.004540
37.276801,0.004557
37.523317,0.004574
37.770750,0.004591
38.019106,0.004608
38.268386,0.004625
38.518590,0.004642
38.769722,0.004659
39.021780,0.004676
39.274766,0.004693
39.528683,0.004711
39.783531,0.004728
40.039312,0.004745
40.296029,0.004763
40.553682,0.004780
40.812271,0.004798
41.071803,0.004815
41.332272,0.004833
41.593687,0.004850
41.856041,0.004867
42.119340,0.004885
42.383588,0.004902
42.648783,0.004920
42.914928,0.004938
43.182030,0.004955
43.450078,0.004973
43.719081,0.004991
43.989024,0.005008
44.259900,0.005025
44.531704,0.005042
44.804448,0.005060
45.078123,0.005077
45.352734,0.005094
45.628282,0.005112
45.904771,0.005129
46.182202,0.005146
46.460573,0.005164
46.739888,0.005181
47.020146,0.005199
47.301354,0.005217
47.583507,0.005234
47.866614,0.005252
48.150668,0.005270
48.435673,0.005287
48.721635,0.005305
49.008554,0.005322
49.296428,0.005340
49.585263,0.005358
49.875058,0.005376
50.165812,0.005394
50.457530,0.005411
50.750210,0.005429
51.043858,0.005447
51.338470,0.005465
51.634057,0.005483
51.930613,0.005501
52.228137,0.005519
52.526638,0.005537
52.826112,0.005555
53.126565,0.005573
53.427994,0.005591
53.730403,0.005609
54.033792,0.005627
54.338165,0.005646
54.643519,0.005664
54.949858,0.005682
55.257186,0.005700
55.565498,0.005719
55.874800,0.005737
56.185097,0.005755
56.496387,0.005774
56.808675,0.005793
57.121949,0.005811
57.436198,0.005829
57.751419,0.005847
58.067615,0.005865
58.384782,0.005883
58.702928,0.005901
59.022054,0.005919
59.342157,0.005937
59.663243,0.005955
59.985313,0.005973
60.028137,0.000454
60.054084,0.000510
60.083291,0.000575
60.116235,0.000648
60.153396,0.000731
60.195208,0.000821
60.242023,0.000916
60.294045,0.001013
60.351350,0.001111
60.413865,0.001206
60.481425,0.001297
60.553823,0.001385
60.630820,0.001468
60.712197,0.001547
60.797751,0.001622
60.887295,0.001695
60.980659,0.001764
61.077690,0.001830
61.178249,0.001894
61.282206,0.001956
61.389439,0.002016
61.499836,0.002074
61.613296,0.002129
61.729718,0.002183
61.849017,0.002236
61.971097,0.002287
62.095884,0.002336
62.223301,0.002384
62.353272,0.002430
62.485731,0.002476
62.620611,0.002521
62.757858,0.002564
62.897404,0.002606
63.039202,0.002646
63.183190,0.002687
63.329334,0.002726
63.477564,0.002763
63.627743,0.002799
63.779817,0.002834
63.933749,0.002868
64.089498,0.002901
64.247038,0.002934
64.406331,0.002966
64.567343,0.002998
64.730058,0.003029
64.894437,0.003060
65.060461,0.003090
65.228093,0.003119
65.397318,0.003149
65.568110,0.003178
65.740446,0.003206
65.914301,0.003234
66.089658,0.003262
66.266493,0.003289
66.444782,0.003315
66.624519,0.003342
66.805678,0.003369
66.988240,0.003394
67.172191,0.003420
67.357517,0.003445
67.544199,0.003470
67.732219,0.003494
67.921563,0.003519
68.112219,0.003543
68.304175,0.003567
68.497416,0.003591
68.691931,0.003614
68.887705,0.003637
69.084727,0.003661
69.282981,0.003683
69.482414,0.003704
69.682990,0.003725
69.884702,0.003746
70.087535,0.003767
70.291484,0.003788
70.496545,0.003808
70.702703,0.003828
70.909954,0.003848
71.118294,0.003868
71.327706,0.003888
71.538189,0.003908
71.749738,0.003928
71.962345,0.003947
72.176001,0.003966
72.390699,0.003986
72.606437,0.004005
72.823211,0.004024
73.041008,0.004043
73.259827,0.004062
73.479662,0.004081
73.700512,0.004099
73.922369,0.004118
74.145227,0.004136
74.369078,0.004155
74.593920,0.004173
74.819748,0.004191
75.046565,0.004210
75.274357,0.004228
75.503124,0.004245
75.732844,0.004263
75.963478,0.004280
76.195027,0.004297
76.427486,0.004313
76.660853,0.004330
76.895119,0.004347
77.130286,0.004363
77.366352,0.004380
77.603312,0.004396
77.841164,0.004413
78.079902,0.004429
78.319530,0.004446
78.560043,0.004462
78.801436,0.004479
79.043710,0.004495
79.286864,0.004511
79.530895,0.004528
79.775801,0.004544
80.021572,0.004560
80.268215,0.004576
80.515725,0.004592
80.764106,0.004608
81.013345,0.004624
81.263448,0.004639
81.514411,0.004656
81.766233,0.004671
82.018914,0.004688
82.272449,0.004703
82.526838,0.004719
82.782082,0.004735
83.038164,0.004750
83.295061,0.004765
83.552766,0.004780
83.811282,0.004795
84.070603,0.004810
84.330733,0.004825
84.591671,0.004840
84.853413,0.004855
85.115960,0.004870
85.379309,0.004885
85.643464,0.004899
85.908416,0.004914
86.174172,0.004929
86.440729,0.004943
86.708084,0.004958
86.976238,0.004974
87.245191,0.004989
87.514942,0.005003
87.785492,0.005018
88.056839,0.005033
88.328980,0.005047
88.601915,0.005062
88.875646,0.005076
89.150176,0.005091
89.425495,0.005106
89.701613,0.005121
89.978523,0.005135
90.256226,0.005150
90.534724,0.005165
90.814010,0.005179
91.094094,0.005194
91.374962,0.005209
91.656598,0.005223
91.938990,0.005237
92.222143,0.005251
92.506055,0.005265
92.790727,0.005279
93.076158,0.005293
93.362347,0.005307
93.649294,0.005321
93.937001,0.005335
94.225461,0.005349
94.514683,0.005363
94.804666,0.005377
95.095409,0.005391
95.386909,0.005405
95.679168,0.005419
95.972185,0.005433
96.265961,0.005447
96.560494,0.005461
96.855785,0.005475
97.151837,0.005489
97.448649,0.005504
97.746221,0.005518
98.044553,0.005532
98.343643,0.005546
98.643493,0.005560
98.944101,0.005574
99.245472,0.005588
99.547602,0.005602
99.850486,0.005616
100.154135,0.005631
100.458547,0.005644
100.763713,0.005659
101.069630,0.005672
101.376287,0.005685
101.683674,0.005699
101.991796,0.005713
102.300653,0.005727
102.610245,0.005740
102.920572,0.005754
103.231632,0.005767
103.543430,0.005781
103.855964,0.005795
104.169235,0.005808
104.483243,0.005822
104.797983,0.005835
105.113462,0.005849
105.429679,0.005863
105.746635,0.005876
106.064331,0.005890
106.382763,0.005904
106.701936,0.005918
107.021852,0.005931
107.342507,0.005945
107.663903,0.005958
107.986041,0.005972
108.308920,0.005986
108.632541,0.006000
108.956902,0.006014
109.282005,0.006027
109.607853,0.006041
109.934447,0.006055
110.261783,0.006069
110.589862,0.006082
110.918686,0.006097
111.248255,0.006110
111.578553,0.006123
111.909576,0.006137
112.241321,0.006150
112.573791,0.006164
112.906981,0.006177
113.240894,0.006190
113.575533,0.006204
113.910899,0.006217
114.246986,0.006231
114.583797,0.006244
114.921337,0.006258
115.259607,0.006271
115.598600,0.006285
115.938319,0.006298
116.278763,0.006311
116.619937,0.006325
116.961844,0.006338
117.304479,0.006352
117.647842,0.006365
117.991939,0.006379
118.336764,0.006392
118.682320,0.006406
119.028611,0.006420
119.375636,0.006434
119.723395,0.006447
120.009349,0.000370
120.030485,0.000415
120.054300,0.000470
120.081338,0.000535
120.112255,0.000614
120.147831,0.000708
120.188988,0.000821
120.236745,0.000954
120.292179,0.001106
120.356366,0.001278
120.430320,0.001468
120.514983,0.001675
120.611277,0.001898
120.720158,0.002141
120.842688,0.002405
120.980107,0.002694
121.133877,0.003012
121.305744,0.003366
121.497795,0.003762
121.712543,0.004209
121.953084,0.004721
122.223262,0.005312
122.527976,0.006006
122.873595,0.006835
123.244977,0.006911
123.620083,0.006979
123.998534,0.007041
124.380622,0.007114
124.766308,0.007173
125.155373,0.007240
125.548242,0.007310
125.944539,0.007370
126.344288,0.007437
126.747809,0.007508
127.154827,0.007568
127.565218,0.007633
127.979228,0.007703
128.396963,0.007767
128.818018,0.007829
129.242490,0.007894
129.670549,0.007962
130.102289,0.008027
130.537346,0.008088
130.975749,0.008151
131.417622,0.008216
131.863080,0.008284
132.312061,0.008345
132.764283,0.008406
133.219823,0.008468
133.678766,0.008531
134.141186,0.008597
134.607116,0.008659
135.076284,0.008719
135.548672,0.008779
136.024334,0.008840
136.503328,0.008902
136.985700,0.008965
137.471483,0.009027
137.960464,0.009084
138.452574,0.009143
138.947859,0.009202
139.446337,0.009261
139.948049,0.009322
140.453011,0.009382
140.961250,0.009443
141.472643,0.009499
141.987063,0.009555
142.504525,0.009612
143.025052,0.009668
143.548655,0.009726
144.075345,0.009783
144.605127,0.009840
145.138018,0.009898
145.673999,0.009953
146.212911,0.010007
146.754725,0.010061
147.299443,0.010115
147.847069,0.010168
148.397602,0.010223
148.951043,0.010276
149.507384,0.010330
150.066629,0.010384
150.628769,0.010437
151.193797,0.010491
151.761668,0.010542
152.332268,0.010592
152.905580,0.010643
153.481604,0.010693
154.060335,0.010743
154.641760,0.010792
155.225871,0.010842
155.812660,0.010892
156.402110,0.010941
156.994208,0.010989
157.588946,0.011038
158.186311,0.011087
158.786287,0.011136
159.388863,0.011183
159.993993,0.011230
160.601606,0.011275
161.211685,0.011321
161.824207,0.011366
162.439168,0.011411
163.056550,0.011456
163.676337,0.011500
164.298513,0.011544
164.923069,0.011588
165.549982,0.011632
166.179242,0.011675
166.810827,0.011718
167.444726,0.011760
168.080918,0.011803
168.719388,0.011845
169.360119,0.011887
170.003095,0.011928
170.648297,0.011969
171.295704,0.012010
171.945305,0.012050
172.597083,0.012090
173.251010,0.012130
173.907073,0.012169
174.565222,0.012207
175.225437,0.012246
175.887706,0.012283
176.552013,0.012321
177.218341,0.012359
177.886672,0.012395
178.556989,0.012432
179.229276,0.012469
179.903520,0.012504
180.032343,0.000502
180.061438,0.000579
180.095170,0.000675
180.134572,0.000790
180.180851,0.000930
180.235291,0.001093
180.299171,0.001280
180.373601,0.001484
180.459450,0.001702
180.557358,0.001930
180.667817,0.002166
180.791283,0.002412
180.928256,0.002667
181.079276,0.002933
181.244959,0.003210
181.425983,0.003501
181.623086,0.003807
181.837066,0.004127
182.068808,0.004465
182.319279,0.004821
182.589534,0.005198
182.880726,0.005598
183.194137,0.006022
183.531173,0.006474
183.893401,0.006957
184.282579,0.007473
184.700671,0.008029
185.149885,0.008628
185.632731,0.009276
186.152081,0.009982
186.711222,0.010753
187.313979,0.011601
187.964813,0.012538
188.659032,0.012953
189.359567,0.012993
190.062226,0.013033
190.767124,0.013076
191.474434,0.013122
192.184346,0.013172
192.896858,0.013219
193.612008,0.013269
194.329988,0.013323
195.050963,0.013379
195.774832,0.013432
196.501688,0.013490
197.231720,0.013550
197.964988,0.013608
198.701360,0.013667
199.440987,0.013728
200.184030,0.013793
200.930413,0.013852
201.680080,0.013915
202.433172,0.013979
203.189826,0.014045
203.949889,0.014107
204.713355,0.014171
205.480342,0.014237
206.250964,0.014305
207.025068,0.014367
207.802621,0.014432
208.583732,0.014499
209.368496,0.014568
210.156816,0.014631
210.948595,0.014696
211.743916,0.014762
212.542868,0.014830
213.345446,0.014895
214.151467,0.014959
214.960985,0.015025
215.774076,0.015092
216.590802,0.015158
217.410994,0.015220
218.234611,0.015285
219.061721,0.015350
219.892385,0.015417
220.726575,0.015480
221.564116,0.015542
222.405047,0.015605
223.249422,0.015669
224.097289,0.015734
224.948527,0.015794
225.803044,0.015856
226.660878,0.015918
227.522073,0.015980
228.386654,0.016042
229.254449,0.016100
230.125432,0.016160
230.999638,0.016220
231.877101,0.016280
232.757808,0.016338
233.641580,0.016395
234.528435,0.016453
235.418394,0.016510
236.311491,0.016568
237.207654,0.016623
238.106748,0.016678
239.008790,0.016732
239.913815,0.016788
240.032245,0.000152
240.040643,0.000159
240.049401,0.000166
240.058541,0.000173
240.068085,0.000180
240.078052,0.000189
240.088474,0.000198
240.099376,0.000207
240.110783,0.000216
240.122724,0.000226
240.135225,0.000237
240.148319,0.000248
240.162031,0.000260
240.176400,0.000272
240.191443,0.000285
240.207190,0.000299
240.223666,0.000312
240.240899,0.000326
240.258915,0.000341
240.277733,0.000356
240.297369,0.000371
240.317843,0.000387
240.339171,0.000403
240.361363,0.000419
240.384429,0.000435
240.408374,0.000452
240.433208,0.000468
240.458931,0.000485
240.485548,0.000502
240.513060,0.000518
240.541468,0.000534
240.570771,0.000551
240.600974,0.000568
240.632075,0.000584
240.664071,0.000601
240.696962,0.000618
240.730747,0.000634
240.765427,0.000651
240.801005,0.000667
240.837483,0.000684
240.874852,0.000700
240.913112,0.000717
240.952265,0.000733
240.992314,0.000750
241.033263,0.000767
241.075107,0.000784
241.117850,0.000800
241.161487,0.000816
241.206027,0.000833
241.251466,0.000850
241.297801,0.000867
241.345039,0.000883
241.393181,0.000900
241.442225,0.000917
241.492175,0.000934
241.543033,0.000951
241.594796,0.000967
241.647460,0.000984
241.701040,0.001001
241.755529,0.001018
241.810930,0.001035
241.867240,0.001051
241.924466,0.001068
241.982607,0.001085
242.041656,0.001102
242.101628,0.001119
242.162517,0.001136
242.224321,0.001153
242.287050,0.001170
242.350694,0.001187
242.415261,0.001205
242.480752,0.001222
242.547171,0.001239
242.614512,0.001256
242.682777,0.001273
242.751971,0.001290
242.822097,0.001307
242.893150,0.001324
242.965132,0.001342
243.038047,0.001359
243.111895,0.001376
243.186675,0.001394
243.262391,0.001411
243.339047,0.001428
243.416638,0.001446
243.495163,0.001463
243.574625,0.001480
243.655034,0.001498
243.736379,0.001515
243.818670,0.001533
243.901900,0.001550
243.986082,0.001568
244.071206,0.001585
244.157276,0.001603
244.244291,0.001620
244.332258,0.001638
244.421171,0.001656
244.511035,0.001673
244.601846,0.001691
244.693614,0.001708
244.786336,0.001726
244.880011,0.001744
244.974639,0.001762
245.070227,0.001779
245.166770,0.001797
245.264270,0.001815
245.362730,0.001832
245.462147,0.001850
245.562523,0.001868
245.663850,0.001886
245.766115,0.001903
245.869311,0.001920
245.973439,0.001937
246.078499,0.001955
246.184499,0.001971
246.291426,0.001989
246.399289,0.002006
246.508089,0.002024
246.617831,0.002041
246.728509,0.002058
246.840127,0.002076
246.952687,0.002093
247.066185,0.002111
247.180627,0.002128
247.296007,0.002146
247.412330,0.002163
247.529602,0.002181
247.647817,0.002198
247.766979,0.002216
247.887087,0.002233
248.008136,0.002251
248.130138,0.002268
248.253087,0.002286
248.376982,0.002303
248.501824,0.002321
248.627624,0.002339
248.754375,0.002356
248.882075,0.002374
249.010728,0.002392
249.140334,0.002409
249.270893,0.002427
249.402411,0.002445
249.534879,0.002462
249.668301,0.002480
249.802682,0.002498
249.938025,0.002515
250.074324,0.002533
250.211576,0.002551
250.349790,0.002568
250.488962,0.002586
250.629094,0.002604
250.770187,0.002622
250.912240,0.002640
251.055256,0.002657
251.199230,0.002675
251.344168,0.002693
251.490073,0.002711
251.636936,0.002729
251.784767,0.002747
251.933565,0.002765
252.083329,0.002783
252.234057,0.002800
252.385755,0.002818
252.538412,0.002836
252.692042,0.002854
252.846641,0.002872
253.002209,0.002890
253.158747,0.002908
253.316249,0.002926
253.474725,0.002944
253.634169,0.002962
253.794588,0.002980
253.955980,0.002998
254.118337,0.003016
254.281667,0.003034
254.445969,0.003052
254.611244,0.003070
254.777491,0.003088
254.944715,0.003106
255.112913,0.003124
255.282086,0.003142
255.452232,0.003160
255.623355,0.003178
255.795449,0.003196
255.968523,0.003215
256.142575,0.003232
256.317600,0.003250
256.493601,0.003269
256.670574,0.003286
256.848504,0.003304
257.027375,0.003321
257.207193,0.003339
257.387953,0.003356
257.569660,0.003374
257.752310,0.003391
257.935912,0.003409
258.120457,0.003426
258.305950,0.003444
258.492388,0.003461
258.679771,0.003479
258.868107,0.003496
259.057391,0.003514
259.247617,0.003532
259.438794,0.003549
259.630923,0.003567
259.823995,0.003584
260.018016,0.003602
260.212992,0.003620
260.408915,0.003637
260.605783,0.003655
260.803606,0.003672
261.002379,0.003690
261.202099,0.003707
261.402764,0.003725
261.604383,0.003743
261.806957,0.003760
262.010476,0.003778
262.214946,0.003795
262.420372,0.003813
262.626742,0.003831
262.834068,0.003848
263.042343,0.003866
263.251568,0.003884
263.461748,0.003901
263.672876,0.003919
263.884959,0.003936
264.097991,0.003954
264.311972,0.003971
264.526903,0.003989
264.742791,0.004007
264.959631,0.004025
265.177423,0.004042
265.396171,0.004060
265.615863,0.004077
265.836510,0.004095
266.058108,0.004113
266.280664,0.004130
266.504166,0.004148
266.728625,0.004165
266.954034,0.004183
267.180391,0.004201
267.407682,0.004218
267.635895,0.004235
267.865028,0.004252
268.095080,0.004269
268.326048,0.004286
268.557938,0.004303
268.790749,0.004320
269.024475,0.004337
269.259123,0.004354
269.494686,0.004371
269.731172,0.004388
269.968576,0.004405
270.206900,0.004422
270.446139,0.004439
270.686299,0.004456
270.927379,0.004473
271.169379,0.004490
271.412298,0.004507
271.656136,0.004524
271.900888,0.004541
272.146564,0.004559
272.393156,0.004575
272.640670,0.004592
272.889098,0.004609
273.138449,0.004626
273.388716,0.004643
273.639907,0.004661
273.892014,0.004677
274.145038,0.004695
274.398983,0.004711
274.653845,0.004728
274.909626,0.004745
275.166322,0.004763
275.423942,0.004779
275.682475,0.004796
275.941927,0.004813
276.202298,0.004830
276.463585,0.004847
276.725788,0.004865
276.988908,0.004881
277.252949,0.004898
277.517895,0.004915
277.783729,0.004931
278.050448,0.004948
278.318050,0.004964
278.586537,0.004980
278.855907,0.004997
279.126159,0.005013
279.397296,0.005030
279.669318,0.005046
279.942226,0.005062
280.216018,0.005079
280.490690,0.005095
280.766244,0.005111
281.042684,0.005128
281.320004,0.005144
281.598206,0.005160
281.877293,0.005177
282.157264,0.005193
282.438114,0.005209
282.719849,0.005226
283.002465,0.005242
283.285967,0.005258
283.570346,0.005274
283.855611,0.005291
284.141755,0.005307
284.428780,0.005324
284.716691,0.005340
285.005481,0.005356
285.295152,0.005373
285.585705,0.005389
285.877144,0.005405
286.169460,0.005422
286.462657,0.005438
286.756742,0.005454
287.051699,0.005470
287.347532,0.005487
287.644219,0.005502
287.941755,0.005518
288.240136,0.005534
288.539367,0.005549
288.839444,0.005565
289.140372,0.005581
289.442146,0.005596
289.744768,0.005612
290.048242,0.005628
290.352559,0.005644
290.657721,0.005659
290.963731,0.005675
291.270584,0.005690
291.578287,0.005706
291.886832,0.005722
292.196227,0.005737
292.506469,0.005753
292.817556,0.005769
293.129491,0.005785
293.442273,0.005800
293.755902,0.005816
294.070375,0.005832
294.385691,0.005847
294.701855,0.005863
295.018866,0.005878
295.336724,0.005894
295.655424,0.005910
295.974967,0.005925
296.295360,0.005941
296.616592,0.005957
296.938669,0.005972
297.261567,0.005987
297.585286,0.006003
297.909816,0.006017
298.235156,0.006032
298.561306,0.006048
298.888269,0.006063
299.216049,0.006077
299.544638,0.006092
299.874040,0.006108
300.011883,0.000186
300.022213,0.000197
300.033142,0.000209
300.044728,0.000222
300.057022,0.000235
300.070094,0.000250
300.084009,0.000266
300.098847,0.000284
300.114679,0.000303
300.131597,0.000324
300.149694,0.000347
300.169056,0.000371
300.189788,0.000397
300.211984,0.000425
300.235741,0.000455
300.261152,0.000487
300.288302,0.000520
300.317283,0.000555
300.348163,0.000590
300.381015,0.000627
300.415900,0.000665
300.452864,0.000705
300.491965,0.000744
300.533246,0.000785
300.576748,0.000826
300.622503,0.000869
300.670558,0.000912
300.720947,0.000956
300.773717,0.001000
300.828908,0.001045
300.886569,0.001091
300.946746,0.001139
301.009489,0.001187
301.074852,0.001236
301.142890,0.001286
301.213660,0.001336
301.287220,0.001389
301.363634,0.001443
301.442966,0.001497
301.525284,0.001553
301.610649,0.001610
301.699148,0.001669
301.790847,0.001729
301.885822,0.001791
301.984171,0.001854
302.085962,0.001918
302.191286,0.001985
302.300242,0.002052
302.412913,0.002122
302.529407,0.002194
302.649828,0.002268
302.774283,0.002343
302.902883,0.002422
303.035749,0.002501
303.172999,0.002584
303.314770,0.002669
303.461185,0.002756
303.612392,0.002846
303.768534,0.002939
303.929772,0.003035
304.096267,0.003134
304.268192,0.003236
304.445722,0.003341
304.629049,0.003451
304.818368,0.003564
305.013892,0.003681
305.215840,0.003802
305.424447,0.003928
305.639965,0.004058
305.862649,0.004193
306.092780,0.004334
306.330649,0.004480
306.576571,0.004632
306.830879,0.004791
307.093933,0.004956
307.366098,0.005129
307.647792,0.005309
307.939447,0.005498
308.241522,0.005696
308.554520,0.005903
308.878978,0.006120
309.215479,0.006349
309.564647,0.006590
309.927168,0.006844
310.303783,0.007112
310.695288,0.007396
311.102575,0.007697
311.526606,0.008017
311.968421,0.008356
312.429075,0.008716
312.907274,0.008928
313.391714,0.009017
313.881082,0.009108
314.375000,0.009188
314.873371,0.009273
315.376426,0.009361
315.884235,0.009444
316.396342,0.009525
316.912880,0.009609
317.434055,0.009697
317.959699,0.009773
318.489533,0.009852
319.023723,0.009935
319.562437,0.010018
320.105381,0.010092
320.652416,0.010170
321.203695,0.010250
321.759349,0.010330
322.319051,0.010402
322.882722,0.010477
323.450501,0.010554
324.022495,0.010631
324.598392,0.010700
325.178118,0.010773
325.761789,0.010847
326.349502,0.010921
326.941001,0.010988
327.536174,0.011057
328.135124,0.011128
328.737943,0.011200
329.344454,0.011264
329.954480,0.011330
330.568101,0.011398
331.185400,0.011467
331.806316,0.011530
332.430587,0.011592
333.058276,0.011657
333.689455,0.011722
334.324142,0.011784
334.962062,0.011844
335.603223,0.011904
336.247692,0.011966
336.895518,0.012028
337.546501,0.012084
338.200546,0.012141
338.857720,0.012200
339.518071,0.012259
340.181531,0.012314
340.847893,0.012368
341.517202,0.012423
342.189509,0.012479
342.864828,0.012533
343.542946,0.012584
344.223838,0.012636
344.907551,0.012688
345.594123,0.012741
346.283447,0.012790
346.975385,0.012839
347.669976,0.012888
348.367254,0.012938
349.067216,0.012986
349.769679,0.013032
350.474627,0.013078
351.182102,0.013125
351.892128,0.013173
352.604606,0.013216
353.319419,0.013260
354.036595,0.013304
354.756166,0.013349
355.478129,0.013391
356.202317,0.013432
356.928721,0.013473
357.657367,0.013515
358.388279,0.013557
359.121369,0.013596
359.856538,0.013634
360.056342,0.001112
360.125607,0.001482
360.218379,0.001986
360.341549,0.002601
360.499420,0.003261
360.693051,0.003921
360.922023,0.004570
361.185807,0.005210
361.483992,0.005844
361.816208,0.006471
362.182053,0.007089
362.581091,0.007700
363.012833,0.008300
363.476729,0.008891
363.972192,0.009469
364.498580,0.010035
365.055135,0.010581
365.640218,0.011096
366.252777,0.011598
366.892039,0.012085
367.557202,0.012557
368.247446,0.013014
368.961930,0.013455
369.699809,0.013880
370.458601,0.014136
371.222829,0.014169
371.988821,0.014201
372.756459,0.014231
373.525720,0.014261
374.296618,0.014292
375.069164,0.014322
375.843301,0.014350
376.618944,0.014378
377.396107,0.014406
378.174807,0.014435
378.955026,0.014462
379.736659,0.014488
380.519697,0.014514
381.304148,0.014541
382.090021,0.014566
382.877230,0.014590
383.665732,0.014614
384.455532,0.014638
385.246638,0.014663
386.039016,0.014685
386.832579,0.014707
387.627327,0.014729
388.423267,0.014751
389.220384,0.014772
390.018601,0.014792
390.817895,0.014812
391.618267,0.014832
392.419716,0.014852
393.222193,0.014870
394.025644,0.014888
394.830069,0.014906
395.635468,0.014924
396.441816,0.014941
397.249050,0.014957
398.057156,0.014973
398.866133,0.014989
399.675979,0.015005
400.486634,0.015019
401.298069,0.015034
402.110287,0.015049
402.923282,0.015063
403.737012,0.015076
404.551442,0.015088
405.366565,0.015102
406.182386,0.015114
406.998870,0.015126
407.815974,0.015137
408.633697,0.015149
409.452039,0.015160
410.270965,0.015170
411.090441,0.015181
411.910470,0.015191
412.731047,0.015201
413.552124,0.015210
414.373695,0.015219
415.195759,0.015228
416.018296,0.015236
416.841267,0.015244
417.664670,0.015253
418.488509,0.015260
419.312738,0.015267
420.026589,0.000301
420.043217,0.000321
420.061309,0.000350
420.081075,0.000383
420.102721,0.000420
420.126474,0.000461
420.152580,0.000508
420.181301,0.000558
420.212897,0.000613
420.247614,0.000674
420.285685,0.000738
420.327305,0.000806
420.372643,0.000876
420.421821,0.000948
420.474930,0.001021
420.532039,0.001096
420.593202,0.001171
420.658457,0.001247
420.727846,0.001324
420.801412,0.001402
420.879190,0.001480
420.961245,0.001560
421.047615,0.001641
421.138361,0.001722
421.233540,0.001805
421.333206,0.001888
421.437426,0.001973
421.546262,0.002059
421.659781,0.002147
421.778050,0.002236
421.901135,0.002325
422.029117,0.002417
422.162065,0.002509
422.300050,0.002603
422.443152,0.002699
422.591452,0.002796
422.745026,0.002894
422.903960,0.002994
423.068343,0.003096
423.238256,0.003199
423.413789,0.003304
423.595041,0.003411
423.782099,0.003520
423.975064,0.003629
424.174029,0.003742
424.379103,0.003856
424.590386,0.003972
424.807989,0.004090
425.032024,0.004210
425.262599,0.004332
425.499829,0.004457
425.743843,0.004583
425.994755,0.004712
426.252693,0.004844
426.517790,0.004978
426.790181,0.005114
427.070002,0.005252
427.357316,0.005391
427.652179,0.005533
427.954731,0.005676
428.265119,0.005823
428.583508,0.005973
428.910056,0.006125
429.244929,0.006281
429.588297,0.006440
429.940329,0.006602
430.301212,0.006767
430.671129,0.006937
431.050284,0.007110
431.438871,0.007286
431.837098,0.007467
432.245180,0.007652
432.663339,0.007840
433.091806,0.008033
433.530817,0.008231
433.980620,0.008433
434.441470,0.008640
434.913637,0.008852
435.397394,0.009070
435.893033,0.009292
436.400846,0.009521
436.921147,0.009755
437.454260,0.009995
438.000514,0.010242
438.560264,0.010495
439.133879,0.010756
439.721736,0.011023
440.324231,0.011298
440.941785,0.011581
441.574827,0.011872
442.223818,0.012172
442.889227,0.012481
443.571559,0.012799
444.271340,0.013127
444.989116,0.013465
445.725459,0.013815
446.480984,0.014176
447.256331,0.014549
448.052175,0.014936
448.869227,0.015335
449.699315,0.015375
450.529587,0.015376
451.359932,0.015377
452.190349,0.015379
453.020851,0.015381
453.851450,0.015382
454.682149,0.015384
455.512957,0.015387
456.343885,0.015389
457.174936,0.015391
458.006120,0.015394
458.837441,0.015396
459.668912,0.015399
460.500538,0.015402
461.332328,0.015405
462.164286,0.015408
462.996420,0.015411
463.828737,0.015415
464.661239,0.015418
465.493940,0.015422
466.326844,0.015426
467.159959,0.015430
467.993290,0.015434
468.826846,0.015438
469.660634,0.015443
470.494666,0.015447
471.328943,0.015452
472.163479,0.015457
472.998277,0.015462
473.833345,0.015467
474.668695,0.015472
475.504333,0.015478
476.340271,0.015483
477.176517,0.015489
478.013080,0.015495
478.849970,0.015501
479.687198,0.015507
480.029433,0.000218
480.041578,0.000232
480.054497,0.000247
480.068256,0.000263
480.082926,0.000281
480.098595,0.000300
480.115344,0.000321
480.133268,0.000344
480.152457,0.000368
480.173001,0.000394
480.195000,0.000422
480.218550,0.000451
480.243731,0.000482
480.270620,0.000514
480.299296,0.000549
480.329822,0.000583
480.362243,0.000618
480.396604,0.000655
480.432928,0.000691
480.471250,0.000728
480.511580,0.000766
480.553927,0.000803
480.598298,0.000841
480.644702,0.000879
480.693147,0.000916
480.743642,0.000955
480.796194,0.000993
480.850805,0.001031
480.907485,0.001069
480.966245,0.001108
481.027094,0.001147
481.090044,0.001185
481.155096,0.001225
481.222270,0.001264
481.291569,0.001304
481.363012,0.001343
481.436613,0.001383
481.512379,0.001423
481.590317,0.001464
481.670446,0.001505
481.752782,0.001546
481.837334,0.001587
481.924108,0.001628
482.013129,0.001669
482.104400,0.001711
482.197933,0.001753
482.293748,0.001796
482.391854,0.001838
482.492266,0.001881
482.594990,0.001924
482.700045,0.001968
482.807448,0.002011
482.917208,0.002055
483.029335,0.002099
483.143846,0.002143
483.260750,0.002188
483.380068,0.002233
483.501807,0.002278
483.625987,0.002322
483.752614,0.002368
483.881705,0.002414
484.013271,0.002460
484.147330,0.002506
484.283891,0.002553
484.422970,0.002600
484.564580,0.002647
484.708739,0.002693
484.855454,0.002741
485.004741,0.002789
485.156614,0.002837
485.311084,0.002885
485.468170,0.002934
485.627884,0.002982
485.790234,0.003031
485.955236,0.003081
486.122907,0.003130
486.293210,0.003178
486.466127,0.003227
486.641675,0.003276
486.819860,0.003325
487.000696,0.003374
487.184200,0.003423
487.370379,0.003473
487.559250,0.003523
487.750821,0.003573
487.945110,0.003623
488.142122,0.003674
488.341883,0.003725
488.544391,0.003776
488.749664,0.003828
488.957716,0.003879
489.168557,0.003931
489.382197,0.003983
489.598652,0.004035
489.817934,0.004087
490.040050,0.004140
490.265013,0.004193
490.492836,0.004246
490.723542,0.004299
490.957125,0.004353
491.193602,0.004406
491.432982,0.004461
491.675284,0.004515
491.920514,0.004569
492.168688,0.004624
492.419815,0.004678
492.673904,0.004733
492.930962,0.004789
493.191001,0.004844
493.454037,0.004899
493.720078,0.004955
493.989132,0.005011
494.261211,0.005067
494.536330,0.005123
494.814487,0.005180
495.095702,0.005236
495.379984,0.005294
495.667338,0.005350
495.957771,0.005407
496.251299,0.005465
496.547926,0.005523
496.847666,0.005581
497.150532,0.005638
497.456515,0.005696
497.765640,0.005754
498.077915,0.005813
498.393341,0.005871
498.711910,0.005929
499.033569,0.005986
499.358302,0.006043
499.686124,0.006100
500.017045,0.006157
500.351062,0.006215
500.688189,0.006272
501.028429,0.006330
501.371788,0.006388
501.718278,0.006446
502.067900,0.006504
502.420662,0.006562
502.776569,0.006620
503.135624,0.006679
503.497837,0.006737
503.863207,0.006796
504.231745,0.006855
504.603455,0.006913
504.978336,0.006972
505.356400,0.007031
505.737650,0.007090
506.122087,0.007149
506.509717,0.007208
506.900545,0.007268
507.294571,0.007327
507.691802,0.007386
508.092243,0.007446
508.495899,0.007505
508.902765,0.007565
509.312853,0.007625
509.726159,0.007684
510.142682,0.007743
510.562345,0.007801
510.985129,0.007859
511.411035,0.007917
511.840067,0.007974
512.272223,0.008033
512.707506,0.008090
513.145916,0.008148
513.587453,0.008206
514.032121,0.008264
514.479919,0.008322
514.930847,0.008380
515.384910,0.008438
515.842104,0.008496
516.302430,0.008554
516.765893,0.008612
517.232486,0.008670
517.702211,0.008728
518.175075,0.008786
518.651070,0.008844
519.130196,0.008902
519.612456,0.008961
520.097844,0.009018
520.586354,0.009075
521.077906,0.009132
521.572479,0.009187
522.070057,0.009243
522.570647,0.009299
523.074245,0.009354
523.580853,0.009410
524.090468,0.009465
524.603087,0.009522
525.118710,0.009577
525.637329,0.009632
526.158949,0.009688
526.683564,0.009744
527.211171,0.009799
527.741775,0.009854
528.275365,0.009909
528.811940,0.009965
529.351500,0.010020
529.894044,0.010075
530.439521,0.010128
530.987862,0.010181
531.539063,0.010234
532.093111,0.010287
532.650004,0.010340
533.209747,0.010393
533.772334,0.010445
534.337758,0.010497
534.906015,0.010550
535.477104,0.010602
536.051025,0.010655
536.627773,0.010707
537.207340,0.010759
537.789728,0.010811
538.374924,0.010864
538.962936,0.010915
539.553684,0.010965
540.016108,0.000475
540.043655,0.000549
540.075662,0.000641
540.113236,0.000756
540.157712,0.000898
540.210659,0.001071
540.273773,0.001275
540.348699,0.001509
540.436899,0.001766
540.539589,0.002045
540.657829,0.002343
540.792667,0.002660
540.945265,0.003002
541.116966,0.003369
541.309319,0.003768
541.524119,0.004202
541.763440,0.004678
542.029682,0.005201
542.325657,0.005782
542.654684,0.006428
543.020703,0.007156
543.428489,0.007981
543.883857,0.008924
544.394055,0.010020
544.968273,0.011308
545.618456,0.012851
546.336238,0.013480
547.070283,0.013719
547.817939,0.013965
548.578340,0.014209
549.351670,0.014432
550.137187,0.014669
550.934658,0.014874
551.743766,0.015094
552.563946,0.015290
553.395086,0.015493
554.236517,0.015677
555.088170,0.015866
555.949375,0.016036
556.820023,0.016212
557.699543,0.016368
558.587712,0.016531
559.484108,0.016673
560.388374,0.016822
561.300252,0.016953
562.219261,0.017088
563.145267,0.017208
564.077716,0.017330
565.016552,0.017440
565.961203,0.017549
566.911641,0.017650
567.867310,0.017748
568.828187,0.017839
569.793029,0.017885
570.759625,0.017915
571.727807,0.017944
572.697546,0.017973
573.668813,0.018000
574.641579,0.018028
575.615816,0.018055
576.591487,0.018081
577.568560,0.018107
578.547007,0.018132
579.526789,0.018156
580.507880,0.018180
581.490235,0.018203
582.473826,0.018226
583.458614,0.018248
584.444568,0.018269
585.431649,0.018290
586.419827,0.018310
587.409059,0.018329
588.399312,0.018347
589.390548,0.018365
590.382738,0.018383
591.375844,0.018399
592.369831,0.018415
593.364665,0.018431
594.360314,0.018445
595.356743,0.018460
596.353922,0.018473
597.351819,0.018486
598.350403,0.018499
599.349643,0.018511
600.033119,0.000330
600.051714,0.000360
600.072093,0.000396
600.094488,0.000435
600.119152,0.000480
600.146350,0.000529
600.176371,0.000584
600.209473,0.000644
600.245916,0.000708
600.285923,0.000775
600.329668,0.000846
600.377285,0.000919
600.428853,0.000992
600.484407,0.001066
600.543951,0.001140
600.607486,0.001214
600.674993,0.001288
600.746457,0.001361
600.821860,0.001433
600.901191,0.001506
600.984435,0.001578
601.071575,0.001651
601.162616,0.001723
601.257547,0.001794
601.356362,0.001866
601.459056,0.001938
601.565630,0.002010
601.676078,0.002082
601.790392,0.002153
601.908572,0.002225
602.030615,0.002296
602.156514,0.002368
602.286268,0.002440
602.419871,0.002511
602.557323,0.002582
602.698619,0.002653
602.843751,0.002724
602.992721,0.002795
603.145521,0.002865
603.302145,0.002936
603.462590,0.003007
603.626858,0.003078
603.794943,0.003148
603.966835,0.003219
604.142528,0.003290
604.322021,0.003360
604.505310,0.003430
604.692392,0.003500
604.883258,0.003570
605.077898,0.003640
605.276312,0.003710
605.478419,0.003777
605.684157,0.003844
605.893516,0.003911
606.106491,0.003978
606.323074,0.004045
606.543260,0.004111
606.767046,0.004178
606.994420,0.004245
607.225387,0.004311
607.459926,0.004377
607.698044,0.004443
607.939728,0.004509
608.184973,0.004575
608.433771,0.004641
608.686112,0.004706
608.941993,0.004772
609.201408,0.004838
609.464356,0.004903
609.730821,0.004968
610.000801,0.005033
610.274286,0.005098
610.551269,0.005162
610.831741,0.005227
611.115693,0.005291
611.403121,0.005356
611.694018,0.005420
611.988379,0.005484
612.286190,0.005548
612.587438,0.005611
612.892126,0.005675
613.200241,0.005738
613.511775,0.005802
613.826723,0.005865
614.145078,0.005927
614.466825,0.005990
614.791961,0.006053
615.120462,0.006114
615.452230,0.006175
615.787228,0.006234
616.125453,0.006294
616.466893,0.006353
616.811538,0.006413
617.159385,0.006472
617.510425,0.006531
617.864642,0.006589
618.222036,0.006648
618.582591,0.006707
618.946310,0.006765
619.313178,0.006824
619.683184,0.006881
620.056327,0.006939
620.432589,0.006997
620.811971,0.007055
621.194466,0.007112
621.580063,0.007170
621.968751,0.007227
622.360523,0.007284
622.755364,0.007341
623.153275,0.007397
623.554240,0.007454
623.958260,0.007510
624.365263,0.007565
624.775180,0.007618
625.187993,0.007672
625.603702,0.007725
626.022290,0.007779
626.443754,0.007832
626.868090,0.007885
627.295281,0.007938
627.725330,0.007991
628.158229,0.008044
628.593961,0.008096
629.032521,0.008148
629.473907,0.008200
629.918107,0.008252
630.365116,0.008305
630.814926,0.008356
631.267533,0.008408
631.722921,0.008459
632.181083,0.008511
632.642006,0.008561
633.105590,0.008610
633.571811,0.008658
634.040659,0.008707
634.512118,0.008755
634.986194,0.008804
635.462877,0.008852
635.942165,0.008900
636.424046,0.008948
636.908515,0.008996
637.395568,0.009044
637.885201,0.009091
638.377401,0.009139
638.872162,0.009186
639.369474,0.009234
639.869337,0.009281
640.371744,0.009328
640.876657,0.009373
641.383983,0.009418
641.893719,0.009462
642.405858,0.009507
642.920396,0.009551
643.437329,0.009595
643.956648,0.009640
644.478347,0.009683
645.002420,0.009728
645.528862,0.009771
646.057672,0.009815
646.588840,0.009859
647.122359,0.009902
647.658229,0.009946
648.196443,0.009989
648.736951,0.010030
649.279683,0.010072
649.824630,0.010112
650.371792,0.010153
650.921163,0.010195
651.472735,0.010235
652.026514,0.010276
652.582487,0.010316
653.140648,0.010357
653.700997,0.010398
654.263527,0.010438
654.828238,0.010478
655.395121,0.010518
655.964168,0.010558
656.535300,0.010596
657.108493,0.010634
657.683732,0.010672
658.261023,0.010709
658.840358,0.010748
659.421733,0.010786
660.005149,0.004329
660.023594,0.000230
660.036437,0.000246
660.050164,0.000263
660.064872,0.000282
660.080662,0.000303
660.097644,0.000326
660.115932,0.000352
660.135654,0.000380
660.156940,0.000410
660.179923,0.000442
660.204742,0.000478
660.231535,0.000516
660.260426,0.000556
660.291535,0.000598
660.324978,0.000642
660.360841,0.000688
660.399203,0.000734
660.440128,0.000782
660.483671,0.000831
660.529875,0.000881
660.578783,0.000931
660.630427,0.000982
660.684841,0.001034
660.742056,0.001086
660.802113,0.001139
660.865043,0.001193
660.930889,0.001247
660.999696,0.001303
661.071509,0.001358
661.146371,0.001415
661.224326,0.001473
661.305422,0.001532
661.389714,0.001592
661.477254,0.001652
661.568096,0.001714
661.662295,0.001776
661.759909,0.001840
661.860999,0.001905
661.965618,0.001971
662.073834,0.002038
662.185713,0.002106
662.301315,0.002176
662.420710,0.002247
662.543962,0.002319
662.671153,0.002393
662.802348,0.002468
662.937624,0.002544
663.077065,0.002622
663.220743,0.002702
663.368744,0.002782
663.521153,0.002865
663.678057,0.002949
663.839544,0.003034
664.005708,0.003122
664.176641,0.003211
664.352439,0.003302
664.533215,0.003395
664.719067,0.003490
664.910105,0.003587
665.106437,0.003687
665.308178,0.003788
665.515456,0.003891
665.728380,0.003997
665.947081,0.004106
666.171698,0.004216
666.402363,0.004329
666.639207,0.004445
666.882382,0.004564
667.132038,0.004685
667.388332,0.004810
667.651419,0.004937
667.921477,0.005068
668.198648,0.005200
668.483018,0.005335
668.774756,0.005473
669.074038,0.005614
669.381072,0.005760
669.696055,0.005909
670.019196,0.006062
670.350717,0.006220
670.690846,0.006382
671.039817,0.006547
671.397885,0.006718
671.765300,0.006894
672.142331,0.007074
672.529269,0.007261
672.926391,0.007452
673.334016,0.007650
673.752458,0.007853
674.182049,0.008063
674.623141,0.008279
675.076099,0.008502
675.541313,0.008733
676.019180,0.008972
676.510131,0.009218
677.014611,0.009473
677.533085,0.009736
678.066048,0.010010
678.614022,0.010292
679.177554,0.010586
679.757223,0.010890
680.353649,0.011207
680.967474,0.011535
681.599396,0.011877
682.250135,0.012233
682.920477,0.012604
683.611246,0.012990
684.323321,0.013393
685.057639,0.013815
685.815219,0.014255
686.597131,0.014716
687.404524,0.015200
688.238648,0.015707
689.100847,0.016240
689.991734,0.016674
690.894253,0.016755
691.801038,0.016829
692.711771,0.016904
693.626445,0.016972
694.544803,0.017043
695.466795,0.017106
696.392215,0.017171
697.320981,0.017229
698.252949,0.017289
699.187984,0.017343
700.126005,0.017399
701.066849,0.017449
702.010475,0.017500
702.956697,0.017547
703.905499,0.017593
704.856692,0.017637
705.810278,0.017680
706.766075,0.017721
707.724088,0.017760
708.684136,0.017798
709.646228,0.017834
710.610209,0.017870
711.576073,0.017902
712.543688,0.017936
713.513030,0.017966
714.484002,0.017997
715.456552,0.018024
716.430617,0.018053
717.406125,0.018078
718.383046,0.018104
719.361279,0.018127
720.032773,0.000460
720.059266,0.000524
720.089505,0.000600
720.124209,0.000690
720.164201,0.000796
720.210342,0.000918
720.263470,0.001054
720.324322,0.001204
720.393462,0.001361
720.471271,0.001524
720.557971,0.001690
720.653681,0.001858
720.758516,0.002028
720.872565,0.002200
720.995938,0.002374
721.128759,0.002550
721.271167,0.002728
721.423296,0.002910
721.585293,0.003094
721.757309,0.003281
721.939502,0.003471
722.132025,0.003664
722.335037,0.003860
722.548689,0.004058
722.773143,0.004260
723.008566,0.004464
723.255118,0.004672
723.512958,0.004882
723.782244,0.005096
724.063142,0.005312
724.355809,0.005532
724.660410,0.005754
724.977095,0.005980
725.306027,0.006208
725.647352,0.006439
726.001229,0.006672
726.367781,0.006907
726.746885,0.007139
727.138597,0.007374
727.543043,0.007611
727.960347,0.007850
728.390631,0.008092
728.834020,0.008335
729.290620,0.008581
729.760533,0.008829
730.243870,0.009078
730.740727,0.009329
731.251185,0.009582
731.775339,0.009836
732.313261,0.010092
732.865021,0.010349
733.430684,0.010607
734.010300,0.010865
734.603923,0.011125
735.211589,0.011386
735.833334,0.011647
736.469188,0.011908
737.119159,0.012170
737.783260,0.012431
738.461313,0.012685
739.153001,0.012937
739.858298,0.013189
740.577178,0.013440
741.309610,0.013691
742.055551,0.013941
742.814957,0.014190
743.587772,0.014438
744.373946,0.014684
745.173405,0.014930
745.986079,0.015174
746.811897,0.015416
747.650711,0.015652
748.502013,0.015881
749.365629,0.016108
750.241469,0.016333
751.129435,0.016557
752.029417,0.016779
752.941306,0.016998
753.864995,0.017216
754.800372,0.017431
755.747155,0.017636
756.704828,0.017836
757.673261,0.018035
758.652336,0.018231
759.641937,0.018425
760.640527,0.018516
761.640637,0.018525
762.641218,0.018534
763.642316,0.018544
764.643969,0.018555
765.646219,0.018566
766.649108,0.018578
767.652677,0.018591
768.656964,0.018605
769.662009,0.018619
770.667849,0.018635
771.674528,0.018650
772.682076,0.018667
773.690541,0.018684
774.699951,0.018702
775.710348,0.018721
776.721766,0.018740
777.734237,0.018760
778.747795,0.018780
779.762476,0.018801
780.031686,0.000340
780.050906,0.000374
780.072095,0.000413
780.095529,0.000457
780.121522,0.000507
780.150425,0.000565
780.182602,0.000629
780.218410,0.000700
780.258215,0.000777
780.302335,0.000859
780.351031,0.000946
780.404531,0.001037
780.462987,0.001130
780.526500,0.001225
780.595169,0.001321
780.669050,0.001418
780.748206,0.001516
780.832710,0.001615
780.922624,0.001717
781.018033,0.001819
781.119025,0.001923
781.225680,0.002029
781.338096,0.002136
781.456358,0.002246
781.580581,0.002357
781.710860,0.002471
781.847301,0.002585
781.990019,0.002703
782.139123,0.002822
782.294727,0.002943
782.456959,0.003068
782.625934,0.003193
782.801780,0.003322
782.984627,0.003453
783.174613,0.003586
783.371874,0.003722
783.576549,0.003861
783.788783,0.004002
784.008723,0.004146
784.236527,0.004294
784.472356,0.004444
784.716370,0.004597
784.968742,0.004754
785.229642,0.004913
785.499252,0.005076
785.777754,0.005242
786.065334,0.005412
786.362193,0.005586
786.668532,0.005764
786.984555,0.005945
787.310460,0.006129
787.646293,0.006314
787.992244,0.006504
788.348545,0.006697
788.715429,0.006895
789.093142,0.007098
789.481935,0.007306
789.882073,0.007519
790.293818,0.007736
790.717455,0.007959
791.153271,0.008188
791.601569,0.008421
792.062654,0.008661
792.536847,0.008907
793.024487,0.009160
793.525920,0.009418
794.041498,0.009684
794.571602,0.009956
795.116618,0.010236
795.676943,0.010523
796.252998,0.010819
796.845224,0.011122
797.454072,0.011435
798.080009,0.011756
798.723542,0.012087
799.385176,0.012427
800.065454,0.012777
800.764931,0.013138
801.484198,0.013510
802.223875,0.013894
802.984601,0.014290
803.767056,0.014699
804.571945,0.015122
805.400010,0.015558
806.252033,0.016009
807.128833,0.016476
808.031278,0.016959
808.960260,0.017458
809.916457,0.017970
810.900804,0.018501
811.914355,0.019052
812.958225,0.019624
814.021110,0.019701
815.085729,0.019730
816.151940,0.019760
817.219737,0.019789
818.289117,0.019818
819.360071,0.019847
820.432595,0.019876
821.506680,0.019905
822.582327,0.019934
823.659522,0.019963
824.738264,0.019991
825.818546,0.020020
826.900359,0.020048
827.983697,0.020076
829.068555,0.020104
830.154927,0.020132
831.242808,0.020160
832.332196,0.020188
833.423083,0.020216
834.515469,0.020244
835.609357,0.020271
836.704745,0.020299
837.801633,0.020327
838.900026,0.020355
839.999926,0.020383
840.131476,0.002401
840.299814,0.003991
840.572401,0.006228
840.977858,0.008916
841.542467,0.012167
842.302367,0.016207
843.304703,0.020467
844.410696,0.020496
845.518239,0.020525
846.627348,0.020554
847.738040,0.020583
848.850329,0.020613
849.964233,0.020643
851.079782,0.020674
852.196993,0.020705
853.315891,0.020737
854.436507,0.020769
855.558865,0.020801
856.683000,0.020834
857.808942,0.020868
858.936730,0.020903
860.066400,0.020938
861.197986,0.020974
862.331531,0.021010
863.467074,0.021048
864.604663,0.021086
865.744340,0.021125
866.886150,0.021165
868.030148,0.021206
869.176377,0.021248
870.324893,0.021291
871.475748,0.021334
872.628996,0.021379
873.784691,0.021425
874.942895,0.021472
876.103662,0.021520
877.267052,0.021569
878.433124,0.021620
879.601946,0.021671
880.773578,0.021724
881.948082,0.021777
883.125523,0.021833
884.305970,0.021889
885.489489,0.021946
886.676153,0.022005
887.866024,0.022065
889.059177,0.022127
890.255678,0.022189
891.455595,0.022253
892.659005,0.022319
893.865980,0.022385
895.076588,0.022453
896.290903,0.022523
897.508995,0.022593
898.730937,0.022665
899.956807,0.022739
900.034454,0.000370
900.055456,0.000409
900.078736,0.000455
900.104632,0.000507
900.133512,0.000566
900.165762,0.000632
900.201783,0.000705
900.241948,0.000785
900.286599,0.000871
900.336001,0.000961
900.390346,0.001054
900.449751,0.001148
900.514274,0.001244
900.583946,0.001339
900.658759,0.001434
900.738710,0.001529
900.823793,0.001624
900.914008,0.001719
901.009353,0.001814
901.109841,0.001910
901.215478,0.002005
901.326278,0.002100
901.442244,0.002196
901.563401,0.002293
901.689760,0.002389
901.821334,0.002486
901.958137,0.002583
902.100189,0.002680
902.247504,0.002778
902.400088,0.002876
902.557966,0.002973
902.721150,0.003072
902.889662,0.003171
903.063509,0.003270
903.242714,0.003369
903.427293,0.003469
903.617253,0.003569
903.812616,0.003669
904.013393,0.003770
904.219607,0.003870
904.431270,0.003971
904.648393,0.004072
904.870999,0.004174
905.099106,0.004276
905.332718,0.004378
905.571852,0.004480
905.816460,0.004581
906.066443,0.004680
906.321819,0.004780
906.582594,0.004880
906.848789,0.004981
907.120419,0.005081
907.397492,0.005182
907.680026,0.005284
907.968034,0.005385
908.261528,0.005487
908.560526,0.005589
908.865034,0.005691
909.175070,0.005794
909.490651,0.005896
909.811785,0.006000
910.138488,0.006102
910.470772,0.006206
910.808648,0.006310
911.152130,0.006414
911.501232,0.006518
911.855970,0.006623
912.216349,0.006727
912.582388,0.006832
912.954093,0.006937
913.331486,0.007042
913.714567,0.007148
914.103352,0.007254
914.497849,0.007360
914.898082,0.007466
915.304050,0.007572
915.715764,0.007679
916.133240,0.007785
916.556486,0.007892
916.985511,0.007999
917.420193,0.008102
917.860489,0.008207
918.306405,0.008311
918.757951,0.008415
919.215137,0.008519
919.677972,0.008624
920.146462,0.008729
920.620622,0.008835
921.100459,0.008939
921.585970,0.009045
922.077173,0.009150
922.574073,0.009256
923.076677,0.009362
923.584989,0.009467
924.099024,0.009573
924.618783,0.009679
925.144276,0.009785
925.675509,0.009892
926.212485,0.009998
926.755207,0.010105
927.303689,0.010211
927.857938,0.010318
928.417870,0.010422
928.983382,0.010525
929.554482,0.010628
930.131162,0.010732
930.713436,0.010835
931.301306,0.010939
931.894771,0.011043
932.493842,0.011147
933.098517,0.011250
933.708796,0.011355
934.324689,0.011458
934.946194,0.011562
935.573315,0.011666
936.206059,0.011771
936.844425,0.011875
937.488418,0.011979
938.138030,0.012083
938.793244,0.012185
939.453912,0.012286
940.120016,0.012386
940.791545,0.012487
941.468509,0.012588
942.150902,0.012689
942.838728,0.012788
943.531986,0.012889
944.230678,0.012990
944.934796,0.013090
945.644346,0.013191
946.359326,0.013291
947.079743,0.013392
947.805578,0.013493
948.536843,0.013593
949.273442,0.013690
950.015268,0.013786
950.762310,0.013883
951.514577,0.013980
952.272056,0.014076
953.034756,0.014173
953.802668,0.014270
954.575794,0.014366
955.354128,0.014462
956.137661,0.014559
956.926404,0.014655
957.720342,0.014752
958.519467,0.014846
959.323617,0.014939
960.023432,0.000221
960.035482,0.000230
960.048293,0.000245
960.061954,0.000262
960.076540,0.000279
960.092152,0.000299
960.108864,0.000320
960.126789,0.000344
960.146024,0.000370
960.166673,0.000397
960.188851,0.000426
960.212660,0.000457
960.238203,0.000490
960.265579,0.000525
960.294875,0.000561
960.326175,0.000599
960.359539,0.000638
960.395024,0.000677
960.432676,0.000718
960.472536,0.000759
960.514626,0.000800
960.558968,0.000842
960.605581,0.000884
960.654488,0.000927
960.705696,0.000971
960.759236,0.001014
960.815119,0.001057
960.873366,0.001101
960.933998,0.001145
960.997038,0.001190
961.062512,0.001235
961.130431,0.001281
961.200831,0.001327
961.273739,0.001374
961.349176,0.001421
961.427176,0.001469
961.507762,0.001517
961.590960,0.001566
961.676800,0.001614
961.765312,0.001664
961.856526,0.001714
961.950471,0.001766
962.047175,0.001817
962.146676,0.001869
962.249002,0.001922
962.354192,0.001975
962.462266,0.002029
962.573265,0.002083
962.687226,0.002138
962.804187,0.002194
962.924172,0.002251
963.047219,0.002308
963.173375,0.002366
963.302670,0.002424
963.435146,0.002483
963.570837,0.002543
963.709785,0.002604
963.852024,0.002666
963.997600,0.002728
964.146548,0.002791
964.298918,0.002854
964.454742,0.002918
964.614068,0.002984
964.776947,0.003050
964.943419,0.003117
965.113528,0.003185
965.287319,0.003253
965.464846,0.003323
965.646153,0.003394
965.831284,0.003465
966.020293,0.003537
966.213229,0.003610
966.410140,0.003684
966.611082,0.003759
966.816106,0.003835
967.025271,0.003913
967.238573,0.003989
967.456024,0.004066
967.677681,0.004145
967.903602,0.004224
968.133828,0.004305
968.368436,0.004386
968.607473,0.004469
968.851003,0.004553
969.099084,0.004638
969.351787,0.004724
969.609157,0.004811
969.871274,0.004899
970.138192,0.004989
970.409986,0.005080
970.686727,0.005172
970.968477,0.005265
971.255305,0.005360
971.547277,0.005455
971.844477,0.005554
972.146976,0.005652
972.454848,0.005752
972.768169,0.005854
973.087017,0.005957
973.411466,0.006061
973.741598,0.006168
974.077498,0.006276
974.419257,0.006384
974.766949,0.006495
975.120669,0.006608
975.480501,0.006722
975.846541,0.006838
976.218882,0.006955
976.597615,0.007075
976.982832,0.007195
977.374632,0.007318
977.773118,0.007443
978.178388,0.007570
978.590537,0.007698
979.009684,0.007829
979.435930,0.007961
979.869392,0.008096
980.310174,0.008233
980.758392,0.008371
981.214164,0.008512
981.677606,0.008655
982.148835,0.008801
982.627984,0.008948
983.115168,0.009098
983.610523,0.009251
984.114184,0.009406
984.626284,0.009564
985.146956,0.009724
985.676329,0.009885
986.214433,0.010048
986.761372,0.010213
987.317296,0.010380
987.882352,0.010551
988.456688,0.010724
989.040460,0.010901
989.633824,0.011079
990.236943,0.011262
990.849978,0.011447
991.473098,0.011636
992.106474,0.011827
992.750286,0.012022
993.404711,0.012220
994.069929,0.012422
994.746132,0.012627
995.433514,0.012836
996.132271,0.013048
996.842605,0.013265
997.564719,0.013485
998.298827,0.013709
999.045153,0.013937
999.803906,0.014170
1000.575319,0.014407
1001.359619,0.014647
1002.157047,0.014892
1002.967855,0.015142
1003.792287,0.015398
1004.630599,0.015657
1005.483053,0.015922
1006.349929,0.016191
1007.231495,0.016466
1008.128046,0.016746
1009.039750,0.017028
1009.966794,0.017314
1010.909479,0.017607
1011.868108,0.017905
1012.843005,0.018209
1013.834499,0.018520
1014.842921,0.018836
1015.868615,0.019159
1016.911942,0.019489
1017.973260,0.019826
1019.052962,0.020170
1020.021902,0.000156
1020.029854,0.000150
1020.038116,0.000156
1020.046727,0.000163
1020.055719,0.000170
1020.065101,0.000178
1020.074908,0.000186
1020.085165,0.000194
1020.095895,0.000203
1020.107132,0.000213
1020.118893,0.000223
1020.131209,0.000234
1020.144125,0.000245
1020.157659,0.000257
1020.171837,0.000269
1020.186701,0.000282
1020.202276,0.000296
1020.218595,0.000309
1020.235686,0.000324
1020.253575,0.000339
1020.272281,0.000354
1020.291841,0.000370
1020.312265,0.000386
1020.333568,0.000403
1020.355764,0.000419
1020.378874,0.000436
1020.402911,0.000454
1020.427871,0.000471
1020.453771,0.000489
1020.480620,0.000506
1020.508420,0.000524
1020.537176,0.000541
1020.566892,0.000559
1020.597565,0.000577
1020.629201,0.000595
1020.661804,0.000613
1020.695368,0.000631
1020.729906,0.000649
1020.765410,0.000667
1020.801894,0.000685
1020.839357,0.000703
1020.877797,0.000721
1020.917225,0.000739
1020.957639,0.000757
1020.999044,0.000776
1021.041437,0.000795
1021.084833,0.000813
1021.129238,0.000831
1021.174642,0.000851
1021.221055,0.000869
1021.268487,0.000888
1021.316941,0.000907
1021.366405,0.000926
1021.416902,0.000945
1021.468429,0.000964
1021.520986,0.000983
1021.574589,0.001003
1021.629239,0.001022
1021.684932,0.001042
1021.741683,0.001060
1021.799484,0.001080
1021.858349,0.001100
1021.918285,0.001120
1021.979288,0.001139
1022.041368,0.001160
1022.104535,0.001180
1022.168783,0.001200
1022.234121,0.001220
1022.300549,0.001241
1022.368083,0.001261
1022.436717,0.001281
1022.506462,0.001302
1022.577325,0.001323
1022.649304,0.001343
1022.722412,0.001364
1022.796645,0.001386
1022.872008,0.001406
1022.948512,0.001427
1023.026156,0.001449
1023.104951,0.001471
1023.184904,0.001492
1023.266010,0.001513
1023.348283,0.001535
1023.431721,0.001556
1023.516331,0.001578
1023.602122,0.001600
1023.689093,0.001622
1023.777258,0.001644
1023.866616,0.001666
1023.957179,0.001688
1024.048942,0.001711
1024.141919,0.001733
1024.236106,0.001756
1024.331519,0.001779
1024.428157,0.001801
1024.526026,0.001824
1024.625130,0.001847
1024.725479,0.001870
1024.827072,0.001893
1024.929914,0.001916
1025.034016,0.001940
1025.139377,0.001963
1025.246008,0.001986
1025.353918,0.002011
1025.463107,0.002034
1025.573583,0.002058
1025.685348,0.002082
1025.798403,0.002106
1025.912769,0.002130
1026.028435,0.002155
1026.145413,0.002179
1026.263701,0.002203
1026.383285,0.002227
1026.504160,0.002251
1026.626332,0.002275
1026.749813,0.002299
1026.874601,0.002323
1027.000702,0.002347
1027.128115,0.002372
1027.256856,0.002396
1027.386922,0.002421
1027.518328,0.002446
1027.651074,0.002471
1027.785165,0.002496
1027.920605,0.002521
1028.057399,0.002547
1028.195557,0.002571
1028.335082,0.002597
1028.475977,0.002622
1028.618255,0.002648
1028.761906,0.002673
1028.906947,0.002699
1029.053385,0.002725
1029.201222,0.002752
1029.350466,0.002777
1029.501118,0.002804
1029.653186,0.002829
1029.806670,0.002856
1029.961579,0.002883
1030.117935,0.002909
1030.275722,0.002936
1030.434953,0.002962
1030.595629,0.002989
1030.757760,0.003016
1030.921352,0.003043
1031.086415,0.003071
1031.252943,0.003098
1031.420948,0.003125
1031.590439,0.003153
1031.761413,0.003181
1031.933881,0.003208
1032.107850,0.003236
1032.283316,0.003264
1032.460299,0.003291
1032.638795,0.003320
1032.818820,0.003348
1033.000362,0.003377
1033.183443,0.003405
1033.368059,0.003433
1033.554217,0.003462
1033.741926,0.003491
1033.931188,0.003519
1034.122000,0.003548
1034.314385,0.003578
1034.508342,0.003607
1034.703877,0.003636
1034.900994,0.003665
1035.099696,0.003695
1035.299994,0.003724
1035.501886,0.003755
1035.705383,0.003783
1035.910491,0.003813
1036.117209,0.003843
1036.325541,0.003873
1036.535503,0.003904
1036.747105,0.003934
1036.960332,0.003964
1037.175206,0.003995
1037.391728,0.004025
1037.609902,0.004056
1037.829733,0.004087
1038.051226,0.004118
1038.274397,0.004148
1038.499241,0.004179
1038.725761,0.004211
1038.953965,0.004242
1039.183862,0.004273
1039.415456,0.004305
1039.648744,0.004336
1039.883708,0.004367
1040.120337,0.004398
1040.358639,0.004429
1040.598611,0.004460
1040.840269,0.004491
1041.083613,0.004522
1041.328643,0.004553
1041.575370,0.004585
1041.823796,0.004616
1042.073923,0.004648
1042.325757,0.004680
1042.579309,0.004712
1042.834577,0.004744
1043.091575,0.004776
1043.350304,0.004807
1043.610769,0.004840
1043.872968,0.004872
1044.136914,0.004904
1044.402611,0.004937
1044.670062,0.004970
1044.939273,0.005002
1045.210242,0.005034
1045.482978,0.005067
1045.757491,0.005100
1046.033784,0.005133
1046.311852,0.005166
1046.591712,0.005200
1046.873361,0.005232
1047.156808,0.005266
1047.442062,0.005299
1047.729118,0.005333
1048.017986,0.005366
1048.308667,0.005400
1048.601168,0.005434
1048.895494,0.005468
1049.191652,0.005501
1049.489643,0.005536
1049.789468,0.005570
1050.091137,0.005604
1050.394659,0.005638
1050.700026,0.005672
1051.007248,0.005707
1051.316330,0.005741
1051.627276,0.005776
1051.940091,0.005811
1052.254785,0.005845
1052.571354,0.005880
1052.889795,0.005915
1053.210076,0.005948
1053.532201,0.005982
1053.856164,0.006017
1054.181974,0.006051
1054.509629,0.006085
1054.839139,0.006119
1055.170509,0.006154
1055.503729,0.006188
1055.838818,0.006223
1056.175775,0.006257
1056.514604,0.006292
1056.855313,0.006327
1057.197900,0.006362
1057.542372,0.006397
1057.888736,0.006432
1058.236995,0.006467
1058.587145,0.006502
1058.939202,0.006537
1059.293154,0.006572
1059.649007,0.006608
1060.006777,0.006643
1060.366461,0.006679
1060.728064,0.006714
1061.091588,0.006750
1061.457038,0.006786
1061.824419,0.006822
1062.193728,0.006857
1062.564973,0.006893
1062.938154,0.006929
1063.313284,0.006965
1063.690357,0.007001
1064.069375,0.007037
1064.450349,0.007074
1064.833284,0.007110
1065.218178,0.007146
1065.605019,0.007182
1065.993775,0.007217
1066.384446,0.007253
1066.777034,0.007288
1067.171538,0.007324
1067.567961,0.007359
1067.966313,0.007395
1068.366588,0.007431
1068.768795,0.007466
1069.172933,0.007502
1069.579010,0.007538
1069.987028,0.007574
1070.396989,0.007610
1070.808902,0.007647
1071.222756,0.007682
1071.638562,0.007719
1072.056322,0.007755
1072.476044,0.007791
1072.897725,0.007828
1073.321365,0.007864
1073.746972,0.007900
1074.174543,0.007936
1074.604088,0.007973
1075.035609,0.008010
1075.469109,0.008046
1075.904590,0.008083
1076.342054,0.008120
1076.781503,0.008157
1077.222937,0.008194
1077.666354,0.008230
1078.111719,0.008266
1078.559019,0.008301
1079.008257,0.008337
1079.459430,0.008373
1079.912543,0.008409
1080.017564,0.000178
1080.027424,0.000188
1080.037817,0.000198
1080.048780,0.000209
1080.060367,0.000221
1080.072624,0.000233
1080.085608,0.000248
1080.099379,0.000263
1080.113988,0.000279
1080.129509,0.000296
1080.146007,0.000315
1080.163546,0.000335
1080.182193,0.000356
1080.202023,0.000379
1080.223108,0.000403
1080.245512,0.000428
1080.269304,0.000454
1080.294543,0.000481
1080.321275,0.000509
1080.349555,0.000538
1080.379429,0.000569
1080.410927,0.000599
1080.444084,0.000629
1080.478924,0.000661
1080.515469,0.000693
1080.553746,0.000725
1080.593773,0.000758
1080.635563,0.000791
1080.679140,0.000824
1080.724520,0.000857
1080.771718,0.000892
1080.820762,0.000926
1080.871670,0.000961
1080.924457,0.000995
1080.979151,0.001031
1081.035775,0.001067
1081.094345,0.001103
1081.154892,0.001140
1081.217447,0.001178
1081.282034,0.001215
1081.348675,0.001254
1081.417402,0.001293
1081.488236,0.001332
1081.561209,0.001372
1081.636356,0.001412
1081.713707,0.001453
1081.793283,0.001495
1081.875125,0.001537
1081.959262,0.001580
1082.045727,0.001624
1082.134555,0.001668
1082.225779,0.001712
1082.319437,0.001757
1082.415558,0.001804
1082.514188,0.001850
1082.615358,0.001898
1082.719108,0.001946
1082.825479,0.001995
1082.934505,0.002044
1083.046232,0.002095
1083.160708,0.002146
1083.277967,0.002199
1083.398060,0.002251
1083.521026,0.002305
1083.646915,0.002359
1083.775768,0.002414
1083.907642,0.002471
1084.042584,0.002528
1084.180636,0.002586
1084.321859,0.002645
1084.466299,0.002706
1084.614015,0.002767
1084.765063,0.002829
1084.919494,0.002892
1085.077369,0.002957
1085.238747,0.003022
1085.403695,0.003089
1085.572271,0.003156
1085.744541,0.003225
1085.920568,0.003296
1086.100412,0.003367
1086.284149,0.003440
1086.471854,0.003514
1086.663586,0.003589
1086.859436,0.003666
1087.059475,0.003744
1087.263768,0.003824
1087.472414,0.003905
1087.685479,0.003988
1087.903061,0.004073
1088.125228,0.004158
1088.352005,0.004244
1088.583466,0.004331
1088.819709,0.004420
1089.060820,0.004511
1089.306901,0.004604
1089.558044,0.004699
1089.814355,0.004796
1090.075935,0.004895
1090.342901,0.004995
1090.615350,0.005098
1090.893403,0.005202
1091.177169,0.005310
1091.466774,0.005419
1091.762347,0.005531
1092.064003,0.005645
1092.371884,0.005761
1092.686120,0.005880
1093.006843,0.006001
1093.334207,0.006126
1093.668353,0.006253
1094.009430,0.006382
1094.357600,0.006516
1094.713016,0.006651
1095.075857,0.006791
1095.446285,0.006933
1095.824477,0.007078
1096.210618,0.007227
1096.604899,0.007379
1097.007509,0.007535
1097.418653,0.007696
1097.838537,0.007859
1098.267375,0.008027
1098.705396,0.008199
1099.152830,0.008376
1099.609909,0.008557
1100.076884,0.008742
1100.554002,0.008933
1101.041536,0.009128
1101.539754,0.009329
1102.048948,0.009535
1102.569406,0.009746
1103.101434,0.009964
1103.645353,0.010187
1104.201492,0.010416
1104.770186,0.010652
1105.351798,0.010895
1105.946698,0.011144
1106.555270,0.011402
1107.177905,0.011665
1107.815026,0.011938
1108.467066,0.012218
1109.134482,0.012508
1109.817749,0.012806
1110.517350,0.013113
1111.233802,0.013429
1111.967643,0.013757
1112.719431,0.014095
1113.489757,0.014444
1114.279201,0.014802
1115.088226,0.015171
1115.917477,0.015552
1116.767655,0.015946
1117.639481,0.016354
1118.533721,0.016777
1119.451181,0.017214
1120.392709,0.017668
1121.359198,0.018139
1122.351576,0.018628
1123.370847,0.019136
1124.418049,0.019663
1125.494286,0.020212
1126.600736,0.020782
1127.738635,0.021377
1128.909300,0.021997
1130.114134,0.022643
1131.354612,0.023318
1132.632326,0.024023
1133.948960,0.024760
1135.306310,0.025532
1136.706317,0.026341
1138.151035,0.027190
1139.642690,0.028080
1140.052039,0.000687
1140.092703,0.000827
1140.141923,0.001006
1140.201933,0.001228
1140.275090,0.001493
1140.363532,0.001793
1140.468830,0.002116
1140.591997,0.002454
1140.733718,0.002803
1140.894599,0.003164
1141.075307,0.003538
1141.276591,0.003927
1141.499278,0.004331
1141.744258,0.004753
1142.012465,0.005192
1142.304896,0.005650
1142.622601,0.006128
1142.966675,0.006628
1143.338268,0.007149
1143.738590,0.007692
1144.168903,0.008260
1144.630526,0.008853
1145.124819,0.009470
1145.653204,0.010115
1146.217142,0.010788
1146.818145,0.011489
1147.457738,0.012215
1148.136871,0.012956
1148.856789,0.013726
1149.619030,0.014525
1150.425169,0.015352
1151.276741,0.016208
1152.175286,0.017092
1153.122302,0.018004
1154.119239,0.018942
1155.167490,0.019905
1156.268384,0.020891
1157.423141,0.021900
1158.632871,0.022928
1159.898563,0.023972
1161.221071,0.025031
1162.600417,0.026073
1164.035985,0.027116
1165.528028,0.028164
1167.076659,0.029212
1168.681813,0.030257
1170.342720,0.031152
1172.026782,0.031222
1173.714468,0.031286
1175.405424,0.031343
1177.099301,0.031394
1178.795758,0.031438
1180.494441,0.031476
1182.195003,0.031507
1183.897107,0.031533
1185.600419,0.031552
1187.304599,0.031565
1189.009303,0.031571
1190.714215,0.031574
1192.419298,0.031579
1194.124846,0.031591
1195.831174,0.031608
1197.538586,0.031631
1199.247380,0.031659
1200.036682,0.000330
1200.055313,0.000361
1200.075748,0.000397
1200.098217,0.000437
1200.122989,0.000482
1200.150344,0.000533
1200.180580,0.000589
1200.213996,0.000651
1200.250862,0.000717
1200.291434,0.000788
1200.335928,0.000862
1200.384504,0.000939
1200.437282,0.001018
1200.494342,0.001097
1200.555731,0.001178
1200.621484,0.001259
1200.691618,0.001341
1200.766158,0.001422
1200.845129,0.001504
1200.928562,0.001587
1201.016488,0.001671
1201.108945,0.001755
1201.205967,0.001840
1201.307598,0.001926
1201.413866,0.002012
1201.524825,0.002099
1201.640517,0.002187
1201.760989,0.002276
1201.886277,0.002366
1202.016441,0.002456
1202.151515,0.002549
1202.291549,0.002640
1202.436593,0.002734
1202.586701,0.002828
1202.741919,0.002923
1202.902297,0.003019
1203.067888,0.003116
1203.238739,0.003214
1203.414908,0.003313
1203.596447,0.003413
1203.783417,0.003514
1203.975860,0.003615
1204.173843,0.003719
1204.377414,0.003823
1204.586628,0.003928
1204.801544,0.004034
1205.022226,0.004141
1205.248732,0.004250
1205.481123,0.004359
1205.719451,0.004470
1205.963789,0.004582
1206.214194,0.004695
1206.470698,0.004807
1206.733244,0.004919
1207.001876,0.005032
1207.276659,0.005147
1207.557662,0.005263
1207.844944,0.005380
1208.138570,0.005498
1208.438615,0.005617
1208.745140,0.005738
1209.058215,0.005860
1209.377912,0.005983
1209.704292,0.006108
1210.037438,0.006234
1210.377412,0.006361
1210.724293,0.006490
1211.078163,0.006619
1211.439083,0.006751
1211.807136,0.006884
1212.182393,0.007018
1212.564943,0.007153
1212.954861,0.007291
1213.352231,0.007430
1213.757125,0.007569
1214.169631,0.007711
1214.589838,0.007855
1215.017831,0.008000
1215.453693,0.008146
1215.897510,0.008294
1216.349373,0.008444
1216.809371,0.008596
1217.277600,0.008749
1217.754154,0.008904
1218.239124,0.009061
1218.732598,0.009219
1219.234680,0.009380
1219.745470,0.009542
1220.265072,0.009705
1220.793584,0.009872
1221.331095,0.010038
1221.877574,0.010205
1222.433072,0.010373
1222.997685,0.010542
1223.571524,0.010714
1224.154693,0.010888
1224.747306,0.011064
1225.349475,0.011242
1225.961306,0.011422
1226.582926,0.011604
1227.214444,0.011789
1227.855987,0.011976
1228.507671,0.012165
1229.169620,0.012356
1229.841956,0.012550
1230.524814,0.012746
1231.218316,0.012944
1231.922600,0.013145
1232.637795,0.013348
1233.364046,0.013554
1234.101488,0.013763
1234.850260,0.013974
1235.610507,0.014187
1236.382376,0.014405
1237.166023,0.014624
1237.961589,0.014846
1238.769206,0.015070
1239.588850,0.015292
1240.420639,0.015519
1241.264737,0.015749
1242.121300,0.015981
1242.990509,0.016216
1243.872515,0.016456
1244.767495,0.016697
1245.675633,0.016943
1246.597096,0.017191
1247.532071,0.017443
1248.480745,0.017698
1249.443308,0.017957
1250.419950,0.018220
1251.410870,0.018486
1252.416264,0.018756
1253.436354,0.019030
1254.471338,0.019308
1255.521427,0.019590
1256.586846,0.019876
1257.667821,0.020166
1258.764492,0.020456
1259.876902,0.020750
1260.022595,0.000171
1260.032048,0.000179
1260.041970,0.000189
1260.052413,0.000198
1260.063396,0.000209
1260.074965,0.000220
1260.087159,0.000232
1260.100019,0.000245
1260.113605,0.000259
1260.127960,0.000274
1260.143133,0.000289
1260.159176,0.000306
1260.176134,0.000323
1260.194066,0.000341
1260.213021,0.000361
1260.233037,0.000381
1260.254170,0.000402
1260.276457,0.000424
1260.299935,0.000446
1260.324641,0.000469
1260.350605,0.000493
1260.377855,0.000517
1260.406399,0.000541
1260.436253,0.000565
1260.467430,0.000590
1260.499947,0.000615
1260.533809,0.000641
1260.569025,0.000665
1260.605597,0.000690
1260.643530,0.000716
1260.682831,0.000740
1260.723503,0.000766
1260.765548,0.000792
1260.808975,0.000817
1260.853786,0.000843
1260.899994,0.000869
1260.947600,0.000895
1260.996611,0.000921
1261.047029,0.000947
1261.098867,0.000973
1261.152135,0.001000
1261.206836,0.001027
1261.262977,0.001053
1261.320563,0.001080
1261.379605,0.001107
1261.440113,0.001135
1261.502092,0.001162
1261.565550,0.001189
1261.630497,0.001217
1261.696938,0.001245
1261.764883,0.001272
1261.834344,0.001301
1261.905331,0.001329
1261.977850,0.001357
1262.051911,0.001386
1262.127518,0.001415
1262.204686,0.001444
1262.283422,0.001473
1262.363731,0.001502
1262.445623,0.001532
1262.529112,0.001561
1262.614204,0.001591
1262.700908,0.001621
1262.789235,0.001651
1262.879192,0.001682
1262.970793,0.001712
1263.064044,0.001743
1263.158958,0.001774
1263.255541,0.001804
1263.353807,0.001836
1263.453760,0.001867
1263.555411,0.001898
1263.658775,0.001930
1263.763854,0.001962
1263.870660,0.001994
1263.979209,0.002026
1264.089508,0.002059
1264.201567,0.002092
1264.315396,0.002125
1264.431003,0.002158
1264.548406,0.002191
1264.667606,0.002224
1264.788618,0.002258
1264.911451,0.002292
1265.036124,0.002326
1265.162634,0.002361
1265.290999,0.002395
1265.421233,0.002430
1265.553343,0.002464
1265.687344,0.002499
1265.823236,0.002534
1265.961034,0.002570
1266.100761,0.002605
1266.242412,0.002641
1266.386002,0.002677
1266.531510,0.002713
1266.678923,0.002748
1266.828255,0.002784
1266.979526,0.002819
1267.132742,0.002855
1267.287906,0.002892
1267.445036,0.002929
1267.604138,0.002965
1267.765230,0.003002
1267.928324,0.003039
1268.093422,0.003076
1268.260540,0.003114
1268.429693,0.003152
1268.600890,0.003190
1268.774148,0.003228
1268.949461,0.003267
1269.126860,0.003305
1269.306348,0.003344
1269.487931,0.003382
1269.671626,0.003422
1269.857443,0.003461
1270.045403,0.003501
1270.235504,0.003541
1270.427762,0.003581
1270.622192,0.003622
1270.818801,0.003662
1271.017612,0.003702
1271.218624,0.003744
1271.421853,0.003784
1271.627312,0.003826
1271.835013,0.003867
1272.044969,0.003910
1272.257189,0.003951
1272.471690,0.003994
1272.688477,0.004036
1272.907568,0.004079
1273.128969,0.004122
1273.352697,0.004165
1273.578766,0.004208
1273.807179,0.004252
1274.037965,0.004296
1274.271125,0.004340
1274.506668,0.004385
1274.744611,0.004429
1274.984959,0.004474
1275.227736,0.004519
1275.472951,0.004564
1275.720610,0.004609
1275.970727,0.004655
1276.223321,0.004701
1276.478398,0.004747
1276.735982,0.004794
1276.996072,0.004840
1277.258690,0.004887
1277.523837,0.004935
1277.791537,0.004982
1278.061799,0.005029
1278.334637,0.005077
1278.610056,0.005125
1278.888069,0.005173
1279.168698,0.005222
1279.451943,0.005270
1279.737832,0.005320
1280.026367,0.005368
1280.317560,0.005417
1280.611396,0.005466
1280.907852,0.005514
1281.206930,0.005563
1281.508657,0.005613
1281.813034,0.005662
1282.120068,0.005711
1282.429786,0.005761
1282.742191,0.005811
1283.057293,0.005861
1283.375111,0.005911
1283.695648,0.005962
1284.018923,0.006013
1284.344944,0.006064
1284.673728,0.006115
1285.005284,0.006166
1285.339614,0.006218
1285.676743,0.006269
1286.016685,0.006322
1286.359443,0.006374
1286.705034,0.006426
1287.053470,0.006479
1287.404759,0.006532
1287.758911,0.006585
1288.115937,0.006639
1288.475856,0.006692
1288.838678,0.006746
1289.204418,0.006800
1289.573082,0.006855
1289.944684,0.006909
1290.319232,0.006964
1290.696741,0.007019
1291.077219,0.007074
1291.460679,0.007129
1291.847137,0.007185
1292.236600,0.007241
1292.629076,0.007296
1293.024587,0.007353
1293.423137,0.007409
1293.824739,0.007466
1294.229400,0.007523
1294.637109,0.007578
1295.047824,0.007634
1295.461554,0.007690
1295.878307,0.007746
1296.298099,0.007803
1296.720928,0.007859
1297.146820,0.007916
1297.575772,0.007972
1298.007807,0.008030
1298.442925,0.008087
1298.881141,0.008144
1299.322472,0.008202
1299.766924,0.008260
1300.214494,0.008318
1300.665205,0.008376
1301.119065,0.008435
1301.576091,0.008493
1302.036289,0.008552
1302.499663,0.008611
1302.966221,0.008670
1303.435982,0.008730
1303.908953,0.008789
1304.385148,0.008849
1304.864569,0.008909
1305.347229,0.008968
1305.833142,0.009029
1306.322314,0.009090
1306.814750,0.009150
1307.310467,0.009211
1307.809466,0.009272
1308.311711,0.009331
1308.817174,0.009391
1309.325859,0.009451
1309.837779,0.009510
1310.352941,0.009571
1310.871351,0.009630
1311.393018,0.009691
1311.917953,0.009752
1312.446168,0.009812
1312.977667,0.009874
1313.512460,0.009935
1314.050557,0.009996
1314.591960,0.010057
1315.136678,0.010119
1315.684727,0.010181
1316.236115,0.010243
1316.790847,0.010304
1317.348927,0.010367
1317.910371,0.010429
1318.475183,0.010491
1319.043378,0.010554
1319.614952,0.010617
1320.018761,0.000235
1320.031895,0.000252
1320.045984,0.000271
1320.061126,0.000291
1320.077434,0.000314
1320.095030,0.000339
1320.114047,0.000367
1320.134635,0.000397
1320.156939,0.000430
1320.181125,0.000467
1320.207355,0.000506
1320.235780,0.000548
1320.266558,0.000593
1320.299827,0.000641
1320.335713,0.000690
1320.374323,0.000741
1320.415745,0.000794
1320.460052,0.000848
1320.507303,0.000903
1320.557553,0.000959
1320.610843,0.001016
1320.667223,0.001073
1320.726734,0.001132
1320.789425,0.001191
1320.855337,0.001251
1320.924519,0.001312
1320.997032,0.001374
1321.072929,0.001438
1321.152261,0.001502
1321.235085,0.001567
1321.321475,0.001634
1321.411492,0.001701
1321.505205,0.001771
1321.602681,0.001841
1321.703995,0.001913
1321.809215,0.001986
1321.918420,0.002060
1322.031686,0.002136
1322.149094,0.002214
1322.270730,0.002293
1322.396676,0.002373
1322.527017,0.002456
1322.661855,0.002540
1322.801268,0.002625
1322.945361,0.002713
1323.094230,0.002803
1323.247981,0.002894
1323.406718,0.002988
1323.570545,0.003083
1323.739575,0.003180
1323.913932,0.003280
1324.093727,0.003382
1324.279086,0.003486
1324.470141,0.003592
1324.667010,0.003702
1324.869826,0.003813
1325.078742,0.003927
1325.293896,0.004044
1325.515446,0.004164
1325.743545,0.004287
1325.978343,0.004412
1326.220009,0.004541
1326.468716,0.004673
1326.724636,0.004808
1326.987953,0.004947
1327.258858,0.005090
1327.537551,0.005236
1327.824230,0.005385
1328.119101,0.005539
1328.422310,0.005694
1328.734003,0.005853
1329.054399,0.006016
1329.383737,0.006185
1329.722263,0.006357
1330.070229,0.006535
1330.427907,0.006717
1330.795569,0.006905
1331.173490,0.007097
1331.561980,0.007295
1331.961334,0.007500
1332.371878,0.007710
1332.793939,0.007927
1333.227870,0.008150
1333.674030,0.008380
1334.132801,0.008617
1334.604568,0.008861
1335.089737,0.009114
1335.588742,0.009374
1336.102021,0.009643
1336.630047,0.009920
1337.173296,0.010207
1337.732284,0.010503
1338.307538,0.010810
1338.899616,0.011127
1339.509101,0.011455
1340.136594,0.011794
1340.782738,0.012146
1341.448207,0.012510
1342.133703,0.012888
1342.839965,0.013280
1343.567769,0.013686
1344.317932,0.014108
1345.091315,0.014547
1345.888824,0.015002
1346.711414,0.015476
1347.560098,0.015969
1348.435934,0.016482
1349.340053,0.017017
1350.273644,0.017574
1351.237970,0.018156
1352.234370,0.018763
1353.264262,0.019397
1354.329155,0.020060
1355.430409,0.020746
1356.569522,0.021462
1357.748293,0.022215
1358.968625,0.023003
1360.232557,0.023831
1361.542277,0.024701
1362.900130,0.025615
1364.308624,0.026578
1365.770485,0.027593
1367.288633,0.028664
1368.866219,0.029797
1370.506672,0.030995
1372.213695,0.032264
1373.991330,0.033613
1375.843979,0.035045
1377.776452,0.036572
1379.794028,0.038201
1380.214755,0.004743
1380.551225,0.007737
1381.037367,0.010224
1381.645600,0.012286
1382.357268,0.014067
1383.159662,0.015653
1384.043585,0.017078
1384.999969,0.018355
1386.023497,0.019567
1387.111106,0.020730
1388.260626,0.021861
1389.470590,0.022970
1390.740104,0.024068
1392.068758,0.025162
1393.456094,0.026234
1394.901100,0.027306
1396.404412,0.028395
1397.967009,0.029504
1399.590121,0.030637
1401.275194,0.031800
1403.023900,0.032995
1404.838136,0.034228
1406.720016,0.035502
1408.671774,0.036812
1410.695040,0.038158
1412.792420,0.039558
1414.966965,0.041018
1417.222010,0.042542
1419.561182,0.044136
1421.972868,0.044819
1424.394327,0.044862
1426.817548,0.044885
1429.241534,0.044891
1431.665934,0.044905
1434.091604,0.044938
1436.519555,0.044990
1438.950807,0.045061
1440.072917,0.000410
1440.096221,0.000453
1440.122004,0.000503
1440.150586,0.000557
1440.182282,0.000619
1440.217415,0.000685
1440.256287,0.000757
1440.299147,0.000832
1440.346186,0.000911
1440.397532,0.000992
1440.453271,0.001074
1440.513436,0.001156
1440.578027,0.001237
1440.647031,0.001319
1440.720429,0.001401
1440.798211,0.001482
1440.880352,0.001562
1440.966846,0.001643
1441.057696,0.001723
1441.152883,0.001804
1441.252412,0.001884
1441.356280,0.001964
1441.464481,0.002045
1441.577023,0.002125
1441.693903,0.002205
1441.815121,0.002286
1441.940691,0.002366
1442.070597,0.002447
1442.204848,0.002528
1442.343449,0.002608
1442.486399,0.002688
1442.633706,0.002769
1442.785368,0.002850
1442.941393,0.002931
1443.101782,0.003011
1443.266531,0.003092
1443.435656,0.003173
1443.609146,0.003254
1443.787021,0.003335
1443.969274,0.003416
1444.155918,0.003498
1444.346951,0.003579
1444.542385,0.003661
1444.742215,0.003742
1444.946444,0.003824
1445.155092,0.003905
1445.368150,0.003987
1445.585590,0.004067
1445.807317,0.004147
1446.033324,0.004226
1446.263620,0.004305
1446.498203,0.004384
1446.737086,0.004464
1446.980275,0.004544
1447.227773,0.004624
1447.479582,0.004704
1447.735721,0.004784
1447.996184,0.004865
1448.260988,0.004945
1448.530129,0.005025
1448.803628,0.005105
1449.081483,0.005187
1449.363702,0.005267
1449.650302,0.005348
1449.941275,0.005430
1450.236636,0.005511
1450.536400,0.005593
1450.840562,0.005674
1451.149147,0.005756
1451.462146,0.005838
1451.779580,0.005920
1452.101453,0.006003
1452.427782,0.006085
1452.758568,0.006168
1453.093816,0.006251
1453.433546,0.006334
1453.777773,0.006417
1454.126493,0.006500
1454.479724,0.006584
1454.837479,0.006668
1455.199770,0.006752
1455.566600,0.006836
1455.937977,0.006920
1456.313926,0.007005
1456.694454,0.007090
1457.079517,0.007173
1457.469040,0.007255
1457.863034,0.007339
1458.261512,0.007422
1458.664483,0.007505
1459.071966,0.007589
1459.483973,0.007672
1459.900508,0.007756
1460.321590,0.007841
1460.747243,0.007926
1461.177466,0.008010
1461.612274,0.008095
1462.051689,0.008181
1462.495719,0.008266
1462.944379,0.008352
1463.397690,0.008439
1463.855660,0.008525
1464.318301,0.008612
1464.785640,0.008699
1465.257693,0.008786
1465.734464,0.008874
1466.215973,0.008962
1466.702245,0.009050
1467.193286,0.009139
1467.689117,0.009227
1468.189751,0.009316
1468.695212,0.009406
1469.205503,0.009495
1469.720550,0.009583
1470.240331,0.009670
1470.764864,0.009758
1471.294171,0.009847
1471.828264,0.009936
1472.367176,0.010025
1472.910907,0.010115
1473.459489,0.010205
1474.012933,0.010295
1474.571265,0.010386
1475.134501,0.010477
1475.702662,0.010568
1476.275767,0.010660
1476.853838,0.010752
1477.436892,0.010844
1478.024950,0.010938
1478.618035,0.011031
1479.216161,0.011124
1479.819356,0.011218
1480.427644,0.011313
1481.041043,0.011407
1481.659565,0.011503
1482.283252,0.011599
1482.912062,0.011692
1483.545936,0.011787
1484.184892,0.011881
1484.828955,0.011975
1485.478145,0.012070
1486.132491,0.012166
1486.792009,0.012262
1487.456734,0.012359
1488.126673,0.012456
1488.801861,0.012553
1489.482320,0.012651
1490.168077,0.012749
1490.859150,0.012848
1491.555569,0.012947
1492.257349,0.013047
1492.964535,0.013147
1493.677138,0.013248
1494.395185,0.013349
1495.118705,0.013450
1495.847722,0.013553
1496.582263,0.013655
1497.322307,0.013756
1498.067794,0.013857
1498.818746,0.013958
1499.575199,0.014061
1500.025138,0.000201
1500.036338,0.000213
1500.048200,0.000226
1500.060787,0.000240
1500.074164,0.000255
1500.088395,0.000272
1500.103542,0.000290
1500.119704,0.000309
1500.136951,0.000330
1500.155357,0.000352
1500.175019,0.000376
1500.196007,0.000402
1500.218426,0.000429
1500.242346,0.000458
1500.267847,0.000487
1500.294990,0.000518
1500.323840,0.000551
1500.354453,0.000584
1500.386862,0.000618
1500.421120,0.000652
1500.457240,0.000686
1500.495256,0.000722
1500.535180,0.000757
1500.577039,0.000794
1500.620839,0.000830
1500.666599,0.000866
1500.714324,0.000902
1500.764038,0.000940
1500.815751,0.000977
1500.869479,0.001014
1500.925229,0.001052
1500.983039,0.001090
1501.042907,0.001128
1501.104859,0.001167
1501.168920,0.001207
1501.235102,0.001246
1501.303431,0.001285
1501.373911,0.001326
1501.446579,0.001367
1501.521455,0.001407
1501.598556,0.001449
1501.677911,0.001491
1501.759539,0.001533
1501.843462,0.001576
1501.929699,0.001619
1502.018277,0.001663
1502.109222,0.001707
1502.202563,0.001751
1502.298316,0.001796
1502.396512,0.001841
1502.497172,0.001888
1502.600324,0.001934
1502.705992,0.001981
1502.814211,0.002029
1502.924999,0.002076
1503.038390,0.002125
1503.154405,0.002173
1503.273078,0.002223
1503.394438,0.002272
1503.518512,0.002323
1503.645324,0.002374
1503.774915,0.002426
1503.907310,0.002478
1504.042539,0.002532
1504.180633,0.002585
1504.321625,0.002639
1504.465542,0.002693
1504.612429,0.002748
1504.762303,0.002804
1504.915211,0.002860
1505.071183,0.002917
1505.230251,0.002975
1505.392452,0.003033
1505.557815,0.003092
1505.726381,0.003152
1505.898194,0.003212
1506.073282,0.003274
1506.251683,0.003335
1506.433434,0.003398
1506.618575,0.003461
1506.807149,0.003524
1506.999180,0.003589
1507.194668,0.003652
1507.393621,0.003718
1507.596074,0.003783
1507.802081,0.003848
1508.011671,0.003915
1508.224891,0.003983
1508.441781,0.004052
1508.662375,0.004120
1508.886723,0.004190
1509.114874,0.004261
1509.346863,0.004333
1509.582744,0.004405
1509.822563,0.004478
1510.066358,0.004553
1510.314181,0.004628
1510.566070,0.004704
1510.822082,0.004780
1511.082259,0.004858
1511.346662,0.004937
1511.615334,0.005016
1511.888320,0.005096
1512.165677,0.005178
1512.447454,0.005260
1512.733697,0.005343
1513.024472,0.005428
1513.319826,0.005513
1513.619818,0.005600
1513.924496,0.005687
1514.233925,0.005775
1514.548154,0.005865
1514.867245,0.005955
1515.191248,0.006047
1515.520226,0.006140
1515.854249,0.006234
1516.193368,0.006328
1516.537644,0.006425
1516.887137,0.006522
1517.241915,0.006620
1517.602035,0.006720
1517.967566,0.006820
1518.338570,0.006923
1518.715116,0.007026
1519.097262,0.007130
1519.485080,0.007236
1519.878639,0.007342
1520.278005,0.007451
1520.683254,0.007561
1521.094453,0.007672
1521.511666,0.007784
1521.934977,0.007897
1522.364455,0.008012
1522.800166,0.008128
1523.242190,0.008246
1523.690605,0.008365
1524.145482,0.008484
1524.606818,0.008604
1525.074628,0.008725
1525.549000,0.008847
1526.030011,0.008971
1526.517732,0.009096
1527.012239,0.009222
1527.513623,0.009350
1528.021954,0.009480
1528.537316,0.009611
1529.059781,0.009743
1529.589438,0.009877
1530.126369,0.010013
1530.670660,0.010149
1531.222389,0.010288
1531.781655,0.010429
1532.348529,0.010570
1532.923108,0.010714
1533.505470,0.010858
1534.095707,0.011005
1534.693914,0.011153
1535.300171,0.011304
1535.914578,0.011456
1536.537222,0.011609
1537.168187,0.011764
1537.807583,0.011921
1538.455488,0.012079
1539.112007,0.012240
1539.777225,0.012402
1540.451249,0.012566
1541.134172,0.012731
1541.826087,0.012898
1542.527055,0.013066
1543.237035,0.013233
1543.956108,0.013402
1544.684371,0.013574
1545.421923,0.013747
1546.168862,0.013921
1546.925286,0.014098
1547.691281,0.014276
1548.466962,0.014457
1549.252422,0.014639
1550.047761,0.014822
1550.853079,0.015008
1551.668474,0.015196
1552.494049,0.015385
1553.329905,0.015577
1554.176148,0.015770
1555.032873,0.015965
1555.900184,0.016162
1556.778191,0.016361
1557.667001,0.016562
1558.566710,0.016765
1559.477423,0.016970
1560.020791,0.000224
1560.033286,0.000239
1560.046628,0.000256
1560.060899,0.000274
1560.076190,0.000293
1560.092598,0.000315
1560.110229,0.000339
1560.129202,0.000365
1560.149638,0.000393
1560.171663,0.000423
1560.195383,0.000456
1560.220941,0.000492
1560.248447,0.000529
1560.278010,0.000567
1560.309717,0.000608
1560.343658,0.000650
1560.379913,0.000694
1560.418522,0.000738
1560.459531,0.000783
1560.502982,0.000827
1560.548897,0.000873
1560.597298,0.000920
1560.648201,0.000967
1560.701631,0.001014
1560.757599,0.001060
1560.816136,0.001108
1560.877252,0.001156
1560.940977,0.001205
1561.007335,0.001253
1561.076338,0.001303
1561.148024,0.001353
1561.222421,0.001403
1561.299542,0.001454
1561.379426,0.001506
1561.462105,0.001558
1561.547599,0.001610
1561.635946,0.001662
1561.727176,0.001717
1561.821320,0.001771
1561.918405,0.001826
1562.018461,0.001881
1562.121525,0.001937
1562.227637,0.001993
1562.336816,0.002051
1562.449110,0.002109
1562.564541,0.002167
1562.683149,0.002226
1562.804975,0.002286
1562.930050,0.002348
1563.058412,0.002409
1563.190096,0.002470
1563.325145,0.002532
1563.463586,0.002596
1563.605462,0.002661
1563.750820,0.002725
1563.899692,0.002790
1564.052124,0.002857
1564.208147,0.002923
1564.367809,0.002991
1564.531146,0.003060
1564.698205,0.003129
1564.869033,0.003199
1565.043665,0.003270
1565.222152,0.003342
1565.404533,0.003415
1565.590858,0.003488
1565.781172,0.003562
1565.975517,0.003638
1566.173935,0.003713
1566.376483,0.003790
1566.583202,0.003868
1566.794142,0.003946
1567.009299,0.004024
1567.228666,0.004102
1567.452292,0.004182
1567.680226,0.004262
1567.912521,0.004343
1568.149219,0.004425
1568.390372,0.004508
1568.636036,0.004592
1568.886252,0.004677
1569.141077,0.004763
1569.400564,0.004850
1569.664772,0.004937
1569.933742,0.005026
1570.207541,0.005116
1570.486207,0.005207
1570.769810,0.005299
1571.058393,0.005392
1571.352021,0.005485
1571.650753,0.005581
1571.954635,0.005677
1572.263732,0.005774
1572.578102,0.005872
1572.897801,0.005970
1573.222881,0.006071
1573.553415,0.006172
1573.889458,0.006275
1574.231073,0.006379
1574.578320,0.006484
1574.931254,0.006590
1575.289937,0.006697
1575.654440,0.006806
1576.024824,0.006915
1576.401150,0.007025
1576.783485,0.007137
1577.171890,0.007250
1577.566431,0.007365
1577.967177,0.007480
1578.374193,0.007597
1578.787542,0.007715
1579.207293,0.007834
1579.633506,0.007955
1580.066264,0.008076
1580.505628,0.008199
1580.951671,0.008323
1581.404454,0.008449
1581.864050,0.008576
1582.330527,0.008704
1582.803928,0.008831
1583.284207,0.008959
1583.771412,0.009089
1584.265626,0.009219
1584.766907,0.009350
1585.275324,0.009482
1585.790944,0.009617
1586.313851,0.009752
1586.844104,0.009889
1587.381777,0.010027
1587.926940,0.010167
1588.479666,0.010308
1589.040022,0.010449
1589.608080,0.010592
1590.183917,0.010737
1590.767597,0.010883
1591.359208,0.011031
1591.958817,0.011179
1592.566494,0.011330
1593.182320,0.011481
1593.806355,0.011634
1594.438687,0.011789
1595.079385,0.011944
1595.728532,0.012101
1596.386192,0.012260
1597.052447,0.012420
1597.727367,0.012581
1598.411037,0.012743
1599.103428,0.012904
1599.804519,0.013066
1600.514370,0.013229
1601.233059,0.013393
1601.960655,0.013559
1602.697244,0.013726
1603.442890,0.013894
1604.197673,0.014064
1604.961667,0.014235
1605.734946,0.014408
1606.517588,0.014582
1607.309664,0.014757
1608.111252,0.014934
1608.922426,0.015113
1609.743266,0.015293
1610.573851,0.015473
1611.414247,0.015656
1612.264543,0.015840
1613.124813,0.016026
1613.995137,0.016212
1614.875481,0.016397
1615.765793,0.016582
1616.666143,0.016768
1617.576608,0.016956
1618.497262,0.017146
1619.428183,0.017337
1620.019113,0.000313
1620.036824,0.000344
1620.056267,0.000378
1620.077687,0.000417
1620.101371,0.000462
1620.127631,0.000513
1620.156807,0.000571
1620.189264,0.000634
1620.225357,0.000705
1620.265436,0.000782
1620.309821,0.000865
1620.358769,0.000951
1620.412492,0.001041
1620.471151,0.001134
1620.534866,0.001228
1620.603730,0.001324
1620.677813,0.001422
1620.757213,0.001521
1620.842003,0.001622
1620.932272,0.001724
1621.028105,0.001828
1621.129606,0.001934
1621.236885,0.002042
1621.350055,0.002152
1621.469232,0.002264
1621.594524,0.002379
1621.726066,0.002496
1621.863982,0.002615
1622.008407,0.002737
1622.159484,0.002861
1622.317342,0.002988
1622.482129,0.003118
1622.653995,0.003250
1622.833092,0.003386
1623.019583,0.003524
1623.213619,0.003666
1623.415385,0.003810
1623.625043,0.003958
1623.842775,0.004110
1624.068758,0.004264
1624.303189,0.004422
1624.546261,0.004584
1624.798172,0.004750
1625.059128,0.004919
1625.329337,0.005093
1625.609019,0.005270
1625.898411,0.005452
1626.197729,0.005638
1626.507220,0.005829
1626.827128,0.006024
1627.157712,0.006224
1627.499207,0.006428
1627.851724,0.006633
1628.215467,0.006844
1628.590705,0.007059
1628.977720,0.007280
1629.376807,0.007506
1629.788260,0.007738
1630.212392,0.007975
1630.649522,0.008220
1631.099970,0.008469
1631.564075,0.008726
1632.042186,0.008988
1632.534657,0.009258
1633.041852,0.009534
1633.564146,0.009817
1634.101929,0.010108
1634.655599,0.010406
1635.225572,0.010711
1635.812255,0.011025
1636.416088,0.011347
1637.037515,0.011676
1637.676990,0.012016
1638.334992,0.012363
1639.011992,0.012720
1639.708496,0.013085
1640.425010,0.013461
1641.162054,0.013846
1641.920169,0.014241
1642.699908,0.014647
1643.501832,0.015063
1644.326519,0.015491
1645.174575,0.015929
1646.046604,0.016379
1646.943099,0.016834
1647.864371,0.017298
1648.811042,0.017775
1649.783763,0.018263
1650.783194,0.018764
1651.810021,0.019278
1652.864939,0.019805
1653.948654,0.020345
1655.061901,0.020899
1656.205418,0.021466
1657.379971,0.022048
1658.586326,0.022645
1659.825285,0.023256
1661.097659,0.023883
1662.404261,0.024525
1663.745937,0.025182
1665.123544,0.025856
1666.537850,0.026538
1667.989175,0.027230
1669.478335,0.027940
1671.006211,0.028665
1672.573694,0.029407
1674.181696,0.030166
1675.831154,0.030943
1677.523003,0.031736
1679.258192,0.032548
1680.043932,0.000436
1680.068851,0.000490
1680.096866,0.000551
1680.128458,0.000622
1680.164155,0.000703
1680.204492,0.000794
1680.249940,0.000893
1680.300922,0.000998
1680.357723,0.001108
1680.420540,0.001220
1680.489426,0.001333
1680.564375,0.001445
1680.645345,0.001556
1680.732291,0.001666
1680.825135,0.001775
1680.923853,0.001883
1681.028387,0.001990
1681.138699,0.002098
1681.254764,0.002204
1681.376550,0.002309
1681.504036,0.002414
1681.637189,0.002519
1681.775988,0.002624
1681.920406,0.002727
1682.070418,0.002831
1682.226015,0.002934
1682.387171,0.003036
1682.553870,0.003139
1682.726082,0.003241
1682.903795,0.003343
1683.086989,0.003444
1683.275648,0.003546
1683.469761,0.003646
1683.669301,0.003747
1683.874261,0.003847
1684.084625,0.003947
1684.300377,0.004046
1684.521506,0.004146
1684.747999,0.004244
1684.979842,0.004344
1685.217009,0.004442
1685.459361,0.004536
1685.706836,0.004631
1685.959421,0.004726
1686.217116,0.004821
1686.479910,0.004915
1686.747797,0.005009
1687.020764,0.005103
1687.298807,0.005197
1687.581930,0.005291
1687.870115,0.005384
1688.163363,0.005478
1688.461670,0.005572
1688.765039,0.005666
1689.073451,0.005759
1689.386920,0.005852
1689.705429,0.005946
1690.028982,0.006040
1690.357583,0.006133
1690.691222,0.006226
1691.029900,0.006319
1691.373610,0.006413
1691.722373,0.006506
1692.076168,0.006599
1692.435003,0.006692
1692.798885,0.006786
1693.167813,0.006880
1693.541792,0.006973
1693.920811,0.007066
1694.304887,0.007160
1694.694023,0.007254
1695.088215,0.007347
1695.487472,0.007441
1695.891753,0.007533
1696.300942,0.007624
1696.715045,0.007715
1697.134063,0.007806
1697.558003,0.007897
1697.986867,0.007989
1698.420666,0.008080
1698.859414,0.008172
1699.303113,0.008264
1699.751770,0.008355
1700.205399,0.008447
1700.664001,0.008540
1701.127591,0.008632
1701.596171,0.008725
1702.069752,0.008817
1702.548356,0.008910
1703.031981,0.009004
1703.520637,0.009096
1704.014332,0.009190
1704.513088,0.009284
1705.016906,0.009378
1705.525799,0.009472
1706.039781,0.009566
1706.558864,0.009661
1707.083053,0.009755
1707.612248,0.009847
1708.146420,0.009939
1708.685585,0.010032
1709.229756,0.010124
1709.778943,0.010218
1710.333164,0.010310
1710.892428,0.010404
1711.456749,0.010498
1712.026142,0.010592
1712.600611,0.010686
1713.180186,0.010782
1713.764879,0.010876
1714.354695,0.010971
1714.949656,0.011066
1715.549775,0.011162
1716.155073,0.011258
1716.765560,0.011354
1717.381254,0.011451
1718.002164,0.011548
1718.628307,0.011645
1719.259697,0.011741
1719.896239,0.011836
1720.537918,0.011932
1721.184744,0.012026
1721.836725,0.012123
1722.493891,0.012219
1723.156253,0.012315
1723.823822,0.012412
1724.496624,0.012509
1725.174667,0.012606
1725.857975,0.012703
1726.546557,0.012801
1727.240436,0.012899
1727.939637,0.012998
1728.644169,0.013097
1729.354051,0.013197
1730.069296,0.013296
1730.789925,0.013396
1731.515955,0.013496
1732.247385,0.013595
1732.984115,0.013693
1733.726151,0.013792
1734.473510,0.013890
1735.226209,0.013989
1735.984265,0.014089
1736.747695,0.014188
1737.516524,0.014289
1738.290757,0.014389
1739.070420,0.014490
1739.855531,0.014591
1740.024365,0.000337
1740.043445,0.000371
1740.064515,0.000411
1740.087882,0.000456
1740.113890,0.000509
1740.142925,0.000568
1740.175390,0.000636
1740.211727,0.000712
1740.252354,0.000796
1740.297664,0.000886
1740.348007,0.000981
1740.403664,0.001083
1740.464849,0.001187
1740.531742,0.001293
1740.604465,0.001402
1740.683147,0.001514
1740.767907,0.001628
1740.858868,0.001744
1740.956167,0.001863
1741.059951,0.001984
1741.170369,0.002108
1741.287588,0.002236
1741.411786,0.002367
1741.543143,0.002501
1741.681845,0.002639
1741.828098,0.002781
1741.982102,0.002926
1742.144076,0.003076
1742.314248,0.003230
1742.492852,0.003388
1742.680142,0.003552
1742.876356,0.003719
1743.081774,0.003893
1743.296682,0.004071
1743.521372,0.004255
1743.756140,0.004444
1744.001322,0.004640
1744.257240,0.004843
1744.524245,0.005052
1744.802710,0.005267
1745.093029,0.005490
1745.395604,0.005721
1745.710860,0.005961
1746.039245,0.006208
1746.381229,0.006464
1746.737302,0.006730
1747.107992,0.007006
1747.493847,0.007292
1747.895439,0.007589
1748.313380,0.007897
1748.748118,0.008213
1749.200206,0.008540
1749.670346,0.008881
1750.159272,0.009236
1750.667762,0.009606
1751.196653,0.009992
1751.746829,0.010395
1752.319221,0.010815
1752.914812,0.011255
1753.534664,0.011714
1754.179894,0.012196
1754.851707,0.012700
1755.551378,0.013228
1756.280281,0.013783
1757.039869,0.014366
1757.831711,0.014979
1758.657497,0.015624
1759.519023,0.016303
1760.418237,0.017021
1761.357233,0.017778
1762.338272,0.018579
1763.363804,0.019428
1764.436480,0.020327
1765.559183,0.021282
1766.735039,0.022298
1767.967461,0.023379
1769.260174,0.024533
1770.617277,0.025767
1772.043258,0.027087
1773.543047,0.028504
1775.122106,0.030027
1776.786483,0.031668
1778.542622,0.033426
1780.397296,0.035326
1782.358737,0.037387
1784.436207,0.039630
1786.640166,0.042080
1788.982486,0.044765
1791.476699,0.047717
1794.138309,0.050978
1796.985223,0.054595
1800.000000,0.034487
