sigma10,R10,bg10,sigma15,R15,bg15
1100.19,8.464987156,6.98556462066371,1100.19,9.963197886,7.72575735205918
1100.672,8.404430546,7.00877277057315,1100.672,9.923519952,7.74816877592974
1101.155,8.354623717,7.0319766255052,1101.155,9.891998353,7.77057873536367
1101.637,8.279973185,7.0550802022441,1101.637,9.841858461,7.79289452144072
1102.119,8.242966414,7.0781316947847,1102.119,9.797259433,7.81516266683747
1102.601,8.183221648,7.10113120167355,1102.601,9.774971368,7.83738325711371
1103.083,8.129539608,7.12407882131662,1103.083,9.735068769,7.85955637771211
1103.565,8.078120908,7.14697465197938,1103.565,9.72376312,7.88168211395836
1104.047,8.034073993,7.16981879178701,1104.047,9.676014123,7.90376055106127
1104.529,7.990089712,7.19261133872448,1104.529,9.64202455,7.92579177411291
1105.011,7.932956524,7.21535239063673,1105.011,9.602694482,7.94777586808867
1105.494,7.894353647,7.23808906584135,1105.494,9.537419924,7.96975838155532
1105.976,7.861508794,7.2607273143488,1105.976,9.498771643,7.99164837450127
1106.458,7.809212339,7.28331436072896,1106.458,9.451173596,8.01349149277427
1106.94,7.782777565,7.30585030226771,1106.94,9.413493559,8.03528782088405
1107.422,7.71658984,7.32833523611157,1107.422,9.339685425,8.05703744322421
1107.904,7.676217432,7.35076925926788,1107.904,9.304042794,8.07874044407245
1108.386,7.628715612,7.37315246860492,1108.386,9.239827799,8.10039690759056
1108.868,7.585179924,7.39548496085203,1108.868,9.179428256,8.1220069178246
1109.35,7.517995887,7.41776683259976,1109.35,9.165029889,8.14357055870503
1109.833,7.491318694,7.44004425097532,1109.833,9.095768107,8.16513250780724
1110.315,7.443302387,7.46222506641974,1110.315,9.058235782,8.18660356554226
1110.797,7.396977985,7.48435555050457,1110.797,9.010510134,8.20802850519561
1111.279,7.367259737,7.50643579926635,1111.279,8.951804808,8.22940741023612
1111.761,7.287472426,7.52846590860354,1111.761,8.919375374,8.25074036401749
1112.243,7.269994418,7.55044597427665,1112.243,8.848782227,8.27202744977855
1112.725,7.256386978,7.57237609190838,1112.725,8.771481528,8.29326875064323
1113.207,7.186031637,7.59425635698378,1113.207,8.721983551,8.31446434962076
1113.689,7.145105482,7.61608686485035,1113.689,8.682513105,8.33561432960573
1114.172,7.140643263,7.6379128476376,1114.172,8.612298302,8.35676251125394
1114.654,7.099517092,7.65964402384239,1114.654,8.549713271,8.3778214072636
1115.136,7.045474752,7.6813257282539,1115.136,8.512132156,8.39883493244909
1115.618,7.004472521,7.70295805567064,1115.618,8.452288761,8.41980316924743
1116.1,6.970316209,7.72454110075426,1116.1,8.412801794,8.44072619998158
1116.582,6.940563169,7.74607495802974,1116.582,8.363507311,8.46160410686059
1117.064,6.893561613,7.76755972188547,1117.064,8.315082174,8.4824369719796
1117.546,6.8630252,7.78899548657344,1117.546,8.270881451,8.5032248773201
1118.029,6.839257711,7.81042666651602,1118.029,8.227463154,8.52401089348287
1118.511,6.825028937,7.83176461390926,1118.511,8.180040623,8.54470903190324
1118.993,6.777353652,7.85305384426811,1118.993,8.135104929,8.56536245597754
1119.475,6.760790808,7.87429445129999,1119.475,8.091336314,8.58597124723325
1119.957,6.718206469,7.89548652857657,1119.957,8.06246605,8.60653548708466
1120.439,6.705619336,7.91663016953393,1120.439,7.984405858,8.62705525683299
1120.921,6.694352395,7.93772546747269,1120.921,7.937809345,8.64753063766656
1121.403,6.662562776,7.95877251555818,1121.403,7.896072357,8.66796171066085
1121.885,6.642058717,7.97977140682053,1121.885,7.848419763,8.6883485567786
1122.368,6.618331838,8.00076565070364,1122.368,7.830762566,8.70873341580833
1122.85,6.612205524,8.02166840744114,1122.85,7.799200633,8.72903195927304
1123.332,6.627706538,8.04252328582822,1123.332,7.775091336,8.74928651824142
1123.814,6.605882984,8.06333037835538,1123.814,7.748613353,8.76949717322623
1124.296,6.585677417,8.08408977737864,1124.296,7.733121141,8.78966400462806
1124.778,6.577701044,8.10480157511964,1124.778,7.69879753,8.80978709273542
1125.26,6.597946521,8.12546586366585,1125.26,7.683894872,8.82986651772491
1125.742,6.585949698,8.14608273497059,1125.742,7.654132275,8.84990235966129
1126.225,6.58984725,8.16669490712871,1126.225,7.650331296,8.86993613121307
1126.707,6.582100956,8.18721712137489,1126.707,7.616926476,8.88988495678388
1127.189,6.567343067,8.20769219362636,1127.189,7.584605694,8.90979043899124
1127.671,6.566128768,8.22812021530122,1127.671,7.58017435,8.92965265745343
1128.153,6.598956218,8.2485012776842,1128.153,7.570458355,8.94947169167748
1128.635,6.564806073,8.26883547192674,1128.635,7.526326283,8.96924762105922
1129.117,6.565916192,8.28912288904717,1129.117,7.511744284,8.98898052488343
1129.599,6.555725896,8.30936361993081,1129.599,7.495030425,9.00867048232395
1130.082,6.560852663,8.32959960350367,1130.082,7.466993316,9.02835828953586
1130.564,6.544441993,8.34974713764943,1130.564,7.450348415,9.04796250259662
1131.046,6.542357128,8.3698482576054,1131.046,7.428397473,9.06752400629399
1131.528,6.549691563,8.38990305372604,1131.528,7.409649677,9.08704287935887
1132.01,6.56090475,8.40991161623347,1132.01,7.374544185,9.10651920041172
1132.492,6.561935297,8.42987403521766,1132.492,7.39365616,9.12595304796276
1132.974,6.591764262,8.44979040063651,1132.974,7.36868329,9.14534450041196
1133.456,6.57010285,8.46966080231605,1133.456,7.354648237,9.16469363604927
1133.938,6.599059441,8.48948532995052,1133.938,7.341307506,9.18400053305466
1134.421,6.625093579,8.50930506030859,1134.421,7.35328867,9.20330519405942
1134.903,6.635762125,8.52903801369908,1134.903,7.319978579,9.22252776067417
1135.385,6.652405289,8.54872536152307,1135.385,7.336720551,9.24170832269959
1135.867,6.674269167,8.5683671929488,1135.867,7.308906865,9.26084695787663
1136.349,6.711933019,8.58796359701342,1136.349,7.307454581,9.27994374383686
1136.831,6.729176012,8.6075146626231,1136.831,7.323926469,9.29899875810248
1137.313,6.772789139,8.62702047855321,1137.313,7.30138544,9.31801207808656
1137.795,6.799275087,8.6464811334484,1137.795,7.294180622,9.33698378109302
1138.277,6.812358525,8.66589671582278,1138.277,7.318088595,9.35591394431682
1138.76,6.856991696,8.68530745532356,1138.76,7.321940433,9.37484178997248
1139.242,6.873053909,8.70463306462374,1139.242,7.318646565,9.39368901899788
1139.724,6.909118309,8.72391386634613,1139.724,7.322557095,9.41249493933202
1140.206,6.962266093,8.74314994848367,1140.206,7.337562199,9.43125962773478
1140.688,6.968060786,8.76234139889944,1140.688,7.333853616,9.4499831608576
1141.17,7.019229909,8.78148830532675,1141.17,7.351322378,9.46866561524358
1141.652,7.04939018,8.80059075536929,1141.652,7.363590073,9.48730706732758
1142.134,7.083214921,8.81964883650129,1142.134,7.37499989,9.50590759343638
1142.616,7.131281022,8.8386626360676,1142.616,7.396375514,9.52446726978872
1143.099,7.187862829,8.85767155143185,1143.099,7.418587926,9.54302455112408
1143.581,7.241364737,8.87659695796625,1143.581,7.426903446,9.56150267183222
1144.063,7.258419355,8.89547834437508,1144.063,7.480004789,9.57994017095053
1144.545,7.297580825,8.91431579748684,1144.545,7.49348295,9.59833712426653
1145.027,7.354415042,8.93310940400142,1145.027,7.525498892,9.61669360746035
1145.509,7.404831057,8.9518592504901,1145.509,7.553252108,9.63500969610472
1145.991,7.456720898,8.97056542339576,1145.991,7.573053849,9.65328546566512
1146.473,7.492212639,8.98922800903302,1146.473,7.621368938,9.67152099149989
1146.956,7.538667831,9.00788567723494,1146.956,7.654296615,9.68975405686152
1147.438,7.566349939,9.02646125678342,1147.438,7.679941936,9.70790923778882
1147.92,7.619137241,9.04499350741706,1147.92,7.715976327,9.72602440057922
1148.402,7.678460028,9.0634825149384,1148.402,7.730365095,9.74409962016334
1148.884,7.732503148,9.08192836502236,1148.884,7.769406535,9.76213497136516
1149.366,7.770054043,9.10033114321635,1149.366,7.82383688,9.78013052890217
1149.848,7.830270797,9.11869093494046,1149.848,7.84079151,9.79808636738545
1150.33,7.880599256,9.13700782548753,1150.33,7.877009601,9.8160025613198
1150.812,7.928817815,9.15528190002333,1150.812,7.92811742,9.83387918510385
1151.295,7.98497068,9.17355102359113,1151.295,7.968289233,9.85175327851528
1151.777,8.028724731,9.19173963270482,1151.777,7.996948005,9.86955090305968
1152.259,8.083224766,9.20988568071909,1152.259,8.02776985,9.8873091801672
1152.741,8.140995459,9.22798925229239,1152.741,8.066062801,9.90502818381254
1153.223,8.195763753,9.24605043195673,1153.223,8.095689611,9.9227079878648
1153.705,8.225219284,9.26406930411786,1153.705,8.15705978,9.94034866608753
1154.187,8.297151629,9.28204595305535,1154.187,8.193505271,9.95795029213882
1154.669,8.364119677,9.29998046292275,1154.669,8.263761463,9.97551293957149
1155.152,8.408411291,9.31790999536538,1155.152,8.272900623,9.99307299775391
1155.634,8.480490886,9.33576039205975,1155.634,8.340099702,10.010557827699
1156.116,8.539910845,9.3535689015634,1156.116,8.371002579,10.0280038992048
1156.598,8.593908872,9.37133560752677,1156.598,8.425567999,10.0454112854035
1157.08,8.650695838,9.38906059347496,1157.08,8.468620471,10.0627800593226
1157.562,8.729123136,9.40674394280777,1157.562,8.528773207,10.080110293885
1158.044,8.788723422,9.42438573879993,1158.044,8.553596915,10.0974020619089
1158.526,8.862791781,9.44198606460116,1158.526,8.627791513,10.1146554361081
1159.009,8.925172482,9.45958138960531,1159.009,8.681562843,10.1319061651849
1159.491,8.978627491,9.47709893836715,1159.491,8.7313552,10.1490828901796
1159.973,9.061266225,9.49457526581024,1159.973,8.765162113,10.166221439015
1160.455,9.103705483,9.51201045458542,1160.455,8.84087082,10.1833218839879
1160.937,9.161397041,9.5294045872192,1160.937,8.865455579,10.2003842972909
1161.419,9.23217171,9.54675774611387,1161.419,8.932263157,10.217408751013
1161.901,9.297824497,9.56407001354767,1161.901,9.011741377,10.2343953171393
1162.383,9.362974995,9.58134147167489,1162.383,9.064690807,10.2513440675513
1162.865,9.436503547,9.59857220252601,1162.865,9.105453491,10.2682550740269
1163.348,9.48946433,9.61579790989165,1163.348,9.15486484,10.2851633760477
1163.83,9.544158216,9.63294734771556,1163.83,9.206016211,10.3019990316356
1164.312,9.61827268,9.65005630378255,1164.312,9.293207658,10.318797158149
1164.794,9.679969992,9.66712485962891,1164.794,9.327749097,10.3355578269527
1165.276,9.72902467,9.68415309666776,1165.276,9.399148698,10.3522811093083
1165.758,9.816512152,9.7011410961892,1165.758,9.451090409,10.3689670763747
1166.24,9.872629866,9.71808893936043,1166.24,9.512619314,10.3856157992078
1166.722,9.921649218,9.73499670722584,1166.722,9.57133539,10.4022273487608
1167.204,10.00688983,9.75186448070724,1167.204,9.638073273,10.4188017958846
1167.687,10.04934773,9.76872721174222,1167.687,9.717286735,10.4353734828725
1168.169,10.13516332,9.78551515617387,1168.169,9.770439217,10.4518738606706
1168.651,10.18806911,9.80226334841925,1168.651,9.833345544,10.4683373481234
1169.133,10.24195895,9.81897186891062,1169.133,9.896323116,10.4847640156718
1169.615,10.31267544,9.83564079795822,1169.615,9.94505293,10.5011539336552
1170.097,10.37053635,9.85227021575042,1170.097,10.00442783,10.5175071723107
1170.579,10.42652151,9.86886020235388,1170.579,10.07314891,10.5338238017735
1171.061,10.48112251,9.88541083771361,1171.061,10.13512275,10.5501038920772
1171.543,10.55695455,9.90192220165316,1171.543,10.20499545,10.5663475131538
1172.026,10.57990582,9.91842850782147,1172.026,10.26425836,10.5825883219862
1172.508,10.66830045,9.93486148684314,1172.508,10.30012184,10.5987591386978
1172.99,10.73802724,9.95125543335239,1172.99,10.39263572,10.6148936955135
1173.472,10.77759668,9.96761042668787,1173.472,10.47487273,10.6309920619594
1173.954,10.83729695,9.98392654606738,1173.954,10.5164571,10.6470543074606
1174.436,10.90575053,10.000203870588,1174.436,10.58542941,10.663080501341
1174.918,10.95209056,10.0164424792263,1174.918,10.63372797,10.6790707128237
1175.4,11.03018197,10.0326424508383,1175.4,10.70431109,10.695025011031
1175.883,11.06679249,10.0488373540363,1175.883,10.77805863,10.7109764536104
1176.365,11.12096326,10.0649602079309,1176.365,10.83014989,10.7268590580798
1176.847,11.1718572,10.0810446608087,1176.847,10.92308329,10.7427059561794
1177.329,11.23455833,10.0970907910449,1177.329,10.97725833,10.7585172166289
1177.811,11.31302348,10.113098676895,1177.811,11.03021149,10.774292908048
1178.293,11.34634993,10.1290683964946,1178.293,11.09648054,10.7900330989558
1178.775,11.38997273,10.14500002786,1178.775,11.15022607,10.8057378577717
1179.257,11.43269221,10.1608936488879,1179.257,11.2090472,10.8214072528148
1179.74,11.49382054,10.1767821935982,1179.74,11.27863795,10.8370737515532
1180.222,11.54366316,10.1925999487078,1180.222,11.34984621,10.8526725505939
1180.704,11.62385157,10.2083799266156,1180.704,11.40218704,10.8682361903615
1181.186,11.65345559,10.2241222047417,1181.186,11.47625693,10.8837647387763
1181.668,11.70109422,10.2398268603871,1181.668,11.50617864,10.8992582636588
1182.15,11.75886619,10.2554939707346,1182.15,11.58181859,10.9147168327302
1182.632,11.79921958,10.2711236128481,1182.632,11.64411338,10.9301405136125
1183.114,11.86588068,10.2867158636731,1183.114,11.69934823,10.9455293738285
1183.596,11.91119176,10.3022708000371,1183.596,11.76026485,10.9608834808019
1184.079,11.96524715,10.3178206543891,1184.079,11.81089385,10.9762346488794
1184.561,11.99292794,10.3333011148219,1184.561,11.88437007,10.9915193794898
1185.043,12.04312822,10.3487444907254,1185.043,11.96147376,11.0067695586745
1185.525,12.09484683,10.3641508584549,1185.525,11.97881082,11.0219852534618
1186.007,12.11218308,10.3795202942478,1186.007,12.07815557,11.0371665307814
1186.489,12.18138483,10.394852874224,1186.489,12.12738191,11.0523134574645
1186.971,12.23847452,10.4101486743861,1186.971,12.15310757,11.0674261002441
1187.453,12.26009029,10.4254077706192,1187.453,12.21979208,11.0825045257548
1187.936,12.30334204,10.4406617825532,1187.936,12.27965215,11.0975799772679
1188.418,12.36232099,10.4558476223592,1188.418,12.33231386,11.1125900971068
1188.9,12.38177402,10.4709969853462,1188.9,12.39297915,11.1275661991298
1189.382,12.42751786,10.4861099469312,1189.382,12.44118468,11.1425083495793
1189.864,12.47186746,10.5011865824147,1189.864,12.4929578,11.1574166146001
1190.346,12.51302569,10.5162269669807,1190.346,12.54937985,11.1722910602391
1190.828,12.53836394,10.5312311756966,1190.828,12.6013387,11.1871317524459
1191.31,12.6019507,10.5461992835136,1191.31,12.64281786,11.2019387570726
1191.792,12.62239921,10.5611313652668,1191.792,12.6820255,11.216712139874
1192.275,12.66748812,10.5760583631907,1192.275,12.72438723,11.2314825122248
1192.757,12.71071991,10.5909185425021,1192.757,12.77379613,11.2461887788363
1193.239,12.72599917,10.6057429197136,1193.239,12.82302529,11.2608616204395
1193.721,12.75755406,10.6205315691967,1193.721,12.87721572,11.2755011024005
1194.203,12.80455933,10.6352845652075,1194.203,12.90353427,11.2901072899887
1194.685,12.82701109,10.6500019818862,1194.685,12.96808353,11.3046802483768
1195.167,12.84587785,10.6646838932583,1195.167,13.01213149,11.3192200426406
1195.649,12.8781555,10.6793303732338,1195.649,13.06428481,11.3337267377598
1196.131,12.89600554,10.6939414956077,1196.131,13.09961237,11.3482003986174
1196.614,12.92431334,10.7085475377624,1196.614,13.14872907,11.362671015714
1197.096,12.950768,10.7230880928845,1197.096,13.18948296,11.3770787341123
1197.578,12.96279459,10.7375935112535,1197.578,13.23785989,11.3914536124544
1198.06,12.98297747,10.7520638662052,1198.06,13.29020347,11.4057957152386
1198.542,13.00955693,10.7664992309611,1198.542,13.32163541,11.4201051068671
1199.024,13.03328441,10.7808996786284,1199.024,13.37861306,11.4343818516461
1199.506,13.0733705,10.7952652822002,1199.506,13.4133859,11.4486260137865
1199.988,13.08885867,10.8095961145554,1199.988,13.45820193,11.4628376574032
1200.47,13.11316285,10.823892248459,1200.47,13.49108216,11.4770168465157
1200.953,13.12666374,10.8381833088104,1200.953,13.50627755,11.4911929616269
1201.435,13.14600031,10.8524101920392,1201.435,13.5697679,11.5053073664063
1201.917,13.18560855,10.8666025945796,1201.917,13.59040595,11.5193895083001
1202.399,13.1759251,10.8807605887419,1202.399,13.62843966,11.5334394509463
1202.881,13.20586587,10.8948842467231,1202.881,13.64012374,11.5474572578883
1203.363,13.22540031,10.9089736406073,1203.363,13.68704705,11.5614429925742
1203.845,13.24277555,10.9230288423652,1203.845,13.70736745,11.5753967183574
1204.327,13.24789277,10.9370499238548,1204.327,13.72788854,11.5893184984967
1204.81,13.26550699,10.9510659402181,1204.81,13.77493461,11.6032371802733
1205.292,13.25869681,10.9650189258765,1205.292,13.78912811,11.6170951925725
1205.774,13.27493794,10.9789380063121,1205.774,13.81968888,11.630921448567
1206.256,13.29504936,10.9928232529323,1206.256,13.84869307,11.6447160111374
1206.738,13.2943079,11.0066747370317,1206.738,13.88118829,11.65847894307
1207.22,13.29550188,11.020492529793,1207.22,13.89781647,11.672210307057
1207.702,13.3039397,11.0342767022869,1207.702,13.92480464,11.6859101656967
1208.184,13.31056015,11.0480273254718,1208.184,13.9539934,11.6995785814932
1208.667,13.32581644,11.0617728942495,1208.667,14.00372863,11.7132438768849
1209.149,13.33421023,11.0754565620082,1209.149,14.00663189,11.726849529222
1209.631,13.33025699,11.0891068928098,1209.631,14.04526428,11.7404239257951
1210.113,13.35747107,11.102723957166,1210.113,14.06538891,11.7539671287335
1210.595,13.35378028,11.1163078254774,1210.595,14.08665857,11.767479200073
1211.077,13.37641344,11.1298585680331,1211.077,14.11183043,11.7809602017561
1211.559,13.36634916,11.1433762550113,1211.559,14.12930647,11.7944101956321
1212.041,13.36290742,11.1568609564791,1212.041,14.15718143,11.8078292434572
1212.523,13.37415037,11.1703127423928,1212.523,14.16881944,11.8212174068945
1213.006,13.38299245,11.1837594886283,1213.006,14.19724214,11.8346024278414
1213.488,13.38210298,11.1971455849324,1213.488,14.20357147,11.8479289433641
1213.97,13.38265169,11.2104989750316,1213.97,14.21387593,11.8612247590582
1214.452,13.35878264,11.2238197284398,1214.452,14.22594118,11.8744899362153
1214.934,13.3716988,11.2371079145607,1214.934,14.25207042,11.8877245360346
1215.416,13.3652317,11.2503636026876,1215.416,14.26861555,11.9009286196227
1215.898,13.36401883,11.263586862004,1215.898,14.27283358,11.914102247994
1216.38,13.38785936,11.2767777615836,1216.38,14.26985277,11.9272454820706
1216.863,13.35471482,11.2899636368899,1216.863,14.27830482,11.9403855563809
1217.345,13.35618527,11.3030899569984,1217.345,14.29876293,11.9534681215221
1217.827,13.33590642,11.316184124075,1217.827,14.29981504,11.9665204747079
1218.309,13.3490288,11.3292462067549,1218.309,14.29561203,11.979542676492
1218.791,13.3179406,11.3422762735635,1218.791,14.29190262,11.9925347873365
1219.273,13.3132629,11.3552743929176,1219.273,14.28938141,12.0054968676117
1219.755,13.29909102,11.3682406331246,1219.755,14.31706823,12.0184289775964
1220.237,13.31589477,11.381175062383,1220.237,14.30061721,12.0313311774779
1220.719,13.29685534,11.3940777487827,1220.719,14.30178304,12.0442035273521
1221.202,13.26360697,11.4069754307693,1221.202,14.27588148,12.0570727006137
1221.684,13.28524141,11.4198147697819,1221.684,14.32032457,12.0698854687775
1222.166,13.26160633,11.4326225696938,1222.166,14.31932463,12.0826685667985
1222.648,13.24343526,11.4453988981607,1222.648,14.29351055,12.0954220544078
1223.13,13.24571434,11.4581438227298,1223.13,14.30436716,12.1081459912456
1223.612,13.19656724,11.4708574108403,1223.612,14.30202015,12.1208404368615
1224.094,13.20935539,11.4835397298235,1224.094,14.28645019,12.1335054507141
1224.576,13.18312906,11.4961908469029,1224.576,14.29545114,12.1461410921717
1225.058,13.19141649,11.508810829194,1225.058,14.31114052,12.1587474205119
1225.541,13.15748335,11.5214258295366,1225.541,14.30402615,12.1713505580689
1226.023,13.14125602,11.5339836789204,1226.023,14.30106347,12.1838983771369
1226.505,13.13569922,11.5465105943564,1226.505,14.29434125,12.1964170605006
1226.987,13.11038163,11.5590066425304,1226.987,14.28211178,12.2089066670764
1227.469,13.10182733,11.5714718900209,1227.469,14.26751445,12.2213672556908
1227.951,13.07950783,11.5839064032995,1227.951,14.26974171,12.23379888508
1228.433,13.03425317,11.596310248731,1228.433,14.24594911,12.2462016138908
1228.915,13.04857376,11.6086834925733,1228.915,14.24351509,12.25857550068
1229.397,13.03017832,11.6210262009777,1229.397,14.23946339,12.2709206039148
1229.88,13.01296174,11.6333639524262,1229.88,14.22295561,12.2832625048052
1230.362,13.00085465,11.6456457249733,1230.362,14.1998749,12.2955501565603
1230.844,12.97645204,11.657897160034,1230.844,14.18942759,12.3078091997465
1231.326,12.96280516,11.670118323334,1231.326,14.17881745,12.3200396924731
1231.808,12.90986425,11.6823092804927,1231.808,14.18126336,12.3322416927603
1232.29,12.92018085,11.6944700970239,1232.29,14.15315596,12.3444152585394
1232.772,12.89518803,11.7066008383352,1232.772,14.14462678,12.3565604476526
1233.254,12.86066124,11.7187015697288,1233.254,14.11595524,12.3686773178532
1233.737,12.81535954,11.7307973684447,1233.737,14.10539845,12.3807909775698
1234.219,12.83779129,11.7428382135633,1234.219,14.10267861,12.3928513243962
1234.701,12.78728777,11.754849244172,1234.701,14.08497381,12.4048835251569
1235.183,12.77815176,11.766830525151,1235.183,14.06780588,12.4168876372506
1235.665,12.74606084,11.7787821212753,1235.665,14.05443413,12.4288637179874
1236.147,12.74984065,11.7907040972149,1236.147,14.04448582,12.4408118245893
1236.629,12.72451826,11.802596517535,1236.629,14.03034144,12.45273201419
1237.111,12.68285007,11.8144594466961,1237.111,14.00914745,12.464624343835
1237.594,12.67487005,11.8263174693441,1237.594,14.00525329,12.4765134568209
1238.076,12.65066308,11.8381215482983,1238.076,13.96935371,12.488350179834
1238.558,12.65264474,11.8498963289801,1238.558,13.95574861,12.5001592136183
1239.04,12.61840845,11.8616418754318,1239.04,13.94989246,12.5119406148676
1239.522,12.60275664,11.8733582515915,1239.522,13.94582314,12.5236944401883
1240.004,12.56776308,11.8850455212933,1240.004,13.91440412,12.535420746099
1240.486,12.54051494,11.8967037482672,1240.486,13.88308381,12.5471195890311
1240.968,12.54184925,11.9083329961394,1240.968,13.85312941,12.5587910253285
1241.45,12.49378012,11.9199333284324,1241.45,13.85940051,12.5704351112478
1241.933,12.47935837,11.9315287858377,1241.933,13.83411255,12.5820759758529
1242.415,12.46174418,11.9430714174635,1242.415,13.80047976,12.5936654729853
1242.897,12.40794732,11.9545853235877,1242.897,13.76121989,12.605227788103
1243.379,12.39184981,11.9660705673188,1243.379,13.73676833,12.6167629771147
1243.861,12.3637969,11.9775272116623,1243.861,13.69654855,12.6282710958418
1244.343,12.32776015,11.9889553195206,1244.343,13.69349477,12.6397522000192
1244.825,12.32006508,12.0003549536932,1244.825,13.66811279,12.6512063452954
1245.307,12.27735728,12.0117261768769,1245.307,13.64642493,12.6626335872321
1245.79,12.2543547,12.0230925551763,1245.79,13.60743259,12.6740576057048
1246.272,12.22258283,12.0344070854424,1246.272,13.59215597,12.6854311517739
1246.754,12.20685195,12.0456933923235,1246.754,13.57206389,12.6967779607856
1247.236,12.19365996,12.0569515381064,1247.236,13.54845866,12.7080980879563
1247.718,12.18422384,12.0681815849752,1247.718,13.52829818,12.7193915884166
1248.2,12.14252416,12.0793835950122,1248.2,13.52001774,12.7306585172111
1248.682,12.12173982,12.0905576301978,1248.682,13.46442559,12.7418989292986
1249.164,12.12766287,12.1017037524103,1249.164,13.45536187,12.7531128795519
1249.646,12.06818782,12.1128220234263,1249.646,13.43904812,12.7643004227584
1250.129,12.07451314,12.1239354853742,1250.129,13.41167147,12.7754847422623
1250.611,12.03585543,12.134998181458,1250.611,13.37580911,12.7866195808921
1251.093,12.01737233,12.1460332111934,1251.093,13.37002559,12.7977281764371
1251.575,12.00648179,12.1570406359509,1251.575,13.33543777,12.8088105833427
1252.057,11.99734203,12.1680205170002,1252.057,13.31469028,12.8198668559691
1252.539,11.99196588,12.1789729155094,1252.539,13.28682682,12.8308970485915
1253.021,11.94179272,12.1898978925461,1253.021,13.26879357,12.8419012153999
1253.503,11.93887738,12.2007955090768,1253.503,13.24320259,12.8528794104996
1253.985,11.91607203,12.2116658259674,1253.985,13.22885736,12.863831687911
1254.468,11.88318418,12.2225313717232,1254.468,13.20318337,12.8747807436297
1254.95,11.87785926,12.2333472152057,1254.95,13.18318005,12.8856812938951
1255.432,11.86217331,12.2441359411682,1255.432,13.15678484,12.8965560881368
1255.914,11.82380615,12.2548976100746,1255.914,13.13810315,12.9074051800366
1256.396,11.82002395,12.2656322822888,1256.396,13.094682,12.9182286231919
1256.878,11.8104216,12.2763400180745,1256.878,13.06696254,12.929026471116
1257.36,11.78436733,12.2870208775956,1257.36,13.06021011,12.939798777238
1257.842,11.76972902,12.2976749209163,1257.842,13.02949787,12.9505455949028
1258.324,11.73758074,12.3083022080008,1258.324,13.03196748,12.9612669773713
1258.807,11.73641325,12.3189247639314,1258.807,13.01192532,12.9719851423454
1259.289,11.71403965,12.329498662838,1259.289,12.98420185,12.9826557613743
1259.771,11.70045762,12.3400459849284,1259.771,12.96877347,12.9933011045969
1260.253,11.66491671,12.350566789769,1260.253,12.94655793,13.0039212249387
1260.735,11.63934385,12.3610611368273,1260.735,12.91475264,13.0145161752421
1261.217,11.64196427,12.3715290854718,1261.217,12.88798861,13.0250860082658
1261.699,11.63356676,12.381970694972,1261.699,12.88145093,13.0356307766854
1262.181,11.62310869,12.3923860244986,1262.181,12.84760103,13.0461505330929
1262.664,11.5986782,12.4027966600755,1262.664,12.852241,13.056667077526
1263.146,11.58131303,12.4131595525562,1263.146,12.83131189,13.0671369157335
1263.628,11.58375862,12.4234963421061,1263.628,12.80885664,13.0775818993154
1264.11,11.5626062,12.4338070875019,1264.11,12.77780137,13.0880020805318
1264.592,11.5493767,12.4440918474218,1264.592,12.7734391,13.0983975115596
1265.074,11.52373503,12.4543506804462,1265.074,12.73368859,13.1087682444935
1265.556,11.54232516,12.4645836450572,1265.556,12.73113661,13.1191143313451
1266.038,11.52217595,12.4747907996392,1266.038,12.70146759,13.1294358240437
1266.521,11.50424667,12.4849932989929,1266.521,12.69577437,13.1397541119282
1267.003,11.49899611,12.4951489550335,1267.003,12.68017746,13.1500265210228
1267.485,11.49161185,12.5052789757326,1267.485,12.65365504,13.1602744913652
1267.967,11.4847654,12.515383419084,1267.967,12.62697196,13.1704980745554
1268.449,11.5020693,12.5254623429841,1268.449,12.63379521,13.1806973221113
1268.931,11.50011571,12.5355158052321,1268.931,12.6095634,13.1908722854689
1269.413,11.49885265,12.5455438635304,1269.413,12.60906558,13.2010230159821
1269.895,11.46752768,12.5555465754839,1269.895,12.60482917,13.2111495649232
1270.377,11.47228422,12.5655239986012,1270.377,12.58052796,13.2212519834827
1270.86,11.47530703,12.5754968118061,1270.86,12.56044775,13.2313512071922
1271.342,11.47754935,12.5854237772198,1271.342,12.56468442,13.2414054684356
1271.824,11.47386048,12.5953256258607,1271.824,12.54064871,13.2514357524854
1272.306,11.45466646,12.6052024148505,1272.306,12.52570401,13.2614421102059
1272.788,11.45967955,12.6150542012147,1272.788,12.51495046,13.2714245923805
1273.27,11.44045696,12.6248810418824,1273.27,12.51209935,13.281383249711
1273.752,11.46102529,12.634682993687,1273.752,12.50336828,13.2913181328187
1274.234,11.42528039,12.6444601133656,1274.234,12.47167199,13.3012292922433
1274.717,11.42726321,12.6542326649238,1274.717,12.45730046,13.3111372673277
1275.199,11.42698584,12.6639602389531,1275.199,12.45961477,13.3210010817253
1275.681,11.41959803,12.6736631506102,1275.681,12.42434477,13.3308413236793
1276.163,11.44171669,12.6833414562492,1276.163,12.42697827,13.3406580434064
1276.645,11.43890842,12.6929952121289,1276.645,12.42714583,13.3504512910431
1277.127,11.43955314,12.7026244744128,1277.127,12.41351956,13.3602211166451
1277.609,11.43070549,12.7122292991691,1277.609,12.40281906,13.369967570188
1278.091,11.45349542,12.721809742371,1278.091,12.39718122,13.3796907015671
1278.573,11.45057409,12.7313658598967,1278.573,12.39218572,13.3893905605974
1279.056,11.46434042,12.740917457957,1279.056,12.36924884,13.3990872489177
1279.538,11.46938624,12.7504250412062,1279.538,12.37869161,13.4087406643503
1280.02,11.46425268,12.7599084659601,1280.02,12.35384282,13.4183709565021
1280.502,11.46908164,12.7693677877179,1280.502,12.34638619,13.4279781748682
1280.984,11.46884167,12.7788030618843,1280.984,12.35731082,13.437562368864
1281.466,11.47202986,12.7882143437697,1281.466,12.36013324,13.4471235878252
1281.948,11.47988841,12.7976016885903,1281.948,12.34996071,13.4566618810083
1282.43,11.47470319,12.8069651514682,1282.43,12.34544427,13.4661772975899
1282.912,11.48344329,12.8163047874316,1282.912,12.35850826,13.4756698866674
1283.395,11.45876326,12.8256399542604,1283.395,12.35372302,13.4851593205248
1283.877,11.47716975,12.8349320519547,1283.877,12.35171575,13.4946063544637
1284.359,11.48020663,12.8442004873694,1284.359,12.34419961,13.5040307078168
1284.841,11.4549374,12.8534453151574,1284.841,12.35193716,13.5134324293648
1285.323,11.47757315,12.8626665898785,1285.323,12.36339806,13.5228115678096
1285.805,11.4757802,12.8718643659989,1285.805,12.34999218,13.532168171774
1286.287,11.49463929,12.8810386978916,1286.287,12.34985031,13.5415022898024
1286.769,11.51159669,12.8901896398365,1286.769,12.35215025,13.5508139703601
1287.251,11.51598015,12.8993172460206,1287.251,12.35761832,13.5601032618343
1287.734,11.51276984,12.9084404350142,1287.734,12.36915462,13.5693894153825
1288.216,11.51253281,12.9175214837318,1288.216,12.35142224,13.5786340273367
1288.698,11.52392517,12.9265793588041,1288.698,12.36034404,13.5878563949976
1289.18,11.54785326,12.9356141140469,1289.18,12.33996456,13.5970565664386
1289.662,11.55613005,12.9446258031836,1289.662,12.33240454,13.606234589655
1290.144,11.57881125,12.953614479845,1290.144,12.34736028,13.6153905125643
1290.626,11.57188609,12.96258019757,1290.626,12.34938546,13.6245243830056
1291.108,11.5695517,12.971523009805,1291.108,12.32064056,13.6336362487406
1291.591,11.57831351,12.9804614523283,1291.591,12.35266128,13.6427449933934
1292.073,11.60429961,12.9893585663102,1292.073,12.3411462,13.6518129472832
1292.555,11.60674642,12.9982329347003,1292.555,12.35022659,13.6608590393833
1293.037,11.60983077,13.0070846105778,1293.037,12.34331763,13.6698833171445
1293.519,11.62029073,13.0159136469299,1293.519,12.35524739,13.6788858279402
1294.001,11.61791111,13.0247200966525,1294.001,12.36873846,13.6878666190663
1294.483,11.65911941,13.03350401255,1294.483,12.38670954,13.6968257377416
1294.965,11.64989771,13.0422654473357,1294.965,12.37357243,13.7057632311077
1295.448,11.66422606,13.051022561072,1295.448,12.38821028,13.7146976215806
1295.93,11.66970116,13.0597391450404,1295.93,12.3886284,13.7235919608233
1296.412,11.69929606,13.0684334055986,1296.412,12.38148904,13.7324648158168
1296.894,11.70906832,13.0771053950956,1296.894,12.38974963,13.741316233395
1297.376,11.71562375,13.0857551657897,1297.376,12.40428716,13.7501462603147
1297.858,11.74559295,13.0943827698486,1297.858,12.40937001,13.7589549432564
1298.34,11.74212787,13.1029882593492,1298.34,12.41643886,13.7677423288239
1298.822,11.7620764,13.1115716862784,1298.822,12.41192386,13.7765084635444
1299.304,11.78189679,13.1201331025325,1299.304,12.41566494,13.7852533938691
1299.787,11.79868822,13.1286902538439,1299.787,12.4226278,13.7939952433237
1300.269,11.80545252,13.1372077586794,1300.269,12.42040512,13.8026978601523
1300.751,11.80912108,13.1457034080952,1300.751,12.44081444,13.8113794115765
1301.233,11.85043006,13.1541772536274,1301.233,12.44659784,13.8200399437423
1301.715,11.84889642,13.1626293467221,1301.715,12.43611651,13.8286795027202
1302.197,11.85202502,13.1710597387361,1302.197,12.45598463,13.8372981345046
1302.679,11.86969011,13.1794684809363,1302.679,12.47913192,13.845895885014
1303.161,11.87126685,13.1878556245003,1303.161,12.47907449,13.8544728000916
1303.644,11.89596212,13.1962385541615,1303.644,12.48639192,13.863046655223
1304.126,11.88955276,13.204582609083,1304.126,12.47030653,13.8715819936736
1304.608,11.92938065,13.212905218471,1304.608,12.49074246,13.8800966338626
1305.09,11.9348953,13.2212064331461,1305.09,12.51214152,13.888590621331
1305.572,11.97102613,13.2294863038401,1305.572,12.52201583,13.8970640015446
1306.054,11.98096088,13.2377448811959,1306.054,12.52099144,13.9055168198938
1306.536,11.98261451,13.2459822157677,1306.536,12.5071772,13.9139491216944
1307.018,11.99678049,13.254198358021,1307.018,12.51645973,13.9223609521867
1307.5,12.02109606,13.2623933583331,1307.5,12.53075743,13.9307523565364
1307.983,12.02995752,13.2705842034195,1307.983,12.51541863,13.9391407259477
1308.465,12.05344702,13.2787370270245,1308.465,12.52676514,13.9474913710657
1308.947,12.05563172,13.2868688593935,1308.947,12.53252299,13.9558217251826
1309.429,12.07827927,13.2949797505505,1309.429,12.54983929,13.9641318331651
1309.911,12.10339849,13.3030697504314,1309.911,12.5474622,13.9724217398054
1310.393,12.10717768,13.3111389088845,1310.393,12.58254111,13.9806914898215
1310.875,12.1387234,13.3191872756701,1310.875,12.58090947,13.9889411278569
1311.357,12.16807464,13.3272149004609,1311.357,12.6036013,13.9971706984809
1311.839,12.18742578,13.3352218328422,1311.839,12.60232405,14.0053802461888
1312.322,12.2090076,13.3432246699529,1312.322,12.63375524,14.0135867854724
1312.804,12.22700683,13.3511903232471,1312.804,12.64132848,14.0217563792265
1313.286,12.23385025,13.3591354324653,1313.286,12.64793399,14.029906083198
1313.768,12.26988522,13.3670600468433,1313.768,12.68850607,14.0380359415863
1314.25,12.2805815,13.3749642155299,1314.25,12.69597609,14.0461459985171
1314.732,12.3049156,13.3828479875871,1314.732,12.70647258,14.0542362980424
1315.214,12.32848089,13.39071141199,1315.214,12.70786771,14.0623068841409
1315.696,12.33715203,13.3985545376268,1315.696,12.73561652,14.0703578007176
1316.178,12.36307353,13.4063774132995,1316.178,12.77187376,14.0783890916043
1316.661,12.41104764,13.414196254879,1316.661,12.77637097,14.0864174020372
1317.143,12.41809142,13.4219787349227,1317.143,12.79223636,14.0944095322555
1317.625,12.44208705,13.4297411109895,1317.625,12.79487667,14.1023821679301
1318.107,12.44646709,13.4374834315356,1318.107,12.81352055,14.1103353526
1318.589,12.48469817,13.4452057449311,1318.589,12.81962605,14.1182691297311
1319.071,12.50237932,13.4529080994601,1319.071,12.83084237,14.1261835427166
1319.553,12.51748754,13.460590543321,1319.553,12.85025004,14.1340786348771
1320.035,12.5476784,13.468253124626,1320.035,12.84917925,14.1419544494601
1320.518,12.56977618,13.4759117272009,1320.518,12.87381615,14.1498273096355
1321,12.6003131,13.4835346864296,1321,12.88091423,14.1576646587453
1321.482,12.60945061,13.4911379270255,1321.482,12.90162617,14.1654828596748
1321.964,12.65905506,13.4987214967589,1321.964,12.90855131,14.1732819553817
1322.446,12.67562474,13.5062854433147,1322.446,12.93204804,14.1810619887514
1322.928,12.68133556,13.5138298142928,1322.928,12.94110094,14.1888230025971
1323.41,12.70053375,13.5213546572079,1323.41,12.94844895,14.1965650396599
1323.892,12.71636432,13.5288600194898,1323.892,12.9779377,14.2042881426089
1324.375,12.74320497,13.5363614592885,1324.375,13.0068433,14.2120083182744
1324.857,12.78485298,13.5438279620833,1324.857,13.03748614,14.219693641654
1325.339,12.80220241,13.5512751261235,1325.339,13.03688146,14.227360158584
1325.821,12.84008482,13.5587029984999,1325.821,13.09085916,14.2350079114461
1326.303,12.86434055,13.566111626219,1326.303,13.10277885,14.2426369425504
1326.785,12.89360899,13.5735010562029,1326.785,13.12538534,14.2502472941357
1327.267,12.90579912,13.5808713352895,1327.267,13.16194039,14.2578390083691
1327.749,12.94907217,13.5882225102325,1327.749,13.17909669,14.2654121273465
1328.231,12.99226863,13.5955546277016,1328.231,13.22143658,14.2729666930924
1328.714,13.02834391,13.6028828869735,1328.714,13.22289741,14.2805183633149
1329.196,13.03874996,13.6101769898716,1329.196,13.23884662,14.2880359101126
1329.678,13.0709236,13.6174521748981,1329.678,13.2709305,14.2955350294126
1330.16,13.08215194,13.6247084883875,1330.16,13.27615485,14.3030157629553
1330.642,13.09668975,13.6319459765908,1330.642,13.32649097,14.31047815241
1331.124,13.13587088,13.6391646856755,1331.124,13.35274429,14.3179222393754
1331.606,13.16049878,13.6463646617258,1331.606,13.3653094,14.3253480653795
1332.088,13.18949967,13.6535459507428,1332.088,13.39155244,14.3327556718796
1332.571,13.21046007,13.6607234395642,1332.571,13.413817,14.3401604121595
1333.053,13.22507665,13.6678674536536,1333.053,13.45130519,14.3475316661565
1333.535,13.26083696,13.6749929183094,1333.535,13.48042659,14.3548848246844
1334.017,13.29477188,13.6820998792007,1334.017,13.48863888,14.3622199289189
1334.499,13.31284695,13.6891883819138,1334.499,13.51802545,14.3695370199654
1334.981,13.33846933,13.6962584719524,1334.981,13.50731243,14.3768361388594
1335.463,13.36942159,13.703310194738,1335.463,13.55428164,14.3841173265662
1335.945,13.38807472,13.7103435956092,1335.945,13.55206818,14.3913806239812
1336.427,13.41936449,13.7173587198227,1336.427,13.57503817,14.39862607193
1336.91,13.44815025,13.7243701100076,1336.91,13.6015086,14.4058686877868
1337.392,13.4788067,13.7313487786624,1337.392,13.61532806,14.4130785221802
1337.874,13.51104834,13.7383093060298,1337.874,13.64164203,14.42027062925
1338.356,13.53477519,13.745251737038,1338.356,13.66516523,14.4274450495431
1338.838,13.55887594,13.7521761165334,1338.838,13.66295029,14.434601823537
1339.32,13.57696889,13.7590824892808,1339.32,13.69525776,14.4417409916396
1339.802,13.60552358,13.7659708999633,1339.802,13.74577162,14.4488625941897
1340.284,13.65205027,13.7728413931826,1340.284,13.74408498,14.455966671457
1340.766,13.65265466,13.7796940134591,1340.766,13.7559921,14.4630532636418
1341.249,13.67321417,13.7865429667957,1341.249,13.78967254,14.47013705905
1341.731,13.71694734,13.7933599375718,1341.731,13.80850684,14.4771887653271
1342.213,13.73269141,13.8001591685703,1342.213,13.84042456,14.4842231067922
1342.695,13.77376089,13.8069407039868,1342.695,13.87066108,14.4912401233699
1343.177,13.77864124,13.8137045879361,1343.177,13.89471879,14.4982398549163
1343.659,13.81798789,13.8204508644521,1343.659,13.93215862,14.5052223412186
1344.141,13.82607627,13.8271795774879,1344.141,13.9463969,14.5121876219956
1344.623,13.86109854,13.8338907709162,1344.623,13.96428686,14.5191357368977
1345.105,13.86784541,13.8405844885292,1345.105,14.00348047,14.5260667255069
1345.588,13.91017913,13.847274607163,1345.588,14.04866994,14.5329949537972
1346.07,13.94814854,13.8539334681699,1346.07,14.0704979,14.5398917729663
1346.552,13.96720679,13.8605749843463,1346.552,14.0962086,14.5467715842604
1347.034,14.01337292,13.8671991991631,1347.034,14.13811171,14.5536344269887
1347.516,14.03779989,13.8738061560115,1347.516,14.17964908,14.5604803403923
1347.998,14.06825302,13.8803958982027,1347.998,14.19404517,14.5673093636445
1348.48,14.08398961,13.8869684689678,1348.48,14.23102791,14.5741215358506
1348.962,14.13247445,13.8935239114588,1348.962,14.27457892,14.5809168960484
1349.445,14.16208661,13.900075816074,1349.445,14.31483098,14.5877095292581
1349.927,14.18855818,13.9065970958405,1349.927,14.33227873,14.594471347604
1350.409,14.20379593,13.9131013763996,1350.409,14.40002678,14.6012164707295
1350.891,14.23458367,13.9195887005851,1350.891,14.40349665,14.6079449374021
1351.373,14.26874976,13.9260591111513,1351.373,14.43900907,14.6146567863218
1351.855,14.27436484,13.9325126507739,1351.855,14.49801904,14.6213520561215
1352.337,14.30809106,13.9389493620493,1352.337,14.51109784,14.6280307853669
1352.819,14.34479467,13.9453692874949,1352.819,14.5654959,14.6346930125565
1353.302,14.37796166,13.9517857367844,1353.302,14.57193965,14.6413525469259
1353.784,14.39655552,13.9581721832027,1353.784,14.59694744,14.6479818511945
1354.266,14.42677618,13.9645419709593,1354.266,14.63042277,14.6545947685807
1354.748,14.45390609,13.9708951422567,1354.748,14.67069712,14.6611913373155
1355.23,14.47911509,13.9772317392195,1355.23,14.67176712,14.6677715955631
1355.712,14.50709361,13.9835518038937,1355.712,14.71193333,14.6743355814211
1356.194,14.52903469,13.989855378247,1356.194,14.73467869,14.6808833329206
1356.676,14.53301533,13.9961425041693,1356.676,14.75972344,14.6874148880262
1357.158,14.57712223,14.0024132234723,1357.158,14.80378277,14.6939302846362
1357.641,14.58029339,14.0086805367464,1357.641,14.82839494,14.7004430278263
1358.123,14.62003594,14.0149185341118,1358.123,14.86444538,14.706926187547
1358.605,14.63881436,14.0211402499121,1358.605,14.88700458,14.7133933021475
1359.087,14.66204134,14.0273457256478,1359.087,14.92389762,14.7198444092614
1359.569,14.6745711,14.0335350027417,1359.569,14.94736236,14.7262795464561
1360.051,14.6832375,14.0397081225393,1360.051,14.97548767,14.7326987512332
1360.533,14.69572411,14.0458651263089,1360.533,15.01584131,14.7391020610284
1361.015,14.76130783,14.0520060552414,1361.015,15.06446803,14.7454895132119
1361.498,14.76229258,14.0581436410635,1361.498,15.08009026,14.751874347822
1361.98,14.79613919,14.0642525104488,1361.98,15.10135361,14.7582301639233
1362.462,14.82101376,14.0703454281924,1362.462,15.14011822,14.7645702342064
1362.944,14.84796229,14.0764224351769,1362.944,15.16885763,14.770894595779
1363.426,14.86193906,14.0824835722085,1363.426,15.20439993,14.7772032856837
1363.908,14.90561115,14.0885288800165,1363.908,15.24125031,14.7834963408976
1364.39,14.91555553,14.0945583992538,1364.39,15.25737849,14.7897737983327
1364.872,14.93468514,14.1005721704968,1364.872,15.2840454,14.7960356948359
1365.354,14.95426107,14.1065702342455,1365.354,15.3273798,14.8022820671891
1365.837,14.97745054,14.1125650262773,1365.837,15.33454612,14.8085258631827
1366.319,14.99117419,14.1185317638539,1366.319,15.36870925,14.8147412653043
1366.801,14.98567128,14.1244829150627,1366.801,15.37899705,14.8209412533081
1367.283,15.01590519,14.1304185200989,1367.283,15.41508606,14.8271258637164
1367.765,15.03525812,14.1363386190821,1367.765,15.43510223,14.8332951329872
1368.247,15.06964515,14.142243252056,1368.247,15.45017938,14.8394490975137
1368.729,15.07690117,14.1481324589887,1368.729,15.49112175,14.8455877936246
1369.211,15.07603061,14.1540062797726,1369.211,15.49788995,14.8517112575845
1369.693,15.10345671,14.1598647542246,1369.693,15.52242183,14.8578195255933
1370.176,15.11859066,14.1657200289576,1370.176,15.56168454,14.8639252593568
1370.658,15.13389699,14.1715478982623,1370.658,15.5801079,14.8700032124675
1371.14,15.17107793,14.177360540316,1371.14,15.58440458,14.876066077917
1371.622,15.16849963,14.1831579946345,1371.622,15.60200602,14.8821138916488
1372.104,15.16627323,14.1889403006586,1372.104,15.63394667,14.8881466895425
1372.586,15.19232372,14.194707497754,1372.586,15.65631756,14.8941645074138
1373.068,15.21059946,14.2004596252119,1373.068,15.69597645,14.9001673810147
1373.55,15.21873298,14.2061967222483,1373.55,15.72004713,14.9061553460334
1374.032,15.25366704,14.2119188280051,1374.032,15.72960535,14.9121284380945
1374.515,15.26852105,14.217637806601,1374.515,15.76274799,14.9180990388847
1374.997,15.26493564,14.2233300160253,1374.997,15.77265444,14.9240424609782
1375.479,15.30036441,14.2290073512286,1375.479,15.8068779,14.9299711166806
1375.961,15.30218685,14.2346698510548,1375.961,15.83929039,14.9358850413629
1376.443,15.30864265,14.2403175542736,1376.443,15.87755747,14.9417842703326
1376.925,15.3269624,14.2459504995807,1376.925,15.89184742,14.9476688388343
1377.407,15.3239012,14.2515687255978,1377.407,15.900019,14.9535387820492
1377.889,15.35319431,14.2571722708726,1377.889,15.91271124,14.9593941350959
1378.372,15.37290908,14.2627727539198,1378.372,15.93679629,14.9652470357621
1378.854,15.36744768,14.2683470228,1378.854,15.97696321,14.9710732834874
1379.336,15.38687161,14.2739067262187,1379.336,15.9750913,14.976885046095
1379.818,15.38501218,14.2794519024288,1379.818,16.00864681,14.9826823584517
1380.3,15.39052618,14.2849825896101,1380.3,16.03781748,14.9884652553623
1380.782,15.3895015,14.2904988258689,1380.782,16.0300431,14.9942337715684
1381.264,15.42198258,14.2960006492386,1381.264,16.06341445,14.9999879417498
1381.746,15.41329441,14.3014880976791,1381.746,16.06814803,15.0057278005234
1382.229,15.42707999,14.3069725492034,1382.229,16.08739522,15.011465246428
1382.711,15.42502395,14.3124313317466,1382.711,16.10117138,15.0171765564758
1383.193,15.42636867,14.3178758528813,1383.193,16.1150556,15.0228736586651
1383.675,15.43664041,14.3233061502758,1383.675,16.13492598,15.0285565873641
1384.157,15.43501862,14.3287222615259,1384.157,16.14326411,15.0342253768791
1384.639,15.4476426,14.3341242241547,1384.639,16.14626879,15.0398800614545
1385.121,15.45331059,14.339512075613,1385.121,16.17078333,15.0455206752727
1385.603,15.44173126,14.344885853279,1385.603,16.1841189,15.0511472524545
1386.085,15.46540707,14.3502455944589,1386.085,16.1802394,15.0567598270589
1386.568,15.44697712,14.3556024126109,1386.568,16.21814734,15.0623700339518
1387.05,15.46374178,14.3609341635195,1387.05,16.19919158,15.0679546764574
1387.532,15.4594103,14.3662519895043,1387.532,16.23126812,15.0735254182635
1388.014,15.45177989,14.3715559275829,1388.014,16.2197988,15.0790822931832
1388.496,15.4442575,14.3768460147013,1388.496,16.25182568,15.0846253349681
1388.978,15.44680054,14.3821222877337,1388.978,16.25401293,15.0901545773084
1389.46,15.46472136,14.3873847834826,1389.46,16.27117134,15.0956700538336
1389.942,15.49275601,14.3926335386793,1389.942,16.26896116,15.1011717981116
1390.425,15.46355781,14.3978794368656,1390.425,16.28278682,15.1066712154198
1390.907,15.4747319,14.4031007925476,1390.907,16.29807552,15.1121455673477
1391.389,15.48108278,14.4083085175177,1391.389,16.28682159,15.1176062874365
1391.871,15.47315014,14.4135026482218,1391.871,16.30653005,15.1230534090107
1392.353,15.48069076,14.4186832210344,1392.353,16.30196267,15.1284869653339
1392.835,15.47796189,14.4238502722593,1392.835,16.31560528,15.1339069896094
1393.317,15.45327096,14.4290038381292,1393.317,16.31734398,15.1393135149797
1393.799,15.47923719,14.434143954806,1393.799,16.32616037,15.1447065745269
1394.281,15.49071301,14.4392706583812,1394.281,16.33680085,15.1500862012728
1394.764,15.4971921,14.444394579556,1394.764,16.34701098,15.1554635475234
1395.246,15.47963096,14.4494945372779,1395.246,16.34938931,15.1608163797924
1395.728,15.48254562,14.4545811898231,1395.728,16.35924389,15.1661558780317
1396.21,15.48681695,14.4596545730008,1396.21,16.35439852,15.171482075022
1396.692,15.48121495,14.4647147225501,1396.692,16.37738453,15.1767950034839
1397.174,15.49003637,14.4697616741399,1397.174,16.36745602,15.1820946960783
1397.656,15.4836577,14.474795463369,1397.656,16.36620617,15.187381185406
1398.138,15.49598774,14.4798161257662,1398.138,16.36424034,15.1926545040082
1398.62,15.49084611,14.4848236967907,1398.62,16.36927429,15.1979146843662
1399.103,15.47668557,14.4898285603488,1399.103,16.370179,15.2031726313475
1399.585,15.47745519,14.4948100277484,1399.585,16.36180327,15.208406605333
1400.067,15.47231541,14.499778509807,1400.067,16.37146471,15.2136275382278
1400.549,15.4873376,14.5047340417048,1400.549,16.37526125,15.2188354622749
1401.031,15.47684249,14.5096766585527,1401.031,16.37771031,15.2240304096581
1401.513,15.49729954,14.5146063953923,1401.513,16.37675952,15.229212412502
1401.995,15.4668687,14.5195232871958,1401.995,16.38434354,15.2343815028717
1402.477,15.46335704,14.5244273688665,1402.477,16.3941496,15.2395377127734
1402.959,15.47952917,14.5293186752385,1402.959,16.40368034,15.2446810741542
1403.442,15.46605089,14.5342073493632,1403.442,16.39458959,15.2498222498851
1403.924,15.46240588,14.5390731830397,1403.924,16.397658,15.254939983338
1404.406,15.44956718,14.5439263455782,1404.406,16.39948217,15.2600449638235
1404.888,15.46190812,14.5487668715375,1404.888,16.41484075,15.2651372230531
1405.37,15.42321979,14.5535947954077,1405.37,16.40305051,15.2702167926796
1405.852,15.43160813,14.5584101516102,1405.852,16.3922307,15.2752837042971
1406.334,15.3916257,14.5632129744983,1406.334,16.39286663,15.2803379894414
1406.816,15.39937677,14.5680032983569,1406.816,16.39794313,15.2853796795896
1407.299,15.37799027,14.5727910570398,1407.299,16.41577128,15.290419226995
1407.781,15.39100762,14.5775564596666,1407.781,16.41422678,15.2954357953813
1408.263,15.38222288,14.5823094657801,1408.263,16.40004897,15.3004398629179
1408.745,15.3711889,14.5870501093924,1408.745,16.40829325,15.3054314608489
1409.227,15.35145049,14.5917784244481,1409.227,16.40995362,15.31041062036
1409.709,15.37044842,14.5964944448237,1409.709,16.39859061,15.3153773725792
1410.191,15.34105626,14.6011982043283,1410.191,16.41688377,15.3203317485763
1410.673,15.34305549,14.6058897367031,1410.673,16.40783558,15.3252737793634
1411.156,15.34429288,14.6105787711424,1411.156,16.41580009,15.3302137107432
1411.638,15.33617284,14.6152459250189,1411.638,16.38766355,15.3351311184632
1412.12,15.32051417,14.6199009526546,1412.12,16.40644505,15.3400362737266
1412.602,15.30014686,14.6245438875211,1412.602,16.40278165,15.3449292073147
1413.084,15.29322717,14.6291747630229,1413.084,16.39829592,15.349809949951
1413.566,15.30065575,14.6337936124975,1413.566,16.40072928,15.3546785323019
1414.048,15.29105066,14.6384004692155,1414.048,16.41737708,15.359534984976
1414.53,15.27387218,14.6429953663804,1414.53,16.36071833,15.364379338525
1415.012,15.27707777,14.6475783371289,1415.012,16.39720303,15.3692116234433
1415.495,15.2449293,14.6521588857542,1415.495,16.41028328,15.3740418581872
1415.977,15.22650206,14.6567180782416,1415.977,16.38925752,15.3788500722175
1416.459,15.20946484,14.6612654433914,1416.459,16.42434508,15.3836463088203
1416.941,15.20768131,14.6658010140741,1416.941,16.38640745,15.3884305982618
1417.423,15.19688278,14.6703248230936,1417.423,16.37742972,15.3932029707511
1417.905,15.17430487,14.6748369031877,1417.905,16.36229526,15.3979634564407
1418.387,15.1439365,14.6793372870278,1418.387,16.35204947,15.4027120854264
1418.869,15.14857202,14.6838260072195,1418.869,16.3439559,15.4074488877472
1419.352,15.10999477,14.6883123728009,1419.352,16.3391598,15.4121836840602
1419.834,15.09600147,14.6927778392184,1419.834,16.31968753,15.4168968985613
1420.316,15.11125683,14.6972317394753,1420.316,16.27467533,15.4215983762377
1420.798,15.10047351,14.7016741059136,1420.798,16.29794908,15.4262881469027
1421.28,15.10367891,14.7061049708095,1421.28,16.28901352,15.4309662403131
1421.762,15.07144337,14.7105243663736,1421.762,16.27463076,15.4356326861696
1422.244,15.06872072,14.714932324751,1422.244,16.27132104,15.4402875141168
1422.726,15.06828812,14.7193288780216,1422.726,16.2845209,15.4449307537433
1423.208,15.03595287,14.7237140581999,1423.208,16.25508544,15.4495624345815
1423.69,15.06718252,14.7280878972351,1423.69,16.26112744,15.4541825861081
1424.173,15.02888854,14.7324594661693,1424.173,16.23575382,15.4588007873281
1424.655,15.02192219,14.7368106951418,1424.655,16.22231526,15.4633979446708
1425.137,15.01394465,14.7411506784946,1425.137,16.23584753,15.4679836608576
1425.619,15.00930445,14.7454794479169,1425.619,16.22978071,15.4725579651423
1426.101,14.97910023,14.7497970350332,1426.101,16.21829561,15.4771208867228
1426.583,14.98964484,14.7541034714031,1426.583,16.2143927,15.4816724547415
1427.065,14.95957368,14.7583987885219,1427.065,16.19758012,15.4862126982857
1427.547,14.96716266,14.7626830178202,1427.547,16.17254844,15.4907416463871
1428.03,14.92442939,14.7669650446967,1428.03,16.17576332,15.4952686891143
1428.512,14.91299844,14.7712271695472,1428.512,16.17666374,15.49977510992
1428.994,14.89380312,14.7754783005477,1428.994,16.14289835,15.5042703221067
1429.476,14.8886771,14.7797184688717,1429.476,16.12474405,15.5087543544854
1429.958,14.87970545,14.7839477056283,1429.958,16.12631247,15.5132272358122
1430.44,14.86989489,14.788166041863,1430.44,16.1035324,15.5176889947881
1430.922,14.84692188,14.7923735085572,1430.922,16.09232719,15.5221396600594
1431.404,14.83474752,14.7965701366283,1431.404,16.09876296,15.5265792602175
1431.886,14.83115728,14.8007559569304,1431.886,16.07835004,15.5310078237994
1432.369,14.83093835,14.804939650988,1432.369,16.07797447,15.5354345329168
1432.851,14.82246751,14.8091039257959,1432.851,16.07069325,15.539841085988
1433.333,14.78486642,14.8132574850784,1433.333,16.05968564,15.5442366878245
1433.815,14.77299046,14.8174003594353,1433.815,16.04853509,15.548621366745
1434.297,14.7588241,14.8215325794029,1434.297,16.02142751,15.5529951510136
1434.779,14.75317614,14.8256541754546,1434.779,16.02330356,15.5573580688404
1435.261,14.72447417,14.8297651780003,1435.261,16.01319639,15.561710148381
1435.743,14.71774346,14.8338656173871,1435.743,15.98244022,15.566051417737
1436.226,14.70154726,14.8379639982545,1436.226,15.93956492,15.5703908781808
1436.708,14.66870451,14.8420433803548,1436.708,15.9399924,15.5747105889739
1437.19,14.65635267,14.8461122900226,1437.19,15.9279349,15.5790195736212
1437.672,14.62045901,14.8501707573535,1437.672,15.88863043,15.5833178600082
1438.154,14.6352477,14.8542188123806,1438.154,15.87836045,15.5876054759668
1438.636,14.61977901,14.8582564850745,1438.636,15.86769142,15.5918824492751
1439.118,14.60047484,14.8622838053432,1439.118,15.86975143,15.5961488076578
1439.6,14.58608856,14.8663008030326,1439.6,15.86542937,15.6004045787856
1440.083,14.58784096,14.8703158099131,1440.083,15.84577858,15.6046585868113
1440.565,14.57867689,14.8743122304702,1440.565,15.83011608,15.6088932444063
1441.047,14.53556497,14.8782984176734,1441.047,15.81356266,15.6131173974955
1441.529,14.51735691,14.8822744011198,1441.529,15.80681432,15.6173310735364
1442.011,14.51143861,14.8862402103446,1442.011,15.79789162,15.6215342999327
1442.493,14.50377215,14.8901958748212,1442.493,15.78377622,15.6257271040354
1442.975,14.49872775,14.894141423961,1442.975,15.78661772,15.6299095131423
1443.457,14.48222368,14.8980768871141,1443.457,15.78415418,15.634081554498
1443.939,14.45665129,14.9020022935688,1443.939,15.75820935,15.6382432552944
1444.422,14.44108236,14.9059257853415,1444.422,15.75476896,15.6424032448053
1444.904,14.42808052,14.9098311453054,1444.904,15.75648169,15.6465443245342
1445.386,14.40110464,14.9137265361276,1445.386,15.74197796,15.6506751450181
1445.868,14.3785306,14.9176119868508,1445.868,15.69402326,15.6547957332377
1446.35,14.37697737,14.9214875264566,1446.35,15.70324381,15.6589061161211
1446.832,14.35674736,14.9253531838655,1446.832,15.68752265,15.6630063205435
1447.314,14.32234326,14.9292089879371,1447.314,15.66445,15.6670963733281
1447.796,14.33779547,14.93305496747,1447.796,15.64147112,15.6711763012454
1448.279,14.31272463,14.9368990999265,1448.279,15.62949269,15.6752545641654
1448.76,14.28856534,14.9407175678099,1448.76,15.61575667,15.679305889299
1449.243,14.26610883,14.9445421542265,1449.243,15.58640079,15.6833639941871
1449.725,14.26134277,14.94834910226,1449.725,15.5861402,15.6874036685386
1450.207,14.25861784,14.9521463688963,1450.207,15.57734174,15.6914333511473
1450.689,14.24258028,14.9559339825703,1450.689,15.56622824,15.6954530684708
1451.171,14.22118775,14.9597119716564,1451.171,15.54707463,15.6994628469148
1451.653,14.20384683,14.963480364469,1451.653,15.52474046,15.703462712833
1452.135,14.19793524,14.9672391892622,1452.135,15.53361257,15.7074526925276
1452.617,14.199724,14.9709884742302,1452.617,15.51856763,15.7114328122488
1453.1,14.20497699,14.9747359965047,1453.1,15.52607866,15.7154113250992
1453.582,14.17172837,14.978466266518,1453.582,15.50506596,15.7193717830977
1454.064,14.15517284,14.9821870809867,1454.064,15.51121778,15.7233224596185
1454.546,14.1403887,14.9858984678654,1454.546,15.49254817,15.7272633807057
1455.028,14.13098245,14.989600455049,1455.028,15.46908805,15.731194572352
1455.51,14.10902356,14.9932930703727,1455.51,15.45134189,15.7351160604988
1455.992,14.10631664,14.9969763416125,1455.992,15.41679621,15.7390278710363
1456.474,14.09885724,15.0006502964848,1456.474,15.38874533,15.7429300298037
1456.957,14.07806023,15.0043225560521,1456.957,15.34572195,15.7468306283946
1457.439,14.05381013,15.0079779419163,1457.439,15.29818092,15.7507135410437
1457.921,14.04566941,15.0116240942638,1457.921,15.27097553,15.7545868791866
1458.403,14.06361288,15.0152610405742,1458.403,15.22324881,15.7584506684585
1458.885,14.04202269,15.0188888082681,1458.885,15.20468894,15.7623049344434
1459.367,14.04174533,15.0225074247072,1459.367,15.17718444,15.7661497026748
1459.849,14.03106226,15.0261169171943,1459.849,15.18847987,15.7699849986355
1460.331,14.03959544,15.0297173129737,1460.331,15.19467785,15.7738108477575
1460.813,14.02657719,15.0333086392306,1460.813,15.17280182,15.7776272754224
1461.296,14.01469803,15.0368983458356,1461.296,15.19291634,15.7814421956172
1461.778,13.99144883,15.0404715956942,1461.778,15.19910713,15.7852398368954
1462.26,13.99573177,15.0440358572918,1462.26,15.19686083,15.7890281326109
1462.742,14.01606796,15.04759115758,1462.742,15.19243259,15.7928071079435
1463.224,14.00258219,15.051137523452,1463.224,15.18596835,15.7965767880231
1463.706,13.9771213,15.054674981743,1463.706,15.1656604,15.8003371979291
1464.188,13.98740057,15.0582035592302,1464.188,15.13204598,15.8040883626912
1464.67,13.97810073,15.0617232826327,1464.67,15.10618939,15.8078303072887
1465.153,13.96468466,15.0652414534705,1465.153,15.12655952,15.8115707914034
1465.635,13.96923867,15.0687435303978,1465.635,15.10223073,15.8152943514109
1466.117,13.96980061,15.0722368331054,1466.117,15.07019806,15.8190087659443
1466.599,13.94321465,15.0757213880813,1466.599,15.08716283,15.8227140597838
1467.081,13.92404419,15.0791972217557,1467.081,15.04592557,15.8264102576596
1467.563,13.92543906,15.0826643605012,1467.563,15.05265491,15.8300973842525
1468.045,13.92408583,15.0861228306332,1468.045,15.06446008,15.8337754641937
1468.527,13.90064547,15.0895726584096,1468.527,15.0396361,15.8374445220648
1469.01,13.91649482,15.093021000536,1469.01,15.02600345,15.8411121665484
1469.492,13.89176107,15.0964536043517,1469.492,15.03437782,15.8447632352362
1469.974,13.90025381,15.0998776442965,1469.974,15.03910162,15.8484053553534
1470.456,13.85750408,15.1032931463998,1470.456,15.02535107,15.8520385512846
1470.938,13.89731984,15.1067001366338,1470.938,15.01900826,15.8556628473648
1471.42,13.86172559,15.1100986409141,1471.42,15.01656052,15.8592782678804
1471.902,13.84919719,15.1134886850993,1471.902,14.97721032,15.8628848370683
1472.384,13.85031072,15.1168702949916,1472.384,14.96780737,15.8664825791168
1472.866,13.87305847,15.1202434963363,1472.866,14.92890179,15.8700715181653
1473.349,13.8529443,15.1236152870773,1473.349,14.92917599,15.8736590969133
1473.831,13.87102145,15.126971731025,1473.831,14.9195796,15.8772304840456
1474.313,13.84389426,15.1303198433754,1474.313,14.9122359,15.8807931403528
1474.795,13.88589415,15.1336596496483,1474.795,14.8885909,15.8843470897794
1475.277,13.86862449,15.1369911753071,1475.277,14.85251581,15.8878923562211
1475.759,13.8737242,15.140314445759,1475.759,14.85924742,15.8914289635253
1476.241,13.86206209,15.1436294863554,1476.241,14.84912487,15.8949569354909
1476.723,13.87315431,15.1469363223916,1476.723,14.84742803,15.8984762958683
1477.206,13.88044665,15.1502418143082,1477.206,14.83975121,15.9019943432097
1477.688,13.88834908,15.1535322999951,1477.688,14.82156436,15.9054965337261
1478.17,13.87500893,15.1568146567247,1478.17,14.83711133,15.9089901836656
1478.652,13.89320249,15.1600889095691,1478.652,14.82904691,15.9124753165859
1479.134,13.8937906,15.1633550835449,1479.134,14.82323504,15.9159519559967
1479.616,13.88261495,15.166613203613,1479.616,14.80720549,15.9194201253598
1480.098,13.9097801,15.1698632946791,1480.098,14.81097087,15.922879848089
1480.58,13.89702098,15.1731053815935,1480.58,14.81649863,15.9263311475503
1481.062,13.8933834,15.1763394891513,1481.062,14.82685809,15.929774047062
1481.544,13.90610333,15.1795656420924,1481.544,14.80182865,15.9332085698946
1482.027,13.90565091,15.1827905336867,1482.027,14.80462948,15.936641838839
1482.509,13.89435337,15.1860008350181,1482.509,14.79917655,15.9400596606761
1482.991,13.92891904,15.1892032556732,1482.991,14.7980793,15.9434691754082
1483.473,13.91413692,15.1923978201717,1483.473,14.8043262,15.9468704061157
1483.955,13.93170286,15.1955845529788,1483.955,14.79611179,15.9502633758315
1484.437,13.93232197,15.198763478505,1484.437,14.78592335,15.9536481075413
1484.919,13.92449219,15.2019346211059,1484.919,14.79587878,15.9570246241836
1485.401,13.93182203,15.2050980050829,1485.401,14.79534275,15.9603929486496
1485.884,13.95446348,15.2082601936506,1485.884,14.80903044,15.9637600665833
1486.366,13.94567616,15.2114081170946,1486.366,14.8006956,15.9671120583041
1486.848,13.98999004,15.2145483545421,1486.848,14.78852136,15.970455926287
1487.33,13.97840142,15.2176809300768,1487.33,14.79968431,15.9737916932351
1487.812,13.98853754,15.2208058677284,1487.812,14.79154033,15.9771193818047
1488.294,14.00031084,15.2239231914724,1488.294,14.78104334,15.9804390146052
1488.776,14.0364818,15.2270329252305,1488.776,14.79915517,15.9837506141993
1489.258,14.0613103,15.2301350928703,1489.258,14.78093645,15.9870542031032
1489.74,14.07269919,15.2332297182058,1489.74,14.79506484,15.9903498037862
1490.223,14.09980398,15.2363232219837,1490.223,14.77390718,15.9936442512258
1490.705,14.11246912,15.2394028184121,1490.705,14.8113184,15.9969239262326
1491.187,14.12028792,15.2424749437046,1491.187,14.77454866,16.0001956801944
1491.669,14.10763826,15.2455396214603,1491.669,14.7946888,16.0034595353948
1492.151,14.14263189,15.2485968752249,1492.151,14.81793991,16.0067155140711
1492.633,14.13851777,15.251646728491,1492.633,14.83195857,16.0099636384145
1493.115,14.14872812,15.2546892046977,1493.115,14.81825934,16.01320393057
1493.597,14.16666161,15.2577243272308,1493.597,14.84764426,16.0164364126366
1494.08,14.16424097,15.2607583935461,1494.08,14.84625917,16.0196677888233
1494.562,14.17991682,15.2637788635419,1494.562,14.857539,16.0228847007355
1495.044,14.21058024,15.2667920497517,1495.044,14.86351766,16.0260938686252
1495.526,14.2216081,15.2697979753492,1495.526,14.88429415,16.0292953144074
1496.008,14.24326773,15.2727966634555,1496.008,14.88496509,16.0324890599517
1496.49,14.26727864,15.2757881371387,1496.49,14.91272642,16.0356751270816
1496.972,14.29736492,15.2787724194144,1496.972,14.93012811,16.0388535375752
1497.454,14.30813242,15.2817495332457,1497.454,14.94036332,16.042024313165
1497.937,14.33542795,15.284725655891,1497.937,14.95343531,16.0451940302166
1498.419,14.38758556,15.2876884867587,1498.419,14.96177643,16.0483495852865
1498.901,14.35709109,15.2906442178033,1498.901,14.99902893,16.051497570422
1499.383,14.37912035,15.2935928717783,1499.383,15.00254183,16.0546380071737
1499.865,14.42500692,15.2965344713847,1499.865,15.01338216,16.0577709170471
1500.347,14.43565194,15.2994690392715,1500.347,15.04108176,16.0608963215025
1500.829,14.43999838,15.3023965980356,1500.829,15.04691627,16.064014241955
1501.311,14.4437747,15.3053171702221,1501.311,15.04914636,16.0671246997747
1501.793,14.46359834,15.3082307783241,1501.793,15.04933797,16.0702277162867
1502.276,14.4693662,15.3111434680108,1502.276,15.07849448,16.073329727472
1502.758,14.47118245,15.3140432008836,1502.758,15.10563608,16.0764179098358
1503.24,14.4960723,15.3169360368869,1503.24,15.0937209,16.0794987146416
1503.722,14.51082682,15.3198219983068,1503.722,15.10250131,16.082572163035
1504.204,14.52777642,15.3227011073779,1504.204,15.12569117,16.0856382761168
1504.686,14.56394679,15.3255733862836,1504.686,15.13802249,16.0886970749433
1505.168,14.54969128,15.3284388571557,1505.168,15.15909479,16.0917485805262
1505.65,14.60315389,15.3312975420748,1505.65,15.19678177,16.0947928138328
1506.133,14.6264877,15.334155372903,1506.133,15.21975853,16.097836089055
1506.615,14.63950005,15.3370005379887,1506.615,15.25016038,16.1008658255534
1507.097,14.69067225,15.3398389831017,1507.097,15.30329425,16.1038883524539
1507.579,14.73284642,15.3426707301182,1507.579,15.34065122,16.1069036905461
1508.061,14.75992401,15.3454958008635,1508.061,15.34598645,16.1099118605756
1508.543,14.76740113,15.3483142171119,1508.543,15.37924244,16.1129128832439
1509.025,14.78220472,15.3511260005873,1509.025,15.37162031,16.1159067792082
1509.507,14.79308915,15.3539311729625,1509.507,15.35812062,16.1188935690819
1509.99,14.838694,15.3567355552138,1509.99,15.36211584,16.1218794480425
1510.471,14.827191,15.3595217708516,1510.471,15.37072552,16.1248459127912
1510.954,14.86226055,15.3623130116493,1510.954,15.38256684,16.1278176530118
1511.436,14.86001945,15.3650919418283,1511.436,15.36755091,16.1307762092271
1511.918,14.87447252,15.3678643685591,1511.918,15.39992113,16.1337277618028
1512.4,14.89078959,15.3706303132122,1512.4,15.40352216,16.1366723310896
1512.882,14.90581138,15.3733897971078,1512.882,15.41722966,16.1396099373944
1513.364,14.91475487,15.3761428415163,1513.364,15.41577371,16.1425406009806
1513.846,14.94653938,15.3788894676578,1513.846,15.39954714,16.1454643420682
1514.328,14.93375946,15.3816296967026,1514.328,15.43647807,16.148381180834
1514.811,14.97519751,15.3843692150524,1514.811,15.41984482,16.1512971675254
1515.293,15.00035571,15.3870967000531,1515.293,15.44678265,16.1542002477881
1515.775,15.00698924,15.3898178512128,1515.775,15.45481957,16.1570964860407
1516.257,15.03858162,15.3925326895029,1516.257,15.45611322,16.1599859022867
1516.739,15.05971385,15.3952412358451,1516.739,15.49317748,16.1628685164866
1517.221,15.04874612,15.3979435111117,1517.221,15.49224433,16.165744348558
1517.703,15.07932595,15.4006395361256,1517.703,15.49130323,16.1686134183755
1518.185,15.08578318,15.4033293316603,1518.185,15.53436664,16.1714757457708
1518.667,15.11484879,15.4060129184401,1518.667,15.5461028,16.1743313505326
1519.15,15.1285668,15.4086958654911,1519.15,15.56915056,16.1771861560378
1519.632,15.14177981,15.4113670839633,1519.632,15.59257803,16.1800283608832
1520.114,15.15093902,15.4140321556013,1520.114,15.6061188,16.182863902246
1520.596,15.15868491,15.4166911009333,1520.596,15.62960354,16.1856927997443
1521.078,15.18714021,15.4193439404382,1521.078,15.66324321,16.1885150729536
1521.56,15.1945408,15.4219906945462,1521.56,15.68324356,16.1913307414069
1522.042,15.23233153,15.4246313836391,1522.042,15.71081909,16.1941398245948
1522.524,15.22072961,15.4272660280495,1522.524,15.72759308,16.1969423419657
1523.007,15.22717935,15.4299000953822,1523.007,15.74588746,16.1997441069037
1523.489,15.24925269,15.4325226987966,1523.489,15.7327106,16.2025335372948
1523.971,15.23054647,15.4351393182779,1523.971,15.74516745,16.2053164600003
1524.453,15.25069935,15.4377499739651,1524.453,15.73529377,16.2080928942997
1524.935,15.22856431,15.4403546859487,1524.935,15.72235088,16.2108628594302
1525.417,15.2418068,15.4429534742712,1525.417,15.71246602,16.2136263745874
1525.899,15.22653168,15.4455463589268,1525.899,15.70774654,16.2163834589247
1526.381,15.21778937,15.4481333598618,1526.381,15.69860328,16.2191341315537
1526.864,15.23721595,15.4507198459489,1526.864,15.68722327,16.2218840984392
1527.346,15.2536477,15.4532951269853,1527.346,15.67234232,16.2246219916159
1527.828,15.25117554,15.4558645838931,1527.828,15.7007313,16.2273535302079
1528.31,15.25192787,15.4584282364268,1528.31,15.69271222,16.23007873316
1528.792,15.24695606,15.4609861042931,1528.792,15.69824898,16.2327976193753
1529.274,15.25942497,15.4635382071514,1529.274,15.71635267,16.2355102077154
1529.756,15.27097462,15.4660845646134,1529.756,15.73226989,16.2382165170006
1530.238,15.29033938,15.4686251962432,1530.238,15.75671477,16.2409165660096
1530.72,15.2960123,15.4711601215576,1530.72,15.75882103,16.2436103734799
1531.203,15.31162313,15.4736946015109,1531.203,15.76448347,16.2463035275539
1531.685,15.33448113,15.4762181608177,1531.685,15.7592903,16.248984895142
1532.167,15.33039237,15.478736072116,1532.167,15.82105999,16.2516600771953
1532.649,15.36326529,15.4812483547334,1532.649,15.84755299,16.2543290922863
1533.131,15.38900853,15.4837550279508,1533.131,15.84461304,16.2569919589468
1533.613,15.41850224,15.4862561110019,1533.613,15.88176763,16.2596486956676
1534.095,15.43494545,15.4887516230736,1534.095,15.89215819,16.2622993208985
1534.577,15.44908404,15.4912415833059,1534.577,15.91126911,16.2649438530484
1535.06,15.46591588,15.4937311594679,1535.06,15.92316625,16.2675877781619
1535.542,15.47364973,15.496210061835,1535.542,15.9294923,16.2702201666678
1536.024,15.50009316,15.498683469542,1536.024,15.95464604,16.2728465171133
1536.506,15.48194856,15.5011514015421,1536.506,15.95182803,16.2754668477443
1536.988,15.48877978,15.5036138767423,1536.988,15.94965192,16.2780811767666
1537.47,15.52294767,15.5060709140029,1537.47,15.95194657,16.2806895223453
1537.952,15.52090704,15.5085225321381,1537.952,15.98812982,16.2832919026049
1538.434,15.56714178,15.5109687499159,1538.434,15.98498145,16.2858883356298
1538.917,15.5726084,15.5134146444521,1538.917,16.01177971,16.2884842078023
1539.398,15.59061414,15.5158450592397,1539.398,16.0239656,16.2910634321111
1539.881,15.6194605,15.5182802243095,1539.881,16.03162161,16.2936474754201
1540.363,15.6430862,15.5207050163837,1540.363,16.02039302,16.296220287373
1540.845,15.68083463,15.523124501287,1540.845,16.031482,16.2987872419463
1541.327,15.67832006,15.5255386975111,1541.327,16.03959437,16.3013483569831
1541.809,15.70389019,15.5279476235022,1541.809,16.03535869,16.3039036502868
1542.291,15.67963237,15.5303512976604,1542.291,16.01526291,16.3064531396208
1542.773,15.65497574,15.5327497383406,1542.773,16.02606821,16.3089968427086
1543.255,15.66455679,15.5351429638519,1543.255,16.02956593,16.3115347772339
1543.738,15.6567751,15.5375359414847,1543.738,16.00991066,16.314072208368
1544.22,15.63615199,15.5399187806788,1544.22,16.03594092,16.3165986467843
1544.702,15.61926502,15.5422964593966,1544.702,16.04400333,16.3191193694877
1545.184,15.60324082,15.5446689957659,1545.184,16.02906452,16.3216343940033
1545.666,15.60888281,15.5470364078692,1545.666,16.03744327,16.3241437378168
1546.148,15.58408285,15.5493987137436,1546.148,16.03632983,16.3266474183745
1546.63,15.58737664,15.5517559313816,1546.63,16.03821122,16.329145453083
1547.112,15.55504798,15.5541080787305,1547.112,16.04010976,16.33163785931
1547.594,15.55893761,15.5564551736926,1547.594,16.02206033,16.3341246543837
1548.077,15.56067154,15.5588020879512,1548.077,16.02885302,16.3366109975107
1548.559,15.55032723,15.5611391212782,1548.559,16.01885742,16.339086610554
1549.041,15.54740179,15.5634711556939,1549.041,16.03540131,16.3415566642295
1549.523,15.53173403,15.5657982089216,1549.523,16.02941608,16.3440211757089
1550.005,15.51387767,15.5681202986402,1550.005,16.02508664,16.346480162125
1550.487,15.53102111,15.5704374424841,1550.487,16.01305575,16.3489336405716
1550.969,15.51540637,15.5727496580432,1550.969,16.01141866,16.3513816281037
1551.451,15.52260758,15.5750569628632,1551.451,15.99437209,16.3538241417376
1551.934,15.51980048,15.5773641461586,1551.934,16.0090477,16.3562662489242
1552.416,15.48782588,15.5796616718626,1552.416,15.99767897,16.3586978543866
1552.898,15.5254237,15.5819543392351,1552.898,16.00424257,16.3611240368021
1553.38,15.50039377,15.5842421656449,1553.38,16.01061501,16.3635448130323
1553.862,15.52332962,15.5865251684169,1553.862,16.01066874,16.3659601999002
1554.344,15.52576087,15.5888033648321,1554.344,16.01740689,16.3683702141903
1554.826,15.50870141,15.5910767721276,1554.826,16.02391993,16.3707748726489
1555.308,15.50556363,15.5933454074966,1555.308,16.02569725,16.3731741919837
1555.791,15.5252322,15.5956139800058,1555.791,16.03186189,16.3755731501417
1556.273,15.53691863,15.5978731131156,1556.273,16.03975368,16.3779618302088
1556.755,15.56263615,15.6001275256523,1556.755,16.02859061,16.3803452210806
1557.237,15.55774183,15.6023772346346,1557.237,16.03014376,16.3827233393121
1557.719,15.59078756,15.6046222570379,1557.719,16.01876695,16.3850962014202
1558.201,15.59556426,15.606862609794,1558.201,16.02614393,16.3874638238838
1558.683,15.64029227,15.6090983097918,1558.683,16.00598727,16.389826223144
1559.165,15.67770361,15.6113293738766,1559.165,15.98832993,16.3921834156039
1559.647,15.67776367,15.6135558188506,1559.647,16.00364042,16.3945354176287
1560.13,15.71439093,15.6157822663327,1560.13,16.00826058,16.3968871091165
1560.612,15.69902878,15.6179995138235,1560.612,16.038532,16.3992287685322
1561.094,15.72054468,15.6202121923866,1561.094,16.05070576,16.4015652864161
1561.576,15.7158773,15.6224203186524,1561.576,16.07443541,16.4038966789827
1562.058,15.71530986,15.6246239092082,1562.058,16.07909767,16.406222962409
1562.54,15.73252973,15.6268229805987,1562.54,16.09326273,16.4085441528343
1563.022,15.72469782,15.6290175493259,1563.022,16.12363972,16.4108602663609
1563.504,15.72215265,15.6312076318491,1563.504,16.14779699,16.4131713190533
1563.987,15.74274468,15.6333977744164,1563.987,16.12742977,16.4154821059547
1564.469,15.76630957,15.6355789245171,1564.469,16.15171164,16.417783074607
1564.951,15.76275263,15.6377556375708,1564.951,16.17158801,16.4200790304286
1565.433,15.78321135,15.6399279298669,1565.433,16.15661231,16.4223699893352
1565.915,15.80286503,15.6420958176528,1565.915,16.20234407,16.4246559672054
1566.397,15.80654879,15.6442593171333,1566.397,16.20040394,16.4269369798807
1566.879,15.8218104,15.6464184444715,1566.879,16.23485442,16.4292130431658
1567.361,15.84089395,15.6485732157881,1567.361,16.25472658,16.4314841728282
1567.844,15.84940966,15.6507281041376,1567.844,16.26397129,16.4337550811818
1568.325,15.87169099,15.65286975463,1568.325,16.2780084,16.4360116941717
1568.808,15.90688446,15.6550159932877,1568.808,16.30915894,16.4382727935109
1569.29,15.92625726,15.6571534919994,1569.29,16.33279103,16.4405243355337
1569.772,15.94626209,15.6592867146979,1569.772,16.34515862,16.4427710222527
1570.254,15.98438262,15.661415677253,1570.254,16.37675385,16.4450128692151
1570.736,16.00642964,15.663540395493,1570.736,16.39990144,16.4472498919316
1571.218,16.02950001,15.6656608852043,1571.218,16.43534528,16.4494821058765
1571.7,16.05140521,15.6677771621322,1571.7,16.45383137,16.4517095264875
1572.182,16.07390056,15.6698892419804,1572.182,16.47326624,16.4539321691662
1572.665,16.05825163,15.6720015093089,1572.665,16.51139417,16.4561546457486
1573.147,16.08119282,15.6741052333174,1573.147,16.5023523,16.4583677687885
1573.629,16.1076131,15.6762048071421,1573.629,16.53385692,16.4605761599144
1574.111,16.12916245,15.6783002463219,1574.111,16.5496372,16.4627798343829
1574.593,16.14109771,15.6803915663544,1574.593,16.56915342,16.4649788074142
1575.075,16.17190108,15.6824787826965,1575.075,16.58571074,16.4671730941928
1575.557,16.20856503,15.6845619107638,1575.557,16.61906437,16.469362709867
1576.039,16.22731155,15.6866409659315,1576.039,16.64061642,16.4715476695494
1576.521,16.26802681,15.6887159635336,1576.521,16.69046062,16.4737279883164
1577.004,16.29956928,15.6907912112601,1577.004,16.73093812,16.4759081902963
1577.486,16.31226475,15.6928581312318,1577.486,16.73285,16.4780792627687
1577.968,16.33317237,15.6949210394279,1577.968,16.78026727,16.4802457393719
1578.45,16.33631524,15.6969799510199,1578.45,16.78670514,16.4824076350396
1578.932,16.37887377,15.6990348811391,1578.932,16.8143056,16.4845649646697
1579.414,16.370625,15.7010858448761,1579.414,16.83205442,16.4867177431247
1579.896,16.40669789,15.7031328572814,1579.896,16.83668554,16.4888659852316
1580.378,16.41138303,15.7051759333651,1580.378,16.87508663,16.4910097057819
1580.861,16.42311473,15.7072193146428,1580.861,16.87331249,16.4931533530601
1581.343,16.43363953,15.7092545548639,1581.343,16.88193334,16.4952880654262
1581.825,16.44720438,15.7112859035839,1581.825,16.90268383,16.4974183004289
1582.307,16.47063184,15.7133133756524,1582.307,16.91494207,16.4995440727185
1582.789,16.45702654,15.7153369858791,1582.789,16.94957756,16.50166539691
1583.271,16.49533781,15.7173567490341,1583.271,16.96173538,16.5037822875837
1583.753,16.49934371,15.7193726798473,1583.753,16.97648723,16.5058947592845
1584.235,16.52964659,15.7213847930091,1584.235,16.99511335,16.5080028265225
1584.718,16.52628124,15.7233972658458,1584.718,17.02331407,16.510110863695
1585.2,16.52742105,15.7254017797729,1585.2,17.03380628,16.5122101563347
1585.682,16.56216648,15.7274025199122,1585.682,17.06702515,16.514305087862
1586.164,16.56117413,15.7293995007957,1586.164,17.07501535,16.5163956726476
1586.646,16.58366965,15.7313927369161,1586.646,17.11219788,16.5184819250271
1587.128,16.59574643,15.7333822427266,1587.128,17.13249743,16.5205638593018
1587.61,16.59565683,15.7353680326411,1587.61,17.1459089,16.5226414897381
1588.092,16.59897203,15.7373501210346,1588.092,17.15977784,16.524714830568
1588.574,16.59506975,15.7393285222426,1588.574,17.17595229,16.526783895989
1589.057,16.61880237,15.7413073437004,1589.057,17.20360147,16.5288529795703
1589.539,16.6082051,15.7432784058124,1589.539,17.20631305,16.5309135278312
1590.021,16.61166121,15.7452458235412,1590.021,17.22084259,16.5329698430982
1590.503,16.64245573,15.7472096110663,1590.503,17.25305954,16.5350219394311
1590.985,16.62961896,15.7491697825286,1590.985,17.27271807,16.5370698308558
1591.467,16.63242159,15.7511263520302,1591.467,17.27121981,16.5391135313635
1591.949,16.61905827,15.7530793336344,1591.949,17.27640562,16.5411530549118
1592.431,16.63884081,15.755028741366,1592.431,17.29773995,16.5431884154237
1592.914,16.64076808,15.7569786225491,1592.914,17.28567112,16.5452238366167
1593.396,16.66101062,15.7589209171132,1593.396,17.29885191,16.5472509041247
1593.878,16.64635992,15.7608596796768,1593.878,17.31119424,16.549273850191
1594.36,16.6510491,15.7627949241105,1594.36,17.30472186,16.5512926886029
1594.842,16.65661404,15.7647266642468,1594.842,17.31508722,16.553307433114
1595.324,16.67379054,15.7666549138802,1595.324,17.30977702,16.5553180974441
1595.806,16.66798889,15.7685796867666,1595.806,17.32626898,16.5573246952795
1596.288,16.67189353,15.7705009966241,1596.288,17.31318328,16.5593272402725
1596.771,16.65707217,15.7724228325202,1596.771,17.32089789,16.5613298881302
1597.252,16.65374272,15.7743332819341,1597.252,17.34610141,16.5633202261735
1597.735,16.65656632,15.7762482458206,1597.735,17.33908713,16.5653148196592
1598.217,16.66944041,15.7781558329248,1598.217,17.34492508,16.5673012808548
1598.699,16.64984254,15.7800600250486,1598.699,17.35082057,16.5692837569954
1599.181,16.64518263,15.7819608356826,1599.181,17.3638112,16.5712622615327
1599.663,16.64797673,15.7838582782799,1599.663,17.3608285,16.5732368078851
1600.145,16.63664601,15.7857523662557,1600.145,17.35566353,16.5752074094375
1600.627,16.66030343,15.7876431129878,1600.627,17.37336685,16.577174079542
1601.109,16.65409526,15.7895305318165,1601.109,17.37177894,16.5791368315173
1601.592,16.66605747,15.7914185415385,1601.592,17.39148879,16.5810997385975
1602.074,16.66386852,15.7932993375965,1602.074,17.38854521,16.5830546860786
1602.556,16.66648894,15.7951768455753,1602.556,17.42497789,16.585005755216
1603.038,16.64420114,15.797051078666,1603.038,17.40745719,16.5869529591965
1603.52,16.65594355,15.7989220500225,1603.52,17.40773072,16.588896311174
1604.002,16.64195993,15.8007897727613,1604.002,17.41100423,16.5908358242696
1604.484,16.64060967,15.8026542599624,1604.484,17.41044019,16.5927715115716
1604.966,16.63964619,15.8045155246683,1604.966,17.42406947,16.5947033861356
1605.448,16.66117024,15.8063735798851,1605.448,17.41356857,16.5966314609846
1605.931,16.64093869,15.8082322835224,1605.931,17.42235865,16.5985597374806
1606.413,16.63646386,15.8100839520394,1606.413,17.42845624,16.600480244022
1606.895,16.64409591,15.8119324498907,1606.895,17.42525689,16.6023969897487
1607.377,16.62788627,15.8137777899351,1607.377,17.45505224,16.6043099875533
1607.859,16.60016793,15.8156199849948,1607.859,17.43169882,16.6062192502963
1608.341,16.59120906,15.8174590478554,1608.341,17.43219692,16.6081247908058
1608.823,16.59595179,15.8192949912662,1608.823,17.43462535,16.6100266218775
1609.305,16.62064238,15.8211278279399,1609.305,17.41952758,16.6119247562749
1609.788,16.60178742,15.8229613634921,1609.788,17.3961734,16.6138231333038
1610.27,16.57685929,15.8247880183051,1610.27,17.40585458,16.615713904911
1610.752,16.58407002,15.8266116043278,1610.752,17.41804333,16.6176010179678
1611.234,16.57001345,15.8284321341281,1611.234,17.41310712,16.6194844851093
1611.716,16.56765549,15.8302496202375,1611.716,17.41469718,16.6213643189384
1612.198,16.55624324,15.8320640751517,1612.198,17.39998095,16.6232405320262
1612.68,16.56494803,15.8338755113304,1612.68,17.40413739,16.625113136912
1613.162,16.54002169,15.8356839411973,1613.162,17.40007287,16.6269821461033
1613.645,16.54567219,15.8374931197546,1613.645,17.40398023,16.6288514385377
1614.127,16.5139816,15.8392955679531,1614.127,17.40595132,16.6307132863395
1614.609,16.53160103,15.8410950469218,1614.609,17.39198693,16.6325715758041
1615.091,16.52395878,15.8428915689416,1615.091,17.39199267,16.634426319312
1615.573,16.50116672,15.8446851462574,1615.573,17.39539999,16.6362775292123
1616.055,16.49029204,15.8464757910789,1616.055,17.39951063,16.6381252178223
1616.537,16.4951072,15.8482635155801,1616.537,17.39946973,16.6399693974281
1617.019,16.48585898,15.8500483318998,1617.019,17.35292068,16.6418100802841
1617.501,16.47162869,15.8518302521413,1617.501,17.36450933,16.6436472786136
1617.984,16.47950342,15.8536129763296,1617.984,17.35653852,16.6454848054182
1618.466,16.47624042,15.8553891346377,1618.466,17.33257567,16.6473150640727
1618.948,16.4674138,15.857162432991,1618.948,17.35436369,16.6491418747078
1619.43,16.46137216,15.858932883352,1619.43,17.34973579,16.6509652494214
1619.912,16.4468307,15.8607004976481,1619.912,17.34089339,16.6527852002806
1620.394,16.46320785,15.8624652877719,1620.394,17.31371601,16.6546017393215
1620.876,16.46122124,15.8642272655808,1620.876,17.32615315,16.6564148785489
1621.358,16.43836469,15.8659864428976,1621.358,17.3411207,16.6582246299369
1621.841,16.43948545,15.8677464725792,1621.841,17.33552634,16.6600347495946
1622.323,16.44011322,15.8695000784915,1622.323,17.32632408,16.6618377541353
1622.805,16.43214581,15.8712509191955,1622.805,17.32199645,16.6636374065979
1623.287,16.43115048,15.872999006375,1623.287,17.31478435,16.665433718833
1623.769,16.4424544,15.8747443516791,1623.769,17.30802497,16.6672267026606
1624.251,16.43520794,15.8764869667227,1624.251,17.30763383,16.6690163698697
1624.733,16.41781964,15.878226863086,1624.733,17.31445633,16.6708027322191
1625.215,16.41452422,15.879964052315,1625.215,17.3143179,16.6725858014367
1625.698,16.41198493,15.8817021416616,1625.698,17.30181185,16.674369278323
1626.179,16.40902369,15.8834303553822,1626.179,17.2919062,16.6761421072365
1626.662,16.40833165,15.8851630767913,1626.662,17.30981509,16.6779190427061
1627.144,16.39583256,15.8868895467475,1627.144,17.29946749,16.6796890493444
1627.626,16.39082356,15.8886133668091,1627.626,17.29800184,16.6814558210585
1628.108,16.38246762,15.8903345483171,1628.108,17.30188753,16.6832193693942
1628.59,16.39009644,15.8920531025783,1628.59,17.2918463,16.6849797058668
1629.072,16.38122333,15.8937690408658,1629.072,17.28054325,16.6867368419617
1629.554,16.39640341,15.8954823744189,1629.554,17.29827318,16.6884907891341
1630.036,16.37394945,15.897193114443,1630.036,17.30041538,16.6902415588092
1630.519,16.37648177,15.8989048133287,1630.519,17.3025553,16.6919927848322
1631.001,16.36866874,15.9006103944534,1631.001,17.32033327,16.6937372271345
1631.483,16.36266085,15.9023134154863,1631.483,17.30027689,16.6954785260585
1631.965,16.36731653,15.9040138874985,1631.965,17.3136694,16.6972166929093
1632.447,16.36317274,15.9057118215273,1632.447,17.33693342,16.6989517389626
1632.929,16.36524546,15.9074072285766,1632.929,17.3373247,16.7006836754641
1633.411,16.34020472,15.9091001196173,1633.411,17.3446203,16.7024125136297
1633.893,16.37442269,15.9107905055865,1633.893,17.34910303,16.7041382646459
1634.375,16.34508649,15.9124783973885,1634.375,17.35845042,16.7058609396694
1634.858,16.34123749,15.9141673000184,1634.858,17.37228958,16.707584114305
1635.34,16.32833103,15.9158502309472,1635.34,17.35594685,16.7093006643709
1635.822,16.31814352,15.9175307002447,1635.822,17.34803168,16.71101417176
1636.304,16.31585445,15.9192087186826,1636.304,17.36388256,16.7127246475111
1636.786,16.2961794,15.9208842969995,1636.786,17.35429639,16.7144321026334
1637.268,16.31360789,15.9225574459015,1637.268,17.33063259,16.7161365481069
1637.75,16.27356058,15.9242281760615,1637.75,17.33279179,16.7178379948824
1638.232,16.30160985,15.9258964981199,1638.232,17.32803391,16.7195364538814
1638.715,16.27153165,15.9275658764745,1638.715,17.33314985,16.7212354505071
1639.197,16.27975825,15.9292294091786,1639.197,17.33177899,16.7229279604587
1639.679,16.25766553,15.9308905655279,1639.679,17.31813414,16.7246175152458
1640.161,16.27315881,15.9325493560321,1640.161,17.33495034,16.7263041256736
1640.643,16.25707479,15.9342057911684,1640.643,17.34396979,16.7279878025181
1641.125,16.24355039,15.9358598813818,1641.125,17.33722284,16.7296685565263
1641.607,16.23936004,15.9375116370849,1641.607,17.32101737,16.7313463984166
1642.089,16.24714465,15.9391610686578,1642.089,17.33927926,16.7330213388784
1642.572,16.19841871,15.9408116013075,1642.572,17.32407077,16.7346968545573
1643.054,16.20634656,15.9424564108637,1643.054,17.31285548,16.7363660181507
1643.536,16.21059528,15.9440989272587,1643.536,17.32953048,16.7380323122331
1644.018,16.20110405,15.9457391607441,1644.018,17.30458777,16.7396957473791
1644.5,16.20729984,15.9473771215393,1644.5,17.31430631,16.7413563341345
1644.982,16.20072155,15.9490128198321,1644.982,17.30474439,16.7430140830166
1645.464,16.16871936,15.9506462657782,1645.464,17.30281463,16.7446690045144
1645.946,16.15847928,15.9522774695015,1645.946,17.28550545,16.7463211090882
1646.428,16.13770343,15.9539064410942,1646.428,17.26737507,16.7479704071699
1646.911,16.13899016,15.955536563313,1646.911,17.25311898,16.7496203222432
1647.393,16.12978856,15.9571610962153,1647.393,17.22952061,16.7512640327549
1647.875,16.10744099,15.9587834270941,1647.875,17.21539634,16.7529049679219
1648.357,16.12083587,15.9604035659151,1648.357,17.21692376,16.7545431380633
1648.839,16.10404918,15.9620215226123,1648.839,17.21985759,16.7561785534695
1649.321,16.08701087,15.9636373070884,1649.321,17.20270308,16.7578112244032
1649.803,16.08675106,15.9652509292147,1649.803,17.20138558,16.7594411610987
1650.285,16.06768175,15.9668623988313,1650.285,17.194474,16.7610683737626
1650.768,16.07628311,15.9684750623788,1650.768,17.19917195,16.7626962400888
1651.25,16.07194214,15.9700822519559,1651.25,17.18851979,16.764318029598
1651.732,16.07298576,15.9716873183762,1651.732,17.1920881,16.7659371255481
1652.214,16.07970606,15.9732902713549,1652.214,17.16815826,16.767553538034
1652.696,16.04195504,15.9748911205763,1652.696,17.14845911,16.7691672771226
1653.178,16.03398425,15.9764898756936,1653.178,17.12479745,16.7707783528533
1653.66,16.02198571,15.9780865463293,1653.66,17.08102666,16.7723867752375
1654.142,16.02758837,15.9796811420749,1654.142,17.07132192,16.7739925542593
1654.625,16.02860577,15.9812769743559,1654.625,17.06659356,16.7755990231726
1655.106,16.01691813,15.9828641471079,1655.106,17.06976758,16.7771962220132
1655.589,15.99678478,15.9844558687986,1655.589,17.09629878,16.7787974430284
1656.071,15.99593718,15.9860422560679,1656.071,17.08481827,16.7803927424969
1656.553,15.99294512,15.9876266159635,1656.553,17.07855511,16.7819854481299
1657.035,15.97881661,15.989208957893,1657.035,17.10886957,16.7835755697467
1657.517,15.9685969,15.9907892912333,1657.517,17.09327486,16.7851631171389
1657.999,15.964756,15.9923676253312,1657.999,17.09828805,16.7867481000709
1658.481,15.95414424,15.9939439695031,1658.481,17.108125,16.78833052828
1658.963,15.95014252,15.9955183330349,1658.963,17.08711429,16.7899104114764
1659.446,15.94580367,15.9970939853641,1659.446,17.07599755,16.79149102922
1659.928,15.93052772,15.998664411292,1659.928,17.08214145,16.7930658461825
1660.41,15.93005476,16.0002328842759,1660.41,17.08429418,16.7946381471199
1660.892,15.88830269,16.0017994134813,1660.892,17.06255704,16.7962079416338
1661.374,15.9012745,16.0033640080436,1661.374,17.05455218,16.7977752392992
1661.856,15.90693551,16.0049266770682,1661.856,17.03665338,16.7993400496641
1662.338,15.88048518,16.0064874296308,1662.338,17.03512536,16.8009023822496
1662.82,15.86739881,16.008046274777,1662.82,17.03365833,16.80246224655
1663.302,15.85289488,16.0096032215228,1663.302,16.99631801,16.804019652033
1663.785,15.85249612,16.0111615031566,1663.785,17.01124208,16.8055778316499
1664.267,15.84709502,16.0127146761386,1664.267,17.00137302,16.8071303427416
1664.749,15.81198419,16.0142659776084,1664.749,16.99347893,16.808680423278
1665.231,15.80943897,16.0158154164633,1665.231,17.0077993,16.8102280826202
1665.713,15.79486506,16.0173630015711,1665.713,16.98968382,16.8117733301025
1666.195,15.78673404,16.0189087417703,1666.195,17.02562614,16.8133161750332
1666.677,15.78816829,16.0204526458698,1666.677,17.0046612,16.8148566266936
1667.159,15.7882601,16.0219947226492,1667.159,16.9999644,16.8163946943391
1667.642,15.75550104,16.023538174531,1667.642,16.99979652,16.817933570821
1668.124,15.74940518,16.0250766191463,1668.124,16.99869615,16.8194668931986
1668.606,15.7296545,16.026613262623,1668.606,16.98507013,16.8209978591879
1669.088,15.73577105,16.028148113624,1669.088,16.97152271,16.8225264779392
1669.57,15.7367808,16.0296811807828,1669.57,16.95452597,16.8240527585764
1670.052,15.72002525,16.0312124727042,1670.052,16.94457019,16.8255767101972
1670.534,15.70268766,16.0327419979641,1670.534,16.92998329,16.8270983418735
1671.016,15.6819118,16.0342697651093,1671.016,16.9284619,16.828617662651
1671.499,15.67181558,16.0357989468564,1671.499,16.90306051,16.8301378265051
1671.981,15.69444823,16.037323219694,1671.981,16.91485681,16.8316525477708
1672.463,15.67423128,16.0388457599021,1672.463,16.90123629,16.8331649851379
1672.945,15.66632229,16.0403665759127,1672.945,16.86178795,16.8346751475487
1673.427,15.64256995,16.0418856761287,1673.427,16.84540956,16.8361830439193
1673.909,15.63582943,16.0434030689249,1673.909,16.82641965,16.8376886831404
1674.391,15.6248194,16.0449187626473,1674.391,16.80678395,16.8391920740769
1674.873,15.60104841,16.0464327656135,1674.873,16.77954396,16.8406932255679
1675.355,15.61687851,16.0479450861128,1675.355,16.78899945,16.8421921464272
1675.838,15.62046199,16.0494588647922,1675.838,16.76149168,16.8436919483239
1676.32,15.61507689,16.050967841664,1676.32,16.75274469,16.845186429676
1676.802,15.59435101,16.0524751607836,1676.802,16.73479633,16.8466787067021
1677.284,15.57535867,16.053980830327,1677.284,16.70621383,16.848168788114
1677.766,15.58321013,16.0554848584423,1677.766,16.72694298,16.8496566825977
1678.248,15.56840709,16.0569872532492,1678.248,16.71289759,16.8511423988142
1678.73,15.56865822,16.0584880228397,1678.73,16.71188257,16.8526259453991
1679.212,15.5496475,16.0599871752776,1679.212,16.69417203,16.8541073309629
1679.695,15.54957919,16.0614878238681,1679.695,16.72257526,16.8555896308075
1680.177,15.54428609,16.0629837627674,1680.177,16.69801537,16.8570667156201
1680.659,15.51729768,16.0644781085549,1680.659,16.68094067,16.8585416651094
1681.141,15.52038606,16.0659708691831,1681.141,16.68648896,16.860014487785
1681.623,15.50820686,16.0674620525769,1681.623,16.68430049,16.8614851921317
1682.105,15.49651708,16.0689516666333,1682.105,16.64095885,16.8629537866093
1682.587,15.48154098,16.0704397192219,1682.587,16.65925556,16.8644202796528
1683.069,15.49037662,16.0719262181846,1683.069,16.63336858,16.8658846796719
1683.552,15.49225738,16.0734142505502,1683.552,16.62086644,16.8673500267402
1684.033,15.46399718,16.0748945864631,1684.033,16.61374539,16.8688072341533
1684.516,15.46657101,16.0763795441902,1684.516,16.57049201,16.8702684284189
1684.998,15.46068384,16.0778599033697,1684.998,16.54906327,16.8717245356803
1685.48,15.44189748,16.0793387477379,1685.48,16.55083476,16.8731785916127
1685.962,15.45839944,16.0808160849728,1685.962,16.52959015,16.8746306044777
1686.444,15.42869458,16.0822919227248,1686.444,16.51064488,16.8760805825123
1686.926,15.42809338,16.0837662686176,1686.926,16.51896388,16.8775285339289
1687.408,15.42653168,16.0852391302475,1687.408,16.50227849,16.8789744669154
1687.89,15.4117304,16.0867105151841,1687.89,16.49757625,16.8804183896354
1688.373,15.38573248,16.0881834790656,1688.373,16.50643008,16.8818632996889
1688.855,15.40898123,16.0896519301914,1688.855,16.49487926,16.8833032221403
1689.337,15.38355951,16.091118927186,1689.337,16.47489788,16.8847411586861
1689.819,15.37675236,16.0925844775115,1689.819,16.45846717,16.8861771173926
1690.301,15.34723561,16.0940485886029,1690.301,16.46391779,16.8876111063015
1690.783,15.36638981,16.0955112678687,1690.783,16.45413106,16.8890431334308
1691.265,15.34929368,16.0969725226907,1691.265,16.44472985,16.8904732067738
1691.747,15.34077743,16.0984323604241,1691.747,16.44180888,16.8919013343001
1692.229,15.34343235,16.0998907883975,1692.229,16.4391582,16.8933275239552
1692.712,15.33427162,16.1013508353348,1692.712,16.4124664,16.8947547365554
1693.194,15.33140783,16.1028064627815,1693.194,16.42760877,16.8961770702288
1693.676,15.33603633,16.1042607023105,1693.676,16.40912034,16.8975974897397
1694.158,15.33418334,16.105713561145,1694.158,16.39799697,16.8990160029378
1694.64,15.2967773,16.1071650464815,1694.64,16.39880221,16.9004326176488
1695.122,15.30969063,16.1086151654907,1695.122,16.40821517,16.9018473416747
1695.604,15.29836145,16.1100639253168,1695.604,16.38258392,16.9032601827939
1696.086,15.30126766,16.1115113330781,1696.086,16.38998304,16.9046711487608
1696.569,15.28650182,16.1129603946037,1696.569,16.37449827,16.9060831688116
1697.051,15.28446812,16.1144051167173,1697.051,16.37898515,16.9074904037929
1697.533,15.27401559,16.1158485079791,1697.533,16.39479707,16.9088957867598
1698.015,15.28835488,16.1172905754032,1698.015,16.37568877,16.9102993253725
1698.497,15.27601803,16.1187313259781,1698.497,16.36367165,16.9117010272677
1698.979,15.29275094,16.1201707666662,1698.979,16.34305616,16.9131009000585
1699.461,15.26155642,16.1216089044043,1699.461,16.33793723,16.9144989513348
1699.943,15.25764484,16.1230457461036,1699.943,16.29661642,16.9158951886631
1700.426,15.26442522,16.1244842756388,1700.426,16.27557403,16.9172925107242
1700.908,15.24638846,16.1259185432377,1700.908,16.25451215,16.9186851390382
1701.39,15.23242818,16.1273515353913,1701.39,16.2803441,16.9200759759795
1701.872,15.23104014,16.1287832589084,1701.872,16.25075083,16.9214650290213
1702.354,15.22592299,16.1302137205722,1702.354,16.25427087,16.9228523056141
1702.836,15.22460049,16.1316429271406,1702.836,16.25142235,16.9242378131849
1703.318,15.19187546,16.1330708853461,1703.318,16.2427574,16.925621559138
1703.8,15.19263902,16.134497601896,1703.8,16.23231241,16.9270035508543
1704.282,15.19797173,16.1359230834723,1704.282,16.22021421,16.9283837956922
1704.765,15.20674005,16.1373502903417,1704.765,16.21018697,16.929765159153
1705.247,15.20827547,16.138773319388,1705.247,16.20232404,16.9311419286303
1705.729,15.19700329,16.1401951333694,1705.729,16.21908375,16.9325169731812
1706.211,15.2155321,16.1416157388673,1706.211,16.17188695,16.9338903000723
1706.693,15.2011052,16.1430351424382,1706.693,16.1748702,16.9352619165475
1707.175,15.20568044,16.1444533506135,1707.175,16.17722676,16.9366318298281
1707.657,15.20349451,16.1458703698999,1707.657,16.17171078,16.9380000471124
1708.139,15.20833767,16.1472862067794,1708.139,16.18283923,16.9393665755763
1708.622,15.19625403,16.148703801472,1708.622,16.17187785,16.9407342522624
1709.104,15.22777629,16.1501172904639,1709.104,16.15928141,16.9420974210561
1709.586,15.21259399,16.151529616359,1709.586,16.16345716,16.9434589224363
1710.068,15.18797563,16.1529407855401,1710.068,16.162009,16.9448187634889
1710.55,15.20417365,16.1543508043656,1710.55,16.16408291,16.946176951277
1711.032,15.19088026,16.1557596791693,1711.032,16.15394145,16.9475334928415
1711.514,15.17853919,16.1571674162605,1711.514,16.15831516,16.948888395201
1711.996,15.17385322,16.1585740219239,1711.996,16.15452527,16.9502416653519
1712.479,15.18330026,16.1599824171896,1712.479,16.14384165,16.9515961128259
1712.96,15.18168084,16.1613838639856,1712.96,16.13746342,16.9529433369012
1713.443,15.16842529,16.162790022984,1713.443,16.1553648,16.954294548053
1713.925,15.17479283,16.1641921630094,1713.925,16.15524226,16.9556413555657
1714.407,15.1742002,16.1655932026795,1714.407,16.15444582,16.9569865655323
1714.889,15.17740004,16.1669931481335,1714.889,16.15251524,16.9583301848161
1715.371,15.18061109,16.1683920054867,1715.371,16.14224763,16.9596722202585
1715.853,15.17879005,16.1697897808301,1715.853,16.13967391,16.9610126786788
1716.335,15.21428199,16.1711864802309,1716.335,16.1163448,16.9623515668745
1716.817,15.19458781,16.1725821097324,1716.817,16.12492679,16.9636888916211
1717.3,15.21018531,16.1739795675418,1717.3,16.08206677,16.9650274293618
1717.782,15.21703929,16.1753730730902,1717.782,16.05535913,16.9663616442409
1718.264,15.2238161,16.1767655267381,1718.264,16.03045474,16.9676943158807
1718.746,15.20228854,16.1781569344334,1718.746,16.00989025,16.9690254509695
1719.228,15.23042996,16.1795473021004,1719.228,16.00406574,16.9703550561741
1719.71,15.21855051,16.1809366356397,1719.71,15.97399975,16.9716831381396
1720.192,15.21180149,16.1823249409282,1720.192,16.01437003,16.9730097034894
1720.674,15.21014273,16.1837122238194,1720.674,16.00011911,16.9743347588257
1721.156,15.20490644,16.1850984901432,1721.156,15.99693511,16.9756583107288
1721.639,15.22383433,16.1864866186337,1721.639,16.003456,16.9769831070589
1722.121,15.21598043,16.18787086714,1722.121,16.01080513,16.978303668666
1722.603,15.20731137,16.1892541164402,1722.603,15.99792873,16.9796227464661
1723.085,15.22214199,16.1906363722709,1723.085,16.00148789,16.980940346954
1723.567,15.23012693,16.1920176403451,1723.567,16.00754608,16.9822564766032
1724.049,15.23390639,16.1933979263528,1724.049,16.00811295,16.9835711418659
1724.531,15.22168021,16.194777235961,1724.531,15.99211584,16.9848843491732
1725.013,15.22645966,16.1961555748132,1725.013,15.99020244,16.9861961049348
1725.496,15.24278744,16.1975358051527,1725.496,15.98682702,16.9875091325283
1725.978,15.22113692,16.1989122173472,1725.978,15.98336964,16.988818001365
1726.46,15.23810292,16.2002876755904,1726.46,15.98150527,16.990125437772
1726.942,15.24873007,16.2016621854341,1726.942,15.98307397,16.9914314480747
1727.424,15.25575589,16.2030357524071,1727.424,15.98136075,16.9927360385775
1727.906,15.26976718,16.2044083820155,1727.906,15.98682473,16.9940392155639
1728.388,15.26407473,16.2057800797426,1728.388,15.98982622,16.9953409852967
1728.87,15.26370429,16.207150851049,1728.87,15.9961834,16.9966413540176
1729.353,15.26028681,16.2085235424323,1729.353,15.99420757,16.9979430214686
1729.835,15.26953472,16.2098924752946,1729.835,15.98954712,16.9992406039333
1730.317,15.27367991,16.2112604979935,1730.317,15.99521881,17.0005368039994
1730.799,15.28138056,16.212627615899,1730.799,15.98555314,17.0018316278257
1731.281,15.27554927,16.2139938343589,1731.281,15.98918078,17.0031250815501
1731.763,15.2923628,16.2153591586984,1731.763,15.98612302,17.0044171712902
1732.245,15.29637543,16.2167235942204,1732.245,15.98262379,17.0057079031428
1732.727,15.31359579,16.2180871462055,1732.727,15.96096648,17.0069972831842
1733.209,15.31018618,16.219449819912,1733.209,15.96039434,17.0082853174702
1733.692,15.33684906,16.2208144449846,1733.692,15.97860414,17.0095746801384
1734.174,15.34501988,16.2221753760246,1734.174,15.95420861,17.0108600382385
1734.656,15.3460987,16.2235354444384,1734.656,15.92829664,17.0121440686404
1735.138,15.3720683,16.2248946553955,1735.138,15.95606163,17.0134267773184
1735.62,15.39270564,16.2262530140434,1735.62,15.95709072,17.0147081702264
1736.102,15.37511788,16.2276105255076,1736.102,15.98103407,17.0159882532979
1736.584,15.40254821,16.2289671948917,1736.584,15.98266615,17.0172670324464
1737.066,15.39942701,16.2303230272775,1737.066,16.00679971,17.0185445135652
1737.549,15.39897517,16.2316808380676,1737.549,16.01677224,17.0198233488831
1738.031,15.4241668,16.2330350099038,1738.031,15.99977078,17.0210982488788
1738.513,15.42906761,16.234388359866,1738.513,16.00885541,17.0223718684159
1738.995,15.43835524,16.2357408929488,1738.995,16.02676697,17.0236442133072
1739.477,15.43926893,16.237092614125,1739.477,16.02215982,17.0249152893455
1739.959,15.44381255,16.2384435283456,1739.959,16.02409046,17.0261851023038
1740.441,15.44637428,16.2397936405405,1740.441,16.02695624,17.0274536579352
1740.923,15.47422485,16.2411429556175,1740.923,16.01720422,17.0287209619729
1741.406,15.4717494,16.2424942754085,1741.406,16.03435511,17.0299896455157
1741.887,15.47375151,16.2438392139434,1741.887,16.027827,17.0312518381005
1742.37,15.48553809,16.2451889605993,1742.37,16.03692494,17.032518041821
1742.852,15.48577941,16.2465351342489,1742.852,16.02546891,17.0337803938758
1743.334,15.49716834,16.2478805350099,1743.334,16.05524835,17.0350415227179
1743.816,15.50055468,16.2492251676621,1743.816,16.04726152,17.0363014339619
1744.298,15.50488638,16.2505690369641,1744.298,16.05141855,17.0375601332031
1744.78,15.52663689,16.2519121476536,1744.78,16.05766263,17.0388176260171
1745.262,15.52438986,16.2532545044469,1745.262,16.06774678,17.0400739179601
1745.744,15.52027644,16.2545961120393,1745.744,16.07436915,17.0413290145687
1746.227,15.53163157,16.2559397562081,1746.227,16.10098059,17.0425855215934
1746.709,15.55517985,16.2572798778706,1746.709,16.0876973,17.043838241614
1747.191,15.54810073,16.258619264302,1747.191,16.10525176,17.0450897828051
1747.673,15.5835746,16.2599579201137,1747.673,16.12177719,17.0463401506256
1748.155,15.590544,16.2612958498964,1748.155,16.10580475,17.0475893505156
1748.637,15.62759501,16.2626330582201,1748.637,16.12283148,17.0488373878955
1749.119,15.63798527,16.2639695496338,1749.119,16.11848629,17.0500842681667
1749.601,15.65358268,16.265305328666,1749.601,16.11831689,17.0513299967115
1750.083,15.66505589,16.2666403998246,1750.083,16.08669241,17.0525745788929
1750.566,15.68589176,16.2679775352665,1750.566,16.10275068,17.053820598626
1751.048,15.70344108,16.2693112026735,1751.048,16.10235393,17.055062901743
1751.53,15.70387525,16.270644175616,1751.53,16.12233693,17.0563040744825
1752.012,15.72415555,16.2719764585197,1752.012,16.10932741,17.0575441221314
1752.494,15.71747278,16.2733080557898,1752.494,16.13207188,17.0587830499578
1752.976,15.74003257,16.2746389718112,1752.976,16.14371275,17.0600208632108
1753.458,15.75070428,16.2759692109483,1753.458,16.14259383,17.0612575671206
1753.94,15.76914979,16.2772987775455,1753.94,16.16200898,17.0624931668986
1754.423,15.76709661,16.2786304322857,1754.423,16.17676613,17.0637302278038
1754.905,15.77656624,16.2799586653817,1754.905,16.18462785,17.0649636326136
1755.387,15.791515,16.2812862388581,1755.387,16.18796872,17.066195948824
1755.869,15.83130267,16.2826131569784,1755.869,16.19921208,17.0674271815716
1756.351,15.83339554,16.283939423986,1756.351,16.21332259,17.0686573359741
1756.833,15.83885774,16.2852650441044,1756.833,16.22448961,17.0698864171309
1757.315,15.84809679,16.2865900215371,1757.315,16.25042953,17.0711144301227
1757.797,15.87200825,16.2879143604676,1757.797,16.23743336,17.0723413800116
1758.28,15.8745158,16.2892408106782,1758.28,16.24848122,17.0735698140891
1758.762,15.89532974,16.2905638837724,1758.762,16.28144525,17.0747946507055
1759.244,15.9028663,16.2918863308046,1759.244,16.28436671,17.0760184393054
1759.726,15.94204664,16.293208155879,1759.726,16.28002892,17.0772411848771
1760.208,15.9123533,16.2945293630803,1760.208,16.27512609,17.0784628923908
1760.69,15.95731626,16.2958499564734,1760.69,16.30487312,17.0796835667983
1761.172,15.96478409,16.2971699401036,1761.172,16.30008849,17.0809032130333
1761.654,16.00410159,16.2984893179967,1761.654,16.33266439,17.0821218360111
1762.136,16.00130088,16.299808094159,1762.136,16.34180239,17.083339440629
1762.619,15.98719822,16.3011290067685,1762.619,16.33035906,17.0845585547638
1763.101,16.03595662,16.3024465901821,1763.101,16.34342005,17.0857741351933
1763.583,16.03740982,16.3037635837751,1763.583,16.365219,17.0869887118558
1764.065,16.05520388,16.3050799914761,1764.065,16.37871534,17.0882022895761
1764.547,16.05522622,16.3063958171944,1764.547,16.39805497,17.089414873161
1765.029,16.06403999,16.3077110648199,1765.029,16.4157591,17.0906264673994
1765.511,16.08443649,16.3090257382235,1765.511,16.41631734,17.0918370770623
1765.993,16.10565397,16.3103398412569,1765.993,16.42689134,17.0930467069028
1766.476,16.12821421,16.3116561023458,1766.476,16.44850973,17.0942578682282
1766.958,16.12166631,16.3129690749538,1766.958,16.46333801,17.0954655506034
1767.44,16.15399877,16.3142814886398,1767.44,16.46752697,17.0966722673182
1767.922,16.15831517,16.3155933471792,1767.922,16.49591291,17.0978780230546
1768.404,16.15225133,16.3169046543286,1768.404,16.48818906,17.0990828224766
1768.886,16.18227878,16.3182154138255,1768.886,16.51055074,17.1002866702309
1769.368,16.18324756,16.3195256293885,1769.368,16.52837669,17.1014895709464
1769.85,16.20771914,16.3208353047176,1769.85,16.52253079,17.1026915292344
1770.333,16.22274514,16.3221471589942,1770.333,16.54692096,17.1038950404607
1770.814,16.23228532,16.3234530493797,1770.814,16.54605778,17.1050926368855
1771.297,16.27684218,16.3247638393231,1771.297,16.5668869,17.1062942823022
1771.779,16.28459852,16.3260713892538,1771.779,16.57016949,17.1074925147304
1772.261,16.33093025,16.3273784171769,1772.261,16.5883192,17.1086898275347
1772.743,16.31849263,16.3286849266801,1772.743,16.58391402,17.1098862252216
1773.225,16.36068468,16.3299909213329,1773.225,16.59451264,17.1110817122802
1773.707,16.38208349,16.3312964046861,1773.707,16.61974474,17.1122762931826
1774.189,16.39206915,16.3326013802724,1774.189,16.60920698,17.1134699723833
1774.671,16.38695281,16.3339058516056,1774.671,16.65500395,17.1146627543199
1775.154,16.41337915,16.3352125269968,1775.154,16.65888806,17.1158571152865
1775.636,16.43447048,16.3365159992652,1775.636,16.66203428,17.1170481140998
1776.118,16.42405046,16.3378189777203,1776.118,16.677584,17.1182382288674
1776.6,16.44771685,16.3391214658031,1776.6,16.71392541,17.1194274639582
1777.082,16.43772531,16.3404234669364,1777.082,16.7013569,17.120615823724
1777.564,16.44415523,16.341724984525,1777.564,16.72798474,17.1218033124998
1778.046,16.47903388,16.3430260219554,1778.046,16.73481455,17.1229899346034
1778.528,16.46840107,16.3443265825963,1778.528,16.74211233,17.1241756943357
1779.01,16.49418783,16.3456266697982,1779.01,16.77279176,17.1253605959809
1779.493,16.51345069,16.3469289827084,1779.493,16.79175062,17.1265470994522
1779.975,16.53174585,16.3482281320474,1779.975,16.79867345,17.1277302959496
1780.457,16.54680591,16.3495268178985,1780.457,16.801164,17.1289126471198
1780.939,16.54839348,16.3508250435408,1780.939,16.80856646,17.1300941571794
1781.421,16.56010182,16.3521228122354,1781.421,16.83406474,17.1312748303287
1781.903,16.5555541,16.3534201272259,1781.903,16.83910078,17.1324546707511
1782.385,16.59213239,16.3547169917381,1782.385,16.8749351,17.1336336826132
1782.867,16.59118492,16.35601340898,1782.867,16.89315306,17.1348118700652
1783.35,16.61484775,16.3573120704239,1783.35,16.89212036,17.1359916790615
1783.832,16.62423955,16.3586076017681,1783.832,16.89499103,17.1371682283886
1784.314,16.65302071,16.3599026953675,1784.314,16.92689207,17.1383439656653
1784.796,16.6695606,16.3611973543602,1784.796,16.91152917,17.1395188949756
1785.278,16.66707884,16.3624915818665,1785.278,16.94208355,17.1406930203871
1785.76,16.67080335,16.3637853809896,1785.76,16.96713323,17.141866345951
1786.242,16.69431147,16.3650787548152,1786.242,16.97310958,17.1430388757022
1786.724,16.71133687,16.3663717064117,1786.724,16.99297261,17.1442106136592
1787.207,16.69695069,16.367666919999,1787.207,17.01203552,17.1453839923651
1787.689,16.702359,16.3689590354132,1787.689,17.0497528,17.146554157102
1788.171,16.72661299,16.3702507377062,1788.171,17.07114924,17.1477235420109
1788.653,16.73991111,16.3715420298776,1788.653,17.0683942,17.1488921510451
1789.135,16.75465967,16.3728329149097,1789.135,17.09130733,17.1500599881423
1789.617,16.77201343,16.374123395768,1789.617,17.1149505,17.1512270572236
1790.099,16.78006933,16.3754134754008,1790.099,17.12944432,17.1523933621941
1790.581,16.80693032,16.3767031567393,1790.581,17.13794138,17.1535589069431
1791.063,16.83468219,16.377992442698,1791.063,17.17127079,17.1547236953437
1791.546,16.84524358,16.3792840098213,1791.546,17.19379752,17.1558901454857
1792.028,16.86110095,16.3805725128907,1792.028,17.20668362,17.1570534311958
1792.51,16.88184193,16.3818606292281,1792.51,17.20900844,17.158215972089
1792.992,16.8992275,16.3831483616806,1792.992,17.21016483,17.1593777719748
1793.474,16.90733298,16.3844357130784,1793.474,17.234925,17.1605388346467
1793.956,16.92687774,16.3857226862352,1793.956,17.26968649,17.1616991638826
1794.438,16.95060868,16.3870092839477,1794.438,17.26648888,17.1628587634444
1794.92,16.95316258,16.3882955089964,1794.92,17.28464146,17.1640176370784
1795.403,16.97223578,16.3895840315117,1795.403,17.292572,17.1651781905708
1795.885,16.95695885,16.3908695187485,1795.885,17.30587011,17.1663356220384
1796.367,16.96123585,16.3921546415687,1796.367,17.3157869,17.1674923387307
1796.849,16.98285816,16.3934394026867,1796.849,17.32210486,17.1686483443312
1797.331,16.99980486,16.3947238048002,1797.331,17.3302822,17.1698036425081
1797.813,16.98618135,16.3960078505906,1797.813,17.34556764,17.1709582369139
1798.295,17.01149028,16.3972915427232,1798.295,17.36109524,17.1721121311857
1798.777,17.01050617,16.3985748838467,1798.777,17.38613533,17.1732653289451
1799.26,17.0211221,16.3998605380442,1799.26,17.36969765,17.1744202241695
1799.741,17.03396912,16.401140523581,1799.741,17.40719372,17.1755696493363
1800.224,17.03564003,16.4024254874347,1800.224,17.42038885,17.17672316666
1800.706,17.07831006,16.4037074499824,1800.706,17.43457343,17.1778736128665
1801.188,17.07464203,16.4049890745278,1801.188,17.45765852,17.1790233804455
1801.67,17.08589928,16.4062703636227,1801.67,17.44352468,17.1801724729264
1802.152,17.11444778,16.4075513198032,1802.152,17.47753313,17.1813208938237
1802.634,17.10360226,16.4088319455892,1802.634,17.50512391,17.1824686466364
1803.116,17.13060242,16.4101122434849,1803.116,17.50479965,17.1836157348486
1803.598,17.10890426,16.4113922159783,1803.598,17.52188527,17.1847621619292
1804.081,17.12773915,16.4126745200824,1804.081,17.5301588,17.1859103077656
1804.563,17.14485601,16.4139538485102,1804.563,17.53797527,17.1870554215756
1805.045,17.16644752,16.4152328589105,1805.045,17.54426857,17.1881998845774
1805.527,17.15280664,16.4165115537083,1805.527,17.57278368,17.1893437001796
1806.009,17.18296668,16.4177899353129,1806.009,17.57243936,17.1904868717763
1806.491,17.16227296,16.4190680061179,1806.491,17.58591543,17.1916294027461
1806.973,17.18298388,16.4203457685016,1806.973,17.60213702,17.1927712964531
1807.455,17.20287557,16.4216232248263,1807.455,17.61717468,17.1939125562464
1807.938,17.18926975,16.4229030268193,1807.938,17.63474882,17.1950555512579
1808.42,17.21397963,16.424179877429,1808.42,17.63478287,17.1961955519142
1808.902,17.23944486,16.4254564289791,1808.902,17.653644,17.1973349286224
1809.384,17.23291637,16.4267326837703,1809.384,17.64214715,17.1984736846725
1809.866,17.26168799,16.428008644088,1809.866,17.69149822,17.19961182334
1810.348,17.27332888,16.4292843122019,1810.348,17.67960638,17.2007493478855
1810.83,17.26113841,16.4305596903669,1810.83,17.6883619,17.2018862615552
1811.312,17.26103871,16.4318347808222,1811.312,17.7025755,17.2030225675806
1811.794,17.3046871,16.4331095857921,1811.794,17.72651706,17.2041582691788
1812.277,17.32087595,16.4343867514285,1812.277,17.73308388,17.2052957239095
1812.759,17.31808976,16.4356609914587,1812.759,17.74521779,17.2064302250087
1813.241,17.31669839,16.4369349525897,1813.241,17.75648305,17.2075641312512
1813.723,17.32218086,16.4382086369852,1813.723,17.78520713,17.2086974457962
1814.205,17.35054416,16.439482046794,1814.205,17.78797155,17.2098301717884
1814.687,17.32965636,16.4407551841498,1814.687,17.79059496,17.2109623123582
1815.169,17.34938876,16.4420280511714,1815.169,17.80177335,17.2120938706216
1815.651,17.35800217,16.4433006499627,1815.651,17.82818641,17.2132248496805
1816.134,17.36833022,16.4445756220318,1816.134,17.83191241,17.2143575972599
1816.616,17.37513832,16.4458476900692,1816.616,17.85276145,17.2154874259723
1817.098,17.368879,16.4471194961033,1817.098,17.85802492,17.2166166847065
1817.58,17.36996418,16.4483910421787,1817.58,17.85413104,17.2177453765074
1818.062,17.38621311,16.4496623303255,1818.062,17.87839173,17.2188735044058
1818.544,17.39330079,16.450933362559,1818.544,17.90544654,17.2200010714186
1819.026,17.39604151,16.4522041408799,1819.026,17.90736469,17.2211280805483
1819.508,17.40768321,16.4534746672742,1819.508,17.89765152,17.2222545347837
1819.99,17.41728283,16.4547449437136,1819.99,17.93982759,17.2233804370994
1820.473,17.40941014,16.4560176068123,1820.473,17.93483255,17.2245081246457
1820.955,17.41656444,16.4572873886899,1820.955,17.94525098,17.2256329308607
1821.437,17.4260803,16.4585569264442,1821.437,17.93614023,17.2267571940025
1821.919,17.43573409,16.459826221989,1821.919,17.95257759,17.2278809169903
1822.401,17.45281532,16.4610952772236,1822.401,17.97781721,17.2290041027291
1822.883,17.45681223,16.4623640940331,1822.883,17.95042485,17.2301267541105
1823.365,17.43954565,16.4636326742882,1823.365,17.98694064,17.231248874012
1823.847,17.44708385,16.4649010198454,1823.847,17.98467246,17.2323704652976
1824.33,17.46650821,16.4661717632455,1824.33,18.0009356,17.2334938561351
1824.812,17.45447122,16.4674396444423,1824.812,18.02211084,17.2346143976438
1825.294,17.45658428,16.4687072964295,1825.294,18.0204618,17.2357344190522
1825.776,17.47239671,16.4699747210068,1825.776,18.01768563,17.2368539231695
1826.258,17.49689341,16.4712419199603,1826.258,18.02924647,17.2379729127914
1826.74,17.48064432,16.4725088950616,1826.74,18.0388368,17.2390913907002
1827.222,17.48446054,16.4737756480686,1827.222,18.06417792,17.2402093596644
1827.704,17.49007714,16.4750421807253,1827.704,18.06555591,17.2413268224392
1828.187,17.49623886,16.476311121743,1828.187,18.07585495,17.2424460985882
1828.668,17.51504692,16.4775745918936,1828.668,18.09078224,17.2435602403747
1829.151,17.50159606,16.4788430999123,1829.151,18.09800104,17.2446785157338
1829.633,17.50294766,16.4801087678877,1829.633,18.09228417,17.2457939800104
1830.115,17.50961001,16.481374224028,1830.115,18.10420629,17.2469089516782
1830.597,17.52299729,16.4826394699941,1830.597,18.13155104,17.2480234334123
1831.079,17.53068584,16.4839045074334,1831.079,18.12246807,17.2491374278744
1831.561,17.51982022,16.4851693379795,1831.561,18.13793453,17.2502509377132
1832.043,17.51588162,16.4864339632526,1832.043,18.15369473,17.2513639655638
1832.525,17.52683775,16.4876983848591,1832.525,18.1685807,17.2524765140486
1833.008,17.5127273,16.4889652270453,1833.008,18.16615877,17.2535908924855
1833.49,17.52199243,16.49022924567,1833.49,18.17051416,17.2547024890715
1833.972,17.52857561,16.49149306537,1833.972,18.162372,17.2558136140849
1834.454,17.52702433,16.4927566876978,1834.454,18.18101164,17.2569242700956
1834.936,17.51167221,16.4940201141928,1834.936,18.18835231,17.2580344596603
1835.418,17.50459692,16.4952833463807,1835.418,18.2019363,17.259144185323
1835.9,17.52255041,16.4965463857741,1835.9,18.19763278,17.2602534496147
1836.382,17.53047087,16.4978092338724,1836.382,18.20829387,17.2613622550532
1836.865,17.53849232,16.4990745115883,1836.865,18.21286451,17.2624729031507
1837.347,17.5251459,16.500336981152,1837.347,18.20414822,17.2635807974468
1837.829,17.52478964,16.5015992638422,1837.829,18.21598484,17.2646882403719
1838.311,17.50359095,16.5028613611055,1838.311,18.21735432,17.2657952343928
1838.793,17.50438071,16.5041232743752,1838.793,18.23031469,17.2669017819634
1839.275,17.49168861,16.5053850050718,1839.275,18.24371493,17.2680078855249
1839.757,17.50227183,16.5066465546027,1839.757,18.21524056,17.2691135475059
1840.239,17.4910656,16.5079079243623,1840.239,18.23428859,17.2702187703223
1840.721,17.50039928,16.509169115732,1840.721,18.23926453,17.2713235563772
1841.204,17.49983968,16.5104327461098,1841.204,18.26232135,17.2724301987976
1841.686,17.4849221,16.5116935844297,1841.686,18.25505834,17.2735341175954
1842.168,17.49382979,16.5129542484297,1842.168,18.2472268,17.2746376067709
1842.65,17.51108105,16.5142147394398,1842.65,18.25614954,17.2757406686773
1843.132,17.49739915,16.5154750587772,1843.132,18.26097287,17.2768433056551
1843.614,17.50913723,16.5167352077466,1843.614,18.2715376,17.2779455200323
1844.096,17.50637216,16.5179951876398,1844.096,18.27344824,17.2790473141247
1844.578,17.51597701,16.519254999736,1844.578,18.27793471,17.2801486902356
1845.061,17.50709231,16.520517258502,1845.061,18.28069091,17.2812519343757
1845.543,17.52357106,16.5217767384498,1845.543,18.28038427,17.2823524805289
1846.025,17.51883409,16.5230360543651,1846.025,18.30456201,17.2834526155411
1846.507,17.5256732,16.524295207477,1846.507,18.30996235,17.2845523416666
1846.989,17.52636174,16.5255541990018,1846.989,18.30751053,17.2856516611472
1847.471,17.50954952,16.5268130301436,1847.471,18.2928714,17.2867505762124
1847.953,17.52236694,16.528071702094,1847.953,18.30474302,17.2878490890798
1848.435,17.49485913,16.5293302160322,1848.435,18.30748575,17.2889472019547
1848.917,17.5005085,16.5305885731252,1848.917,18.31162725,17.2900449170302
1849.4,17.51324091,16.5318493847427,1849.4,18.30982058,17.2911445126743
1849.882,17.489055,16.5331074312772,1849.882,18.33443237,17.2922414378687
1850.364,17.47412919,16.5343653243958,1850.364,18.31554678,17.2933379717755
1850.846,17.46755625,16.5356230652164,1850.846,18.30740572,17.2944341165399
1851.328,17.49157422,16.5368806548447,1851.328,18.29470803,17.2955298742949
1851.81,17.48203028,16.5381380943745,1851.81,18.32893737,17.2966252471618
1852.292,17.46892915,16.5393953848871,1852.292,18.30689403,17.2977202372497
1852.774,17.45086245,16.5406525274522,1852.774,18.29014174,17.2988148466562
1853.257,17.45938751,16.5419121308501,1853.257,18.30536176,17.2999113472631
1853.739,17.45782341,16.5431689803789,1853.739,18.29639793,17.3010052007725
1854.221,17.43440919,16.5444256850988,1854.221,18.29312552,17.3020986798261
1854.703,17.45177657,16.5456822460314,1854.703,18.31458161,17.3031917864739
1855.185,17.41659138,16.5469386641863,1855.185,18.32210284,17.3042845227545
1855.667,17.44315842,16.5481949405616,1855.667,18.3118114,17.3053768906948
1856.149,17.42660036,16.5494510761432,1856.149,18.31699375,17.3064688923097
1856.631,17.41002176,16.5507070719056,1856.631,18.31335703,17.307560529603
1857.114,17.42580375,16.5519655341799,1857.114,18.31174125,17.308654068247
1857.595,17.39491173,16.5532186478111,1857.595,18.30927281,17.3097427191802
1858.078,17.39196505,16.5544768346446,1858.078,18.31837091,17.310835537607
1858.56,17.39875505,16.5557322803575,1858.56,18.30679491,17.3119257366793
1859.042,17.37334775,16.5569875909493,1859.042,18.320856,17.3130155812779
1859.524,17.39317444,16.5582427673243,1859.524,18.31682496,17.3141050733373
1860.006,17.36942247,16.5594978103754,1860.006,18.30802944,17.3151942147803
1860.488,17.37106171,16.560752720984,1860.488,18.31499316,17.3162830075184
1860.97,17.34905786,16.56200750002,1860.97,18.3254301,17.3173714534517
1861.452,17.35914357,16.5632621483418,1861.452,18.3072174,17.318459554469
1861.935,17.33422048,16.5645192693976,1861.935,18.31771415,17.3195495688519
1862.417,17.35420748,16.5657736585543,1862.417,18.30992474,17.3206369849526
1862.899,17.33271807,16.5670279195058,1862.899,18.32880511,17.3217240617398
1863.381,17.34607362,16.5682820530653,1863.381,18.3274061,17.3228108010573
1863.863,17.33555127,16.5695360600345,1863.863,18.32868935,17.3238972047375
1864.345,17.31665521,16.570789941204,1864.345,18.33257378,17.3249832746019
1864.827,17.31581646,16.5720436973534,1864.827,18.32349177,17.3260690124606
1865.309,17.30614341,16.5732973292509,1865.309,18.33737016,17.3271544201127
1865.792,17.3204985,16.5745534381657,1865.792,18.32917133,17.328241750208
1866.274,17.30721461,16.5758068235658,1866.274,18.34231216,17.3293265021244
1866.756,17.29515008,16.5770600869539,1866.756,18.34494004,17.3304109291689
1867.238,17.31037317,16.5783132290538,1867.238,18.32921974,17.3314950330965
1867.72,17.274866,16.5795662505786,1867.72,18.33944702,17.3325788156513
1868.202,17.27347064,16.5808191522302,1868.202,18.31386816,17.3336622785663
1868.684,17.2656965,16.5820719346999,1868.684,18.3296538,17.3347454235637
1869.166,17.2499593,16.5833245986679,1869.166,18.30926391,17.3358282523547
1869.648,17.24209514,16.5845771448035,1869.648,18.26813767,17.3369107666399
1870.131,17.25161491,16.5858321720443,1870.131,18.28267297,17.3379952130161
1870.613,17.23128091,16.5870844842391,1870.613,18.28256241,17.3390771027039
1871.095,17.21286537,16.5883366805462,1871.095,18.29846383,17.3401586829258
1871.577,17.22839591,16.5895887615921,1871.577,18.29094861,17.3412399553392
1872.059,17.20374727,16.5908407279922,1872.059,18.27984045,17.3423209215907
1872.541,17.18718122,16.5920925803516,1872.541,18.26537644,17.3434015833162
1873.023,17.19517515,16.5933443192646,1873.023,18.24211725,17.3444819421411
1873.505,17.17258574,16.594595945315,1873.505,18.25656283,17.34556199968
1873.988,17.15454552,16.5958500554613,1873.988,18.25290301,17.3466439973882
1874.47,17.14762519,16.5971014572644,1874.47,18.26063288,17.3477234565401
1874.952,17.15374417,16.5983527478941,1874.952,18.24078969,17.3488026191899
1875.434,17.1340717,16.5996039278921,1875.434,18.23339716,17.3498814869101
1875.916,17.14432606,16.6008549977899,1875.916,18.25116048,17.3509600612627
1876.398,17.12411917,16.6021059581082,1876.398,18.23717291,17.3520383437992
1876.88,17.13020307,16.6033568093578,1876.88,18.23237144,17.3531163360607
1877.362,17.11724471,16.6046075520388,1877.362,18.22509143,17.354194039578
1877.844,17.09896609,16.6058581866412,1877.844,18.21908243,17.3552714558714
1878.327,17.10725768,16.6071113079876,1878.327,18.19659021,17.3563508208656
1878.809,17.08274996,16.6083617276399,1878.809,18.19895068,17.3574276666428
1879.291,17.07838356,16.6096120406231,1879.291,18.18899455,17.3585042296984
1879.773,17.06139226,16.6108622473862,1879.773,18.20185105,17.3595805115114
1880.255,17.055266,16.6121123483683,1880.255,18.19135618,17.3606565135508
1880.737,17.02996349,16.6133623439982,1880.737,18.17283643,17.3617322372753
1881.219,17.04482558,16.6146122346948,1881.219,18.17455413,17.3628076841335
1881.701,17.03033813,16.6158620208669,1881.701,18.16126239,17.3638828555638
1882.184,17.00757798,16.6171142955066,1882.184,18.16751045,17.3649599827882
1882.666,17.00994334,16.6183638736013,1882.666,18.13401209,17.3660346070733
1883.148,17.00771573,16.6196133483388,1883.148,18.1402196,17.367108960188
1883.63,17.00177421,16.6208627200881,1883.63,18.15166039,17.3681830435303
1884.112,16.99559302,16.6221119892083,1884.112,18.12079175,17.3692568584885
1884.594,16.98242495,16.6233611560488,1884.594,18.11912104,17.3703304064404
1885.076,16.96621417,16.624610220949,1885.076,18.0968274,17.3714036887544
1885.558,16.96951705,16.6258591842386,1885.558,18.10358337,17.3724767067886
1886.041,16.92536576,16.6271106371326,1886.041,18.1039204,17.3735516872519
1886.522,16.95345836,16.6283568072564,1886.522,18.08856591,17.374621955401
1887.005,16.93281856,16.6296080580725,1887.005,18.08444209,17.375696412927
1887.487,16.93315661,16.6308566178147,1887.487,18.07157758,17.3767683866909
1887.969,16.90937134,16.6321050774499,1887.969,18.08295733,17.3778401028208
1888.451,16.89347003,16.6333534372501,1888.451,18.07442791,17.3789115626161
1888.933,16.89611115,16.6346016974772,1888.933,18.06815688,17.3799827673662
1889.415,16.88658649,16.635849858384,1889.415,18.03341817,17.381053718351
1889.897,16.85883725,16.6370979202137,1889.897,18.02854634,17.3821244168404
1890.379,16.86020957,16.6383458832,1890.379,18.03064118,17.383194864095
1890.862,16.8583275,16.639596336395,1890.862,18.01397754,17.3842672814329
1891.344,16.82521105,16.640844102154,1891.344,18.01041679,17.3853372294459
1891.826,16.83511329,16.6420917697147,1891.826,18.0049559,17.3864069299503
1892.308,16.80845291,16.6433393392735,1892.308,18.01442708,17.3874763841683
1892.79,16.80669346,16.644586811017,1892.79,17.99472941,17.3885455933123
1893.272,16.80345956,16.6458341851231,1893.272,17.98774359,17.3896145585854
1893.754,16.78606862,16.64708146176,1893.754,17.96949429,17.3906832811814
1894.236,16.76022479,16.648328641087,1894.236,17.97321666,17.3917517622843
1894.719,16.76430062,16.6495783104606,1894.719,17.95033145,17.392822219087
1895.201,16.74523951,16.6508252954075,1895.201,17.94338067,17.3938902202237
1895.683,16.72584667,16.6520721834675,1895.683,17.94443261,17.3949579833659
1896.165,16.74299639,16.6533189747631,1896.165,17.90730832,17.3960255096602
1896.647,16.72598609,16.654565669408,1896.647,17.90245872,17.3970928002441
1897.129,16.7305113,16.6558122675068,1897.129,17.90133329,17.3981598562455
1897.611,16.70421407,16.657058769155,1897.611,17.89138659,17.3992266787834
1898.093,16.71456445,16.6583051744395,1898.093,17.87504235,17.4002932689673
1898.575,16.69165712,16.6595514834378,1898.575,17.87433185,17.4013596278977
1899.058,16.67957547,16.6608002816226,1899.058,17.87034499,17.4024279683126
1899.54,16.66940711,16.6620463980469,1899.54,17.85991963,17.4034938675262
1900.022,16.658867,16.663292418365,1900.022,17.83126034,17.4045595387348
1900.504,16.67087948,16.6645383426195,1900.504,17.82132946,17.4056249830022
1900.986,16.63058321,16.6657841708437,1900.986,17.82039677,17.4066902013831
1901.468,16.63021533,16.6670299030624,1901.468,17.82142118,17.4077551949233
1901.95,16.61436583,16.6682755392918,1901.95,17.80978839,17.4088199646595
1902.432,16.59586505,16.6695210795392,1902.432,17.80209722,17.4098845116195
1902.915,16.59256254,16.6707691076129,1902.915,17.79486286,17.4109510447358
1903.397,16.58997298,16.6720144556849,1903.397,17.80236081,17.4120151487337
1903.879,16.59422401,16.6732597077453,1903.879,17.77446344,17.413079032987
1904.361,16.58238496,16.6745048637671,1904.361,17.74374147,17.4141426984876
1904.843,16.56934617,16.6757499237146,1904.843,17.76007962,17.4152061462187
1905.325,16.56341274,16.6769948875439,1905.325,17.74665625,17.4162693771546
1905.807,16.55108559,16.6782397552023,1905.807,17.74998379,17.4173323922608
1906.289,16.53945778,16.679484526629,1906.289,17.71860656,17.4183951924941
1906.771,16.52160086,16.6807292017544,1906.771,17.6974842,17.4194577788024
1907.254,16.51628691,16.6819763625142,1907.254,17.69862208,17.4205223559983
1907.736,16.51307056,16.6832208445954,1907.736,17.71504004,17.4215845168267
1908.218,16.48728991,16.6844652301167,1908.218,17.68550135,17.4226464665236
1908.7,16.48764031,16.6857095189756,1908.7,17.66343917,17.4237082060022
1909.182,16.48959911,16.6869537110609,1909.182,17.64394617,17.4247697361671
1909.664,16.48712821,16.6881978062535,1909.664,17.64855429,17.4258310579142
1910.146,16.47977484,16.6894418044258,1910.146,17.63705352,17.4268921721309
1910.628,16.47754375,16.6906857054422,1910.628,17.62106756,17.427953079696
1911.111,16.48142224,16.6919320895634,1911.111,17.62443393,17.4290159818926
1911.593,16.46433131,16.6931757956264,1911.593,17.59317106,17.4300764783326
1912.075,16.44338611,16.6944194040776,1912.075,17.60098064,17.4311367707081
1912.557,16.43636786,16.6956629147489,1912.557,17.59238914,17.432196859864
1913.039,16.42179384,16.6969063274643,1913.039,17.57453337,17.4332567466368
1913.521,16.42638866,16.6981496420397,1913.521,17.56619516,17.4343164318544
1914.003,16.41263178,16.6993928582832,1914.003,17.56618603,17.4353759163364
1914.485,16.4032648,16.7006359759946,1914.485,17.54404745,17.4364352008942
1914.968,16.39586801,16.7018815737411,1914.968,17.52332532,17.437496483397
1915.449,16.39089091,16.7031219149824,1915.449,17.556065,17.4385531734406
1915.932,16.39837945,16.7043673141825,1915.932,17.51329915,17.4396140592569
1916.414,16.38001184,16.7056100354024,1916.414,17.50778511,17.4406725516571
1916.896,16.35491873,16.706852656972,1916.896,17.51576149,17.4417308480667
1917.378,16.37265868,16.7080951786442,1917.378,17.49818012,17.4427889492475
1917.86,16.33121594,16.7093376001645,1917.86,17.48474472,17.4438468559529
1918.342,16.34000235,16.7105799212703,1918.342,17.4773998,17.4449045689284
1918.824,16.32785064,16.7118221416916,1918.824,17.45491747,17.4459620889111
1919.306,16.29798244,16.7130642611507,1919.306,17.46018499,17.4470194166303
1919.789,16.33001026,16.7143088560578,1919.789,17.43316355,17.448078745837
1920.271,16.29821613,16.7155507725176,1920.271,17.42615083,17.4491356907891
1920.753,16.30122111,16.7167925871356,1920.753,17.43352866,17.4501924456182
1921.235,16.29554297,16.7180342996038,1921.235,17.4440974,17.4512490110213
1921.717,16.28962875,16.7192759096066,1921.717,17.41489016,17.4523053876873
1922.199,16.26800672,16.7205174168209,1922.199,17.39731932,17.4533615762974
1922.681,16.28037353,16.7217588209163,1922.681,17.40489881,17.4544175775247
1923.163,16.26707399,16.7230001215549,1923.163,17.35385357,17.4554733920344
1923.646,16.23720411,16.7242438933804,1923.646,17.355597,17.4565312103913
1924.128,16.23486869,16.7254849858456,1924.128,17.3428711,17.457586653046
1924.61,16.22434807,16.7267259737952,1924.61,17.32960387,17.4586419109329
1925.092,16.22897925,16.7279668568619,1925.092,17.30594121,17.4596969846858
1925.574,16.22410153,16.7292076346712,1925.574,17.32777473,17.4607518749309
1926.056,16.20224627,16.7304483068413,1926.056,17.2830943,17.4618065822864
1926.538,16.20489072,16.7316888729829,1926.538,17.28923335,17.4628611073629
1927.02,16.2009185,16.7329293327,1927.02,17.2793145,17.4639154507632
1927.502,16.19638278,16.7341696855891,1927.502,17.26597369,17.4649696130827
1927.985,16.19409517,16.7354125042516,1927.985,17.25469207,17.4660257814057
1928.467,16.17728026,16.7366526420221,1928.467,17.25700627,17.4670795829456
1928.949,16.16856917,16.7378926717108,1928.949,17.23363391,17.4681332051453
1929.431,16.1589633,16.7391325928858,1929.431,17.22631316,17.4691866485696
1929.913,16.15679669,16.7403724051084,1929.913,17.23721322,17.4702399137757
1930.395,16.17195942,16.7416121079326,1930.395,17.21988223,17.471293001313
1930.877,16.15339328,16.7428517009058,1930.877,17.19347595,17.4723459117237
1931.359,16.15481176,16.7440911835682,1931.359,17.18475647,17.4733986455424
1931.842,16.15620766,16.7453331266485,1931.842,17.18234062,17.4744533868431
1932.324,16.14185741,16.7465723870511,1932.324,17.17748484,17.4755057686878
1932.806,16.14305653,16.7478115357213,1932.806,17.19567792,17.4765579755004
1933.288,16.14635644,16.7490505721719,1933.288,17.16346254,17.4776100077859
1933.77,16.14101005,16.7502894959088,1933.77,17.1567965,17.4786618660416
1934.252,16.13968908,16.7515283064313,1934.252,17.13619992,17.4797135507576
1934.734,16.1383451,16.7527670032317,1934.734,17.13210034,17.4807650624169
1935.216,16.13930001,16.7540055857958,1935.216,17.12076752,17.4818164014948
1935.698,16.11874821,16.7552440536026,1935.698,17.11521802,17.4828675684595
1936.181,16.12628317,16.7564849752005,1936.181,17.10484822,17.4839207440822
1936.663,16.12145721,16.7577232116623,1936.663,17.0902566,17.4849715678416
1937.145,16.12493985,16.758961331763,1937.145,17.09457571,17.48602222085
1937.627,16.10360803,16.7601993349549,1937.627,17.10024431,17.4870727035467
1938.109,16.10170172,16.7614372206841,1938.109,17.06606685,17.4881230163638
1938.591,16.11253826,16.76267498839,1938.591,17.07907241,17.4891731597265
1939.073,16.09055639,16.7639126375055,1939.073,17.05196823,17.4902231340526
1939.555,16.0965322,16.765150167457,1939.555,17.05471092,17.491272939753
1940.038,16.07245384,16.7663901447808,1940.038,17.04014671,17.4923247547278
1940.52,16.09577399,16.7676274344078,1940.52,17.0300938,17.4933742240332
1941.002,16.09585972,16.7688646031103,1941.002,17.04974425,17.4944235259037
1941.484,16.06241719,16.7701016502892,1941.484,17.04491187,17.4954726607222
1941.966,16.0848612,16.7713385753389,1941.966,17.02043944,17.4965216288644
1942.448,16.07048303,16.7725753776476,1942.448,17.02556174,17.4975704306989
1942.93,16.07259743,16.7738120565971,1942.93,17.00825849,17.4986190665878
1943.412,16.0845407,16.775048611563,1943.412,16.98637788,17.4996675368858
1943.895,16.07735704,16.776287606993,1943.895,16.99785407,17.5007180166764
1944.376,16.06727595,16.7775213470154,1944.376,16.99522516,17.5017639820949
1944.859,16.07136021,16.7787600907778,1944.859,16.97598443,17.502814131734
1945.341,16.0663334,16.7799961431778,1945.341,16.96067751,17.5038619427406
1945.823,16.05762317,16.7812320683779,1945.823,16.96211653,17.5049095898291
1946.305,16.07358482,16.7824678657166,1946.305,16.95904794,17.5059570733134
1946.787,16.06850785,16.7837035345264,1946.787,16.93975149,17.5070043935008
1947.269,16.05871923,16.7849390741337,1947.269,16.94588446,17.5080515506919
1947.751,16.0739877,16.786174483859,1947.751,16.92309673,17.5090985451803
1948.233,16.06120648,16.7874097630166,1948.233,16.92900136,17.5101453772534
1948.716,16.04365698,16.7886474733257,1948.716,16.91991043,17.5111942185377
1949.198,16.06704815,16.789882488993,1949.198,16.93179566,17.5122407262793
1949.68,16.05059034,16.7911173719988,1949.68,16.92357111,17.5132870724278
1950.162,16.04738611,16.7923521216338,1950.162,16.91396437,17.5143332572438
1950.644,16.04774201,16.7935867371827,1950.644,16.90323558,17.5153792809814
1951.126,16.06259867,16.7948212179245,1951.126,16.89561236,17.5164251438882
1951.608,16.05906986,16.7960555631325,1951.608,16.9016159,17.5174708462053
1952.09,16.05001592,16.7972897720739,1952.09,16.90977658,17.5185163881672
1952.573,16.05033755,16.7985264041827,1952.573,16.88704823,17.5195639386777
1953.055,16.06549444,16.7997603380837,1953.055,16.88298658,17.5206091602756
1953.537,16.05340447,16.8009941334841,1953.537,16.88193021,17.5216542221838
1954.019,16.0635237,16.8022277896286,1954.019,16.87830701,17.522699124611
1954.501,16.07155062,16.8034613057559,1954.501,16.86529018,17.5237438677597
1954.983,16.07385491,16.8046946810992,1954.983,16.86621282,17.5247884518259
1955.465,16.05630761,16.8059279148861,1955.465,16.88501116,17.5258328769994
1955.947,16.07697609,16.8071610063385,1955.947,16.87329058,17.5268771434637
1956.429,16.06997392,16.8083939546728,1956.429,16.84395386,17.5279212513957
1956.912,16.08351803,16.8096293166354,1956.912,16.84427108,17.5289673666725
1957.394,16.07011921,16.8108619760597,1957.394,16.84480132,17.5300111577185
1957.876,16.10565088,16.8120944899805,1957.876,16.81914706,17.5310547907265
1958.358,16.09881868,16.8133268575922,1958.358,16.83675147,17.5320982658486
1958.84,16.0999145,16.8145590780837,1958.84,16.84162251,17.533141583231
1959.322,16.09515274,16.8157911506387,1959.322,16.84028147,17.5341847430132
1959.804,16.09631609,16.8170230744355,1959.804,16.84113691,17.5352277453292
1960.286,16.09184041,16.8182548486467,1960.286,16.82858308,17.5362705903063
1960.769,16.10158244,16.8194890275192,1960.769,16.83392584,17.5373154411554
1961.251,16.09981897,16.8207204997422,1961.251,16.81999846,17.5383579714875
1961.733,16.11392537,16.8219518198647,1961.733,16.81507802,17.5394003448273
1962.215,16.10084797,16.8231829870383,1962.215,16.8335872,17.5404425612781
1962.697,16.11981356,16.8244140004096,1962.697,16.82188582,17.5414846209372
1963.179,16.11472315,16.8256448591197,1963.179,16.80335639,17.5425265238958
1963.661,16.112429,16.8268755623048,1963.661,16.81678382,17.5435682702394
1964.143,16.12642163,16.8281061090957,1964.143,16.80895349,17.5446098600474
1964.625,16.12607214,16.8293364986183,1964.625,16.82719586,17.5456512933933
1965.108,16.1329146,16.8305692821754,1965.108,16.82779823,17.5466947305076
1965.59,16.13916888,16.8317993541873,1965.59,16.80590647,17.5477358508018
1966.072,16.14503094,16.8330292662758,1966.072,16.80750408,17.5487768148192
1966.554,16.14944189,16.8342590175463,1966.554,16.80847589,17.5498176226097
1967.036,16.1390465,16.8354886070994,1967.036,16.79792009,17.5508582742175
1967.518,16.13989908,16.8367180340306,1967.518,16.80405858,17.5518987696811
1968,16.16635668,16.8379472974305,1968,16.81301601,17.5529391090331
1968.482,16.14852824,16.8391763963845,1968.482,16.79775983,17.5539792923004
1968.965,16.15363742,16.8404078794557,1968.965,16.78998776,17.5550214770748
1969.447,16.17204236,16.8416366464095,1969.447,16.80025803,17.5560613479068
1969.929,16.18568251,16.8428652461432,1969.929,16.82374563,17.5571010627004
1970.411,16.20486767,16.8440936777227,1970.411,16.79449583,17.5581406214599
1970.893,16.19098759,16.8453219402094,1970.893,16.81262866,17.5591800241836
1971.375,16.20838238,16.8465500326599,1971.375,16.80271021,17.5602192708644
1971.857,16.21369887,16.8477779541259,1971.857,16.81988818,17.5612583614896
1972.339,16.20322415,16.8490057036544,1972.339,16.80747815,17.5622972960407
1972.822,16.22906269,16.8502358269467,1972.822,16.80534829,17.5633382294737
1973.303,16.23286314,16.8514606830634,1973.303,16.83022836,17.5643746968198
1973.786,16.23286526,16.8526904569481,1973.786,16.82059135,17.565415317315
1974.268,16.24505988,16.8539175087371,1974.268,16.78394209,17.5664536269517
1974.75,16.2446994,16.8551443837514,1974.75,16.8300827,17.5674917803395
1975.232,16.25237276,16.8563710810101,1975.232,16.81991263,17.5685297774272
1975.714,16.26652137,16.8575975995278,1975.714,16.81722602,17.5695676181578
1976.196,16.27687824,16.8588239383142,1976.196,16.81748239,17.5706053024692
1976.678,16.29603097,16.860050096375,1976.678,16.85021381,17.5716428302937
1977.16,16.28338929,16.861276072711,1977.16,16.81500812,17.5726802015583
1977.643,16.27610617,16.8625044092683,1977.643,16.83861224,17.5737195679195
1978.125,16.30178784,16.8637300187575,1978.125,16.83298426,17.5747566254988
1978.607,16.28981872,16.8649554434958,1978.607,16.85187312,17.575793526267
1979.089,16.31364993,16.8661806824665,1979.089,16.84512337,17.5768302701299
1979.571,16.31808371,16.8674057346483,1979.571,16.84222575,17.5778668569879
1980.053,16.30673482,16.8686305990157,1980.053,16.84962745,17.5789032867363
1980.535,16.31285218,16.8698552745387,1980.535,16.85187694,17.5799395592649
1981.017,16.31142625,16.8710797601831,1981.017,16.82892879,17.5809756744586
1981.5,16.33538186,16.8723065947418,1981.5,16.86228848,17.5820137813231
1981.982,16.32968495,16.87353069711,1981.982,16.84638549,17.5830495811535
1982.464,16.33561466,16.8747546064691,1982.464,16.84722873,17.584085223272
1982.946,16.35083387,16.8759783217679,1982.946,16.86325166,17.5851207075428
1983.428,16.34658446,16.877201841951,1983.428,16.87360818,17.5861560338248
1983.91,16.37642709,16.8784251659588,1983.91,16.87731128,17.5871912019721
1984.392,16.36593977,16.8796482927275,1984.392,16.86385557,17.5882262118335
1984.874,16.39500515,16.8808712211893,1984.874,16.88564232,17.5892610632529
1985.356,16.39833954,16.8820939502721,1985.356,16.89395617,17.5902957560692
1985.839,16.40976508,16.8833190150572,1985.839,16.88632766,17.5913324362872
1986.321,16.42545869,16.8845413417307,1986.321,16.89501009,17.5923668110637
1986.803,16.45551955,16.8857634657826,1986.803,16.88673858,17.5934010267233
1987.285,16.44526286,16.8869853861249,1987.285,16.92175406,17.5944350830848
1987.767,16.47273738,16.8882071016653,1987.767,16.91158849,17.5954689799624
1988.249,16.46491024,16.8894286113077,1988.249,16.94213846,17.596502717165
1988.731,16.48660566,16.8906499139521,1988.731,16.92420946,17.597536294497
1989.213,16.4834018,16.8918710084945,1989.213,16.94409088,17.5985697117576
1989.696,16.51035683,16.8930944265658,1989.696,16.92401152,17.5996051122614
1990.178,16.5290457,16.8943151011392,1990.178,16.93895701,17.600638208425
1990.66,16.54377687,16.895535564273,1990.66,16.94184986,17.601671143886
1991.142,16.55821911,16.8967558148477,1991.142,16.95709383,17.6027039184245
1991.624,16.55328413,16.8979758517403,1991.624,16.95959988,17.6037365318158
1992.106,16.57273336,16.8991956738235,1992.106,16.99978653,17.6047689838306
1992.588,16.55965635,16.9004152799667,1992.588,16.96053893,17.6058012742347
1993.07,16.59436225,16.9016346690352,1993.07,16.98695745,17.6068334027892
1993.552,16.60256067,16.9028538398909,1993.552,16.98644712,17.6078653692508
1994.035,16.60469071,16.904075320108,1994.035,16.98087923,17.6088993138747
1994.517,16.60768722,16.9052940506499,1994.517,16.99857634,17.6099309550634
1994.999,16.64122909,16.9065125595397,1994.999,16.99290484,17.6109624334002
1995.481,16.60662225,16.9077308456245,1995.481,16.99337685,17.6119937486229
1995.963,16.61813247,16.9089489077479,1995.963,17.00000762,17.613024900465
1996.445,16.6366783,16.9101667447497,1996.445,17.02529581,17.6140558886552
1996.927,16.62774286,16.9113843554664,1996.927,17.02888419,17.6150867129177
1997.409,16.64231848,16.9126017387306,1997.409,17.0232413,17.6161173729723
1997.892,16.67824622,16.9138214183505,1997.892,17.02992247,17.6171500063205
1998.374,16.65560049,16.9150383427164,1998.374,17.03551899,17.6181803367582
1998.856,16.67359822,16.916255036105,1998.856,17.06265966,17.6192105021195
1999.338,16.68065699,16.9174714973351,1999.338,17.06672171,17.6202405021062
1999.82,16.70451872,16.9186877252221,1999.82,17.08385372,17.6212703364157
2000.302,16.69940307,16.919903718578,2000.302,17.07884414,17.6223000047409
2000.784,16.71743202,16.9211194762116,2000.784,17.08388117,17.6233295067704
2001.266,16.74323506,16.9223349969281,2001.266,17.08656604,17.6243588421883
2001.749,16.75657658,16.9235528006142,2001.749,17.10209854,17.625390145705
2002.23,16.77406404,16.9247653228142,2002.23,17.11394037,17.6264170119044
2002.713,16.79290085,16.9259826456646,2002.713,17.13078006,17.6274479798844
2003.195,16.80225922,16.9271972061963,2003.195,17.13895853,17.6284766452623
2003.677,16.79631541,16.9284115237851,2003.677,17.13013846,17.6295051423839
2004.159,16.8279712,16.9296255972165,2004.159,17.13220282,17.6305334709075
2004.641,16.82237054,16.930839425273,2004.641,17.14668605,17.6315616304872
2005.123,16.84724188,16.9320530067337,2005.123,17.18067712,17.6325896207728
2005.605,16.85038008,16.9332663403744,2005.605,17.17733653,17.6336174414101
2006.087,16.85532975,16.9344794249682,2006.087,17.18059998,17.6346450920404
2006.57,16.85913471,16.9356947752773,2006.57,17.1943481,17.6356747038256
2007.052,16.8835962,16.9369073575599,2007.052,17.19048835,17.6367020129953
2007.534,16.88292145,16.9381196870927,2007.534,17.21073747,17.6377291510569
2008.016,16.90710866,16.9393317626361,2008.016,17.2163739,17.6387561176351
2008.498,16.91864337,16.9405435829476,2008.498,17.22237255,17.639782912351
2008.98,16.93061955,16.9417551467815,2008.98,17.23732967,17.6408095348212
2009.462,16.93316199,16.9429664528892,2009.462,17.22189492,17.6418359846583
2009.944,16.9361664,16.9441775000191,2009.944,17.26725373,17.6428622614712
2010.427,16.95596494,16.9453907986512,2010.427,17.2628049,17.6438904935291
2010.909,16.9757131,16.9466013235151,2010.909,17.28372004,17.6449164227423
2011.391,16.9797383,16.947811585626,2011.391,17.27504647,17.6459421777323
2011.873,16.9917499,16.9490215837207,2011.873,17.29964464,17.6469677580918
2012.355,17.00076111,16.9502313165331,2012.355,17.29220425,17.6479931634096
2012.837,17.00522693,16.951440782794,2012.837,17.28802226,17.6490183932706
2013.319,17.00599586,16.9526499812315,2013.319,17.31696722,17.6500434472556
2013.801,17.03508178,16.9538589105711,2013.801,17.3306003,17.6510683249417
2014.283,17.04105393,16.9550675695352,2014.283,17.33993155,17.6520930259022
2014.766,17.05580982,16.9562784635879,2014.766,17.34324827,17.6531196750898
2015.248,17.05369709,16.9574865773898,2015.248,17.36582948,17.654144020934
2015.73,17.06731083,16.9586944169647,2015.73,17.37473995,17.6551681887481
2016.212,17.09352363,16.9599019810239,2016.212,17.37952871,17.6561921780899
2016.694,17.09275038,16.9611092682765,2016.694,17.38540643,17.6572159885135
2017.176,17.11716551,16.9623162774285,2017.176,17.41040498,17.6582396195693
2017.658,17.13292089,16.9635230071835,2017.658,17.41137633,17.6592630708039
2018.14,17.12954063,16.9647294562424,2018.14,17.41929403,17.6602863417601
2018.623,17.14057008,16.9659381254309,2018.623,17.4587967,17.6613115543828
2019.105,17.16375006,16.9671440086009,2019.105,17.4457405,17.6623344630196
2019.587,17.16577023,16.9683496071594,2019.587,17.45351635,17.6633571899836
2020.069,17.18866804,16.9695549197969,2020.069,17.44975158,17.6643797348028
2020.551,17.1940895,16.9707599452015,2020.551,17.47804151,17.6654020970018
2021.033,17.19731358,16.9719646820588,2021.033,17.48494717,17.6664242761014
2021.515,17.21912651,16.9731691290519,2021.515,17.50597793,17.667446271619
2021.997,17.24289133,16.9743732848614,2021.997,17.50513683,17.6684680830683
2022.479,17.24511694,16.9755771481655,2022.479,17.52664222,17.6694897099593
2022.962,17.24931326,16.9767832143656,2022.962,17.53076729,17.6705132707801
2023.444,17.27463976,16.97798648807,2023.444,17.53495519,17.6715345266857
2023.926,17.26111995,16.9791894652862,2023.926,17.56191591,17.6725555965413
2024.408,17.29700875,16.9803921446829,2024.408,17.56707054,17.673576479843
2024.89,17.28867683,16.9815945249263,2024.89,17.58949522,17.6745971760835
2025.372,17.29816537,16.9827966046804,2025.372,17.59637412,17.6756176847518
2025.854,17.31691161,16.9839983826067,2025.854,17.60528451,17.6766380053337
2026.336,17.32600102,16.9851998573646,2026.336,17.61219384,17.6776581373114
2026.819,17.33187031,16.9864035193481,2026.819,17.62407271,17.6786801960309
2027.301,17.34268706,16.987604383102,2027.301,17.64371336,17.6796999488395
2027.783,17.35753836,16.9888049396492,2027.783,17.64492984,17.6807195114693
2028.265,17.3686707,16.99000518764,2028.265,17.64180184,17.6817388833891
2028.747,17.39575535,16.9912051257225,2028.747,17.67120381,17.6827580640643
2029.229,17.36532042,16.9924047525428,2029.229,17.66238911,17.6837770529571
2029.711,17.39760671,16.9936040667447,2029.711,17.67443885,17.6847958495261
2030.193,17.40261661,16.99480306697,2030.193,17.70341002,17.685814453227
2030.676,17.4274302,16.9960042384276,2030.676,17.71007707,17.6868349761949
2031.157,17.44285459,16.997200120047,2031.157,17.70318267,17.68785107983
2031.64,17.41787217,16.9984006554213,2031.64,17.72149345,17.6888712135028
2032.122,17.44439702,16.9995983854513,2032.122,17.725147,17.689889039816
2032.604,17.44685681,17.0007957946791,2032.604,17.74432739,17.6909066704887
2033.086,17.46924396,17.0019928817341,2033.086,17.74932043,17.6919241049573
2033.568,17.48903444,17.0031896452438,2033.568,17.78023824,17.6929413426548
2034.05,17.46919118,17.0043860838333,2034.05,17.78485195,17.693958383011
2034.532,17.49476223,17.0055821961263,2034.532,17.79458869,17.6949752254526
2035.014,17.50944648,17.0067779807441,2035.014,17.80976706,17.6959918694033
2035.497,17.49413821,17.0079759161615,2035.497,17.84513503,17.6970104228831
2035.979,17.5148323,17.0091710405988,2035.979,17.83507302,17.6980266676958
2036.461,17.5433497,17.0103658332111,2036.461,17.83320006,17.6990427122687
2036.943,17.55234872,17.0115602926123,2036.943,17.87109057,17.7000585560132
2037.425,17.53998807,17.0127544174144,2037.425,17.84776565,17.7010741983376
2037.907,17.55089989,17.0139482062277,2037.907,17.87370854,17.7020896386473
2038.389,17.58294675,17.0151416576607,2038.389,17.91042935,17.7031048763446
2038.871,17.58080683,17.0163347703199,2038.871,17.89624768,17.7041199108287
2039.354,17.59640493,17.0175300170875,2039.354,17.90796743,17.7051368467416
2039.836,17.59929959,17.0187224473021,2039.836,17.9396621,17.706151472561
2040.318,17.60897845,17.0199145345495,2040.318,17.94391201,17.7071658933463
2040.8,17.61792822,17.0211062774294,2040.8,17.95670158,17.7081801084851
2041.282,17.61942278,17.0222976745398,2041.282,17.97107082,17.7091941173622
2041.764,17.6369059,17.023488724477,2041.764,17.98550185,17.7102079193593
2042.246,17.64578451,17.0246794258356,2042.246,17.98993815,17.7112215138554
2042.728,17.65661855,17.0258697772087,2042.728,18.02225744,17.7122349002266
2043.21,17.66745502,17.0270597771876,2043.21,18.01187735,17.7132480778462
2043.693,17.64606655,17.0282518921422,2043.693,18.03855779,17.7142631474604
2044.175,17.67657806,17.0294411843643,2044.175,18.0498244,17.715275905249
2044.657,17.70096512,17.030630120954,2044.657,18.06177229,17.7162884523878
2045.139,17.69631933,17.0318187004964,2045.139,18.05764993,17.7173007882387
2045.621,17.70516511,17.033006921575,2045.621,18.07893705,17.7183129121614
2046.103,17.69534481,17.034194782772,2046.103,18.07068343,17.7193248235123
2046.585,17.73137217,17.0353822826678,2046.585,18.0946436,17.7203365216454
2047.067,17.69876032,17.0365694198416,2047.067,18.10401634,17.721348005912
2047.55,17.73903419,17.0377586546762,2047.55,18.11547108,17.7223613735071
2048.032,17.72894958,17.0389450613775,2048.032,18.1295289,17.7233724276366
2048.514,17.73733885,17.0401311010824,2048.514,18.13883805,17.7243832659358
2048.996,17.74164322,17.0413167723643,2048.996,18.16771197,17.7253938877455
2049.478,17.75666245,17.0425020737952,2049.478,18.1705524,17.7264042924035
2049.96,17.76065783,17.0436870039457,2049.96,18.17089214,17.7274144792454
2050.442,17.76296235,17.044871561385,2050.442,18.17260359,17.7284244476038
2050.924,17.76141726,17.0460557446812,2050.924,18.20376505,17.7294341968091
2051.406,17.78183352,17.0472395524008,2051.406,18.20875937,17.7304437261888
2051.889,17.76401021,17.0484254379668,2051.889,18.21988723,17.7314551288404
2052.371,17.79277338,17.0496084894413,2052.371,18.23055798,17.7324642160826
2052.853,17.78198702,17.0507911610286,2052.853,18.24215388,17.7334730814657
2053.335,17.80277913,17.05197345129,2053.335,18.2675368,17.7344817243075
2053.817,17.79945144,17.053155358786,2053.817,18.27396261,17.7354901439231
2054.299,17.79245482,17.0543368820756,2054.299,18.28734618,17.7364983396251
2054.781,17.82775765,17.0555180197168,2054.781,18.27585253,17.7375063107238
2055.263,17.82921164,17.0566987702664,2055.263,18.30108127,17.7385140565271
2055.746,17.8303588,17.0578815807588,2055.746,18.31556327,17.739523666395
2056.228,17.84858911,17.0590615519801,2056.228,18.3217172,17.7405309590502
2056.71,17.8567749,17.0602411317702,2056.71,18.3199937,17.7415380243176
2057.192,17.85129975,17.0614203186813,2057.192,18.34712351,17.7425448614954
2057.674,17.84657075,17.0625991112646,2057.674,18.33120862,17.7435514698796
2058.156,17.87237334,17.0637775080701,2058.156,18.34624561,17.7445578487637
2058.638,17.8722941,17.0649555076469,2058.638,18.35149469,17.7455639974391
2059.12,17.8730757,17.066133108543,2059.12,18.36542779,17.7465699151946
2059.603,17.86936542,17.0673127512137,2059.603,18.39152149,17.7475776875615
2060.084,17.87325484,17.0684871084801,2060.084,18.36865398,17.7485810550908
2060.567,17.86801834,17.069665944848,2060.567,18.38799057,17.7495883610754
2061.049,17.8952566,17.0708419356406,2061.049,18.39241496,17.7505933475102
2061.531,17.87610744,17.0720175204747,2061.531,18.40073971,17.7515980994345
2062.013,17.89445119,17.0731926978923,2062.013,18.4352902,17.752602616124
2062.495,17.89583023,17.0743674664347,2062.495,18.41679101,17.7536068968517
2062.977,17.88859393,17.0755418246424,2062.977,18.42679837,17.7546109408889
2063.459,17.89888379,17.0767157710547,2063.459,18.45131115,17.7556147475045
2063.941,17.90605675,17.0778893042103,2063.941,18.45102168,17.7566183159653
2064.424,17.91135173,17.0790648560704,2064.424,18.44518887,17.7576237268837
2064.906,17.9205552,17.0802375574601,2064.906,18.4709843,17.7586268163287
2065.388,17.93013496,17.0814098412007,2065.388,18.48948066,17.7596296654051
2065.87,17.93179429,17.0825817058278,2065.87,18.47533997,17.7606322733711
2066.352,17.93980687,17.0837531498758,2066.352,18.49779695,17.761634639483
2066.834,17.93848741,17.0849241718785,2066.834,18.5019676,17.762636762995
2067.316,17.94633531,17.0860947703689,2067.316,18.5189518,17.7636386431594
2067.798,17.93531777,17.0872649438794,2067.798,18.50815691,17.7646402792261
2068.281,17.9491432,17.0884371173583,2068.281,18.52591942,17.7656437477636
2068.763,17.95323932,17.0896064356137,2068.763,18.5292111,17.7666448928673
2069.245,17.9562771,17.0907753244787,2069.245,18.49421283,17.7676457916103
2069.727,17.96546786,17.091943782483,2069.727,18.54471228,17.7686464432347
2070.209,17.96420628,17.0931118081554,2070.209,18.5347841,17.7696468469809
2070.691,17.95494096,17.0942794000243,2070.691,18.54685424,17.770647002087
2071.173,17.95379691,17.0954465566172,2071.173,18.54300483,17.7716469077894
2071.655,17.95788579,17.0966132764612,2071.655,18.55453534,17.7726465633226
2072.137,17.97582537,17.0977795580829,2072.137,18.573151,17.7736459679191
2072.62,17.96032489,17.0989478183092,2072.62,18.55658096,17.7746471934788
2073.102,17.97708441,17.1001132181465,2073.102,18.55869019,17.7756460933675
2073.584,17.95825663,17.1012781753343,2073.584,18.56306213,17.7766447400044
2074.066,17.9612695,17.1024426883972,2074.066,18.58861189,17.7776431326146
2074.548,17.96166797,17.1036067558587,2074.548,18.57786063,17.7786412704213
2075.03,17.97554814,17.1047703762424,2075.03,18.59449453,17.7796391526461
2075.512,17.97811116,17.105933548071,2075.512,18.59571581,17.7806367785087
2075.994,17.97689794,17.1070962698668,2075.994,18.61068302,17.781634147227
2076.477,17.97050984,17.1082609510307,2076.477,18.607146,17.782633326443
2076.959,17.98550421,17.1094227673853,2076.959,18.62571351,17.7836301779818
2077.441,17.98959506,17.1105841292688,2077.441,18.62256682,17.7846267700178
2077.923,17.97852175,17.1117450352019,2077.923,18.61812726,17.7856231017621
2078.405,17.97406619,17.1129054837049,2078.405,18.63331826,17.7866191724238
2078.887,17.98513448,17.1140654732979,2078.887,18.64255973,17.7876149812104
2079.369,17.97928,17.1152250025005,2079.369,18.65852848,17.788610527328
2079.851,17.99259503,17.1163840698321,2079.851,18.63305955,17.7896058099806
2080.333,17.97925574,17.1175426738117,2080.333,18.66477327,17.7906008283709
2080.816,17.96224198,17.1187032152521,2080.816,18.6527429,17.7915976452272
2081.298,17.97289526,17.1198608871145,2081.298,18.6731314,17.7925921321414
2081.78,17.98403247,17.1210180911772,2081.78,18.67951594,17.7935863523895
2082.262,17.96827349,17.1221748259581,2082.262,18.66948217,17.7945803051675
2082.744,17.96119059,17.1233310899749,2082.744,18.70032637,17.79557398967
2083.226,17.97585494,17.124486881745,2083.226,18.69075566,17.7965674050899
2083.708,17.97625681,17.1256421997858,2083.708,18.69061779,17.7975605506187
2084.19,17.98715527,17.1267970426142,2084.19,18.69105839,17.7985534254461
2084.673,17.95543563,17.1279538032013,2084.673,18.68903982,17.7995480878207
2085.155,17.97319165,17.1291076901622,2085.155,18.6943283,17.8005404182432
2085.637,17.96199926,17.130261097458,2085.637,18.69665236,17.8015324755232
2086.119,17.9471558,17.1314140236052,2086.119,18.68841368,17.8025242588445
2086.601,17.95925838,17.1325664671202,2086.601,18.70309315,17.8035157673896
2087.083,17.95631483,17.1337184265192,2087.083,18.73061978,17.8045070003394
2087.565,17.94663708,17.1348699003185,2087.565,18.68987939,17.8054979568732
2088.047,17.96841737,17.1360208870342,2088.047,18.73027181,17.8064886361694
2088.53,17.94493976,17.1371737715991,2088.53,18.72263263,17.8074810918891
2089.011,17.96242513,17.138321393279,2089.011,18.71379948,17.8084691597535
2089.494,17.94431624,17.1394732942173,2089.494,18.72824219,17.8094610557147
2089.976,17.958888,17.1406223167346,2089.976,18.75242229,17.8104506172295
2090.458,17.95485363,17.1417708447454,2090.458,18.71348153,17.8114398973741
2090.94,17.935789,17.1429188767657,2090.94,18.71234651,17.8124288953185
2091.422,17.93732703,17.1440664113116,2091.422,18.73407959,17.813417610231
2091.904,17.92674904,17.1452134468993,2091.904,18.7350517,17.8144060412788
2092.386,17.94960907,17.1463599820449,2092.386,18.73385585,17.8153941876278
2092.868,17.93771372,17.1475060152647,2092.868,18.71140469,17.8163820484426
2093.351,17.9270378,17.1486539211687,2093.351,18.74762077,17.8173716714976
2093.833,17.91755072,17.1497989450372,2093.833,18.7241348,17.8183589581356
2094.315,17.89770609,17.1509434625264,2094.315,18.71642332,17.8193459567236
2094.797,17.92360797,17.152087472153,2094.797,18.73218822,17.8203326664211
2095.279,17.92629812,17.153230972434,2095.279,18.73967813,17.8213190863865
2095.761,17.90812864,17.1543739618863,2095.761,18.71227923,17.8223052157768
2096.243,17.93715719,17.1555164390274,2096.243,18.71837259,17.8232910537479
2096.725,17.89890353,17.1566584023747,2096.725,18.73469138,17.8242765994546
2097.208,17.90369614,17.1578022180586,2097.208,18.7326109,17.8252638958376
2097.69,17.91032056,17.1589431482979,2097.69,18.73936936,17.8262488538641
2098.172,17.88241337,17.160083560294,2098.172,18.74750619,17.8272335170815
2098.654,17.89298553,17.1612234525653,2098.654,18.74046915,17.8282178846399
2099.136,17.8931153,17.1623628236306,2099.136,18.73587011,17.8292019556884
2099.618,17.88061793,17.1635016720088,2099.618,18.7348731,17.8301857293749
2100.1,17.86695553,17.1646399962193,2100.1,18.73573374,17.831169204846
2100.582,17.8728146,17.1657777947814,2100.582,18.71734221,17.8321523812476
2101.064,17.88080327,17.1669150662153,2101.064,18.7218878,17.8331352577243
2101.547,17.84309816,17.1680541668782,2101.547,18.74792252,17.8341198716453
2102.029,17.86641885,17.1691903785152,2102.029,18.74690169,17.8351021450752
2102.511,17.84056193,17.1703260585827,2102.511,18.72460723,17.8360841160062
2102.993,17.83690673,17.171461205602,2102.993,18.72556701,17.8370657835786
2103.475,17.8375166,17.1725958180949,2103.475,18.7432277,17.8380471469321
2103.957,17.8281802,17.1737298945834,2103.957,18.73426174,17.8390282052052
2104.439,17.8348857,17.1748634335904,2104.439,18.74181222,17.8400089575354
2104.921,17.82203638,17.1759964336387,2104.921,18.7309638,17.8409894030594
2105.404,17.81340538,17.1771312421903,2105.404,18.72153302,17.8419715740733
2105.886,17.81594617,17.1782631587664,2105.886,18.74439805,17.8429514027496
2106.368,17.79943024,17.1793945319528,2106.368,18.72254263,17.8439309220221
2106.85,17.80708398,17.1805253602743,2106.85,18.70737501,17.8449101310234
2107.332,17.80113476,17.1816556422563,2107.332,18.71032554,17.8458890288856
2107.814,17.77760154,17.1827853764249,2107.814,18.71997052,17.8468676147398
2108.296,17.78223662,17.1839145613065,2108.296,18.71229573,17.8478458877163
2108.778,17.78851182,17.1850431954282,2108.778,18.7057137,17.8488238469442
2109.26,17.76109321,17.1861712773176,2109.26,18.68848289,17.8498014915522
2109.743,17.77188174,17.1873011441964,2109.743,18.69251695,17.8507808479932
2110.225,17.75668625,17.188428116053,2110.225,18.69234363,17.8517578600862
2110.707,17.75003,17.1895545312606,2110.707,18.69304571,17.852734554938
2111.189,17.75106752,17.1906803883493,2111.189,18.67158483,17.8537109316738
2111.671,17.74638961,17.1918056858495,2111.671,18.6930242,17.8546869894181
2112.153,17.74363772,17.1929304222927,2112.153,18.68245344,17.8556627272946
2112.635,17.73988217,17.1940545962107,2112.635,18.68999492,17.856638144426
2113.117,17.72096298,17.1951782061362,2113.117,18.69235228,17.8576132399347
2113.6,17.71937258,17.1963035799813,2113.6,18.70303154,17.8585900349568
2114.082,17.69921181,17.1974260563445,2114.082,18.69668465,17.8595644839116
2114.564,17.70594763,17.1985479643141,2114.564,18.68833799,17.860538608604
2115.046,17.69094968,17.1996693024254,2115.046,18.70704963,17.8615124081531
2115.528,17.68174875,17.2007900692147,2115.528,18.66680191,17.8624858816776
2116.01,17.66066503,17.2019102632189,2116.01,18.69999716,17.8634590282955
2116.492,17.6564654,17.2030298829755,2116.492,18.65782385,17.8644318471239
2116.974,17.66583732,17.2041489270232,2116.974,18.67030945,17.8654043372795
2117.457,17.66416597,17.2052697137707,2117.457,18.67650351,17.8663785144658
2117.938,17.6509932,17.206385282149,2117.938,18.6465725,17.8673483280356
2118.421,17.62660535,17.2075049077708,2118.421,18.64707985,17.8683218420788
2118.903,17.63828213,17.2086216331747,2118.903,18.64380792,17.8692930080066
2119.385,17.62541739,17.2097377755707,2119.385,18.64726526,17.8702638408334
2119.867,17.60440948,17.2108533335024,2119.867,18.63632331,17.8712343396722
2120.349,17.60781176,17.211968305514,2120.349,18.64734309,17.8722045036354
2120.831,17.60516955,17.2130826901505,2120.831,18.63806982,17.8731743318349
2121.313,17.57627559,17.214196485958,2121.313,18.60418397,17.8741438233818
2121.795,17.57490441,17.2153096914833,2121.795,18.62785291,17.8751129773871
2122.278,17.58441983,17.2164246129857,2122.278,18.61965265,17.8760838025993
2122.76,17.58065308,17.2175366323591,2122.76,18.59930818,17.8770522781464
2123.242,17.56642393,17.2186480570936,2123.242,18.57880237,17.8780204134791
2123.724,17.5539168,17.21975888574,2123.724,18.58903692,17.8789882077063
2124.206,17.54467328,17.2208691168499,2124.206,18.59026335,17.879955659936
2124.688,17.5487424,17.2219787489758,2124.688,18.59280824,17.8809227692763
2125.17,17.5354806,17.2230877806714,2125.17,18.5780158,17.8818895348344
2125.652,17.53555392,17.2241962104912,2125.652,18.54643366,17.8828559557172
2126.135,17.51960442,17.225306334758,2126.135,18.59651729,17.883824034977
2126.617,17.52135518,17.226413555238,2126.617,18.58584612,17.8847897631087
2127.099,17.51657724,17.2275201695093,2127.099,18.56710467,17.8857551438815
2127.581,17.51659945,17.2286261761306,2127.581,18.57094962,17.8867201764008
2128.063,17.4994431,17.2297315736617,2128.063,18.5522644,17.8876848597715
2128.545,17.49694016,17.2308363606634,2128.545,18.5605175,17.888649193098
2129.027,17.48412028,17.2319405356979,2129.027,18.56125506,17.8896131754846
2129.509,17.47147737,17.2330440973281,2129.509,18.52240431,17.8905768060352
2129.991,17.46550634,17.2341470441183,2129.991,18.54092993,17.8915400838531
2130.474,17.44812051,17.2352516609849,2130.474,18.52613426,17.8925050054415
2130.956,17.43564532,17.2363533725091,2130.956,18.53076324,17.8934675743671
2131.438,17.41389213,17.2374544648898,2131.438,18.50603942,17.8944297878668
2131.92,17.42427743,17.2385549366956,2131.92,18.52535593,17.895391645043
2132.402,17.41013225,17.2396547864967,2132.402,18.52463105,17.8963531449976
2132.884,17.39257557,17.240754012864,2132.884,18.49901494,17.8973142868324
2133.366,17.4081372,17.2418526143701,2133.366,18.51180148,17.8982750696489
2133.848,17.3958149,17.2429505895885,2133.848,18.50076469,17.8992354925482
2134.331,17.36862954,17.2440502130949,2134.331,18.48041963,17.9001975460858
2134.813,17.35622836,17.2451469301566,2134.813,18.46841573,17.9011572457023
2135.295,17.36038931,17.2462430166557,2135.295,18.4648099,17.9021165827022
2135.777,17.34789533,17.2473384711707,2135.777,18.46914492,17.9030755561858
2136.259,17.34183408,17.2484332922815,2136.259,18.47465513,17.9040341652533
2136.741,17.3268878,17.249527478569,2136.741,18.46954357,17.9049924090048
2137.223,17.33974453,17.2506210286157,2137.223,18.44968982,17.90595028654
2137.705,17.30478806,17.2517139410054,2137.705,18.44509338,17.9069077969586
2138.188,17.30950797,17.2528084797848,2138.188,18.43394148,17.9078669247496
2138.67,17.29282702,17.2539001112862,2138.67,18.43242335,17.9088236974672
2139.152,17.27863314,17.2549911008866,2139.152,18.41637873,17.9097801003646
2139.634,17.27288961,17.2560814471749,2139.634,18.40779305,17.9107361325408
2140.116,17.27201786,17.2571711487417,2140.116,18.40633644,17.9116917930951
2140.598,17.25908113,17.2582602041786,2140.598,18.41127703,17.9126470811263
2141.08,17.24434175,17.2593486120787,2141.08,18.39156767,17.9136019957334
2141.562,17.24303499,17.2604363710367,2141.562,18.38494672,17.9145565360152
2142.044,17.23903641,17.2615234796485,2142.044,18.37566736,17.9155107010704
2142.527,17.23362654,17.262612189893,2142.527,18.37587897,17.9164664684213
2143.009,17.22288914,17.2636979922494,2143.009,18.3488032,17.9174198795364
2143.491,17.19687875,17.2647831400532,2143.491,18.36320587,17.918372912719
2143.973,17.20853721,17.265867631906,2143.973,18.34446954,17.919325567068
2144.455,17.20375289,17.2669514664111,2144.455,18.32570016,17.9202778416818
2144.937,17.18755585,17.268034642173,2144.937,18.31916159,17.9212297356591
2145.419,17.18819657,17.269117157798,2145.419,18.29661737,17.9221812480987
2145.901,17.16961352,17.2701990118936,2145.901,18.30580316,17.9231323780991
2146.384,17.15754124,17.2712824455142,2146.384,18.29116977,17.9240850968635
2146.865,17.12894825,17.272360729935,2146.865,18.28176178,17.9250334871776
2147.348,17.16271849,17.2734428307866,2147.348,18.2781045,17.9259854349594
2147.83,17.14557987,17.2745220234862,2147.83,18.27266784,17.9269350253892
2148.312,17.13050817,17.2756005477147,2148.312,18.276486,17.9278842288723
2148.794,17.11912207,17.2766784020889,2148.794,18.25035968,17.9288330445075
2149.276,17.11447825,17.2777555852273,2149.276,18.23322566,17.9297814713943
2149.758,17.12488257,17.2788320957499,2149.758,18.23395614,17.9307295086317
2150.24,17.10821158,17.2799079322784,2150.24,18.2489254,17.9316771553192
2150.722,17.1088291,17.2809830934359,2150.722,18.24272606,17.9326244105563
2151.205,17.08661895,17.2820598063637,2151.205,18.20744454,17.93357323748
2151.687,17.08057672,17.2831336112473,2151.687,18.19044917,17.9345197062987
2152.169,17.08415786,17.2842067366365,2152.169,18.19297439,17.9354657809647
2152.651,17.08241266,17.2852791811613,2152.651,18.20446459,17.936411460578
2153.133,17.06011422,17.2863509434529,2153.133,18.18255241,17.9373567442389
2153.615,17.07389522,17.2874220221446,2153.615,18.17937092,17.9383016310482
2154.097,17.05372814,17.2884924158711,2154.097,18.16608073,17.9392461201063
2154.579,17.07316761,17.2895621232689,2154.579,18.14974949,17.9401902105144
2155.062,17.02614408,17.2906333601436,2155.062,18.13877581,17.9411358588224
2155.544,17.03466495,17.2917016893694,2155.544,18.11713995,17.9420791484023
2156.026,17.00876432,17.2927693281834,2156.026,18.1292407,17.9430220366343
2156.508,17.00801694,17.2938362752291,2156.508,18.12965637,17.9439645226205
2156.99,17.00755247,17.2949025291514,2156.99,18.11498487,17.9449066054629
2157.472,16.99373218,17.2959680885974,2157.472,18.09713802,17.945848284264
2157.954,16.98044521,17.2970329522156,2157.954,18.09618782,17.9467895581265
2158.436,16.9775066,17.2980971186565,2158.436,18.08198709,17.9477304261533
2158.918,16.97356505,17.2991605865722,2158.918,18.09348473,17.9486708874479
2159.401,16.95338851,17.3002255588014,2159.401,18.08397441,17.9496128910082
2159.883,16.95227885,17.3012876241745,2159.883,18.04351468,17.9505525353008
2160.365,16.96945069,17.3023489869871,2160.365,18.04629015,17.951491770171
2160.847,16.96994562,17.3034096458988,2160.847,18.02754098,17.9524305947234
2161.329,16.91632954,17.3044695995707,2161.329,18.04066412,17.953369008063
2161.811,16.93946389,17.305528846666,2161.811,18.03080702,17.9543070092952
2162.293,16.92711275,17.3065873858498,2162.293,18.00704524,17.9552445975255
2162.775,16.90677327,17.3076452157888,2162.775,18.01288613,17.95618177186
2163.258,16.89576045,17.3087045276061,2163.258,17.98825964,17.957120474458
2163.74,16.90530405,17.3097609335856,2163.74,17.98027338,17.9580568174575
2164.222,16.90615384,17.3108166263295,2164.222,17.96764012,17.9589927438799
2164.704,16.89683619,17.3118716045123,2164.704,17.96796218,17.9599282528329
2165.186,16.88814663,17.3129258668104,2165.186,17.97844961,17.9608633434247
2165.668,16.88336044,17.3139794119021,2165.668,17.94385777,17.9617980147638
2166.15,16.88089628,17.3150322384676,2166.15,17.93836145,17.9627322659592
2166.632,16.86630631,17.3160843451891,2166.632,17.91703563,17.9636660961203
2167.115,16.84639058,17.317137911298,2167.115,17.91435579,17.9646014404494
2167.597,16.85001309,17.3181885728855,2167.597,17.90198346,17.965534424994
2168.079,16.83667185,17.3192385106847,2168.079,17.88078447,17.9664669858336
2168.561,16.81647669,17.3202877233854,2168.561,17.86577904,17.9673991220797
2169.043,16.83544917,17.3213362096798,2169.043,17.8766113,17.9683308328441
2169.525,16.8204413,17.322383968262,2169.525,17.85921774,17.9692621172391
2170.007,16.80858728,17.3234309978281,2170.007,17.86636969,17.9701929743776
2170.489,16.80884935,17.3244772970761,2170.489,17.86869231,17.9711234033732
2170.971,16.80317095,17.3255228647062,2170.971,17.8408947,17.9720534033397
2171.454,16.81175899,17.3265698663647,2171.454,17.83610846,17.9729849015127
2171.936,16.79231629,17.327613965343,2171.936,17.84167077,17.9739140398705
2172.418,16.79030163,17.3286573288134,2172.418,17.85116859,17.9748427465428
2172.9,16.80462381,17.3296999554843,2172.9,17.82737736,17.9757710206456
2173.382,16.79218701,17.3307418440662,2173.382,17.79842045,17.9766988612958
2173.864,16.78900661,17.3317829932715,2173.864,17.79236101,17.9776262676108
2174.346,16.81037429,17.3328234018151,2174.346,17.80966065,17.9785532387086
2174.828,16.78531813,17.3338630684135,2174.828,17.79478995,17.9794797737078
2175.311,16.77326188,17.3349041464549,2175.311,17.78313895,17.9804077926381
2175.792,16.78175728,17.3359401706526,2175.792,17.76301323,17.9813315318882
2176.275,16.77814325,17.3369797553122,2176.275,17.74274488,17.9822586723996
2176.757,16.75294573,17.338016439789,2176.757,17.75690718,17.9831834532904
2177.239,16.77074917,17.3390523759338,2177.239,17.7503855,17.9841077936833
2177.721,16.75592963,17.3400875624762,2177.721,17.7264264,17.985031692701
2178.203,16.74208511,17.3411219981479,2178.203,17.73607298,17.9859551494666
2178.685,16.74352978,17.342155681683,2178.685,17.7136698,17.9868781631039
2179.167,16.73611486,17.3431886118175,2179.167,17.71277524,17.9878007327374
2179.649,16.7383087,17.3442207872898,2179.649,17.71049296,17.9887228574924
2180.132,16.71206628,17.3452543459285,2180.132,17.70433878,17.989646448228
2180.614,16.72012131,17.3462850067281,2180.614,17.70035748,17.9905676796771
2181.096,16.70898831,17.3473149090913,2181.096,17.69786475,17.9914884636258
2181.578,16.70862695,17.3483440517653,2181.578,17.67414819,17.9924087992024
2182.06,16.72630549,17.3493724334995,2182.06,17.66589824,17.9933286855358
2182.542,16.69947413,17.3504000530458,2182.542,17.66736514,17.9942481217555
2183.024,16.69730394,17.351426909158,2183.024,17.65383606,17.995167106992
2183.506,16.71171234,17.3524530005926,2183.506,17.66271678,17.9960856403764
2183.989,16.70256447,17.3534804525423,2183.989,17.66416057,17.9970056253011
2184.471,16.7137704,17.3545050093065,2184.471,17.64755205,17.9979232514361
2184.953,16.71119838,17.3555287976729,2184.953,17.63849391,17.9988404231154
2185.435,16.67967133,17.356551816407,2185.435,17.63267041,17.9997571394734
2185.917,16.69384797,17.3575740642765,2185.917,17.61938028,18.0006733996453
2186.399,16.69845431,17.3585955400515,2186.399,17.61617273,18.0015892027671
2186.881,16.67398742,17.3596162425045,2186.881,17.60830862,18.0025045479755
2187.363,16.68331242,17.3606361704102,2187.363,17.5966634,18.0034194344082
2187.845,16.68809633,17.3616553225457,2187.845,17.60903151,18.0043338612036
2188.328,16.68043935,17.3626758096933,2188.328,17.58961258,18.0052497232177
2188.81,16.668514,17.3636934050133,2188.81,17.58786909,18.0061632271996
2189.292,16.68704189,17.364710220906,2189.292,17.56425995,18.0070762689632
2189.774,16.65932185,17.3657262561579,2189.774,17.55521603,18.0079888476505
2190.256,16.68269788,17.3667415095582,2190.256,17.55004783,18.0089009624043
2190.738,16.66289711,17.3677559798981,2190.738,17.54299494,18.0098126123684
2191.22,16.67986052,17.3687696659714,2191.22,17.55742777,18.0107237966874
2191.702,16.66343072,17.3697825665743,2191.702,17.52962729,18.011634514507
2192.185,16.65917563,17.3707967795083,2192.185,17.5169364,18.0125466529735
2192.667,16.65592403,17.3718081039328,2192.667,17.5281366,18.0134564342623
2193.149,16.67797781,17.3728186392876,2193.149,17.51331459,18.0143657464921
2193.631,16.65600393,17.3738283843786,2193.631,17.49244218,18.0152745888122
2194.113,16.6623533,17.3748373380141,2194.113,17.50117367,18.016182960373
2194.595,16.6698474,17.375845499005,2194.595,17.4837515,18.0170908603257
2195.077,16.66633855,17.3768528661647,2195.077,17.49752837,18.0179982878224
2195.559,16.65788154,17.3778594383089,2195.559,17.48411426,18.0189052420165
2196.042,16.65803706,17.3788673000996,2196.042,17.48727994,18.0198136022324
2196.524,16.67808097,17.3798722770147,2196.524,17.48575791,18.0207196062982
2197.006,16.66990106,17.3808764553743,2197.006,17.47752651,18.0216251345249
2197.488,16.66651372,17.3818798340041,2197.488,17.50358924,18.0225301860698
2197.97,16.67014209,17.3828824117325,2197.97,17.48216499,18.0234347600911
2198.452,16.67659281,17.3838841873904,2198.452,17.48586537,18.024338855748
2198.934,16.65952653,17.384885159811,2198.934,17.44685307,18.0252424722008
2199.416,16.67191674,17.3858853278304,2199.416,17.43828587,18.0261456086108
2199.898,16.66944585,17.386884690287,2199.898,17.44950035,18.0270482641403
2200.381,16.67290551,17.3878853168748,2200.381,17.43176772,18.0279523091813
2200.863,16.65140975,17.3888830630542,2200.863,17.44530638,18.0288539994391
2201.345,16.67279554,17.3898800001992,2201.345,17.45169411,18.0297552063081
2201.827,16.674176,17.3908761271586,2201.827,17.44241445,18.0306559289549
2202.309,16.66931763,17.3918714427837,2202.309,17.42391296,18.0315561665473
2202.791,16.65552155,17.3928659459285,2202.791,17.43772035,18.0324559182541
2203.273,16.65822236,17.3938596354495,2203.273,17.42906358,18.0333551832451
2203.755,16.65491146,17.3948525102059,2203.755,17.43164745,18.0342539606914
2204.238,16.65757633,17.3958466264239,2204.238,17.43512026,18.0351541129272
2204.719,16.66381331,17.3968358108745,2204.719,17.40476425,18.0360500496397
2205.202,16.6675552,17.3978282884877,2205.202,17.40638015,18.036949220618
2205.684,16.65357138,17.3988178911286,2205.684,17.38418008,18.037846038599
2206.166,16.6712058,17.3998066733378,2206.166,17.40658893,18.0387423649057
2206.648,16.67312534,17.4007946339902,2206.648,17.38745427,18.0396381987159
2207.13,16.66590211,17.4017817719635,2207.13,17.41237832,18.0405335392085
2207.612,16.68169552,17.402768086138,2207.612,17.39540965,18.0414283855639
2208.094,16.68673082,17.4037535753967,2208.094,17.39338211,18.0423227369634
2208.576,16.67855578,17.4047382386252,2208.576,17.37241252,18.0432165925894
2209.059,16.69715228,17.4057241150052,2209.059,17.37502522,18.044111804551
2209.541,16.67116932,17.4067071211218,2209.541,17.36986074,18.0450046651499
2210.023,16.69221342,17.4076892978792,2210.023,17.37394332,18.0458970275286
2210.505,16.69774385,17.4086706441739,2210.505,17.37160085,18.0467888908744
2210.987,16.71218807,17.4096511589051,2210.987,17.36276363,18.0476802543759
2211.469,16.68591115,17.4106308409748,2211.469,17.36009337,18.048571117223
2211.951,16.71427415,17.4116096892876,2211.951,17.37671402,18.0494614786067
2212.433,16.71924672,17.412587702751,2212.433,17.36655814,18.0503513377193
2212.916,16.71201716,17.4135669067446,2212.916,17.34893317,18.0512425383678
2213.398,16.70253295,17.4145432455047,2213.398,17.37080628,18.0521313894739
2213.88,16.72551703,17.4155187461518,2213.88,17.36900463,18.0530197358917
2214.362,16.73681054,17.4164934076045,2214.362,17.37101323,18.0539075768185
2214.844,16.71726063,17.417467228784,2214.844,17.34753587,18.054794911453
2215.326,16.71768249,17.4184402086144,2215.326,17.36207945,18.0556817389951
2215.808,16.73520631,17.4194123460223,2215.808,17.37068191,18.056568058646
2216.29,16.7462456,17.4203836399375,2216.29,17.3813297,18.0574538696082
2216.772,16.72381059,17.4213540892924,2216.772,17.35894119,18.0583391710855
2217.255,16.73807376,17.4223257037683,2217.255,17.33900189,18.0592257974185
2217.737,16.76215524,17.4232944590532,2217.737,17.35974092,18.0601100764817
2218.219,16.75632258,17.4242623665897,2218.219,17.35713351,18.0609938436778
2218.701,16.75931435,17.4252294253215,2218.701,17.35844941,18.0618770982159
2219.183,16.77556755,17.4261956341951,2219.183,17.37204842,18.0627598393065
2219.665,16.76544526,17.4271609921599,2219.665,17.36493857,18.0636420661613
2220.147,16.78211627,17.4281254981681,2220.147,17.37027531,18.0645237779936
2220.629,16.78149401,17.4290891511748,2220.629,17.36239825,18.0654049740179
2221.112,16.76756316,17.4300539467577,2221.112,17.36122263,18.0662874800483
2221.594,16.77351991,17.431015888863,2221.594,17.38798069,18.0671676410315
2222.076,16.8063246,17.4319769748472,2222.076,17.37718387,18.0680472838569
2222.558,16.78130386,17.4329372036768,2222.558,17.3715345,18.0689264077446
2223.04,16.80167336,17.4338965743213,2223.04,17.36087642,18.069805011916
2223.522,16.80733712,17.434855085753,2223.522,17.38489537,18.0706830955941
2224.004,16.80935827,17.4358127369472,2224.004,17.37248152,18.0715606580029
2224.486,16.81634614,17.4367695268822,2224.486,17.37414069,18.0724376983684
2224.969,16.81944481,17.4377274368942,2224.969,17.39294956,18.0733160338746
2225.451,16.83621222,17.4386824994647,2225.451,17.39733574,18.0741920267488
2225.933,16.82334536,17.4396366977257,2225.933,17.39274083,18.0750674952635
2226.415,16.84512394,17.4405900306673,2226.415,17.37943118,18.0759424386502
2226.897,16.82909623,17.4415424972822,2226.897,17.39468214,18.0768168561418
2227.379,16.85190517,17.4424940965662,2227.379,17.40046704,18.0776907469726
2227.861,16.86890561,17.443444827518,2227.861,17.38828732,18.0785641103783
2228.343,16.85659766,17.4443946891394,2228.343,17.38998869,18.0794369455963
2228.825,16.85414877,17.4453436804348,2228.825,17.38552446,18.0803092518652
2229.308,16.87564091,17.4462937665595,2229.308,17.39866916,18.0811828365391
2229.79,16.87974431,17.4472410124182,2229.79,17.40203571,18.0820540815307
2230.272,16.89184091,17.4481873849807,2230.272,17.4019684,18.0829247952968
2230.754,16.89868124,17.4491328832636,2230.754,17.41138738,18.0837949770821
2231.236,16.90983629,17.4500775062865,2231.236,17.41169652,18.0846646261327
2231.718,16.89930076,17.4510212530719,2231.718,17.40907596,18.0855337416965
2232.2,16.90514814,17.4519641226453,2232.2,17.41140991,18.0864023230226
2232.682,16.90927448,17.4529061140353,2232.682,17.41299002,18.0872703693618
2233.165,16.89670862,17.453849177874,2233.165,17.41353707,18.0881396792236
2233.646,16.93958329,17.4547874583946,2233.646,17.41680503,18.0890048540903
2234.129,16.94831181,17.4557287573806,2234.129,17.41752923,18.0898730880168
2234.611,16.91564557,17.4566672245523,2234.611,17.43202188,18.09073898583
2235.093,16.96053563,17.4576048087268,2235.093,17.42722246,18.0916043449316
2235.575,16.96379184,17.458541508951,2235.575,17.42574364,18.0924691645819
2236.057,16.96514534,17.4594773242746,2236.057,17.42565559,18.0933334440423
2236.539,16.97815526,17.4604122537504,2236.539,17.43724122,18.0941971825761
2237.021,16.98845746,17.4613462964346,2237.021,17.44672785,18.0950603794481
2237.503,16.99936912,17.4622794513859,2237.503,17.43403433,18.0959230339245
2237.986,17.00542682,17.4632136509046,2237.986,17.43604657,18.0967869333212
2238.468,16.99414552,17.4641450257332,2238.468,17.44142107,18.0976484996831
2238.95,17.02918333,17.4650755100226,2238.95,17.45715586,18.0985095214567
2239.432,17.02100673,17.4660051028441,2239.432,17.45436411,18.0993699979147
2239.914,17.03021662,17.4669338032723,2239.914,17.43625462,18.1002299283317
2240.396,17.04541195,17.4678616103845,2240.396,17.46439322,18.1010893119835
2240.878,17.05632516,17.4687885232615,2240.878,17.48186789,18.1019481481478
2241.36,17.04113519,17.4697145409871,2241.36,17.47390507,18.102806436104
2241.843,17.04640709,17.4706415810555,2241.843,17.49188711,18.1036659541034
2242.325,17.08466576,17.47156580388,2242.325,17.48103249,18.1045231423465
2242.807,17.07722933,17.4724891288212,2242.807,17.49367186,18.1053797802277
2243.289,17.09875158,17.4734115549753,2243.289,17.48983048,18.1062358670328
2243.771,17.09655689,17.4743330814417,2243.771,17.51154717,18.1070914020493
2244.253,17.11999405,17.4752537073231,2244.253,17.50564795,18.1079463845666
2244.735,17.11637706,17.476173431725,2244.735,17.50187293,18.1088008138754
2245.217,17.12233048,17.4770922537565,2245.217,17.50672814,18.1096546892684
2245.699,17.14618066,17.4780101725294,2245.699,17.51888952,18.1105080100398
2246.182,17.13952676,17.4789290887384,2246.182,17.5047478,18.1113625441307
2246.664,17.16627982,17.4798451964644,2246.664,17.52068428,18.1122147523942
2247.146,17.17602884,17.4807603982852,2247.146,17.53391541,18.1130664039276
2247.628,17.16745738,17.4816746933253,2247.628,17.50957844,18.1139174980319
2248.11,17.19818701,17.4825880807128,2248.11,17.5169816,18.11476803401
2248.592,17.20105157,17.4835005595788,2248.592,17.53575828,18.1156180111664
2249.074,17.17944408,17.4844121290574,2249.074,17.55689925,18.1164674288072
2249.556,17.22569362,17.4853227882863,2249.556,17.54215868,18.1173162862405
2250.039,17.23246535,17.4862344229026,2250.039,17.5556714,18.1181663421437
2250.521,17.22859428,17.4871432571642,2250.521,17.55312193,18.1190140759268
2251.003,17.23357151,17.488051178606,2251.003,17.57492777,18.1198612474353
2251.485,17.26331485,17.4889581863782,2251.485,17.56673387,18.120707855984
2251.967,17.26605751,17.4898642796345,2251.967,17.57654362,18.1215539008897
2252.449,17.26401052,17.4907694575317,2252.449,17.57482271,18.1223993814708
2252.931,17.28508219,17.4916737192297,2252.931,17.59008864,18.1232442970476
2253.413,17.26418215,17.4925770638919,2253.413,17.58526758,18.124088646942
2253.896,17.28311683,17.4934813619848,2253.896,17.59400572,18.1249341804769
2254.378,17.3013656,17.4943828681713,2254.378,17.61150753,18.1257773958027
2254.86,17.31592611,17.4952834548294,2254.86,17.63012104,18.1266200434214
2255.342,17.31782255,17.4961831211355,2255.342,17.64535918,18.1274621226623
2255.824,17.32224125,17.4970818662692,2255.824,17.6265208,18.1283036328563
2256.306,17.35548199,17.4979796894133,2256.306,17.62458422,18.1291445733361
2256.788,17.35298202,17.4988765897538,2256.788,17.64590215,18.1299849434364
2257.27,17.35311275,17.4997725664801,2257.27,17.65387503,18.1308247424935
2257.752,17.37046702,17.5006676187848,2257.752,17.66604965,18.1316639698457
2258.235,17.3666813,17.501563599937,2258.235,17.66520078,18.1325043641856
2258.717,17.38681652,17.5024567990676,2258.717,17.68504591,18.1333424449603
2259.199,17.39159299,17.5033490713726,2259.199,17.66800083,18.1341799520543
2259.681,17.3917746,17.5042404160578,2259.681,17.68109075,18.1350168848132
2260.163,17.40938832,17.5051308323323,2260.163,17.68200749,18.1358532425844
2260.645,17.42058576,17.5060203194086,2260.645,17.66552281,18.136689024717
2261.127,17.41798304,17.5069088765024,2261.127,17.68824735,18.1375242305624
2261.609,17.44232497,17.5077965028327,2261.609,17.72547097,18.1383588594733
2262.092,17.42572143,17.5086850362688,2262.092,17.69381412,18.1391946406008
2262.573,17.43842096,17.5095689600957,2262.573,17.70788973,18.1400263839132
2263.056,17.4648241,17.5104556242583,2263.056,17.70339789,18.1408610055517
2263.538,17.47142143,17.5113395178534,2263.538,17.70842187,18.1416933190893
2264.02,17.48274763,17.5122224768285,2264.02,17.71509528,18.1425250524841
2264.502,17.49477665,17.5131045004228,2264.502,17.73638311,18.1433562051004
2264.984,17.49938046,17.5139855878785,2264.984,17.75013221,18.1441867763044
2265.466,17.51163497,17.5148657384414,2265.466,17.76590609,18.1450167654641
2265.948,17.50768236,17.5157449513607,2265.948,17.73683439,18.1458461719494
2266.43,17.52959689,17.5166232258886,2266.43,17.78547992,18.1466749951323
2266.913,17.52206176,17.5175023805022,2266.913,17.78766602,18.1475049521177
2267.395,17.57053919,17.5183787740677,2267.395,17.79464012,18.1483326056055
2267.877,17.55431273,17.5192542270179,2267.877,17.77466835,18.1491596739166
2268.359,17.56496984,17.5201287386187,2268.359,17.79685529,18.1499861564305
2268.841,17.57053065,17.5210023081394,2268.841,17.81972287,18.1508120525289
2269.323,17.57579546,17.5218749348527,2269.323,17.82014196,18.1516373615951
2269.805,17.58118672,17.5227466180347,2269.805,17.82931944,18.1524620830145
2270.287,17.58035431,17.5236173569648,2270.287,17.84556207,18.1532862161744
2270.77,17.60315119,17.5244889544948,2270.77,17.83113025,18.1541114684496
2271.252,17.60230397,17.5253578008103,2271.252,17.8497497,18.1549344220367
2271.734,17.61911228,17.5262257007312,2271.734,17.85214502,18.1557567855367
2272.216,17.62791376,17.5270926535505,2272.216,17.85688432,18.1565785583448
2272.698,17.62973331,17.5279586585646,2272.698,17.86705779,18.1573997398582
2273.18,17.61010024,17.5288237150735,2273.18,17.86510356,18.158220329476
2273.662,17.65138535,17.5296878223804,2273.662,17.89250886,18.1590403265992
2274.144,17.66190878,17.5305509797921,2274.144,17.88757436,18.1598597306309
2274.626,17.67289683,17.5314131866186,2274.626,17.87893009,18.1606785409762
2275.109,17.69791579,17.5322762280215,2275.109,17.90665903,18.1614984539677
2275.591,17.69299695,17.5331365296461,2275.591,17.89444721,18.1623160739285
2276.073,17.69862911,17.5339958786352,2276.073,17.92003012,18.1631330984288
2276.555,17.71407649,17.5348542743125,2276.555,17.92929415,18.1639495268818
2277.037,17.72227136,17.5357117160054,2277.037,17.92105346,18.1647653587023
2277.519,17.72133132,17.5365682030446,2277.519,17.93801892,18.1655805933077
2278.001,17.71915179,17.5374237347644,2278.001,17.93823162,18.1663952301168
2278.483,17.74463515,17.5382783105023,2278.483,17.96148602,18.167209268551
2278.966,17.76445867,17.5391336995986,2278.966,17.98345994,18.168024395044
2279.448,17.77822592,17.5399863594128,2279.448,18.00275935,18.1688372337552
2279.93,17.77265014,17.5408380612775,2279.93,17.99759153,18.1696494723657
2280.412,17.79375889,17.5416888045442,2280.412,17.99484415,18.1704611103049
2280.894,17.80020914,17.5425385885679,2280.894,18.00229107,18.171272147004
2281.376,17.79306128,17.5433874127069,2281.376,18.03172919,18.1720825818964
2281.858,17.81883663,17.5442352763232,2281.858,18.03973157,18.1728924144175
2282.34,17.82219689,17.5450821787821,2282.34,18.03303157,18.1737016440048
2282.823,17.8274386,17.5459298735159,2282.823,18.04957074,18.1745119471176
2283.305,17.82689838,17.5467748497729,2283.305,18.04742496,18.1753199679041
2283.787,17.83018877,17.5476188629882,2283.787,18.06628113,18.1761273840805
2284.269,17.85492013,17.5484619125413,2284.269,18.06270049,18.1769341950924
2284.751,17.85001589,17.5493039978149,2284.751,18.07736906,18.1777404003877
2285.233,17.84467315,17.5501451181954,2285.233,18.0793393,18.1785459994163
2285.715,17.85235993,17.5509852730726,2285.715,18.08623407,18.1793509916301
2286.197,17.87487472,17.5518244618398,2286.197,18.09733402,18.1801553764833
2286.679,17.86285971,17.5526626838939,2286.679,18.11513733,18.1809591534319
2287.162,17.87087573,17.5535016746723,2287.162,18.09693521,18.1817639876262
2287.644,17.87991652,17.5543379594958,2287.644,18.1289745,18.1825665458787
2288.126,17.88473314,17.5551732758166,2288.126,18.11907926,18.1833684946067
2288.608,17.87772706,17.5560076230454,2288.608,18.1051134,18.1841698332748
2289.09,17.87349381,17.5568410005967,2289.09,18.13675794,18.1849705613496
2289.572,17.89124265,17.5576734078884,2289.572,18.12583344,18.1857706782999
2290.054,17.89699181,17.558504844342,2290.054,18.11766266,18.1865701835967
2290.536,17.90682144,17.5593353093825,2290.536,18.11737758,18.187369076713
2291.019,17.90556023,17.5601665223675,2291.019,18.1375723,18.1881690126702
2291.5,17.91191806,17.5609933229417,2291.5,18.11561305,18.1889650243071
2291.983,17.92486744,17.5618225862194,2291.983,18.11941936,18.189763730741
2292.465,17.9202042,17.5626491579072,2292.465,18.1283515,18.1905601686336
2292.947,17.94597351,17.5634747553588,2292.947,18.12796214,18.1913559917418
2293.429,17.94948681,17.5642993780203,2293.429,18.1297028,18.1921511995515
2293.911,17.95846326,17.5651230253416,2293.911,18.12545463,18.1929457915508
2294.393,17.95353791,17.5659456967759,2294.393,18.10819152,18.1937397672299
2294.875,17.96553197,17.5667673917801,2294.875,18.1129471,18.194533126081
2295.357,17.96306576,17.5675881098147,2295.357,18.13454447,18.1953258675986
2295.84,17.98877395,17.5684095500337,2295.84,18.13130573,18.196119634047
2296.322,17.98376827,17.569228310495,2296.322,18.13356452,18.1969111381066
2296.804,17.99525103,17.5700460923882,2296.804,18.12797806,18.197702023328
2297.286,18.00676838,17.5708628951882,2297.286,18.11593206,18.1984922892147
2297.768,18.01451512,17.5716787183731,2297.768,18.13681051,18.1992819352718
2298.25,18.01020248,17.5724935614248,2298.25,18.13228677,18.200070961007
2298.732,18.01792602,17.5733074238287,2298.732,18.14975754,18.2008593659299
2299.214,18.02567306,17.5741203050739,2299.214,18.14691448,18.2016471495524
2299.697,18.02074148,17.574933888071,2299.697,18.16532252,18.2024359438578
2300.179,18.00917688,17.5757448034417,2300.179,18.15771346,18.2032224821325
2300.661,18.02189107,17.576554736141,2300.661,18.17014007,18.2040083976548
2301.143,18.03104634,17.5773636856723,2301.143,18.16137255,18.2047936899452
2301.625,18.04101655,17.5781716515425,2301.625,18.19784894,18.2055783585267
2302.107,18.03973613,17.5789786332621,2302.107,18.18559095,18.2063624029243
2302.589,18.03729839,17.5797846303452,2302.589,18.21705656,18.2071458226655
2303.071,18.04475752,17.5805896423095,2303.071,18.20136407,18.2079286172797
2303.553,18.06417673,17.5813936686764,2303.553,18.18507083,18.2087107862986
2304.036,18.06000271,17.582198374004,2304.036,18.1801839,18.2094939500636
2304.518,18.04728415,17.583000425707,2304.518,18.20638683,18.2102748651958
2305,18.07167855,17.583801490397,2305,18.20753431,18.2110551533405
2305.482,18.06048981,17.5846015676097,2305.482,18.17683915,18.2118348140382
2305.964,18.07700891,17.5854006568846,2305.964,18.18921822,18.2126138468318
2306.446,18.07363178,17.5861987577644,2306.446,18.17339496,18.2133922512665
2306.928,18.07333266,17.5869958697959,2306.928,18.19495019,18.2141700268895
2307.41,18.08223239,17.5877919925291,2307.41,18.17153426,18.2149471732506
2307.893,18.09297798,17.5885887741421,2307.893,18.17293526,18.2157253002771
2308.375,18.09201948,17.589382914889,2308.375,18.1777256,18.2165011854642
2308.857,18.0895416,17.5901760650088,2308.857,18.18390362,18.2172764400507
2309.339,18.10790967,17.5909682240664,2309.339,18.20254621,18.2180510635953
2309.821,18.10025105,17.5917593916298,2309.821,18.19875219,18.2188250556587
2310.303,18.1087118,17.5925495672712,2310.303,18.2126667,18.2195984158042
2310.785,18.09429577,17.5933387505659,2310.785,18.23222102,18.2203711435971
2311.267,18.08390585,17.5941269410931,2311.267,18.23466428,18.2211432386052
2311.75,18.10230991,17.5949157705925,2311.75,18.24345761,18.2219163002828
2312.232,18.09675535,17.5957019722749,2312.232,18.2535371,18.2226871271181
2312.714,18.10028815,17.5964871799483,2312.714,18.27877839,18.2234573198842
2313.196,18.10949141,17.5972713932064,2313.196,18.31221523,18.2242268781579
2313.678,18.12286684,17.5980546116464,2313.678,18.31901273,18.2249958015183
2314.16,18.10743591,17.5988368348695,2314.16,18.3238781,18.2257640895467
2314.642,18.12038745,17.5996180624801,2314.642,18.35946777,18.2265317418268
2315.124,18.11609921,17.6003982940867,2315.124,18.3368571,18.2272987579444
2315.606,18.10959912,17.601177529301,2315.606,18.36293041,18.2280651374877
2316.089,18.13252908,17.6019573813048,2316.089,18.38713777,18.2288324680624
2316.571,18.11386321,17.6027346205158,2316.571,18.38288083,18.2295975719082
2317.053,18.14453759,17.6035108621915,2317.053,18.37938654,18.2303620379574
2317.535,18.13215826,17.6042861059583,2317.535,18.39253175,18.2311258658073
2318.017,18.15521013,17.6050603514465,2318.017,18.40481389,18.2318890550577
2318.499,18.12764119,17.6058335982899,2318.499,18.38935041,18.2326516053105
2318.981,18.14812189,17.6066058461259,2318.981,18.41901363,18.2334135161701
2319.463,18.14982012,17.6073770945957,2319.463,18.40215829,18.2341747872432
2319.946,18.16089582,17.6081489403311,2319.946,18.40553071,18.2349369955454
2320.427,18.13013738,17.6089165920196,2320.427,18.41560264,18.235695408468
2320.91,18.15284706,17.6096864331102,2320.91,18.41767889,18.2364563325918
2321.392,18.16364912,17.6104536785233,2321.392,18.43385286,18.2372150393007
2321.874,18.15583735,17.6112199228301,2321.874,18.40375696,18.2379731042904
2322.356,18.17369168,17.6119851656938,2322.356,18.40173545,18.2387305271814
2322.838,18.15432854,17.6127494067812,2322.838,18.42012398,18.2394873075967
2323.32,18.15603095,17.6135126457628,2323.32,18.4098496,18.2402434451616
2323.802,18.14307185,17.6142748823127,2323.802,18.37886018,18.2409989395037
2324.284,18.15643138,17.6150361161086,2324.284,18.37602446,18.2417537902528
2324.767,18.16142292,17.6157979230315,2324.767,18.36668264,18.2425095611161
2325.249,18.14036983,17.6165571482858,2325.249,18.37750446,18.2432631222415
2325.731,18.15512007,17.617315369841,2325.731,18.36545535,18.2440160386772
2326.213,18.14168132,17.6180725873897,2326.213,18.37083369,18.2447683100625
2326.695,18.15209534,17.6188288006281,2326.695,18.36375841,18.245519936039
2327.177,18.12943458,17.619584009256,2327.177,18.35747541,18.2462709162509
2327.659,18.12954636,17.6203382129771,2327.659,18.35082607,18.2470212503445
2328.141,18.11925633,17.6210914114985,2328.141,18.35402299,18.2477709379686
2328.624,18.13747627,17.6218451640522,2328.624,18.36461489,18.2485215321283
2329.106,18.11552946,17.6225963492237,2329.106,18.36710949,18.249269924426
2329.588,18.10221659,17.6233465283388,2329.588,18.3503781,18.2500176692139
2330.07,18.1206709,17.6240957011195,2330.07,18.38002867,18.2507647661503
2330.552,18.12088225,17.6248438672914,2330.552,18.37903399,18.2515112148957
2331.034,18.09257916,17.6255910265839,2331.034,18.37482831,18.2522570151132
2331.516,18.12424381,17.62633717873,2331.516,18.36217869,18.2530021664679
2331.998,18.09716342,17.6270823234665,2331.998,18.35744531,18.2537466686277
2332.48,18.11135197,17.6278264605337,2332.48,18.36839976,18.2544905212626
2332.963,18.13814161,17.6285711303897,2332.963,18.359006,18.2552352652839
2333.445,18.12604229,17.6293132492626,2333.445,18.3317741,18.2559778165396
2333.927,18.14289271,17.6300543597092,2333.927,18.33933211,18.2567197172944
2334.409,18.12781134,17.6307944614848,2334.409,18.34511892,18.2574609672279
2334.891,18.15816583,17.631533554348,2334.891,18.35677412,18.2582015660221
2335.373,18.1535896,17.6322716380617,2335.373,18.34111281,18.2589415133615
2335.855,18.15325836,17.633008712392,2335.855,18.37697601,18.2596808089327
2336.337,18.14257661,17.633744777109,2336.337,18.37982676,18.2604194524252
2336.82,18.12866869,17.6344813559465,2336.82,18.40768651,18.2611589739539
2337.302,18.15055024,17.6352153986657,2337.302,18.42047976,18.2618963110114
2337.784,18.14389288,17.6359484311032,2337.784,18.45305681,18.2626329950714
2338.266,18.11885191,17.6366804530438,2338.266,18.48008512,18.2633690258328
2338.748,18.11728017,17.637411464276,2338.748,18.48121111,18.2641044029967
2339.23,18.09870749,17.6381414645919,2339.23,18.48982559,18.2648391262669
2339.712,18.11960075,17.6388704537876,2339.712,18.51721,18.2655731953493
2340.194,18.10041782,17.6395984316624,2340.194,18.50340121,18.2663066099524
2340.677,18.0566422,17.6403269051971,2340.677,18.50593474,18.2670408893548
2341.159,18.06968305,17.6410528577448,2341.159,18.49837992,18.2677729927749
2341.641,18.05217728,17.6417777983923,2341.641,18.48800989,18.2685044408549
2342.123,18.03970064,17.6425017269541,2342.123,18.49079867,18.269235233313
2342.605,18.02624809,17.6432246432482,2342.605,18.47563373,18.2699653698697
2343.087,18.04438207,17.6439465470964,2343.087,18.47821151,18.2706948502479
2343.569,18.04492693,17.6446674383243,2343.569,18.46425481,18.271423674173
2344.051,18.03838503,17.6453873167611,2344.051,18.45226527,18.2721518413728
2344.533,18.02962889,17.6461061822397,2344.533,18.48151021,18.2728793515776
2345.016,18.03262857,17.6468255228638,2345.016,18.45939612,18.2736077118302
2345.498,18.05319811,17.6475423598373,2345.498,18.48197873,18.2743339058809
2345.98,18.05837241,17.6482581833733,2345.98,18.47659736,18.2750594421413
2346.462,18.04204196,17.6489729933196,2346.462,18.47943416,18.2757843203513
2346.944,18.06237507,17.6496867895277,2346.944,18.49187981,18.2765085402534
2347.426,18.04721967,17.6503995718527,2347.426,18.48168246,18.2772321015924
2347.908,18.05677001,17.6511113401536,2347.908,18.47479368,18.2779550041155
2348.39,18.05951313,17.6518220942929,2348.39,18.47223466,18.2786772475726
2348.873,18.0340482,17.6525333055717,2348.873,18.47763709,18.2794003280927
2349.354,18.02716616,17.6532405595557,2349.354,18.46682526,18.2801197562994
2349.837,18.04175085,17.653949737648,2349.837,18.48694458,18.2808415147201
2350.319,18.02824599,17.6546564317359,2350.319,18.46553055,18.2815611180892
2350.801,18.02645841,17.6553621110306,2350.801,18.45300836,18.2822800611768
2351.283,18.01204515,17.6560667754169,2351.283,18.47884108,18.2829983437475
2351.765,18.01787109,17.6567704247834,2351.765,18.44087483,18.283715965568
2352.247,18.01555923,17.6574730590225,2352.247,18.47484202,18.2844329264078
2352.729,18.01449944,17.6581746780299,2352.729,18.45476716,18.2851492260385
2353.211,17.99186776,17.6588752817056,2353.211,18.44057797,18.2858648642343
2353.694,18.0001702,17.6595763203251,2353.694,18.44780963,18.2865813234378
2354.176,17.98903686,17.660274890944,2354.176,18.46056304,18.2872956367229
2354.658,17.98575795,17.6609724459522,2354.658,18.46587462,18.2880092879101
2355.14,17.96828263,17.6616689852642,2355.14,18.46800544,18.2887222767834
2355.622,17.94245454,17.6623645087984,2355.622,18.47742578,18.2894346031293
2356.104,17.93858284,17.6630590164765,2356.104,18.47288875,18.2901462667368
2356.586,17.93450754,17.6637525082244,2356.586,18.47220414,18.2908572673973
2357.068,17.91511413,17.6644449839713,2357.068,18.48881358,18.2915676049047
2357.551,17.90421779,17.6651378771578,2357.551,18.50633628,18.2922787507188
2358.033,17.88972624,17.6658283185976,2358.033,18.48741445,18.2929877599347
2358.515,17.88739301,17.6665177438467,2358.515,18.49893731,18.2936961053937
2358.997,17.86624207,17.6672061528493,2358.997,18.47337905,18.2944037868996
2359.479,17.88037626,17.6678935455533,2359.479,18.46640322,18.2951108042585
2359.961,17.87192993,17.6685799219104,2359.961,18.44861651,18.2958171572792
2360.443,17.87202976,17.6692652818758,2360.443,18.45782686,18.2965228457729
2360.925,17.8677842,17.6699496254087,2360.925,18.47057424,18.2972278695533
2361.407,17.87627582,17.6706329524718,2361.407,18.46043689,18.2979322284365
2361.89,17.870376,17.6713166775569,2361.89,18.50072619,18.2986373814954
2362.372,17.88396042,17.6719979694743,2362.372,18.50687701,18.2993404086623
2362.854,17.87417527,17.6726782448323,2362.854,18.53565889,18.300042770395
2363.336,17.87014659,17.6733575036085,2363.336,18.56287989,18.3007444665196
2363.818,17.86786327,17.674035745784,2363.818,18.58027343,18.3014454968647
2364.3,17.87554256,17.674712971344,2364.3,18.58887503,18.3021458612612
2364.782,17.87975351,17.6753891802771,2364.782,18.57981798,18.3028455595428
2365.264,17.87437975,17.6760643725756,2365.264,18.55695981,18.3035445915454
2365.747,17.86189448,17.6767399458837,2365.747,18.53513989,18.3042444053058
2366.229,17.85887187,17.6774131027959,2366.229,18.53752513,18.3049421028853
2366.711,17.86484647,17.678085243073,2366.711,18.53325158,18.3056391337085
2367.193,17.84705383,17.6787563667222,2367.193,18.49062124,18.3063354976213
2367.675,17.83869584,17.6794264737544,2367.675,18.48779003,18.3070311944721
2368.157,17.84955285,17.6800955641841,2368.157,18.48943325,18.3077262241121
2368.639,17.83025705,17.6807636380296,2368.639,18.48466379,18.3084205863945
2369.121,17.81976211,17.681430695313,2369.121,18.46575114,18.3091142811753
2369.604,17.80247912,17.6820981168306,2369.604,18.46738952,18.3098087454344
2370.086,17.80803842,17.6827631389616,2370.086,18.47474634,18.3105011034042
2370.568,17.80590213,17.6834271446187,2370.568,18.49061512,18.3111927934549
2371.05,17.79400133,17.6840901338387,2371.05,18.4963322,18.3118838154524
2371.532,17.79253579,17.6847521066621,2371.532,18.48770939,18.3125741692651
2372.014,17.79987968,17.685413063133,2372.014,18.50125191,18.3132638547639
2372.496,17.80227791,17.6860730032994,2372.496,18.54543614,18.3139528718222
2372.978,17.80906017,17.6867319272128,2372.978,18.52293119,18.314641220316
2373.46,17.8084355,17.6873898349284,2373.46,18.53600677,18.3153289001236
2373.943,17.82072974,17.6880480882946,2373.943,18.54332935,18.3160173357646
2374.425,17.81840838,17.6887039616873,2374.425,18.55202766,18.3167036764572
2374.907,17.82374316,17.6893588190704,2374.907,18.54859086,18.3173893481136
2375.389,17.81579192,17.6900126605137,2375.389,18.5521893,18.3180743506222
2375.871,17.82865062,17.6906654860911,2375.871,18.54531038,18.3187586838739
2376.353,17.81546782,17.69131729588,2376.353,18.56739109,18.3194423477623
2376.835,17.81311932,17.6919680899613,2376.835,18.55585741,18.3201253421831
2377.317,17.81203345,17.69261786842,2377.317,18.56793893,18.3208076670348
2377.799,17.81612417,17.6932666313444,2377.799,18.55456013,18.3214893222185
2378.281,17.79221817,17.6939143788267,2378.281,18.56424797,18.3221703076374
2378.764,17.80288739,17.6945624516752,2378.764,18.56461763,18.3228520339442
2379.246,17.79534093,17.6952081664581,2379.246,18.55636701,18.3235316781641
2379.728,17.78296457,17.6958528660977,2379.728,18.57007062,18.3242106523444
2380.21,17.78985704,17.6964965507006,2380.21,18.58005127,18.3248889563987
2380.692,17.78280551,17.6971392203776,2380.692,18.5823333,18.3255665902429
2381.174,17.7727613,17.6977808752427,2381.174,18.57039039,18.3262435537956
2381.656,17.74899322,17.6984215154139,2381.656,18.59905214,18.3269198469777
2382.138,17.75934496,17.6990611410128,2382.138,18.59193905,18.3275954697128
2382.621,17.75246014,17.6997010760295,2382.621,18.59870898,18.3282718215456
2383.103,17.75335265,17.7003386707587,2383.103,18.58539807,18.3289461017758
2383.585,17.73743024,17.7009752513026,2383.585,18.62313503,18.3296197113444
2384.067,17.73324274,17.7016108177974,2384.067,18.60568401,18.3302926501849
2384.549,17.70404402,17.702245370383,2384.549,18.63425018,18.3309649182335
2385.031,17.71683006,17.702878909203,2385.031,18.63384959,18.3316365154288
2385.513,17.69069588,17.7035114344046,2385.513,18.6611036,18.3323074417117
2385.995,17.69716788,17.7041429461388,2385.995,18.66506876,18.332977697026
2386.478,17.69799401,17.704774751595,2386.478,18.68035747,18.3336486697992
2386.96,17.69828452,17.7054042347599,2386.96,18.6803395,18.3343175816247
2387.442,17.6791768,17.7060327049325,2387.442,18.67744133,18.3349858223273
2387.924,17.67617272,17.7066601622783,2387.924,18.67844507,18.3356533918608
2388.406,17.69952971,17.7072866069664,2388.406,18.69463914,18.3363202901812
2388.888,17.68315477,17.7079120391699,2388.888,18.67753451,18.3369865172473
2389.37,17.67510682,17.7085364590653,2389.37,18.69910723,18.3376520730203
2389.852,17.66176575,17.7091598668326,2389.852,18.68940218,18.3383169574639
2390.334,17.64075907,17.7097822626559,2390.334,18.67273646,18.3389811705444
2390.817,17.66990638,17.7104049348494,2390.817,18.69084995,18.339646088175
2391.299,17.63189043,17.711025305252,2391.299,18.68033689,18.340308957045
2391.781,17.6363917,17.7116446642842,2391.781,18.65571446,18.3409711544656
2392.263,17.59998168,17.7122630121446,2392.263,18.67101723,18.3416326804131
2392.745,17.62171714,17.7128803490352,2392.745,18.67041374,18.3422935348663
2393.227,17.61072307,17.7134966751617,2393.227,18.64221337,18.3429537178067
2393.709,17.60151142,17.7141119907335,2393.709,18.65177179,18.3436132292179
2394.191,17.58361131,17.7147262959635,2394.191,18.65881645,18.3442720690865
2394.674,17.58037702,17.7153408624151,2394.674,18.66200791,18.3449316021977
2395.156,17.57585954,17.7159531455203,2395.156,18.65026543,18.3455890975568
2395.638,17.60144737,17.7165644189451,2395.638,18.63631062,18.3462459213473
2396.12,17.55692666,17.717174682917,2396.12,18.61862411,18.3469020735659
2396.602,17.55552054,17.7177839376672,2396.602,18.6303201,18.3475575542113
2397.084,17.55000797,17.7183921834306,2397.084,18.62741325,18.3482123632851
2397.566,17.54930767,17.7189994204455,2397.566,18.60802114,18.3488665007912
2398.048,17.54572126,17.719605648954,2398.048,18.60940742,18.3495199667362
2398.531,17.5467574,17.7202121237976,2398.531,18.60716164,18.3501741147762
2399.012,17.55585413,17.7208150814384,2399.012,18.60741094,18.3508248839814
2399.495,17.52315236,17.7214195363306,2399.495,18.5962771,18.3514776861678
2399.977,17.52452774,17.7220217312167,2399.977,18.59094473,18.3521284645903
2400.459,17.5165437,17.7226229188617,2400.459,18.58261171,18.352778571522
2400.941,17.50874238,17.7232230995292,2400.941,18.5859259,18.3534280069844
2401.423,17.50653978,17.7238222734868,2401.423,18.57533007,18.3540767710016
2401.905,17.49835598,17.7244204410053,2401.905,18.54994018,18.3547248636003
2402.387,17.50423982,17.7250176023595,2402.387,18.57555673,18.3553722848096
2402.869,17.48287223,17.7256137578275,2402.869,18.53617133,18.3560190346612
2403.352,17.47470894,17.7262101413968,2403.352,18.55679483,18.3566664529032
2403.834,17.45958567,17.7268042838562,2403.834,18.54702317,18.3573118587517
2404.316,17.46891959,17.7273974212864,2404.316,18.52269413,18.3579565933525
2404.798,17.45262459,17.7279895539799,2404.798,18.53771376,18.3586006567474
2405.28,17.44926498,17.7285806822332,2405.28,18.52621553,18.3592440489806
2405.762,17.44963421,17.7291708063458,2405.762,18.51143773,18.359886770099
2406.244,17.43238218,17.7297599266214,2406.244,18.52766872,18.3605288201516
2406.726,17.43450134,17.7303480433669,2406.726,18.50619624,18.3611701991904
2407.208,17.40956919,17.730935156893,2407.208,18.481579,18.3618109072695
2407.691,17.41341745,17.7315224824686,2407.691,18.48965879,18.3624522716263
2408.173,17.41094205,17.7321075884222,2408.173,18.46719111,18.3630916365673
2408.655,17.38261217,17.7326916921103,2408.655,18.47110266,18.3637303307267
2409.137,17.40646929,17.7332747938579,2409.137,18.46028772,18.3643683541688
2409.619,17.39204323,17.7338568939936,2409.619,18.44712814,18.3650057069604
2410.101,17.3710049,17.7344379928494,2410.101,18.44885199,18.365642389171
2410.583,17.39257231,17.735018090761,2410.583,18.44586836,18.3662784008723
2411.065,17.36224013,17.7355971880677,2411.065,18.42776462,18.3669137421386
2411.548,17.35543435,17.7361764834442,2411.548,18.41710015,18.3675497290948
2412.03,17.3374244,17.7367535784989,2412.03,18.41405224,18.368183728334
2412.512,17.33119205,17.7373296739885,2412.512,18.41260096,18.3688170573766
2412.994,17.34474925,17.7379047702667,2412.994,18.40395202,18.3694497163069
2413.476,17.32439634,17.7384788676904,2413.476,18.3874125,18.370081705212
2413.958,17.34779412,17.7390519666203,2413.958,18.37064395,18.3707130241811
2414.44,17.33323805,17.7396240674207,2414.44,18.36806589,18.3713436733063
2414.922,17.32143434,17.7401951704592,2414.922,18.35303812,18.3719736526818
2415.405,17.32184248,17.7407664578625,2415.405,18.34841169,18.3726042673305
2415.887,17.30595468,17.7413355644267,2415.887,18.34084911,18.3732329061112
2416.369,17.2893358,17.7419036743544,2416.369,18.33957698,18.3738608754407
2416.851,17.30185123,17.7424707880275,2416.851,18.33812753,18.3744881754236
2417.333,17.28934793,17.7430369058316,2417.333,18.33312808,18.3751148061667
2417.815,17.28154275,17.7436020281557,2417.815,18.31699194,18.3757407677795
2418.297,17.27345719,17.7441661553924,2418.297,18.32859892,18.3763660603739
2418.779,17.27952392,17.7447292879377,2418.779,18.3170201,18.3769906840643
2419.261,17.25580458,17.7452914261912,2419.261,18.29753854,18.3776146389677
2419.744,17.26528586,17.7458537337233,2419.744,18.2882151,18.3782392176335
2420.226,17.28118308,17.7464138825457,2420.226,18.27657508,18.3788618339367
2420.708,17.24914919,17.7469730382973,2420.708,18.28638596,18.3794837818189
2421.19,17.25202821,17.7475312013918,2421.19,18.28891048,18.380105061407
2421.672,17.2604861,17.7480883722465,2421.672,18.26562333,18.3807256728304
2422.154,17.2528932,17.7486445512822,2422.154,18.25191475,18.381345616221
2422.636,17.21704606,17.7491997389231,2422.636,18.26620484,18.3819648917133
2423.118,17.22033793,17.7497539355971,2423.118,18.26396172,18.3825834994441
2423.601,17.22661451,17.7503082884366,2423.601,18.2428073,18.3832027208923
2424.083,17.20520829,17.7508605024205,2424.083,18.23597404,18.3838199921361
2424.565,17.2175949,17.7514117267427,2424.565,18.23467531,18.3844365960443
2425.047,17.20366719,17.7519619618452,2425.047,18.23610461,18.3850525327638
2425.529,17.1970007,17.7525112081732,2425.529,18.20653462,18.385667802444
2426.011,17.20923886,17.7530594661756,2426.011,18.20284066,18.3862824052366
2426.493,17.21738363,17.7536067363047,2426.493,18.1980941,18.3868963412961
2426.975,17.1914254,17.7541530190162,2426.975,18.1796493,18.3875096107791
2427.458,17.20516435,17.7546994450629,2427.458,18.20375918,18.3881234841131
2427.939,17.19568533,17.7552426240273,2427.939,18.18800093,18.3887341506555
2428.422,17.18818362,17.7557870734579,2428.422,18.16405247,18.3893466888792
2428.904,17.18156926,17.7563294090828,2428.904,18.15196817,18.3899572922929
2429.386,17.18536277,17.7568707596224,2429.386,18.15077624,18.3905672299518
2429.868,17.19363064,17.7574111255533,2429.868,18.15338119,18.3911765020276
2430.35,17.1810458,17.7579505073558,2430.35,18.14013085,18.3917851086945
2430.832,17.19698655,17.7584889055134,2430.832,18.1397582,18.3923930501291
2431.314,17.1840212,17.7590263205132,2431.314,18.12231224,18.3930003265106
2431.796,17.17044315,17.7595627528458,2431.796,18.12346817,18.3936069380206
2432.279,17.15902644,17.760099312877,2432.279,18.12275021,18.3942141413034
2432.761,17.1659504,17.7606337793245,2432.761,18.12976146,18.3948194222466
2433.243,17.14984547,17.7611672645981,2433.243,18.12053171,18.3954240388783
2433.725,17.16321633,17.7616997692023,2433.725,18.11638716,18.3960279913901
2434.207,17.15273057,17.7622312936448,2434.207,18.09793783,18.3966312799758
2434.689,17.16638017,17.7627618384369,2434.689,18.07724332,18.397233904832
2435.171,17.15050912,17.7632914040933,2435.171,18.0919501,18.3978358661576
2435.653,17.14899046,17.7638199911321,2435.653,18.08215663,18.3984371641539
2436.135,17.14152419,17.7643476000749,2436.135,18.07599323,18.3990377990247
2436.618,17.16432342,17.7648753230271,2436.618,18.06758146,18.3996390150425
2437.1,17.13499286,17.7654009753298,2437.1,18.05456927,18.4002383229091
2437.582,17.12339199,17.7659256511228,2437.582,18.05951063,18.400836968277
2438.064,17.12882573,17.7664493509414,2438.064,18.03470484,18.4014349513599
2438.546,17.11566869,17.7669720753244,2438.546,18.03987138,18.402032272374
2439.028,17.13716575,17.7674938248138,2439.028,18.02349724,18.4026289315377
2439.51,17.15439957,17.7680145999552,2439.51,18.03858853,18.4032249290723
2439.992,17.14235066,17.7685344012974,2439.992,18.01859498,18.4038202652012
2440.475,17.14419997,17.7690543047883,2440.475,18.01507167,18.4044161732287
2440.957,17.12281797,17.7695721581753,2440.957,18.00757583,18.4050101858556
2441.439,17.1295946,17.7700890394314,2441.439,18.00807033,18.4056035377625
2441.921,17.12881729,17.7706049491194,2441.921,17.97902458,18.4061962291829
2442.403,17.11114879,17.771119887805,2442.403,17.99829317,18.4067882603525
2442.885,17.10890444,17.7716338560577,2442.885,17.97798268,18.4073796315095
2443.367,17.1084134,17.7721468544501,2443.367,17.99853733,18.4079703428946
2443.849,17.12625101,17.7726588835584,2443.849,17.97368322,18.4085603947509
2444.332,17.11447965,17.7731710032466,2444.332,17.96438352,18.409151009445
2444.814,17.11060953,17.7736810935204,2444.814,17.95410869,18.4097397416158
2445.296,17.10941819,17.7741902162597,2445.296,17.96914801,18.4103278150023
2445.778,17.09267491,17.7746983720541,2445.778,17.95105598,18.4109152298575
2446.26,17.12457597,17.7752055614967,2446.26,17.95025412,18.4115019864366
2446.742,17.11677662,17.7757117851838,2446.742,17.95233482,18.4120880849975
2447.224,17.09309302,17.7762170437149,2447.224,17.94374868,18.4126735258002
2447.706,17.12557421,17.7767213376933,2447.706,17.94007752,18.4132583091075
2448.188,17.0981284,17.7772246677251,2448.188,17.93529871,18.4138424351843
2448.671,17.09111165,17.7777280756739,2448.671,17.94023384,18.4144271141323
2449.153,17.09502449,17.7782294776487,2449.153,17.91747695,18.4150099251911
2449.635,17.09400869,17.7787299175176,2449.635,17.91479383,18.4155920798297
2450.117,17.09742727,17.7792293959004,2450.117,17.92008946,18.416173578323
2450.599,17.11407249,17.7797279134201,2450.599,17.91480024,18.4167544209481
2451.081,17.08079592,17.7802254707031,2451.081,17.92760447,18.4173346079848
2451.563,17.10788145,17.7807220683794,2451.563,17.90716586,18.4179141397149
2452.045,17.09208079,17.7812177070818,2452.045,17.90499016,18.418493016423
2452.528,17.0820684,17.781713412759,2452.528,17.89550916,18.4190724373463
2453.01,17.12285841,17.7822071334402,2453.01,17.8805514,18.4196500035159
2453.492,17.09710599,17.7826998970682,2453.492,17.90827748,18.420226915532
2453.974,17.09552412,17.7831917042892,2453.974,17.90296445,18.4208031736886
2454.456,17.09650123,17.783682555753,2454.456,17.89818193,18.4213787782823
2454.938,17.09304104,17.7841724521126,2454.938,17.88236623,18.4219537296121
2455.42,17.08618384,17.7846613940241,2455.42,17.89225425,18.4225280279793
2455.902,17.10463615,17.7851493821471,2455.902,17.88383895,18.4231016736875
2456.385,17.09734529,17.7856374266003,2456.385,17.88551166,18.4236758551481
2456.867,17.12105788,17.7861235071629,2456.867,17.89379497,18.4242481951071
2457.349,17.10481578,17.7866086359368,2457.349,17.89275204,18.4248198833335
2457.831,17.10790874,17.7870928135948,2457.831,17.89716711,18.4253909201407
2458.313,17.11205384,17.7875760408128,2458.313,17.8872891,18.4259613058445
2458.795,17.10235536,17.7880583182701,2458.795,17.87131369,18.426531040763
2459.277,17.11606851,17.7885396466492,2459.277,17.86567191,18.4271001252168
2459.759,17.13627979,17.7890200266358,2459.759,17.8838442,18.4276685595288
2460.241,17.12065469,17.7894994589191,2460.241,17.88413266,18.4282363440243
2460.724,17.12081518,17.7899789359155,2460.724,17.87050828,18.4288046549848
2461.206,17.1407161,17.7904564729097,2461.206,17.87300159,18.4293711394864
2461.688,17.12622296,17.7909330642887,2461.688,17.87222721,18.4299369751626
2462.17,17.14645385,17.7914087107546,2462.17,17.85739577,18.4305021623482
2462.652,17.14527469,17.7918834130126,2462.652,17.85253376,18.4310667013805
2463.134,17.13879765,17.7923571717713,2463.134,17.86451012,18.431630592599
2463.616,17.14424557,17.7928299877424,2463.616,17.8448596,18.4321938363458
2464.098,17.14057435,17.7933018616411,2464.098,17.839135,18.4327564329653
2464.581,17.14649039,17.7937737702459,2464.581,17.86056192,18.4333195480031
2465.062,17.13222447,17.794242786097,2465.062,17.86309306,18.4338796862116
2465.545,17.13349492,17.7947128102609,2465.545,17.85594993,18.4344415060572
2466.027,17.13857364,17.7951809211363,2466.027,17.85388312,18.4350015163192
2466.509,17.16293554,17.7956480935641,2466.509,17.85505912,18.4355608812121
2466.991,17.13516825,17.7961143282786,2466.991,17.85354715,18.4361196010945
2467.473,17.14809339,17.7965796260173,2467.473,17.84281947,18.4366776763273
2467.955,17.15272482,17.7970439875209,2467.955,17.85062355,18.4372351072737
2468.438,17.13641938,17.7975083740262,2468.438,17.82628482,18.4377930487903
2468.919,17.14572834,17.7979699048017,2468.919,17.84181193,18.4383480377729
2469.402,17.12997284,17.7984324186936,2469.402,17.84304309,18.4389046898858
2469.884,17.1390995,17.7988930407925,2469.884,17.82990756,18.4394595460341
2470.366,17.1715471,17.7993527304093,2470.366,17.81385441,18.4400137597488
2470.848,17.16772541,17.7998114883038,2470.848,17.83492698,18.4405673314073
2471.33,17.15590596,17.8002693152391,2471.33,17.82184407,18.4411202613893
2471.812,17.17819266,17.8007262119812,2471.812,17.82112033,18.441672550077
2472.294,17.17918303,17.8011821792996,2472.294,17.83492129,18.4422241978548
2472.776,17.17392662,17.8016372179666,2472.776,17.84483095,18.4427752051095
2473.259,17.18914636,17.8020922699326,2473.259,17.82908952,18.4433267134056
2473.741,17.19189769,17.8025454517045,2473.741,17.82996821,18.443876439457
2474.223,17.19567509,17.802997707163,2474.223,17.83267476,18.4444255261604
2474.705,17.23771535,17.8034490370933,2474.705,17.84583852,18.4449739739121
2475.187,17.21288965,17.8038994422836,2475.187,17.84240075,18.4455217831105
2475.669,17.23944559,17.8043489235251,2475.669,17.81681256,18.4460689541564
2476.151,17.25046339,17.8047974816125,2476.151,17.85375149,18.4466154874528
2476.633,17.24428702,17.8052451173432,2476.633,17.83841919,18.4471613834051
2477.115,17.23211383,17.8056918315179,2477.115,17.83464063,18.4477066424212
2477.598,17.2619275,17.8061385488667,2477.598,17.83243788,18.4482523941719
2478.08,17.26261419,17.8065834204364,2478.08,17.83960263,18.4487963792286
2478.562,17.26133597,17.8070273728728,2478.562,17.82735032,18.4493397285869
2479.044,17.29342958,17.8074704069889,2479.044,17.83357728,18.4498824426639
2479.526,17.28723663,17.8079125236009,2479.526,17.83376227,18.4504245218789
2480.008,17.27857304,17.8083537235283,2480.008,17.81766122,18.4509659666535
2480.49,17.29463218,17.8087940075934,2480.49,17.84338919,18.4515067774115
2480.972,17.28492621,17.8092333766218,2480.972,17.84369415,18.4520469545792
2481.455,17.28620227,17.8096727401497,2481.455,17.84675128,18.4525876173132
2481.937,17.28942319,17.8101102796994,2481.937,17.85127399,18.4531265272758
2482.419,17.28120751,17.8105469067091,2482.419,17.86193295,18.4536648049414
2482.901,17.29194878,17.8109826220167,2482.901,17.84339358,18.4542024507454
2483.383,17.29609763,17.811417426463,2483.383,17.85329158,18.4547394651254
2483.865,17.30131933,17.811851320892,2483.865,17.87651248,18.4552758485214
2484.347,17.30611925,17.8122843061505,2484.347,17.86595021,18.4558116013757
2484.829,17.29045528,17.8127163830888,2484.829,17.84740025,18.4563467241327
2485.312,17.31341634,17.8131484461596,2485.312,17.86823369,18.456882325492
2485.794,17.32046315,17.8135787071395,2485.794,17.86578085,18.4574161880923
2486.276,17.34444756,17.8140080623692,2486.276,17.85407852,18.4579494219436
2486.758,17.32986881,17.8144365127109,2486.758,17.86701049,18.4584820274995
2487.24,17.3640574,17.8148640590299,2487.24,17.85982564,18.4590140052158
2487.722,17.35597666,17.8152907021943,2487.722,17.85157167,18.4595453555508
2488.204,17.34053189,17.8157164430755,2488.204,17.87543153,18.4600760789648
2488.686,17.35183766,17.8161412825477,2488.686,17.87011311,18.4606061759206
2489.168,17.36705273,17.8165652214881,2489.168,17.87903266,18.461135646883
2489.651,17.38700139,17.8169891375174,2489.651,17.87150082,18.4616655888592
2490.133,17.39071767,17.8174112761746,2490.133,17.87268726,18.4621938079426
2490.615,17.39735976,17.8178325169517,2490.615,17.87271844,18.462721402442
2491.097,17.39135815,17.818252860738,2491.097,17.87674692,18.4632483728315
2491.579,17.40230705,17.8186723084257,2491.579,17.90504494,18.4637747195872
2492.061,17.40554182,17.8190908609102,2492.061,17.88671937,18.4643004431875
2492.543,17.40414813,17.8195085190896,2492.543,17.89684019,18.4648255441131
2493.025,17.43151918,17.8199252838651,2493.025,17.90791359,18.4653500228471
2493.508,17.42237313,17.8203420180192,2493.508,17.9145154,18.4658749660688
2493.99,17.43524743,17.8207569968534,2493.99,17.89113668,18.4663982005887
2494.472,17.43675449,17.8211710850069,2494.472,17.91394046,18.46692081438
2494.954,17.4393684,17.8215842833926,2494.954,17.92548844,18.4674428079347
2495.436,17.44782568,17.8219965929266,2495.436,17.89368362,18.4679641817468
2495.918,17.43036619,17.8224080145278,2495.918,17.90791609,18.4684849363126
2496.4,17.45703278,17.822818549118,2496.4,17.91604711,18.4690050721306
2496.882,17.46122688,17.8232281976219,2496.882,17.91149985,18.4695245897016
2497.365,17.4765983,17.8236378081045,2497.365,17.91118781,18.4700445654425
2497.846,17.46030387,17.8240448400847,2497.846,17.9261824,18.4705617721167
2498.329,17.4776119,17.82445267938,2498.329,17.906813,18.471080511328
2498.811,17.47482064,17.8248587910155,2498.811,17.90807011,18.4715975596847
2499.293,17.49609649,17.8252640212344,2499.293,17.91932845,18.4721139923323
2499.775,17.48439117,17.8256683709789,2499.775,17.93219217,18.4726298097848
2500.257,17.50315743,17.8260718411943,2500.257,17.93117304,18.4731450125583
2500.739,17.48372872,17.8264744328285,2500.739,17.9306109,18.4736596011713
2501.221,17.52780929,17.8268761468326,2501.221,17.93735849,18.4741735761444
2501.703,17.53632406,17.8272769841602,2501.703,17.94256284,18.4746869380002
2502.186,17.5312573,17.8276777746545,2502.186,17.93893048,18.4752007504225
2502.668,17.53564231,17.8280768596886,2502.668,17.94720652,18.4757128863517
2503.15,17.55186173,17.8284750709271,2503.15,17.94859814,18.4762244107462
2503.632,17.54908344,17.8288724093353,2503.632,17.94829503,18.4767353241374
2504.114,17.57866801,17.8292688758813,2504.114,17.95356744,18.4772456270591
2504.596,17.56227219,17.8296644715362,2504.596,17.9629861,18.4777553200471
2505.078,17.58051218,17.8300591972739,2505.078,17.96715025,18.4782644036394
2505.56,17.57634695,17.8304530540711,2505.56,17.97085,18.4787728783762
2506.042,17.57280929,17.8308460429074,2506.042,17.96663717,18.4792807447998
2506.525,17.58073048,17.8312389773954,2506.525,17.98046907,18.4797890552272
2507.007,17.61135305,17.8316302314641,2507.007,17.97449992,18.4802957054009
2507.489,17.61963844,17.8320206205295,2507.489,17.98892632,18.4808017489026
2507.971,17.62714277,17.8324101455826,2507.971,18.00197928,18.4813071862832
2508.453,17.60738128,17.8327988076169,2508.453,18.00817346,18.4818120180958
2508.935,17.6343599,17.833186607629,2508.935,18.0151709,18.4823162448957
2509.417,17.63386391,17.8335735466182,2509.417,18.04380973,18.4828198672403
2509.899,17.65660988,17.8339596255866,2509.899,18.04800529,18.4833228856892
2510.382,17.65770281,17.8343456438582,2510.382,18.05310263,18.4838263425323
2510.864,17.66300807,17.8347300040232,2510.864,18.05933629,18.4843281536269
2511.346,17.67428483,17.8351135071924,2511.346,18.07229978,18.4848293625184
2511.828,17.67587199,17.8354961543791,2511.828,18.07051177,18.4853299697749
2512.31,17.68221713,17.8358779465992,2512.31,18.08763796,18.4858299759666
2512.792,17.69064109,17.8362588848715,2512.792,18.0889355,18.4863293816658
2513.274,17.68261764,17.8366389702176,2513.274,18.07858537,18.486828187447
2513.756,17.71680518,17.8370182036618,2513.756,18.08645555,18.4873263938867
2514.239,17.71258493,17.8373973703732,2514.239,18.10960816,18.4878250333226
2514.721,17.72953196,17.8377749013352,2514.721,18.10072683,18.4883220415771
2515.203,17.73429207,17.8381515834866,2515.203,18.11495363,18.4888184522336
2515.685,17.72774193,17.8385274178627,2515.685,18.10252615,18.4893142658772
2516.167,17.74711472,17.8389024055016,2516.167,18.12495277,18.4898094830951
2516.649,17.73054389,17.839276547444,2516.649,18.14214109,18.4903041044763
2517.131,17.74113191,17.8396498447332,2517.131,18.11926068,18.4907981306122
2517.613,17.75644597,17.8400222984155,2517.613,18.10677072,18.4912915620963
2518.095,17.79723807,17.8403939095396,2518.095,18.12759528,18.4917843995238
2518.578,17.79329362,17.8407654475147,2518.578,18.12306802,18.492277664129
2519.06,17.79584283,17.8411353749373,2519.06,18.15420741,18.4927693140091
2519.542,17.79442167,17.8415044629668,2519.542,18.16116737,18.4932603716328
2520.024,17.81415488,17.8418727126627,2520.024,18.15371216,18.493750837604
2520.506,17.81086257,17.8422401250873,2520.506,18.15641727,18.4942407125287
2520.988,17.82074622,17.8426067013057,2520.988,18.17175512,18.4947299970146
2521.47,17.8108539,17.8429724423856,2521.47,18.17802295,18.4952186916718
2521.952,17.84055219,17.8433373493971,2521.952,18.17123054,18.4957067971125
2522.435,17.85768795,17.8437021778886,2522.435,18.17523396,18.4961953247849
2522.917,17.84960171,17.8440654182604,2522.917,18.19231437,18.4966822524174
2523.399,17.85069838,17.8444278277931,2523.399,18.19955012,18.4971685926832
2523.881,17.8525033,17.8447894075677,2523.881,18.20453861,18.4976543462024
2524.363,17.87675825,17.8451501586676,2524.363,18.19438724,18.4981395135975
2524.845,17.86708692,17.8455100821792,2524.845,18.22216186,18.4986240954927
2525.327,17.86845373,17.8458691791913,2525.327,18.22709,18.4991080925145
2525.809,17.88401731,17.8462274507952,2525.809,18.2286738,18.4995915052914
2526.292,17.88562951,17.846585638821,2526.292,18.24530966,18.5000753355679
2526.773,17.89672398,17.8469415221578,2526.773,18.24286494,18.5005565806343
2527.256,17.90050093,17.8472980614369,2527.256,18.26494217,18.501039243165
2527.738,17.90551486,17.8476530406731,2527.738,18.2622464,18.501520324081
2528.22,17.8998125,17.8480071999999,2528.22,18.26845617,18.5020008239261
2528.702,17.92252633,17.8483605405244,2528.702,18.28768446,18.5024807433408
2529.184,17.94239187,17.8487130633562,2529.184,18.28743765,18.5029600829678
2529.666,17.93152065,17.8490647696077,2529.666,18.28597884,18.5034388434516
2530.148,17.93659803,17.8494156603934,2530.148,18.29525843,18.503917025439
2530.63,17.97138243,17.849765736831,2530.63,18.31715053,18.5043946295786
2531.113,17.95727376,17.8501157238081,2531.113,18.3180329,18.5048726456038
2531.595,17.97254544,17.8504641732277,2531.595,18.30408781,18.5053490948061
2532.077,17.98061229,17.8508118116689,2532.077,18.3007522,18.5058249681198
2532.559,17.97985892,17.8511586402592,2532.559,18.33640322,18.5063002662014
2533.041,17.9897643,17.8515046601287,2533.041,18.32799036,18.5067749897097
2533.523,18.00544262,17.85184987241,2533.523,18.32619303,18.5072491393052
2534.005,18.00191321,17.8521942782385,2534.005,18.3554561,18.5077227156504
2534.487,18.02132231,17.8525378787516,2534.487,18.34972658,18.5081957194099
2534.969,18.00595864,17.8528806750897,2534.969,18.3738104,18.5086681512501
2535.452,18.02730209,17.8532233770912,2535.452,18.36613986,18.5091409902102
2535.934,18.03656908,17.8535645668473,2535.934,18.343518,18.5096122790363
2536.416,18.02156462,17.8539049558665,2536.416,18.3848771,18.5100829979559
2536.898,18.02567138,17.8542445452988,2536.898,18.39956778,18.5105531476434
2537.38,18.0257047,17.8545833362971,2537.38,18.36233997,18.511022728775
2537.862,18.01653593,17.8549213300164,2537.862,18.41286803,18.511491742029
2538.344,18.05247001,17.8552585276145,2538.344,18.40789787,18.5119601880857
2538.826,18.04181452,17.8555949302514,2538.826,18.41492899,18.5124280676272
2539.309,18.04734963,17.8559312345494,2539.309,18.45868447,18.5128963502805
2539.791,18.06019487,17.856266049111,2539.791,18.41699398,18.513363097674
2540.273,18.08073438,17.8566000722091,2540.273,18.4392758,18.5138292806118
2540.755,18.08403437,17.8569333050135,2540.755,18.46078897,18.5142948997839
2541.237,18.07877446,17.8572657486967,2541.237,18.47953734,18.514759955882
2541.719,18.08600299,17.8575974044334,2541.719,18.47657823,18.5152244496
2542.201,18.10442568,17.857928273401,2542.201,18.47997034,18.5156883816333
2542.683,18.10098019,17.858258356779,2542.683,18.48978201,18.5161517526797
2543.166,18.11150247,17.8585883381279,2543.166,18.49894037,18.516615523045
2543.648,18.13090186,17.8589168522518,2543.648,18.50515923,18.5170777730576
2544.13,18.1204338,17.8592445843422,2544.13,18.51454607,18.5175394641889
2544.612,18.1309901,17.8595715355882,2544.612,18.51973439,18.5180005971441
2545.094,18.15732329,17.8598977071817,2545.094,18.53592053,18.5184611726303
2545.576,18.14139027,17.8602231003167,2545.576,18.54462994,18.5189211913565
2546.058,18.14604738,17.8605477161897,2546.058,18.55557335,18.5193806540335
2546.54,18.1510221,17.8608715559994,2546.54,18.55746568,18.5198395613742
2547.022,18.16564931,17.8611946209472,2547.022,18.55055339,18.5202979140932
2547.505,18.17228018,17.8615175800872,2547.505,18.57270819,18.5207566621217
2547.987,18.17646791,17.8618390973227,2547.987,18.59316152,18.5212139066018
2548.469,18.17925611,17.8621598433164,2548.469,18.58974753,18.5216705986169
2548.951,18.20092678,17.862479819279,2548.951,18.60038513,18.5221267388891
2549.433,18.19323442,17.8627990264235,2549.433,18.58013263,18.5225823281425
2549.915,18.17591579,17.8631174659652,2549.915,18.63702627,18.5230373671029
2550.397,18.18544147,17.8634351391216,2550.397,18.60594573,18.523491856498
2550.879,18.19872966,17.8637520471128,2550.879,18.61404409,18.5239457970575
2551.362,18.19582395,17.8640688462681,2551.362,18.62687604,18.5244001295916
2551.844,18.18932514,17.8643842260167,2551.844,18.64295163,18.524852973541
2552.326,18.19834508,17.8646988442762,2552.326,18.63710046,18.5253052708559
2552.808,18.21036874,17.8650127022758,2552.808,18.6745633,18.5257570222735
2553.29,18.20141009,17.8653258012471,2553.29,18.6670478,18.5262082285324
2553.772,18.20862827,17.8656381424236,2553.772,18.65995586,18.5266588903733
2554.254,18.19579494,17.8659497270416,2554.254,18.67920172,18.5271090085387
2554.736,18.21805751,17.8662605563392,2554.736,18.68083444,18.5275585837727
2555.219,18.21309634,17.8665712740835,2555.219,18.67777663,18.5280085478622
2555.7,18.24566492,17.8668799539378,2555.7,18.69259879,18.5284561084328
2556.183,18.23195915,17.8671891641347,2556.183,18.70297355,18.5289049881538
2556.665,18.2273234,17.8674969830236,2556.665,18.71372484,18.5293523980219
2557.147,18.23344439,17.8678040528202,2557.147,18.71159247,18.5297992687088
2557.629,18.25941892,17.8681103747761,2557.629,18.74341691,18.5302456009695
2558.111,18.24714417,17.8684159501455,2558.111,18.74756361,18.5306913955609
2558.593,18.26461435,17.8687207801846,2558.593,18.75412665,18.5311366532417
2559.075,18.27884091,17.8690248661518,2559.075,18.74861586,18.5315813747724
2559.557,18.26568145,17.8693282093078,2559.557,18.73905119,18.5320255609153
2560.04,18.27155103,17.8696314379498,2560.04,18.75982597,18.532470132318
2560.522,18.25482431,17.8699332977398,2560.522,18.77702916,18.5329132488722
2561.004,18.28663891,17.8702344185166,2561.004,18.78007047,18.5333558323377
2561.486,18.29066641,17.8705348015496,2561.486,18.77215255,18.5337978834837
2561.968,18.30166621,17.8708344481104,2561.968,18.77850578,18.5342394030814
2562.45,18.29808498,17.8711333594728,2562.45,18.79691975,18.5346803919036
2562.932,18.29757042,17.8714315369129,2562.932,18.78348626,18.535120850725
2563.414,18.30427788,17.8717289817088,2563.414,18.80330376,18.535560780322
2563.896,18.31078976,17.8720256951408,2563.896,18.81821263,18.5360001814727
2564.379,18.31471526,17.8723222918067,2564.379,18.80325832,18.5364399649349
2564.861,18.32902476,17.8726175448497,2564.861,18.82440185,18.536878310442
2565.343,18.31467701,17.8729120703852,2565.343,18.81430343,18.5373161298492
2565.825,18.32160138,17.8732058697021,2565.825,18.81064796,18.5377534239418
2566.307,18.31957325,17.8734989440914,2566.307,18.8358607,18.5381901935063
2566.789,18.31433583,17.8737912948462,2566.789,18.81359502,18.5386264393315
2567.271,18.32064294,17.8740829232618,2567.271,18.84198595,18.5390621622074
2567.753,18.32326633,17.8743738306353,2567.753,18.83907044,18.5394973629262
2568.236,18.32665737,17.874664619568,2568.236,18.83802591,18.5399329435645
2568.718,18.3222615,17.8749540872687,2568.718,18.84899048,18.5403671012724
2569.2,18.34400797,17.8752428378346,2569.2,18.8591979,18.5408007392109
2569.682,18.33021479,17.8755308725715,2569.682,18.87841227,18.5412338581789
2570.164,18.34987696,17.875818192787,2570.164,18.88429356,18.5416664589767
2570.646,18.33647884,17.8761047997909,2570.646,18.8822138,18.5420985424065
2571.128,18.3347278,17.8763906948952,2571.128,18.89808237,18.5425301092723
2571.61,18.34963023,17.8766758794137,2571.61,18.87777301,18.5429611603795
2572.093,18.3381709,17.8769609441237,2572.093,18.90045884,18.5433925892291
2572.575,18.34186707,17.8772447099533,2572.575,18.91640764,18.5438226101767
2573.057,18.33762633,17.8775277691539,2573.057,18.91379089,18.5442521177941
2573.539,18.33542875,17.8778101230476,2573.539,18.93990673,18.5446811128935
2574.021,18.34979184,17.8780917729585,2574.021,18.9297654,18.5451095962889
2574.503,18.34940525,17.8783727202127,2574.503,18.93881026,18.5455375687957
2574.985,18.35460299,17.8786529661383,2574.985,18.94362513,18.5459650312312
2575.467,18.35917738,17.8789325120654,2575.467,18.95261182,18.5463919844143
2575.949,18.32816307,17.8792113593262,2575.949,18.9457346,18.5468184291653
2576.432,18.35167151,17.8794900856053,2576.432,18.9484874,18.5472452494665
2576.914,18.35039732,17.8797675380951,2576.914,18.95563797,18.5476706787712
2577.396,18.35663822,17.8800442959295,2577.396,18.97783239,18.5480956021169
2577.878,18.3407635,17.8803203604487,2577.878,18.96543969,18.5485200203307
2578.36,18.3554476,17.8805957329946,2578.36,18.97454019,18.5489439342412
2578.842,18.36441385,17.8808704149111,2578.842,18.9894246,18.5493673446788
2579.324,18.35613078,17.8811444075442,2579.324,18.96911451,18.5497902524754
2579.806,18.36165671,17.8814177122416,2579.806,18.95796524,18.5502126584644
2580.289,18.34268169,17.8816908952383,2580.289,18.98166923,18.5506354382823
2580.771,18.36718721,17.8819628266956,2580.771,19.00399462,18.5510568421264
2581.253,18.36322226,17.8822340742752,2581.253,18.9905484,18.5514777466748
2581.735,18.37374067,17.8825046393328,2581.735,19.02222609,18.5518981527675
2582.217,18.37443146,17.8827745232256,2582.217,18.99033112,18.5523180612459
2582.699,18.37409086,17.8830437273132,2582.699,19.00471819,18.5527374729531
2583.181,18.35800824,17.8833122529568,2583.181,19.00340129,18.5531563887339
2583.663,18.37355905,17.8835801015195,2583.663,19.02321769,18.5535748094344
2584.146,18.35997056,17.8838478279655,2584.146,19.01799781,18.5539936024566
2584.627,18.35724631,17.8841137728644,2584.627,19.01433323,18.5544101689874
2585.11,18.36610832,17.8843801491888,2585.11,19.03016925,18.5548279740508
2585.592,18.36040993,17.8846453017053,2585.592,19.01201753,18.5552444219049
2586.074,18.38135639,17.8849097839876,2586.074,19.03452606,18.5556603789353
2586.556,18.36925003,17.8851735974101,2586.556,19.02802165,18.5560758459975
2587.038,18.38092844,17.8854367433491,2587.038,19.01928875,18.5564908239488
2587.52,18.34552006,17.8856992231825,2587.52,19.03848155,18.5569053136478
2588.002,18.37996307,17.8859610382903,2588.002,19.03849917,18.5573193159548
2588.484,18.3740811,17.8862221900542,2588.484,19.03402853,18.5577328317315
2588.967,18.35071763,17.8864832196058,2588.967,19.05306072,18.5581467182461
2589.449,18.35512656,17.886743047465,2589.449,19.04457573,18.5585592625489
2589.931,18.35779811,17.8870022161392,2589.931,19.05741134,18.5589713229178
2590.413,18.35872592,17.8872607270172,2590.413,19.04674498,18.5593829002206
2590.895,18.34969868,17.8875185814897,2590.895,19.06166496,18.5597939953268
2591.377,18.33725563,17.8877757809493,2591.377,19.07263068,18.5602046091071
2591.859,18.34034761,17.8880323267902,2591.859,19.06399986,18.5606147424341
2592.341,18.34989423,17.8882882204085,2592.341,19.05713965,18.5610243961815
2592.823,18.33902921,17.8885434632019,2592.823,19.06900508,18.5614335712248
2593.306,18.34237308,17.888798584098,2593.306,19.05722882,18.5618431158644
2593.788,18.33546701,17.8890525280993,2593.788,19.05900653,18.562251335143
2594.27,18.342024,17.8893058254826,2594.27,19.06773164,18.5626590783544
2594.752,18.354217,17.8895584776527,2594.752,19.07129079,18.5630663463799
2595.234,18.3351741,17.8898104860163,2595.234,19.07791875,18.5634731401023
2595.716,18.35650858,17.8900618519814,2595.716,19.08962422,18.5638794604059
2596.198,18.32840355,17.8903125769582,2596.198,19.10000561,18.5642853081763
2596.68,18.31949058,17.8905626623582,2596.68,19.10396563,18.5646906843008
2597.163,18.36133147,17.890812626458,2597.163,19.10212729,18.565096429232
2597.645,18.33255863,17.8910614356268,2597.645,19.10709992,18.5655008637581
2598.127,18.30750948,17.8913096094671,2598.127,19.10273042,18.5659048293104
2598.609,18.32182614,17.8915571493973,2598.609,19.08896903,18.5663083267818
2599.091,18.3271635,17.8918040568376,2599.091,19.09328047,18.5667113570667
2599.573,18.32105805,17.8920503332096,2599.573,19.11623631,18.5671139210611
2600.055,18.31903108,17.892295979937,2600.055,19.10994485,18.5675160196621
2600.537,18.31296483,17.8925409984447,2600.537,19.08609799,18.5679176537684
2601.02,18.31450715,17.8927858965458,2601.02,19.10499216,18.5683196561029
2601.502,18.32249908,17.8930296616002,2601.502,19.09248993,18.5687203629627
2601.984,18.31750097,17.8932728027232,2601.984,19.09687875,18.5691206080342
2602.466,18.30506953,17.8935153213465,2602.466,19.10527311,18.5695203922218
2602.948,18.28968785,17.8937572189032,2602.948,19.10685076,18.5699197164313
2603.43,18.30777916,17.8939984968284,2603.43,19.10959538,18.5703185815697
2603.912,18.29297028,17.8942391565584,2603.912,19.09112737,18.5707169885456
2604.394,18.30581168,17.8944791995314,2604.394,19.1106927,18.5711149382689
2604.876,18.2937955,17.8947186271872,2604.876,19.11686625,18.5715124316509
2605.359,18.29495965,17.8949579357941,2605.359,19.1078055,18.5719102928617
2605.841,18.29568023,17.8951961358716,2605.841,19.12609324,18.5723068753584
2606.323,18.27079302,17.8954337249633,2606.323,19.12456599,18.5727030042577
2606.805,18.30321165,17.8956707045154,2606.805,19.11862341,18.5730986804766
2607.287,18.27694191,17.8959070759753,2607.287,19.12254835,18.573493904933
2607.769,18.28726094,17.8961428407921,2607.769,19.11722525,18.5738886785464
2608.251,18.27656706,17.8963780004166,2608.251,19.12726082,18.5742830022377
2608.733,18.26726801,17.8966125563008,2608.733,19.11317674,18.5746768769291
2609.216,18.26182648,17.8968469946545,2609.216,19.14604345,18.5750711193168
2609.698,18.24361258,17.897080346176,2609.698,19.12275813,18.5754640978534
2610.18,18.26695764,17.8973130983261,2610.18,19.13679658,18.5758566301666
2610.662,18.2591053,17.897545252563,2610.662,19.1273989,18.5762487171838
2611.144,18.24165554,17.8977768103465,2611.144,19.12392944,18.5766403598338
2611.626,18.25489009,17.8980077731379,2611.626,19.11691289,18.5770315590469
2612.108,18.23121511,17.8982381424,2612.108,19.12398117,18.5774223157544
2612.59,18.2286841,17.8984679195969,2612.59,19.12197483,18.5778126308891
2613.073,18.23792509,17.8986975810724,2613.073,19.11310185,18.5782033137959
2613.554,18.23104528,17.8989257036598,2613.554,19.10005511,18.5785919401777
2614.037,18.22689131,17.899154185901,2614.037,19.12692604,18.5789817427939
2614.519,18.20625785,17.8993816082947,2614.519,19.12166708,18.5793703000837
2615.001,18.22042412,17.8996084459694,2615.001,19.11441633,18.5797584204859
2615.483,18.19971965,17.8998347003983,2615.483,19.11081879,18.5801461049411
2615.965,18.19393126,17.9000603730557,2615.965,19.1195964,18.5805333543909
2616.447,18.21338704,17.9002854654174,2616.447,19.13040083,18.5809201697785
2616.929,18.18893178,17.9005099789608,2616.929,19.11090375,18.5813065520482
2617.411,18.19086233,17.9007339151644,2617.411,19.14687244,18.5816925021456
2617.894,18.19572335,17.9009577383141,2617.894,19.12957318,18.5820788204015
2618.376,18.20380267,17.9011805230899,2618.376,19.12271029,18.5824639081042
2618.858,18.19072581,17.9014027349735,2618.858,19.11776527,18.5828485664808
2619.34,18.17934629,17.9016243754491,2619.34,19.14272894,18.5832327964818
2619.822,18.16538272,17.9018454460023,2619.822,19.12380535,18.583616599059
2620.304,18.20516766,17.9020659481202,2620.304,19.12542233,18.5839999751655
2620.786,18.18637203,17.9022858832911,2620.786,19.13016325,18.5843829257556
2621.268,18.16658089,17.9025052530048,2621.268,19.09747676,18.5847654517847
2621.75,18.16998768,17.9027240587521,2621.75,19.0964469,18.5851475542095
2622.233,18.16246192,17.9029427542289,2622.233,19.09467349,18.5855300254161
2622.715,18.16771381,17.90316043536,2622.715,19.10825344,18.5859112826335
2623.197,18.15758947,17.9033775570091,2623.197,19.08818424,18.586292119126
2623.679,18.15770791,17.9035941206727,2623.679,19.11059856,18.5866725358551
2624.161,18.14669209,17.9038101278484,2624.161,19.09512929,18.5870525337836
2624.643,18.13637042,17.9040255800351,2624.643,19.10260985,18.5874321138753
2625.125,18.13192741,17.9042404787332,2625.125,19.0987536,18.5878112770953
2625.607,18.10954567,17.9044548254443,2625.607,19.0808894,18.58819002441
2626.09,18.12354304,17.9046690646606,2626.09,19.08899031,18.5885691412779
2626.572,18.11347855,17.90488231077,2626.572,19.09121377,18.5889470588274
2627.054,18.08399213,17.9050950094079,2627.054,19.07667622,18.5893245633793
2627.536,18.08678235,17.905307162081,2627.536,19.06410529,18.5897016559047
2628.018,18.08517917,17.9055187702971,2628.018,19.06721681,18.5900783373755
2628.5,18.08859103,17.9057298355654,2628.5,19.06187962,18.590454608765
2628.982,18.07623255,17.9059403593964,2628.982,19.05968397,18.5908304710475
2629.464,18.06485219,17.9061503433017,2629.464,19.07810791,18.5912059251988
2629.947,18.06768226,17.9063602227697,2629.947,19.07303642,18.5915817498785
2630.429,18.0586435,17.906569130251,2630.429,19.05719107,18.5919563898564
2630.911,18.04116916,17.906777502352,2630.911,19.05045957,18.5923306246383
2631.393,18.04920256,17.9069853405892,2631.393,19.06179543,18.5927044552042
2631.875,18.04763416,17.9071926464802,2631.875,19.06523206,18.5930778825354
2632.357,18.01778964,17.907399421544,2632.357,19.05181312,18.593450907614
2632.839,18.02940008,17.9076056673007,2632.839,19.05206403,18.5938235314234
2633.321,18.03150017,17.9078113852714,2633.321,19.02297103,18.5941957549481
2633.803,18.01546286,17.9080165769786,2633.803,19.04346488,18.5945675791737
2634.286,18.01397593,17.9082216680217,2634.286,19.04381913,18.5949397752666
2634.768,18.0092056,17.9084258106898,2634.768,19.03866368,18.5953108030316
2635.25,18.00944068,17.9086294316718,2635.25,19.0157487,18.5956814344628
2635.732,18.02343964,17.9088325324946,2635.732,19.04174387,18.59605167055
2636.214,18.01612411,17.9090351146864,2636.214,19.01991031,18.5964215122841
2636.696,17.98835001,17.9092371797764,2636.696,19.0470178,18.5967909606573
2637.178,17.99368541,17.909438729295,2637.178,19.04040985,18.5971600166626
2637.66,17.99466463,17.9096397647738,2637.66,19.01124792,18.5975286812942
2638.143,17.99013287,17.9098407032363,2638.143,19.01347487,18.5978977191965
2638.625,17.97013499,17.9100407141757,2638.625,19.01147113,18.5982656032605
2639.107,17.98243337,17.9102402156795,2639.107,19.0073569,18.5986330989415
2639.589,17.96888927,17.9104392092834,2639.589,19.01096885,18.5990002072379
2640.071,17.96031002,17.9106376965246,2640.071,19.00352483,18.5993669291491
2640.553,17.93763442,17.9108356789409,2640.553,19.01456442,18.5997332656754
2641.035,17.9229908,17.9110331580715,2641.035,19.00697048,18.6000992178183
2641.517,17.93433508,17.9112301354563,2641.517,18.98967186,18.6004647865802
2642,17.92949869,17.9114270197468,2642,19.00382823,18.6008307302158
2642.481,17.93247291,17.9116225911547,2642.481,18.97557546,18.6011947779756
2642.964,17.91267834,17.911818477601,2642.964,18.96613573,18.601559958292
2643.446,17.92076881,17.9120134623985,2643.446,18.99031132,18.6019240027882
2643.928,17.90041445,17.9122079531696,2643.928,18.98261239,18.6022876689326
2644.41,17.9090768,17.9124019514606,2644.41,18.9787204,18.6026509577336
2644.892,17.91445071,17.9125954588186,2644.892,18.95497398,18.6030138702007
2645.374,17.8934694,17.912788476792,2645.374,18.94217254,18.6033764073443
2645.856,17.88798012,17.9129810069301,2645.856,18.93909585,18.6037385701756
2646.338,17.88879929,17.913173050783,2646.338,18.95602244,18.604100359707
2646.821,17.87539812,17.9133650068246,2646.821,18.93358604,18.6044625263938
2647.303,17.85380771,17.9135560817608,2647.303,18.93818871,18.6048235715969
2647.785,17.86627046,17.9137466750716,2647.785,18.92515129,18.6051842465449
2648.267,17.86814103,17.9139367883109,2648.267,18.91409809,18.605544552254
2648.749,17.8463277,17.9141264230337,2648.749,18.90499434,18.605904489741
2649.231,17.85453331,17.914315580796,2649.231,18.90382151,18.6062640600242
2649.713,17.85061809,17.9145042631547,2649.713,18.90188388,18.6066232641223
2650.195,17.85335193,17.9146924716675,2650.195,18.89316063,18.6069821030553
2650.677,17.85120481,17.9148802078931,2650.677,18.88625001,18.607340577844
2651.16,17.8209273,17.9150678614205,2651.16,18.90714594,18.6076994321035
2651.642,17.82160941,17.9152546567796,2651.642,18.88062817,18.6080571809192
2652.124,17.83388708,17.9154409845362,2652.124,18.900292,18.6084145686605
2652.606,17.79831128,17.9156268462526,2652.606,18.88464838,18.6087715963518
2653.088,17.78815047,17.9158122434919,2653.088,18.91134962,18.6091282650183
2653.57,17.79695356,17.9159971778181,2653.57,18.86055036,18.6094845756864
2654.052,17.77868378,17.916181650796,2654.052,18.87774545,18.609840529383
2654.534,17.80444323,17.9163656639914,2654.534,18.87506855,18.6101961271361
2655.017,17.77275268,17.9165495993151,2655.017,18.87982935,18.6105521066248
2655.499,17.76984392,17.9167326967001,2655.499,18.86082056,18.6109069948452
2655.981,17.77106285,17.9169153390081,2655.981,18.85543503,18.6112615302134
2656.463,17.77324345,17.917097527808,2656.463,18.83303167,18.6116157137608
2656.945,17.75968501,17.9172792646697,2656.945,18.85400645,18.6119695465197
2657.427,17.7526922,17.9174605511639,2657.427,18.82987767,18.6123230295232
2657.909,17.74107788,17.9176413888621,2657.909,18.83271397,18.6126761638053
2658.391,17.74058548,17.9178217793364,2658.391,18.8273115,18.6130289504008
2658.874,17.75173755,17.9180020970274,2658.874,18.81744594,18.613382121189
2659.356,17.74170992,17.9181815968544,2659.356,18.8040581,18.6137342148031
2659.838,17.74143158,17.9183606541823,2659.838,18.80481188,18.6140859638423
2660.32,17.74074899,17.9185392705866,2660.32,18.79616891,18.6144373693445
2660.802,17.71300687,17.9187174476433,2660.802,18.79152658,18.6147884323488
2661.284,17.71897899,17.9188951869292,2661.284,18.80028434,18.6151391538949
2661.766,17.73332571,17.919072490022,2661.766,18.79107912,18.6154895350233
2662.248,17.69940938,17.9192493585001,2662.248,18.77552975,18.6158395767753
2662.73,17.70937902,17.9194257939424,2662.73,18.77642642,18.6161892801932
2663.213,17.69519251,17.9196021626349,2663.213,18.7776396,18.6165393707958
2663.695,17.68954645,17.9197777358556,2663.695,18.75473987,18.6168883999783
2664.177,17.69775796,17.9199528807853,2664.177,18.74715974,18.6172370939598
2664.659,17.70057469,17.9201275990059,2664.659,18.75692366,18.6175854537856
2665.141,17.67634941,17.9203018921,2665.141,18.75547606,18.6179334805018
2665.623,17.66714066,17.9204757616508,2665.623,18.74993699,18.6182811751551
2666.105,17.66677328,17.9206492092423,2666.105,18.74502301,18.618628538793
2666.587,17.64494533,17.920822236459,2666.587,18.7343309,18.6189755724638
2667.07,17.64780765,17.9209952025608,2667.07,18.73009172,18.6193229961799
2667.552,17.65310464,17.9211673929205,2667.552,18.72314365,18.6196693723853
2668.034,17.6436927,17.9213391676664,2668.034,18.71565711,18.6200154217751
2668.516,17.62014535,17.9215105283858,2668.516,18.7116854,18.6203611454005
2668.998,17.61011858,17.9216814766664,2668.998,18.71159363,18.6207065443135
2669.48,17.60948143,17.9218520140967,2669.48,18.71183296,18.6210516195669
2669.962,17.61136287,17.9220221422657,2669.962,18.70020816,18.6213963722139
2670.444,17.60941981,17.922191862763,2670.444,18.69091477,18.6217408033086
2670.927,17.60979717,17.9223615280326,2670.927,18.67389087,18.622085627496
2671.408,17.60844365,17.9225300871043,2671.408,18.67817918,18.6224287050615
2671.891,17.59201732,17.9226989433124,2671.891,18.66003148,18.6227728901001
2672.373,17.59477924,17.9228670482005,2672.373,18.66128385,18.6231160448838
2672.855,17.61061122,17.9230347533773,2672.855,18.66958153,18.6234588833984
2673.337,17.59050482,17.9232020604359,2673.337,18.65099245,18.6238014067022
2673.819,17.58933866,17.92336897097,2673.819,18.63656739,18.6241436158541
2674.301,17.59472219,17.9235354865738,2674.301,18.66479784,18.6244855119137
2674.783,17.58357241,17.9237016088421,2674.783,18.6373375,18.6248270959413
2675.265,17.58355401,17.9238673393701,2675.265,18.63597142,18.6251683689976
2675.748,17.60176564,17.9240330223791,2675.748,18.6242538,18.6255100392154
2676.23,17.58845235,17.9241979734101,2676.23,18.62441133,18.6258506928752
2676.712,17.60410906,17.9243625374931,2676.712,18.63014726,18.6261910387525
2677.194,17.58317334,17.9245267162255,2677.194,18.60529567,18.626531077911
2677.676,17.58347215,17.924690511205,2677.676,18.60947025,18.6268708114147
2678.158,17.57571221,17.92485392403,2678.158,18.5978776,18.6272102403284
2678.64,17.56676322,17.9250169562992,2678.64,18.58832888,18.6275493657174
2679.122,17.54502663,17.9251796096119,2679.122,18.56929889,18.6278881886477
2679.604,17.54220942,17.9253418855679,2679.604,18.57421457,18.6282267101858
2680.087,17.53408639,17.9255041212702,2680.087,18.56913748,18.6285656327913
2680.569,17.5339057,17.925665646539,2680.569,18.56107316,18.6289035541276
2681.051,17.53592041,17.925826799256,2681.051,18.56409045,18.6292411772772
2681.533,17.51141365,17.925987581023,2681.533,18.55127799,18.6295785033091
2682.015,17.52565203,17.9261479934417,2682.015,18.5660437,18.629915533293
2682.497,17.52199207,17.9263080381144,2682.497,18.52767548,18.6302522682989
2682.979,17.5119784,17.926467716644,2682.979,18.54241513,18.6305887093975
2683.461,17.5117376,17.9266270306335,2683.461,18.51770929,18.63092485766
2683.944,17.513355,17.9267863110843,2683.944,18.52283639,18.6312614106535
2684.426,17.51865637,17.9269449000566,2684.426,18.53905284,18.6315969758579
2684.908,17.50629347,17.927103129304,2684.908,18.49595756,18.6319322514457
2685.39,17.51310881,17.927261000431,2685.39,18.48660578,18.6322672384902
2685.872,17.50616107,17.9274185150427,2685.872,18.49747448,18.6326019380654
2686.354,17.50640498,17.9275756747444,2686.354,18.48967419,18.632936351246
2686.836,17.5049252,17.9277324811419,2686.836,18.50181967,18.633270479107
2687.318,17.48868313,17.9278889358413,2687.318,18.48573318,18.6336043227239
2687.801,17.48601453,17.9280453639546,2687.801,18.46964493,18.6339385749135
2688.283,17.5030195,17.9282011193558,2688.283,18.46862548,18.6342718526871
2688.765,17.50105187,17.9283565278824,2688.765,18.46409198,18.6346048494487
2689.247,17.50889369,17.9285115911417,2689.247,18.47212491,18.6349375662761
2689.729,17.50670136,17.9286663107414,2689.729,18.45960563,18.6352700042474
2690.211,17.48500979,17.9288206882893,2690.211,18.44075658,18.6356021644411
2690.693,17.48317782,17.9289747253938,2690.693,18.44027428,18.6359340479364
2691.175,17.47048883,17.9291284236633,2691.175,18.43280624,18.636265655813
2691.657,17.49556689,17.9292817847066,2691.657,18.42907431,18.6365969891507
2692.14,17.47188692,17.9294351272652,2692.14,18.41966905,18.636928735593
2692.622,17.47022331,17.9295878179923,2692.622,18.42406025,18.6372595225313
2693.104,17.46820985,17.9297401763245,2693.104,18.40169682,18.6375900381762
2693.586,17.45264014,17.9298922038715,2693.586,18.41502449,18.6379202836095
2694.068,17.46435629,17.9300439022435,2694.068,18.39182871,18.6382502599135
2694.55,17.45849994,17.9301952730505,2694.55,18.39667131,18.6385799681712
2695.032,17.45241539,17.9303463179032,2695.032,18.38173746,18.6389094094657
2695.514,17.46365959,17.9304970384122,2695.514,18.36404327,18.6392385848807
2695.997,17.45762811,17.9306477478826,2695.997,18.37482186,18.639568177613
2696.479,17.45063399,17.9307978238725,2696.479,18.39494943,18.6398968239759
2696.961,17.4524238,17.9309475803552,2696.961,18.37145645,18.640225207715
2697.443,17.45116386,17.9310970189423,2697.443,18.36983082,18.6405533299159
2697.925,17.44024791,17.9312461412453,2697.925,18.37801636,18.6408811916642
2698.407,17.44768978,17.931394948876,2698.407,18.37751705,18.6412087940462
2698.889,17.4425271,17.9315434434464,2698.889,18.37783094,18.6415361381484
2699.371,17.44539979,17.9316916265686,2699.371,18.35425917,18.6418632250577
2699.854,17.45183429,17.9318398063248,2699.854,18.37435895,18.6421907336682
2700.335,17.44219355,17.9319870649172,2700.335,18.3633479,18.6425166316474
2700.818,17.4448848,17.9321346285664,2700.818,18.35859526,18.6428436302567
2701.3,17.44531762,17.9322815813881,2701.3,18.36433864,18.6431696987482
2701.782,17.46900046,17.9324282308273,2701.782,18.35004731,18.6434955154895
2702.264,17.45849502,17.9325745784968,2702.264,18.3454752,18.6438210815697
2702.746,17.45136974,17.9327206260096,2702.746,18.33822346,18.6441463980784
2703.228,17.46523002,17.9328663749787,2703.228,18.33418536,18.6444714661055
2703.71,17.45485974,17.9330118270171,2703.71,18.33126611,18.6447962867411
2704.192,17.45548551,17.9331569837381,2704.192,18.32641449,18.6451208610757
2704.675,17.46058156,17.9333021469963,2704.675,18.3046408,18.6454458628283
2705.157,17.45691805,17.9334467173177,2705.157,18.28774705,18.6457699473288
2705.639,17.43626298,17.9335909971649,2705.639,18.30336365,18.6460937888042
2706.121,17.46178611,17.9337349881511,2706.121,18.31154287,18.6464173883464
2706.603,17.44887984,17.9338786918899,2706.603,18.30711747,18.6467407470476
2707.085,17.4644799,17.9340221099945,2707.085,18.2915359,18.6470638660001
2707.567,17.45752088,17.9341652440786,2707.567,18.29399719,18.6473867462967
2708.049,17.46099279,17.9343080957555,2708.049,18.28560993,18.6477093890305
2708.531,17.45130213,17.9344506666388,2708.531,18.27402634,18.6480317952947
2709.014,17.46014241,17.9345932532638,2709.014,18.27335168,18.6483546343434
2709.496,17.46000138,17.9347352668259,2709.496,18.29333447,18.6486765704646
2709.978,17.4538187,17.9348770044381,2709.978,18.26609951,18.6489982734002
2710.46,17.4534093,17.9350184677137,2710.46,18.28267841,18.6493197442446
2710.942,17.45449975,17.9351596582661,2710.942,18.27480848,18.6496409840923
2711.424,17.45065077,17.9353005777087,2711.424,18.26137651,18.6499619940384
2711.906,17.45975297,17.9354412276547,2711.906,18.25966103,18.6502827751781
2712.388,17.46794464,17.9355816097174,2712.388,18.27354956,18.6506033286066
2712.871,17.45154693,17.9357220159309,2712.871,18.2563885,18.6509243197634
2713.353,17.46474709,17.9358618665189,2713.353,18.28046869,18.6512444205902
2713.835,17.46473377,17.9360014540662,2713.835,18.28570315,18.6515642969959
2714.317,17.46234461,17.9361407801856,2714.317,18.2752641,18.6518839500768
2714.799,17.46848991,17.93627984649,2714.799,18.27564498,18.6522033809294
2715.281,17.47736985,17.9364186545922,2715.281,18.26545611,18.6525225906504
2715.763,17.46339397,17.9365572061046,2715.763,18.26771689,18.652841580337
2716.245,17.47042896,17.9366955026399,2716.245,18.26875898,18.6531603510861
2716.728,17.44180121,17.9368338319447,2716.728,18.24770205,18.6534795646676
2717.21,17.45173435,17.9369716228419,2717.21,18.25547663,18.6537979003857
2717.692,17.45532193,17.9371091636019,2717.692,18.25455054,18.6541160204612
2718.174,17.46051153,17.9372464558366,2718.174,18.24430142,18.6544339259921
2718.656,17.47493629,17.9373835011579,2718.656,18.26026682,18.6547516180766
2719.138,17.44019643,17.9375203011774,2719.138,18.24017511,18.6550690978127
2719.62,17.46068618,17.9376568575064,2719.62,18.24796107,18.655386366299
2720.102,17.45259,17.9377931717562,2720.102,18.24116861,18.655703424634
2720.584,17.47339048,17.937929245538,2720.584,18.23787634,18.6560202739163
2721.067,17.47561433,17.9380653620305,2721.067,18.22157649,18.6563375719617
2721.549,17.47671334,17.938200959218,2721.549,18.21845264,18.6566540060076
2722.031,17.48530528,17.9383363207727,2722.031,18.22485743,18.6569702343
2722.513,17.4743448,17.9384714483049,2722.513,18.20826206,18.6572862579384
2722.995,17.48875484,17.9386063434246,2722.995,18.22944593,18.657602078022
2723.477,17.50099918,17.9387410077415,2723.477,18.22807724,18.6579176956504
2723.959,17.50941116,17.9388754428654,2723.959,18.22349729,18.6582331119231
2724.441,17.49705687,17.9390096504053,2724.441,18.23713545,18.65854832794
2724.924,17.49159973,17.9391439097066,2724.924,18.20231307,18.6588639981564
2725.406,17.51794559,17.9392776664418,2725.406,18.21839747,18.6591788165511
2725.888,17.52627841,17.9394112004226,2725.888,18.22584333,18.659493437992
2726.37,17.53913733,17.9395445132575,2726.37,18.21999159,18.659807863579
2726.852,17.53001063,17.9396776065542,2726.852,18.21144834,18.6601220944123
2727.334,17.50566185,17.9398104819204,2727.334,18.21555744,18.6604361315921
2727.816,17.51881262,17.9399431409635,2727.816,18.2281989,18.6607499762188
2728.298,17.53882868,17.9400755852904,2728.298,18.23429705,18.6610636293928
2728.781,17.52938453,17.9402080906261,2728.781,18.21752831,18.661377742355
2729.262,17.54223157,17.9403398362222,2729.262,18.24007766,18.661690365784
2729.745,17.53467872,17.9404719192868,2729.745,18.22881802,18.6620041005622
2730.227,17.54244579,17.9406035203823,2730.227,18.21704762,18.6623169985427
2730.709,17.53765378,17.9407349147951,2730.709,18.22127427,18.6626297105753
2731.191,17.54342271,17.9408661041302,2731.191,18.21790531,18.6629422377606
2731.673,17.55090627,17.9409970899923,2731.673,18.21806789,18.6632545811991
2732.155,17.57165201,17.9411278739855,2732.155,18.2109551,18.6635667419916
2732.637,17.56582266,17.9412584577138,2732.637,18.21900697,18.6638787212388
2733.119,17.54722186,17.9413888427806,2733.119,18.21891964,18.6641905200414
2733.602,17.56269033,17.9415193006849,2733.602,18.21555048,18.6645027858277
2734.084,17.57662591,17.9416492928338,2734.084,18.20387418,18.6648142266743
2734.566,17.55885409,17.9417790911327,2734.566,18.22100151,18.6651254903805
2735.048,17.56265485,17.9419086971832,2735.048,18.218445,18.6654365780471
2735.53,17.57542784,17.942038112587,2735.53,18.21330181,18.6657474907746
2736.012,17.57053411,17.942167338945,2736.012,18.2159713,18.6660582296637
2736.494,17.59602109,17.9422963778577,2736.494,18.23491206,18.6663687958149
2736.976,17.59272676,17.9424252309253,2736.976,18.22774802,18.6666791903289
2737.458,17.56958238,17.9425538997473,2737.458,18.23242122,18.666989414306
2737.941,17.59397039,17.9426826523031,2737.941,18.2308197,18.6673001119381
2738.423,17.58827974,17.9428109570573,2738.423,18.23678674,18.6676099977947
2738.905,17.59502675,17.9429390823655,2738.905,18.26256537,18.6679197164181
2739.387,17.61002206,17.9430670298253,2739.387,18.24708574,18.6682292689084
2739.869,17.59116831,17.943194801034,2739.869,18.22382822,18.6685386563659
2740.351,17.62052523,17.9433223975885,2740.351,18.22850241,18.6688478798906
2740.833,17.62157449,17.9434498210848,2740.833,18.24538717,18.6691569405827
2741.315,17.60905456,17.9435770731189,2741.315,18.22557396,18.669465839542
2741.798,17.61872906,17.9437044187662,2741.798,18.23154177,18.6697752182383
2742.28,17.62870665,17.9438313323131,2742.28,18.21157572,18.6700837967019
2742.762,17.62821725,17.9439580791849,2742.762,18.20951466,18.6703922167344
2743.244,17.61701255,17.9440846609752,2743.244,18.21357405,18.6707004794354
2743.726,17.64982899,17.944211079277,2743.726,18.21363148,18.6710085859044
2744.208,17.62613394,17.9443373356828,2744.208,18.2323915,18.6713165372405
2744.69,17.63622966,17.9444634317845,2744.69,18.22073645,18.6716243345431
2745.172,17.64672422,17.9445893691732,2745.172,18.21706655,18.6719319789112
2745.655,17.65250281,17.9447154102325,2745.655,18.21582673,18.6722401092381
2746.137,17.64739982,17.9448410346461,2746.137,18.23505713,18.6725474507224
2746.619,17.65165693,17.9449665051205,2746.619,18.22696088,18.6728546425708
2747.101,17.6580948,17.9450918232445,2747.101,18.22924908,18.673161685882
2747.583,17.66637336,17.9452169906066,2747.583,18.23499428,18.6734685817542
2748.065,17.65560214,17.9453420087943,2748.065,18.24143287,18.6737753312856
2748.547,17.68245142,17.9454668793946,2748.547,18.23606387,18.6740819355742
2749.029,17.69146685,17.9455916039941,2749.029,18.23668215,18.6743883957179
2749.511,17.694938,17.9457161841783,2749.511,18.27487464,18.6746947128143
2749.994,17.6858686,17.9458408795539,2749.994,18.24778582,18.6750015230322
2750.476,17.6962402,17.945965175371,2750.476,18.2648667,18.6753075570351
2750.958,17.70159327,17.9460893315294,2750.958,18.26499816,18.6756134512848
2751.44,17.70771503,17.9462133496123,2751.44,18.25023351,18.6759192068783
2751.922,17.7027165,17.9463372312021,2751.922,18.25901969,18.6762248249121
2752.404,17.7248229,17.9464609778803,2752.404,18.27485281,18.6765303064827
2752.886,17.73458957,17.9465845912281,2752.886,18.26997066,18.6768356526863
2753.368,17.72302369,17.9467080728257,2753.368,18.27022007,18.6771408646191
2753.851,17.72123513,17.9468316800343,2753.851,18.28511586,18.6774465761825
2754.333,17.73756685,17.9469549026044,2754.333,18.30072642,18.6777515225876
2754.815,17.74602539,17.9470779981641,2754.815,18.30250552,18.6780563380107
2755.297,17.74977792,17.9472009682907,2755.297,18.29973787,18.6783610235468
2755.779,17.77193377,17.947323814561,2755.779,18.31196056,18.6786655802908
2756.261,17.75084963,17.9474465385508,2756.261,18.30209147,18.6789700093373
2756.743,17.77843234,17.9475691418351,2756.743,18.30896395,18.6792743117804
2757.225,17.76420523,17.9476916259884,2757.225,18.32033998,18.6795784887143
2757.708,17.77146602,17.9478142463357,2757.708,18.30236137,18.6798831719184
2758.189,17.77416901,17.9479362431953,2758.189,18.31503451,18.6801864704289
2758.672,17.77954669,17.9480586326704,2758.672,18.30117038,18.680490907575
2759.154,17.80238187,17.9481806557947,2759.154,18.3169304,18.6807945931563
2759.636,17.7783121,17.9483025676511,2759.636,18.33592391,18.6810981586965
2760.118,17.80077548,17.9484243698091,2760.118,18.31639402,18.6814016052879
2760.6,17.80277331,17.9485460638375,2760.6,18.30715205,18.6817049340225
2761.082,17.81541002,17.9486676513042,2761.082,18.32174692,18.682008145992
2761.564,17.8179997,17.9487891337763,2761.564,18.32494992,18.6823112422877
2762.046,17.81992283,17.94891051282,2762.046,18.32816556,18.6826142240007
2762.529,17.83839476,17.9490320415082,2762.529,18.30631533,18.6829177204617
2763.011,17.82882149,17.9491532181838,2763.011,18.32646837,18.6832204760489
2763.493,17.82897159,17.9492742961278,2763.493,18.32203796,18.6835231203268
2763.975,17.85428845,17.9493952769029,2763.975,18.3468493,18.6838256543851
2764.457,17.83257315,17.9495161620711,2764.457,18.35580956,18.684128079313
2764.939,17.86022577,17.9496369531932,2764.939,18.34906874,18.6844303961996
2765.421,17.8707084,17.9497576518294,2765.421,18.32593632,18.6847326061334
2765.903,17.86833879,17.9498782595388,2765.903,18.36150808,18.6850347102028
2766.385,17.86648139,17.9499987778799,2766.385,18.35832093,18.6853367094956
2766.868,17.897203,17.9501194581755,2766.868,18.3671027,18.6856392313318
2767.35,17.88444351,17.9502398022734,2767.35,18.38853803,18.6859410241218
2767.832,17.89749334,17.9503600616753,2767.832,18.36392352,18.6862427153989
2768.314,17.90918316,17.9504802379358,2768.314,18.37639105,18.6865443062493
2768.796,17.92012299,17.9506003326085,2768.796,18.37646689,18.686845797759
2769.278,17.94365928,17.9507203472459,2769.278,18.3679142,18.6871471910135
2769.76,17.93936999,17.9508402833999,2769.76,18.37809496,18.687448487098
2770.242,17.92392368,17.9509601426209,2770.242,18.39511435,18.687749687097
2770.725,17.94010999,17.9510801748957,2770.725,18.39928998,18.6880514166962
2771.207,17.93924378,17.9511998847476,2771.207,18.41479526,18.6883524275832
2771.689,17.96321204,17.9513195223161,2771.689,18.40708613,18.6886533456387
2772.171,17.95595786,17.9514390891477,2772.171,18.42401871,18.6889541719456
2772.653,17.94538661,17.9515585867883,2772.653,18.42154701,18.6892549075863
2773.135,17.96396368,17.9516780167824,2773.135,18.41443182,18.6895555536432
2773.617,17.97597139,17.9517973806739,2773.617,18.42375042,18.6898561111976
2774.099,17.98656825,17.9519166800052,2774.099,18.43373187,18.6901565813309
2774.582,17.99289666,17.9520361636318,2774.582,18.43044278,18.6904575882375
2775.064,17.98859944,17.9521553383406,2775.064,18.43392613,18.6907578865943
2775.546,17.98816842,17.9522744531142,2775.546,18.43440678,18.6910581007728
2776.028,18.02291635,17.9523935094908,2776.028,18.42882537,18.6913582318523
2776.51,17.99723423,17.9525125090078,2776.51,18.44131237,18.6916582809115
2776.992,17.99581492,17.9526314532015,2776.992,18.45199365,18.6919582490289
2777.474,18.03799093,17.9527503436071,2777.474,18.46772827,18.6922581372821
2777.956,18.03374991,17.9528691817586,2777.956,18.47102144,18.6925579467484
2778.438,18.03677799,17.952987969189,2778.438,18.48474789,18.6928576785047
2778.921,18.03953321,17.953106953725,2778.921,18.48374977,18.6931579552393
2779.403,18.00843756,17.9532256442104,2779.403,18.48168271,18.693457534648
2779.885,18.03406356,17.9533442885701,2779.885,18.49402977,18.693757039576
2780.367,18.04726278,17.9534628883327,2780.367,18.47962989,18.6940564710981
2780.849,18.04941665,17.9535814450253,2780.849,18.48359905,18.6943558302884
2781.331,18.0474924,17.9536999601744,2781.331,18.49679942,18.6946551182204
2781.813,18.06334822,17.9538184353049,2781.813,18.51044068,18.6949543359672
2782.295,18.09174798,17.9539368719407,2782.295,18.51760455,18.6952534846013
2782.778,18.06869328,17.9540555172095,2782.778,18.5178583,18.6955531856239
2783.26,18.07221326,17.954173881351,2783.26,18.53107845,18.69585219911
2783.742,18.07187668,17.9542922115655,2783.742,18.51297238,18.6961511466998
2784.224,18.07691722,17.9544105093722,2784.224,18.52816967,18.6964500294635
2784.706,18.06554138,17.9545287762892,2784.706,18.5498807,18.6967488484707
2785.188,18.09114852,17.9546470138331,2785.188,18.55632009,18.6970476047904
2785.67,18.09907977,17.9547652235196,2785.67,18.54016358,18.6973462994912
2786.152,18.09728828,17.9548834068629,2786.152,18.54837887,18.6976449336408
2786.635,18.10049896,17.9550018104936,2786.635,18.55739395,18.6979441276951
2787.116,18.10402174,17.9551197005713,2787.116,18.55855629,18.6982420245553
2787.599,18.1141029,17.9552380589857,2787.599,18.55693684,18.6985411026032
2788.081,18.12691244,17.9553561520344,2788.081,18.54601087,18.6988395050993
2788.563,18.1137765,17.9554742262962,2788.563,18.57070286,18.6991378523767
2789.045,18.1223863,17.9555922832779,2789.045,18.582369,18.6994361454996
2789.527,18.14361868,17.955710324485,2789.527,18.57655122,18.6997343855314
2790.009,18.12814537,17.9558283514219,2790.009,18.5816475,18.7000325735351
2790.491,18.1446524,17.9559463655914,2790.491,18.57650716,18.700330710573
2790.973,18.15071365,17.9560643684954,2790.973,18.59522263,18.7006287977065
2791.456,18.13415058,17.9561826064242,2791.456,18.59310363,18.7009274542834
2791.938,18.15480926,17.9563005912813,2791.938,18.59920168,18.7012254446924
2792.42,18.17220271,17.9564185693732,2792.42,18.62392357,18.7015233883802
2792.902,18.16931901,17.9565365421964,2792.902,18.60543958,18.7018212864057
2793.384,18.16995745,17.956654511246,2793.384,18.60849111,18.702119139827
2793.866,18.17803732,17.9567724780157,2793.866,18.60647584,18.7024169497018
2794.348,18.19986868,17.9568904439979,2794.348,18.65019133,18.702714717087
2794.83,18.19529903,17.9570084106838,2794.83,18.61249318,18.7030124430386
2795.312,18.19932127,17.957126379563,2795.312,18.65607253,18.7033101286123
2795.795,18.22334619,17.957244596885,2795.795,18.64381201,18.7036083923459
2796.277,18.19853507,17.9573625746268,2796.277,18.64300458,18.7039060002489
2796.759,18.21618116,17.9574805590259,2796.759,18.64913696,18.7042035709382
2797.241,18.19768408,17.9575985515665,2797.241,18.65124821,18.7045011054665
2797.723,18.20902396,17.9577165537314,2797.723,18.65492882,18.7047986048857
2798.205,18.21848592,17.9578345670019,2798.205,18.66904867,18.7050960702469
2798.687,18.21009976,17.9579525928581,2798.687,18.67273156,18.7053935026005
2799.169,18.23034299,17.9580706327784,2799.169,18.71238217,18.7056909029963
2799.652,18.21511185,17.9581889331856,2799.652,18.67456605,18.7059888894009
2800.134,18.23033513,17.9583070057011,2800.134,18.69377945,18.7062862289661
2800.616,18.23141921,17.9584250967108,2800.616,18.6916761,18.7065835397201
2801.098,18.22887794,17.9585432076877,2801.098,18.69123943,18.7068808227096
2801.58,18.24773616,17.9586613401029,2801.58,18.71765391,18.7071780789804
2802.062,18.25745418,17.9587794954264,2802.062,18.71331136,18.7074753095776
2802.544,18.26095447,17.9588976751266,2802.544,18.71379943,18.7077725155455
2803.026,18.27670176,17.9590158806704,2803.026,18.73923181,18.7080696979278
2803.509,18.2606489,17.959134358849,2803.509,18.73488344,18.7083674742585
2803.991,18.25044001,17.9592526205359,2803.991,18.72435754,18.7086646125531
2804.473,18.27147319,17.9593709124613,2804.473,18.732617,18.70896173039
2804.955,18.27543113,17.9594892360861,2804.955,18.73836032,18.7092588288094
2805.437,18.25383967,17.9596075928696,2805.437,18.75338577,18.709555908851
2805.919,18.28090935,17.9597259842698,2805.919,18.76642267,18.7098529715532
2806.401,18.27318274,17.959844411743,2806.401,18.75173072,18.7101500179541
2806.883,18.29512022,17.959962876744,2806.883,18.77576458,18.7104470490906
2807.365,18.28368491,17.9600813807262,2807.365,18.7729315,18.710744065999
2807.848,18.2654726,17.9602001711269,2807.848,18.77639529,18.7110416858919
2808.33,18.2878303,17.9603187575133,2808.33,18.787879,18.7113386774251
2808.812,18.29698477,17.9604373872342,2808.812,18.80753333,18.7116356578358
2809.294,18.30181044,17.9605560617368,2809.294,18.80892989,18.7119326281568
2809.776,18.31317264,17.9606747824664,2809.776,18.8235856,18.7122295894202
2810.258,18.3156904,17.9607935508669,2810.258,18.8401318,18.7125265426568
2810.74,18.32769996,17.9609123683807,2810.74,18.8429408,18.712823488897
2811.222,18.31692793,17.9610312364482,2811.222,18.84811751,18.71312042917
2811.705,18.32971728,17.9611504032858,2811.705,18.85531084,18.7134179805483
2812.187,18.33735616,17.9612693768888,2812.187,18.84096714,18.7137149119644
2812.669,18.3296373,17.961388405361,2812.669,18.85069998,18.7140118404981
2813.151,18.33977854,17.9615074901364,2813.151,18.84825058,18.7143087671752
2813.633,18.34343928,17.9616266326476,2813.633,18.83840516,18.7146056930205
2814.115,18.33383481,17.9617458343254,2814.115,18.87280275,18.714902619058
2814.597,18.3536594,17.9618650965992,2814.597,18.86685743,18.7151995463106
2815.079,18.36035849,17.9619844208964,2815.079,18.89460163,18.7154964758005
2815.562,18.34524879,17.9621040564025,2815.562,18.89469764,18.7157940245959
2816.043,18.34034232,17.9622232612634,2816.043,18.88379645,18.7160903455757
2816.526,18.35484771,17.9623430282143,2816.526,18.8964421,18.7163879039698
2817.008,18.35401716,17.9624626149897,2817.008,18.90171882,18.7166848526252
2817.49,18.35553732,17.9625822709043,2817.49,18.92671726,18.7169818086165
2817.972,18.35830241,17.9627019973756,2817.972,18.92776688,18.7172787729601
2818.454,18.37387606,17.9628217958191,2818.454,18.92113375,18.7175757466715
2818.936,18.34884921,17.9629416676491,2818.936,18.91690985,18.7178727307653
2819.418,18.36505162,17.9630616142778,2819.418,18.9101732,18.718169726255
2819.9,18.37635581,17.9631816371157,2819.9,18.90710261,18.7184667341531
2820.383,18.36641419,17.9633019868245,2820.383,18.94852713,18.7187643717128
2820.865,18.38978724,17.9634221664712,2820.865,18.93026465,18.7190614074928
2821.347,18.39323833,17.9635424265514,2821.347,18.94303748,18.7193584587153
2821.829,18.39657277,17.9636627684686,2821.829,18.94020373,18.7196555263888
2822.311,18.37811163,17.9637831936247,2822.311,18.93825006,18.7199526115212
2822.793,18.38591883,17.9639037034197,2822.793,18.97178627,18.7202497151189
2823.275,18.39742545,17.9640242992518,2823.275,18.96705414,18.7205468381875
2823.757,18.39146124,17.9641449825176,2823.757,18.97935806,18.7208439817318
2824.24,18.40251165,17.9642660052694,2824.24,18.96693386,18.7211417633033
2824.722,18.38484077,17.9643868677733,2824.722,18.96865547,18.7214389508562
2825.204,18.41172316,17.9645078218922,2825.204,18.97132145,18.7217361618944
2825.686,18.385182,17.9646288690155,2825.686,18.99264448,18.7220333974185
2826.168,18.4184713,17.9647500105305,2826.168,18.9857676,18.7223306584278
2826.65,18.40587821,17.9648712478229,2826.65,19.01597143,18.7226279459208
2827.132,18.41711765,17.9649925822764,2827.132,19.00886086,18.7229252608948
2827.614,18.40093068,17.9651140152729,2827.614,19.01690139,18.7232226043461
2828.096,18.40076878,17.9652355481925,2828.096,19.02717891,18.7235199772699
2828.579,18.41389479,17.9653574348727,2828.579,18.9969049,18.7238179977121
2829.061,18.40488309,17.9654791719855,2829.061,19.02727504,18.7241154326286
2829.543,18.41433315,17.9656010131532,2829.543,19.02613516,18.7244128999988
2830.025,18.42522867,17.9657229597484,2830.025,19.04922736,18.7247104008137
2830.507,18.409772,17.9658450131417,2830.507,19.03234957,18.725007936063
2830.989,18.41870847,17.965967174702,2830.989,19.00877476,18.7253055067356
2831.471,18.41750526,17.966089445796,2831.471,19.04074351,18.7256031138191
2831.953,18.42845865,17.9662118277889,2831.953,19.04046225,18.7259007582998
2832.436,18.42753668,17.9663345762987,2832.436,19.03217756,18.7261990588032
2832.918,18.42288953,17.9664571844136,2832.918,19.07207858,18.7264967811165
2833.4,18.42000932,17.9665799075136,2833.4,19.05619638,18.726794543782
2833.882,18.40288401,17.9667027469559,2833.882,19.04597971,18.7270923477818
2834.364,18.41515986,17.9668257040959,2834.364,19.08116007,18.7273901940968
2834.846,18.40889837,17.9669487802869,2834.846,19.06980394,18.7276880837068
2835.328,18.38593036,17.9670719768805,2835.328,19.06579123,18.7279860175903
2835.81,18.40582475,17.9671952952259,2835.81,19.09455044,18.728283996725
2836.292,18.38190196,17.9673187366709,2836.292,19.09949165,18.728582022087
2836.775,18.3900506,17.9674425590519,2836.775,19.08070755,18.7288807131091
2837.257,18.36694247,17.9675662509927,2837.257,19.09787705,18.7291788339513
2837.739,18.4062659,17.9676900700663,2837.739,19.12004032,18.7294770039449
2838.221,18.40434319,17.9678140176123,2838.221,19.09789684,18.7297752240615
2838.703,18.41252079,17.9679380949683,2838.703,19.09887482,18.7300734952718
2839.185,18.43678225,17.9680623034697,2839.185,19.09573631,18.7303718185449
2839.667,18.40133448,17.96818664445,2839.667,19.09466359,18.730670194849
2840.149,18.40625748,17.9683111192408,2840.149,19.09927433,18.7309686251511
2840.632,18.40170003,17.9684359878397,2840.632,19.09994725,18.7312677297386
2841.114,18.40783477,17.9685607345222,2841.114,19.1237452,18.7315662710495
2841.596,18.43021494,17.9686856190001,2841.596,19.10529282,18.7318648692538
2842.078,18.41815381,17.9688106425967,2842.078,19.10258461,18.7321635253137
2842.56,18.41106397,17.9689358066333,2842.56,19.10396749,18.73246224019
2843.042,18.40544173,17.9690611124291,2843.042,19.12205142,18.7327610148423
2843.524,18.41889643,17.9691865613011,2843.524,19.1113575,18.7330598502291
2844.006,18.39986474,17.9693121545644,2844.006,19.1357446,18.7333587473076
2844.489,18.40087044,17.9694381545536,2844.489,19.12167485,18.7336583273479
2844.97,18.40295197,17.9695637795147,2844.97,19.13206867,18.7339567303621
2845.453,18.40079641,17.9696900754582,2845.453,19.14705095,18.7342564388283
2845.935,18.40952278,17.9698162597069,2845.935,19.13301411,18.7345555923573
2846.417,18.42625052,17.9699425948934,2846.417,19.15002143,18.7348548123471
2846.899,18.42624936,17.97006908232,2846.899,19.13293265,18.7351540997474
2847.381,18.41180624,17.9701957232869,2847.381,19.13377163,18.7354534555066
2847.863,18.41308686,17.9703225190924,2847.863,19.13843871,18.7357528805718
2848.345,18.43611107,17.9704494710324,2848.345,19.14037657,18.7360523758888
2848.827,18.42767509,17.9705765804007,2848.827,19.14113337,18.7363519424022
2849.31,18.41680755,17.9707041126967,2849.31,19.1317468,18.7366522027879
2849.792,18.41630105,17.970831541128,2849.792,19.14570171,18.7369519146752
2850.274,18.39544708,17.970959130859,2850.274,19.14558224,18.7372517005867
2850.756,18.42662998,17.9710868831748,2850.756,19.14836713,18.7375515614617
2851.238,18.41307483,17.9712147993584,2851.238,19.14113305,18.7378514982384
2851.72,18.39625206,17.9713428806907,2851.72,19.14873107,18.7381515118533
2852.202,18.40071548,17.9714711284502,2852.202,19.16648094,18.7384516032421
2852.684,18.41760163,17.9715995439134,2852.684,19.17277235,18.7387517733386
2853.167,18.38237268,17.9717283953038,2853.167,19.15889414,18.7390526460839
2853.649,18.39839511,17.9718571503493,2853.649,19.17810192,18.739352976561
2854.131,18.37475183,17.9719860769171,2854.131,19.16417263,18.7396533885421
2854.613,18.39796291,17.9721151762748,2854.613,19.16862752,18.7399538829559
2855.095,18.39977424,17.9722444496876,2855.095,19.16603775,18.7402544607298
2855.577,18.37454672,17.9723738984187,2855.577,19.1752486,18.7405551227896
2856.059,18.39388967,17.9725035237287,2856.059,19.17205709,18.7408558700602
2856.541,18.36386422,17.9726333268764,2856.541,19.16468243,18.7411567034647
2857.023,18.37581672,17.9727633091179,2857.023,19.17147069,18.7414576239252
2857.506,18.37156043,17.9728937419426,2857.506,19.16323194,18.7417592569529
2857.988,18.36667383,17.9730240865098,2857.988,19.17722257,18.7420603544707
2858.47,18.35493076,17.9731546139288,2858.47,19.18001484,18.7423615418037
2858.952,18.35612471,17.9732853254467,2858.952,19.16967846,18.7426628198683
2859.434,18.370103,17.9734162223084,2859.434,19.15822918,18.7429641895795
2859.916,18.37174628,17.9735473057565,2859.916,19.16293651,18.7432656518508
2860.398,18.37877294,17.9736785770313,2860.398,19.17282293,18.7435672075944
2860.88,18.3660187,17.9738100373708,2860.88,19.18085067,18.7438688577211
2861.363,18.35253112,17.9739419613433,2861.363,19.16536716,18.7441712292677
2861.845,18.36459336,17.9740738039152,2861.845,19.16854969,18.7444730710877
2862.327,18.35348732,17.9742058392544,2862.327,19.16465952,18.7447750100162
2862.809,18.3520481,17.9743380685893,2862.809,19.18346174,18.7450770469586
2863.291,18.36394627,17.9744704931463,2863.291,19.17733714,18.7453791828182
2863.773,18.36813368,17.9746031141492,2863.773,19.17334901,18.7456814184974
2864.255,18.34921852,17.9747359328198,2864.255,19.1819052,18.7459837548969
2864.737,18.35820606,17.9748689503771,2864.737,19.16967671,18.7462861929158
2865.219,18.37160809,17.9750021680381,2865.219,19.18411743,18.7465887334521
2865.702,18.36768623,17.9751358640301,2865.702,19.17394678,18.7468920054023
2866.184,18.34745339,17.9752694859607,2866.184,19.19376873,18.7471947538783
2866.666,18.34322402,17.9754033116336,2866.666,19.18237429,18.7474976075582
2867.148,18.34434725,17.9755373422562,2867.148,19.18373982,18.7478005673339
2867.63,18.33715479,17.9756715790332,2867.63,19.18404937,18.7481036340959
2868.112,18.33821013,17.9758060231672,2868.112,19.17389634,18.7484068087332
2868.594,18.32264297,17.9759406758581,2868.594,19.17133302,18.7487100921332
2869.076,18.32627224,17.9760755383036,2869.076,19.19261908,18.749013485182
2869.559,18.32439349,17.9762108921542,2869.559,19.19684407,18.7493176185551
2870.041,18.30714183,17.9763461781334,2870.041,19.19676323,18.7496212337854
2870.523,18.32413938,17.9764816774478,2870.523,19.19346318,18.7499249613153
2871.005,18.29096275,17.9766173912853,2871.005,19.21009415,18.7502288020248
2871.487,18.28875957,17.9767533208313,2871.487,19.19293489,18.7505327567921
2871.969,18.29488294,17.9768894672687,2871.969,19.19060208,18.7508368264943
2872.451,18.28725251,17.977025831778,2872.451,19.19743481,18.7511410120068
2872.933,18.3176079,17.9771624155372,2872.933,19.19977059,18.7514453142034
2873.416,18.29972662,17.9772995037778,2873.416,19.20654727,18.7517503656555
2873.897,18.29251025,17.9774362455046,2873.897,19.20641276,18.7520542721366
2874.38,18.29622483,17.9775737790367,2874.38,19.18578229,18.7523595618072
2874.862,18.27359188,17.9777112519911,2874.862,19.18368789,18.7526643396981
2875.344,18.26193458,17.9778489500503,2875.344,19.17334983,18.7529692386209
2875.826,18.27005979,17.9779868743773,2875.826,19.17893011,18.7532742594403
2876.308,18.2666167,17.9781250261325,2876.308,19.17234547,18.7535794030191
2876.79,18.25891602,17.9782634064739,2876.79,19.15636466,18.7538846702188
2877.272,18.26413375,17.9784020165569,2877.272,19.17736017,18.7541900618993
2877.754,18.23645605,17.9785408575343,2877.754,19.17114767,18.7544955789187
2878.237,18.2416674,17.9786802193317,2878.237,19.18165041,18.75480185638
2878.719,18.25571351,17.9788195260314,2878.719,19.18187266,18.7551076269101
2879.201,18.23025545,17.9789590670712,2879.201,19.19295215,18.7554135253462
2879.683,18.23299117,17.9790988435937,2879.683,19.16861239,18.75571955254
2880.165,18.25486624,17.979238856739,2880.165,19.17907551,18.7560257093418
2880.647,18.23360836,17.9793791076447,2880.647,19.16817932,18.7563319966003
2881.129,18.23758999,17.9795195974455,2881.129,19.18675264,18.7566384151625
2881.611,18.23115012,17.9796603272739,2881.611,19.17175686,18.7569449658738
2882.094,18.2229046,17.9798015909819,2882.094,19.15528188,18.75725228599
2882.576,18.21468883,17.9799428047557,2882.576,19.17882032,18.7575591038077
2883.058,18.21041722,17.9800842619407,2883.058,19.15287989,18.7578660563026
2883.54,18.21045403,17.9802259636588,2883.54,19.16562344,18.7581731443138
2884.022,18.19219638,17.9803679110293,2884.022,19.16647123,18.7584803686782
2884.504,18.1900676,17.9805101051689,2884.504,19.16325331,18.7587877302317
2884.986,18.18865229,17.9806525471914,2884.986,19.17142762,18.759095229808
2885.468,18.18526883,17.9807952382084,2885.468,19.14857062,18.7594028682395
2885.95,18.18362169,17.9809381793285,2885.95,19.14590905,18.7597106463568
2886.433,18.17804617,17.9810816689993,2886.433,19.14420287,18.7600192039707
2886.915,18.18017515,17.9812251141659,2886.915,19.1474917,18.7603272642386
2887.397,18.16384343,17.9813688127483,2887.397,19.13163579,18.7606354666759
2887.879,18.18450061,17.9815127658443,2887.879,19.12795982,18.7609438121062
2888.361,18.14549541,17.9816569745496,2888.361,19.12421085,18.761252301352
2888.843,18.15893295,17.9818014399568,2888.843,19.14912011,18.7615609352336
2889.325,18.1542965,17.9819461631559,2889.325,19.12331409,18.7618697145699
2889.807,18.1517321,17.9820911452344,2889.807,19.12377283,18.7621786401781
2890.29,18.1399434,17.9822366888798,2890.29,19.10807144,18.7624883542567
2890.772,18.13448089,17.9823821925108,2890.772,19.12157396,18.7627975751608
2891.254,18.12830902,17.9825279582691,2891.254,19.14102529,18.7631069447796
2891.736,18.12358396,17.9826739872313,2891.736,19.118388,18.7634164639232
2892.218,18.11983482,17.9828202804712,2892.218,19.09371342,18.7637261334004
2892.7,18.13497106,17.9829668390597,2892.7,19.1047683,18.7640359540179
2893.182,18.13552356,17.9831136640653,2893.182,19.10624003,18.7643459265808
2893.664,18.11945274,17.9832607565535,2893.664,19.10493036,18.7646560518924
2894.146,18.12205278,17.983408117587,2894.146,19.12093119,18.7649663307544
2894.629,18.11582165,17.9835560547947,2894.629,19.10473396,18.7652774081798
2895.111,18.09355527,17.9837039566592,2895.111,19.10496061,18.7655879968631
2895.593,18.11831411,17.9838521302433,2895.593,19.10457819,18.7658987414926
2896.075,18.10669357,17.9840005765987,2896.075,19.08796234,18.7662096428631
2896.557,18.08287791,17.9841492967743,2896.557,19.09734803,18.7665207017674
2897.039,18.08531366,17.9842982918165,2897.039,19.10236841,18.7668319189964
2897.521,18.07770339,17.9844475627687,2897.521,19.10489472,18.7671432953396
2898.003,18.06277041,17.9845971106714,2898.003,19.08727362,18.7674548315844
2898.486,18.08292932,17.9847472476942,2898.486,19.08928229,18.7677671753582
2898.968,18.05974076,17.9848973531887,2898.968,19.0885675,18.7680790340973
2899.45,18.05678223,17.9850477387409,2899.45,19.04843354,18.7683910550915
2899.932,18.07656258,17.9851984053802,2899.932,19.07247435,18.768703239121
2900.414,18.05853455,17.9853493541332,2900.414,19.07548928,18.7690155869645
2900.896,18.04454555,17.9855005860237,2900.896,19.06542416,18.7693280993985
2901.378,18.05993074,17.9856521020724,2901.378,19.07119476,18.7696407771981
2901.86,18.05008445,17.9858039032975,2901.86,19.05172875,18.7699536211364
2902.343,18.04773338,17.9859563065464,2902.343,19.05002396,18.7702672815588
2902.824,18.0553396,17.9861083653346,2902.824,19.06116385,18.7705798105123
2903.307,18.04373692,17.9862613451967,2903.307,19.0562022,18.7708938077601
2903.789,18.04447413,17.9864142978517,2903.789,19.04723843,18.7712073242995
2904.271,18.04458393,17.9865675407325,2904.271,19.07073148,18.7715210108174
2904.753,18.02686737,17.98672107484,2904.753,19.03354575,18.7718348680757
2905.235,18.02486886,17.9868749011722,2905.235,19.05476066,18.7721488968349
2905.717,18.01941908,17.9870290207242,2905.717,19.02675391,18.7724630978533
2906.199,18.02532022,17.9871834344881,2906.199,19.07284418,18.7727774718875
2906.681,18.02637397,17.9873381434533,2906.681,19.03582366,18.7730920196922
2907.164,18.01803476,17.9874934705022,2907.164,19.0355958,18.7734073951531
2907.646,18.00083549,17.9876487734439,2907.646,19.02594314,18.77372229312
2908.128,17.98553505,17.9878043745392,2908.128,19.03972431,18.7740373671118
2908.61,17.99088978,17.987960274766,2908.61,19.03142794,18.7743526178758
2909.092,17.98347166,17.9881164750989,2909.092,19.02472219,18.7746680461574
2909.574,17.98089702,17.9882729765097,2909.574,19.01894915,18.7749836527
2910.056,17.96694452,17.9884297799672,2910.056,19.01211789,18.7752994382452
2910.538,17.97716323,17.9885868864373,2910.538,19.01256298,18.7756154035326
2911.021,17.94260603,17.9887446237773,2911.021,19.01554323,18.7759322053923
2911.503,17.93792817,17.9889023397922,2911.503,18.99316742,18.7762485327524
2911.985,17.94487568,17.9890603617016,2911.985,19.00274393,18.7765650420638
2912.467,17.94693574,17.9892186904597,2912.467,18.99243834,18.7768817340587
2912.949,17.95089839,17.9893773270174,2912.949,18.98192013,18.7771986094672
2913.431,17.94686883,17.9895362723229,2913.431,18.98576592,18.7775156690174
2913.913,17.93643652,17.9896955273212,2913.913,18.99372008,18.7778329134356
2914.395,17.92667616,17.9898550929546,2914.395,19.00410147,18.7781503434462
2914.877,17.95335032,17.9900149701621,2914.877,18.9493187,18.7784679597717
2915.36,17.91775066,17.9901754925493,2915.36,18.96799816,18.7787864226704
2915.842,17.91978901,17.9903359963617,2915.842,18.98612638,18.7791044141753
2916.324,17.92998481,17.9904968145496,2916.324,18.94183539,18.779422594152
2916.806,17.93040133,17.9906579480399,2916.806,18.96077792,18.7797409633154
2917.288,17.90848676,17.9908193977569,2917.288,18.95772016,18.7800595223779
2917.77,17.90762764,17.9909811646214,2917.77,18.94628051,18.7803782720504
2918.252,17.90133405,17.9911432495515,2918.252,18.94152475,18.7806972130416
2918.734,17.89787773,17.9913056534622,2918.734,18.93524167,18.7810163460583
2919.217,17.90648107,17.9914687151998,2919.217,18.93319716,18.7813363345077
2919.699,17.8805928,17.9916317604707,2919.699,18.93484514,18.78165585409
2920.181,17.89070529,17.9917951274507,2920.181,18.9194713,18.7819755678077
2920.663,17.88276745,17.9919588170425,2920.663,18.90971052,18.7822954763597
2921.145,17.87342275,17.9921228301457,2921.145,18.92708689,18.782615580443
2921.627,17.90060099,17.9922871676569,2921.627,18.90428303,18.7829358807524
2922.109,17.8903685,17.9924518304696,2922.109,18.92347238,18.7832563779808
2922.591,17.88331581,17.9926168194744,2922.591,18.91806649,18.7835770728192
2923.073,17.87795275,17.9927821355585,2923.073,18.91549951,18.7838979659562
2923.556,17.87796397,17.9929481236076,2923.556,18.90714503,18.7842197244525
2924.038,17.87322122,17.9931140971832,2924.038,18.90816213,18.7845410166608
2924.52,17.87810696,17.9932804004834,2924.52,18.88894812,18.7848625092238
2925.002,17.86328328,17.9934470343833,2925.002,18.8941129,18.7851842028223
2925.484,17.86501484,17.9936139997545,2925.484,18.90166402,18.7855060981353
2925.966,17.84375638,17.9937812974659,2925.966,18.86083301,18.7858281958393
2926.448,17.8542141,17.9939489283829,2926.448,18.87598826,18.7861504966092
2926.93,17.85104461,17.9941168933681,2926.93,18.85423076,18.7864730011176
2927.413,17.85556058,17.9942855427994,2927.413,18.850144,18.7867963797687
2927.895,17.83678161,17.9944541791932,2927.895,18.85803387,18.7871192941902
2928.377,17.84411198,17.9946231522254,2928.377,18.84082636,18.7874424143573
2928.859,17.82755835,17.9947924627459,2928.859,18.85084158,18.7877657409346
2929.341,17.82210144,17.9949621116013,2929.341,18.83718677,18.7880892745845
2929.823,17.81518788,17.9951320996353,2929.823,18.84113747,18.7884130159672
2930.305,17.80662566,17.9953024276882,2930.305,18.8398026,18.7887369657412
2930.787,17.82649289,17.9954730965973,2930.787,18.83428528,18.7890611245625
2931.27,17.83483241,17.995644462346,2931.27,18.82653253,18.7893861662676
2931.751,17.81495463,17.9958154603167,2931.751,18.81954849,18.7897100719619
2932.234,17.80241871,17.9959875133597,2932.234,18.80439834,18.7900355358997
2932.716,17.81282477,17.9961595547166,2932.716,18.78839401,18.790360537871
2933.198,17.78958912,17.9963319410696,2933.198,18.81021773,18.7906857521409
2933.68,17.8143361,17.9965046732368,2933.68,18.80242996,18.7910111793531
2934.162,17.78685635,17.9966777520329,2934.162,18.80322728,18.7913368201491
2934.644,17.79271402,17.9968511782697,2934.644,18.79372366,18.7916626751685
2935.126,17.8001965,17.9970249527556,2935.126,18.80076211,18.7919887450486
2935.608,17.78682046,17.9971990762957,2935.608,18.78133464,18.7923150304247
2936.091,17.80670209,17.9973739120343,2936.091,18.75593311,18.792642209544
2936.573,17.78442523,17.9975487368139,2936.573,18.76518011,18.7929689282598
2937.055,17.76615433,17.9977239130456,2937.055,18.75505429,18.7932958643659
2937.537,17.79733711,17.9978994415216,2937.537,18.74722152,18.7936230184892
2938.019,17.78785505,17.998075323031,2938.019,18.7640771,18.7939503912542
2938.501,17.76735151,17.9982515583594,2938.501,18.73775153,18.7942779832835
2938.983,17.76322431,17.9984281482894,2938.983,18.75189417,18.7946057951975
2939.465,17.7878502,17.9986050936001,2939.465,18.73710101,18.7949338276143
2939.948,17.78666494,17.9987827632837,2939.948,18.74710409,18.7952627624042
2940.43,17.80209159,17.9989604224219,2940.43,18.73122559,18.7955912381334
2940.912,17.76879846,17.9991384392604,2940.912,18.72329373,18.7959199362085
2941.394,17.77623601,17.9993168145654,2941.394,18.72677793,18.796248857239
2941.876,17.78823454,17.9994955490997,2941.876,18.71975421,18.7965780018325
2942.358,17.77050652,17.9996746436228,2942.358,18.71660331,18.7969073705941
2942.84,17.77287872,17.9998540988909,2942.84,18.71561168,18.7972369641269
2943.322,17.75869194,18.000033915657,2943.322,18.7317702,18.7975667830319
2943.804,17.77555243,18.0002140946707,2943.804,18.70040065,18.7978968279078
2944.287,17.75009706,18.0003950116246,2944.287,18.70644467,18.7982277847976
2944.769,17.76701105,18.0005759181245,2944.769,18.68344215,18.7985582838747
2945.251,17.77552434,18.0007571891024,2945.251,18.70874191,18.798889010707
2945.733,17.74042218,18.0009388252946,2945.733,18.68287224,18.7992199658846
2946.215,17.75476397,18.0011208274343,2946.215,18.69598157,18.7995511499951
2946.697,17.73636536,18.001303196251,2946.697,18.68843075,18.7998825636242
2947.179,17.74482196,18.001485932471,2947.179,18.69518197,18.8002142073552
2947.661,17.724677,18.0016690368173,2947.661,18.69488356,18.8005460817694
2948.144,17.74992007,18.0018528910433,2948.144,18.68511662,18.8008788767023
2948.626,17.73384192,18.0020367345652,2948.626,18.67316812,18.8012112146988
2949.108,17.74170852,18.0022209483637,2949.108,18.68674955,18.8015437851099
2949.59,17.7342986,18.0024055331484,2949.59,18.67760087,18.8018765885077
2950.072,17.73588446,18.0025904896252,2950.072,18.67038868,18.8022096254623
2950.554,17.73575004,18.0027758184971,2950.554,18.68023426,18.8025428965415
2951.036,17.74596609,18.0029615204635,2951.036,18.65748388,18.8028764023109
2951.518,17.74138506,18.0031475962203,2951.518,18.65039087,18.8032101433339
2952,17.74981258,18.0033340464602,2952,18.64797909,18.8035441201715
2952.483,17.7321075,18.0035212598675,2952.483,18.63969935,18.8038790270172
2952.965,17.71926555,18.0037084619184,2952.965,18.65182667,18.8042134776505
2953.447,17.72716489,18.0038960405114,2953.447,18.64868784,18.8045481657695
2953.929,17.7201821,18.0040839963254,2953.929,18.62234358,18.8048830919261
2954.411,17.72919401,18.004272330036,2954.411,18.63174362,18.8052182566703
2954.893,17.72553455,18.0044610423155,2954.893,18.64033377,18.8055536605495
2955.375,17.72251435,18.0046501338326,2955.375,18.6245912,18.805889304109
2955.857,17.73519035,18.0048396052527,2955.857,18.60895688,18.8062251878919
2956.34,17.73166164,18.0050298515175,2956.34,18.61191967,18.8065620100434
2956.822,17.70561961,18.0052200855174,2956.822,18.60523071,18.8068983763941
2957.304,17.7318369,18.0054107013971,2957.304,18.60858298,18.8072349845846
2957.786,17.7347369,18.0056016998082,2957.786,18.60104741,18.8075718351489
2958.268,17.7249952,18.0057930813987,2958.268,18.60979012,18.8079089286184
2958.75,17.72191068,18.0059848468135,2958.75,18.58165387,18.8082462655225
2959.232,17.72609294,18.0061769966937,2959.232,18.59378758,18.8085838463882
2959.714,17.70578394,18.0063695316771,2959.714,18.59062354,18.8089216717402
2960.197,17.72681809,18.0065628530499,2960.197,18.58466336,18.8092604437467
2960.678,17.70727144,18.0067557594872,2960.678,18.57966303,18.8095980579902
2961.161,17.69237432,18.0069498558299,2961.161,18.57155411,18.8099373225929
2961.643,17.705862,18.0071439383392,2961.643,18.5858324,18.8102761316028
2962.125,17.69990853,18.0073384090899,2962.125,18.57519652,18.8106151876889
2962.607,17.68766849,18.0075332686987,2962.607,18.56858048,18.8109544913619
2963.089,17.68286436,18.0077285177791,2963.089,18.56669717,18.8112940431303
2963.571,17.69677827,18.007924156941,2963.571,18.56943627,18.8116338435003
2964.053,17.68394274,18.0081201867909,2964.053,18.56842088,18.8119738929757
2964.535,17.69408049,18.0083166079315,2964.535,18.55317166,18.812314192058
2965.018,17.68727905,18.008513829696,2965.018,18.55703195,18.8126554480401
2965.5,17.68162009,18.0087110360278,2965.5,18.52982171,18.8129962483516
2965.982,17.69881502,18.0089086354394,2965.982,18.55145184,18.8133372997613
2966.464,17.68198049,18.0091066285195,2966.464,18.5516538,18.8136786027613
2966.946,17.69751589,18.0093050158535,2966.946,18.56509323,18.8140201578414
2967.428,17.70466378,18.0095037980231,2967.428,18.54328406,18.814361965489
2967.91,17.70100604,18.0097029756065,2967.91,18.54631444,18.8147040261889
2968.392,17.7011504,18.0099025491786,2968.392,18.53614662,18.815046340424
2968.875,17.70037308,18.0101029345987,2968.875,18.53854544,18.8153896196614
2969.357,17.70921247,18.0103033026823,2969.357,18.53660087,18.8157324429336
2969.839,17.71379805,18.0105040684585,2969.839,18.53668798,18.8160755211756
2970.321,17.71201652,18.0107052324878,2970.321,18.54212074,18.8164188548606
2970.803,17.71205035,18.0109067953271,2970.803,18.54997912,18.8167624444592
2971.285,17.72155779,18.0111087575297,2971.285,18.54398837,18.81710629044
2971.767,17.71417117,18.0113111196456,2971.767,18.53385442,18.8174503932689
2972.249,17.71963319,18.0115138822208,2972.249,18.53731736,18.8177947534094
2972.731,17.72240155,18.0117170457982,2972.731,18.54046706,18.8181393713229
2973.214,17.72146098,18.0119210336687,2973.214,18.53391638,18.8184849632475
2973.696,17.73426169,18.0121250016986,2973.696,18.52587947,18.8188300986179
2974.178,17.72777143,18.0123293723381,2974.178,18.54260666,18.8191754931314
2974.66,17.73529903,18.0125341461156,2974.66,18.53512525,18.8195211472396
2975.142,17.72182671,18.0127393235557,2975.142,18.53680031,18.8198670613915
2975.624,17.72465503,18.0129449051796,2975.624,18.52214172,18.8202132360341
2976.106,17.74081491,18.0131508915047,2976.106,18.51868657,18.8205596716115
2976.588,17.725886,18.013357283045,2976.588,18.52521104,18.8209063685659
2977.071,17.75333189,18.0135645097727,2977.071,18.49964728,18.8212540474405
2977.553,17.73008001,18.0137717141138,2977.553,18.52366436,18.8216012690091
2978.035,17.73724455,18.013979325191,2978.035,18.50976744,18.8219487532667
2978.517,17.75999518,18.0141873435038,2978.517,18.52691226,18.8222965006454
2978.999,17.7491669,18.014395769548,2978.999,18.48986901,18.8226445115751
2979.481,17.76156635,18.0146046038157,2979.481,18.50125744,18.822992786483
2979.963,17.75727685,18.0148138467953,2979.963,18.49219678,18.823341325794
2980.445,17.73981317,18.0150234989718,2980.445,18.50118642,18.8236901299305
2980.927,17.75507345,18.0152335608264,2980.927,18.49388594,18.8240391993126
2981.41,17.77025654,18.0154444699273,2981.41,18.492505,18.8243892593956
2981.892,17.75673499,18.0156553534196,2981.892,18.50695183,18.8247388610713
2982.374,17.78386162,18.0158666480128,2982.374,18.49028279,18.8250887292386
2982.856,17.77654608,18.0160783541734,2982.856,18.50604697,18.8254388643076
2983.338,17.77514815,18.0162904723644,2983.338,18.51532237,18.825789266686
2983.82,17.77359473,18.0165030030451,2983.82,18.49928992,18.826139936779
2984.302,17.78436434,18.016715946671,2984.302,18.51126883,18.8264908749894
2984.784,17.78170911,18.0169293036941,2984.784,18.52229051,18.8268420817173
2985.267,17.78523575,18.0171435185013,2985.267,18.52207214,18.8271942868431
2985.749,17.79204053,18.0173577045199,2985.749,18.52507014,18.8275460323562
2986.231,17.79538011,18.0175723052703,2986.231,18.51276351,18.8278980475737
2986.713,17.78247154,18.0177873211897,2986.713,18.50299873,18.8282503328858
2987.195,17.77546542,18.0180027527116,2987.195,18.51536608,18.8286028886804
2987.677,17.80576966,18.0182186002658,2987.677,18.51482621,18.8289557153428
2988.159,17.79652877,18.0184348642785,2988.159,18.50838243,18.8293088132558
2988.641,17.81859003,18.0186515451719,2988.641,18.51869438,18.8296621827998
2989.124,17.80714233,18.01886909421,2989.124,18.5096659,18.8300165583319
2989.605,17.80371516,18.0190861592721,2989.605,18.49577785,18.8303697382897
2990.088,17.77763092,18.0193045458855,2990.088,18.49993224,18.8307246600946
2990.57,17.78111728,18.0195228993206,2990.57,18.52285173,18.831079120483
2991.052,17.77873026,18.0197416716936,2991.052,18.51376465,18.8314338543672
2991.534,17.77325149,18.0199608634047,2991.534,18.50339755,18.8317888621126
2992.016,17.77502679,18.0201804748501,2992.016,18.50678243,18.8321441440818
2992.498,17.79596494,18.0204005064226,2992.498,18.49629364,18.8324997006352
2992.98,17.78689253,18.0206209585109,2992.98,18.51351688,18.8328555321304
2993.462,17.77811045,18.0208418315004,2993.462,18.52027713,18.8332116389226
2993.945,17.80128145,18.0210635853272,2993.945,18.5224705,18.833568761034
2994.427,17.79293661,18.0212853021345,2994.427,18.51483243,18.8339254200486
2994.909,17.80773522,18.0215074409765,2994.909,18.52658424,18.8342823554113
2995.391,17.80232952,18.0217300022236,2995.391,18.52617969,18.8346395674671
2995.873,17.81098919,18.0219529862421,2995.873,18.52038069,18.8349970565585
2996.355,17.82366324,18.0221763933946,2996.355,18.5309773,18.8353548230254
2996.837,17.82578122,18.0224002240401,2996.837,18.51352334,18.8357128672052
2997.319,17.84215174,18.0226244785336,2997.319,18.5228769,18.8360711894328
2997.802,17.81181148,18.022849623806,2997.802,18.50078859,18.8364305343146
2998.284,17.85192187,18.0230747279269,2998.284,18.5189378,18.8367894142105
2998.766,17.84516098,18.0233002569393,2998.766,18.51906616,18.837148573144
2999.248,17.84737325,18.0235262111832,2999.248,18.52140314,18.8375080114396
2999.73,17.86383464,18.0237525909948,2999.73,18.4855951,18.8378677294195
3000.212,17.8514348,18.0239793967064,3000.212,18.51051004,18.8382277274031
3000.694,17.8622372,18.0242066286469,3000.694,18.50641717,18.8385880057072
3001.176,17.86832362,18.024434287141,3001.176,18.51801891,18.8389485646461
3001.658,17.88565573,18.0246623725097,3001.658,18.5150567,18.8393094045317
3002.141,17.88610814,18.0248913596072,3002.141,18.5147521,18.8396712751796
3002.623,17.90406865,18.0251203005606,3002.623,18.52252467,18.8400326784678
3003.105,17.89080833,18.0253496693297,3003.105,18.5378087,18.840394363623
3003.587,17.89389391,18.0255794662204,3003.587,18.52732209,18.8407563309465
3004.069,17.91399002,18.0258096915346,3004.069,18.53812042,18.8411185807372
3004.551,17.90597245,18.0260403455707,3004.551,18.541336,18.8414811132912
3005.033,17.89783207,18.0262714286229,3005.033,18.54766028,18.8418439289023
3005.515,17.91785453,18.0265029409819,3005.515,18.51298868,18.8422070278614
3005.998,17.89502301,18.0267353645885,3005.998,18.5390488,18.8425711646578
3006.48,17.91520443,18.0269677373096,3006.48,18.52459893,18.842934831765
3006.962,17.91556209,18.0272005401867,3006.962,18.53646775,18.8432987830782
3007.444,17.91602559,18.0274337734953,3007.444,18.53790079,18.843663018878
3007.926,17.91145494,18.0276674375066,3007.926,18.53453821,18.8440275394425
3008.408,17.90768927,18.0279015324883,3008.408,18.56998223,18.844392345047
3008.89,17.9234336,18.028136058704,3008.89,18.53663275,18.8447574359643
3009.372,17.92265893,18.0283710164138,3009.372,18.55134421,18.8451228124644
3009.854,17.93974592,18.0286064058735,3009.854,18.54778762,18.845488474815
3010.337,17.93335363,18.0288427170409,3010.337,18.5665685,18.8458551828076
3010.819,17.934327,18.0290789716504,3010.819,18.55917725,18.8462214182455
3011.301,17.9452519,18.0293156587555,3011.301,18.54670488,18.846587940321
3011.783,17.94806573,18.0295527785968,3011.783,18.5450019,18.8469547492913
3012.265,17.96537784,18.0297903314109,3012.265,18.56445795,18.8473218454106
3012.747,17.97391855,18.0300283174309,3012.747,18.54783221,18.8476892289308
3013.229,17.98069943,18.0302667368857,3013.229,18.57123447,18.8480569001009
3013.711,17.97600796,18.0305055900004,3013.711,18.56083732,18.8484248591673
3014.194,17.9474163,18.0307453738935,3014.194,18.5439005,18.8487938706718
3014.676,17.98038017,18.030985095889,3014.676,18.55173047,18.8491624068582
3015.158,17.97978433,18.031225252197,3015.158,18.57218358,18.8495312316648
3015.64,17.97605232,18.0314658430272,3015.64,18.55233647,18.8499003453276
3016.122,17.97175562,18.0317068685853,3016.122,18.56801066,18.8502697480798
3016.604,17.9819883,18.0319483290733,3016.604,18.5583809,18.8506394401517
3017.086,17.97198351,18.0321902246891,3017.086,18.57108111,18.8510094217715
3017.568,17.98974048,18.0324325556267,3017.568,18.6019888,18.8513796931642
3018.051,17.98388928,18.032675826194,3018.051,18.60696539,18.8517510236535
3018.532,17.99403711,18.0329185242243,3018.532,18.58833361,18.852121106156
3019.015,18.00976402,18.0331626681792,3019.015,18.6108742,18.8524930184986
3019.497,18.01902878,18.0334067431719,3019.497,18.61253737,18.8528644517852
3019.979,18.0078934,18.0336512543986,3019.979,18.62464256,18.8532361759314
3020.461,18.01732887,18.0338962020301,3020.461,18.63063069,18.8536081911463
3020.943,18.01918036,18.034141586233,3020.943,18.61356211,18.8539804976364
3021.425,18.02926695,18.0343874071703,3021.425,18.60963691,18.8543530956056
3021.907,18.01404861,18.0346336650007,3021.907,18.61495936,18.854725985255
3022.389,18.05755365,18.0348803598794,3022.389,18.6400649,18.8550991667831
3022.872,18.04848041,18.035128005134,3022.872,18.62382033,18.8554734155309
3023.354,18.05125908,18.0353755754659,3023.354,18.65002528,18.8558471820077
3023.836,18.05119445,18.0356235832877,3023.836,18.63989213,18.8562212409429
3024.318,18.04802953,18.0358720287387,3024.318,18.61731044,18.8565955925242
3024.8,18.06321611,18.0361209119542,3024.8,18.64471377,18.8569702369366
3025.282,18.05844362,18.0363702330657,3025.282,18.6386329,18.8573451743625
3025.764,18.0800881,18.0366199922007,3025.764,18.64169111,18.8577204049815
3026.246,18.07530197,18.0368701894827,3026.246,18.64688589,18.8580959289705
3026.729,18.09987354,18.0371213454777,3026.729,18.66258517,18.8584725265134
3027.211,18.08460854,18.0373724203182,3027.211,18.64892867,18.8588486383719
3027.693,18.09641259,18.0376239336529,3027.693,18.66138439,18.8592250441153
3028.175,18.09726465,18.0378758855895,3028.175,18.6641647,18.8596017439097
3028.657,18.10469814,18.0381282762319,3028.657,18.66105458,18.8599787379185
3029.139,18.12261291,18.0383811056799,3029.139,18.69457282,18.8603560263022
3029.621,18.11935029,18.0386343740294,3029.621,18.67183832,18.860733609219
3030.103,18.12609814,18.0388880813723,3030.103,18.68697688,18.8611114868239
3030.585,18.11590838,18.0391422277967,3030.585,18.70175668,18.8614896592696
3031.068,18.13388867,18.039397342029,3031.068,18.68157461,18.8618689122146
3031.55,18.12882466,18.0396523677758,3031.55,18.69688876,18.8622476754008
3032.032,18.15123565,18.0399078328443,3032.032,18.71392061,18.8626267338691
3032.514,18.14927907,18.0401637373066,3032.514,18.70161113,18.8630060877612
3032.996,18.12947913,18.040420081231,3032.996,18.68364023,18.863385737216
3033.478,18.14810591,18.0406768646816,3033.478,18.71346983,18.8637656823696
3033.96,18.14839135,18.0409340877185,3033.96,18.68148537,18.8641459233555
3034.442,18.14628415,18.041191750398,3034.442,18.70742719,18.8645264603041
3034.925,18.14531629,18.0414503887116,3034.925,18.70033341,18.8649080837615
3035.407,18.14762725,18.0417089317415,3035.407,18.70731078,18.8652892136317
3035.889,18.14483051,18.0419679145588,3035.889,18.71645566,18.8656706398405
3036.371,18.15371483,18.0422273372038,3036.371,18.71019947,18.8660523625078
3036.853,18.16733384,18.0424871997129,3036.853,18.73268599,18.8664343817503
3037.335,18.16835883,18.0427475021184,3037.335,18.71880654,18.8668166976825
3037.817,18.16282453,18.0430082444485,3037.817,18.73094771,18.8671993104156
3038.299,18.17190076,18.0432694267276,3038.299,18.76148506,18.8675822200584
3038.781,18.16625696,18.0435310489761,3038.781,18.75517707,18.8679654267169
3039.264,18.18731193,18.0437936553651,3039.264,18.73365757,18.8683497264541
3039.746,18.18478827,18.0440561585101,3039.746,18.75985524,18.8687335280675
3040.228,18.18774823,18.0443191016613,3040.228,18.75494054,18.869117626998
3040.71,18.19422579,18.0445824848233,3040.71,18.76803476,18.8695020233407
3041.192,18.20059039,18.0448463079962,3041.192,18.77268056,18.8698867171875
3041.674,18.21533769,18.0451105711763,3041.674,18.77758931,18.870271708628
3042.156,18.21281114,18.0453752743561,3042.156,18.76364412,18.8706569977487
3042.638,18.21693318,18.0456404175237,3042.638,18.7606326,18.8710425846335
3043.121,18.24955589,18.0459065521232,3043.121,18.77607297,18.8714292702638
3043.603,18.25380822,18.0461725761282,3043.603,18.78057911,18.8718154535355
3044.085,18.25759838,18.0464390400618,3044.085,18.78364043,18.8722019348063
3044.567,18.26446743,18.0467059438962,3044.567,18.78807663,18.8725887141491
3045.049,18.26111803,18.0469732875997,3045.049,18.79963749,18.8729757916338
3045.531,18.27888247,18.0472410711364,3045.531,18.80657583,18.8733631673276
3046.013,18.26234106,18.0475092944665,3046.013,18.79438512,18.873750841295
3046.495,18.28694649,18.0477779575462,3046.495,18.80788335,18.8741388135976
3046.978,18.27739879,18.0480476190891,3046.978,18.79444061,18.8745278901453
3047.459,18.27781691,18.0483166027587,3047.459,18.82370229,18.8749156534411
3047.942,18.26789807,18.0485871453692,3047.942,18.81243404,18.875305328181
3048.424,18.277149,18.0488575678398,3048.424,18.80649966,18.8756944950046
3048.906,18.27646219,18.0491284297802,3048.906,18.81546914,18.87608396043
3049.388,18.2714551,18.0493997311221,3049.388,18.82662753,18.8764737245021
3049.87,18.26840284,18.0496714717937,3049.87,18.80757544,18.8768637872629
3050.352,18.28679079,18.0499436517188,3050.352,18.8161901,18.8772541487519
3050.834,18.26262682,18.0502162708171,3050.834,18.81431587,18.8776448090056
3051.316,18.26414019,18.0504893290046,3051.316,18.82145051,18.8780357680576
3051.799,18.29510832,18.0507633940708,3051.799,18.83224834,18.878427837988
3052.281,18.30126175,18.0510373310784,3052.281,18.84887598,18.878819395347
3052.763,18.31697643,18.051311706898,3052.763,18.85428527,18.8792112515888
3053.245,18.30387991,18.0515865214293,3053.245,18.85866534,18.8796034067361
3053.727,18.29876123,18.0518617745679,3053.727,18.86496324,18.8799958608085
3054.209,18.30691864,18.0521374662053,3054.209,18.86954383,18.8803886138229
3054.691,18.31419829,18.0524135962291,3054.691,18.88193596,18.8807816657935
3055.173,18.32468665,18.0526901645226,3055.173,18.87988111,18.8811750167316
3055.656,18.30100412,18.0529677461227,3055.656,18.87150713,18.8815694836576
3056.138,18.32352375,18.0532451914984,3056.138,18.8857895,18.8819634331736
3056.62,18.32692182,18.0535230747696,3056.62,18.88976038,18.8823576816742
3057.102,18.32908047,18.0538013958034,3057.102,18.88634874,18.8827522291594
3057.584,18.32786392,18.054080154463,3057.584,18.89368115,18.8831470756263
3058.066,18.31721408,18.0543593506075,3058.066,18.91243874,18.8835422210696
3058.548,18.345728,18.0546389840919,3058.548,18.90584681,18.8839376654806
3059.03,18.33726738,18.0549190547672,3059.03,18.92113678,18.8843334088483
3059.512,18.35730164,18.0551995624803,3059.512,18.93563946,18.8847294511586
3059.995,18.34866211,18.0554810904007,3059.995,18.92187747,18.88512661499
3060.477,18.34525534,18.0557624726198,3060.477,18.92649462,18.8855232557522
3060.959,18.35110589,18.0560442913926,3060.959,18.93683217,18.8859201953978
3061.441,18.36657885,18.0563265465499,3061.441,18.94401581,18.8863174339016
3061.923,18.36219415,18.0566092379182,3061.923,18.93417004,18.8867149712354
3062.405,18.34707573,18.05689236532,3062.405,18.93675816,18.8871128073681
3062.887,18.35164124,18.0571759285737,3062.887,18.97027909,18.8875109422659
3063.369,18.37870856,18.0574599274938,3063.369,18.96476279,18.8879093758923
3063.852,18.37033465,18.0577449524558,3063.852,18.96767348,18.8883089357636
3064.334,18.38355653,18.0580298230381,3064.334,18.95310162,18.8887079673452
3064.816,18.36787789,18.0583151287049,3064.816,18.98739317,18.8891072975282
3065.298,18.35948323,18.0586008692544,3065.298,18.97807727,18.8895069262647
3065.78,18.39229174,18.0588870444804,3065.78,18.9723373,18.8899068535038
3066.262,18.3971662,18.0591736541729,3066.262,18.98916794,18.8903070791918
3066.744,18.38367988,18.0594606981177,3066.744,18.99354521,18.8907076032722
3067.226,18.38157936,18.0597481760966,3067.226,19.01197029,18.8911084256856
3067.708,18.38473232,18.0600360878873,3067.708,18.9999984,18.89150954637
3068.191,18.39634758,18.0603250319407,3068.191,19.01409058,18.8919117983894
3068.673,18.38513052,18.0606138115703,3068.673,19.01694996,18.8923135160361
3069.155,18.39451751,18.0609030243198,3069.155,19.02211512,18.8927155317498
3069.637,18.39995544,18.0611926699503,3069.637,19.04114264,18.8931178454571
3070.119,18.40344011,18.0614827482192,3070.119,19.03184983,18.8935204570815
3070.601,18.40738901,18.0617732588797,3070.601,19.04192574,18.8939233665438
3071.083,18.40968224,18.0620642016808,3071.083,19.03816737,18.8943265737618
3071.565,18.42367377,18.0623555763675,3071.565,19.07808142,18.8947300786505
3072.048,18.422511,18.0626479885365,3072.048,19.05773156,18.895134719196
3072.53,18.41663885,18.0629402271078,3072.53,19.0695121,18.8955388197772
3073.012,18.41942462,18.0632328967746,3073.012,19.07389254,18.8959432177569
3073.494,18.41924594,18.0635259972657,3073.494,19.08189743,18.8963479130389
3073.976,18.42426301,18.0638195283055,3073.976,19.06391982,18.8967529055239
3074.458,18.4222619,18.0641134896145,3074.458,19.06938309,18.8971581951099
3074.94,18.45274039,18.064407880909,3074.94,19.10180018,18.8975637816918
3075.422,18.43229876,18.0647027019015,3075.422,19.07764074,18.8979696651619
3075.905,18.43004754,18.0649985652988,3075.905,19.06642586,18.8983766884156
3076.386,18.45289353,18.0652936318086,3076.386,19.08722843,18.8987823223213
3076.869,18.43747815,18.0655903549056,3076.869,19.08269124,18.8991899400172
3077.351,18.4463332,18.0658868926192,3077.351,19.09388982,18.8995970105199
3077.833,18.44054854,18.0661838585301,3077.833,19.05093109,18.9000043773288
3078.315,18.439431,18.0664812523259,3078.315,19.08629824,18.9004120403188
3078.797,18.4460033,18.0667790736904,3078.797,19.08019869,18.9008199993621
3079.279,18.45066289,18.067077322303,3079.279,19.06627297,18.9012282543282
3079.761,18.45638179,18.0673759978392,3079.761,19.09034533,18.9016368050833
3080.243,18.45628698,18.0676750999703,3080.243,19.08727787,18.9020456514913
3080.726,18.43211106,18.0679752502347,3080.726,19.10596363,18.9024556425619
3081.208,18.44821466,18.0682752054366,3081.208,19.10779587,18.9028650804673
3081.69,18.44523341,18.0685755862222,3081.69,19.10337448,18.9032748135987
3082.172,18.46174288,18.0688763922464,3082.172,19.13314485,18.9036848418082
3082.654,18.44366257,18.0691776231601,3082.654,19.13889544,18.9040951649452
3083.136,18.45449003,18.06947927861,3083.136,19.13346468,18.904505782856
3083.618,18.45516291,18.0697813582389,3083.618,19.12231118,18.9049166953842
3084.1,18.452824,18.0700838616851,3084.1,19.13848032,18.9053279023703
3084.583,18.43290692,18.0703874175023,3084.583,19.11565447,18.9057402576952
3085.065,18.46516843,18.0706907683602,3085.065,19.14573667,18.9061520537178
3085.547,18.45252001,18.0709945419258,3085.547,19.15316688,18.9065641437029
3086.029,18.4543308,18.0712987378214,3086.029,19.14411059,18.9069765274795
3086.511,18.45017194,18.071603355665,3086.511,19.1469922,18.907389204874
3086.993,18.43242838,18.0719083950706,3086.993,19.17325146,18.9078021757098
3087.475,18.45046094,18.072213855648,3087.475,19.1561495,18.9082154398073
3087.957,18.42628757,18.0725197370031,3087.957,19.15419269,18.9086289969844
3088.439,18.43939286,18.0728260387374,3088.439,19.17550482,18.9090428470558
3088.922,18.45386785,18.073133397237,3088.922,19.17686681,18.9094578493549
3089.404,18.43312097,18.0734405393887,3089.404,19.1753898,18.9098722852545
3089.886,18.45820682,18.0737481006992,3089.886,19.16529018,18.9102870134751
3090.368,18.44996837,18.0740560807538,3090.368,19.20135459,18.9107020338201
3090.85,18.45706539,18.0743644791338,3090.85,19.18044053,18.9111173460898
3091.332,18.44275606,18.0746732954161,3091.332,19.18080266,18.9115329500818
3091.814,18.45960906,18.0749825291739,3091.814,19.17965701,18.9119488455908
3092.296,18.44154262,18.0752921799759,3092.296,19.17185379,18.9123650324086
3092.779,18.46104728,18.075602891113,3092.779,19.19039432,18.9127823746886
3093.261,18.45408629,18.0759133755568,3093.261,19.19435573,18.913199144091
3093.743,18.4612463,18.0762242757259,3093.743,19.20028771,18.9136162041598
3094.225,18.4645639,18.0765355911729,3094.225,19.19281822,18.9140335546753
3094.707,18.47234082,18.0768473214462,3094.707,19.2203416,18.9144511954149
3095.189,18.45443895,18.07715946609,3095.189,19.21724155,18.914869126153
3095.671,18.4417743,18.0774720246446,3095.671,19.22628049,18.9152873466614
3096.153,18.46268175,18.077784996646,3096.153,19.22994769,18.9157058567087
3096.635,18.45527447,18.0780983816263,3096.635,19.23429996,18.9161246560609
3097.118,18.4670286,18.0784128305739,3097.118,19.23114555,18.9165446142593
3097.6,18.45601503,18.0787270409459,3097.6,19.24740428,18.9169639921062
3098.082,18.44662895,18.0790416628671,3098.082,19.25530358,18.9173836585378
3098.564,18.44928793,18.0793566958533,3098.564,19.24335823,18.9178036133084
3099.046,18.428059,18.0796721394159,3099.046,19.23334947,18.9182238561695
3099.528,18.45901359,18.0799879930624,3099.528,19.26309664,18.9186443868696
3100.01,18.46246744,18.0803042562961,3100.01,19.25892216,18.9190652051545
3100.492,18.43849888,18.0806209286162,3100.492,19.25459197,18.919486310767
3100.975,18.4314948,18.0809386677865,3100.975,19.2663147,18.9199085780039
3101.457,18.44778644,18.081256157607,3101.457,19.23935364,18.9203302580833
3101.939,18.44614801,18.0815740549861,3101.939,19.27400822,18.9207522247008
3102.421,18.45009,18.0818923594066,3102.421,19.24072995,18.9211744775879
3102.903,18.44564096,18.0822110703473,3102.903,19.2556789,18.9215970164729
3103.385,18.4396958,18.082530187283,3103.385,19.24494137,18.9220198410813
3103.867,18.45162119,18.0828497096842,3103.867,19.2455499,18.9224429511357
3104.349,18.44039286,18.0831696370175,3104.349,19.25562691,18.9228663463561
3104.832,18.45235434,18.0834906337539,3104.832,19.26002001,18.9232909057594
3105.313,18.45404591,18.0838107043258,3105.313,19.25839175,18.9237139911589
3105.796,18.45260951,18.0841325098956,3105.796,19.2544869,18.9241391206465
3106.278,18.47485313,18.0844540523755,3106.278,19.27091074,18.9245636542591
3106.76,18.44575732,18.0847759970577,3106.76,19.24239494,18.9249884715926
3107.242,18.43078826,18.0850983433841,3107.242,19.26686731,18.9254135723494
3107.724,18.44605483,18.0854210907926,3107.724,19.26985654,18.925838956229
3108.206,18.43916701,18.0857442387171,3108.206,19.25137556,18.9262646229282
3108.688,18.4426295,18.0860677865873,3108.688,19.24719717,18.9266905721409
3109.17,18.44753555,18.0863917338289,3109.17,19.25190089,18.9271168035579
3109.653,18.44540019,18.0867167531948,3109.653,19.24400777,18.9275442020425
3110.135,18.45280712,18.0870414982654,3110.135,19.26011126,18.9279709975135
3110.617,18.44447664,18.0873666409589,3110.617,19.27791388,18.9283980742436
3111.099,18.451778,18.0876921806844,3111.099,19.27980545,18.9288254319125
3111.581,18.45499061,18.0880181168473,3111.581,19.24964251,18.9292530701966
3112.063,18.45437188,18.0883444488488,3112.063,19.26272455,18.9296809887695
3112.545,18.43828516,18.088671176086,3112.545,19.26847039,18.9301091873021
3113.027,18.42729988,18.088998297952,3113.027,19.26776841,18.9305376654623
3113.51,18.43825719,18.0893264937385,3113.51,19.26857099,18.9309673127435
3113.992,18.42563828,18.0896544038406,3113.992,19.27973882,18.9313963497294
3114.474,18.40842867,18.0899827067249,3114.474,19.2851085,18.9318256653286
3114.956,18.42581031,18.0903114017683,3114.956,19.27539087,18.9322552591975
3115.438,18.41937646,18.0906404883434,3115.438,19.27777772,18.9326851309895
3115.92,18.41270553,18.0909699658189,3115.92,19.27971952,18.9331152803554
3116.402,18.39949999,18.0912998335594,3116.402,19.27387536,18.9335457069429
3116.884,18.40121609,18.0916300909255,3116.884,19.29336464,18.9339764103968
3117.366,18.39051,18.0919607372734,3117.366,19.31067488,18.9344073903592
3117.849,18.39076138,18.092292459153,3117.849,19.29197617,18.9348395414782
3118.331,18.38233557,18.0926238823216,3118.331,19.3094281,18.9352710739438
3118.813,18.4015577,18.0929556925159,3118.813,19.29864365,18.9357028818258
3119.295,18.38241585,18.093287889076,3119.295,19.28700791,18.9361349647548
3119.777,18.38813515,18.0936204713381,3119.777,19.30218756,18.9365673223584
3120.259,18.39051146,18.0939534386342,3120.259,19.29390275,18.9369999542614
3120.741,18.3857595,18.0942867902925,3120.741,19.3040108,18.9374328600855
3121.223,18.37573792,18.0946205256369,3121.223,19.30981514,18.9378660394499
3121.706,18.3937538,18.0949553375767,3121.706,19.29973739,18.9383003915334
3122.188,18.36947331,18.0952898390416,3122.188,19.28999225,18.9387341173893
3122.67,18.37972048,18.095624722139,3122.67,19.29747959,18.9391681156244
3123.152,18.37312141,18.0959599861766,3123.152,19.29198998,18.9396023858462
3123.634,18.37685973,18.0962956304581,3123.634,19.29784597,18.9400369276595
3124.116,18.38613547,18.0966316542833,3124.116,19.30680526,18.940471740666
3124.598,18.3634643,18.0969680569479,3124.598,19.31385355,18.9409068244645
3125.08,18.36768095,18.0973048377435,3125.08,19.29827768,18.9413421786513
3125.562,18.35572465,18.0976419959576,3125.562,19.29440625,18.9417778028193
3126.045,18.35260151,18.0979802315449,3126.045,19.29482953,18.9422146011829
3126.527,18.36364187,18.0983181432222,3126.527,19.30999383,18.9426507646398
3127.009,18.34328068,18.0986564301551,3127.009,19.31077937,18.9430871968395
3127.491,18.3469215,18.0989950916151,3127.491,19.30687284,18.9435238973638
3127.973,18.36490367,18.0993341268697,3127.973,19.28040391,18.9439608657916
3128.455,18.3361165,18.0996735351822,3128.455,19.3047832,18.9443981016988
3128.937,18.33783956,18.1000133158121,3128.937,19.30901428,18.9448356046586
3129.419,18.3330124,18.1003534680146,3129.419,19.29589492,18.9452733742413
3129.902,18.32196703,18.1006946979053,3129.902,19.28356819,18.9457123190785
3130.384,18.33612221,18.1010355917701,3130.384,19.30250754,18.9461506211573
3130.866,18.3413998,18.1013768549479,3130.866,19.29714197,18.9465891885516
3131.348,18.33865658,18.1017184866779,3131.348,19.29854228,18.9470280208205
3131.83,18.32161619,18.1020604861955,3131.83,19.29136733,18.9474671175198
3132.312,18.31811011,18.1024028527318,3132.312,19.29691734,18.9479064782027
3132.794,18.32317706,18.1027455855141,3132.794,19.30211917,18.9483461024196
3133.276,18.30353613,18.1030886837656,3133.276,19.28243782,18.9487859897177
3133.759,18.30273064,18.1034328596628,3133.759,19.28439494,18.9492270530886
3134.24,18.31557858,18.103775973549,3134.24,19.29712906,18.9496665517334
3134.723,18.3080872,18.1041208779712,3134.723,19.29614982,18.9501081400643
3135.205,18.31501178,18.1044654310024,3135.205,19.28648584,18.9505490756465
3135.687,18.32883327,18.1048103455572,3135.687,19.30452529,18.9509902720034
3136.169,18.31449943,18.1051556208346,3136.169,19.29065429,18.9514317286654
3136.651,18.29514176,18.10550125603,3136.651,19.3022448,18.9518734451599
3137.133,18.29467973,18.1058472503346,3137.133,19.29549621,18.9523154210115
3137.615,18.30445235,18.1061936029355,3137.615,19.28967874,18.9527576557421
3138.097,18.28755922,18.1065403130161,3138.097,19.29995394,18.9532001488707
3138.58,18.2987736,18.1068881001811,3138.58,19.29158223,18.9536438187516
3139.062,18.26198396,18.107235523492,3139.062,19.29725237,18.954086827755
3139.544,18.2790172,18.1075833018065,3139.544,19.30647725,18.954530093695
3140.026,18.25665113,18.107931434292,3140.026,19.31916459,18.9549736160794
3140.508,18.26260499,18.1082799201117,3140.508,19.29063767,18.9554173944128
3140.99,18.26009192,18.1086287584251,3140.99,19.29468409,18.9558614281971
3141.472,18.25673398,18.1089779483874,3141.472,19.27726164,18.9563057169315
3141.954,18.25642203,18.1093274891502,3141.954,19.27499527,18.9567502601121
3142.437,18.23611369,18.1096781061382,3142.437,19.26459556,18.9571959803116
3142.919,18.24550597,18.1100283466634,3142.919,19.27701137,18.9576410313874
3143.401,18.25061642,18.1103789354175,3143.401,19.26684322,18.9580863353802
3143.883,18.23478287,18.1107298715362,3143.883,19.25369846,18.9585318917748
3144.365,18.22898708,18.1110811541509,3144.365,19.24414651,18.9589777000534
3144.847,18.22176354,18.1114327823894,3144.847,19.25545452,18.9594237596953
3145.329,18.24080601,18.1117847553753,3145.329,19.25804203,18.9598700701768
3145.811,18.24742327,18.1121370722283,3145.811,19.24331757,18.9603166309717
3146.293,18.23778505,18.1124897320642,3146.293,19.24889845,18.9607634415507
3146.776,18.23819513,18.112843466719,3146.776,19.26348959,18.9612114291505
3147.258,18.23591771,18.1131968105591,3147.258,19.26303926,18.9616587382143
3147.74,18.22586219,18.113550494704,3147.74,19.24978004,18.9621062954566
3148.222,18.21211976,18.1139045182535,3148.222,19.25120624,18.9625541003369
3148.704,18.20918841,18.1142588803038,3148.704,19.26642469,18.963002152312
3149.186,18.2304848,18.114613579947,3149.186,19.25596169,18.9634504508357
3149.668,18.19772882,18.1149686162712,3149.668,19.21921009,18.9638989953591
3150.15,18.20817286,18.1153239883609,3150.15,19.2626916,18.9643477853305
3150.633,18.2010709,18.1156804336249,3150.633,19.23475247,18.9647977520572
3151.115,18.2223416,18.1160364751742,3151.115,19.23906009,18.9652470317647
3151.597,18.18870709,18.1163928497164,3151.597,19.24759135,18.9656965552469
3152.079,18.19354805,18.1167495563198,3152.079,19.24493683,18.9661463219411
3152.561,18.19163098,18.1171065940494,3152.561,19.239035,18.9665963312815
3153.043,18.17815964,18.1174639619657,3153.043,19.24378505,18.9670465826994
3153.525,18.18403908,18.1178216591258,3153.525,19.24583568,18.9674970756237
3154.007,18.18870597,18.1181796845825,3154.007,19.25461985,18.9679478094801
3154.49,18.1899191,18.118538781195,3154.49,19.25582558,18.9683997195722
3154.972,18.1755447,18.1188974610645,3154.972,19.27011927,18.9688509340561
3155.454,18.17383053,18.1192564663642,3155.454,19.22400281,18.9693023877318
3155.936,18.1628021,18.1196157961314,3155.936,19.23684246,18.9697540800138
3156.418,18.16493395,18.1199754493997,3156.418,19.24604117,18.9702060103142
3156.9,18.16887161,18.1203354251986,3156.9,19.23573372,18.970658178042
3157.382,18.15927052,18.1206957225539,3157.382,19.22403935,18.9711105826036
3157.864,18.15836844,18.1210563404874,3157.864,19.22600576,18.9715632234025
3158.346,18.14725363,18.1214172780171,3158.346,19.21094563,18.9720160998394
3158.829,18.14523282,18.1217792839817,3158.829,19.21830167,18.9724701516216
3159.311,18.14723729,18.1221408584001,3159.311,19.21551327,18.9729234980117
3159.793,18.13813832,18.1225027494433,3159.793,19.21263357,18.9733770782241
3160.275,18.12046705,18.1228649561139,3160.275,19.21128874,18.9738308916487
3160.757,18.1293766,18.1232274774103,3160.757,19.20827922,18.9742849376722
3161.239,18.1430766,18.1235903123275,3161.239,19.18192767,18.9747392156788
3161.721,18.12764763,18.1239534598564,3161.721,19.18864276,18.9751937250498
3162.203,18.1092488,18.1243169189839,3162.203,19.21818129,18.9756484651639
3162.686,18.12772433,18.1246814437245,3162.686,19.17584056,18.9761043795572
3163.167,18.12269743,18.1250447679642,3163.167,19.19004049,18.9765586351216
3163.65,18.11788798,18.1254099120832,3163.65,19.22117287,18.9770150088186
3164.132,18.11811524,18.1257746080364,3164.132,19.19454593,18.9774706661081
3164.614,18.12522167,18.1261396104639,3164.614,19.20265417,18.9779265509909
3165.096,18.10962223,18.1265049183298,3165.096,19.20187671,18.9783826628288
3165.578,18.11338032,18.1268705305942,3165.578,19.20960474,18.9788390009812
3166.06,18.11588106,18.1272364462137,3166.06,19.21490368,18.9792955648047
3166.542,18.09575308,18.1276026641407,3166.542,19.18569378,18.979752353653
3167.024,18.08077047,18.1279691833241,3167.024,19.18466249,18.980209366877
3167.507,18.10702365,18.1283367640561,3167.507,19.18386747,18.9806675526817
3167.989,18.09514639,18.1287038832027,3167.989,19.18057062,18.9811250131617
3168.471,18.09004946,18.1290713004269,3168.471,19.18311517,18.9815826960528
3168.953,18.09395792,18.1294390146622,3168.953,19.158645,18.9820406006951
3169.435,18.09347741,18.1298070248384,3169.435,19.14637168,18.9824987264259
3169.917,18.06907549,18.1301753298813,3169.917,19.15937157,18.9829570725798
3170.399,18.07777525,18.1305439287132,3170.399,19.15288651,18.9834156384887
3170.881,18.0669866,18.1309128202525,3170.881,19.15229966,18.9838744234818
3171.364,18.06766207,18.1312827696563,3171.364,19.13277578,18.9843343794012
3171.846,18.0338973,18.1316522439519,3171.846,19.12723288,18.9847936009901
3172.328,18.04625701,18.132022007685,3172.328,19.12737917,18.9852530396329
3172.81,18.03281979,18.1323920597589,3172.81,19.13832454,18.9857126946477
3173.292,18.04588399,18.1327623990732,3173.292,19.12684962,18.9861725653502
3173.774,18.04942521,18.1331330245235,3173.774,19.11781387,18.9866326510531
3174.256,18.03916009,18.1335039350018,3174.256,19.13399208,18.9870929510667
3174.738,18.03580407,18.1338751293964,3174.738,19.11279481,18.9875534646982
3175.22,18.02393542,18.1342466065918,3175.22,19.10961846,18.9880141912524
3175.703,17.99391378,18.1346191370447,3175.703,19.11109359,18.9884760865559
3176.185,18.02843093,18.1349911770609,3176.185,19.14278225,18.9889372372969
3176.667,18.02681898,18.1353634965066,3176.667,19.1259176,18.989398598857
3177.149,18.01156565,18.1357360942512,3177.149,19.12032484,18.9898601705302
3177.631,18.02390403,18.1361089691605,3177.631,19.10442684,18.9903219516076
3178.113,18.02202895,18.1364821200966,3178.113,19.10095312,18.9907839413777
3178.595,18.01360195,18.1368555459178,3178.595,19.09481694,18.9912461391264
3179.077,18.00591676,18.1372292454788,3179.077,19.10210095,18.9917085441368
3179.56,18.02322334,18.1376039937889,3179.56,19.08301682,18.9921721156786
3180.042,18.01542646,18.1379782379404,3180.042,19.09146587,18.9926349334774
3180.524,18.00194493,18.1383527523709,3180.524,19.09081959,18.9930979563698
3181.006,18.00737244,18.1387275359202,3181.006,19.086815,18.9935611836281
3181.488,18.02377485,18.1391025874244,3181.488,19.07237878,18.9940246145221
3181.97,18.00223849,18.1394779057159,3181.97,19.09300447,18.9944882483189
3182.452,18.01385986,18.1398534896235,3182.452,19.08326934,18.9949520842828
3182.934,18.01143368,18.1402293379722,3182.934,19.07084148,18.9954161216757
3183.417,18.01798908,18.1406062301707,3183.417,19.06075113,18.9958813231143
3183.899,17.98926896,18.1409826044045,3183.899,19.07188837,18.9963457615537
3184.381,18.00102612,18.14135923953,3184.381,19.04671604,18.9968103991898
3184.863,18.01085372,18.1417361343577,3184.863,19.06470287,18.9972752352737
3185.345,18.01115869,18.1421132876941,3185.345,19.02554949,18.9977402690537
3185.827,17.98078181,18.1424906983423,3185.827,19.04876489,18.9982054997759
3186.309,17.98845808,18.1428683651018,3186.309,19.03820149,18.9986709266832
3186.791,17.9979086,18.1432462867682,3186.791,19.04664779,18.9991365490163
3187.273,17.99257497,18.1436244621338,3187.273,19.03453698,18.9996023660129
3187.756,17.97129975,18.1440036753685,3187.756,19.02742453,19.0000693439371
3188.238,17.97321202,18.1443823550141,3188.238,19.02415659,19.000535548364
3188.72,17.97179544,18.1447612847108,3188.72,19.03707147,19.0010019451508
3189.202,17.96861977,18.1451404632361,3189.202,19.02268669,19.0014685335248
3189.684,17.98711114,18.1455198893641,3189.684,19.04919815,19.0019353127108
3190.166,17.9741155,18.1458995618651,3190.166,19.02082109,19.0024022819308
3190.648,17.97013017,18.1462794795059,3190.648,19.02879332,19.0028694404044
3191.13,17.9672385,18.1466596410496,3191.13,19.01780861,19.0033367873484
3191.613,18.01215526,18.1470408347274,3191.613,19.02062482,19.0038052921605
3192.094,17.96323078,18.1474206908802,3192.094,19.0170325,19.0042720435021
3192.577,17.95660621,18.1478023671439,3192.577,19.01209644,19.0047409220882
3193.059,17.97221207,18.1481834923532,3193.059,18.98770146,19.0052090154141
3193.541,17.97695598,18.1485648552247,3193.541,18.99356488,19.005677293254
3194.023,17.98068197,18.1489464545,3194.023,18.9939739,19.0061457548093
3194.505,17.97470014,18.1493282889171,3194.505,18.99083078,19.0066143992784
3194.987,17.97295321,18.1497103572107,3194.987,18.98502498,19.0070832258575
3195.469,17.98663429,18.1500926581115,3195.469,18.98813169,19.0075522337401
3195.951,17.97096378,18.1504751903471,3195.951,18.98274965,19.008021422117
3196.434,17.97208703,18.1508587469921,3196.434,18.97663779,19.0084917641555
3196.916,17.97582724,18.1512417385384,3196.916,18.97394262,19.0089613114537
3197.398,17.97798057,18.1516249575776,3197.398,18.98936747,19.0094310368018
3197.88,17.94927781,18.152008402823,3197.88,18.97151123,19.0099009393803
3198.362,17.93665,18.1523920729843,3198.362,18.94010489,19.0103710183673
3198.844,17.95478443,18.1527759667676,3198.844,18.96196187,19.0108412729381
3199.326,17.94997404,18.1531600828756,3199.326,18.95269883,19.0113117022658
3199.808,17.9436626,18.1535444200074,3199.808,18.9659518,19.0117823055206
3200.291,17.95069745,18.1539297749221,3200.291,18.93461476,19.012254058764
3200.773,17.95452773,18.1543145506368,3200.773,18.94595656,19.0127250077303
3201.255,17.93353516,18.1546995434492,3201.255,18.95845285,19.0131961281178
3201.737,17.93061212,18.1550847520442,3201.737,18.93822036,19.0136674190864
3202.219,17.93749295,18.1554701751037,3202.219,18.93521158,19.0141388797938
3202.701,17.93607821,18.1558558113057,3202.701,18.94565203,19.0146105093951
3203.183,17.94362606,18.1562416593251,3203.183,18.94519763,19.0150823070428
3203.665,17.91450814,18.156627717833,3203.665,18.94002296,19.0155542718869
3204.147,17.93753113,18.1570139854973,3204.147,18.92959494,19.0160264030748
3204.63,17.93113786,18.1574012630137,3204.63,18.92208705,19.0164996797916
3205.112,17.92910638,18.1577879454072,3205.112,18.92434982,19.0169721414403
3205.594,17.91797191,18.1581748329369,3205.594,18.9024087,19.0174447668583
3206.076,17.93392892,18.1585619242568,3206.076,18.90519971,19.017917555183
3206.558,17.92237566,18.1589492180175,3206.558,18.94671386,19.0183905055494
3207.04,17.91986177,18.1593367128661,3207.04,18.92161482,19.0188636170899
3207.522,17.93072523,18.1597244074463,3207.522,18.88947372,19.0193368889342
3208.004,17.91949676,18.1601123003985,3208.004,18.90172889,19.0198103202099
3208.487,17.93141698,18.1605011957291,3208.487,18.89846771,19.0202848927575
3208.969,17.92768642,18.1608894817368,3208.969,18.88094213,19.0207586405942
3209.451,17.93347688,18.161277962014,3209.451,18.87573554,19.0212325452276
3209.933,17.91248475,18.1616666351874,3209.933,18.87474649,19.0217066057751
3210.415,17.92367011,18.1620554998803,3210.415,18.88919708,19.0221808213518
3210.897,17.92503201,18.1624445547126,3210.897,18.88402116,19.02265519107
3211.379,17.92715811,18.1628337983008,3211.379,18.88077217,19.0231297140398
3211.861,17.92977708,18.1632232292581,3211.861,18.88007704,19.0236043893687
3212.344,17.92022047,18.1636136547206,3212.344,18.86182897,19.0240802014365
3212.826,17.91747905,18.1640034566238,3212.826,18.89381197,19.024555179108
3213.308,17.93976754,18.1643934417124,3213.308,18.8868492,19.0250303064446
3213.79,17.92308103,18.1647836085865,3213.79,18.87293412,19.025505582544
3214.272,17.94379492,18.1651739558422,3214.272,18.86103654,19.0259810065016
3214.754,17.92080737,18.1655644820727,3214.754,18.87038153,19.0264565774102
3215.236,17.93323525,18.1659551858678,3215.236,18.86765597,19.0269322943601
3215.718,17.91070354,18.1663460658138,3215.718,18.87240104,19.0274081564393
3216.2,17.90039816,18.1667371204939,3216.2,18.86210245,19.0278841627333
3216.683,17.90884802,18.1671291603435,3216.683,18.86997022,19.0283613003358
3217.165,17.90575711,18.1675205605831,3217.165,18.85335975,19.0288375926007
3217.647,17.9012994,18.1679121312833,3217.647,18.84468412,19.0293140263206
3218.129,17.91342199,18.1683038710141,3218.129,18.8565407,19.0297906005712
3218.611,17.92411295,18.1686957783422,3218.611,18.84679338,19.0302673144261
3219.093,17.90541177,18.1690878518307,3219.093,18.8488515,19.0307441669561
3219.575,17.91818385,18.16948009004,3219.575,18.86786504,19.03122115723
3220.057,17.93700638,18.1698724915267,3220.057,18.84390641,19.031698284314
3220.54,17.92344732,18.1702658694584,3220.54,18.84466923,19.0321765375845
3221.021,17.93553123,18.1706577785436,3221.021,18.85678881,19.0326529451649
3221.504,17.94384537,18.1710514764445,3221.504,18.84146407,19.0331314679211
3221.986,17.92865993,18.1714445168696,3221.986,18.84534585,19.0336091331347
3222.468,17.93070728,18.1718377133045,3222.468,18.82967601,19.0340869304516
3222.95,17.92945249,18.1722310642866,3222.95,18.81637975,19.0345648589239
3223.432,17.95241762,18.1726245683501,3223.432,18.81971018,19.035042917601
3223.914,17.92884595,18.1730182240259,3223.914,18.81828178,19.0355211055302
3224.396,17.95134133,18.1734120298419,3224.396,18.81040958,19.0359994217562
3224.878,17.93725876,18.1738059843225,3224.878,18.81581008,19.0364778653215
3225.361,17.94151565,18.1742009037793,3225.361,18.82141141,19.0369574282808
3225.843,17.94046957,18.1745951514508,3225.843,18.83032458,19.0374361239021
3226.325,17.93339643,18.1749895433383,3226.325,18.80629804,19.037914943974
3226.807,17.9417141,18.1753840779538,3226.807,18.81939847,19.0383938875298
3227.289,17.92553446,18.1757787538058,3227.289,18.82954932,19.0388729536001
3227.771,17.93469034,18.1761735693999,3227.771,18.81565464,19.0393521412134
3228.253,17.92197512,18.1765685232383,3228.253,18.81123234,19.0398314493959
3228.735,17.93464208,18.1769636138204,3228.735,18.81864641,19.0403108771712
3229.218,17.93402073,18.1773596597523,3229.218,18.8014242,19.0407914185931
3229.7,17.94848386,18.1777550195826,3229.7,18.81615509,19.0412710828594
3230.182,17.95071211,18.1781505116323,3230.182,18.80929809,19.0417508637741
3230.664,17.94192995,18.178546134388,3230.664,18.79984588,19.0422307603518
3231.146,17.94894968,18.1789418863333,3231.146,18.80249116,19.0427107716047
3231.628,17.95486504,18.1793377659487,3231.628,18.81279325,19.0431908965428
3232.11,17.92150007,18.1797337717116,3232.11,18.79674007,19.0436711341738
3232.592,17.96562469,18.1801299020964,3232.592,18.81207025,19.0441514835031
3233.074,17.98675008,18.1805261555743,3233.074,18.78249223,19.0446319435339
3233.557,17.96164044,18.1809233530935,3233.557,18.79863211,19.045113510413
3234.039,17.96106591,18.1813198484064,3234.039,18.78829376,19.0455941890715
3234.521,17.9497093,18.1817164622045,3234.521,18.79479925,19.0460749754251
3235.003,17.96340946,18.1821131929468,3235.003,18.78556178,19.046555868468
3235.485,17.93950137,18.1825100390892,3235.485,18.7812785,19.0470368671919
3235.967,17.96582152,18.1829069990847,3235.967,18.80308291,19.0475179705865
3236.449,17.96904302,18.1833040713831,3236.449,18.81145432,19.0479991776391
3236.931,17.94966315,18.1837012544313,3236.931,18.78850878,19.0484804873347
3237.414,17.95482383,18.1840993710434,3237.414,18.78827994,19.0489628975398
3237.896,17.96108514,18.1844967711415,3237.896,18.78219818,19.0494444096755
3238.378,17.9587784,18.1848942773086,3238.378,18.78905233,19.0499260213941
3238.86,17.98559953,18.1852918879798,3238.86,18.78218691,19.0504077316717
3239.342,17.97666242,18.1856896015868,3239.342,18.7776146,19.0508895394823
3239.824,17.97073438,18.1860874165584,3239.824,18.79472253,19.0513714437977
3240.306,17.96496852,18.1864853313208,3240.306,18.77044237,19.0518534435874
3240.788,17.96102612,18.1868833442968,3240.788,18.77894298,19.0523355378188
3241.271,17.97377928,18.1872822799593,3241.271,18.78564017,19.0528187259428
3241.753,17.94887169,18.1876804848152,3241.753,18.80865537,19.0533010061415
3242.235,17.98071905,18.1880787831326,3242.235,18.79229831,19.0537833776688
3242.717,17.99469555,18.1884771733228,3242.717,18.80623865,19.0542658394831
3243.199,17.98213,18.188875653794,3243.199,18.80337474,19.0547483905411
3243.681,17.98251811,18.1892742229516,3243.681,18.78944421,19.0552310297969
3244.163,17.97634812,18.1896728791981,3244.163,18.81467407,19.0557137562027
3244.645,17.98342543,18.190071620933,3244.645,18.81230665,19.0561965687085
3245.127,17.99412938,18.190470446553,3245.127,18.80284485,19.056679466262
3245.61,17.97650154,18.1908701821461,3245.61,18.80995063,19.057163449932
3246.092,18.00517741,18.1912691708804,3246.092,18.80403592,19.057646514587
3246.574,18.00654638,18.1916682386693,3246.574,18.82042155,19.0581296611181
3247.056,17.98501584,18.1920673838979,3247.056,18.80635,19.0586128884647
3247.538,17.97592921,18.1924666049485,3247.538,18.80160558,19.0590961955638
3248.02,17.95933103,18.1928659002006,3248.02,18.80784339,19.0595795813505
3248.502,17.97916474,18.193265268031,3248.502,18.80728778,19.0600630447577
3248.984,17.98804247,18.1936647068133,3248.984,18.78407011,19.0605465847162
3249.467,17.97829041,18.1940650438447,3249.467,18.80541824,19.061031203584
3249.948,17.99421676,18.1944637907154,3249.948,18.78585569,19.0615138899998
3250.431,17.99490754,18.1948642617687,3250.431,18.79609637,19.0619986569094
3250.913,17.98995731,18.1952639681733,3250.913,18.79316304,19.0624824924879
3251.395,17.9973132,18.1956637373536,3251.395,18.78671164,19.0629663992379
3251.877,18.00507571,18.1960635676666,3251.877,18.79456055,19.0634503760778
3252.359,18.01557985,18.1964634574667,3252.359,18.80517533,19.0639344219237
3252.841,18.00064465,18.1968634051054,3252.841,18.79149047,19.0644185356898
3253.323,18.00311799,18.1972634089314,3253.323,18.78820157,19.0649027162882
3253.805,18.03632153,18.1976634672908,3253.805,18.79847153,19.0653869626288
3254.288,18.03050001,18.198064408687,3254.288,18.79512626,19.0658722784806
3254.77,18.02483094,18.1984645712448,3254.77,18.80837007,19.0663566531583
3255.252,18.0475477,18.1988647833543,3255.252,18.77936385,19.0668410902938
3255.734,18.04320608,18.1992650433506,3255.734,18.80137001,19.0673255887889
3256.216,18.06944926,18.1996653495661,3256.216,18.78381295,19.0678101475434
3256.698,18.05749703,18.2000657003305,3256.698,18.77191337,19.0682947654552
3257.18,18.06359626,18.200466093971,3257.18,18.77840789,19.0687794414201
3257.662,18.0527458,18.200866528812,3257.662,18.788744,19.0692641743318
3258.145,18.05953757,18.2012678340746,3258.145,18.79190992,19.0697499689253
3258.627,18.04258417,18.2016683463557,3258.627,18.77118782,19.0702348125166
3259.109,18.06755143,18.2020688947909,3259.109,18.798994,19.0707197097218
3259.591,18.0535429,18.202469477694,3259.591,18.77866572,19.0712046594268
3260.073,18.06750845,18.2028700933762,3260.073,18.79020862,19.0716896605155
3260.555,18.07229431,18.203270740146,3260.555,18.79467502,19.0721747118697
3261.037,18.08580877,18.2036714163093,3261.037,18.79315664,19.0726598123693
3261.519,18.06803862,18.2040721201694,3261.519,18.79855613,19.0731449608923
3262.001,18.07078284,18.2044728500271,3262.001,18.80633423,19.0736301563146
3262.484,18.09336653,18.2048744356446,3262.484,18.82738192,19.0741164042817
3262.966,18.07972352,18.2052752124341,3262.966,18.81239818,19.0746016902145
3263.448,18.09426088,18.2056760101043,3263.448,18.79514108,19.0750870196606
3263.93,18.09318585,18.2060768269456,3263.93,18.79776779,19.0755723914884
3264.412,18.11153161,18.2064776612458,3264.412,18.79242989,19.076057804564
3264.894,18.10347213,18.2068785112902,3264.894,18.82466743,19.076543257752
3265.376,18.10012305,18.2072793753617,3265.376,18.8091967,19.0770287499149
3265.858,18.13221176,18.2076802517405,3265.858,18.81859528,19.0775142799131
3266.341,18.11631992,18.2080819704298,3266.341,18.80017104,19.0780008540426
3266.823,18.11091528,18.2084828662706,3266.823,18.81645783,19.0784864563584
3267.305,18.12394257,18.2088837692409,3267.305,18.83021442,19.0789720930776
3267.787,18.12769137,18.2092846776109,3267.787,18.83079956,19.0794577630533
3268.269,18.11081906,18.2096855896486,3268.269,18.85252396,19.0799434651366
3268.751,18.12898519,18.2100865036191,3268.751,18.83728899,19.0804291981768
3269.233,18.1398343,18.2104874177853,3269.233,18.83170081,19.0809149610214
3269.715,18.14270941,18.2108883304078,3269.715,18.82330516,19.0814007525158
3270.198,18.13582374,18.2112900715019,3270.198,18.83944206,19.0818875794549
3270.68,18.1480812,18.2116909757959,3270.68,18.83079618,19.0823734248319
3271.162,18.13048204,18.2120918733092,3271.162,18.83475033,19.0828592953822
3271.644,18.14900067,18.2124927622924,3271.644,18.84768821,19.0833451899437
3272.126,18.14910672,18.2128936409939,3272.126,18.86125954,19.0838311073531
3272.608,18.15971894,18.2132945076596,3272.608,18.83292988,19.0843170464448
3273.09,18.1546635,18.213695360533,3273.09,18.85295295,19.0848030060517
3273.572,18.15666431,18.2140961978553,3273.572,18.82944649,19.0852889850047
3274.054,18.15679643,18.2144970178652,3274.054,18.82635854,19.0857749821329
3274.537,18.1432068,18.2148986503155,3274.537,18.82111661,19.0862620046088
3275.019,18.16880198,18.2152994303629,3275.019,18.83129072,19.0867480345996
3275.501,18.14912532,18.2157001877966,3275.501,18.85566604,19.08723407924
3275.983,18.16521619,18.2161009208462,3275.983,18.85525111,19.0877201373522
3276.465,18.18424007,18.2165016277387,3276.465,18.84339698,19.0882062077563
3276.947,18.1958249,18.2169023066991,3276.947,18.85862427,19.088692289271
3277.429,18.18116456,18.2173029559498,3277.429,18.85989084,19.089178380713
3277.911,18.18494299,18.2177035737112,3277.911,18.84621825,19.0896644808974
3278.394,18.17939549,18.2181049892535,3278.394,18.86742136,19.0901515971667
3278.875,18.17734883,18.2185047076354,3278.875,18.86811348,19.0906367027447
3279.358,18.1932061,18.2189060511269,3279.358,18.88274313,19.0911238305799
3279.84,18.19254009,18.219306525006,3279.84,18.87304478,19.0916099538566
3280.322,18.20115924,18.2197069584593,3280.322,18.87458959,19.0920960799225
3280.804,18.20321158,18.2201073496937,3280.804,18.88460769,19.0925822075823
3281.286,18.20349015,18.2205076969137,3281.286,18.89060279,19.0930683356391
3281.768,18.20630882,18.2209079983216,3281.768,18.89393865,19.0935544628942
3282.25,18.2192148,18.2213082521176,3282.25,18.88254137,19.0940405881473
3282.732,18.22672506,18.2217084564997,3282.732,18.89708098,19.0945267101963
3283.215,18.24299651,18.2221094398024,3283.215,18.89194146,19.0950138363751
3283.697,18.23532884,18.2225095398299,3283.697,18.90100621,19.0954999483905
3284.179,18.24537374,18.2229095850207,3284.179,18.90934455,19.0959860535834
3284.661,18.25084916,18.2233095735639,3284.661,18.89197073,19.0964721507452
3285.143,18.25821411,18.2237095036469,3285.143,18.88468907,19.0969582386655
3285.625,18.25749662,18.2241093734548,3285.625,18.88893007,19.0974443161324
3286.107,18.25324428,18.2245091811704,3286.107,18.90387676,19.0979303819325
3286.589,18.25794475,18.2249089249747,3286.589,18.88385461,19.0984164348505
3287.072,18.27591433,18.2253094321845,3287.072,18.90227727,19.0989034820335
3287.554,18.29459998,18.2257090425583,3287.554,18.90558054,19.0993895055026
3288.036,18.28929955,18.2261085835472,3288.036,18.8999874,19.099875512432
3288.518,18.28588,18.2265080533236,3288.518,18.89792325,19.1003615016003
3289,18.2957585,18.2269074500581,3289,18.90144988,19.1008474717842
3289.482,18.30804014,18.2273067719191,3289.482,18.90341778,19.1013334217591
3289.964,18.30552937,18.2277060170732,3289.964,18.92365876,19.1018193502987
3290.446,18.27940773,18.2281051836848,3290.446,18.91742475,19.1023052561752
3290.928,18.28273738,18.2285042699164,3290.928,18.91746281,19.1027911381592
3291.411,18.29676854,18.2289041016506,3291.411,18.9179503,19.1032780029946
3291.893,18.30787889,18.229303021425,3291.893,18.93935265,19.1037638334433
3292.375,18.31936063,18.229701855291,3292.375,18.95576338,19.1042496362996
3292.857,18.30140104,18.2301006014029,3292.857,18.93881895,19.104735410328
3293.339,18.30196319,18.2304992579134,3293.339,18.92388331,19.1052211542913
3293.821,18.30881086,18.2308978229732,3293.821,18.94158306,19.1057068669511
3294.303,18.3102042,18.2312962947309,3294.303,18.95331762,19.1061925470673
3294.785,18.31817917,18.2316946713333,3294.785,18.94053848,19.1066781933985
3295.268,18.30353947,18.2320937771295,3295.268,18.95739461,19.1071648121565
3295.75,18.30531869,18.2324919576471,3295.75,18.97972598,19.1076503871104
3296.232,18.30277382,18.2328900374345,3296.232,18.96596595,19.1081359245431
3296.714,18.31030111,18.2332880146311,3296.714,18.98591935,19.1086214232072
3297.196,18.32268122,18.2336858873741,3297.196,18.97587425,19.1091068818538
3297.678,18.31212466,18.234083653799,3297.678,18.98045244,19.1095922992326
3298.16,18.31814791,18.2344813120396,3298.16,18.98607685,19.1100776740919
3298.642,18.32220732,18.2348788602277,3298.642,18.97161431,19.1105630051784
3299.125,18.31743712,18.2352771209322,3299.125,18.99098986,19.1110492980074
3299.607,18.31952563,18.2356744431654,3299.607,18.98387603,19.1115345376857
3300.089,18.35632791,18.2360716497269,3300.089,19.01481668,19.1120197298206
3300.571,18.35831447,18.2364687387414,3300.571,18.99190052,19.1125048731531
3301.053,18.33357566,18.2368657083316,3301.053,18.99036671,19.1129899664231
3301.535,18.36609777,18.2372625566187,3301.535,19.01102279,19.1134750083689
3302.017,18.36258457,18.237659281722,3302.017,19.02323103,19.1139599977275
3302.499,18.37002543,18.2380558817592,3302.499,19.0326382,19.1144449332345
3302.981,18.36781574,18.2384523548462,3302.981,19.02439519,19.1149298136243
3303.464,18.38616604,18.2388495212528,3303.464,19.05554809,19.1154156434291
3303.946,18.35647397,18.239245734507,3303.946,19.02998739,19.1159004096607
3304.428,18.38654758,18.2396418151445,3304.428,19.05055822,19.1163851169672
3304.91,18.38072953,18.2400377612744,3304.91,19.04403458,19.1168697640773
3305.392,18.37787781,18.2404335710041,3305.392,19.04900942,19.1173543497187
3305.874,18.3728671,18.2408292424394,3305.874,19.04311864,19.1178388726178
3306.356,18.3803099,18.2412247736845,3306.356,19.0570993,19.1183233314993
3306.838,18.36803277,18.2416201628419,3306.838,19.06016484,19.118807725087
3307.321,18.37697005,18.2420162278721,3307.321,19.05056369,19.1192930568611
3307.802,18.36728579,18.2424105072953,3307.802,19.07870494,19.1197763112694
3308.285,18.39016481,18.2428062780349,3308.285,19.04295503,19.1202615057758
3308.767,18.37633838,18.2432010795216,3308.767,19.06480837,19.1207456252521
3309.249,18.36468466,18.243595729405,3309.249,19.0508168,19.1212296730311
3309.731,18.36499939,18.2439902257782,3309.731,19.06465429,19.1217136478289
3310.213,18.4018067,18.2443845667326,3310.213,19.06951086,19.1221975483603
3310.695,18.39481654,18.2447787503579,3310.695,19.06055035,19.1226813733389
3311.177,18.38757053,18.2451727747426,3311.177,19.06412591,19.1231651214772
3311.659,18.39128831,18.2455666379734,3311.659,19.07341223,19.1236487914863
3312.142,18.3909883,18.2459611547703,3312.142,19.08685512,19.1241333852925
3312.624,18.40555659,18.2463546896037,3312.624,19.06729065,19.124616895003
3313.106,18.40983633,18.2467480575309,3313.106,19.10169608,19.1251003227078
3313.588,18.40854644,18.2471412566328,3313.588,19.10555088,19.1255836671133
3314.07,18.43195957,18.2475342849887,3314.07,19.10105136,19.1260669269248
3314.552,18.44490246,18.2479271406768,3314.552,19.10522934,19.1265501008464
3315.034,18.42893384,18.2483198217735,3315.034,19.10619201,19.1270331875808
3315.516,18.42466705,18.2487123263541,3315.516,19.13147948,19.1275161858299
3315.999,18.42366093,18.2491054662602,3315.999,19.11776318,19.1280000960848
3316.481,18.44716419,18.2494976116522,3316.481,19.11590263,19.1284829132737
3316.963,18.44808837,18.2498895747412,3316.963,19.12496561,19.1289656380729
3317.445,18.46074333,18.2502813535968,3317.445,19.13584628,19.1294482691798
3317.927,18.445751,18.2506729462873,3317.927,19.13837211,19.1299308052906
3318.409,18.42878536,18.2510643508796,3318.409,19.14087394,19.1304132451003
3318.891,18.44756042,18.2514555654394,3318.891,19.13261408,19.1308955873027
3319.373,18.4498336,18.2518465880309,3319.373,19.15194097,19.131377830591
3319.855,18.44307091,18.2522374167172,3319.855,19.14708078,19.1318599736568
3320.338,18.42782383,18.2526288597965,3320.338,19.16584117,19.1323430151707
3320.82,18.44506316,18.2530192944437,3320.82,19.15607176,19.1328249536481
3321.302,18.43757314,18.2534095293629,3321.302,19.15905658,19.1333067879696
3321.784,18.43369265,18.253799562612,3321.784,19.17490332,19.1337885168227
3322.266,18.44132014,18.2541893922477,3322.266,19.17969288,19.134270138894
3322.748,18.45329562,18.2545790163255,3322.748,19.16469666,19.1347516528692
3323.23,18.42632242,18.2549684328995,3323.23,19.20145825,19.1352330574329
3323.712,18.46143244,18.2553576400227,3323.712,19.19421385,19.1357143512686
3324.195,18.44747392,18.2557474425711,3324.195,19.21487917,19.1361965312441
3324.677,18.45625025,18.2561362245027,3324.677,19.18687797,19.1366775994341
3325.159,18.47215179,18.2565247911316,3325.159,19.19316377,19.1371585529384
3325.641,18.45142807,18.2569131405061,3325.641,19.21644061,19.1376393904366
3326.123,18.4428999,18.2573012706735,3326.123,19.20562281,19.1381201106075
3326.605,18.48543732,18.2576891796799,3326.605,19.20062168,19.1386007121288
3327.087,18.45841753,18.2580768655703,3327.087,19.22171465,19.1390811936775
3327.569,18.47592316,18.2584643263886,3327.569,19.22723348,19.1395615539294
3328.052,18.45782905,18.2588523633298,3328.052,19.20571924,19.1400427877748
3328.534,18.45321127,18.2592393676541,3328.534,19.20587076,19.140522901199
3329.016,18.46980696,18.2596261410275,3329.016,19.21201477,19.141002889346
3329.498,18.4809284,18.2600126814897,3329.498,19.19469263,19.1414827508882
3329.98,18.47718922,18.2603989870793,3329.98,19.20188151,19.1419624844972
3330.462,18.47972045,18.2607850558338,3330.462,19.21720648,19.1424420888435
3330.944,18.49686338,18.26117088579,3330.944,19.21909513,19.1429215625968
3331.426,18.47751984,18.2615564749834,3331.426,19.23062005,19.143400904426
3331.908,18.49536041,18.2619418214487,3331.908,19.22099074,19.1438801129991
3332.391,18.5073061,18.2623277219301,3332.391,19.22160481,19.144360180772
3332.873,18.50398366,18.2627125765254,3332.873,19.22506473,19.1448391185505
3333.355,18.48699549,18.2630971824868,3333.355,19.22847603,19.1453179190693
3333.837,18.50190246,18.263481537845,3333.837,19.22818257,19.1457965809933
3334.319,18.49579668,18.2638656406301,3334.319,19.26717342,19.1462751029863
3334.801,18.50433915,18.2642494888712,3334.801,19.23884602,19.1467534837116
3335.283,18.50294407,18.2646330805964,3335.283,19.2480113,19.1472317218317
3335.765,18.48747337,18.2650164138331,3335.765,19.24937555,19.1477098160081
3336.248,18.52357823,18.2654002810925,3336.248,19.27214102,19.1481887563451
3336.729,18.52503314,18.2657822969461,3336.729,19.27208019,19.1486655671729
3337.212,18.52104424,18.2661656362604,3337.212,19.26257156,19.1491442123101
3337.694,18.51289462,18.2665479152449,3337.694,19.29274449,19.1496217170024
3338.176,18.51676023,18.266929925861,3338.176,19.26986176,19.1500990710454
3338.658,18.47745501,18.267311666131,3338.658,19.26415442,19.1505762730964
3339.14,18.49180689,18.2676931340767,3339.14,19.26756128,19.1510533218119
3339.622,18.4905623,18.268074327719,3339.622,19.30316278,19.1515302158478
3340.104,18.5018304,18.2684552450781,3340.104,19.28760725,19.1520069538593
3340.586,18.50008995,18.2688358841733,3340.586,19.27750723,19.1524835345011
3341.069,18.49614246,18.269217031857,3341.069,19.27443941,19.1529609446881
3341.551,18.51036424,18.2695971078925,3341.551,19.3030335,19.1534372062177
3342.033,18.48969391,18.2699768997141,3342.033,19.307775,19.1539133063342
3342.515,18.47924527,18.2703564053386,3342.515,19.32756373,19.1543892436899
3342.997,18.49279526,18.270735622782,3342.997,19.31862003,19.1548650169358
3343.479,18.49723307,18.2711145500597,3343.479,19.31115959,19.1553406247229
3343.961,18.48400979,18.2714931851863,3343.961,19.32891253,19.1558160657012
3344.443,18.49696948,18.2718715261762,3344.443,19.33857082,19.1562913385203
3344.926,18.5005054,18.2722503550589,3344.926,19.31366941,19.1567674273435
3345.408,18.48126327,18.2726281011946,3345.408,19.33825614,19.1572423594346
3345.89,18.49940212,18.2730055472281,3345.89,19.34003102,19.1577171193088
3346.372,18.48940056,18.2733826911714,3346.372,19.33490189,19.1581917056136
3346.854,18.47258668,18.2737595310358,3346.854,19.3445323,19.1586661169956
3347.336,18.47710046,18.274136064832,3347.336,19.34596573,19.1591403521011
3347.818,18.4878736,18.2745122905703,3347.818,19.34482866,19.1596144095757
3348.3,18.47382545,18.2748882062604,3348.3,19.34682599,19.1600882880647
3348.782,18.4861171,18.2752638099117,3348.782,19.34891326,19.1605619862129
3349.265,18.4852786,18.2756398778143,3349.265,19.35236759,19.1610364848737
3349.747,18.46594369,18.2760148507562,3349.747,19.35042349,19.161509817891
3350.229,18.48865256,18.2763895056801,3350.229,19.31979059,19.1619829664959
3350.711,18.49300355,18.2767638405936,3350.711,19.35890908,19.162455929331
3351.193,18.47665834,18.2771378535039,3351.193,19.35564404,19.1629287050389
3351.675,18.48424349,18.2775115424176,3351.675,19.35489278,19.1634012922614
3352.157,18.50176731,18.277884905341,3352.157,19.34356082,19.1638736896401
3352.639,18.47974394,18.2782579402801,3352.639,19.36172453,19.1643458958161
3353.122,18.47469637,18.2786314181429,3353.122,19.35729573,19.1648188885103
3353.604,18.46161113,18.2790037904391,3353.604,19.35803993,19.1652907077988
3354.086,18.49074273,18.2793758287627,3354.086,19.3440826,19.1657623318026
3354.568,18.48929951,18.2797475311184,3354.568,19.35752142,19.1662337591615
3355.05,18.48074572,18.2801188955105,3355.05,19.35509947,19.1667049885144
3355.532,18.49376656,18.2804899199432,3355.532,19.35324641,19.1671760185003
3356.014,18.51660257,18.2808606024203,3356.014,19.3520591,19.1676468477577
3356.496,18.50397468,18.2812309409454,3356.496,19.34638355,19.1681174749247
3356.979,18.48722003,18.2816017007803,3356.979,19.35478724,19.1685888744096
3357.461,18.50091306,18.2819713446873,3357.461,19.36882237,19.1690590928827
3357.943,18.49357452,18.2823406386477,3357.943,19.35185005,19.1695291051754
3358.425,18.49351648,18.2827095806642,3358.425,19.34974289,19.1699989099244
3358.907,18.48396599,18.2830781687395,3358.907,19.33877086,19.1704685057665
3359.389,18.49555347,18.283446400876,3359.389,19.3618038,19.1709378913381
3359.871,18.52137224,18.2838142750761,3359.871,19.36046445,19.1714070652754
3360.353,18.51333839,18.284181789342,3360.353,19.35806702,19.1718760262143
3360.835,18.50226424,18.2845489416758,3360.835,19.38435971,19.1723447727905
3361.318,18.48585007,18.2849164906716,3361.318,19.37630192,19.1728142754699
3361.8,18.49925708,18.285282912386,3361.8,19.36226729,19.173282588775
3362.282,18.49028399,18.28564896617,3362.282,19.38431887,19.1737506836203
3362.764,18.48411165,18.2860146500254,3362.764,19.38169146,19.1742185586408
3363.246,18.50367517,18.2863799619542,3363.246,19.36715726,19.174686212471
3363.728,18.48205919,18.2867448999582,3363.728,19.37507046,19.1751536437455
3364.21,18.49790091,18.2871094620391,3364.21,19.35939521,19.1756208510987
3364.692,18.51369848,18.2874736461988,3364.692,19.38917832,19.1760878331649
3365.174,18.48672721,18.2878374504393,3365.174,19.41186015,19.176554588578
3365.656,18.49467826,18.2882008727624,3365.656,19.40370059,19.1770211159721
3366.139,18.49467145,18.2885646639614,3366.139,19.39866674,19.1774883811649
3366.621,18.47168947,18.2889273156533,3366.621,19.39780968,19.1779544479422
3367.103,18.47341759,18.2892895794299,3367.103,19.38079543,19.178420282599
3367.585,18.46747069,18.2896514532937,3367.585,19.40472328,19.1788858837688
3368.067,18.43934478,18.2900129352471,3368.067,19.4122039,19.1793512500852
3368.549,18.45741726,18.2903740232927,3368.549,19.40656463,19.1798163801816
3369.031,18.44597319,18.2907347154332,3369.031,19.39257832,19.1802812726914
3369.513,18.468917,18.2910950096717,3369.513,19.42149344,19.1807459262481
3369.996,18.4589915,18.2914556502629,3369.996,19.41285768,19.1812113027472
3370.478,18.45157635,18.291815141871,3370.478,19.40736161,19.1816754737949
3370.96,18.45047259,18.2921742295829,3370.96,19.41438785,19.1821394017867
3371.442,18.4631728,18.2925329114026,3371.442,19.42567609,19.182603085356
3371.924,18.47731004,18.2928911853341,3371.924,19.45202061,19.1830665231363
3372.406,18.44443011,18.2932490493819,3372.406,19.40964225,19.183529713761
3372.888,18.44648963,18.2936065015505,3372.888,19.42314649,19.1839926558636
3373.37,18.45519644,18.2939635398451,3373.37,19.4245806,19.1844553480776
3373.853,18.46937551,18.2943209017178,3373.853,19.41271906,19.1849187481956
3374.335,18.45923009,18.2946771054114,3374.335,19.4140661,19.1853809360079
3374.817,18.46613646,18.2950328892439,3374.817,19.42223509,19.18584286983
3375.299,18.46132764,18.2953882512216,3375.299,19.41991936,19.1863045482958
3375.781,18.45770785,18.2957431893513,3375.781,19.43827072,19.1867659700392
3376.263,18.45832545,18.2960977016403,3376.263,19.42613358,19.1872271336946
3376.745,18.44890501,18.2964517860962,3376.745,19.41653504,19.1876880378961
3377.227,18.45141571,18.296805440727,3377.227,19.41330619,19.1881486812782
3377.709,18.44837889,18.2971586635415,3377.709,19.42584699,19.1886090624756
3378.192,18.45408217,18.2975121840236,3378.192,19.41320701,19.1890701344491
3378.674,18.43712818,18.2978645363266,3378.674,19.41821399,19.1895299866305
3379.156,18.43356649,18.2982164508376,3379.156,19.4206235,19.1899895725294
3379.638,18.46097356,18.2985679255673,3379.638,19.42776965,19.1904488907811
3380.12,18.44800631,18.2989189585268,3380.12,19.44053313,19.1909079400212
3380.602,18.4367186,18.2992695477277,3380.602,19.41493547,19.1913667188857
3381.084,18.42154845,18.2996196911824,3381.084,19.40775632,19.1918252260106
3381.566,18.42407403,18.2999693869037,3381.566,19.42875723,19.1922834600322
3382.049,18.40962024,18.300319357013,3382.049,19.41801948,19.1927423694247
3382.531,18.40251973,18.3006681503695,3382.531,19.43752592,19.1932000525765
3383.013,18.40680232,18.3010164900308,3383.013,19.42678326,19.1936574585331
3383.495,18.39659539,18.3013643740124,3383.495,19.41991679,19.1941145859321
3383.977,18.42894741,18.3017118003305,3383.977,19.41606514,19.1945714334113
3384.459,18.40958631,18.3020587670019,3384.459,19.40312264,19.1950279996088
3384.941,18.39048025,18.3024052720441,3384.941,19.40318961,19.1954842831633
3385.423,18.40326529,18.3027513134754,3385.423,19.42066306,19.1959402827137
3385.906,18.39514395,18.3030976057918,3385.906,19.40128851,19.1963969420667
3386.387,18.40500543,18.3034419975821,3386.387,19.40063097,19.1968514243594
3386.87,18.38256203,18.3037873508266,3386.87,19.39577998,19.1973075077065
3387.352,18.37413573,18.3041315170321,3387.352,19.40560286,19.1977623570349
3387.834,18.36589285,18.3044752097257,3387.834,19.39615999,19.1982169155566
3388.316,18.37709292,18.3048184269303,3388.316,19.38767965,19.198671181913
3388.798,18.37789466,18.30516116667,3388.798,19.39084005,19.1991251547457
3389.28,18.38390388,18.3055034269695,3389.28,19.40895363,19.1995788326971
3389.762,18.37753978,18.3058452058546,3389.762,19.3935437,19.2000322144097
3390.244,18.37312218,18.3061865013518,3390.244,19.38089833,19.2004852985268
3390.727,18.39351268,18.3065280180578,3390.727,19.40481326,19.2009390227686
3391.209,18.37603191,18.3068683398498,3391.209,19.3913738,19.2013915070016
3391.691,18.37732577,18.3072081723353,3391.691,19.40608271,19.2018436895687
3392.173,18.37781087,18.3075475135447,3392.173,19.40006165,19.2022955691152
3392.655,18.38626033,18.3078863615096,3392.655,19.41312395,19.2027471442868
3393.137,18.36696183,18.3082247142623,3393.137,19.40264144,19.2031984137299
3393.619,18.34999231,18.3085625698363,3393.619,19.40160409,19.2036493760912
3394.101,18.3668325,18.3088999262662,3394.101,19.40336257,19.2041000300184
3394.583,18.36287284,18.3092367815876,3394.583,19.38362981,19.2045503741595
3395.066,18.36353815,18.3095738311392,3395.066,19.41026876,19.2050013405171
3395.548,18.37528015,18.3099096773051,3395.548,19.41594833,19.2054510603829
3396.03,18.35887691,18.3102450164719,3396.03,19.3968229,19.2059004664076
3396.512,18.34938308,18.3105798466796,3396.512,19.387571,19.2063495572419
3396.994,18.35553715,18.3109141659697,3396.994,19.38140848,19.206798331537
3397.476,18.33570212,18.3112479723844,3397.476,19.3885529,19.2072467879448
3397.958,18.33129049,18.3115812639675,3397.958,19.40572786,19.207694925118
3398.44,18.33658356,18.3119140387638,3398.44,19.387328,19.2081427417097
3398.923,18.31914576,18.3122469836068,3398.923,19.38358894,19.2085911644507
3399.405,18.33024375,18.3125787178867,3399.405,19.3992365,19.2090383351704
3399.887,18.31958425,18.3129099295179,3399.887,19.3961511,19.2094851812702
3400.369,18.32642809,18.3132406165503,3400.369,19.3797732,19.2099317014062
3400.851,18.33299904,18.313570777035,3400.851,19.3876475,19.2103778942355
3401.333,18.32508043,18.3139004090247,3401.333,19.38464602,19.2108237584159
3401.815,18.29851027,18.3142295105733,3401.815,19.38019234,19.2112692926059
3402.297,18.30491085,18.3145580797359,3402.297,19.3688926,19.2117144954649
3402.78,18.28081463,18.3148867945828,3402.78,19.37338604,19.2121602882734
3403.262,18.29020209,18.3152142920306,3403.262,19.37184804,19.2126048237573
3403.744,18.2857195,18.3155412512626,3403.744,19.37383134,19.2130490238905
3404.226,18.26547055,18.31586767034,3404.226,19.37925279,19.2134928873356
3404.708,18.28478721,18.316193547325,3404.708,19.35968445,19.2139364127562
3405.19,18.28572518,18.3165188802815,3405.19,19.36137433,19.2143795988169
3405.672,18.23722572,18.316843667275,3405.672,19.33824188,19.2148224441829
3406.154,18.25268892,18.3171679063722,3406.154,19.3321514,19.2152649475205
3406.636,18.26759397,18.3174915956417,3406.636,19.35831662,19.215707107497
3407.119,18.24884145,18.3178154029882,3407.119,19.33030351,19.2161498390505
3407.601,18.25346916,18.318137985663,3407.601,19.34298135,19.2165913075907
3408.083,18.25198954,18.3184600127206,3408.083,19.34034716,19.2170324287743
3408.565,18.22762255,18.318781482236,3408.565,19.32579278,19.2174732012722
3409.047,18.26643112,18.3191023922854,3409.047,19.32947482,19.2179136237566
3409.529,18.25773976,18.319422740947,3409.529,19.33949077,19.2183536949004
3410.011,18.25666305,18.3197425263004,3410.011,19.3305073,19.2187934133776
3410.493,18.25252085,18.3200617464271,3410.493,19.3270129,19.2192327778634
3410.976,18.25116153,18.3203810599251,3410.976,19.34736363,19.2196726974709
3411.458,18.23513824,18.3206991426668,3411.458,19.33752203,19.2201113492619
3411.94,18.24093204,18.3210166544323,3411.94,19.3241246,19.2205496430903
3412.422,18.23789269,18.3213335933101,3412.422,19.33906467,19.2209875776353
3412.904,18.22695274,18.3216499573903,3412.904,19.34424236,19.2214251515776
3413.386,18.22047382,18.3219657447648,3413.386,19.34692606,19.2218623635985
3413.868,18.24071659,18.3222809535274,3413.868,19.34613964,19.2222992123808
3414.35,18.22486972,18.3225955817738,3414.35,19.34498336,19.2227356966084
3414.833,18.22792941,18.3229102785421,3414.833,19.33283259,19.2231727193948
3415.314,18.20307442,18.3232230891097,3415.314,19.33600131,19.2236075661403
3415.797,18.20068975,18.323536612908,3415.797,19.34003927,19.2240438517178
3416.279,18.21057378,18.3238488988611,3416.279,19.35360127,19.2244788638194
3416.761,18.19306636,18.3241605948006,3416.761,19.33765709,19.2249135048002
3417.243,18.2121552,18.3244716988335,3417.243,19.3273234,19.2253477733514
3417.725,18.21893764,18.324782209069,3417.725,19.35170059,19.2257816681651
3418.207,18.2197739,18.3250921236182,3418.207,19.32604584,19.2262151879347
3418.689,18.19507676,18.3254014405941,3418.689,19.32939786,19.2266483313552
3419.171,18.21853246,18.325710158112,3419.171,19.33208416,19.2270810971224
3419.654,18.20945659,18.3260189129079,3419.654,19.31803602,19.2275143806069
3420.136,18.17283304,18.32632642461,3420.136,19.31059999,19.2279463863707
3420.618,18.18908394,18.3266333312082,3420.618,19.36252328,19.2283780105745
3421.1,18.1981535,18.326939630826,3421.1,19.30114785,19.2288092519197
3421.582,18.18740495,18.327245321589,3421.582,19.32106368,19.2292401091088
3422.064,18.18049596,18.3275504016252,3422.064,19.2986931,19.229670580846
3422.546,18.16994026,18.3278548690646,3422.546,19.31402662,19.2301006658366
3423.028,18.18144857,18.3281587220394,3423.028,19.30080558,19.2305303627875
3423.51,18.16521592,18.3284619586841,3423.51,19.29260476,19.2309596704069
3423.993,18.15913873,18.3287652043306,3423.993,19.27812862,19.2313894768667
3424.475,18.19330977,18.3290672014391,3424.475,19.29276623,19.231818001139
3424.957,18.17881074,18.3293685766307,3424.957,19.30492895,19.2322461322105
3425.439,18.17195642,18.3296693280488,3425.439,19.29617997,19.232673868795
3425.921,18.17287831,18.3299694538394,3425.921,19.29784547,19.2331012096082
3426.403,18.1742672,18.3302689521508,3426.403,19.30118608,19.2335281533671
3426.885,18.15841627,18.3305678211335,3426.885,19.290671,19.2339546987901
3427.367,18.16859127,18.3308660589405,3427.367,19.28039722,19.2343808445974
3427.85,18.15528775,18.3311642805054,3427.85,19.28842412,19.234807472381
3428.332,18.16614318,18.3314612491108,3428.332,19.28876037,19.2352328142873
3428.814,18.14899636,18.3317575810103,3428.814,19.29044475,19.2356577527447
3429.296,18.16291594,18.3320532743668,3429.296,19.28843609,19.2360822864794
3429.778,18.15826678,18.3323483273453,3429.778,19.26500613,19.2365064142194
3430.26,18.14876591,18.3326427381138,3430.26,19.2732224,19.2369301346942
3430.742,18.14154203,18.3329365048426,3430.742,19.26772824,19.237353446635
3431.224,18.15465079,18.3332296257045,3431.224,19.25299317,19.2377763487745
3431.707,18.11801353,18.3335227049912,3431.707,19.25620777,19.2381997159566
3432.189,18.13780278,18.3338145272988,3432.189,19.23934313,19.2386217938421
3432.671,18.12922438,18.3341056982699,3432.671,19.24109569,19.2390434581321
3433.153,18.10213906,18.3343962160878,3433.153,19.22323582,19.2394647075664
3433.635,18.11829748,18.3346860789384,3433.635,19.22563937,19.2398855408861
3434.117,18.12136712,18.3349752850105,3434.117,19.21664721,19.2403059568343
3434.599,18.10995346,18.3352638324953,3434.599,19.22568199,19.2407259541557
3435.081,18.1019084,18.3355517195869,3435.081,19.23736075,19.2411455315969
3435.563,18.11166487,18.3358389444822,3435.563,19.22388737,19.2415646879061
3436.046,18.11045003,18.3361260992139,3436.046,19.20490281,19.2419842901362
3436.528,18.11416527,18.3364119929348,3436.528,19.22981697,19.2424025995536
3437.01,18.13047889,18.3366972190628,3437.01,19.21990259,19.2428204840923
3437.492,18.1247745,18.3369817758058,3437.492,19.23769054,19.2432379425078
3437.974,18.11469669,18.3372656613748,3437.974,19.22765701,19.2436549735576
3438.456,18.11614817,18.3375488739835,3438.456,19.21185973,19.2440715760011
3438.938,18.11571859,18.3378314118485,3438.938,19.21766903,19.2444877485995
3439.42,18.10895155,18.3381132731894,3439.42,19.22678926,19.2449034901159
3439.903,18.10768921,18.3383950388896,3439.903,19.23272787,19.2453196605025
3440.385,18.11430226,18.3386755404399,3440.385,19.22847821,19.2457345352512
3440.867,18.10145859,18.3389553601388,3440.867,19.22672501,19.2461489752163
3441.349,18.0968179,18.3392344962177,3441.349,19.23412582,19.2465629791687
3441.831,18.09306208,18.3395129469111,3441.831,19.22732714,19.2469765458814
3442.313,18.10797747,18.3397907104565,3442.313,19.21911053,19.247389674129
3442.795,18.09904177,18.3400677850945,3442.795,19.21663072,19.2478023626887
3443.277,18.10585209,18.3403441690688,3443.277,19.24025391,19.2482146103392
3443.76,18.08409678,18.3406204318793,3443.76,19.21774199,19.2486272697694
3444.241,18.07570496,18.3408948580165,3444.241,19.22420462,19.2490377780388
3444.724,18.09182016,18.3411697278585,3444.724,19.22059215,19.2494495477193
3445.206,18.08801798,18.341443330228,3445.206,19.21904765,19.2498600186375
3445.688,18.08675076,18.3417162331958,3445.688,19.19921463,19.2502700425698
3446.17,18.08960491,18.3419884350244,3446.17,19.2026157,19.2506796183074
3446.652,18.09197707,18.3422599339798,3446.652,19.19423688,19.251088744644
3447.134,18.08934591,18.3425307283312,3447.134,19.18983288,19.2514974203753
3447.616,18.09922381,18.3428008163512,3447.616,19.18921188,19.2519056442991
3448.098,18.07529664,18.3430701963155,3448.098,19.16733068,19.2523134152156
3448.581,18.0858648,18.3433394231712,3448.581,19.16225,19.2527215765094
3449.063,18.09871878,18.343607380387,3449.063,19.14204893,19.2531284368742
3449.545,18.08474305,18.3438746243911,3449.545,19.15073161,19.2535348406426
3450.027,18.08691583,18.3441411534728,3450.027,19.15995608,19.2539407866237
3450.509,18.06628328,18.3444069659247,3450.509,19.16506729,19.2543462736288
3450.991,18.05613105,18.3446720600431,3450.991,19.15636274,19.2547513004713
3451.473,18.07363523,18.3449364341275,3451.473,19.13340867,19.2551558659671
3451.955,18.04718604,18.3452000864812,3451.955,19.13416231,19.2555599689343
3452.438,18.06427875,18.3454635601531,3452.438,19.11517615,19.2559644451366
3452.92,18.05731917,18.3457257624624,3452.92,19.13503363,19.2563676185448
3453.402,18.03833772,18.345987237968,3453.402,19.13216241,19.2567703258906
3453.884,18.07567293,18.3462479849871,3453.884,19.12917736,19.2571725660015
3454.366,18.07175115,18.3465080018406,3454.366,19.11433124,19.2575743377075
3454.848,18.05493704,18.3467672868532,3454.848,19.11460225,19.2579756398409
3455.33,18.06138221,18.3470258383531,3455.33,19.10735847,19.2583764712366
3455.812,18.08050613,18.3472836546721,3455.812,19.1037805,19.2587768307319
3456.294,18.04722282,18.3475407341457,3456.294,19.09679523,19.2591767171664
3456.777,18.07944358,18.3477976061723,3456.777,19.10846918,19.2595769575447
3457.259,18.0826406,18.3480532054398,3457.259,19.10171355,19.2599758933994
3457.741,18.07946486,18.3483080628876,3457.741,19.09676542,19.2603743527251
3458.223,18.06444279,18.3485621768665,3458.223,19.10150763,19.2607723343715
3458.705,18.07197308,18.3488155457309,3458.705,19.08179272,19.2611698371909
3459.187,18.07459034,18.349068167839,3459.187,19.1146419,19.2615668600382
3459.669,18.05687298,18.349320041553,3459.669,19.09830114,19.2619634017707
3460.151,18.07241206,18.3495711652388,3460.151,19.11374167,19.2623594612485
3460.634,18.07342425,18.3498220559279,3460.634,19.12084178,19.2627558575283
3461.116,18.05826352,18.3500716731065,3461.116,19.07826199,19.2631509480807
3461.598,18.05440451,18.3503205353752,3461.598,19.09614469,19.2635455529719
3462.08,18.05309398,18.3505686411156,3462.08,19.08970662,19.2639396710724
3462.562,18.06976126,18.3508159887136,3462.562,19.08236005,19.2643333012554
3463.044,18.03195641,18.351062576559,3463.044,19.11863029,19.2647264423969
3463.526,18.03265515,18.3513084030456,3463.526,19.10304481,19.2651190933755
3464.008,18.03852591,18.3515534665714,3464.008,19.0959885,19.2655112530726
3464.49,18.0455408,18.3517977655382,3464.49,19.09333607,19.2659029203723
3464.973,18.05060911,18.3520418028097,3464.973,19.08315795,19.2662949052116
3465.455,18.05191833,18.3522845662869,3465.455,19.09702683,19.2666855833526
3465.937,18.05671881,18.3525265604328,3465.937,19.1019878,19.267075765763
3466.419,18.05012204,18.3527677836661,3466.419,19.09086033,19.267465451338
3466.901,18.02931082,18.3530082344095,3466.901,19.0736989,19.2678546389757
3467.383,18.04525938,18.3532479110902,3467.383,19.07464308,19.2682433275771
3467.865,18.05039714,18.3534868121395,3467.865,19.0723222,19.268631516046
3468.347,18.03673968,18.3537249359931,3468.347,19.0638848,19.2690192032891
3468.83,18.04942263,18.3539627726974,3468.83,19.05995878,19.2694071909814
3469.312,18.05170139,18.3541993358631,3469.312,19.06238177,19.2697938714592
3469.794,18.06128376,18.3544351171627,3469.794,19.05174321,19.2701800474465
3470.276,18.06688629,18.3546701150492,3470.276,19.05999948,19.2705657178618
3470.758,18.04758676,18.3549043279801,3470.758,19.0487957,19.2709508816264
3471.24,18.06453241,18.3551377544171,3471.24,19.0558207,19.2713355376648
3471.722,18.05664938,18.3553703928267,3471.722,19.05891288,19.2717196849042
3472.204,18.05977278,18.3556022416795,3472.204,19.0590144,19.2721033222751
3472.687,18.0474886,18.3558337780006,3472.687,19.04631706,19.2724872430472
3473.168,18.04577784,18.3560635646209,3473.168,19.04241469,19.2728690631481
3473.651,18.057821,18.3562935109282,3473.651,19.0405521,19.2732519567337
3474.133,18.07607151,18.3565221847004,3474.133,19.05374833,19.2736335429277
3474.615,18.04852697,18.3567500613349,3474.615,19.05535226,19.2740146139488
3475.097,18.05316337,18.3569771393297,3475.097,19.04554182,19.2743951687461
3475.579,18.04617165,18.3572034171878,3475.579,19.0531057,19.2747752062713
3476.061,18.0579557,18.3574288934166,3476.061,19.05353074,19.2751547254799
3476.543,18.05435511,18.3576535665284,3476.543,19.0422824,19.2755337253301
3477.025,18.04356296,18.3578774350401,3477.025,19.03358244,19.2759122047836
3477.508,18.03856891,18.3581009594196,3477.508,19.02339145,19.2762909464075
3477.99,18.05815518,18.3583232126239,3477.99,19.02933608,19.2766683808799
3478.472,18.03981509,18.3585446568046,3478.472,19.02534739,19.2770452918575
3478.954,18.04251938,18.3587652904977,3478.954,19.04181686,19.2774216783147
3479.436,18.05993245,18.358985112244,3479.436,19.05154249,19.2777975392294
3479.918,18.05002906,18.3592041205895,3479.918,19.02935571,19.2781728735828
3480.4,18.09086251,18.3594223140848,3480.4,19.03144876,19.2785476803592
3480.882,18.08375862,18.3596396912857,3480.882,19.01384468,19.2789219585465
3481.365,18.06382625,18.359856699195,3481.365,19.0203685,19.2792964819966
3481.847,18.07440077,18.3600724377926,3481.847,19.01502693,19.2796696988805
3482.329,18.07571149,18.3602873557894,3482.329,19.03525487,19.2800423841568
3482.811,18.06300213,18.360501451761,3482.811,19.01484416,19.2804145368268
3483.293,18.07729623,18.3607147242882,3483.293,19.0175255,19.2807861558953
3483.775,18.08412581,18.3609271719565,3483.775,18.99823234,19.2811572403705
3484.257,18.07053378,18.361138793357,3484.257,19.01478286,19.2815277892639
3484.739,18.06628468,18.3613495870853,3484.739,19.02255904,19.2818978015909
3485.221,18.06866969,18.3615595517428,3485.221,19.00974211,19.2822672763701
3485.704,18.05757682,18.3617691189598,3485.704,19.01955263,19.2826369774911
3486.186,18.06302285,18.3619774195723,3486.186,19.00755391,19.2830053731244
3486.668,18.05323879,18.3621848869454,3486.668,19.02226643,19.283373228285
3487.15,18.05849257,18.3623915197012,3487.15,18.98876638,19.2837405420059
3487.632,18.06551493,18.3625973164669,3487.632,18.99931187,19.2841073133234
3488.114,18.06742414,18.3628022758751,3488.114,18.99050876,19.2844735412777
3488.596,18.06866129,18.3630063965637,3488.596,18.9747941,19.2848392249125
3489.078,18.08865043,18.3632096771759,3489.078,18.98767916,19.285204363275
3489.561,18.07478367,18.363412535483,3489.561,18.98017578,19.2855697112631
3490.043,18.08478684,18.3636141301438,3490.043,18.98896354,19.2859337551018
3490.525,18.08254513,18.3638148806876,3490.525,18.98060479,19.2862972508305
3491.007,18.09965016,18.3640147857793,3491.007,18.98912372,19.2866601975113
3491.489,18.10400439,18.3642138440893,3491.489,18.98661024,19.2870225942102
3491.971,18.09981455,18.3644120542936,3491.971,18.96636746,19.2873844399967
3492.453,18.08970987,18.3646094150736,3492.453,18.99031772,19.2877457339443
3492.935,18.09901954,18.3648059251164,3492.935,18.98706116,19.2881064751302
3493.417,18.08203123,18.3650015831147,3493.417,18.99185392,19.2884666626356
3493.9,18.09881741,18.3651967910376,3493.9,19.00105263,19.2888270410944
3494.382,18.10573254,18.3653907392727,3494.382,18.99292065,19.2891861173435
3494.864,18.08957583,18.3655838315721,3494.864,18.98977917,19.2895446371764
3495.346,18.11082215,18.3657760666513,3495.346,18.98430999,19.2899025996895
3495.828,18.11699682,18.3659674432311,3495.828,19.0071368,19.2902600039832
3496.31,18.11357144,18.3661579600385,3496.31,19.00458707,19.290616849162
3496.792,18.10491626,18.3663476158057,3496.792,18.97770829,19.2909731343341
3497.274,18.10192033,18.3665364092713,3497.274,18.98808011,19.2913288586119
3497.757,18.11410078,18.3667247281767,3497.757,18.98543627,19.2916847573785
3498.239,18.09626317,18.3669117914816,3498.239,18.97694088,19.292039356052
3498.721,18.10505379,18.3670979887321,3498.721,18.99908602,19.2923933911901
3499.203,18.11540351,18.3672833186902,3499.203,19.00052002,19.2927468619212
3499.685,18.09813551,18.3674677801235,3499.685,19.01061055,19.2930997673777
3500.167,18.10455657,18.3676513718057,3500.167,19.01239456,19.2934521066961
3500.649,18.10540574,18.3678340925165,3500.649,18.98094698,19.293803879017
3501.131,18.10614754,18.3680159410416,3501.131,19.03044311,19.2941550834852
3501.614,18.11059489,18.3681972907312,3501.614,19.01146854,19.2945064461177
3502.095,18.11982971,18.3683770167078,3502.095,19.03634969,19.2948557854628
3502.578,18.12233923,18.3685566123749,3502.578,19.03299912,19.295206005784
3503.06,18.11982845,18.3687349583147,3503.06,19.02845573,19.2955549291855
3503.542,18.1286589,18.368912426086,3503.542,19.02873644,19.2959032805186
3504.024,18.13102982,18.3690890145112,3504.024,19.02187244,19.2962510589532
3504.506,18.13968304,18.3692647224188,3504.506,19.00872288,19.2965982636636
3504.988,18.17012402,18.3694395486436,3504.988,19.02420652,19.296944893828
3505.47,18.14420041,18.3696134920267,3505.47,19.0066664,19.2972909486292
3505.952,18.1402953,18.3697865514154,3505.952,19.01497503,19.2976364272542
3506.435,18.13417105,18.3699590819504,3506.435,19.0090625,19.2979820438577
3506.917,18.15524982,18.3701303680777,3506.917,18.99793121,19.2983263665093
3507.399,18.14617497,18.3703007667883,3507.399,19.01039056,19.2986701105703
3507.881,18.15674689,18.3704702769549,3507.881,19.004442,19.2990132752452
3508.363,18.15248689,18.3706388974568,3508.363,19.00114268,19.2993558597429
3508.845,18.14889478,18.3708066271796,3508.845,19.00635133,19.2996978632767
3509.327,18.17374831,18.3709734650153,3509.327,19.00460673,19.3000392850645
3509.809,18.16587018,18.3711394098628,3509.809,18.97562789,19.3003801243285
3510.292,18.18570198,18.3713048021258,3510.292,18.9933125,19.300721085614
3510.774,18.17627361,18.3714689558602,3510.774,18.99262577,19.3010607563029
3511.256,18.15820594,18.3716322133392,3511.256,18.9853836,19.3013998421604
3511.738,18.17143678,18.3717945734877,3511.738,18.99216774,19.3017383424269
3512.22,18.17091513,18.3719560352373,3512.22,18.99366936,19.3020762563474
3512.702,18.15980074,18.3721165975263,3512.702,18.98355343,19.3024135831714
3513.184,18.1839369,18.3722762592996,3513.184,18.97899832,19.3027503221531
3513.666,18.1891019,18.3724350195089,3513.666,19.00245338,19.3030864725514
3514.148,18.17364949,18.3725928771126,3514.148,18.98164497,19.3034220336298
3514.631,18.19504368,18.3727501557666,3514.631,19.00190364,19.303757699003
3515.113,18.20424357,18.3729062031837,3515.113,18.99708586,19.3040920780242
3515.595,18.18581983,18.3730613449093,3515.595,18.99611892,19.3044258655424
3516.077,18.21424337,18.3732155799291,3516.077,19.02837942,19.30475906084
3516.559,18.20966806,18.3733689072357,3516.559,19.00638424,19.3050916632041
3517.041,18.20540971,18.3735213258288,3517.041,19.03617666,19.3054236719265
3517.523,18.19593826,18.3736728347148,3517.523,19.04564591,19.305755086304
3518.005,18.20913825,18.3738234329074,3518.005,19.0350728,19.3060859056378
3518.488,18.21877159,18.3739734290315,3518.488,19.04203412,19.3064168137259
3518.97,18.20162068,18.3741222010111,3518.97,19.03743244,19.3067464396583
3519.452,18.1989391,18.3742700593779,3519.452,19.05958114,19.3070754684792
3519.934,18.22547323,18.3744170031736,3519.934,19.04536372,19.3074038995096
3520.416,18.20008061,18.3745630314472,3520.416,19.06126858,19.3077317320754
3520.898,18.23429885,18.3747081432545,3520.898,19.03717518,19.3080589655073
3521.38,18.20717074,18.3748523376588,3521.38,19.06356963,19.3083855991412
3521.862,18.2163229,18.3749956137305,3521.862,19.0771478,19.3087116323177
3522.344,18.21648189,18.3751379705473,3522.344,19.06472417,19.3090370643828
3522.827,18.20739229,18.3752796996738,3522.827,19.07331138,19.3093625679829
3523.309,18.23536553,18.3754202133308,3523.309,19.06569018,19.3096867946318
3523.791,18.21013835,18.3755598050076,3523.791,19.03772359,19.3100104182353
3524.273,18.21419691,18.375698473811,3524.273,19.06903436,19.3103334381595
3524.755,18.22953797,18.3758362188555,3524.755,19.07002116,19.3106558537754
3525.237,18.21884901,18.3759730392627,3525.237,19.08094209,19.3109776644594
3525.719,18.2275424,18.3761089341617,3525.719,19.05928925,19.3112988695926
3526.201,18.26534361,18.3762439026892,3526.201,19.06533556,19.3116194685618
3526.684,18.24018079,18.3763782211187,3526.684,19.06810157,19.3119401240118
3527.166,18.2701322,18.3765113324165,3527.166,19.06403908,19.3122595075725
3527.648,18.27258882,18.376643514796,3527.648,19.05205879,19.3125782831588
3528.13,18.27271448,18.3767747674238,3528.13,19.05752088,19.3128964501781
3528.612,18.28188274,18.3769050894745,3528.612,19.04245253,19.3132140080431
3529.094,18.28460593,18.3770344801301,3529.094,19.04892236,19.3135309561719
3529.576,18.29681555,18.3771629385802,3529.576,19.05113411,19.3138472939879
3530.058,18.30364136,18.3772904640224,3530.058,19.05296955,19.3141630209196
3530.541,18.31761819,18.3774173173289,3530.541,19.05405865,19.3144787895317
3531.022,18.30111213,18.3775427127114,3531.022,19.04907254,19.314792639872
3531.505,18.31755288,18.3776676921777,3531.505,19.04957621,19.3151071813657
3531.987,18.30692704,18.3777914757746,3531.987,19.05162366,19.3154204578824
3532.469,18.31968262,18.3779143224657,3532.469,19.04921356,19.3157331207381
3532.951,18.31088431,18.3780362314953,3532.951,19.06779684,19.3160451693938
3533.433,18.31716254,18.3781572021157,3533.433,19.05567925,19.3163566033164
3533.915,18.31291321,18.3782772335869,3533.915,19.06552932,19.3166674219779
3534.397,18.30645985,18.3783963251772,3534.397,19.07959928,19.3169776248561
3534.879,18.32588361,18.3785144761627,3534.879,19.08144537,19.3172872114342
3535.362,18.31678134,18.378631928022,3535.362,19.08440506,19.3175968215757
3535.844,18.31218071,18.3787481937031,3535.844,19.0670789,19.3179051727445
3536.326,18.34744922,18.3788635166546,3536.326,19.11709983,19.3182129060956
3536.808,18.33249084,18.3789778961849,3536.808,19.11642652,19.3185200211347
3537.29,18.33704825,18.3790913316106,3537.29,19.09385951,19.3188265173731
3537.772,18.34759848,18.3792038222565,3537.772,19.09925473,19.3191323943278
3538.254,18.32627033,18.3793153674557,3538.254,19.09677068,19.3194376515217
3538.736,18.33043022,18.3794259665492,3538.736,19.10839047,19.3197422884833
3539.219,18.32948603,18.3795358453966,3539.219,19.1098207,19.3200469348403
3539.701,18.34286786,18.3796445483696,3539.701,19.09383303,19.3203503286564
3540.183,18.35568073,18.3797523033092,3540.183,19.10715934,19.3206531008592
3540.665,18.34302081,18.3798591095899,3540.665,19.09884091,19.3209552510004
3541.147,18.35613443,18.3799649665946,3541.147,19.10057662,19.3212567786374
3541.629,18.35814387,18.3800698737146,3541.629,19.09891812,19.3215576833337
3542.111,18.35366231,18.3801738303499,3542.111,19.09527834,19.3218579646582
3542.593,18.36675143,18.3802768359085,3542.593,19.09977185,19.3221576221863
3543.075,18.33423403,18.3803788898074,3543.075,19.10932163,19.3224566554988
3543.558,18.39130321,18.3804802002361,3543.558,19.12721392,19.3227556826385
3544.04,18.3597036,18.3805803471227,3544.04,19.10458582,19.3230534649898
3544.522,18.36331166,18.3806795406502,3544.522,19.11689122,19.3233506219038
3545.004,18.37220157,18.3807777802698,3545.004,19.12043319,19.3236471529853
3545.486,18.37112623,18.3808750654413,3545.486,19.12716586,19.3239430578453
3545.968,18.3667754,18.3809713956334,3545.968,19.10541402,19.324238336101
3546.45,18.33907268,18.3810667703232,3546.45,19.1298246,19.3245329873754
3546.932,18.3725613,18.3811611889968,3546.932,19.11066547,19.3248270112979
3547.415,18.38461622,18.3812548440594,3547.415,19.1276575,19.3251210155569
3547.897,18.35583189,18.3813473472081,3547.897,19.15752076,19.3254137823843
3548.379,18.35616253,18.3814388928507,3548.379,19.15019073,19.3257059207837
3548.861,18.37369859,18.3815294805087,3548.861,19.15145331,19.3259974304088
3549.343,18.38406132,18.3816191097124,3549.343,19.14802365,19.32628831092
3549.825,18.36715811,18.381707780001,3549.825,19.18342915,19.3265785619835
3550.307,18.35396189,18.381795490923,3550.307,19.17261374,19.3268681832719
3550.789,18.35056557,18.3818822420356,3550.789,19.18218464,19.3271571744642
3551.271,18.3641585,18.3819680329051,3551.271,19.16806937,19.3274455352455
3551.754,18.40314922,18.3820530381044,3551.754,19.16801469,19.327733861602
3552.236,18.40169446,18.3821369052289,3552.236,19.17486231,19.3280209593331
3552.718,18.3819689,18.3822198108631,3552.718,19.16568746,19.3283074257463
3553.2,18.40299612,18.3823017546099,3553.2,19.17853907,19.3285932605524
3553.682,18.40776342,18.3823827360813,3553.682,19.17296965,19.3288784634686
3554.164,18.40516399,18.3824627548988,3554.164,19.18061946,19.3291630342182
3554.646,18.42293682,18.3825418106927,3554.646,19.17379221,19.3294469725315
3555.128,18.41193124,18.382619903103,3555.128,19.1860492,19.3297302781448
3555.611,18.4055503,18.3826971907949,3555.611,19.18489461,19.3300135366009
3556.093,18.42935056,18.3827733533944,3556.093,19.18619418,19.3302955747361
3556.575,18.4086683,18.3828485515853,3556.575,19.17189851,19.3305769794195
3557.057,18.42080263,18.382922785045,3557.057,19.18818128,19.3308577504139
3557.539,18.42357862,18.3829960534603,3557.539,19.21419036,19.3311378874887
3558.021,18.41329379,18.3830683565275,3558.021,19.1896476,19.3314173904198
3558.503,18.42023073,18.3831396939526,3558.503,19.21005057,19.3316962589897
3558.985,18.44211653,18.3832100654508,3558.985,19.19585304,19.3319744929878
3559.468,18.43490321,18.3832796137371,3559.468,19.22758462,19.3322526674821
3559.949,18.44655282,18.3833479095766,3559.949,19.21231139,19.3325290564591
3560.432,18.45399794,18.3834155206615,3560.432,19.22348771,19.332805958181
3560.914,18.45575684,18.3834820237925,3560.914,19.24702872,19.3330816506005
3561.396,18.45853797,18.3835475597176,3561.396,19.21706966,19.3333567074952
3561.878,18.44503067,18.3836121282105,3561.878,19.25105084,19.3336311286948
3562.36,18.46062588,18.3836757290541,3562.36,19.23310444,19.3339049140361
3562.842,18.44806737,18.3837383620416,3562.842,19.24534314,19.3341780633626
3563.324,18.47000581,18.3838000269758,3563.324,19.2743076,19.3344505765247
3563.806,18.45504682,18.3838607236695,3563.806,19.26353527,19.3347224533798
3564.289,18.46820461,18.3839205748561,3564.289,19.26419247,19.3349942558698
3564.771,18.46665106,18.3839793325369,3564.771,19.30278323,19.3352648583897
3565.253,18.45144829,18.3840371214747,3565.253,19.30069812,19.335534824216
3565.735,18.46655862,18.384093941522,3565.735,19.30760163,19.3358041532339
3566.217,18.47710576,18.3841497925415,3566.217,19.33613234,19.3360728453357
3566.699,18.47605633,18.384204674406,3566.699,19.31477992,19.3363409004207
3567.181,18.5087948,18.3842585869981,3567.181,19.30283185,19.3366083183952
3567.663,18.49151437,18.384311530211,3567.663,19.32225806,19.3368750991728
3568.146,18.48742938,18.3843636107692,3568.146,19.29595638,19.3371417941765
3568.628,18.49516352,18.3844146129314,3568.628,19.31721314,19.3374072990068
3569.11,18.48700651,18.3844646454543,3569.11,19.2886935,19.3376721664233
3569.592,18.50285331,18.3845137082716,3569.592,19.30637532,19.3379363963681
3570.074,18.50397159,18.3845618013276,3570.074,19.29837162,19.3381999887906
3570.556,18.50462871,18.3846089245767,3570.556,19.29542307,19.3384629436474
3571.038,18.47626391,18.3846550779839,3571.038,19.29420483,19.3387252609024
3571.52,18.50023657,18.3847002615245,3571.52,19.30559665,19.3389869405267
3572.002,18.47972209,18.3847444751841,3572.002,19.28424503,19.3392479824988
3572.485,18.47280106,18.3847878076683,3572.485,19.30996634,19.3395089263996
3572.967,18.49247527,18.3848300795531,3572.967,19.31991227,19.3397686917092
3573.449,18.48218521,18.3848713815772,3573.449,19.30066899,19.3400278193461
3573.931,18.49501574,18.3849117137685,3573.931,19.31611287,19.3402863093185
3574.413,18.4856613,18.3849510761653,3574.413,19.32412295,19.3405441616416
3574.895,18.49630794,18.3849894688169,3574.895,19.3112375,19.3408013763385
3575.377,18.47991918,18.385026891783,3575.377,19.31521938,19.3410579534396
3575.859,18.47593343,18.385063345134,3575.859,19.29368243,19.3413138929826
3576.342,18.49494105,18.3850989015614,3576.342,19.30583687,19.3415697240227
3576.824,18.48122781,18.3851334139256,3576.824,19.32304409,19.3418243872712
3577.306,18.49812119,18.385166956951,3577.306,19.31324073,19.3420784131209
3577.788,18.5151115,18.3851995307512,3577.788,19.31088342,19.34233180164
3578.27,18.49678135,18.3852311354509,3578.27,19.32398287,19.3425845529042
3578.752,18.50622357,18.3852617711854,3578.752,19.30487992,19.3428366669972
3579.234,18.50944337,18.3852914381013,3579.234,19.30070612,19.3430881440101
3579.716,18.51561395,18.3853201363557,3579.716,19.3160471,19.3433389840419
3580.198,18.51706219,18.3853478661173,3580.198,19.33223178,19.343589187199
3580.681,18.52298733,18.3853746820806,3580.681,19.33311015,19.3438392707067
3581.163,18.51476065,18.3854004733973,3581.163,19.35124451,19.344088199145
3581.645,18.51584444,18.3854252967932,3581.645,19.31873993,19.3443364910755
3582.127,18.51642344,18.3854491524809,3582.127,19.35096393,19.344584146636
3582.609,18.50242186,18.3854720406846,3582.609,19.34907044,19.3448311659723
3583.091,18.50710984,18.3854939616395,3583.091,19.34845242,19.3450775492379
3583.573,18.50123615,18.385514915592,3583.573,19.38466928,19.3453232965943
3584.055,18.50000585,18.3855349027999,3584.055,19.36388994,19.3455684082108
3584.538,18.48122401,18.38555396199,3584.538,19.36612679,19.3458133908162
3585.02,18.50331537,18.3855720145231,3585.02,19.37097121,19.3460572301752
3585.502,18.52386778,18.3855891011536,3585.502,19.37084548,19.3463004343509
3585.984,18.5244723,18.3856052221848,3585.984,19.37894443,19.3465430035446
3586.466,18.5193972,18.3856203779315,3586.466,19.36780108,19.3467849379659
3586.948,18.51344962,18.3856345687199,3586.948,19.38344383,19.3470262378323
3587.43,18.51855455,18.3856477948879,3587.43,19.3710785,19.3472669033694
3587.912,18.54712735,18.3856600567847,3587.912,19.37798042,19.3475069348111
3588.395,18.5385273,18.3856713772094,3588.395,19.35846982,19.347746828416
3588.876,18.56107216,18.3856816892204,3588.876,19.37260417,19.347985096384
3589.359,18.54805593,18.3856910789578,3589.359,19.37670942,19.3482237204126
3589.841,18.54925945,18.3856994854993,3589.841,19.3942781,19.3484612166607
3590.323,18.53612626,18.385706929692,3590.323,19.40948104,19.3486980801059
3590.805,18.53384276,18.3857134119555,3590.805,19.40523831,19.3489343110312
3591.287,18.55304984,18.3857189327211,3591.287,19.43868565,19.3491699097282
3591.769,18.54941146,18.385723492432,3591.769,19.42793953,19.3494048764965
3592.251,18.53734459,18.3857270915432,3592.251,19.45457003,19.3496392116445
3592.733,18.54195466,18.3857297305219,3592.733,19.43560885,19.3498729154886
3593.216,18.5238639,18.3857314123337,3593.216,19.43383935,19.3501064712519
3593.698,18.5233357,18.3857321305064,3593.698,19.46681302,19.3503389121636
3594.18,18.52190221,18.3857318900204,3594.18,19.44986826,19.3505707227726
3594.662,18.54842659,18.3857306913907,3594.662,19.44729418,19.350801903429
3595.144,18.5196482,18.3857285351444,3595.144,19.44070404,19.351032454492
3595.626,18.5211393,18.3857254218209,3595.626,19.44881185,19.3512623763289
3596.108,18.53168066,18.3857213519715,3596.108,19.44467472,19.3514916693158
3596.59,18.50867351,18.3857163261599,3596.59,19.44005394,19.3517203338372
3597.073,18.53846943,18.3857103315603,3597.073,19.45666689,19.3519488427386
3597.555,18.52569025,18.3857033935841,3597.555,19.44285426,19.3521762502159
3598.037,18.53939703,18.3856955014115,3598.037,19.46062367,19.3524030304344
3598.519,18.52383118,18.3856866556553,3598.519,19.44590039,19.3526291838134
3599.001,18.53786191,18.385676856941,3599.001,19.45345929,19.352854710781
3599.483,18.53368016,18.385666105906,3599.483,19.44500723,19.3530796117738
3599.965,18.55415444,18.3856544032005,3599.965,19.43642501,19.3533038872376
3600.447,18.550205,18.3856417494871,3600.447,19.4593487,19.3535275376265
3600.929,18.55554876,18.385628145441,3600.929,19.47595465,19.353750563404
3601.412,18.56720785,18.3856135605687,3601.412,19.45112254,19.3539734258077
3601.894,18.54614156,18.3855980559648,3601.894,19.46831537,19.3541952024937
3602.376,18.5228288,18.3855816031306,3602.376,19.45737133,19.354416356012
3602.858,18.5742893,18.3855642027917,3602.858,19.46503407,19.3546368868616
3603.34,18.5407835,18.3855458556866,3603.34,19.47580456,19.35485679555
3603.822,18.54087305,18.3855265625663,3603.822,19.47274498,19.3550760825942
3604.304,18.55250409,18.3855063241946,3604.304,19.4924972,19.3552947485199
3604.786,18.55380771,18.3854851413484,3604.786,19.46904658,19.355512793862
3605.269,18.52255021,18.3854629679311,3605.269,19.4848775,19.35573066961
3605.751,18.54833624,18.385439896562,3605.751,19.49312368,19.3559474741409
3606.233,18.56112598,18.3854158831274,3606.233,19.47493828,19.3561636597484
3606.715,18.57342823,18.3853909284557,3606.715,19.49963375,19.3563792270037
3607.197,18.56479907,18.3853650333884,3607.197,19.48322433,19.3565941764874
3607.679,18.57503751,18.3853381987799,3607.679,19.51247105,19.3568085087892
3608.161,18.5753184,18.3853104254976,3608.161,19.49279758,19.3570222245079
3608.643,18.5798464,18.3852817144222,3608.643,19.52416062,19.3572353242518
3609.125,18.56771854,18.3852520664475,3609.125,19.53482352,19.3574478086383
3609.608,18.58120984,18.3852214180559,3609.608,19.53764239,19.3576601172191
3610.09,18.56701575,18.3851898970777,3610.09,19.53974567,19.3578713715071
3610.572,18.56348212,18.3851574419628,3610.572,19.57195192,19.3580820123474
3611.054,18.59373784,18.3851240536579,3611.054,19.58564047,19.358292040395
3611.536,18.55965271,18.3850897331232,3611.536,19.5720668,19.3585014563141
3612.018,18.57448872,18.3850544813322,3612.018,19.60086226,19.3587102607785
3612.5,18.55213777,18.3850182992719,3612.5,19.58552275,19.3589184544715
3612.982,18.5722949,18.3849811879425,3612.982,19.61496997,19.3591260380858
3613.465,18.57130336,18.3849430684734,3613.465,19.60312265,19.3593334410978
3613.947,18.54325762,18.3849040997385,3613.947,19.59109336,19.3595398054091
3614.429,18.54175322,18.3848642048189,3614.429,19.58254825,19.3597455617787
3614.911,18.53690856,18.3848233847693,3614.911,19.57662617,19.3599507109378
3615.393,18.54407702,18.3847816406578,3615.393,19.58829318,19.3601552536269
3615.875,18.52720481,18.3847389735663,3615.875,19.59260592,19.3603591905965
3616.357,18.51371985,18.3846953845905,3616.357,19.56249898,19.3605625226066
3616.839,18.50663946,18.3846508748398,3616.839,19.55835208,19.3607652504269
3617.322,18.51034406,18.3846053502301,3617.322,19.54033401,19.3609677935557
3617.803,18.52076615,18.3845590975197,3617.803,19.5346219,19.3611688966264
3618.286,18.4954004,18.3845117332247,3618.286,19.52710741,19.3613702328153
3618.768,18.49891473,18.3844635498444,3618.768,19.52499528,19.3615705505239
3619.25,18.46152959,18.384414451446,3619.25,19.51324034,19.3617702680402
3619.732,18.49973654,18.3843644392221,3619.732,19.51994604,19.3619693861929
3620.214,18.51190933,18.3843135143796,3620.214,19.51093058,19.3621679058206
3620.696,18.49441357,18.3842616781392,3620.696,19.49161337,19.3623658277718
3621.178,18.49527434,18.3842089317357,3621.178,19.49433155,19.3625631529052
3621.66,18.48587349,18.3841552764183,3621.66,19.49671496,19.3627598820892
3622.143,18.49834585,18.3841005993062,3622.143,19.51132711,19.3629564225018
3622.625,18.47784653,18.3840451280853,3622.625,19.49353557,19.3631519612011
3623.107,18.49363921,18.3839887517853,3623.107,19.51056216,19.3633469066188
3623.589,18.49848766,18.3839314717121,3623.589,19.49795493,19.3635412596638
3624.071,18.48880519,18.383873289186,3624.071,19.50688164,19.363735021255
3624.553,18.4886857,18.3838142055417,3624.553,19.50962488,19.3639281923216
3625.035,18.50148228,18.3837542221281,3625.035,19.51084975,19.3641207738029
3625.517,18.50882378,18.3836933403089,3625.517,19.51604842,19.3643127666486
3626,18.52222656,18.3836314323585,3626,19.50244547,19.3645045683143
3626.482,18.52019368,18.3835687560196,3626.482,19.48808507,19.3646953855621
3626.964,18.52595284,18.3835051854554,3626.964,19.50324954,19.3648856170865
3627.446,18.54032684,18.3834407220876,3627.446,19.48477896,19.3650752638784
3627.928,18.54350105,18.3833753673525,3627.928,19.47780232,19.3652643269388
3628.41,18.55197576,18.3833091227011,3628.41,19.46708098,19.3654528072793
3628.892,18.54426251,18.3832419895991,3628.892,19.46832193,19.3656407059218
3629.374,18.54904682,18.383173969527,3629.374,19.4530447,19.3658280238988
3629.856,18.55563163,18.38310506398,3629.856,19.46141238,19.3660147622531
3630.339,18.54112908,18.3830351287589,3630.339,19.46609743,19.3662013076611
3630.821,18.53472618,18.3829644549781,3630.821,19.47524498,19.3663868887436
3631.303,18.49716882,18.3828929003005,3631.303,19.46992618,19.3665718933976
3631.785,18.50692152,18.3828204662809,3631.785,19.49683613,19.3667563227079
3632.267,18.51525279,18.3827471544893,3632.267,19.50343786,19.3669401777705
3632.749,18.50589728,18.3826729665104,3632.749,19.51867466,19.3671234596916
3633.231,18.48781991,18.3825979039442,3633.231,19.49977633,19.3673061695883
3633.713,18.4815835,18.3825219684057,3633.713,19.52500515,19.3674883085884
3634.196,18.47475516,18.3824450012701,3634.196,19.51391275,19.3676702539386
3634.678,18.48611537,18.3823673228902,3634.678,19.51106829,19.3678512533933
3635.16,18.47656328,18.3822887764777,3635.16,19.53848054,19.3680316854016
3635.642,18.47671086,18.3822093637084,3635.642,19.54123658,19.3682115511344
3636.124,18.47263341,18.3821290862735,3636.124,19.54542604,19.3683908517736
3636.606,18.45272069,18.3820479458797,3636.606,19.54413294,19.3685695885117
3637.088,18.45460887,18.3819659442488,3637.088,19.55506167,19.3687477625524
3637.57,18.4466236,18.3818830831182,3637.57,19.54138954,19.3689253751101
3638.052,18.43996301,18.3817993642407,3638.052,19.53904564,19.3691024274103
3638.535,18.44684038,18.3817146130297,3638.535,19.56381388,19.3692792862779
3639.017,18.45694933,18.3816291822088,3639.017,19.56256317,19.3694552206276
3639.499,18.43692904,18.3815428989964,3639.499,19.57629969,19.3696305984651
3639.981,18.4488329,18.3814557652078,3639.981,19.58176628,19.3698054210598
3640.463,18.43877988,18.3813677826736,3640.463,19.6103742,19.3699796896927
3640.945,18.42098579,18.3812789532405,3640.945,19.58946898,19.3701534056556
3641.427,18.41104519,18.3811892787707,3641.427,19.61717329,19.3703265702517
3641.909,18.41205779,18.3810987611422,3641.909,19.60814181,19.3704991847952
3642.392,18.42989191,18.3810072118344,3642.392,19.62031901,19.3706716070253
3642.874,18.41691528,18.3809150118465,3642.874,19.62239287,19.3708431243174
3643.356,18.42980758,18.3808219744333,3643.356,19.64241721,19.3710140955702
3643.838,18.40962018,18.3807281015363,3643.838,19.64774129,19.3711845221432
3644.32,18.40605894,18.3806333951131,3644.32,19.66705147,19.3713544054072
3644.802,18.41132799,18.3805378571374,3644.802,19.67541768,19.3715237467443
3645.284,18.41004035,18.3804414895989,3645.284,19.68237167,19.3716925475482
3645.766,18.38695123,18.3803442945036,3645.766,19.70471168,19.371860809224
3646.249,18.38575056,18.3802460696542,3646.249,19.71793748,19.372028880605
3646.73,18.38074289,18.3801474297463,3646.73,19.73816414,19.3721957208683
3647.213,18.36690656,18.3800475565494,3647.213,19.74200512,19.3723627189023
3647.695,18.38312804,18.3799470699108,3647.695,19.74099801,19.3725288372404
3648.177,18.38932946,18.3798457659919,3648.177,19.71187477,19.3726944236512
3648.659,18.39903137,18.3797436468962,3648.659,19.66575972,19.372859479609
3649.141,18.38328245,18.3796407147435,3649.141,19.65991563,19.3730240065999
3649.623,18.38697118,18.3795369716701,3649.623,19.60496222,19.3731880061215
3650.105,18.40686042,18.3794324198287,3650.105,19.57981816,19.3733514796832
3650.587,18.39352504,18.3793270613887,3650.587,19.56357145,19.3735144288061
3651.07,18.39434295,18.3792206774463,3651.07,19.54243625,19.3736771914646
3651.552,18.38342038,18.3791137107209,3651.552,19.54600025,19.3738390952404
3652.034,18.36903209,18.3790059440089,3652.034,19.55529021,19.3740004792149
3652.516,18.3487025,18.378897379546,3652.516,19.57250961,19.3741613449563
3652.998,18.35725116,18.3787880195848,3652.998,19.58493073,19.3743216940451
3653.48,18.31948854,18.3786778663946,3653.48,19.55898149,19.3744815280735
3653.962,18.34001714,18.3785669222615,3653.962,19.58242473,19.3746408486457
3654.444,18.34208284,18.3784551894886,3654.444,19.56782773,19.3747996573778
3654.927,18.34013697,18.3783424361378,3654.927,19.58146304,19.3749582837889
3655.409,18.35167951,18.3782291314378,3655.409,19.5793611,19.3751160726841
3655.891,18.33843017,18.3781150451133,3655.891,19.55914695,19.3752733546634
3656.373,18.33528316,18.3780001795354,3656.373,19.55362682,19.3754301313912
3656.855,18.35438999,18.3778845370919,3656.855,19.55626552,19.3755864045442
3657.337,18.35815296,18.3777681201878,3657.337,19.56722725,19.3757421758111
3657.819,18.35199216,18.3776509312455,3657.819,19.5386244,19.3758974468928
3658.301,18.35692183,18.3775329727044,3658.301,19.54962018,19.3760522195025
3658.783,18.36819758,18.3774142470209,3658.783,19.5446969,19.3762064953656
3659.266,18.3566756,18.3772945079707,3659.266,19.53942191,19.376360594754
3659.748,18.34837329,18.3771742538632,3659.748,19.53966542,19.376513881328
3660.23,18.37536711,18.3770532400923,3660.23,19.53115315,19.3766666764093
3660.712,18.34334754,18.3769314691843,3660.712,19.5244837,19.3768189817727
3661.194,18.33871841,18.3768089436825,3661.194,19.52917105,19.3769707992054
3661.676,18.34147125,18.3766856661479,3661.676,19.5518089,19.3771221305071
3662.158,18.3390772,18.376561639159,3662.158,19.5291891,19.3772729774899
3662.64,18.33060152,18.376436865312,3662.64,19.50894583,19.3774233419785
3663.123,18.33414343,18.3763110860376,3663.123,19.52705184,19.3775735362741
3663.605,18.31943375,18.3761848247971,3663.605,19.52805344,19.377722940307
3664.087,18.30964128,18.376057824598,3664.087,19.51751526,19.3778718673989
3664.569,18.31590947,18.3759300881073,3664.569,19.51077763,19.3780203194248
3665.051,18.31493522,18.3758016180094,3665.051,19.51357563,19.3781682982725
3665.533,18.29358181,18.375672417007,3665.533,19.51628172,19.3783158058422
3666.015,18.29648966,18.3755424878203,3666.015,19.49915136,19.3784628440471
3666.497,18.30002863,18.3754118331877,3666.497,19.51441194,19.3786094148131
3666.979,18.29577402,18.3752804558652,3666.979,19.50179943,19.3787555200789
3667.462,18.27734551,18.3751480838201,3667.462,19.52827164,19.3789014634766
3667.944,18.27415966,18.3750152679739,3667.944,19.52105919,19.3790466426535
3668.426,18.27292484,18.3748817378207,3668.426,19.52086984,19.3791913622273
3668.908,18.28063742,18.3747474961889,3668.908,19.51642237,19.3793356241881
3669.39,18.28817585,18.3746125459253,3669.39,19.54160097,19.379479430539
3669.872,18.2927992,18.3744768898948,3669.872,19.5327334,19.3796227832962
3670.354,18.27759954,18.3743405309806,3670.354,19.54289063,19.3797656844888
3670.836,18.28545295,18.3742034720842,3670.836,19.54127052,19.3799081361588
3671.319,18.28449792,18.3740654296021,3671.319,19.55275964,19.3800504345123
3671.801,18.28679448,18.3739269780823,3671.801,19.56927736,19.3801919923941
3672.283,18.25101403,18.3737878354011,3672.283,19.56894063,19.3803331069626
3672.765,18.23627101,18.3736480045339,3672.765,19.58427512,19.3804737803127
3673.247,18.26464457,18.3735074884744,3673.247,19.59412828,19.380614014552
3673.729,18.2557505,18.3733662902349,3673.729,19.59643113,19.3807538118018
3674.211,18.25757011,18.3732244128462,3674.211,19.596013,19.3808931741963
3674.693,18.24861484,18.373081859358,3674.693,19.60747332,19.3810321038833
3675.176,18.26666161,18.3729383349906,3675.176,19.57185921,19.3811708899202
3675.657,18.26325391,18.3727947363749,3675.657,19.55055396,19.3813086737918
3676.14,18.28187118,18.3726498724578,3676.14,19.53581042,19.3814466035036
3676.622,18.25239906,18.3725046440681,3676.622,19.50932006,19.3815838232267
3677.104,18.25949288,18.3723587551147,3677.104,19.5094242,19.3817206211856
3677.586,18.26377235,18.37221220876,3677.586,19.49192071,19.3818569996086
3678.068,18.24220355,18.3720650081854,3678.068,19.49227095,19.3819929607374
3678.55,18.27536175,18.3719171565915,3678.55,19.48730569,19.3821285068271
3679.032,18.25325483,18.3717686571978,3679.032,19.46822743,19.3822636401467
3679.514,18.23243895,18.3716195132428,3679.514,19.48802602,19.3823983629785
3679.997,18.26960555,18.3714694165621,3679.997,19.46571006,19.3825329558571
3680.479,18.26795289,18.3713189919568,3680.479,19.4590819,19.3826668637757
3680.961,18.23563594,18.3711679326279,3680.961,19.45178667,19.3828003681409
3681.443,18.24148458,18.371016241891,3681.443,19.47325132,19.3829334712897
3681.925,18.24771724,18.3708639230809,3681.925,19.44019253,19.3830661755734
3682.407,18.2435925,18.3707109795517,3682.407,19.43974908,19.3831984833568
3682.889,18.23868393,18.3705574146771,3682.889,19.41661181,19.3833303970187
3683.371,18.24006734,18.3704032318501,3683.371,19.44184167,19.3834619189516
3683.854,18.24253851,18.3702481126905,3683.854,19.40830298,19.3835933232184
3684.336,18.22076027,18.3700927029516,3684.336,19.42722332,19.3837240681268
3684.818,18.241969,18.3699366855639,3684.818,19.40086732,19.3838544285727
3685.3,18.21337509,18.3697800639987,3685.3,19.41434279,19.3839844070048
3685.782,18.21279127,18.3696228417469,3685.782,19.42369974,19.3841140058855
3686.264,18.21019166,18.3694650223195,3686.264,19.40035487,19.3842432276915
3686.746,18.18465559,18.369306609247,3686.746,19.42442402,19.3843720749136
3687.228,18.18580377,18.3691476060797,3687.228,19.42429347,19.3845005500565
3687.71,18.18659155,18.3689880163878,3687.71,19.442517,19.3846286556394
3688.193,18.17841124,18.3688275108497,3688.193,19.43664982,19.3847566588337
3688.675,18.15175762,18.3686667577009,3688.675,19.42878356,19.3848840321572
3689.157,18.18885656,18.3685054288654,3689.157,19.42771805,19.3850110435686
3689.639,18.17570656,18.3683435279934,3689.639,19.43075898,19.3851376956442
3690.121,18.18601834,18.3681810587552,3690.121,19.41824479,19.3852639909743
3690.603,18.19103696,18.3680180248411,3690.603,19.43196047,19.3853899321639
3691.085,18.17518825,18.3678544299618,3691.085,19.39835174,19.3855155218323
3691.567,18.17256396,18.3676902778479,3691.567,19.40858317,19.3856407626131
3692.05,18.16891618,18.3675252299652,3692.05,19.3958789,19.385765915914
3692.532,18.16324173,18.3673599735194,3692.532,19.38343762,19.3858904661689
3693.014,18.19203934,18.3671941711614,3693.014,19.39047469,19.3860146755302
3693.496,18.17358698,18.3670278267032,3693.496,19.38715412,19.3861385466896
3693.978,18.17987387,18.3668609439777,3693.978,19.37763076,19.3862620823537
3694.46,18.15066746,18.3666935268378,3694.46,19.38525536,19.3863852852437
3694.942,18.13934434,18.3665255791575,3694.942,19.36615048,19.3865081580952
3695.424,18.14119989,18.3663571048309,3695.424,19.37587731,19.386630703659
3695.906,18.14522397,18.3661881077731,3695.906,19.37443098,19.3867529247003
3696.389,18.15881181,18.3660182396906,3696.389,19.35469368,19.3868750765697
3696.871,18.14379682,18.365848207934,3696.871,19.36259825,19.3869966562622
3697.353,18.14613047,18.3656776653236,3697.353,19.33889174,19.3871179198227
3697.835,18.14511556,18.3655066158576,3697.835,19.35313395,19.387238870076
3698.317,18.14190355,18.3653350635547,3698.317,19.34472212,19.3873595098615
3698.799,18.16368756,18.3651630124549,3698.799,19.33776009,19.3874798420339
3699.281,18.14218384,18.3649904666189,3699.281,19.35050733,19.3875998694626
3699.763,18.14619998,18.3648174301285,3699.763,19.34186553,19.3877195950322
3700.246,18.17253286,18.3646435465774,3700.246,19.32494697,19.3878392691066
3700.728,18.17075017,18.3644695401115,3700.728,19.32651055,19.3879583990607
3701.21,18.18716833,18.3642950553717,3701.21,19.31904363,19.3880772359059
3701.692,18.1784146,18.3641200965246,3701.692,19.31143609,19.3881957825871
3702.174,18.18237276,18.3639446677577,3702.174,19.29208297,19.3883140420647
3702.656,18.1653002,18.36376877328,3702.656,19.28826519,19.3884320173139
3703.138,18.16697135,18.3635924173217,3703.138,19.30408541,19.3885497113255
3703.62,18.18281324,18.3634156041344,3703.62,19.29262483,19.3886671271055
3704.103,18.18844507,18.3632379697514,3704.103,19.28746881,19.3887845104214
3704.584,18.18394106,18.3630606231869,3704.584,19.29742439,19.3889011360711
3705.067,18.16434402,18.3628820939537,3705.067,19.28414781,19.389017976975
3705.549,18.15604809,18.3627034938882,3705.549,19.30218145,19.3891343096466
3706.031,18.11611662,18.3625244581836,3706.031,19.30888556,19.3892503793534
3706.513,18.10770318,18.3623449912209,3706.513,19.29917588,19.389366189194
3706.995,18.1146323,18.3621650974028,3706.995,19.32196163,19.3894817422826
3707.477,18.11243071,18.3619847811538,3707.477,19.332808,19.3895970417486
3707.959,18.11443471,18.3618040469202,3707.959,19.32132908,19.3897120907373
3708.441,18.09512941,18.3616228991703,3708.441,19.34410002,19.3898268924097
3708.924,18.09565037,18.3614409652981,3708.924,19.34591657,19.3899416873618
3709.406,18.09143568,18.3612590031731,3709.406,19.34518492,19.3900560034502
3709.888,18.10073139,18.3610766410773,3709.888,19.36493436,19.3901700818056
3710.37,18.11132058,18.3608938835669,3710.37,19.35527291,19.3902839256521
3710.852,18.11206764,18.3607107352201,3710.852,19.31446664,19.3903975382291
3711.334,18.1106071,18.3605272006374,3711.334,19.3309028,19.3905109227921
3711.816,18.12640166,18.3603432844413,3711.816,19.29192606,19.3906240826127
3712.298,18.13659627,18.3601589912767,3712.298,19.29503039,19.390737020978
3712.781,18.13772983,18.3599739423037,3712.781,19.27003328,19.3908499748263
3713.263,18.12814128,18.3597889084681,3713.263,19.27669514,19.3909624797648
3713.745,18.15357849,18.3596035117423,3713.745,19.28981916,19.3910747732128
3714.227,18.15107037,18.3594177568607,3714.227,19.27515743,19.3911868585218
3714.709,18.15875067,18.3592316485801,3714.709,19.28067751,19.3912987390592
3715.191,18.16798484,18.3590451916798,3715.191,19.2818696,19.3914104182087
3715.673,18.14744238,18.3588583909619,3715.673,19.29061412,19.3915218993701
3716.155,18.1718936,18.358671251251,3716.155,19.27509524,19.3916331859593
3716.637,18.15119184,18.3584837773942,3716.637,19.26380927,19.3917442814086
3717.12,18.16716967,18.3582955842898,3717.12,19.25960555,19.391855419073
3717.602,18.16990535,18.3581074561064,3717.602,19.2575841,19.3919661422259
3718.084,18.14853718,18.3579190084659,3718.084,19.26567668,19.3920766846406
3718.566,18.15438846,18.3577302463067,3718.566,19.24842098,19.3921870498149
3719.048,18.14016082,18.3575411745903,3719.048,19.25352612,19.3922972412628
3719.53,18.15144134,18.3573517983012,3719.53,19.24623141,19.3924072625147
3720.012,18.15567365,18.3571621224468,3720.012,19.25788126,19.3925171171176
3720.494,18.16872644,18.3569721520577,3720.494,19.2462954,19.392626808635
3720.977,18.15739771,18.35678149716,3720.977,19.25788228,19.3927365677285
3721.459,18.13433865,18.3565909523006,3721.459,19.22709142,19.392845943512
3721.941,18.14756708,18.3564001281476,3721.941,19.25617026,19.3929551670076
3722.423,18.15282008,18.3562090298242,3722.423,19.26066394,19.3930642418453
3722.905,18.15415788,18.3560176624772,3722.905,19.26389246,19.3931731716718
3723.387,18.17193252,18.3558260312765,3723.387,19.23954183,19.3932819601505
3723.869,18.16134109,18.3556341414156,3723.869,19.24823111,19.3933906109618
3724.351,18.15606676,18.3554419981114,3724.351,19.23028158,19.3934991278026
3724.833,18.15245922,18.3552496066044,3724.833,19.20517038,19.393607514387
3725.316,18.15283404,18.3550565722531,3725.316,19.22066807,19.3937159989226
3725.798,18.17545939,18.3548636996683,3725.798,19.19910048,19.3938241359524
3726.28,18.15485752,18.3546705947546,3726.28,19.18088107,19.3939321539768
3726.762,18.15565576,18.3544772628469,3726.762,19.17820851,19.3940400567775
3727.244,18.14498082,18.354283709304,3727.244,19.18575255,19.3941478481532
3727.726,18.13122231,18.3540899395086,3727.726,19.18154697,19.3942555319198
3728.208,18.13080408,18.3538959588671,3728.208,19.19748013,19.3943631119102
3728.69,18.13760308,18.3537017728099,3728.69,19.1993695,19.3944705919746
3729.173,18.1100802,18.3535069832967,3729.173,19.21725895,19.3945781986713
3729.655,18.10935655,18.3533124023972,3729.655,19.2152939,19.3946854903153
3730.137,18.11648949,18.3531176325285,3730.137,19.22089794,19.3947926936948
3730.619,18.1213982,18.3529226792173,3730.619,19.24773212,19.3948998127288
3731.101,18.1171775,18.3527275480141,3731.101,19.25364679,19.3950068513539
3731.583,18.11736144,18.3525322444941,3731.583,19.28079475,19.3951138135237
3732.065,18.11275143,18.3523367742563,3732.065,19.29231034,19.3952207032095
3732.547,18.1188736,18.3521411429243,3732.547,19.30794215,19.3953275243997
3733.03,18.12727863,18.3519449497917,3733.03,19.35176106,19.3954345025233
3733.511,18.13618484,18.3517494195937,3733.511,19.36180488,19.3955409773357
3733.994,18.11872935,18.3515529320121,3733.994,19.38588156,19.3956478383347
3734.476,18.14287901,18.3513567127455,3734.476,19.35540856,19.3957544256748
3734.958,18.16277458,18.3511603608808,3734.958,19.37339514,19.3958609647338
3735.44,18.15347663,18.3509638821885,3735.44,19.34242621,19.3959674596057
3735.922,18.16987674,18.3507672824637,3735.922,19.36058792,19.3960739144024
3736.404,18.17167644,18.3505705675264,3736.404,19.34948757,19.3961803332533
3736.886,18.1650265,18.3503737432212,3736.886,19.33924309,19.3962867203057
3737.368,18.17598713,18.3501768154177,3737.368,19.32903234,19.3963930797246
3737.851,18.16977842,18.3499793811464,3737.851,19.32874324,19.3964996362856
3738.333,18.17560623,18.3497822638701,3738.333,19.32377384,19.3966059529687
3738.815,18.13054911,18.3495850608657,3738.815,19.33593845,19.3967122546296
3739.297,18.13842768,18.3493877781026,3739.297,19.31453638,19.3968185455051
3739.779,18.14045347,18.3491904215751,3739.779,19.28031842,19.3969248298497
3740.261,18.12699461,18.3489929973028,3740.261,19.28798319,19.3970311119364
3740.743,18.12367811,18.3487955113304,3740.743,19.28653789,19.397137396056
3741.225,18.11068579,18.3485979697279,3741.225,19.22871325,19.3972436865173
3741.708,18.11559282,18.3483999686031,3741.708,19.21878908,19.3973502082034
3742.19,18.10194239,18.3482023339676,3742.19,19.20931716,19.3974565243835
3742.672,18.11137279,18.3480046620766,3742.672,19.20781585,19.3975628599504
3743.154,18.11774717,18.3478069591013,3743.154,19.18262532,19.3976692192858
3743.636,18.11233658,18.3476092312388,3743.636,19.1798596,19.3977756067899
3744.118,18.12716841,18.3474114847115,3744.118,19.20256288,19.3978820268812
3744.6,18.14394349,18.3472137257674,3744.6,19.21156914,19.3979884839964
3745.082,18.15140002,18.3470159606803,3745.082,19.22646305,19.3980949825908
3745.564,18.15514907,18.3468181957495,3745.564,19.24548314,19.3982015271381
3746.047,18.17391381,18.3466200270241,3746.047,19.26026581,19.3983083433374
3746.529,18.17063617,18.3464222814404,3746.529,19.28136458,19.3984149934043
3747.011,18.15590075,18.3462245550792,3747.011,19.29661087,19.3985217029656
3747.493,18.16877607,18.3460268543431,3747.493,19.30633866,19.3986284765694
3747.975,18.17139304,18.345829185661,3747.975,19.28153466,19.3987353187821
3748.457,18.19572228,18.3456315554874,3748.457,19.27397871,19.398842234189
3748.939,18.17618143,18.3454339703031,3748.939,19.2719147,19.3989492273941
3749.421,18.16234396,18.3452364366151,3749.421,19.26331943,19.39905630302
3749.904,18.19183051,18.3450385513207,3749.904,19.2415016,19.3991636881314
3750.386,18.17722005,18.3448411403912,3750.386,19.20227734,19.3992709427377
3750.868,18.15407702,18.3446438006495,3750.868,19.22418799,19.3993782937558
3751.35,18.171863,18.3444465387074,3751.35,19.21253165,19.3994857458837
3751.832,18.16349831,18.3442493612032,3751.832,19.22642067,19.3995933038388
3752.314,18.18416207,18.3440522748015,3752.314,19.21121592,19.399700972357
3752.796,18.1795404,18.3438552861936,3752.796,19.23141623,19.3998087561935
3753.278,18.17833401,18.3436584020972,3753.278,19.24778053,19.3999166601226
3753.76,18.16524851,18.3434616292565,3753.76,19.27874043,19.4000246889375
3754.243,18.16124258,18.3432645665724,3754.243,19.28599505,19.4001330719842
3754.725,18.16267296,18.3430680368488,3754.725,19.29162294,19.4002413653117
3755.207,18.15202886,18.3428716387881,3755.207,19.30566776,19.40034979803
3755.689,18.15081287,18.3426753792414,3755.689,19.29451621,19.4004583750095
3756.171,18.15710753,18.3424792650869,3756.171,19.31977839,19.4005671011397
3756.653,18.18378439,18.3422833032295,3756.653,19.30602732,19.4006759813292
3757.135,18.19111324,18.3420875006011,3757.135,19.28901285,19.4007850205064
3757.617,18.18106793,18.3418918641608,3757.617,19.28749219,19.4008942236188
3758.1,18.20366607,18.3416959955538,3758.1,19.27451347,19.4010038227255
3758.582,18.20130649,18.3415007128557,3758.582,19.24986642,19.4011133689951
3759.064,18.23255677,18.3413056173996,3759.064,19.24715886,19.40122309417
3759.546,18.23968175,18.3411107162531,3759.546,19.2422307,19.4013330032761
3760.028,18.24045299,18.340916016511,3760.028,19.23731377,19.4014431013587
3760.51,18.24575407,18.3407215252955,3760.51,19.22784075,19.4015533934826
3760.992,18.24249039,18.3405272497561,3760.992,19.23570293,19.4016638847327
3761.474,18.26151861,18.3403331970699,3761.474,19.24238801,19.4017745802133
3761.957,18.23949625,18.3401389725639,3761.957,19.23288418,19.4018857153628
3762.438,18.26463236,18.3399457891025,3762.438,19.24116343,19.4019966043826
3762.921,18.26356715,18.3397520474502,3762.921,19.24111216,19.4021081746049
3763.403,18.27246443,18.3395589590273,3763.403,19.2449663,19.4022197389197
3763.885,18.26057361,18.3393661297711,3763.885,19.23909361,19.4023315332952
3764.367,18.28002547,18.3391735670245,3764.367,19.24986146,19.4024435629552
3764.849,18.27918366,18.3389812781582,3764.849,19.26912216,19.4025558331433
3765.331,18.28146605,18.3387892705705,3765.331,19.27077305,19.4026683491233
3765.813,18.30050325,18.338597551688,3765.813,19.27628648,19.4027811161791
3766.295,18.28108716,18.338406128965,3766.295,19.26139671,19.4028941396145
3766.778,18.27754959,18.3382146136922,3766.778,19.25786087,19.4030076600608
3767.26,18.27497227,18.338023806417,3767.26,19.26862954,19.4031212128078
3767.742,18.29997867,18.3378333178486,3767.742,19.26415145,19.4032350379787
3768.224,18.30500444,18.3376431555539,3768.224,19.26003382,19.4033491409583
3768.706,18.28308834,18.3374533271281,3768.706,19.24530744,19.403463527152
3769.188,18.29262491,18.3372638401947,3769.188,19.22714131,19.4035782019854
3769.67,18.30934709,18.3370747024054,3769.67,19.21959239,19.4036931709044
3770.152,18.30886773,18.3368859214405,3770.152,19.21520668,19.4038084393757
3770.635,18.3238682,18.3366971144876,3770.635,19.18918033,19.403924252986
3771.117,18.3262228,18.3365090711067,3771.117,19.17812854,19.4040401376931
3771.599,18.33993651,18.336321407778,3771.599,19.19006101,19.4041563384864
3772.081,18.31597379,18.3361341322962,3772.081,19.144624,19.4042728609146
3772.563,18.31045329,18.3359472524845,3772.563,19.17545284,19.4043897105471
3773.045,18.32444809,18.3357607761947,3773.045,19.15571766,19.4045068929741
3773.527,18.30916005,18.3355747113077,3773.527,19.1834417,19.4046244138062
3774.009,18.31218406,18.335389065733,3774.009,19.19138265,19.4047422786751
3774.491,18.30960931,18.3352038474092,3774.491,19.18164008,19.4048604932331
3774.974,18.30478466,18.3350186813941,3774.974,19.17667255,19.4049793095226
3775.456,18.30898096,18.3348343424313,3775.456,19.17945877,19.4050982412547
3775.938,18.28350391,18.3346504547255,3775.938,19.21320659,19.4052175397703
3776.42,18.31219072,18.3344670263315,3776.42,19.19803821,19.4053372108055
3776.902,18.3227891,18.3342840653334,3776.902,19.2146162,19.4054572601174
3777.384,18.29835108,18.3341015798442,3777.384,19.23252746,19.4055776934843
3777.866,18.30775598,18.3339195780065,3777.866,19.22384338,19.4056985167054
3778.348,18.28145149,18.3337380679921,3778.348,19.24977325,19.4058197356011
3778.831,18.31182818,18.3335566829884,3778.831,19.24852029,19.405941608759
3779.313,18.31489086,18.3333761823169,3779.313,19.24380238,19.4060636374013
3779.795,18.31348624,18.3331961981782,3779.795,19.2503129,19.406186079319
3780.277,18.32248167,18.3330167388621,3780.277,19.23962562,19.4063089404176
3780.759,18.32686553,18.3328378126881,3780.759,19.24686387,19.4064322266237
3781.241,18.33552037,18.3326594280055,3781.241,19.21161216,19.4065559438856
3781.723,18.32096094,18.3324815931932,3781.723,19.2761165,19.406680098173
3782.205,18.32926864,18.33230431666,3782.205,19.2426326,19.4068046954768
3782.688,18.34598912,18.3321272408215,3782.688,19.25981843,19.4069300017128
3783.17,18.36403843,18.3319511073943,3783.17,19.25117573,19.4070555040593
3783.652,18.35014285,18.3317755576695,3783.652,19.25189311,19.4071814675373
3784.134,18.33720601,18.3316006001757,3784.134,19.23503826,19.4073078982243
3784.616,18.37681159,18.3314262434716,3784.616,19.25504444,19.4074348022193
3785.098,18.38738072,18.331252496146,3785.098,19.24876768,19.4075621856432
3785.58,18.37417174,18.3310793668178,3785.58,19.25724593,19.4076900546385
3786.062,18.37971057,18.3309068641365,3786.062,19.25469273,19.4078184153696
3786.544,18.40668616,18.3307349967815,3786.544,19.26018443,19.4079472740228
3787.027,18.38802979,18.3305634189033,3787.027,19.24424974,19.408076905722
3787.509,18.40635743,18.3303928497248,3787.509,19.25172944,19.4082067799309
3787.991,18.38485476,18.330222942112,3787.991,19.24758845,19.408337170765
3788.473,18.41469941,18.3300537048665,3788.473,19.2452534,19.4084680844983
3788.955,18.40979316,18.3298851468204,3788.955,19.25165018,19.4085995274271
3789.437,18.40788193,18.3297172768362,3789.437,19.25150074,19.4087315058694
3789.919,18.40574624,18.3295501038075,3789.919,19.25755659,19.4088640261658
3790.401,18.40316528,18.3293836366584,3790.401,19.2497569,19.4089970946786
3790.884,18.40478545,18.3292175412087,3790.884,19.25051687,19.4091309956001
3791.365,18.40558108,18.32905285585,3791.365,19.23890465,19.4092649019151
3791.848,18.39435145,18.3288882200991,3791.848,19.26045104,19.409399933637
3792.33,18.39762505,18.3287246678763,3792.33,19.2723339,19.4095352602837
3792.812,18.4064726,18.3285618666364,3792.812,19.28008484,19.4096711673072
3793.294,18.38344058,18.3283998254896,3793.294,19.28498638,19.4098076612041
3793.776,18.38203562,18.3282385535769,3793.776,19.29341824,19.4099447484933
3794.258,18.40013224,18.3280780600709,3794.258,19.30133297,19.4100824357165
3794.74,18.40454853,18.3279183541754,3794.74,19.30026875,19.4102207294378
3795.222,18.40821949,18.3277594451253,3795.222,19.31738758,19.4103596362438
3795.705,18.40836304,18.3276010150172,3795.705,19.31756604,19.4104994528668
3796.187,18.42157651,18.3274437291904,3796.187,19.32867341,19.4106396069994
3796.669,18.42462039,18.3272872681223,3796.669,19.32415468,19.4107803941268
3797.151,18.43715924,18.3271316411741,3797.151,19.33532733,19.4109218209266
3797.633,18.41945198,18.3269768577385,3797.633,19.32927041,19.4110638940991
3798.115,18.43319401,18.3268229272398,3798.115,19.33453889,19.4112066203676
3798.597,18.4396959,18.3266698591343,3798.597,19.32153364,19.4113500064784
3799.079,18.44120622,18.3265176629098,3799.079,19.32521493,19.4114940592005
3799.562,18.44721147,18.326366035078,3799.562,19.31019555,19.4116390862925
3800.044,18.44716909,18.3262156130657,3800.044,19.30425409,19.4117844940549
3800.526,18.45115786,18.3260660916097,3800.526,19.29372259,19.4119305888884
3801.008,18.46442492,18.3259174803259,3801.008,19.31427723,19.4120773776543
3801.49,18.45508173,18.3257697888622,3801.49,19.30406111,19.4122248672371
3801.972,18.45037896,18.3256230268988,3801.972,19.30950059,19.4123730645445
3802.454,18.46105082,18.325477204148,3802.454,19.3004463,19.4125219765076
3802.936,18.45134136,18.3253323303544,3802.936,19.33139913,19.4126716100807
3803.418,18.45415198,18.3251884152948,3803.418,19.33483016,19.4128219722413
3803.901,18.43919066,18.3250451732227,3803.901,19.33324406,19.4129733842407
3804.383,18.45461149,18.3249032071319,3804.383,19.34544638,19.4131252261507
3804.865,18.45867938,18.324762229321,3804.865,19.34954181,19.4132778177363
3805.347,18.45860521,18.324622249697,3805.347,19.34605994,19.4134311660686
3805.829,18.46970638,18.3244832781994,3805.829,19.33572675,19.4135852782429
3806.311,18.46622585,18.3243453248006,3806.311,19.34342324,19.4137401613776
3806.793,18.46280282,18.3242083995054,3806.793,19.33346062,19.4138958226149
3807.275,18.49879569,18.3240725123516,3807.275,19.33000009,19.4140522691208
3807.758,18.49631112,18.3239373947577,3807.758,19.35554199,19.4142098351354
3808.24,18.5044982,18.3238036163379,3808.24,19.34246984,19.4143678754375
3808.722,18.50885098,18.3236709063914,3808.722,19.34520752,19.4145267226634
3809.204,18.51601711,18.3235392750878,3809.204,19.33023138,19.4146863840741
3809.686,18.52826568,18.32340873263,3809.686,19.34681296,19.4148468669547
3810.168,18.52364303,18.3232792892539,3810.168,19.35180058,19.415008178614
3810.65,18.53812261,18.3231509552286,3810.65,19.35155228,19.4151703263851
3811.132,18.51852456,18.3230237408566,3811.132,19.35270455,19.4153333176249
3811.615,18.51491493,18.3228973960697,3811.615,19.35519881,19.4154975005254
3812.097,18.53398037,18.3227724544217,3812.097,19.35912344,19.4156622026581
3812.579,18.53753048,18.3226486635562,3812.579,19.32992069,19.4158277704905
3813.061,18.53713421,18.3225260339095,3813.061,19.36579812,19.4159942114762
3813.543,18.54404147,18.3224045759514,3813.543,19.38293251,19.4161615330929
3814.025,18.54893258,18.3222843001853,3814.025,19.38877703,19.4163297428428
3814.507,18.55918197,18.3221652171484,3814.507,19.39351998,19.4164988482523
3814.989,18.56115646,18.3220473374116,3814.989,19.39474022,19.4166688568724
3815.471,18.57166485,18.3219306715798,3815.471,19.43461601,19.4168397762784
3815.954,18.58548115,18.321814992067,3815.954,19.43641394,19.4170119715397
3816.436,18.58809956,18.3217007885685,3816.436,19.47204217,19.4171847372702
3816.918,18.59878271,18.321587831015,3816.918,19.48002211,19.4173584366753
3817.4,18.59052737,18.3214761301471,3817.4,19.48580588,19.4175330774284
3817.882,18.57829353,18.3213656967397,3817.882,19.47240237,19.4177086672278
3818.364,18.60381816,18.3212565416018,3818.364,19.47818522,19.4178852137963
3818.846,18.59469367,18.3211486755766,3818.846,19.47974551,19.4180627248815
3819.328,18.57069839,18.3210421095418,3819.328,19.47762094,19.4182412082558
3819.811,18.59295292,18.3209366374079,3819.811,19.46896711,19.4184210450714
3820.292,18.61324106,18.3208329211254,3820.292,19.43872988,19.4186011230853
3820.775,18.5865657,18.3207301092002,3820.775,19.44373658,19.4187829476965
3821.257,18.57599153,18.3206288553904,3821.257,19.44431205,19.4189654005386
3821.739,18.60805861,18.3205289564985,3821.739,19.420266,19.4191488649214
3822.221,18.59717998,18.3204304236093,3822.221,19.44115522,19.4193333487671
3822.703,18.61933043,18.3203332678423,3822.703,19.43483679,19.4195188600228
3823.185,18.61729172,18.3202375003518,3823.185,19.46719621,19.4197054066609
3823.667,18.62095691,18.320143132327,3823.667,19.49432051,19.419892996679
3824.149,18.60674827,18.3200501749919,3824.149,19.46082509,19.4200816380997
3824.632,18.60341176,18.319958451184,3824.632,19.48000755,19.4202717336483
3825.114,18.58382464,18.3198683520259,3825.114,19.48996626,19.4204625042671
3825.596,18.60349209,18.3197796974634,3825.596,19.49355134,19.4206543505256
3826.078,18.59878013,18.3196924988609,3826.078,19.4687637,19.420847280548
3826.56,18.58460802,18.3196067676181,3826.56,19.50252003,19.421041302484
3827.042,18.58835243,18.3195225151699,3827.042,19.48778866,19.4212364245089
3827.524,18.5781514,18.3194397529867,3827.524,19.49175744,19.4214326548233
3828.006,18.56104758,18.3193584925742,3828.006,19.48851704,19.4216300016536
3828.489,18.55748753,18.3192785816041,3828.489,19.49723832,19.4218288861935
3828.971,18.56101357,18.3192003625676,3828.971,19.52341869,19.4220284931967
3829.453,18.55769401,18.3191236800561,3829.453,19.52159852,19.4222292415662
3829.935,18.57314405,18.3190485457176,3829.935,19.54953875,19.4224311396311
3830.417,18.57267438,18.3189749712358,3830.417,19.54138174,19.4226341957468
3830.899,18.56214638,18.3189029683304,3830.899,19.56612062,19.422838418294
3831.381,18.57387458,18.3188325487567,3831.381,19.56281083,19.4230438156797
3831.863,18.58207464,18.3187637243059,3831.863,19.56885602,19.4232503963368
3832.345,18.59621902,18.3186965068055,3832.345,19.57640123,19.423458168724
3832.828,18.58341375,18.3186307737127,3832.828,19.58062142,19.4236675761331
3833.31,18.61635121,18.3185668091344,3833.31,19.59926648,19.4238777599782
3833.792,18.61913639,18.3185044872294,3833.792,19.5943307,19.4240891611044
3834.274,18.6008981,18.3184438199695,3834.274,19.59675869,19.4243017880752
3834.756,18.60931635,18.3183848193629,3834.756,19.59534018,19.4245156494801
3835.238,18.63525178,18.3183274974542,3835.238,19.60710186,19.4247307539352
3835.72,18.61009677,18.318271866324,3835.72,19.63406285,19.4249471100827
3836.202,18.59623329,18.3182179380899,3836.202,19.60315163,19.4251647265914
3836.685,18.60510622,18.3181656183708,3836.685,19.63057984,19.4253840676009
3837.167,18.60922169,18.3181151360231,3837.167,19.62804386,19.4256042336038
3837.649,18.58853467,18.3180663931684,3837.649,19.64221885,19.4258256861507
3838.131,18.59020392,18.3180194020706,3838.131,19.61928637,19.4260484340165
3838.613,18.59286527,18.3179741750304,3838.613,19.62290369,19.4262724860024
3839.095,18.58927457,18.3179307243854,3839.095,19.62525213,19.4264978509366
3839.577,18.6076411,18.3178890625102,3839.577,19.6005936,19.4267245376737
3840.059,18.61234533,18.317849201816,3840.059,19.58715732,19.4269525550951
3840.542,18.60085192,18.3178110777097,3840.542,19.59170829,19.4271823893524
3841.024,18.59070253,18.3177748605623,3841.024,19.57710449,19.4274130977013
3841.506,18.62579027,18.3177404820789,3841.506,19.58673552,19.4276451635587
3841.988,18.61130324,18.3177079548198,3841.988,19.57736892,19.4278785959135
3842.47,18.61928049,18.3176772913822,3842.47,19.58177614,19.4281134037818
3842.952,18.64725553,18.317648504401,3842.952,19.58290993,19.4283495962065
3843.434,18.63182662,18.3176216065483,3843.434,19.54518966,19.4285871822578
3843.916,18.63733908,18.3175966105337,3843.916,19.57716985,19.428826171033
3844.398,18.62860571,18.3175735291046,3844.398,19.59055396,19.4290665716564
3844.881,18.64282039,18.3175523331698,3844.881,19.56642884,19.4293088964678
3845.363,18.63727622,18.3175331233421,3845.363,19.5707525,19.4295521512468
3845.845,18.62931848,18.3175158665941,3845.845,19.60438578,19.4297968454299
3846.327,18.61786942,18.3175005758237,3846.327,19.5820096,19.430042988251
3846.809,18.63105706,18.3174872639671,3846.809,19.58423126,19.430290588971
3847.291,18.64022084,18.3174759439982,3847.291,19.5818527,19.4305396568786
3847.773,18.60992298,18.3174666289288,3847.773,19.57863544,19.4307902012898
3848.255,18.60223945,18.317459331809,3848.255,19.5785847,19.4310422315481
3848.738,18.59990571,18.3174540569217,3848.738,19.57010992,19.4312962845721
3849.219,18.59632684,18.3174508438087,3849.219,19.58144785,19.4315507871189
3849.702,18.58875779,18.3174496789506,3849.702,19.53078095,19.4318078650864
3850.184,18.58429582,18.3174505892019,3850.184,19.53934961,19.432065935893
3850.666,18.57514622,18.3174535832533,3850.666,19.53371517,19.4323255396996
3851.148,18.5726366,18.3174586743848,3851.148,19.49091965,19.4325866860162
3851.63,18.57931665,18.3174658759146,3851.63,19.49309805,19.4328493843806
3852.112,18.59690893,18.3174752011995,3852.112,19.45873208,19.4331136443587
3852.594,18.57853838,18.3174866636353,3852.594,19.44463827,19.4333794755443
3853.076,18.61529822,18.317500276656,3853.076,19.43529019,19.4336468875593
3853.559,18.63735238,18.3175160887262,3853.559,19.45776014,19.4339164498101
3854.041,18.65291603,18.3175340479068,3854.041,19.47206651,19.4341870557917
3854.523,18.67044381,18.3175541982361,3854.523,19.48119938,19.4344592716571
3855.005,18.68479073,18.3175765533041,3855.005,19.55615329,19.4347331071409
3855.487,18.67419944,18.3176011267397,3855.487,19.5578409,19.4350085720057
3855.969,18.65633161,18.3176279322107,3855.969,19.60007507,19.4352856760429
3856.451,18.67097439,18.3176569834243,3856.451,19.61918768,19.4355644290718
3856.933,18.68106355,18.3176882941269,3856.933,19.62356824,19.4358448409403
3857.416,18.65311538,18.3177219501531,3857.416,19.62776802,19.4361275084959
3857.898,18.64322302,18.3177578259894,3857.898,19.66198408,19.4364112711945
3858.38,18.63307585,18.3177960028187,3858.38,19.66758689,19.4366967224682
3858.862,18.62396021,18.317836494545,3858.862,19.67225036,19.4369838722791
3859.344,18.61790308,18.3178793151118,3859.344,19.67062231,19.437272730618
3859.826,18.61434219,18.3179244785024,3859.826,19.66582846,19.4375633075046
3860.308,18.60681405,18.3179719987398,3860.308,19.69235003,19.437855612987
3860.79,18.62115639,18.3180218898865,3860.79,19.69456409,19.4381496571423
3861.272,18.59783424,18.3180741660451,3861.272,19.69628028,19.4384454500764
3861.755,18.61143117,18.3181289572961,3861.755,19.6797145,19.4387436210872
3862.237,18.62472444,18.3181860509673,3862.237,19.68708227,19.4390429456936
3862.719,18.6286723,18.3182455722271,3862.719,19.67515571,19.4393440495914
3863.201,18.62613222,18.3183075353381,3863.201,19.68851799,19.4396469430026
3863.683,18.60232334,18.3183719546029,3863.683,19.69688925,19.4399516361783
3864.165,18.59897324,18.3184388443644,3864.165,19.69687542,19.4402581393987
3864.647,18.58340845,18.3185082190059,3864.647,19.68731061,19.4405664629731
3865.129,18.59523967,18.318580092951,3865.129,19.68253414,19.4408766172401
3865.612,18.59094905,18.3186546376181,3865.612,19.68893519,19.4411892617818
3866.094,18.59507618,18.3187315588632,3866.094,19.70741703,19.4415031124192
3866.576,18.58587639,18.3188110229557,3866.576,19.71375863,19.4418188249628
3867.058,18.57696076,18.3188930444812,3867.058,19.69613692,19.4421364098687
3867.54,18.57297478,18.3189776380663,3867.54,19.72467575,19.4424558776226
3868.022,18.56047086,18.319064818378,3868.022,19.71391506,19.4427772387397
3868.504,18.57097543,18.3191546001245,3868.504,19.71250102,19.4431005037648
3868.986,18.56103561,18.3192469980547,3868.986,19.72795082,19.4434256832725
3869.469,18.57687942,18.319342226859,3869.469,19.74900899,19.4437534685155
3869.951,18.56500967,18.3194399070718,3869.951,19.73269046,19.4440825128574
3870.433,18.57232802,18.3195402479919,3870.433,19.7384704,19.4444135036056
3870.915,18.57827371,18.3196432645326,3870.915,19.74016319,19.4447464514538
3871.397,18.57274668,18.3197489716483,3871.397,19.71471792,19.4450813671255
3871.879,18.57868407,18.3198573843348,3871.879,19.74294316,19.445418261374
3872.361,18.58377116,18.3199685176293,3872.361,19.73200901,19.4457571449828
3872.843,18.58274698,18.3200823866102,3872.843,19.72118938,19.4460980287653
3873.325,18.60488802,18.3201990063977,3873.325,19.73099606,19.4464409235651
3873.808,18.61509499,18.3203186427273,3873.808,19.71154019,19.4467865579601
3874.29,18.62641359,18.3204408154402,3874.29,19.71930771,19.4471335116746
3874.772,18.61865452,18.3205657846012,3874.772,19.70316816,19.4474825091408
3875.254,18.62952102,18.320693565497,3875.254,19.69998092,19.4478335613232
3875.736,18.58862417,18.3208241734563,3875.736,19.71487206,19.4481866792167
3876.218,18.59785057,18.3209576238497,3876.218,19.70039311,19.4485418738464
3876.7,18.61496061,18.3210939320896,3876.7,19.71979726,19.4488991562681
3877.182,18.58424207,18.3212331136306,3877.182,19.70920944,19.4492585375678
3877.665,18.60534185,18.3213754817349,3877.665,19.71295055,19.4496207810454
3878.146,18.59711007,18.321520158645,3878.146,19.70615053,19.449983641299
3878.629,18.59357017,18.3216683631197,3878.629,19.70493371,19.4503501470865
3879.111,18.58112106,18.3218191993608,3879.111,19.70811433,19.4507180398307
3879.593,18.57507207,18.3219729868414,3879.593,19.72754072,19.4510880873663
3880.075,18.58192153,18.32212974127,3880.075,19.69301958,19.4514603009635
3880.557,18.56326694,18.3222894783972,3880.557,19.6891664,19.4518346919235
3881.039,18.57957225,18.3224522140166,3881.039,19.69030307,19.4522112715782
3881.521,18.56119689,18.3226179639643,3881.521,19.694026,19.4525900512906
3882.003,18.56951045,18.3227867441192,3882.003,19.71134386,19.4529710424546
3882.486,18.5674066,18.3229589300663,3882.486,19.67785655,19.4533550538638
3882.968,18.56279293,18.3231338248126,3882.968,19.67806901,19.4537405068846
3883.45,18.54986701,18.3233117976928,3883.45,19.68095785,19.4541282057493
3883.932,18.53979305,18.3234928647575,3883.932,19.66482746,19.4545181619763
3884.414,18.55524234,18.3236770421002,3884.414,19.65727791,19.4549103871154
3884.896,18.56371853,18.3238643458576,3884.896,19.66112493,19.4553048927477
3885.378,18.55839662,18.3240547922097,3885.378,19.63302938,19.4557016904856
3885.86,18.55445201,18.3242483973797,3885.86,19.64149599,19.456100791973
3886.343,18.56062516,18.3244455892038,3886.343,19.65555504,19.4565030441153
3886.825,18.57660187,18.3246455674908,3886.825,19.64982652,19.4569067929993
3887.307,18.55626727,18.3248487535598,3887.307,19.66230649,19.4573128807777
3887.789,18.56413724,18.3250551638077,3887.789,19.67989687,19.4577213192204
3888.271,18.54416749,18.3252648146755,3888.271,19.69050969,19.4581321201292
3888.753,18.54514151,18.3254777226474,3888.753,19.68347923,19.4585452953376
3889.235,18.54661014,18.3256939042517,3889.235,19.69929383,19.4589608567108
3889.717,18.53424849,18.3259133760604,3889.717,19.69633416,19.4593788161457
3890.199,18.53034252,18.3261361546896,3890.199,19.68897748,19.4597991855714
3890.682,18.54017287,18.3263627293568,3890.682,19.69162233,19.4602228566349
3891.164,18.53931136,18.3265921785978,3891.164,19.70128912,19.4606480870185
3891.646,18.54536685,18.3268249848059,3891.646,19.68700399,19.4610757633962
3892.128,18.53114791,18.3270611647736,3892.128,19.69097275,19.461505897825
3892.61,18.55903528,18.3273007353374,3892.61,19.70397642,19.4619385023939
3893.092,18.54513495,18.3275437133783,3893.092,19.66031278,19.4623735892242
3893.574,18.55359114,18.3277901158215,3893.574,19.68903532,19.4628111704695
3894.056,18.54313912,18.3280399596371,3894.056,19.68690612,19.4632512583156
3894.539,18.54436028,18.3282937909692,3894.539,19.7026452,19.4636947858784
3895.021,18.53389845,18.3285505758451,3895.021,19.67260623,19.4641399288767
3895.503,18.51275705,18.3288108533056,3895.503,19.69632394,19.464587615253
3895.985,18.52372773,18.3290746404993,3895.985,19.67409697,19.4650378573226
3896.467,18.51205476,18.3293419546195,3896.467,19.68694415,19.4654906674339
3896.949,18.49808779,18.3296128129043,3896.949,19.70067352,19.4659460579673
3897.431,18.50503493,18.3298872326369,3897.431,19.69117179,19.4664040413363
3897.913,18.48802969,18.3301652311454,3897.913,19.69792238,19.4668646299869
3898.396,18.49911338,18.3304474137747,3898.396,19.70584572,19.4673288001369
3898.878,18.49584221,18.3307326295154,3898.878,19.70630164,19.4677946422899
3899.36,18.49938939,18.3310214763237,3899.36,19.70704833,19.4682631272854
3899.842,18.48358304,18.3313139717088,3899.842,19.73147886,19.468734267701
3900.324,18.49608503,18.3316101332251,3900.324,19.73598203,19.4692080761469
3900.806,18.50397263,18.3319099784728,3900.806,19.73931496,19.4696845652666
3901.288,18.52478094,18.3322135250971,3901.288,19.74597253,19.4701637477368
3901.77,18.50514805,18.3325207907893,3901.77,19.71572773,19.4706456362669
3902.252,18.51989319,18.332831793286,3902.252,19.73207714,19.4711302435998
3902.735,18.5250153,18.3331472073081,3902.735,19.72572766,19.4716185964365
3903.217,18.52091649,18.3334657446524,3903.217,19.71410081,19.4721086854435
3903.699,18.52452075,18.3337880723236,3903.699,19.71461816,19.4726015317081
3904.181,18.51195876,18.3341142082418,3904.181,19.68762387,19.4730971481064
3904.663,18.5116145,18.3344441703732,3904.663,19.68300093,19.4735955475479
3905.145,18.4989636,18.3347779767305,3905.145,19.69181046,19.4740967429757
3905.627,18.49479665,18.335115645372,3905.627,19.66888116,19.4746007473664
3906.109,18.49402455,18.3354571944026,3906.109,19.66093943,19.4751075737303
3906.592,18.49522227,18.3358033627349,3906.592,19.67983171,19.4756182954561
3907.073,18.48598159,18.3361520062823,3907.073,19.68730509,19.4761297445869
3907.556,18.45977161,18.336506042662,3907.556,19.69512755,19.4766461874856
3908.038,18.45680267,18.3368633034457,3908.038,19.67087434,19.4771644384954
3908.52,18.45791422,18.3372245358771,3908.52,19.67904296,19.4776855770628
3909.002,18.46546356,18.3375897583399,3909.002,19.68347643,19.4782096164008
3909.484,18.44498945,18.3379589892649,3909.484,19.66412185,19.4787365697565
3909.966,18.460378,18.3383322471297,3909.966,19.68216618,19.4792664504108
3910.448,18.44338704,18.3387095504585,3910.448,19.65116494,19.479799271679
3910.93,18.44948087,18.3390909178227,3910.93,19.67194965,19.4803350469102
3911.413,18.45316187,18.3394771717866,3911.413,19.66560062,19.480874910305
3911.895,18.43724822,18.3398667316525,3911.895,19.67329396,19.4814166398451
3912.377,18.44012127,18.3402604115895,3912.377,19.64601577,19.4819613636295
3912.859,18.45672902,18.3406582303575,3912.859,19.66510173,19.4825090951444
3913.341,18.41986095,18.341060206764,3913.341,19.6728627,19.4830598479109
3913.823,18.42874755,18.3414663596639,3913.823,19.68678395,19.4836136354841
3914.305,18.4284067,18.3418767079594,3914.305,19.69089394,19.4841704714539
3914.787,18.42501706,18.3422912706004,3914.787,19.66413936,19.4847303694447
3915.27,18.40886241,18.3427109398694,3915.27,19.66282974,19.4852945143173
3915.752,18.40296653,18.3431339970838,3915.752,19.68667324,19.4858605837855
3916.234,18.40177721,18.3435613258189,3916.234,19.65462354,19.4864297563844
3916.716,18.39684533,18.3439929452158,3916.716,19.66585946,19.4870020458772
3917.198,18.41309889,18.3444288744631,3917.198,19.67644717,19.487577466062
3917.68,18.42391431,18.3448691327979,3917.68,19.66380263,19.4881560307719
3918.162,18.40147207,18.3453137395049,3918.162,19.6583911,19.4887377538749
3918.644,18.39272142,18.3457627139172,3918.644,19.64490022,19.4893226492739
3919.126,18.40210217,18.3462160754161,3919.126,19.64302079,19.489910730907
3919.609,18.38887088,18.3466747977514,3919.609,19.64521344,19.4905032428095
3920.091,18.4038884,18.3471370009632,3920.091,19.64931823,19.4910977455485
3920.573,18.41561209,18.3476036497359,3920.573,19.65293089,19.4916954765757
3921.055,18.38780462,18.3480747636446,3921.055,19.65263498,19.4922964499701
3921.537,18.39107541,18.3485503623126,3921.537,19.63425348,19.492900679846
3922.019,18.38490097,18.3490304654123,3922.019,19.64486357,19.4935081803528
3922.501,18.40751242,18.3495150926646,3922.501,19.62948974,19.4941189656758
3922.983,18.38544583,18.3500042638391,3922.983,19.63871305,19.4947330500355
3923.466,18.39556381,18.3504990278587,3923.466,19.62825549,19.49535173205
3923.948,18.41412361,18.3509973559129,3923.948,19.6511166,19.4959724642055
3924.43,18.39948145,18.3515002875337,3924.43,19.65395652,19.4965965383027
3924.912,18.40071552,18.3520078426869,3924.912,19.62325195,19.4972239687047
3925.394,18.38781072,18.3525200413873,3925.394,19.62891923,19.4978547698106
3925.876,18.38054294,18.3530369036994,3925.876,19.6380848,19.498488956055
3926.358,18.388175,18.3535584497367,3926.358,19.66090039,19.4991265419087
3926.84,18.37606223,18.3540846996622,3926.84,19.64870959,19.4997675418783
3927.323,18.37251262,18.354616780219,3927.323,19.6500647,19.5004133110695
3927.805,18.37082348,18.3551525084721,3927.805,19.63602291,19.5010611900935
3928.287,18.376079,18.3556930014418,3928.287,19.64734725,19.5017125269998
3928.769,18.36333946,18.3562382794895,3928.769,19.64280642,19.5023673364394
3929.251,18.35137636,18.3567883630265,3929.251,19.62858698,19.5030256330995
3929.733,18.34828937,18.3573432725139,3929.733,19.6266451,19.5036874317036
3930.215,18.35237744,18.3579030284628,3930.215,19.62260868,19.5043527470115
3930.697,18.33925036,18.3584676514341,3930.697,19.59958145,19.5050215938195
3931.179,18.35607298,18.359037162039,3931.179,19.58804988,19.5056939869601
3931.662,18.35518583,18.3596127777959,3931.662,19.58567679,19.5063713474096
3932.144,18.33247372,18.3601921359498,3932.144,19.58502701,19.5070508852943
3932.626,18.34012942,18.3607764439152,3932.626,19.55974985,19.5077340142599
3933.108,18.33586204,18.3613657225042,3933.108,19.57095675,19.5084207492855
3933.59,18.35219719,18.3619599925796,3933.59,19.57924631,19.5091111053867
3934.072,18.34762067,18.3625592750548,3934.072,19.53591444,19.5098050976161
3934.554,18.34350415,18.3631635908936,3934.554,19.55391091,19.5105027410632
3935.036,18.35319701,18.3637729611107,3935.036,19.56014212,19.5112040508541
3935.519,18.36147484,18.3643886868455,3935.519,19.56302077,19.5119105086272
3936,18.36056184,18.365006948992,3936,19.5524884,19.5126177301575
3936.483,18.35921365,18.3656329102491,3936.483,19.55539617,19.5133316119847
3936.965,18.34793931,18.3662627198255,3936.965,19.55568328,19.5140477469023
3937.447,18.34808227,18.3668976896603,3937.447,19.56059163,19.5147676243823
3937.929,18.34876471,18.367537841074,3937.929,19.56385115,19.5154912597734
3938.411,18.3391316,18.3681831954381,3938.411,19.54999534,19.516218668462
3938.893,18.33031203,18.3688337741758,3938.893,19.57375636,19.5169498658713
3939.375,18.32531575,18.3694895987612,3939.375,19.56357327,19.5176848674624
3939.857,18.31495723,18.3701506907201,3939.857,19.59679484,19.5184236887336
3940.34,18.29934937,18.3708184596758,3940.34,19.60486719,19.5191678899993
3940.822,18.30285887,18.3714901622056,3940.822,19.577117,19.5199144052811
3941.304,18.29691847,18.3721671970409,3941.304,19.5801542,19.5206647869958
3941.786,18.28281831,18.3728495859139,3941.786,19.59736351,19.5214190507922
3942.268,18.29066036,18.373537350609,3942.268,19.57691228,19.5221772123567
3942.75,18.29017084,18.3742305129624,3942.75,19.5967962,19.5229392874138
3943.232,18.29102671,18.3749290948622,3943.232,19.56393408,19.5237052917256
3943.714,18.26624408,18.3756331182487,3943.714,19.56468396,19.5244752410922
3944.197,18.25917923,18.3763440827733,3944.197,19.56372629,19.5252507611031
3944.679,18.25970141,18.3770590665663,3944.679,19.56226148,19.5260286563987
3945.161,18.26877489,18.3777795580258,3945.161,19.55430332,19.5268105444106
3945.643,18.25409905,18.3785055793012,3945.643,19.54531246,19.5275964410911
3946.125,18.2473716,18.3792371525942,3946.125,19.54233384,19.5283863624309
3946.607,18.25361679,18.3799743001594,3946.607,19.5415817,19.5291803244588
3947.089,18.26617304,18.3807170443036,3947.089,19.53434461,19.529978343242
3947.571,18.24172749,18.3814654073865,3947.571,19.5263875,19.5307804348859
3948.053,18.25515593,18.3822194118206,3948.053,19.5295296,19.5315866155345
3948.536,18.25144802,18.3829806620494,3948.536,19.51825367,19.5323985867399
3949.018,18.26307198,18.3837460284552,3949.018,19.52871712,19.5332130025515
3949.5,18.26100234,18.3845171038137,3949.5,19.52747466,19.5340315560646
3949.982,18.26780792,18.3852939107492,3949.982,19.50651446,19.5348542635775
3950.464,18.26114392,18.3860764719392,3950.464,19.52038076,19.5356811414274
3950.946,18.25310011,18.3868648101145,3950.946,19.52328543,19.5365122059899
3951.428,18.27221934,18.387658948059,3951.428,19.52956077,19.5373474736798
3951.91,18.26739117,18.3884589086103,3951.91,19.50895008,19.5381869609506
3952.393,18.27448912,18.3892663925483,3952.393,19.51838359,19.5390324391729
3952.875,18.29122461,18.3900780792385,3952.875,19.51561285,19.5398804239619
3953.357,18.27450526,18.3908956574165,3953.357,19.5318711,19.5407326779608
3953.839,18.27166693,18.3917191501344,3953.839,19.49102376,19.5415892177792
3954.321,18.26654148,18.3925485804978,3954.321,19.50335745,19.5424500600661
3954.803,18.27071728,18.3933839716661,3954.803,19.5152775,19.5433152215097
3955.285,18.27016331,18.3942253468529,3955.285,19.50147618,19.5441847188374
3955.767,18.28767815,18.3950727293256,3955.767,19.48868479,19.5450585688161
3956.25,18.25631034,18.3959279192574,3956.25,19.49605147,19.5459386148378
3956.732,18.27801445,18.3967873989052,3956.732,19.50481215,19.5468212296944
3957.214,18.26539545,18.397652956015,3957.214,19.50256705,19.5477082477742
3957.696,18.25768024,18.3985246140711,3957.696,19.50057184,19.5485996860021
3958.178,18.25475717,18.3994023966123,3958.178,19.50102916,19.5494955613428
3958.66,18.2680871,18.4002863272321,3958.66,19.50370047,19.5503958908004
3959.142,18.2559841,18.4011764295782,3959.142,19.46382005,19.5513006914191
3959.624,18.25409349,18.4020727273533,3959.624,19.49616323,19.5522099802826
3960.106,18.25564663,18.4029752443146,3960.106,19.49084561,19.5531237745147
3960.589,18.25190211,18.4038858961744,3960.589,19.45454035,19.5540440012137
3961.071,18.25067636,18.404800936026,3961.071,19.47641433,19.5549668671506
3961.553,18.22795884,18.4057222667145,3961.553,19.48433103,19.5558942901029
3962.035,18.22464819,18.406649912217,3962.035,19.46285767,19.5568262873548
3962.517,18.2412811,18.4075838965657,3962.517,19.45254992,19.5577628762303
3962.999,18.23411121,18.4085242438482,3962.999,19.44305877,19.5587040740938
3963.481,18.23979226,18.409470978207,3963.481,19.43788511,19.55964989835
3963.963,18.22060907,18.4104241238403,3963.963,19.43432685,19.5606003664438
3964.446,18.22553189,18.4113857025405,3964.446,19.43095631,19.5615574823145
3964.927,18.20809055,18.4123497460001,3964.927,19.43565719,19.5625153041266
3965.41,18.21272924,18.4133242956446,3965.41,19.4195282,19.5634818147491
3965.892,18.21097559,18.4143033429957,3965.892,19.43306999,19.5644510432514
3966.374,18.21821466,18.4152889234957,3966.374,19.41123206,19.5654250034606
3966.856,18.22111052,18.4162810616769,3966.856,19.41052628,19.5664037130651
3967.338,18.23304474,18.4172797821273,3967.338,19.40089971,19.5673871897942
3967.82,18.22732063,18.4182851094907,3967.82,19.38473255,19.568375451418
3968.302,18.21283774,18.4192970684674,3968.302,19.39868306,19.5693685157474
3968.784,18.20271791,18.4203156838136,3968.784,19.38755701,19.5703664006344
3969.267,18.21538132,18.4213431144754,3969.267,19.38407758,19.5713712093529
3969.749,18.22256582,18.4223751309933,3969.749,19.37423712,19.5723787991693
3970.231,18.22297375,18.4234138785392,3970.231,19.39285439,19.5733912633827
3970.713,18.19883665,18.4244593820949,3970.713,19.38791634,19.5744086200096
3971.195,18.21335344,18.4255116666988,3971.195,19.38619229,19.5754308871077
3971.677,18.20037523,18.4265707574461,3971.677,19.38651472,19.576458082776
3972.159,18.20289117,18.4276366794885,3972.159,19.36839672,19.5774902251548
3972.641,18.20242992,18.4287094580347,3972.641,19.41192216,19.578527332426
3973.124,18.20554802,18.4297913654806,3973.124,19.3948026,19.5795715900186
3973.606,18.21751035,18.4308779472445,3973.606,19.40952362,19.5806186921812
3974.088,18.21850882,18.4319714615327,3974.088,19.40844327,19.5816708140688
3974.57,18.23076365,18.4330719337819,3974.57,19.398847,19.5827279740296
3975.052,18.21289357,18.4341793894862,3975.052,19.4002945,19.5837901904535
3975.534,18.20910489,18.4352938541971,3975.534,19.38041716,19.5848574817722
3976.016,18.20531137,18.4364153535232,3976.016,19.39883488,19.5859298664595
3976.498,18.21457343,18.4375439131309,3976.498,19.40278008,19.5870073630307
3976.98,18.22742209,18.4386795587439,3976.98,19.39614862,19.5880899900435
3977.463,18.18950778,18.4398246944201,3977.463,19.38154542,19.5891800282594
3977.945,18.20051647,18.440974604281,3977.945,19.38553671,19.5902729827366
3978.427,18.17296377,18.4421316777184,3978.427,19.39266201,19.591371123619
3978.909,18.17695108,18.4432959406873,3978.909,19.35965195,19.5924744696328
3979.391,18.19736271,18.4444674192006,3979.391,19.36236744,19.5935830395463
3979.873,18.20203811,18.4456461393292,3979.873,19.37779719,19.5946968521703
3980.355,18.18145384,18.4468321272023,3980.355,19.35293818,19.5958159263578
3980.837,18.20538854,18.448025409007,3980.837,19.35254066,19.5969402810045
3981.32,18.17284527,18.449228509492,3981.32,19.34231521,19.5980722842509
3981.802,18.16298416,18.4504364732241,3981.802,19.35115148,19.5992072677266
3982.284,18.18579028,18.4516518098545,3982.284,19.35271244,19.6003475886431
3982.766,18.17601416,18.4528745458042,3982.766,19.33226488,19.6014932660666
3983.248,18.19674605,18.454104707553,3983.248,19.33882511,19.6026443191059
3983.73,18.19895226,18.4553423216391,3983.73,19.31713986,19.6038007669129
3984.212,18.19970609,18.4565874146597,3984.212,19.32607702,19.6049626286821
3984.694,18.17287931,18.4578400132709,3984.694,19.33361708,19.6061299236512
3985.177,18.19721213,18.4591027664154,3985.177,19.33950156,19.607305109868
3985.659,18.1973799,18.4603704721222,3985.659,19.35495667,19.6084833404942
3986.141,18.18982243,18.4616457637974,3986.141,19.35289236,19.6096670623315
3986.623,18.20564647,18.4629286683334,3986.623,19.34445059,19.6108562947901
3987.105,18.2128856,18.464219212682,3987.105,19.32650285,19.6120510573235
3987.587,18.22807061,18.4655174238543,3987.587,19.36214794,19.6132513694283
3988.069,18.2172311,18.4668233289208,3988.069,19.34229204,19.6144572506445
3988.551,18.21819855,18.4681369550116,3988.551,19.34409941,19.6156687205559
3989.033,18.22809169,18.4694583293165,3989.033,19.34646249,19.6168857987893
3989.516,18.20612917,18.4707902447584,3989.516,19.33286636,19.6181110476142
3989.998,18.22774683,18.4721272135161,3989.998,19.33219074,19.6193394132851
3990.48,18.21764605,18.4734720124724,3990.48,19.32204271,19.620573446462
3990.962,18.22188454,18.4748246690563,3990.962,19.34621185,19.6218131669466
3991.444,18.21542282,18.4761852107572,3991.444,19.31546447,19.6230585945846
3991.926,18.22966296,18.4775536651242,3991.926,19.34459024,19.6243097492655
3992.408,18.23225937,18.478930059767,3992.408,19.34998921,19.6255666509229
3992.89,18.2424541,18.4803144223552,3992.89,19.34635913,19.626829319534
3993.373,18.21440341,18.4817096776599,3993.373,19.33829555,19.6281004128006
3993.854,18.24289454,18.4831071623492,3993.854,19.34764081,19.6293720377482
3994.337,18.25410609,18.4845185258458,3994.337,19.31217047,19.6306547893859
3994.819,18.236726,18.4859350549136,3994.819,19.33743862,19.6319407386218
3995.301,18.25300157,18.4873596912413,3995.301,19.31592571,19.6332325554031
3995.783,18.2587661,18.4887924628623,3995.783,19.30588448,19.6345302599728
3996.265,18.26798353,18.4902333978709,3996.265,19.32207092,19.6358338726183
3996.747,18.26208417,18.4916825244223,3996.747,19.30208466,19.6371434136713
3997.229,18.2666164,18.493139870733,3997.229,19.30528502,19.6384589035085
3997.711,18.26727797,18.4946054650803,3997.711,19.29599919,19.6397803625508
3998.194,18.2706058,18.496082402249,3998.194,19.27927674,19.6411105715475
3998.676,18.27389486,18.4975645950063,3998.676,19.27454189,19.6424440429328
3999.158,18.25489097,18.4990551210594,3999.158,19.27612808,19.6437835450977
3999.64,18.30216673,18.5005540089313,3999.64,19.29003215,19.6451290986426
4000.122,18.26850504,18.5020612872065,4000.122,19.28237573,19.6464807242126
