sigma,F_meas,F_fit,residual
1100.19,1.47942253533629,0.212572721981704,1.26684981335459
1100.672,1.39565777542685,0.216129615998352,1.1795281594285
1101.155,1.3226470914948,0.219656651432086,1.10299044006271
1101.637,1.2248929827559,0.223138684264475,1.00175429849143
1102.119,1.1648347192153,0.226582522938205,0.938252196277099
1102.601,1.08209044632645,0.229987640705877,0.852102805620571
1103.083,1.00546078668338,0.233353516757854,0.772107269925529
1103.565,0.931146256020618,0.236679636302131,0.694466619718487
1104.047,0.864255201212989,0.23996549064328,0.62428971056971
1104.529,0.797478373275519,0.243210577260444,0.554267796015074
1105.011,0.717604133363269,0.246414399884415,0.471189733478854
1105.494,0.656264581158649,0.249582985142575,0.406681596016075
1105.976,0.600781479651197,0.252702728230849,0.348078751420348
1106.458,0.525897978271043,0.255779755801318,0.270118222469726
1106.94,0.476927262732294,0.25881359735625,0.218113665376044
1107.422,0.388254603888435,0.261803789020398,0.126450814868037
1107.904,0.325448172732116,0.264749873612125,0.0606982991199909
1108.386,0.255563143395078,0.26765140071352,-0.0120882573184415
1108.868,0.189694963147975,0.27050792673946,-0.0808129635914853
1109.35,0.10022905440024,0.273319015005642,-0.173089960605402
1109.833,0.0512744430246759,0.276089924794601,-0.224815481769925
1110.315,-0.018922679419739,0.278808758953223,-0.297731438372962
1110.797,-0.0873775655045739,0.281480886513567,-0.368858452018141
1111.279,-0.139176062266352,0.284105899068428,-0.42328196133478
1111.761,-0.240993482603543,0.286683395435576,-0.52767687803912
1112.243,-0.280451556276649,0.289212981719287,-0.569664537995936
1112.725,-0.315989113908383,0.291694271370741,-0.607683385279125
1113.207,-0.408224719983784,0.294126885247302,-0.702351605231086
1113.689,-0.470981382850347,0.29651045167065,-0.767491834520997
1114.172,-0.497269584637597,0.298849397516749,-0.796118982154347
1114.654,-0.560126931842389,0.30113368052096,-0.86126061236335
1115.136,-0.635850976253898,0.303367845671144,-0.939218821925042
1115.618,-0.698485534670636,0.305551551720659,-1.00403708639129
1116.1,-0.75422489175426,0.307684465160652,-1.06190935691491
1116.582,-0.805511789029736,0.309766260271208,-1.11527804930094
1117.064,-0.873998108885467,0.311796619171292,-1.18579472805676
1117.546,-0.925970286573437,0.313775231867496,-1.23974551844093
1118.029,-0.971168955516022,0.315705739013848,-1.28687469452987
1118.511,-1.00673567690926,0.317579852214869,-1.32431552912413
1118.993,-1.07570019226811,0.319401336441755,-1.39510152870987
1119.475,-1.11350364329999,0.321169913731568,-1.43467355703156
1119.957,-1.17728005957657,0.322885314234537,-1.50016537381111
1120.439,-1.21101083353393,0.324547276255428,-1.53555810978936
1120.921,-1.24337307247269,0.326155546293678,-1.56952861876637
1121.403,-1.29620973955818,0.327709879082279,-1.62391961864046
1121.885,-1.33771268982053,0.329210037625374,-1.6669227274459
1122.368,-1.38243381270364,0.330658736021607,-1.71309254872525
1122.85,-1.40946288344114,0.332049754801647,-1.74151263824279
1123.332,-1.41481674782822,0.333385937901576,-1.7482026857298
1123.814,-1.45744739435538,0.334667081778311,-1.79211447613369
1124.296,-1.49841236037864,0.33589299132891,-1.83430535170755
1124.778,-1.52710053111964,0.337063479920498,-1.86416401104014
1125.26,-1.52751934266585,0.338178369418875,-1.86569771208473
1125.742,-1.56013303697059,0.339237490215844,-1.89937052718644
1126.225,-1.57684765712871,0.340242704318366,-1.91709036144708
1126.707,-1.60511616537489,0.341189696614917,-1.94630586198981
1127.189,-1.64034912662636,0.342080462505429,-1.98242958913178
1127.671,-1.66199144730122,0.342914866750561,-2.00490631405179
1128.153,-1.6495450596842,0.343692782753909,-1.99323784243811
1128.635,-1.70402939892674,0.344414092581411,-2.04844349150815
1129.117,-1.72320669704717,0.345078686979441,-2.06828538402661
1129.599,-1.75363772393081,0.345686465391557,-2.09932418932237
1130.082,-1.76874694050367,0.346238419644282,-2.11498536014795
1130.564,-1.80530514464943,0.346732180960929,-2.15203732561036
1131.046,-1.8274911296054,0.34716887680775,-2.17466000641315
1131.528,-1.84021149072604,0.34754844157604,-2.18775993230208
1132.01,-1.84900686623347,0.347870818418021,-2.1968776846515
1132.492,-1.86793873821766,0.348135959255553,-2.21607469747321
1132.974,-1.85802613863651,0.348343824787516,-2.20636996342403
1133.456,-1.89955795231605,0.348494384495826,-2.24805233681187
1133.938,-1.89042588895052,0.348587616650124,-2.23901350560065
1134.421,-1.88421148130859,0.348623523165486,-2.23283500447408
1134.903,-1.89327588869908,0.348601951216387,-2.24187783991547
1135.385,-1.89632007252307,0.348523039293886,-2.24484311181696
1135.867,-1.8940980259488,0.348386800856591,-2.24248482680539
1136.349,-1.87603057801342,0.348193258154002,-2.22422383616743
1136.831,-1.8783386506231,0.347942442223102,-2.22628109284621
1137.313,-1.85423133955321,0.347634392883596,-2.20186573243681
1137.795,-1.8472060464484,0.347269158731806,-2.19447520518021
1138.277,-1.85353819082278,0.346846797133219,-2.200384987956
1138.76,-1.82831575932356,0.346366320295712,-2.17468207961927
1139.242,-1.83157915562374,0.345829792786079,-2.17740894840982
1139.724,-1.81479555734613,0.34523636262896,-2.16003191997509
1140.206,-1.78088385548367,0.344586122183195,-2.12546997766686
1140.688,-1.79428061289944,0.343879172519353,-2.1381597854188
1141.17,-1.76225839632675,0.343115623404239,-2.10537401973099
1141.652,-1.75120057536929,0.342295593284058,-2.09349616865335
1142.134,-1.73643391550129,0.34141920926625,-2.07785312476754
1142.616,-1.7073816140676,0.340486607100003,-2.0478682211676
1143.099,-1.66980872243185,0.339495821776658,-2.00930454420851
1143.581,-1.63523222096625,0.338451109169356,-1.97368333013561
1144.063,-1.63705898937508,0.337350637640924,-1.974409627016
1144.545,-1.61673497248684,0.336194577303873,-1.95292954979072
1145.027,-1.57869436200142,0.334983106795135,-1.91367746879656
1145.509,-1.5470281934901,0.33371641324867,-1.88074460673877
1145.991,-1.51384452539576,0.332394692266765,-1.84623921766253
1146.473,-1.49701537003302,0.331018147890045,-1.82803351792306
1146.956,-1.46921784623494,0.329583966748115,-1.79880181298305
1147.438,-1.46011131778342,0.328098308691998,-1.78820962647542
1147.92,-1.42585626641706,0.326558490157709,-1.75241475657477
1148.402,-1.3850224869384,0.324964748630648,-1.70998723556905
1148.884,-1.34942521702236,0.323317329865188,-1.67274254688755
1149.366,-1.33027710021635,0.321616487846987,-1.65189358806334
1149.848,-1.28842013794046,0.319862484754044,-1.60828262269451
1150.33,-1.25640856948753,0.318055590916487,-1.57446416040402
1150.812,-1.22646408502333,0.316196084775124,-1.54266016979845
1151.295,-1.18858034359113,0.314280232192897,-1.50286057578402
1151.777,-1.16301490170482,0.312316261357365,-1.47533116306219
1152.259,-1.12666091471909,0.310300562407242,-1.43696147712633
1152.741,-1.08699379329238,0.308233445803136,-1.39522723909552
1153.223,-1.05028667895673,0.306115229890442,-1.35640190884717
1153.705,-1.03885002011786,0.303946240850518,-1.34279626096838
1154.187,-0.984894324055352,0.301726812650672,-1.28662113670602
1154.669,-0.935860785922753,0.299457286992941,-1.23531807291569
1155.152,-0.909498704365378,0.297133150023874,-1.20663185438925
1155.634,-0.855269506059745,0.294764383137554,-1.1500338891973
1156.116,-0.813658056563396,0.292346590542233,-1.10600464710563
1156.598,-0.777426735526774,0.289880144358693,-1.06730687988547
1157.08,-0.738364755474954,0.287365424168638,-1.02573017964359
1157.562,-0.677620806807768,0.284802816956475,-0.962423623764243
1158.044,-0.635662316799932,0.282192717049985,-0.917855033849918
1158.526,-0.579194283601156,0.279535526059858,-0.858729809661014
1159.009,-0.534408907605306,0.276825994883863,-0.811234902489169
1159.491,-0.498471447367148,0.27407575983031,-0.772547207197458
1159.973,-0.43330904081024,0.271279682486266,-0.704588723296506
1160.455,-0.408304971585423,0.268438192981644,-0.676743164567067
1160.937,-0.368007546219195,0.2655517284102,-0.633559274629394
1161.419,-0.314586036113871,0.262620732762531,-0.577206768876402
1161.901,-0.26624551654767,0.259645656857969,-0.525891173405639
1162.383,-0.218366476674889,0.256626958275454,-0.474993434950343
1162.865,-0.162068655526015,0.253565101283372,-0.415633756809387
1163.348,-0.126333579891648,0.250454071761171,-0.376787651652819
1163.83,-0.088789131715556,0.247307230083872,-0.336096361799428
1164.312,-0.0317836237825446,0.244118663232421,-0.275902287014966
1164.794,0.0128451323710888,0.240888861524128,-0.22804372915304
1165.276,0.0448715733322373,0.237618321599575,-0.192746748267338
1165.758,0.115371055810796,0.234307546346454,-0.118936490535658
1166.24,0.154540926639575,0.230957044822461,-0.0764161181828864
1166.722,0.186652510774158,0.227567332177229,-0.0409148214030709
1167.204,0.255025349292762,0.224138929573323,0.0308864197194384
1167.687,0.280620518257775,0.22066513276034,0.0599553854974356
1168.169,0.349648163826132,0.217160859865693,0.132487303960438
1168.651,0.385805761580746,0.213619496897601,0.172186264683146
1169.133,0.422987081089381,0.210041588273868,0.212945492815514
1169.615,0.477034642041781,0.206427684016504,0.270606958025277
1170.097,0.518266134249579,0.202778339667364,0.315487794582215
1170.579,0.557661307646125,0.199094116202959,0.358567191443166
1171.061,0.595711672286393,0.195375579948449,0.400336092337945
1171.543,0.655032348346838,0.191623302490771,0.463409045856067
1172.026,0.661477312178533,0.187829972905543,0.473647339272991
1172.508,0.733438963156861,0.184011881420027,0.549427081736834
1172.99,0.786771806647613,0.180161795405089,0.606610011242524
1173.472,0.809986253312131,0.176280306620532,0.633705946691598
1173.954,0.853370403932617,0.172368011641711,0.681002392290906
1174.436,0.905546659411966,0.168425511768042,0.737121147643924
1174.918,0.935648080773671,0.164453412930784,0.771194667842887
1175.4,0.997539519161668,0.16045232560014,0.837087193561528
1175.883,1.01795513596374,0.156414475748854,0.861540660214891
1176.365,1.05600305206907,0.152357203594178,0.903645848474895
1176.847,1.09081253919127,0.148272801948778,0.942539737242489
1177.329,1.13746753895507,0.144161898504242,0.993305640450825
1177.811,1.19992480310503,0.140025125016148,1.05989967808888
1178.293,1.2172815335054,0.135863117207194,1.0814184162982
1178.775,1.24497270213999,0.131676514669703,1.11329618747029
1179.257,1.27179856111206,0.127465960767545,1.14433260034451
1179.74,1.3170383464018,0.123223294825207,1.19381505157659
1180.222,1.35106321129217,0.118966736556981,1.23209647473519
1180.704,1.41547164338436,0.114688180016155,1.30078346336821
1181.186,1.42933338525834,0.110388282667549,1.31894510259079
1181.668,1.46126735961288,0.106067705248537,1.35519965436434
1182.15,1.50337221926541,0.101727111667736,1.40164510759767
1182.632,1.52809596715194,0.0973671689032118,1.43072879824873
1183.114,1.57916481632688,0.0929885469001665,1.48617626942671
1183.596,1.60892095996293,0.0885919184682327,1.5203290414947
1184.079,1.64742649561087,0.084168784041083,1.56325771156979
1184.561,1.65962682517812,0.0797381382794331,1.57988868689869
1185.043,1.69438372927458,0.0752915220854545,1.61909220718912
1185.525,1.73069597154509,0.0708296186955383,1.65986635284956
1186.007,1.73266278575221,0.0663531136903308,1.66630967206188
1186.489,1.786531955776,0.0618626948896061,1.7246692608864
1186.971,1.82832584561393,0.0573590522467804,1.77096679336715
1187.453,1.83468251938076,0.0528428777431273,1.78183964163763
1187.936,1.8626802574468,0.0483054592417297,1.81437479820507
1188.418,1.90647336764076,0.0437662821484664,1.8627070854923
1188.9,1.91077703465379,0.0392166616913075,1.87156037296248
1189.382,1.94140791306877,0.03465729690212,1.90675061616665
1189.864,1.97068087758525,0.0300888883070427,1.94059198927821
1190.346,1.99679872301931,0.0255121378190538,1.97128658520026
1190.828,2.00713276430345,0.0209277486303533,1.98620501567309
1191.31,2.05575141648642,0.0163364251045082,2.03941499138191
1191.792,2.06126784473316,0.0117388726684615,2.0495289720647
1192.275,2.09142975680928,0.00712624250610632,2.08430351430317
1192.757,2.11980136749793,0.0025183429883461,2.11728302450959
1193.239,2.12025625028642,-0.00209366239158213,2.122349912678
1193.721,2.13702249080326,-0.00670906503522683,2.14373155583848
1194.203,2.16927476479254,-0.0113271558231683,2.18060192061571
1194.685,2.17700910811375,-0.015947225223766,2.19295633333752
1195.167,2.18119395674166,-0.0205685634019711,2.20176252014363
1195.649,2.19882512676619,-0.0251904603281605,2.22401558709435
1196.131,2.20206404439231,-0.0298122058870383,2.23187625027934
1196.614,2.21576580223762,-0.0344426754949556,2.25020847773257
1197.096,2.22767990711546,-0.0390619841769795,2.26674189129244
1197.578,2.22520107874648,-0.0436790102484843,2.26888008899497
1198.06,2.23091360379478,-0.0482930443410984,2.27920664813588
1198.542,2.24305769903888,-0.0529033775452745,2.29596107658415
1199.024,2.25238473137156,-0.0575093015189776,2.30989403289054
1199.506,2.27810521779981,-0.0621101085963289,2.34021532639614
1199.988,2.27926255544464,-0.0667050918961065,2.34596764734075
1200.47,2.28927060154099,-0.071293545430152,2.36056414697115
1200.953,2.28848043118956,-0.0758842608059258,2.36436469199549
1201.435,2.29359011796076,-0.0804575237564145,2.37404764171717
1201.917,2.31900595542041,-0.0850221439604615,2.40402809938087
1202.399,2.29516451125815,-0.0895774200860191,2.38474193134417
1202.881,2.31098162327688,-0.094122652233944,2.40510427551083
1203.363,2.31642666939272,-0.0986571420453067,2.41508381143802
1203.845,2.3197467076348,-0.103180192808494,2.4229269004433
1204.327,2.31084284614524,-0.107691109566043,2.41853395571128
1204.81,2.31444104978193,-0.112198517543903,2.42663956732583
1205.292,2.29367788412353,-0.116683060203845,2.41036094432737
1205.774,2.29599993368785,-0.121153394147595,2.41715332783545
1206.256,2.30222610706773,-0.125608832501699,2.42783493956943
1206.738,2.28763316296833,-0.130048690676909,2.41768185364524
1207.22,2.27500935020699,-0.134472286473163,2.40948163668016
1207.702,2.26966299771315,-0.138878940184201,2.40854193789735
1208.184,2.26253282452817,-0.143267974701796,2.40580079922997
1208.667,2.26404354575046,-0.14764776406426,2.41169130981472
1209.149,2.25875366799178,-0.151999499738128,2.41075316772991
1209.631,2.2411500971902,-0.156331600134059,2.39748169732426
1210.113,2.25474711283396,-0.160643399576399,2.41539051241036
1210.595,2.23747245452259,-0.164934235502618,2.40240669002521
1211.077,2.24655487196687,-0.169203448564883,2.41575832053176
1211.559,2.22297290498868,-0.173450382731179,2.39642328771986
1212.041,2.20604646352088,-0.177674385385924,2.3837208489068
1212.523,2.20383762760717,-0.181874807430018,2.38571243503718
1213.006,2.19923296137168,-0.186059642058554,2.38529260343024
1213.488,2.18495739506764,-0.190210917889615,2.37516831295726
1213.97,2.17215271496843,-0.19433668658479,2.36648940155322
1214.452,2.13496291156019,-0.198436314108937,2.33339922566913
1214.934,2.13459088543935,-0.202509170435616,2.33710005587497
1215.416,2.11486809731243,-0.206554629643685,2.32142272695612
1215.898,2.10043196799598,-0.210572070013288,2.31100403800927
1216.38,2.11108159841645,-0.214560874121205,2.32564247253765
1216.863,2.06475118311012,-0.21852861295204,2.28327979606216
1217.345,2.05309531300163,-0.22245824735099,2.27555356035262
1217.827,2.01972229592497,-0.226357418693534,2.2460797146185
1218.309,2.01978259324515,-0.230225527692744,2.25000812093789
1218.791,1.97566432643647,-0.234061979825027,2.2097263062615
1219.273,1.95798850708239,-0.2378661854213,2.19585469250369
1219.755,1.9308503868754,-0.241637559757426,2.17248794663283
1220.237,1.93471970761696,-0.245375523143851,2.18009523076081
1220.719,1.9027775912173,-0.249079501014529,2.15185709223183
1221.202,1.85663153923072,-0.252756500613918,2.10938803984464
1221.684,1.86542664021814,-0.256390731245227,2.12181737146337
1222.166,1.82898376030618,-0.25998928312728,2.08897304343346
1222.648,1.79803636183932,-0.263551603072474,2.06158796491179
1223.13,1.78757051727024,-0.267077143449294,2.05464766071953
1223.612,1.72570982915972,-0.270565362266286,1.99627519142601
1224.094,1.7258156601765,-0.274015723255179,1.99983138343168
1224.576,1.68693821309715,-0.277427695953114,1.96436590905026
1225.058,1.68260566080598,-0.280800755783993,1.96340641658997
1225.541,1.63605752046345,-0.284141259034812,1.92019877949826
1226.023,1.60727234107961,-0.287434859951598,1.8947072010312
1226.505,1.58918862564358,-0.290688009349157,1.87987663499274
1226.987,1.55137498746963,-0.293900207006582,1.84527519447621
1227.469,1.53035543997914,-0.297070958982834,1.82742639896197
1227.951,1.4956014267005,-0.300199777692486,1.79580120439298
1228.433,1.43794292126899,-0.303286181980472,1.74122910324946
1228.915,1.43989026742669,-0.306329697195887,1.74621996462257
1229.397,1.40915211902231,-0.309329855264776,1.71848197428708
1229.88,1.37959778757383,-0.312292282380471,1.6918900699543
1230.362,1.35520892502674,-0.315204256278832,1.67041318130557
1230.844,1.31855487996602,-0.318071508060944,1.63662638802696
1231.326,1.29268683666605,-0.320893596682455,1.6135804333485
1231.808,1.22755496950729,-0.323670088024679,1.55122505753197
1232.29,1.22571075297612,-0.326400554961184,1.55211130793731
1232.772,1.18858719166479,-0.329084577423268,1.51767176908806
1233.254,1.14195967027122,-0.331721742464389,1.47368141273561
1233.737,1.08456217155531,-0.334316968156231,1.41887913971154
1234.219,1.09495307643667,-0.336859109027574,1.43181218546424
1234.701,1.03243852582795,-0.339353196195012,1.37179172202297
1235.183,1.011321234849,-0.341798845838163,1.35312008068716
1235.665,0.967278718724748,-0.344195681564428,1.31147440028918
1236.147,0.959136552785136,-0.346543334466714,1.30567988725185
1236.629,0.921921742464994,-0.348841443180009,1.270763185645
1237.111,0.868390623303927,-0.351089653936794,1.21948027724072
1237.594,0.848552580655902,-0.353292128253497,1.2018447089094
1238.076,0.812541531701735,-0.355439407165413,1.16798093886715
1238.558,0.802748411019927,-0.357535772261911,1.16028418328184
1239.04,0.756766574568198,-0.35958090071241,1.11634747528061
1239.522,0.729398388408461,-0.36157447754335,1.09097286595181
1240.004,0.682717558706694,-0.363516195686499,1.04623375439319
1240.486,0.643811191732823,-0.365405756026039,1.00921694775886
1240.968,0.633516253860622,-0.367242867444438,1.00075912130506
1241.45,0.573846791567576,-0.369027246867088,0.942874038434663
1241.933,0.547829584162336,-0.370762156077603,0.918591740239939
1242.415,0.518672762536454,-0.372440143874053,0.891112906410507
1242.897,0.453361996412267,-0.37406459860819,0.827426595020457
1243.379,0.425779242681177,-0.375635269815834,0.801414512497011
1243.861,0.386269688337711,-0.377151915280399,0.76342160361811
1244.343,0.338804830479447,-0.37861430107002,0.717419131549466
1244.825,0.319710126306825,-0.380022201573433,0.699732327880259
1245.307,0.265631103123109,-0.381375399534578,0.647006502657687
1245.79,0.23126214482366,-0.382676322405731,0.613938467229391
1246.272,0.188175744557618,-0.383919382557774,0.572095127115392
1246.754,0.161158557676462,-0.385107138467739,0.5462656961442
1247.236,0.136708421893637,-0.386239406638251,0.522947828531888
1247.718,0.116042255024819,-0.387316012080852,0.503358267105671
1248.2,0.0631405649877639,-0.388336788342845,0.451477353330609
1248.682,0.0311821898022036,-0.389301577532812,0.420483767335015
1249.164,0.0259591175897373,-0.390210230344825,0.416169347934563
1249.646,-0.0446342034262859,-0.391062606081353,0.346428402655068
1250.129,-0.049422345374218,-0.391860165333573,0.342437819959355
1250.611,-0.0991427514579843,-0.392599481956885,0.293456730498901
1251.093,-0.128660881193353,-0.393282151042533,0.26462126984918
1251.575,-0.150558845950931,-0.393908066547089,0.243349220596158
1252.057,-0.170678487000158,-0.394477131130156,0.223798644129998
1252.539,-0.187007035509401,-0.394989256169303,0.207982220659902
1253.021,-0.248105172546078,-0.395444361773651,0.147339189227574
1253.503,-0.261918129076799,-0.395842376796125,0.133924247719326
1253.985,-0.295593795967436,-0.396183238844365,0.100589442876929
1254.468,-0.339347191723149,-0.396467423288366,0.0571202315652164
1254.95,-0.355487955205666,-0.396693708456912,0.0412057532512464
1255.432,-0.381962631168157,-0.396862706025669,0.0149000748575113
1255.914,-0.431091460074585,-0.396974388721595,-0.0341170713529904
1256.396,-0.445608332288767,-0.397028738060758,-0.0485795942280091
1256.878,-0.465918418074489,-0.39702574435117,-0.0688926737233188
1257.36,-0.50265354759563,-0.396965406694273,-0.105688140901357
1257.842,-0.527945900916265,-0.396847732985073,-0.131098167931192
1258.324,-0.570721468000764,-0.396672739910937,-0.174048728089827
1258.807,-0.582511513931431,-0.396439911491319,-0.186071602440112
1259.289,-0.615459012838027,-0.396150246150497,-0.219308766687531
1259.771,-0.63958836492835,-0.39580336432707,-0.243785000601281
1260.253,-0.685650079768951,-0.395399317856961,-0.290250761911991
1260.735,-0.721717286827278,-0.394938167342164,-0.326779119485114
1261.217,-0.729564815471768,-0.394419982141452,-0.335144833330316
1261.699,-0.748403934971959,-0.393844840359741,-0.354559094612218
1262.181,-0.769277334498618,-0.393212828836113,-0.376064505662505
1262.664,-0.804118460075498,-0.39252255516877,-0.411595904906729
1263.146,-0.831846522556194,-0.391776982089269,-0.440069540466926
1263.628,-0.839737722106143,-0.390974852293609,-0.448762869812534
1264.11,-0.871200887501901,-0.390116287428981,-0.48108460007292
1264.592,-0.894715147421834,-0.38920141779677,-0.505513729625065
1265.074,-0.930615650446173,-0.38823038233257,-0.542385268113603
1265.556,-0.922258485057181,-0.387203328584882,-0.535055156472299
1266.038,-0.952614849639241,-0.386120412692489,-0.566494436946752
1266.521,-0.980746628992907,-0.384979379313594,-0.595767249679313
1267.003,-0.996152845033542,-0.383785126778798,-0.612367718254744
1267.485,-1.01366712573264,-0.382535532197247,-0.631131593535397
1267.967,-1.030618019084,-0.381230785833865,-0.649387233250135
1268.449,-1.02339304298408,-0.379871086410983,-0.643521956573092
1268.931,-1.03540009523214,-0.37845664107786,-0.656943454154278
1269.413,-1.04669121353036,-0.37698766537892,-0.669703548151439
1269.895,-1.08801889548393,-0.375464383220694,-0.71255451226324
1270.377,-1.09323977860118,-0.373887026837495,-0.719352751763683
1270.86,-1.10018978180608,-0.37225239675522,-0.727937385050858
1271.342,-1.10787442721981,-0.370567510849053,-0.737306916370752
1271.824,-1.12146514586068,-0.368829297566725,-0.752635848293959
1272.306,-1.15053595485049,-0.367038022101751,-0.783497932748736
1272.788,-1.15537465121465,-0.365193957784623,-0.790180693430028
1273.27,-1.18442408188244,-0.363297386040885,-0.821126695841556
1273.752,-1.17365770368701,-0.361348596347979,-0.812309107339036
1274.234,-1.21917972336555,-0.359347886190852,-0.859831837174701
1274.717,-1.22696945492383,-0.357291249642679,-0.869678205281153
1275.199,-1.2369743989531,-0.355187516708903,-0.881786882244198
1275.681,-1.25406512061016,-0.353032804023099,-0.901032316587056
1276.163,-1.24162476624917,-0.350827440648056,-0.890797325601111
1276.645,-1.2540867921289,-0.348571763413724,-0.905515028715178
1277.127,-1.26307133441281,-0.346266116865577,-0.916805217547233
1277.609,-1.28152380916913,-0.343910853211773,-0.937612955957361
1278.091,-1.26831432237103,-0.341506332269142,-0.92680799010189
1278.573,-1.28079176989668,-0.339052921408008,-0.941738848488671
1279.056,-1.27657703795705,-0.336545754610907,-0.940031283346144
1279.538,-1.28103880120622,-0.333995596496983,-0.947043204709237
1280.02,-1.29565578596012,-0.331397696143536,-0.964258089816584
1280.502,-1.3002861477179,-0.328752450575193,-0.971533697142703
1280.984,-1.30996139188429,-0.326060264076874,-0.983901127807414
1281.466,-1.31618448376969,-0.323321548131777,-0.992862935637915
1281.948,-1.31771327859032,-0.320536721358295,-0.997176557232022
1282.43,-1.33226196146824,-0.317706209445811,-1.01455575202243
1282.912,-1.33286149743158,-0.314830445089423,-1.01803105234215
1283.395,-1.36687669426035,-0.311903762360677,-1.05497293189968
1283.877,-1.35776230195467,-0.308938727314414,-1.04882357464026
1284.359,-1.36399385736935,-0.305929780222498,-1.05806407714686
1284.841,-1.39850791515744,-0.302877381142664,-1.09563053401478
1285.323,-1.38509343987854,-0.299781996795917,-1.08531144308263
1285.805,-1.39608416599891,-0.296644100494962,-1.09944006550395
1286.287,-1.3863994078916,-0.293464172071612,-1.09293523581999
1286.769,-1.37859294983653,-0.290242697803212,-1.08835025203332
1287.251,-1.38333709602062,-0.286980170338073,-1.09635692568255
1287.734,-1.39567059501423,-0.283670193946654,-1.11200040106758
1288.216,-1.40498867373182,-0.280326980578117,-1.1246616931537
1288.698,-1.40265418880412,-0.276944230490396,-1.12570995831373
1289.18,-1.38776085404692,-0.273522461063099,-1.11423839298382
1289.662,-1.38849575318356,-0.270062195659353,-1.1184335575242
1290.144,-1.37480322984499,-0.266563963545559,-1.10823926629944
1290.626,-1.39069410756996,-0.263028299810232,-1.12766580775973
1291.108,-1.40197130980504,-0.259455745281943,-1.1425155645231
1291.591,-1.40214794232834,-0.255839321706635,-1.1463086206217
1292.073,-1.38505895631016,-0.252194556942722,-1.13286439936744
1292.555,-1.39148651470034,-0.248514558640604,-1.14297195605973
1293.037,-1.39725384057781,-0.244799889762238,-1.15245395081557
1293.519,-1.39562291692991,-0.241051118586239,-1.15457179834367
1294.001,-1.40680898665248,-0.237268818620729,-1.16954016803175
1294.483,-1.37438460255,-0.233453568515396,-1.1409310340346
1294.965,-1.39236773733565,-0.229605951972762,-1.16276178536289
1295.448,-1.38679650107204,-0.225718476500779,-1.16107802457126
1295.93,-1.39003798504038,-0.221807833876861,-1.16823015116352
1296.412,-1.36913734559856,-0.217866606587546,-1.15127073901102
1296.894,-1.36803707509559,-0.213895397653669,-1.15414167744192
1297.376,-1.37013141578971,-0.209894814693697,-1.16023660109602
1297.858,-1.34878981984856,-0.205865469830534,-1.14292435001802
1298.34,-1.36086038934923,-0.20180797959766,-1.15905240975157
1298.822,-1.3494952862784,-0.197722964844581,-1.15177232143382
1299.304,-1.33823631253249,-0.193611050641625,-1.14462526189086
1299.787,-1.33000203384393,-0.189464253869924,-1.14053777997401
1300.269,-1.33175523867945,-0.185300379853741,-1.1464548588257
1300.751,-1.33658232809525,-0.181111507287871,-1.15547082080738
1301.233,-1.30374719362738,-0.176898277169004,-1.12684891645838
1301.715,-1.31373292672212,-0.17266133422902,-1.1410715924931
1302.197,-1.31903471873607,-0.168401326836103,-1.15063339189996
1302.679,-1.30977837093626,-0.164118906895318,-1.14565946404094
1303.161,-1.31658877450029,-0.159814729748648,-1.15677404475164
1303.644,-1.30027643416152,-0.155480459000298,-1.14479597516122
1304.126,-1.31502984908301,-0.151134705003106,-1.16389514407991
1304.608,-1.28352456847099,-0.146769180822918,-1.13675538764807
1305.09,-1.28631113314611,-0.142384554545569,-1.14392657860054
1305.572,-1.25846017384009,-0.137981497186154,-1.12047867665394
1306.054,-1.25678400119588,-0.13356068258613,-1.12322331860975
1306.536,-1.26336770576765,-0.129122787310002,-1.13424491845765
1307.018,-1.25741786802103,-0.124668490541542,-1.13274937747949
1307.5,-1.24129729833313,-0.120198473979667,-1.12109882435347
1307.983,-1.24062668341951,-0.115704101492486,-1.12492258192703
1308.465,-1.22529000702454,-0.111204670922796,-1.11408533610175
1308.947,-1.23123713939354,-0.106691581130893,-1.12454555826265
1309.429,-1.21670048055051,-0.102165522831474,-1.11453495771904
1309.911,-1.19967126043144,-0.0976271887279234,-1.10204407170352
1310.393,-1.2039612288845,-0.0930772734060864,-1.11088395547842
1310.875,-1.18046387567008,-0.0885164732277788,-1.0919474024423
1311.357,-1.1591402604609,-0.0839454862239698,-1.07519477423693
1311.839,-1.14779605284215,-0.0793650119877583,-1.0684310408544
1312.322,-1.13421706995293,-0.074766221633753,-1.05945084831917
1312.804,-1.12418349324712,-0.0701688613835934,-1.05401463186353
1313.286,-1.12528518246529,-0.0655641224402344,-1.05972106002506
1313.768,-1.09717482684328,-0.0609527095725549,-1.03622211727073
1314.25,-1.09438271552993,-0.0563353285728759,-1.03804738695705
1314.732,-1.07793238758713,-0.0517126861487182,-1.02621970143841
1315.214,-1.06223052198997,-0.0470854898144223,-1.01514503217555
1315.696,-1.06140250762684,-0.0424544477826716,-1.01894805984416
1316.178,-1.04330388329949,-0.0378202688558653,-1.00548361444363
1316.661,-1.00314861487903,-0.0331740407705701,-0.969974574108455
1317.143,-1.00388731492271,-0.0285357134499289,-0.975351601472784
1317.625,-0.987654060989504,-0.023896379565606,-0.963757681423898
1318.107,-0.991016341535596,-0.0192567491915511,-0.971759592344045
1318.589,-0.960507574931102,-0.0146175324471694,-0.945890042483932
1319.071,-0.950528779460141,-0.00997943938844481,-0.940549340071696
1319.553,-0.943103003320969,-0.00534317989904382,-0.937759823421925
1320.035,-0.920574724626047,-0.000709463581461855,-0.919865261044585
1320.518,-0.90613554720092,0.00393060325086263,-0.910066150451783
1321,-0.883221586429597,0.0085570971316975,-0.891778683561295
1321.482,-0.881687317025515,0.0131789203397364,-0.894866237365251
1321.964,-0.839666436758904,0.017795365486253,-0.857461802245157
1322.446,-0.830660703314729,0.0224057260072376,-0.853066429321967
1322.928,-0.832494254292813,0.0270092962717549,-0.859503550564568
1323.41,-0.820820907207901,0.0316053716901218,-0.852426278898023
1323.892,-0.81249569948981,0.0361932488219919,-0.848688948311802
1324.375,-0.793156489288489,0.0407817156973541,-0.833938204985843
1324.857,-0.758974982083284,0.045351070424414,-0.804326052507698
1325.339,-0.749072716123468,0.0499101230682291,-0.798982839191697
1325.821,-0.7186181784999,0.0544581758658055,-0.773076354365706
1326.303,-0.701771076219023,0.0589945327409566,-0.76076560895998
1326.785,-0.679892066202932,0.0635184994110242,-0.743410565613956
1327.267,-0.675072215289513,0.0680293834933784,-0.743101598782891
1327.749,-0.639150340232506,0.072526494611565,-0.711676834844071
1328.231,-0.603285997701642,0.0770091445011837,-0.680295142202825
1328.714,-0.574538976973537,0.0814858995727972,-0.656024876546334
1329.196,-0.57142702987163,0.0859375376342243,-0.657364567505855
1329.678,-0.54652857489814,0.0903726619890557,-0.636901236887196
1330.16,-0.542556548387541,0.0947905938784213,-0.637347142265962
1330.642,-0.535256226590793,0.0991906571798876,-0.63444688377068
1331.124,-0.503293805675456,0.10357217851112,-0.606865984186576
1331.606,-0.485865881725784,0.107934487333162,-0.593800369058946
1332.088,-0.464046280742801,0.112276916053246,-0.576323196796047
1332.571,-0.450263369564235,0.116607744876185,-0.566871114440419
1333.053,-0.442790803653613,0.120908378229041,-0.563699181882655
1333.535,-0.414155958309403,0.125187146038212,-0.539343104347615
1334.017,-0.387327999200664,0.129443393521776,-0.51677139272244
1334.499,-0.376341431913756,0.133676469351233,-0.51001790126499
1334.981,-0.357789141952432,0.137885725751412,-0.495674867703845
1335.463,-0.333888604737957,0.1420705185998,-0.475959123337758
1335.945,-0.322268875609195,0.146230207525317,-0.468499083134512
1336.427,-0.297994229822717,0.150364156006509,-0.448358385829226
1336.91,-0.276219860007595,0.154480225558564,-0.43070008556616
1337.392,-0.252542078662444,0.158560742802407,-0.41110282146485
1337.874,-0.227260966029833,0.16261363281736,-0.389874598847193
1338.356,-0.210476547038001,0.166638275459352,-0.377114822497352
1338.838,-0.193300176533391,0.170634054915981,-0.363934231449372
1339.32,-0.182113599280763,0.174600359800948,-0.356713959081711
1339.802,-0.160447319963282,0.178536583247814,-0.338983903211096
1340.284,-0.120791123182634,0.182442123003067,-0.303233246185701
1340.766,-0.127039353459107,0.186316381518465,-0.313355734977572
1341.249,-0.113328796795747,0.190166704253236,-0.303495501048983
1341.731,-0.0764125975717889,0.193976558966855,-0.270389156538644
1342.213,-0.0674677585702952,0.197753367736124,-0.26522112630642
1342.695,-0.0331798139868429,0.201496552753419,-0.234676366740262
1343.177,-0.0350633479361289,0.205205541367242,-0.240268889303371
1343.659,-0.00246297445206878,0.208879766170035,-0.211342740622104
1344.141,-0.00110330748787213,0.212518665085193,-0.213621972573065
1344.623,0.0272077690838177,0.216121681453265,-0.188913912369448
1345.105,0.0272609214708481,0.219688264117297,-0.192427342646449
1345.588,0.0629045228370408,0.223225151520629,-0.160320628683588
1346.07,0.0942150718301225,0.226717157339665,-0.132502085509542
1346.552,0.106631805653743,0.230171108737619,-0.123539303083876
1347.034,0.146173720836869,0.23358647741633,-0.0874127565794615
1347.516,0.163993733988454,0.236962740994205,-0.0729690070057512
1347.998,0.187857121797338,0.24029938308634,-0.0524422612890025
1348.48,0.197021141032153,0.243595893383687,-0.0465747523515346
1348.962,0.238950538541228,0.24685176773133,-0.00790122919010117
1349.445,0.262010793926022,0.250073134691168,0.0119376592348537
1349.927,0.281961084159484,0.253246162810177,0.0287149213493065
1350.409,0.290694553600369,0.256377079207759,0.0343174743926098
1350.891,0.314994969414943,0.259465405122444,0.0555295642924992
1351.373,0.342690648848663,0.262510668323935,0.0801799805247278
1351.855,0.341852189226074,0.265512403185495,0.0763397860405793
1352.337,0.369141697950729,0.268470150755363,0.100671547195366
1352.819,0.399425382505077,0.271383458827137,0.12804192367794
1353.302,0.426175923215601,0.274257786131461,0.15191813708414
1353.784,0.438383336797255,0.277080791431958,0.161302545365297
1354.266,0.462234209040739,0.279858040887401,0.182376168153338
1354.748,0.483010947743271,0.282589109970371,0.2004218377729
1355.23,0.501883350780485,0.285273581235104,0.216609769545381
1355.712,0.523541806106332,0.287911044381516,0.235630761724815
1356.194,0.539179311752969,0.29050109631811,0.248678215434859
1356.676,0.536872825830669,0.293043341223789,0.243829484606879
1357.158,0.574709006527716,0.295537390608562,0.279171615919154
1357.641,0.571612853253601,0.297987886212331,0.27362496704127
1358.123,0.605117405888151,0.300384306766677,0.304733099121474
1358.605,0.617674110087851,0.302731410155031,0.314942699932819
1359.087,0.63469561435223,0.30502883781192,0.32966677654031
1359.569,0.641036097258349,0.307276238789538,0.333759858468811
1360.051,0.643529377460702,0.309473269811553,0.334056107649149
1360.533,0.649858983691109,0.311619595325764,0.338239388365345
1361.015,0.709301774758632,0.31371488755554,0.395586887203092
1361.498,0.704148938936516,0.315763013488054,0.388385925448462
1361.98,0.731886679551151,0.317755179663143,0.414131499888008
1362.462,0.750668331807615,0.319695375751249,0.430972956056366
1362.944,0.7715398548231,0.321583305585235,0.449956549237865
1363.426,0.779455487791543,0.323418681012876,0.456036806778667
1363.908,0.817082269983537,0.325201221941051,0.491881048042486
1364.39,0.820997130746216,0.326930656378693,0.494066474367522
1364.872,0.834112969503201,0.328606720478498,0.505506249024703
1365.354,0.847690835754451,0.330229158577379,0.517461677177071
1365.837,0.864885513722697,0.331800921350597,0.5330845923721
1366.319,0.872642426146051,0.333315260880332,0.539327165265719
1366.801,0.861188364937313,0.334775256440625,0.526413108496688
1367.283,0.885486669901091,0.336180685502028,0.549305984399063
1367.765,0.898919500917883,0.337531333902744,0.561388167015138
1368.247,0.927401897943959,0.338826995881469,0.58857490206249
1368.729,0.928768711011283,0.340067474108942,0.588701236902341
1369.211,0.922024330227417,0.341252579718211,0.580771750509206
1369.693,0.943591955775407,0.342382132333592,0.601209823441815
1370.176,0.952870631042428,0.343458129916199,0.609412501126229
1370.658,0.96234909173773,0.344475953404455,0.617873138333275
1371.14,0.993717389683997,0.345437733677333,0.648279656006664
1371.622,0.985341635365474,0.346343324605595,0.638998310759879
1372.104,0.977332929341403,0.347192588676513,0.63014034066489
1372.586,0.997616222245961,0.34798539701496,0.649630825231001
1373.068,1.01013983478814,0.348721629403171,0.661418205384972
1373.55,1.01253625775168,0.349401174299175,0.663135083452507
1374.032,1.04174821199494,0.350023928853905,0.691724283141034
1374.515,1.05088324339901,0.350590913739277,0.700292329659737
1374.997,1.04160562397469,0.351099695635839,0.690505928338847
1375.479,1.07135705877137,0.351551430802369,0.719805627968999
1375.961,1.06751699894517,0.351946051323918,0.71557094762125
1376.443,1.06832509572636,0.352283498043938,0.716041597682423
1376.925,1.08101190041928,0.352563720573361,0.728448179845916
1377.407,1.07233247440223,0.352786677298319,0.719545797103908
1377.889,1.09602203912739,0.35295233538653,0.743069703740855
1378.372,1.1101363260802,0.353060835955748,0.757075490124449
1378.854,1.09910065719996,0.353111714455645,0.745988942744319
1379.336,1.11296488378135,0.353105248550796,0.759859635230552
1379.818,1.10556027757125,0.353041440590372,0.752518836980875
1380.3,1.10554359038995,0.352920301716818,0.752623288673131
1380.782,1.09900267413105,0.352741851864151,0.7462608222669
1381.264,1.12598193076137,0.3525061197549,0.773475811006475
1381.746,1.11180631232086,0.352213142895697,0.759593169425158
1382.229,1.12010744079661,0.351862181645781,0.768245259150832
1382.711,1.11259261825342,0.351454744421428,0.761137873831989
1383.193,1.10849281711874,0.350990227748935,0.757502589369807
1383.675,1.11333425972422,0.350468704218543,0.762865555505674
1384.157,1.10629635847412,0.349890255162368,0.75640610331175
1384.639,1.11351837584529,0.349254970641931,0.764263405203355
1385.121,1.11379851438702,0.348562949434344,0.765235564952672
1385.603,1.09684540672098,0.347814299017165,0.749031107703817
1386.085,1.11516147554113,0.347009135551917,0.768152339989213
1386.568,1.09137470738908,0.34614573789038,0.745228969498699
1387.05,1.10280761648047,0.345227814892665,0.757579801587806
1387.532,1.09315831049573,0.344253779554224,0.748904530941509
1388.014,1.08022396241712,0.34322378259886,0.737000179818263
1388.496,1.06741148529872,0.342137983331963,0.725273501966761
1388.978,1.06467825226633,0.340996549616086,0.723681702650242
1389.46,1.07733657651735,0.339799657845201,0.737536918672151
1389.942,1.10012247132075,0.338547492917646,0.761574978403102
1390.425,1.06567837313437,0.337237478965131,0.728440894169235
1390.907,1.07163110745243,0.335875242654622,0.735755864797804
1391.389,1.07277426248227,0.334458339063557,0.738315923418714
1391.871,1.05964749177819,0.332986986828602,0.726660504949591
1392.353,1.06200753896556,0.331461412936007,0.730546126029552
1392.835,1.0541116177407,0.329881852686789,0.724229765053911
1393.317,1.02426712187084,0.328248549660651,0.696018572210184
1393.799,1.04509323519398,0.326561755678635,0.71853147951534
1394.281,1.05144235161882,0.324821730764505,0.72662062085432
1394.764,1.05279752044398,0.323024968349141,0.729772552094841
1395.246,1.03013642272207,0.321179185237188,0.708957237484883
1395.728,1.0279644301769,0.319281000674114,0.708683429502784
1396.21,1.02716237699918,0.317330707099956,0.709831669899225
1396.692,1.01650022744988,0.315328604945554,0.70117162250433
1397.174,1.02027469586011,0.313275002586478,0.706999693273635
1397.656,1.00886223663103,0.311170216295744,0.69769202033529
1398.138,1.01617161423377,0.309014570195309,0.707157044038462
1398.62,1.00602241320933,0.306808396206366,0.69921401700296
1399.103,0.986857009651207,0.304547300818223,0.682309708832984
1399.585,0.982645162251568,0.302240994719264,0.680404167532304
1400.067,0.972536900192987,0.299885203520334,0.672651696672653
1400.549,0.982603558295176,0.297480289834436,0.68512326846074
1401.031,0.967165831447264,0.295026623807402,0.672139207639863
1401.513,0.982693144607698,0.29252458306112,0.690168561546578
1401.995,0.947345412804156,0.28997455263564,0.657370860168516
1402.477,0.938929671133463,0.287376924930116,0.651552746203347
1402.959,0.950210494761491,0.284732099642652,0.665478395118839
1403.442,0.931843540636844,0.282034851090888,0.649808689545956
1403.924,0.923332696960321,0.279296762840534,0.644035934119787
1404.406,0.905640834421757,0.27651272015894,0.629128114262816
1404.888,0.913141248462461,0.273683151330525,0.639458097131936
1405.37,0.869624994592334,0.270808491621039,0.598816502971295
1405.852,0.87319797838979,0.267889183210828,0.605308795178962
1406.334,0.828412725501654,0.264925675127014,0.563487050374639
1406.816,0.831373471643072,0.261918423174637,0.569455048468436
1407.299,0.805199212960229,0.25886151629298,0.546337696667249
1407.781,0.81345116033337,0.255768082450023,0.557683077883347
1408.263,0.799913414219933,0.252632313110801,0.547281101109132
1408.745,0.784138790607605,0.249454690496237,0.534684100111368
1409.227,0.759672065551943,0.246235703245361,0.513436362306582
1409.709,0.773953975176306,0.242975846340387,0.53097812883592
1410.191,0.739858055671732,0.239675621030788,0.500182434640944
1410.673,0.737165753296866,0.236335534756455,0.500830218540411
1411.156,0.733714108857574,0.232949049254551,0.500765059603024
1411.638,0.720926914981058,0.229530707730595,0.491396207250464
1412.12,0.70061321734541,0.226074065017627,0.474539152327783
1412.602,0.67560297247894,0.222579652541795,0.453023319937145
1413.084,0.664052406977117,0.219048007521154,0.445004399455962
1413.566,0.66686213750247,0.215479672883293,0.451382464619177
1414.048,0.652650190784511,0.211875197182062,0.440774993602449
1414.53,0.630876813619645,0.208235134513472,0.422641679106174
1415.012,0.629499432871066,0.204560044430717,0.424939388440349
1415.495,0.592770414245798,0.20084276026221,0.391927653983588
1415.977,0.569783981758407,0.197099245689979,0.372684736068428
1416.459,0.548199396608551,0.193322415443214,0.354876981165337
1416.941,0.541880295925878,0.189512850048107,0.352367445877771
1417.423,0.526557956906384,0.185671135050717,0.340886821855667
1417.905,0.49946796681234,0.181797860927174,0.317670105885166
1418.387,0.464599212972191,0.177893622993131,0.28670558997906
1418.869,0.464746012780472,0.173959021312467,0.290786991468005
1419.352,0.421682397199117,0.169986405278019,0.251695991921098
1419.834,0.40322363078163,0.16599283498771,0.23723079579392
1420.316,0.41402509052466,0.16197072998601,0.25205436053865
1420.798,0.398799404086354,0.157920708411452,0.240878695674902
1421.28,0.397573939190497,0.153843392683526,0.243730546506971
1421.762,0.360919003626449,0.149739409407209,0.211179594219241
1422.244,0.353788395249023,0.145609389276887,0.208179005972135
1422.726,0.34895924197842,0.141453966979641,0.20750527499878
1423.208,0.312238811800148,0.137273781097925,0.174965030702223
1423.69,0.339094622764909,0.133069474011633,0.206025148753276
1424.173,0.29642907383073,0.128832896514955,0.167596177315774
1424.655,0.285111494858214,0.124582242177909,0.160529252680305
1425.137,0.272793971505402,0.120309416931414,0.152484554573988
1425.619,0.263825002083093,0.1160150773614,0.147809924721693
1426.101,0.229303194966837,0.11169988335297,0.117603311613867
1426.583,0.235541368596889,0.107364497989211,0.128176870607679
1427.065,0.201174891478081,0.103009587449517,0.0981653040285637
1427.547,0.204479642179756,0.0986358209074106,0.105843821272345
1428.03,0.157464345303275,0.0942347400630421,0.0632296052402329
1428.512,0.141771270452811,0.0898252448772403,0.0519460255755704
1428.994,0.118324819452285,0.0853989195545059,0.0329258998977791
1429.476,0.10895863112834,0.08095644421967,0.0280021869086702
1429.958,0.0957577443716762,0.0764985014741294,0.0192592428975468
1430.44,0.0817288481369847,0.072025776291177,0.0097030718458077
1430.922,0.0545483714428485,0.0675389559109544,-0.0129905844681059
1431.404,0.0381773833716643,0.063038729735068,-0.0248613463634037
1431.886,0.0304013230695563,0.0585257892208888,-0.0281244661513324
1432.369,0.0259986990119838,0.0539914278749566,-0.0279927288629728
1432.851,0.0133635842040842,0.0494551179754564,-0.0360915337713722
1433.333,-0.0283910650784378,0.0449081808301922,-0.07329924590863
1433.815,-0.0444098994353048,0.0403513150595406,-0.0847612144948454
1434.297,-0.0627084794029411,0.0357852208064161,-0.0984937002093572
1434.779,-0.0724780354545622,0.0312105996289057,-0.103688635083468
1435.261,-0.105291008000261,0.0266281543926817,-0.131919162392943
1435.743,-0.11612215738711,0.0220385891632129,-0.138160746550323
1436.226,-0.13641673825453,0.0174330676909522,-0.153849805945482
1436.708,-0.173338870354792,0.0128313678215067,-0.186170238176299
1437.19,-0.189759620022553,0.0082246677412255,-0.197984287763778
1437.672,-0.229711747353475,0.00361367523501462,-0.23332542258849
1438.154,-0.218971112380611,-0.00100090125400694,-0.217970211126604
1438.636,-0.238477475074502,-0.00561835273309786,-0.232859122341404
1439.118,-0.261808965343249,-0.0102379697686647,-0.251570995574584
1439.6,-0.280212243032611,-0.0148590425950201,-0.265353200437591
1440.083,-0.282474849913143,-0.019490450341219,-0.262984399571924
1440.565,-0.295635340470207,-0.0241123040038916,-0.271523036466316
1441.047,-0.342733447673403,-0.0287334817831811,-0.313999965890222
1441.529,-0.364917491119815,-0.0333532736740636,-0.331564217445752
1442.011,-0.374801600344624,-0.037970969884038,-0.336830630460585
1442.493,-0.386423724821162,-0.0425858609419767,-0.343837863879185
1442.975,-0.395413673961016,-0.0471972378069184,-0.348216436154098
1443.457,-0.415853207114118,-0.0518043919767825,-0.364048815137336
1443.939,-0.445351003568797,-0.056406615597037,-0.38894438797176
1444.422,-0.464843425341542,-0.0610127317042582,-0.403830693637283
1444.904,-0.481750625305414,-0.0656029598994411,-0.416147665405973
1445.386,-0.51262189612758,-0.0701861374894365,-0.442435758638144
1445.868,-0.539081386850777,-0.0747615602964734,-0.464319826554303
1446.35,-0.544510156456587,-0.0793285253319515,-0.465181631124636
1446.832,-0.568605823865525,-0.0838863309042537,-0.484719492961271
1447.314,-0.606865727937111,-0.0884342767263465,-0.518431451210764
1447.796,-0.595259497469964,-0.0929716640231618,-0.502287833446803
1448.279,-0.624174469926498,-0.0975071737703459,-0.526667296156152
1448.76,-0.652152227809937,-0.102011976143275,-0.550140251666662
1449.243,-0.678433324226505,-0.106522837601025,-0.57191048662548
1449.725,-0.68700633226001,-0.111011008644281,-0.575995323615729
1450.207,-0.693528528896326,-0.11548515227939,-0.578043376616937
1450.689,-0.71335370257029,-0.119944581048691,-0.593409121521598
1451.171,-0.738524221656428,-0.124388609751022,-0.614135611905406
1451.653,-0.759633534469033,-0.128816555546774,-0.630816978922259
1452.135,-0.769303949262248,-0.133227738062629,-0.63607621119962
1452.617,-0.771264474230154,-0.137621479495868,-0.633642994734286
1453.1,-0.769759006504687,-0.14200616348031,-0.627752843024377
1453.582,-0.806737896517969,-0.146362960464585,-0.660374936053384
1454.064,-0.827014240986692,-0.150700298033232,-0.67631394295346
1454.546,-0.845509767865394,-0.155017509707505,-0.690492258157889
1455.028,-0.858618005048966,-0.159313932094909,-0.699304072954056
1455.51,-0.884269510372729,-0.163588904990942,-0.720680605381787
1455.992,-0.890659701612533,-0.167841771480338,-0.722817930132194
1456.474,-0.90179305648482,-0.172071878037794,-0.729721178447026
1456.957,-0.926262326052132,-0.176287277430825,-0.749975048621308
1457.439,-0.954167811916284,-0.180469867029921,-0.773697944886363
1457.921,-0.965954684263783,-0.184627756130848,-0.781326928132935
1458.403,-0.951648160574198,-0.188760305772884,-0.762887854801314
1458.885,-0.976866118268109,-0.19286688088104,-0.783999237387069
1459.367,-0.980762094707204,-0.196946850363481,-0.783815244343723
1459.849,-0.995054657194341,-0.200999587208279,-0.794055069986062
1460.331,-0.99012187297366,-0.205024468579578,-0.785097404394082
1460.813,-1.00673144923063,-0.209020875913082,-0.797710573317547
1461.296,-1.02220031583561,-0.212996395302534,-0.809203920533074
1461.778,-1.04902276569423,-0.216933954182775,-0.83208881151145
1462.26,-1.04830408729181,-0.220841208656236,-0.827462878635578
1462.742,-1.03152319757995,-0.224717558196457,-0.806805639383497
1463.224,-1.04855533345197,-0.228562407016182,-0.819992926435785
1463.706,-1.07755368174303,-0.232375164158713,-0.845178517584314
1464.188,-1.07080298923023,-0.236155243588544,-0.834647745641681
1464.67,-1.08362255263267,-0.239902064281226,-0.843720488351439
1465.153,-1.10055679347047,-0.24362271803513,-0.856934075435337
1465.635,-1.09950486039776,-0.247301226698959,-0.852203633698797
1466.117,-1.10243622310544,-0.250944763338074,-0.851491459767367
1466.599,-1.13250673808134,-0.25455276786655,-0.877953970214788
1467.081,-1.15515303175568,-0.25812468564725,-0.897028346108426
1467.563,-1.15722530050118,-0.261659967576844,-0.895565332924339
1468.045,-1.16203700063316,-0.265158070170036,-0.896878930463125
1468.527,-1.18892718840956,-0.268618455642902,-0.920308732766661
1469.01,-1.17652618053597,-0.272047651737459,-0.904478528798515
1469.492,-1.20469253435169,-0.275430931845422,-0.929261602506268
1469.974,-1.19962383429653,-0.278774915436728,-0.920848918859803
1470.456,-1.24578906639979,-0.282079088361259,-0.96370997803853
1470.938,-1.20938029663381,-0.285342942573772,-0.92403735406004
1471.42,-1.24837305091409,-0.28856597621181,-0.959807074702278
1471.902,-1.26429149509934,-0.291747693672658,-0.972543801426685
1472.384,-1.2665595749916,-0.294887605689354,-0.971671969302247
1472.866,-1.24718502633627,-0.297985229405697,-0.949199796930575
1473.349,-1.2706709870773,-0.301046381551359,-0.969624605525936
1473.831,-1.25595028102495,-0.304057915928851,-0.951892365096104
1474.313,-1.2864255833754,-0.307025751683487,-0.979399831691916
1474.795,-1.24776549964829,-0.309949432346582,-0.937816067301708
1475.277,-1.26836668530706,-0.312828508220546,-0.955538177086516
1475.759,-1.26659024575902,-0.315662536447824,-0.950927709311201
1476.241,-1.28156739635545,-0.318451081078824,-0.963116315276623
1476.723,-1.27378201239162,-0.321193713138761,-0.952588299252858
1477.206,-1.26979516430818,-0.323895556218203,-0.945899608089979
1477.688,-1.26518321999511,-0.326545007022159,-0.938638212972946
1478.17,-1.28180572672472,-0.329147299993692,-0.952658426731026
1478.652,-1.26688641956913,-0.331702034719303,-0.935184384849824
1479.134,-1.26956448354486,-0.334208818078437,-0.935355665466427
1479.616,-1.28399825361297,-0.336667264303774,-0.9473309893092
1480.098,-1.26008319467909,-0.339076995040393,-0.921006199638701
1480.58,-1.27608440159353,-0.34143763940378,-0.934646762189747
1481.062,-1.28295608915133,-0.343748834036709,-0.93920725511462
1481.544,-1.27346231209238,-0.346010223164963,-0.927452088927421
1482.027,-1.27713962368666,-0.348225993905327,-0.928913629781336
1482.509,-1.29164746501811,-0.350386630197166,-0.941260834820948
1482.991,-1.26028421567317,-0.352496439017249,-0.907787776655917
1483.473,-1.27826090017171,-0.354555095473429,-0.923705804698277
1483.955,-1.26388169297884,-0.356562282517655,-0.907319410461184
1484.437,-1.26644150850498,-0.358517690994598,-0.907923817510379
1484.919,-1.27744243110592,-0.360421019689062,-0.917021411416857
1485.401,-1.27327597508293,-0.362271975372163,-0.911003999710765
1485.884,-1.25379671365061,-0.364073948822259,-0.889722764828348
1486.366,-1.26573195709465,-0.36581920085809,-0.899912756236556
1486.848,-1.22455831454212,-0.367511248007697,-0.857047066534426
1487.33,-1.23927951007682,-0.369149829441759,-0.870129680635063
1487.812,-1.2322683277284,-0.370734692529798,-0.8615336351986
1488.294,-1.22361235147243,-0.372265592878933,-0.851346758593496
1488.776,-1.19055112523051,-0.373742294371346,-0.816808830859162
1489.258,-1.16882479287033,-0.375164569200492,-0.793660223669836
1489.74,-1.16053052820575,-0.376532197906039,-0.783998330299714
1490.223,-1.13651924198371,-0.377847635833911,-0.758671606149801
1490.705,-1.12693369841215,-0.379105233026149,-0.747828465385996
1491.187,-1.12218702370459,-0.380307575726981,-0.741879447977604
1491.669,-1.13790136146026,-0.38145447820218,-0.756446883258076
1492.151,-1.10596498522493,-0.38254576321915,-0.723419222005779
1492.633,-1.11312895849103,-0.383581262074113,-0.729547696416914
1493.115,-1.10596108469768,-0.384560814617972,-0.721400270079713
1493.597,-1.09106271723083,-0.385484269280876,-0.705578447949957
1494.08,-1.09651742354612,-0.386353223737386,-0.710164199808734
1494.562,-1.08386204354191,-0.387163945266058,-0.696698098275853
1495.044,-1.05621180975168,-0.387918165653723,-0.668293644097959
1495.526,-1.04818987534921,-0.388615767884715,-0.659574107464499
1496.008,-1.02952893345547,-0.389256643625639,-0.640272289829835
1496.49,-1.00850949713869,-0.389840693241981,-0.618668803896708
1496.972,-0.981407499414434,-0.390367825813387,-0.591039673601047
1497.454,-0.973617113245686,-0.390837959147607,-0.582779154098078
1497.937,-0.949297705890988,-0.391251817392128,-0.55804588849886
1498.419,-0.900102926758654,-0.391607622045836,-0.508495304712818
1498.901,-0.933553127803314,-0.39190623326662,-0.541646894536695
1499.383,-0.914472521778279,-0.392147603905472,-0.522324917872807
1499.865,-0.871527551384668,-0.392331695591101,-0.479195855793567
1500.347,-0.863817099271468,-0.392458478735818,-0.47135862053565
1500.829,-0.862398218035631,-0.39252793254007,-0.469870285495561
1501.311,-0.86154247022214,-0.392540044995631,-0.469002425226509
1501.793,-0.844632438324084,-0.392494812887447,-0.452137625436637
1502.276,-0.841777268010805,-0.392391969395794,-0.449385298615011
1502.758,-0.842860750883649,-0.392231954779046,-0.450628796104603
1503.24,-0.820863736886912,-0.392014638767774,-0.428849098119137
1503.722,-0.808995178306775,-0.391740053329272,-0.417255124977503
1504.204,-0.794924687377918,-0.391408239212969,-0.403516448164949
1504.686,-0.761626596283588,-0.391019245944189,-0.370607350339398
1505.168,-0.778747577155672,-0.390573131816551,-0.388174445339121
1505.65,-0.728143652074781,-0.39006996388303,-0.338073688191751
1506.133,-0.707667672903037,-0.389508596645874,-0.318159076257163
1506.615,-0.697500487988655,-0.388891439301894,-0.308609048686761
1507.097,-0.649166733101652,-0.388217481960128,-0.260949251141524
1507.579,-0.609824310118169,-0.387486826612802,-0.222337483505367
1508.061,-0.585571790863455,-0.38669958394666,-0.198872206916794
1508.543,-0.580913087111929,-0.385855873325987,-0.195057213785942
1509.025,-0.568921280587272,-0.384955822774297,-0.183965457812975
1509.507,-0.560842022962476,-0.383999568954716,-0.17684245400776
1509.99,-0.518041555213772,-0.382985098750227,-0.135056456463545
1510.471,-0.532330770851587,-0.381919041235318,-0.150411729616269
1510.954,-0.500052461649281,-0.380792693976255,-0.119259767673026
1511.436,-0.505072491828281,-0.37961305063902,-0.125459441189261
1511.918,-0.493391848559101,-0.378378016545169,-0.115013832013932
1512.4,-0.479840723212185,-0.377087779726808,-0.102752943485377
1512.882,-0.467578417107839,-0.375742536681259,-0.0918358804265804
1513.364,-0.46138797151629,-0.374342492340927,-0.0870454791753629
1513.846,-0.432350087657777,-0.372887860041878,-0.0594622276159
1514.328,-0.447870236702622,-0.371378861491115,-0.0764913752115073
1514.811,-0.409171705052449,-0.369812427603925,-0.0393592774485236
1515.293,-0.38674099005307,-0.368195283415462,-0.0185457066376085
1515.775,-0.382828611212792,-0.366524488495792,-0.0163041227170005
1516.257,-0.353951069502896,-0.364800297699984,0.0108492281970879
1516.739,-0.335527385845126,-0.363022974071241,0.0274955882261159
1517.221,-0.349197391111744,-0.361192788800569,0.0119953976888251
1517.703,-0.321313586125626,-0.359310021185192,0.0379964350595657
1518.185,-0.317546151660316,-0.357374958585716,0.0398288069253999
1518.667,-0.291164128440121,-0.355387896382073,0.0642237679419522
1519.15,-0.280129065491082,-0.353344854615388,0.0732157891243066
1519.632,-0.269587273963253,-0.351254604914004,0.0816673309507502
1520.114,-0.263093135601334,-0.349113290075408,0.0860201544740736
1520.596,-0.258006190933276,-0.346921237107855,0.0889150461745785
1521.078,-0.232203730438155,-0.34467878080018,0.112475050362025
1521.56,-0.227449894546242,-0.342386263670452,0.11493636912421
1522.042,-0.192299853639078,-0.340044035913463,0.147744182274385
1522.524,-0.20653641804955,-0.337652455347018,0.131116037297467
1523.007,-0.202720745382161,-0.33520677327313,0.132486027890969
1523.489,-0.18327000879655,-0.332717490290525,0.149447481493976
1523.971,-0.20459284827788,-0.330179973932289,0.125587125654409
1524.453,-0.187050623965051,-0.327594611963299,0.140543987998247
1524.935,-0.211790375948684,-0.324961799485452,0.113171423536768
1525.417,-0.201146674271179,-0.322281938877079,0.121135264605901
1525.899,-0.219014678926808,-0.319555439731236,0.100540760804428
1526.381,-0.230343989861764,-0.316782718792885,0.0864387289311217
1526.864,-0.213503895948859,-0.313958305036297,0.100454409087438
1527.346,-0.199647426985344,-0.311094325364993,0.111446898379649
1527.828,-0.20468904389312,-0.308185417318619,0.103496373425498
1528.31,-0.206500366426756,-0.305232025614143,0.0987316591873875
1528.792,-0.214030044293111,-0.302234601790013,0.0882045574969023
1529.274,-0.204113237151427,-0.299193604136896,0.0950803669854686
1529.756,-0.195109944613385,-0.296109497627416,0.10099955301403
1530.238,-0.178285816243186,-0.29298275384484,0.114696937601654
1530.72,-0.175147821557621,-0.289813850910766,0.114666029353145
1531.203,-0.162071471510886,-0.28659656948158,0.124525097970693
1531.685,-0.141737030817705,-0.283344723466694,0.14160769264899
1532.167,-0.14834370211595,-0.280052192195209,0.131708490079259
1532.649,-0.117983064733407,-0.276719479211871,0.158736414478464
1533.131,-0.0947464979508101,-0.273347094223197,0.178600596272387
1533.613,-0.067753871001921,-0.269935553019323,0.202181682017402
1534.095,-0.0538061730736015,-0.266485377394913,0.212679204321312
1534.577,-0.0421575433058816,-0.262997095069112,0.22083955176323
1535.06,-0.0278152794678554,-0.259463885867831,0.231648606399975
1535.542,-0.0225603318350291,-0.255900920320165,0.233340588485135
1536.024,0.00140969045799366,-0.252301467098445,0.253711157556438
1536.506,-0.0192028415421319,-0.248666076813219,0.229463235271087
1536.988,-0.014834096742268,-0.244995305585904,0.230161208843636
1537.47,0.0168767559971119,-0.241289714963504,0.258166470960616
1537.952,0.0123845078618636,-0.237549871832503,0.249934379694367
1538.434,0.0561730300840946,-0.233776348331931,0.289949378416025
1538.917,0.0591937555479269,-0.229961790192741,0.289155545740668
1539.398,0.0747690807602748,-0.226130574513688,0.300899655273963
1539.881,0.101180275690478,-0.2222514298712,0.323431705561677
1540.363,0.122381183616278,-0.218348943842301,0.34073012745858
1540.845,0.157710128712994,-0.21441571507263,0.372125843785624
1541.327,0.152781362488856,-0.210452345356475,0.363233707845331
1541.809,0.175942566497836,-0.206459441110171,0.382402007608008
1542.291,0.149281072339605,-0.202437613279103,0.351718685618708
1542.773,0.122226001659429,-0.198387477244041,0.32061347890347
1543.255,0.129413826148127,-0.19430965272673,0.323723478874858
1543.738,0.119239158515303,-0.190196219629174,0.309435378144477
1544.22,0.0962332093212481,-0.186064840009301,0.282298049330549
1544.702,0.0769685606033832,-0.181907657480596,0.25887621808398
1545.184,0.0585718242340683,-0.177725308180167,0.236297132414235
1545.666,0.0618464021308469,-0.173518432104377,0.235364834235224
1546.148,0.034684136256379,-0.169287673010726,0.203971809267105
1546.63,0.0356207086183744,-0.165033678319122,0.200654386937496
1547.112,0.000939901269509491,-0.16075709901259,0.1616970002821
1547.594,0.00248243630736766,-0.156458589537468,0.158941025844836
1548.077,0.00186945204883493,-0.152129823845554,0.153999275894389
1548.559,-0.0108118912782054,-0.147789388650531,0.136977497372326
1549.041,-0.0160693656938751,-0.143429007780865,0.12735964208699
1549.523,-0.0340641789215823,-0.139049348533675,0.104985169612092
1550.005,-0.0542426286401927,-0.134651081162374,0.0804084525221816
1550.487,-0.0394163324840822,-0.130234878773895,0.0908185462898124
1550.969,-0.057343288043219,-0.125801417225454,0.0684581291822348
1551.451,-0.0524493828632249,-0.121351375020934,0.0689019921577095
1551.934,-0.0575636661585914,-0.116876151713514,0.0593124855549225
1552.416,-0.0918357918625929,-0.112394962917845,0.0205591710552524
1552.898,-0.0565306392350724,-0.107899245240462,0.0513686060053891
1553.38,-0.0838483956448943,-0.103389686732072,0.0195412910871775
1553.862,-0.0631955484169282,-0.0988669775658642,0.035671429148936
1554.344,-0.0630424948321249,-0.094331809931633,0.0312893150995081
1554.826,-0.0823753621275767,-0.0897848779296613,0.00740951580208461
1555.308,-0.0877817774965965,-0.0852268774642745,-0.00255490003232201
1555.791,-0.0703817800057767,-0.0806490178925973,0.0102672378868207
1556.273,-0.0609544831156246,-0.0760709555577977,0.0151164724421731
1556.755,-0.0374913756523121,-0.0714839236834883,0.0339925480311762
1557.237,-0.0446354046346116,-0.0668886243232187,0.0222532196886071
1557.719,-0.0138346970378596,-0.0622857607983285,0.048451063760469
1558.201,-0.0112983497940267,-0.057676037590124,0.0463776877960973
1558.683,0.0311939602082187,-0.0530601602318125,0.0842541204400312
1559.165,0.0663742361234387,-0.0484388352003295,0.114813071323768
1559.647,0.0642078511493587,-0.0438127698080068,0.108020620957366
1560.13,0.0986086636673242,-0.0391730623821628,0.137781726049487
1560.612,0.0810292661765395,-0.0345396348457059,0.115568901022245
1561.094,0.100332487613365,-0.0299035942842833,0.130236081897648
1561.576,0.0934569813475754,-0.025265650266818,0.118722631614393
1562.058,0.0906859507917588,-0.0206265126541242,0.111312463445883
1562.54,0.105706749401262,-0.0159868914900405,0.121693640891303
1563.022,0.0956802706741087,-0.0113474968925784,0.107027767566687
1563.504,0.0909450181509364,-0.00670903894497898,0.0976540570959153
1563.987,0.10934690558363,-0.00206260985029585,0.111409515433926
1564.469,0.130730645482894,0.00257183960518025,0.128158805877713
1564.951,0.124996992429203,0.0072032219870709,0.117793770442132
1565.433,0.143283420133058,0.0118308284407823,0.131452591692275
1565.915,0.160769212347223,0.0164539506907482,0.144315261656474
1566.397,0.162289472866672,0.0210718811490399,0.141217591717632
1566.879,0.175391955528506,0.0256839130238782,0.149708042504627
1567.361,0.192320734211906,0.0302893404280268,0.162031393783879
1567.844,0.198681555862393,0.0348969900645951,0.163784565797798
1568.325,0.218821235370044,0.0394775634472734,0.17934367192277
1568.808,0.251868466712304,0.0440684481945856,0.207800018517719
1569.29,0.269103768000644,0.0486404004546325,0.220463367546011
1569.772,0.286975375302115,0.0532022347084533,0.233773140593661
1570.254,0.322966942746968,0.0577532527665054,0.265213689980462
1570.736,0.342889244507049,0.0622927580978836,0.280596486409165
1571.218,0.36383912479573,0.0668200559371285,0.297019068858601
1571.7,0.383628047867845,0.0713344533907752,0.31229359447707
1572.182,0.404011318019622,0.0758352595436019,0.32817605847602
1572.665,0.386250120691079,0.080331078388987,0.305919042302092
1573.147,0.407087586682611,0.0848026058733515,0.322284980809259
1573.629,0.431408292857888,0.0892584808212593,0.342149812036629
1574.111,0.450862203678124,0.0936980212917875,0.357164182386336
1574.593,0.460706143645591,0.0981205478488646,0.362585595796727
1575.075,0.489422297303546,0.10252538366547,0.386896913638077
1575.557,0.524003119236172,0.106911854627421,0.417091264608751
1576.039,0.540670584068517,0.111279289436745,0.429391294631771
1576.521,0.579310846466408,0.115627019714618,0.46368382675179
1577.004,0.608778068739925,0.119963336395592,0.488814732344333
1577.486,0.619406618768227,0.12426962034143,0.495136998426798
1577.968,0.638251330572134,0.128554211793057,0.509697118779077
1578.45,0.639335288980062,0.132816455075486,0.506518833904576
1578.932,0.679838888860878,0.137055697940795,0.542783190920084
1579.414,0.669539155123852,0.141271291668103,0.528267863455749
1579.896,0.703565032718567,0.145462591163089,0.558102441555478
1580.378,0.706207096634873,0.149628955056881,0.556578141577992
1580.861,0.715895415357203,0.153778309633171,0.562117105724031
1581.343,0.724384975136058,0.157892838584272,0.566492136551786
1581.825,0.735918476416092,0.161980529858985,0.573937946557107
1582.307,0.757318464347616,0.166040757976537,0.591277706371079
1582.789,0.741689554120867,0.170072901667572,0.571616652453295
1583.271,0.777981060965939,0.174076343969422,0.603904716996517
1583.753,0.779971030152737,0.178050472320706,0.601920557832031
1584.235,0.808261796990884,0.181994678655273,0.626267118335611
1584.718,0.802883974154154,0.185916447017886,0.616967527136268
1585.2,0.802019270227071,0.189798938374652,0.612220331852418
1585.682,0.834763960087773,0.193649710189171,0.641114249898602
1586.164,0.831774629204256,0.197468173311743,0.634306455892513
1586.646,0.852276913083898,0.201253743547144,0.651023169536754
1587.128,0.86236418727343,0.205005841744186,0.657358345529244
1587.61,0.86028879735886,0.208723893884559,0.651564903474302
1588.092,0.861621908965393,0.212407331170836,0.649214577794558
1588.574,0.855741227757388,0.216055590113698,0.639685637643691
1589.057,0.877495026299613,0.219675569946097,0.657819456353516
1589.539,0.864926694187567,0.223251727538755,0.641674966648812
1590.021,0.866415386458801,0.226791047899552,0.639624338559248
1590.503,0.895246118933667,0.23029298963918,0.664953129294486
1590.985,0.88044917747135,0.23375701710026,0.64669216037109
1591.467,0.881295237969784,0.237182600439492,0.644112637530292
1591.949,0.86597893636559,0.240569215708884,0.625409720656706
1592.431,0.883812068634013,0.243916344936118,0.639895723697895
1592.914,0.883789457450945,0.24723029554249,0.636559161908455
1593.396,0.902089702886768,0.250496838513227,0.651592864373541
1593.878,0.885500240323239,0.253722377138556,0.631777863184683
1594.36,0.888254175889543,0.256906418146909,0.631347757742634
1594.842,0.891887375753154,0.260048474630281,0.631838901122873
1595.324,0.907135626119798,0.263148066118904,0.643987560000895
1595.806,0.899409203233375,0.266204718654916,0.633204484578459
1596.288,0.901392533375883,0.269217964865061,0.632174568510822
1596.771,0.884649337479789,0.272193458654276,0.612455878825513
1597.252,0.879409438065904,0.275112402166657,0.604297035899247
1597.735,0.880318074179355,0.277998620936601,0.602319453242754
1598.217,0.891284577075206,0.280833608042861,0.610450969032345
1598.699,0.869782514951407,0.283622952306454,0.586159562644953
1599.181,0.863221794317351,0.28636622734524,0.57685556697211
1599.663,0.86411845172011,0.289063013841708,0.575055437878402
1600.145,0.850893643744342,0.291712899607256,0.559180744137086
1600.627,0.872660317012247,0.294315479645401,0.578344837366846
1601.109,0.864564728183495,0.296870356213896,0.567694371969599
1601.592,0.874638928461536,0.299382289419182,0.575256639042354
1602.074,0.870569182403532,0.301840494174763,0.568728688228769
1602.556,0.87131209442467,0.304249845592102,0.567062248832569
1603.038,0.847150061333952,0.306609975560127,0.540540085773825
1603.52,0.857021499977538,0.308920523515774,0.548100976461764
1604.002,0.841170157238672,0.311181136499261,0.529989020739411
1604.484,0.837955410037637,0.313391469208231,0.524563940829406
1604.966,0.83513066533167,0.315551184050693,0.519579481280977
1605.448,0.85479666011492,0.317659951196795,0.537136708918125
1605.931,0.832706406477609,0.319721663782279,0.51298474269533
1606.413,0.826379907960565,0.321727470004788,0.504652437955776
1606.895,0.832163460109252,0.323681385486886,0.508482074622366
1607.377,0.814108480064872,0.325583111957596,0.488525368107276
1607.859,0.784547945005221,0.327432359149011,0.45711558585621
1608.341,0.773750012144617,0.329228844840805,0.444521167303813
1608.823,0.77665679873385,0.330972294903514,0.445684503830336
1609.305,0.799514552060101,0.332662443340565,0.466852108719536
1609.788,0.77882605650789,0.334302371892464,0.444523684615427
1610.27,0.752071271694911,0.335885039931969,0.416186231762942
1610.752,0.757458415672179,0.337413657062969,0.42004475860921
1611.234,0.741581315871947,0.338887990233049,0.402693325638898
1611.716,0.73740586976254,0.34030781471412,0.39709805504842
1612.198,0.724179164848321,0.34167291413688,0.382506250711441
1612.68,0.731072518669615,0.342983080523986,0.388089438145629
1613.162,0.704337748802651,0.344238114321964,0.360099634480686
1613.645,0.708179070245379,0.345440255819983,0.362738814425396
1614.127,0.674686032046914,0.346584344284183,0.328101687762731
1614.609,0.690505983078166,0.347672751989157,0.342833231089009
1615.091,0.681067211058439,0.348705313387634,0.332361897670805
1615.573,0.656481573742621,0.349681871496243,0.306799702246378
1616.055,0.643816248921141,0.350602277919598,0.293213971001543
1616.537,0.646843684419899,0.351466392873049,0.29537729154685
1617.019,0.6358106481002,0.35227408520412,0.283536562896081
1617.501,0.6197984378587,0.353025232412615,0.266773205446085
1617.984,0.625890443670372,0.353721102545188,0.272169341125184
1618.466,0.620851285362301,0.354358708838603,0.266492576523698
1618.948,0.610251367009017,0.354939454412753,0.255311912596264
1619.43,0.602439276648033,0.355463251569226,0.246976025078807
1619.912,0.586130202351896,0.355930021342527,0.230200181009369
1620.394,0.600742562228138,0.356339693512182,0.244402868715956
1620.876,0.596993974419211,0.356692206613508,0.240301767805703
1621.358,0.572378247102423,0.356987507947039,0.215390739155384
1621.841,0.571738977420795,0.357225987914229,0.214512989506566
1622.323,0.570613141508465,0.357406623822595,0.213206517685871
1622.805,0.560894890804475,0.357529942484597,0.203364948319878
1623.287,0.558151473625028,0.35759592634723,0.200555547277798
1623.769,0.56771004832089,0.357604566649652,0.210105481671238
1624.251,0.558720973277326,0.35755586342453,0.201165109852796
1624.733,0.539592776914017,0.357449825498033,0.182142951415983
1625.215,0.534560167685029,0.357286470488481,0.177273697196549
1625.698,0.530282788338409,0.357065307501943,0.173217480836467
1626.179,0.525593334617785,0.356787923636674,0.168805410981111
1626.662,0.523168573208661,0.356452056270143,0.166716516938518
1627.144,0.508943013252475,0.356059666305956,0.152883346946519
1627.626,0.502210193190859,0.355610179227552,0.146600013963306
1628.108,0.492133071682911,0.35510366532042,0.137029406362491
1628.59,0.498043337421695,0.354540203614983,0.143503133806712
1629.072,0.48745428913416,0.353919881874483,0.133534407259677
1629.554,0.500921035581085,0.353242796581524,0.14767823899956
1630.036,0.476756335557024,0.352509052923277,0.124247282633747
1630.519,0.477576956671287,0.351717066479087,0.1258598901922
1631.001,0.468058345546622,0.350870239463461,0.11718810608316
1631.483,0.460347434513658,0.349967121984659,0.110380312528999
1631.965,0.463302642501503,0.349007853891382,0.114294788610121
1632.447,0.457460918472741,0.347992583642909,0.109468334829832
1632.929,0.457838231423372,0.346921468286321,0.110916763137051
1633.411,0.43110460038274,0.345794673432427,0.0853099269503135
1633.893,0.463632184413497,0.34461237323036,0.119019811183137
1634.375,0.43260809261152,0.343374750340876,0.0892333422706448
1634.858,0.427070189981576,0.342079256673162,0.0849909333084138
1635.34,0.412480799052755,0.340731456542894,0.0717493425098613
1635.822,0.400612819755278,0.339328932930922,0.0612838868243555
1636.304,0.396645731317442,0.337871902268776,0.0587738290486655
1636.786,0.375295103000481,0.336360589346524,0.0389345136539564
1637.268,0.391050444098514,0.334795227278291,0.0562552168202228
1637.75,0.34933240393848,0.333176057466523,0.0161563464719562
1638.232,0.375713351880071,0.331503329564968,0.0442100223151033
1638.715,0.343965773525515,0.329773665246916,0.0141921082785983
1639.197,0.350528840821369,0.327994493192301,0.0225343476290679
1639.679,0.326774964472103,0.326162561705037,0.00061240276706559
1640.161,0.340609453967945,0.324278153065405,0.0163313009025394
1640.643,0.322868998831591,0.322341557600932,0.000527441230659398
1641.125,0.307690508618151,0.320353073641886,-0.0126625650237348
1641.607,0.301848402915089,0.318313007475516,-0.0164646045604268
1642.089,0.307983581342151,0.316221673299094,-0.00823809195694231
1642.572,0.257607108692513,0.314074895876491,-0.0564677871839778
1643.054,0.263890149136252,0.311881895005401,-0.0479917458691496
1643.536,0.266496352741257,0.309638616396853,-0.043142263655596
1644.018,0.255364889255937,0.307345405410289,-0.0519805161543526
1644.5,0.259922718460706,0.305002615062176,-0.0450798966014703
1644.982,0.25170873016792,0.302610605971867,-0.0509018758039476
1645.464,0.218073094221824,0.300169746306298,-0.0820966520844743
1645.946,0.206201810498492,0.297680411723535,-0.0914786012250435
1646.428,0.183796988905756,0.295142985315162,-0.111345996409405
1646.911,0.183453596687047,0.292552444901212,-0.109098848214165
1647.393,0.172627463784739,0.289919915833934,-0.117292452049195
1647.875,0.148657562905893,0.287240489071642,-0.138582926165749
1648.357,0.160432304084924,0.284514576856141,-0.124082272771217
1648.839,0.142027657387727,0.281742598557673,-0.139714941169946
1649.321,0.123373562911619,0.278924980610606,-0.155551417698988
1649.803,0.121500130785281,0.276062156448058,-0.154562025662778
1650.285,0.100819351168706,0.273154566435414,-0.172335215266708
1650.768,0.107808047621168,0.27019648775578,-0.162388440134612
1651.25,0.101859888044073,0.267200624000755,-0.165340735956682
1651.732,0.101298441623818,0.26416135736775,-0.162862915743932
1652.214,0.106415788645124,0.261079155279215,-0.15466336663409
1652.696,0.0670639194237452,0.257954491741654,-0.190890572317909
1653.178,0.0574943743063869,0.254787847272939,-0.197293472966552
1653.66,0.0438991636706749,0.251579708828633,-0.207680545157958
1654.142,0.0479072279250801,0.248330569727302,-0.200423341802222
1654.625,0.0473287956441446,0.245034062844424,-0.197705267200279
1655.106,0.0340539828920612,0.241711294188015,-0.207657311295954
1655.589,0.0123289112014469,0.238335144959396,-0.226006233757949
1656.071,0.00989492393208558,0.23492698070972,-0.225032056777634
1656.553,0.00531850403645429,0.231480376253013,-0.226161872216559
1657.035,-0.010392347892985,0.227995861476093,-0.238388209369078
1657.517,-0.0221923912333235,0.224473972079212,-0.246666363312535
1657.999,-0.0276116253312484,0.220915249493958,-0.248526874825206
1658.481,-0.0397997295031036,0.217320240800194,-0.257119970303297
1658.963,-0.0453758130349495,0.213689498642193,-0.259065311677143
1659.446,-0.0512903153641489,0.210015939331243,-0.261306254695392
1659.928,-0.068136691291997,0.206315338791259,-0.274452030083256
1660.41,-0.070178124275909,0.202580696440128,-0.272758820716037
1660.892,-0.113496723481301,0.198812586334624,-0.312309309815925
1661.374,-0.102089508043584,0.195011587663728,-0.297101095707312
1661.856,-0.0979911670682192,0.19117828465981,-0.289169451728029
1662.338,-0.126002249630776,0.187313266509039,-0.313315516139815
1662.82,-0.140647464776988,0.183417127261034,-0.324064592038022
1663.302,-0.156708341522803,0.17949046573776,-0.336198807260563
1663.785,-0.158665383156647,0.175525646089486,-0.334191029246133
1664.267,-0.165619656138597,0.171539694935821,-0.337159351074418
1664.749,-0.202281787608364,0.167525046960574,-0.369806834568938
1665.231,-0.206376446463262,0.163482319158758,-0.36985876562202
1665.713,-0.222497941571113,0.159412132831383,-0.381910074402496
1666.195,-0.232174701770282,0.155315113490138,-0.387489815260419
1666.677,-0.232284355869757,0.151191890761513,-0.38347624663127
1667.159,-0.233734622649168,0.147043098290225,-0.380777720939393
1667.642,-0.268037134530994,0.142860688989664,-0.410897823520658
1668.124,-0.275671439146318,0.138662623827183,-0.414334062973502
1668.606,-0.296958762623044,0.134440914333118,-0.431399676956162
1669.088,-0.292377063623956,0.130196209254917,-0.422573272878873
1669.57,-0.292900380782781,0.125929160866343,-0.418829541649124
1670.052,-0.311187222704243,0.121640424867457,-0.4328276475717
1670.534,-0.330054337964109,0.11733066028407,-0.447384998248179
1671.016,-0.352357965109251,0.113000529366685,-0.465358494475936
1671.499,-0.363983366856409,0.108641652925547,-0.472625019781957
1671.981,-0.34287498969397,0.104272749692328,-0.447147739386298
1672.463,-0.36461447990213,0.0998854866025224,-0.464499966504652
1672.945,-0.374044285912664,0.0954805377908541,-0.469524823703518
1673.427,-0.399315726128732,0.0910585801041059,-0.490374306232838
1673.909,-0.407573638924928,0.0866202929973414,-0.49419393192227
1674.391,-0.420099362647321,0.0821663584297047,-0.502265721077025
1674.873,-0.445384355613534,0.0776974607598381,-0.523081816373372
1675.355,-0.43106657611278,0.0732142866409403,-0.50428086275372
1675.838,-0.428996874792249,0.0687081818890033,-0.497705056681252
1676.32,-0.43589095166403,0.0641984974460884,-0.500089449110118
1676.802,-0.458124150783593,0.0596766106660217,-0.517800761449615
1677.284,-0.478622160327028,0.0551432163277694,-0.533765376654797
1677.766,-0.472274728442285,0.0505990109749592,-0.522873739417244
1678.248,-0.488580163249233,0.0460446928090558,-0.534624856058289
1678.73,-0.489829802839719,0.0414809615823121,-0.531310764422031
1679.212,-0.510339675277612,0.0369085184904424,-0.547248193768054
1679.695,-0.511908633868121,0.0323185552141231,-0.544227189082244
1680.177,-0.518697672767352,0.0277307827907725,-0.546428455558125
1680.659,-0.547180428554865,0.0231364111375103,-0.570316839692376
1681.141,-0.545584809183126,0.0185361461487032,-0.564120955331829
1681.623,-0.559255192576904,0.0139306946224396,-0.573185887199344
1682.105,-0.572434586633324,0.00932076415214405,-0.581755350785468
1682.587,-0.588898739221909,0.00470706301810128,-0.59360580224001
1683.069,-0.581549598184647,9.03000788002456e-05,-0.581639898263448
1683.552,-0.58115687055024,-0.00453840051787175,-0.576618470032368
1684.033,-0.610897406463131,-0.00914957354277329,-0.601747832920358
1684.516,-0.609808534190208,-0.0137808536433576,-0.59602768054685
1684.998,-0.617176063369678,-0.0184027671842449,-0.598773296185433
1685.48,-0.637441267737932,-0.0230241918980768,-0.614417075839855
1685.962,-0.622416644972763,-0.0276444177419677,-0.594772227230795
1686.444,-0.653597342724806,-0.0322627348568682,-0.621334607867938
1686.926,-0.65567288861758,-0.0368784336764362,-0.618794454941144
1687.408,-0.65870745024753,-0.0414908050358395,-0.61721664521169
1687.89,-0.674980115184106,-0.0460991402805016,-0.628880974903604
1688.373,-0.702450999065645,-0.0507122769712988,-0.651738722094346
1688.855,-0.680670700191376,-0.0553104045622715,-0.625360295629105
1689.337,-0.707559417186042,-0.0599023727577726,-0.647657044428269
1689.819,-0.715832117511519,-0.0644874760320032,-0.651344641479516
1690.301,-0.746812978602934,-0.0690650099118902,-0.677747968691044
1690.783,-0.729121457868731,-0.0736342710851103,-0.65548718678362
1691.265,-0.747678842690702,-0.078194557507936,-0.669484285182766
1691.747,-0.75765493042406,-0.0827451685128983,-0.674909761911162
1692.229,-0.756458438397473,-0.0872854049162372,-0.669173033481236
1692.712,-0.767079215334848,-0.0918239537387901,-0.675255261596058
1693.194,-0.771398632781491,-0.0963413247209894,-0.675057308060501
1693.676,-0.768224372310529,-0.100846232085373,-0.667378140225156
1694.158,-0.771530221144964,-0.105337983656739,-0.666192237488225
1694.64,-0.810387746481515,-0.109815889277276,-0.700571857204239
1695.122,-0.798924535490682,-0.114279260912439,-0.684645274578244
1695.604,-0.811702475316794,-0.118727412756428,-0.692975062560367
1696.086,-0.810243673078066,-0.123159661337368,-0.687084011740698
1696.569,-0.826458574603718,-0.12758446904088,-0.698874105562838
1697.051,-0.829936996717308,-0.131982834021068,-0.69795416269624
1697.533,-0.841832917979078,-0.136363258972959,-0.705469659006119
1698.015,-0.828935695403221,-0.140725070810456,-0.688210624592764
1698.497,-0.842713295978086,-0.145067599301721,-0.697645696676365
1698.979,-0.827419826666203,-0.149390177171987,-0.678029649494216
1699.461,-0.860052484404347,-0.153692140205876,-0.706360344198471
1699.943,-0.865400906103593,-0.157972827349229,-0.707428078754365
1700.426,-0.860059055638835,-0.162240393144046,-0.697818662494789
1700.908,-0.879530083237691,-0.166476510954028,-0.713053572283663
1701.39,-0.894923355391303,-0.170689388342794,-0.724233967048508
1701.872,-0.897743118908382,-0.174878377917284,-0.722864740991098
1702.354,-0.904290730572193,-0.179042835947578,-0.725247894624615
1702.836,-0.907042437140603,-0.183182122465625,-0.723860314674978
1703.318,-0.941195425346143,-0.18729560136335,-0.753899823982792
1703.8,-0.94185858189603,-0.191382640490242,-0.750475941405788
1704.282,-0.937951353472252,-0.195442611750258,-0.742508741721994
1704.765,-0.930610240341657,-0.199483227706964,-0.731127012634693
1705.247,-0.930497849388043,-0.203487136265216,-0.727010713122827
1705.729,-0.943191843369442,-0.207462116683228,-0.735729726686214
1706.211,-0.926083638867318,-0.211407558048913,-0.714676080818406
1706.693,-0.941929942438151,-0.215322853979932,-0.726607088458219
1707.175,-0.938772910613475,-0.21920740271668,-0.719565507896795
1707.657,-0.942375859899942,-0.223060607214574,-0.719315252685367
1708.139,-0.938948536779359,-0.226881875235592,-0.712066661543767
1708.622,-0.952449771472006,-0.230678445690999,-0.721771325781007
1709.104,-0.92234100046395,-0.234434014436982,-0.687906986026968
1709.586,-0.938935626359024,-0.238155898543542,-0.700779727815482
1710.068,-0.964965155540149,-0.241843525910343,-0.723121629629806
1710.55,-0.950177154365646,-0.24549632969026,-0.704680824675386
1711.032,-0.964879419169311,-0.249113748376278,-0.715765670793032
1711.514,-0.978628226260456,-0.252695225887612,-0.725933000372844
1711.996,-0.984720801923947,-0.256240211654973,-0.728480590268974
1712.479,-0.976682157189636,-0.259755399732948,-0.716926757456688
1712.96,-0.979703023985588,-0.263218533743848,-0.71648449024174
1713.443,-0.994364732984048,-0.266657878136637,-0.727706854847411
1713.925,-0.989399333009418,-0.270051423697467,-0.719347909311951
1714.407,-0.991393002679478,-0.273405809188808,-0.71798719349067
1714.889,-0.9895931081335,-0.276720518865424,-0.712872589268075
1715.371,-0.987780915486656,-0.279995043066294,-0.707785872420362
1715.853,-0.990999730830087,-0.283228878292733,-0.707770852537353
1716.335,-0.95690449023094,-0.286421527285637,-0.670482962945303
1716.817,-0.977994299732439,-0.289572499101706,-0.688421800630733
1717.3,-0.963794257541839,-0.292687714842455,-0.671106542699383
1717.782,-0.958333783090202,-0.295753796156903,-0.662579986933299
1718.264,-0.952949426738098,-0.298776765136013,-0.654172661602085
1718.746,-0.975868394433435,-0.30175615685655,-0.674112237576886
1719.228,-0.949117342100434,-0.304691513077745,-0.64442582902269
1719.71,-0.962386125639689,-0.307582382311587,-0.654803743328102
1720.192,-0.970523450928184,-0.310428319892034,-0.66009513103615
1720.674,-0.973569493819371,-0.313228888043223,-0.660340605776147
1721.156,-0.980192050143204,-0.31598365594659,-0.664208394196614
1721.639,-0.962652288633732,-0.318697770852495,-0.643954517781237
1722.121,-0.971890437139992,-0.321359576769721,-0.650530860370271
1722.603,-0.981942746440222,-0.323974331540276,-0.657968414899945
1723.085,-0.968494382270855,-0.326541632839666,-0.641952749431189
1723.567,-0.961890710345063,-0.329061085620281,-0.632829624724783
1724.049,-0.95949153635283,-0.331532302171974,-0.627959234180857
1724.531,-0.973097025960977,-0.333954902181521,-0.639142123779455
1725.013,-0.969695914813229,-0.336328512790937,-0.633367402022292
1725.496,-0.954748365152707,-0.338657539208651,-0.616090825944056
1725.978,-0.977775297347232,-0.340931979044884,-0.636843318302348
1726.46,-0.962184755590442,-0.343156355485966,-0.619028400104476
1726.942,-0.952932115434095,-0.345330326071048,-0.607601789363047
1727.424,-0.947279862407076,-0.347453556068919,-0.599826306338157
1727.906,-0.934641202015465,-0.349525718529318,-0.585115483486147
1728.388,-0.941705349742584,-0.351546494333085,-0.590158855409499
1728.87,-0.943446561049029,-0.353515572241081,-0.589930988807948
1729.353,-0.948236732432257,-0.355436572018144,-0.592800160414112
1729.835,-0.940357755294635,-0.357301243374245,-0.58305651192039
1730.317,-0.937580587993496,-0.359113330280816,-0.578467257712681
1730.799,-0.931247055899016,-0.360872553500708,-0.570374502398308
1731.281,-0.938444564358894,-0.362578641903296,-0.575865922455598
1731.763,-0.922996358698402,-0.364231332506062,-0.55876502619234
1732.245,-0.920348164220433,-0.365830370514923,-0.554517793705511
1732.727,-0.904491356205547,-0.3673755093633,-0.537115846842247
1733.209,-0.909263639912021,-0.368866510749935,-0.540397129162086
1733.692,-0.883965384984579,-0.37030606857373,-0.513659316410849
1734.174,-0.877155496024644,-0.37168799989575,-0.505467496128894
1734.656,-0.877436744438421,-0.37301512836942,-0.504421616069001
1735.138,-0.852826355395488,-0.374287249124888,-0.4785391062706
1735.62,-0.833547374043372,-0.375504165727614,-0.458043208315757
1736.102,-0.852492645507597,-0.376665690208496,-0.475826955299102
1736.584,-0.82641898489174,-0.377771643092683,-0.448647341799057
1737.066,-0.830896017277475,-0.378821853427115,-0.452074163850359
1737.549,-0.832705668067568,-0.379818163459742,-0.452887504607827
1738.031,-0.808868209903784,-0.380756293593871,-0.428111916309913
1738.513,-0.805320749866045,-0.381638219412965,-0.42368253045308
1738.995,-0.797385652948833,-0.382463804318015,-0.414921848630818
1739.477,-0.797823684124964,-0.383232920349765,-0.414590763775199
1739.959,-0.79463097834563,-0.383945448208335,-0.410685530137295
1740.441,-0.793419360540451,-0.38460127727152,-0.408818083268931
1740.923,-0.766918105617522,-0.385200305611745,-0.381717800005777
1741.406,-0.77074487540855,-0.385743505570688,-0.385001369837862
1741.887,-0.770087703943418,-0.386227595978646,-0.383860107964771
1742.37,-0.759650870599339,-0.386656526579675,-0.372994344019664
1742.852,-0.760755724248924,-0.387027388591748,-0.373728335657176
1743.334,-0.750712195009873,-0.387341071051055,-0.363371123958818
1743.816,-0.748670487662057,-0.387597524497448,-0.361072963164609
1744.298,-0.745682656964137,-0.387796708246721,-0.357885948717416
1744.78,-0.725275257653619,-0.387938590396849,-0.33733666725677
1745.262,-0.728864644446908,-0.388023147832882,-0.340841496614026
1745.744,-0.734319672039337,-0.388050366230485,-0.346269305808853
1746.227,-0.724308186208111,-0.388020117946964,-0.336288068261146
1746.709,-0.702100027870637,-0.387932531510937,-0.3141674963597
1747.191,-0.710518534301999,-0.387787615856563,-0.322730918445436
1747.673,-0.676383320113702,-0.387585391848699,-0.288797928265003
1748.155,-0.670751849896432,-0.387325889140312,-0.28342596075612
1748.637,-0.635038048220071,-0.387009146167929,-0.248028902052142
1749.119,-0.625984279633785,-0.386635210145747,-0.239349069488039
1749.601,-0.611722648666028,-0.386204137058389,-0.225518511607639
1750.083,-0.60158450982461,-0.385715991652321,-0.215868518172289
1750.566,-0.582085775266549,-0.385169657226766,-0.196916118039783
1751.048,-0.565870122673486,-0.384567478426413,-0.181302644247073
1751.53,-0.566768925615982,-0.383908474209599,-0.182860451406383
1752.012,-0.547820908519677,-0.383192744275523,-0.164628164244154
1752.494,-0.555835275789788,-0.382420397022151,-0.173414878767637
1752.976,-0.534606401811164,-0.381591549529585,-0.15301485228158
1753.458,-0.525264930948321,-0.380706327542116,-0.144558603406205
1753.94,-0.5081489875455,-0.379764865448939,-0.12838412209656
1754.423,-0.51153382228566,-0.378765178429637,-0.132768643856023
1754.905,-0.503392425381724,-0.377711557861989,-0.125680867519735
1755.387,-0.489771238858143,-0.376602152354202,-0.113169086503941
1755.869,-0.451310486978432,-0.375437130673522,-0.0758733563049097
1756.351,-0.450543883986048,-0.374216670115806,-0.0763272138702426
1756.833,-0.446407304104445,-0.372940956478339,-0.0734663476261061
1757.315,-0.438493231537105,-0.371610184031348,-0.066883047505757
1757.797,-0.415906110467592,-0.370224555488204,-0.0456815549793878
1758.28,-0.41472501067817,-0.368781237202585,-0.045943773475585
1758.762,-0.395234143772379,-0.367286425541184,-0.027947718231195
1759.244,-0.389020030804563,-0.365737416746695,-0.0232826140578677
1759.726,-0.351161515879012,-0.364134446998549,0.0129729311195367
1760.208,-0.382176063080312,-0.36247776075097,-0.0196983023293416
1760.69,-0.3385336964734,-0.360767610695493,0.0222339142220929
1761.172,-0.332385850103611,-0.359004257722203,0.0266184076185918
1761.654,-0.294387727996714,-0.357187970879737,0.062800242883023
1762.136,-0.298507214158956,-0.355319027334027,0.0568118131750707
1762.619,-0.313930786768509,-0.353393671957173,0.0394628851886635
1763.101,-0.266489970182132,-0.351420171022537,0.0849302008404048
1763.583,-0.266353763775147,-0.349394893788268,0.0830411300131211
1764.065,-0.24987611147613,-0.347318149468506,0.0974420379923757
1764.547,-0.251169597194369,-0.345190255169762,0.0940206579753927
1765.029,-0.243671074819897,-0.343011535842276,0.0993404610223795
1765.511,-0.224589248223534,-0.340782324230201,0.116193076006667
1765.993,-0.204685871256938,-0.338502960820559,0.133817089563621
1766.476,-0.183441892345833,-0.336168909969134,0.152727017623301
1766.958,-0.191302764953786,-0.333790192921059,0.142487427967273
1767.44,-0.160282718639785,-0.331362392227551,0.171079673587766
1767.922,-0.157278177179244,-0.328885878828832,0.171607701649589
1768.404,-0.164653324328619,-0.326361031135116,0.161707706806497
1768.886,-0.135936633825462,-0.323788234968566,0.187851601143104
1769.368,-0.136278069388482,-0.321167883504144,0.184889814115663
1769.85,-0.113116164717567,-0.318500377209313,0.205384212491746
1770.333,-0.09940201899418,-0.315780444244518,0.216378425250338
1770.814,-0.09116772937967,-0.313025538091168,0.221857808711498
1771.297,-0.0479216593231122,-0.310213172074075,0.262291512750963
1771.779,-0.0414728692538482,-0.307361100900884,0.265888231647036
1772.261,0.003551832823117,-0.304463985345826,0.308015818168943
1772.743,-0.0101922966801027,-0.301522268317519,0.291329971637416
1773.225,0.0306937586671125,-0.298536399564124,0.329230158231237
1773.707,0.0507870853138606,-0.295506835604365,0.346293920918226
1774.189,0.0594677697276431,-0.292434039657535,0.351901809385178
1774.671,0.0530469583943542,-0.289318481572446,0.3423654399668
1775.154,0.0781666230031881,-0.286154042590219,0.364320665593407
1775.636,0.0979544807348205,-0.282954309710477,0.380908790445298
1776.118,0.0862314822797252,-0.279713264312361,0.365944746592086
1776.6,0.108595384196928,-0.276431402045361,0.385026786242289
1777.082,0.0973018430635975,-0.273109224818158,0.370411067881756
1777.564,0.102430245475034,-0.269747240721638,0.372177486196673
1778.046,0.136007858044614,-0.266345963950986,0.4023538219956
1778.528,0.124074487403746,-0.262905914726823,0.386980402130569
1779.01,0.14856116020184,-0.25942761921545,0.40798877941729
1779.493,0.166521707291583,-0.255904275990329,0.422425983281911
1779.975,0.183517717952579,-0.252351013215248,0.435868731167827
1780.457,0.19727909210145,-0.248761118648008,0.446040210749458
1780.939,0.197568436459193,-0.245135141433359,0.442703577892552
1781.421,0.207979007764564,-0.241473636249238,0.449452644013802
1781.903,0.202133972774075,-0.237777163221732,0.439911135995806
1782.385,0.237415398261927,-0.234046287839152,0.471461686101078
1782.867,0.235171511019967,-0.230281580865346,0.465453091885313
1783.35,0.257535679576073,-0.22647570449476,0.484011384070833
1783.832,0.26563194823191,-0.222645000111599,0.488276948343509
1784.314,0.293118014632462,-0.218782208423719,0.511900223056182
1784.796,0.308363245639814,-0.214887920424035,0.523251166063849
1785.278,0.304587258133477,-0.210962731935356,0.515549990068833
1785.76,0.307017969010385,-0.20700724351901,0.514025212529395
1786.242,0.329232715184808,-0.203022060382748,0.532254775567556
1786.724,0.344965163588348,-0.199007792287954,0.543972955876302
1787.207,0.329283770000977,-0.194956636864291,0.524240406865268
1787.689,0.333399964586821,-0.190885988744271,0.524285953331092
1788.171,0.356362252293813,-0.186788112629709,0.543150364923522
1788.653,0.368369080122438,-0.182663635563194,0.551032715685632
1789.135,0.38182675509027,-0.178513188666525,0.560339943756795
1789.617,0.397890034231981,-0.174337407043898,0.572227441275879
1790.099,0.404655854599238,-0.170136929684555,0.574792784283793
1790.581,0.430227163260707,-0.165912399364759,0.596139562625466
1791.063,0.456689747301994,-0.161664462549242,0.618354209851235
1791.546,0.465959570178732,-0.157384885730163,0.623344455908896
1792.028,0.480528437109349,-0.153092044400166,0.633620481509515
1792.51,0.499981300771914,-0.148777758471783,0.648759059243697
1792.992,0.516079138319412,-0.144442688173564,0.660521826492976
1793.474,0.522897266921586,-0.140087496921314,0.6629847638429
1793.956,0.541155053764847,-0.135712851216332,0.676867904981178
1794.438,0.563599396052279,-0.131319420543209,0.694918816595488
1794.92,0.564867071003572,-0.126907877267186,0.691774948270758
1795.403,0.58265174848831,-0.122469690117887,0.705121438606196
1795.885,0.566089331251511,-0.118023915673675,0.684113246925187
1796.367,0.56908120843126,-0.113562063387071,0.682643271818331
1796.849,0.589418757313307,-0.109084816115612,0.698503573428919
1797.331,0.605081055199836,-0.104592859077614,0.709673914277451
1797.813,0.590173499409378,-0.100086879747115,0.690260379156493
1798.295,0.614198737276801,-0.0955675677484255,0.709766305025227
1798.777,0.611931286153254,-0.0910356147504091,0.702966900903663
1799.26,0.621261561955773,-0.0864822752440106,0.707743837199784
1799.741,0.632828596419046,-0.081936562017777,0.714765158436823
1800.224,0.633214542565284,-0.077361371978873,0.710575914544157
1800.706,0.67460261001759,-0.0727857891236457,0.747388399141236
1801.188,0.669652955472237,-0.0682010520134039,0.737854007485641
1801.67,0.679628916377286,-0.0636078623498003,0.743236778727086
1802.152,0.706896460196784,-0.0590069231306677,0.765903383327452
1802.634,0.69477031441075,-0.054398938542211,0.749169252952961
1803.116,0.720490176515117,-0.0497846138510269,0.770274790366144
1803.598,0.697512044021714,-0.0451646552959579,0.742676699317672
1804.081,0.715064629917567,-0.0405301701516183,0.755594800069185
1804.563,0.730902161489752,-0.0359010579159999,0.766803219405752
1805.045,0.75121466108947,-0.031268436753344,0.782483097842814
1805.527,0.736295086291715,-0.0266330157082085,0.762928101999924
1806.009,0.76517674468715,-0.0219955042545126,0.787172248941662
1806.491,0.743204953882081,-0.0173566121867351,0.760561566068816
1806.973,0.762638111498429,-0.0127170495110633,0.775355161009492
1807.455,0.781252345173666,-0.00807752633653712,0.789329871510203
1807.938,0.766366723180663,-0.00342913002633589,0.769795853206999
1808.42,0.789799752571025,0.0012081801858574,0.788591572385167
1808.902,0.813988431020899,0.00584331956948413,0.808145111451415
1809.384,0.806183686229659,0.0104755786938253,0.795708107535833
1809.866,0.833679345912032,0.0151042485698273,0.818575097342204
1810.348,0.844044567798079,0.0197286207588557,0.824315947039223
1810.83,0.830578719633149,0.0243479874813091,0.806230732151839
1811.312,0.829203929177829,0.0289616417251578,0.800242287452672
1811.794,0.871577514207921,0.0335688773543814,0.83800863685354
1812.277,0.886489198571464,0.0381785251240204,0.848310673447444
1812.759,0.882428768541317,0.0427707921897921,0.839657976351525
1813.241,0.879763437410343,0.0473545271140109,0.832408910296332
1813.723,0.883972223014819,0.0519290283486993,0.83204319466612
1814.205,0.911062113206029,0.056493595761859,0.85456851744417
1814.687,0.888901175850243,0.0610475307448236,0.82785364510542
1815.169,0.907360708828641,0.0655901363193812,0.84177057250926
1815.651,0.91470152003733,0.0701207172446596,0.84458080279267
1816.134,0.92375459796817,0.0746479395828502,0.84910665838532
1816.616,0.929290629930808,0.0791523644312199,0.850138265499588
1817.098,0.921759503896741,0.0836426889683711,0.83811681492837
1817.58,0.921573137821287,0.0881182259706182,0.833454911850669
1818.062,0.936550779674469,0.0925782904819086,0.843972489192561
1818.544,0.942367427440978,0.0970221999188545,0.845345227522123
1819.026,0.943837369120114,0.101449274175423,0.842388094944691
1819.508,0.954208542725784,0.105858835727208,0.848349706998575
1819.99,0.962537886286441,0.110250209735348,0.852287676551093
1820.473,0.953392533187689,0.114631775687469,0.83876075750022
1820.955,0.959277051310121,0.118984720141246,0.840292331168875
1821.437,0.967523373555796,0.123317468301784,0.844205905254012
1821.919,0.975907868011006,0.127629357109389,0.848278510901618
1822.401,0.991720042776386,0.131919726703082,0.859800316073304
1822.883,0.994448135966909,0.136187920521828,0.858260215445081
1823.365,0.975912975711815,0.140433285405183,0.835479690306631
1823.847,0.982182830154592,0.14465517169349,0.837527658461103
1824.33,1.00033644675451,0.148861616852727,0.851474829901779
1824.812,0.987031575557694,0.15303455942358,0.833997016134114
1825.294,0.987876983570551,0.157182095097633,0.830694888472918
1825.776,1.00242198899318,0.161303589217102,0.841118399776079
1826.258,1.02565149003975,0.165398411117626,0.86025307892212
1826.74,1.00813542493843,0.169465934224966,0.838669490713468
1827.222,1.0106848919314,0.173505536151098,0.8371793557803
1827.704,1.01503495927473,0.177516598789644,0.837518360485089
1828.187,1.01992773825696,0.181506738906049,0.838420999350908
1828.668,1.03747232810639,0.185450655754774,0.852021672351616
1829.151,1.02275296008774,0.18938054061693,0.833372419470809
1829.633,1.02283889211227,0.19327128911032,0.829567603001945
1830.115,1.02823578597199,0.197130474072668,0.831105311899323
1830.597,1.04035782000589,0.200957505064136,0.839400314941752
1831.079,1.04678133256663,0.204751796575631,0.842029535990997
1831.561,1.0346508820205,0.208512768118581,0.826138113901919
1832.043,1.02944765674742,0.212239844313968,0.81720781243345
1832.525,1.03913936514085,0.215932454980553,0.823206910160302
1833.008,1.02376207295467,0.219597586759941,0.80416448619473
1833.49,1.03176318432997,0.223219502636712,0.808543681693256
1833.972,1.03708254463,0.226805273354106,0.81027727127589
1834.454,1.03426764230215,0.230354350399749,0.803913291902401
1834.936,1.01765209580721,0.233866190888177,0.783785904919034
1835.418,1.0093135736193,0.23734025764406,0.771973315975242
1835.9,1.02600402422586,0.240776019284587,0.785228004941268
1836.382,1.03266163612757,0.244172950300951,0.78848868582662
1836.865,1.03941780841167,0.247537455812625,0.791880352599045
1837.347,1.02480891884795,0.250855089717948,0.773953829130004
1837.829,1.02319037615776,0.2541323514717,0.769058024686061
1838.311,1.00072958889454,0.257368739870681,0.743360849023859
1838.793,1.00025743562483,0.260563759979536,0.739693675645296
1839.275,0.986303604928231,0.263716923206636,0.722586681721595
1839.757,0.995625275397341,0.26682774737902,0.728797528018321
1840.239,0.983157675637742,0.269895756816319,0.713261918821422
1840.721,0.991230164267972,0.272920482403723,0.718309681864249
1841.204,0.989406933890187,0.275907600476668,0.713499333413519
1841.686,0.973228515570284,0.278844285465998,0.694384230104286
1842.168,0.980875541570313,0.281736318444097,0.699139223126216
1842.65,0.996866310560236,0.284583257281751,0.712283053278485
1843.132,0.981924091222773,0.287384666764821,0.694539424457951
1843.614,0.992402022253387,0.290140118661009,0.702261903592378
1844.096,0.988376972360207,0.292849191785499,0.695527780574708
1844.578,0.996722010264037,0.295511472065563,0.701210538198474
1845.061,0.986575051497979,0.298131928739869,0.68844312275811
1845.543,1.00179432155024,0.300699310713271,0.701095010836971
1846.025,0.995798035634905,0.303218700119619,0.692579335515286
1846.507,1.00137799252304,0.305689711973756,0.695688280549287
1846.989,1.00080754099821,0.308111968709123,0.692695572289084
1847.471,0.982736489856393,0.310485100235651,0.672251389620742
1847.953,0.994295237905998,0.31280874399651,0.681486493909488
1848.435,0.965528913967781,0.315082545023709,0.650446368944071
1848.917,0.969919926874848,0.317306155992531,0.652613770882317
1849.4,0.981391525257283,0.319483692985175,0.661907832272109
1849.882,0.955947568722816,0.321605806839808,0.634341761883008
1850.364,0.939763865604235,0.323676734384034,0.616087131220201
1850.846,0.931933184783638,0.325696159403338,0.6062370253803
1851.328,0.954693565155278,0.327663773580998,0.62702979157428
1851.81,0.943892185625533,0.329579276545373,0.614312909080159
1852.292,0.929533765112865,0.331442375915964,0.598091389196901
1852.774,0.910209922547786,0.333252787348242,0.576957135199544
1853.257,0.917475379149941,0.335013825489803,0.582461553660138
1853.739,0.914654429621105,0.336717929658924,0.577936499962182
1854.221,0.889983504901213,0.338368540970972,0.551614963930241
1854.703,0.906094323968649,0.339965407665995,0.566128916302653
1855.185,0.869652715813682,0.341508286225657,0.528144429588025
1855.667,0.894963479438417,0.342996941410584,0.551966538027832
1856.149,0.877149283856756,0.344431146296438,0.532718137560318
1856.631,0.859314688094386,0.34581068230871,0.513504005785677
1857.114,0.873838215820147,0.347138030319134,0.526700185501012
1857.595,0.841693082188879,0.348404915363461,0.493288166825418
1858.078,0.8374882153554,0.349621679012936,0.487866536342463
1858.56,0.843022769642481,0.35078040668209,0.492242362960391
1859.042,0.816360159050717,0.351883498623642,0.464476660427075
1859.524,0.834931672675712,0.352930787038522,0.482000885637189
1860.006,0.809924659624599,0.353922112685007,0.456002546939592
1860.488,0.810308989016008,0.35485732490314,0.455451664112868
1860.97,0.787050359980025,0.355736281637836,0.431314078342189
1861.452,0.795881421658166,0.356558849460663,0.439322572197502
1861.935,0.769701210602367,0.357326434086381,0.412374776515986
1862.417,0.788433821445668,0.358035740803859,0.430398080641809
1862.899,0.765690150494155,0.358688310068225,0.40700184042593
1863.381,0.777791566934724,0.359284043167064,0.41850752376766
1863.863,0.766015209965531,0.359822850103661,0.406192359861869
1864.345,0.74586526879596,0.360304649610804,0.385560619185156
1864.827,0.743772762646564,0.360729369163241,0.383043393483323
1865.309,0.732846080749077,0.361096944988808,0.371749135760269
1865.792,0.745945061834338,0.361407906522588,0.38453715531175
1866.274,0.731407786434151,0.361660919830326,0.369746866603824
1866.756,0.718089993046089,0.361856650635691,0.356233342410398
1867.238,0.732059940946179,0.361995070281434,0.370064870664745
1867.72,0.695299749421416,0.362076158898847,0.333223590522569
1868.202,0.692651487769758,0.362099905410807,0.330551582358951
1868.684,0.683624565300082,0.362066307533478,0.321558257766605
1869.166,0.666634701332136,0.361975371776656,0.30465932955548
1869.648,0.657517995196528,0.361827113442777,0.295690881753752
1870.131,0.665782737955702,0.361621070617848,0.304161667337854
1870.613,0.644196425760917,0.361358129426587,0.28283829633433
1871.095,0.624528689453761,0.361037964386747,0.263490725067015
1871.577,0.638807148407921,0.360660625952565,0.278146522455356
1872.059,0.612906542007781,0.360226173345692,0.252680368662089
1872.541,0.595088639648374,0.359734674546114,0.23535396510226
1873.023,0.601830830735356,0.359186206281718,0.242644624453637
1873.505,0.577989794684949,0.358580854016538,0.219408940668411
1873.988,0.558695464538708,0.357917279235949,0.200778185302759
1874.47,0.550523732735645,0.357198332744276,0.193325399991369
1874.952,0.555391422105945,0.356422811163555,0.19896861094239
1875.434,0.534467772107877,0.355590834775943,0.178876937331935
1875.916,0.543471062210124,0.354702532520814,0.18876852968931
1876.398,0.522013211891757,0.353758041974991,0.168255169916766
1876.88,0.526846260642202,0.352757509331644,0.174088751310558
1877.362,0.512637157961205,0.35170108937788,0.160936068583324
1877.844,0.493107903358801,0.350588945470998,0.142518957887803
1878.327,0.500146372012434,0.349418769285244,0.15072760272719
1878.809,0.474388232360095,0.348195587012783,0.126192645347312
1879.291,0.468771519376912,0.346917222423962,0.12185429695295
1879.773,0.450530012613779,0.345583872910797,0.104946139702982
1880.255,0.443153651631697,0.344195744297123,0.0989579073345738
1880.737,0.416601146001781,0.342753050807029,0.073848095194752
1881.219,0.430213345305191,0.341256015032006,0.0889573302731848
1881.701,0.414476109133119,0.339704867896812,0.0747712412363066
1882.184,0.390463684493387,0.33809646287892,0.0523672216144671
1882.666,0.391579466398717,0.336437707960915,0.0551417584378022
1883.148,0.388102381661223,0.334725584635192,0.053376797026031
1883.63,0.380911489911913,0.332960356809714,0.0479511331021987
1884.112,0.373481030791666,0.3311422965359,0.0423387342557661
1884.594,0.359063793951183,0.329271683966905,0.0297921099842778
1885.076,0.341603949050988,0.327348807314662,0.0142551417363259
1885.558,0.343657865761362,0.325373962805686,0.0182839029556756
1886.041,0.298255122867406,0.323343196772813,-0.0250880739054072
1886.522,0.325101552743636,0.32126959492274,0.00383195782089624
1887.005,0.30321050192752,0.319136234051863,-0.0159257321243428
1887.487,0.302299992185347,0.316956534208947,-0.0146565420236005
1887.969,0.277266262550061,0.314726466932385,-0.0374602043823243
1888.451,0.260116592749942,0.312446375555693,-0.0523297828057517
1888.933,0.261509452522798,0.310116611083474,-0.0486071585606757
1889.415,0.250736631615975,0.307737532137592,-0.0570009005216167
1889.897,0.221739329786288,0.305309504902175,-0.0835701751158863
1890.379,0.221863686800017,0.302832903067459,-0.0809692162674421
1890.862,0.21873116360501,0.300302819779305,-0.0815716561742947
1891.344,0.184366947846005,0.297730120782118,-0.113363172936113
1891.826,0.193021520285249,0.295110013543142,-0.102088493257893
1892.308,0.165113570726543,0.292442901207662,-0.127329330481119
1892.79,0.162106648982984,0.28972919412909,-0.127622545146106
1893.272,0.15762537487694,0.286969309806035,-0.129343934929096
1893.754,0.138987158240013,0.284163672818287,-0.145176514578273
1894.236,0.111896148913004,0.281312714761705,-0.1694165658487
1894.719,0.114722309539403,0.278410819866617,-0.163688510327215
1895.201,0.0944142145924758,0.275470450466858,-0.181056235874382
1895.683,0.0737744865325354,0.272486097160403,-0.198711610627867
1896.165,0.0896774152369275,0.269458218948859,-0.179780803711932
1896.647,0.0714204205920339,0.26638728150829,-0.194966860916256
1897.129,0.0746990324932462,0.263273757117787,-0.188574724624541
1897.611,0.0471553008449597,0.260118124587069,-0.212962823742109
1898.093,0.0562592755605209,0.256920869183033,-0.200661593622512
1898.575,0.0321056365621928,0.253682482555354,-0.221576845993162
1899.058,0.0187751883774325,0.250396617825807,-0.231621429448375
1899.54,0.00736071195315091,0.247077386126084,-0.239716674172933
1900.022,-0.00442541836504873,0.243718536754784,-0.248143955119833
1900.504,0.00634113738052733,0.240320586141666,-0.233979448761139
1900.986,-0.0352009608436639,0.23688405671257,-0.272085017556234
1901.468,-0.036814573062415,0.233409476809322,-0.270224049871737
1901.95,-0.0539097092918013,0.22989738060869,-0.283807089900491
1902.432,-0.0736560295392366,0.226348308040494,-0.300004337579731
1902.915,-0.0782065676129484,0.222755328412942,-0.300961896025891
1903.397,-0.0820414756849246,0.219133871634201,-0.301175347319125
1903.879,-0.0790356977453115,0.215477093123895,-0.294512790869207
1904.361,-0.0921199037670704,0.211785554998559,-0.303905458765629
1904.843,-0.106403753714623,0.20805982470503,-0.314463578419653
1905.325,-0.113582147543895,0.204300474933441,-0.317882622477335
1905.807,-0.127154165202349,0.20050808352939,-0.327662248731739
1906.289,-0.140026746628998,0.196683233405354,-0.336709980034351
1906.771,-0.159128341754442,0.192826512451261,-0.351954854205703
1907.254,-0.165689452514243,0.188930414956687,-0.354619867470931
1907.736,-0.170150284595376,0.18501167244269,-0.355161957038066
1908.218,-0.197175320116749,0.18106285298241,-0.378238173099159
1908.7,-0.198069208975607,0.177084563476203,-0.37515377245181
1909.182,-0.197354601060933,0.173077415343599,-0.370432016404532
1909.664,-0.201069596253475,0.169042024429532,-0.370111620683008
1910.146,-0.209666964425786,0.164979010909908,-0.374645975335694
1910.628,-0.213141955442236,0.160888999196488,-0.374030954638724
1911.111,-0.210509849563447,0.156764050657873,-0.367273900221321
1911.593,-0.228844485626421,0.152621879520215,-0.381466365146637
1912.075,-0.251033294077576,0.148454609203241,-0.399487903280817
1912.557,-0.259295054748883,0.144262880106259,-0.403557934855141
1913.039,-0.275112487464281,0.140047336379298,-0.415159823843578
1913.521,-0.271760982039709,0.135808625824288,-0.407569607863997
1914.003,-0.286761078283149,0.131547399795752,-0.418308478078901
1914.485,-0.297371175994638,0.127264313100905,-0.424635489095542
1914.968,-0.30601356374105,0.122951072257011,-0.428964635998062
1915.449,-0.312231004982404,0.118635193601647,-0.430866198584051
1915.932,-0.305987864182548,0.114281452655318,-0.420269316837866
1916.414,-0.325598195402403,0.10991749773971,-0.435515693142113
1916.896,-0.351933926971963,0.105535005846398,-0.457468932818361
1917.378,-0.335436498644242,0.101134650378447,-0.436571149022689
1917.86,-0.37812166016451,0.0967171074782772,-0.474838767642787
1918.342,-0.370577571270346,0.0922830559239412,-0.462860627194287
1918.824,-0.38397150169164,0.0878331770250783,-0.471804678716718
1919.306,-0.415081821150654,0.0833681545183979,-0.498449975669052
1919.789,-0.384298596057828,0.0788793663842957,-0.463177962442124
1920.271,-0.417334642517602,0.0743860892058762,-0.491720731723478
1920.753,-0.415571477135614,0.0698797345765239,-0.485451211712138
1921.235,-0.422491329603798,0.0653609948933841,-0.487852324497182
1921.717,-0.429647159606589,0.0608305644528176,-0.490477724059406
1922.199,-0.452510696820934,0.0562891393439527,-0.508799836164886
1922.681,-0.441385290916351,0.05173741734191,-0.493122708258261
1923.163,-0.455926131554921,0.0471760978008157,-0.503102229355737
1923.646,-0.487039783380379,0.0425963910089058,-0.529636174389284
1924.128,-0.490616295845552,0.0380179639614215,-0.528634259806973
1924.61,-0.502377903795171,0.033432047298429,-0.5358099510936
1925.092,-0.498987606861935,0.0288393456177407,-0.527826952479675
1925.574,-0.505106104671246,0.0242405645576207,-0.529346669228866
1926.056,-0.528202036841265,0.0196364106886109,-0.547838447529875
1926.538,-0.526798152982938,0.0150275914051456,-0.541825744388083
1927.02,-0.532010832700017,0.0104148148171089,-0.542425647517126
1927.502,-0.53778690558909,0.00579878964121261,-0.543585695230303
1927.985,-0.541317334251598,0.00117064086074758,-0.542487975112346
1928.467,-0.559372382022108,-0.00344975651517892,-0.555922625506929
1928.949,-0.569323501710773,-0.00807127230190231,-0.561252229408871
1929.431,-0.580169292885799,-0.0126931964425819,-0.567476096443217
1929.913,-0.583575715108353,-0.0173148188177355,-0.566260896290617
1930.395,-0.569652687932617,-0.0219354293541693,-0.547717258578448
1930.877,-0.589458420905792,-0.0265543181338423,-0.56290410277195
1931.359,-0.589279423568151,-0.031170775502754,-0.558108648065397
1931.842,-0.589125466648529,-0.0357936596196257,-0.553331807028903
1932.324,-0.60471497705112,-0.0404031180822459,-0.564311858968874
1932.806,-0.604755005721323,-0.045008017375557,-0.559746988345766
1933.288,-0.602694132171901,-0.0496076499907942,-0.553086482181107
1933.77,-0.609279445908825,-0.0542013092268474,-0.555078136681978
1934.252,-0.611839226431275,-0.0587882892986081,-0.553050937132667
1934.734,-0.614421903231701,-0.0633678854451927,-0.551054017786508
1935.216,-0.614705575795814,-0.0679393940380311,-0.546766181757782
1935.698,-0.636495843602646,-0.0725021126887619,-0.563993730913884
1936.181,-0.630201805200453,-0.0770647765359529,-0.553137028664501
1936.663,-0.636266001662317,-0.0816077917681524,-0.554658209894165
1937.145,-0.634021481762964,-0.0861399169639745,-0.54788156479899
1937.627,-0.656591304954912,-0.0906604557744173,-0.565930849180494
1938.109,-0.659735500684111,-0.0951687136272224,-0.564566787056888
1938.591,-0.650136728389992,-0.0996639978333893,-0.550472730556602
1939.073,-0.673356247505478,-0.104145617693403,-0.569210629812075
1939.555,-0.66861796745701,-0.108612884603129,-0.560005082853881
1940.038,-0.693936304780809,-0.113074333037741,-0.580861971743068
1940.52,-0.671853444407756,-0.117510803813039,-0.554342640594716
1941.002,-0.673004883110277,-0.121930868040615,-0.551074015069662
1941.484,-0.707684460289165,-0.126333846555773,-0.581350613733392
1941.966,-0.686477375338889,-0.130719062813856,-0.555758312525033
1942.448,-0.702092347647579,-0.135085842994021,-0.567006504653557
1942.93,-0.701214626597096,-0.139433516102565,-0.561781110494531
1943.412,-0.690507911563035,-0.143761414075796,-0.546746497487239
1943.895,-0.698930566992978,-0.148077786809749,-0.550852780183229
1944.376,-0.710245397015406,-0.152355227625924,-0.557890169389482
1944.859,-0.707399880777789,-0.156628647277376,-0.550771233500413
1945.341,-0.713662743177835,-0.160870779063621,-0.552791964114214
1945.823,-0.723608898377915,-0.165089841566723,-0.558519056811192
1946.305,-0.708883045716593,-0.169285186445148,-0.539597859271445
1946.787,-0.715195684526371,-0.173456168994408,-0.541739515531963
1947.269,-0.726219844133684,-0.177602148245925,-0.548617695887759
1947.751,-0.712186783858957,-0.181722487065322,-0.530464296793635
1948.233,-0.726203283016616,-0.185816552250119,-0.540386730766497
1948.716,-0.744990493325684,-0.189892124323359,-0.555098369002325
1949.198,-0.722834338993021,-0.193931701085478,-0.528902637907543
1949.68,-0.740527031998823,-0.19794312788132,-0.542583904117504
1950.162,-0.744966011633771,-0.201925788209835,-0.543040223423936
1950.644,-0.745844727182686,-0.20587906998123,-0.539965657201456
1951.126,-0.732222547924543,-0.209802365610864,-0.522420182313679
1951.608,-0.7369857031325,-0.213695072112403,-0.523290631020097
1952.09,-0.747273852073938,-0.21755659119028,-0.529717260883659
1952.573,-0.74818885418275,-0.221394241400894,-0.526794612781856
1953.055,-0.73426589808366,-0.225191542200599,-0.509074355883061
1953.537,-0.747589663484128,-0.228955888542675,-0.518633774941453
1954.019,-0.738704089628616,-0.232686701815296,-0.50601738781332
1954.501,-0.731910685755931,-0.236383408548872,-0.495527277207059
1954.983,-0.73083977109923,-0.24004544050397,-0.49079433059526
1955.465,-0.749620304886086,-0.243672234758458,-0.505948070127628
1955.947,-0.730184916338477,-0.247263233793827,-0.48292168254465
1956.429,-0.738420034672806,-0.25081788558069,-0.487602149092117
1956.912,-0.726111286635366,-0.254342903189676,-0.47176838344569
1957.394,-0.740742766059707,-0.257823148547089,-0.482919617512618
1957.876,-0.7064436099805,-0.261265423240706,-0.445178186739794
1958.358,-0.714508177592169,-0.264669198047692,-0.449838979544477
1958.84,-0.714644578083721,-0.268033949649068,-0.446610628434653
1959.322,-0.720638410638749,-0.271359160709988,-0.449279249928761
1959.804,-0.72070698443547,-0.274644319959063,-0.446062664476406
1960.286,-0.726414438646735,-0.277888922266753,-0.448525516379982
1960.769,-0.717906587519231,-0.281099072064533,-0.436807515454698
1961.251,-0.720901529742203,-0.284260983346818,-0.436640546395385
1961.733,-0.708026449864672,-0.287380858917945,-0.420645590946727
1962.215,-0.722335017038318,-0.290458218994263,-0.431876798044056
1962.697,-0.704600440409589,-0.293492590311775,-0.411107850097813
1963.179,-0.710921709119738,-0.296483506198725,-0.414438202921012
1963.661,-0.714446562304822,-0.299430506647136,-0.415016055657686
1964.143,-0.70168447909575,-0.30233313838338,-0.39935134071237
1964.625,-0.703264358618306,-0.305190954937668,-0.398073403680638
1965.108,-0.697654682175411,-0.308009304559384,-0.389645377616027
1965.59,-0.692630474187304,-0.310776083664923,-0.381854390522381
1966.072,-0.687998326275775,-0.313496748805805,-0.37450157746997
1966.554,-0.684817127546332,-0.316170881416413,-0.368646246129918
1967.036,-0.69644210709945,-0.318798070066796,-0.377644037032654
1967.518,-0.696818954030647,-0.321377910525747,-0.3754410435049
1968,-0.671590617430464,-0.323910005822807,-0.347680611607658
1968.482,-0.690648156384523,-0.326393966309127,-0.364254190075396
1968.965,-0.68677045945574,-0.328834411809733,-0.357936047646007
1969.447,-0.669594286409549,-0.331220861492194,-0.338373424917354
1969.929,-0.657182736143156,-0.333558051184657,-0.323624684958498
1970.411,-0.63922600772268,-0.335845621126613,-0.303380386596067
1970.893,-0.654334350209421,-0.338083219166638,-0.316251131042783
1971.375,-0.638167652659899,-0.340270500816387,-0.297897151843512
1971.857,-0.634079084125872,-0.342407129303425,-0.291671954822448
1972.339,-0.645781553654352,-0.344492775622862,-0.30128877803149
1972.822,-0.621173136946741,-0.346531285667992,-0.274641851278749
1973.303,-0.618597543063355,-0.34850984487866,-0.270087698184695
1973.786,-0.619825196948106,-0.350444600728389,-0.269380596219718
1974.268,-0.608857628737113,-0.352323076777269,-0.256534551959843
1974.75,-0.610444983751432,-0.35414904327895,-0.256295940472481
1975.232,-0.603998321010145,-0.35592221886787,-0.248076102142275
1975.714,-0.591076229527761,-0.357642330273843,-0.233433899253918
1976.196,-0.581945698314239,-0.359309112363951,-0.222636585950288
1976.678,-0.564019126375008,-0.360922308183213,-0.203096818191795
1977.16,-0.577886782711019,-0.362481668993985,-0.215405113717034
1977.643,-0.586398239268341,-0.363990020938889,-0.222408218329452
1978.125,-0.561942178757498,-0.36544088567141,-0.196501293086088
1978.607,-0.575136723495834,-0.366837218405854,-0.20829950508998
1979.089,-0.552530752466513,-0.36817880366005,-0.184351948806463
1979.571,-0.549322024648323,-0.369465434347231,-0.179856590301092
1980.053,-0.561895779015686,-0.370696911807789,-0.191198867207896
1980.535,-0.55700309453869,-0.371873045839746,-0.185130048698943
1981.017,-0.559653510183121,-0.372993654727912,-0.186659855455209
1981.5,-0.536924734741849,-0.374060716615788,-0.16286401812606
1981.982,-0.543845747109998,-0.37506964809243,-0.168776099017568
1982.464,-0.539139946469106,-0.376022560157672,-0.163117386311434
1982.946,-0.525144451767932,-0.376919305326921,-0.148225146441012
1983.428,-0.530617381951043,-0.377759744728653,-0.15285763722239
1983.91,-0.501998075958824,-0.378543748125706,-0.123454327833118
1984.392,-0.51370852272753,-0.379271193935259,-0.13443732879227
1984.874,-0.485866071189285,-0.379941969247469,-0.105924101941817
1985.356,-0.483754410272098,-0.380555969842788,-0.10319844042931
1985.839,-0.473553935057236,-0.381114196901946,-0.0924397381552901
1986.321,-0.459082651730686,-0.381614251992339,-0.0774683997383468
1986.803,-0.430243915782615,-0.382057271849255,-0.0481866439333599
1987.285,-0.44172252612486,-0.382443187178941,-0.0592793389459184
1987.767,-0.415469721665254,-0.382771937444499,-0.0326977842207546
1988.249,-0.424518371307688,-0.383043470875164,-0.0414749004325233
1988.731,-0.404044253952087,-0.383257744474249,-0.0207865094778376
1989.213,-0.408469208494473,-0.383414724025734,-0.0250544844687395
1989.696,-0.38273759656585,-0.383514531266687,0.000776934700837451
1990.178,-0.365269401139194,-0.383556736256673,0.0182873351174787
1990.66,-0.351758694272974,-0.383541597273601,0.0317829030006273
1991.142,-0.338536704847744,-0.383469115281362,0.0449324104336183
1991.624,-0.344691721740261,-0.383339300037273,0.0386475782970118
1992.106,-0.326462313823498,-0.383152170090576,0.0566898562670776
1992.588,-0.340758929966658,-0.382907752779595,0.0421488228129376
1993.07,-0.307272419035211,-0.382606084227548,0.0753336651923368
1993.552,-0.300293169890914,-0.382247209337001,0.0819540394460874
1994.035,-0.299384610108035,-0.381830259287083,0.0824456491790477
1994.517,-0.297606830649876,-0.381357023135399,0.083750192485523
1994.999,-0.265283469539657,-0.38082676811024,0.115543298570583
1995.481,-0.301108595624488,-0.380239574167401,0.0791309785429135
1995.963,-0.290816437747868,-0.379595529994137,0.0887790922462689
1996.445,-0.273488444749702,-0.378894732995557,0.105406288245855
1996.927,-0.283641495466352,-0.378137289279694,0.0944957938133422
1997.409,-0.270283258730633,-0.377323313641225,0.107040054910593
1997.892,-0.235575198350475,-0.376451065221497,0.140875866871023
1998.374,-0.259437852716427,-0.375524288166527,0.116086435450099
1998.856,-0.242656816105004,-0.374541375811158,0.131884559706154
1999.338,-0.236814507335065,-0.373502477525188,0.136687970190123
1999.82,-0.214169005222054,-0.372407751263733,0.158238746041679
2000.302,-0.220500648578014,-0.371257363543002,0.150756714964988
2000.784,-0.203687456211586,-0.370051489414768,0.166364033203182
2001.266,-0.179099936928065,-0.368790312439524,0.189690375511459
2001.749,-0.166976220614238,-0.367471236620947,0.200495016006709
2002.23,-0.150701282814193,-0.36610282656336,0.215401543749167
2002.713,-0.133081795664616,-0.364673912056844,0.231592116392229
2003.195,-0.124937986196286,-0.363193415654471,0.238255429458185
2003.677,-0.132096113785082,-0.361658661284512,0.229562547499431
2004.159,-0.101654397216549,-0.360069882940515,0.258415485723965
2004.641,-0.108468885273027,-0.358427322900485,0.249958437627458
2005.123,-0.0848111267336655,-0.356731231689728,0.271920104956063
2005.605,-0.0828862603744369,-0.354981868042444,0.272095607668007
2006.087,-0.0791496749681784,-0.353179498862036,0.274029823893857
2006.57,-0.0765600652773344,-0.351320495807497,0.274760430530163
2007.052,-0.0533111575599108,-0.349412840229895,0.296101682669984
2007.534,-0.0551982370926929,-0.347453029041525,0.292254791948832
2008.016,-0.0322231026361202,-0.345441361417461,0.313218258781341
2008.498,-0.0219002129475889,-0.343378144484842,0.321477931537253
2008.98,-0.0111355967814859,-0.341263693275777,0.330128096494291
2009.462,-0.00980446288917847,-0.339098330679045,0.329293867789866
2009.944,-0.00801110001906125,-0.336882387390564,0.328871287371503
2010.427,0.010574141348787,-0.334611448245149,0.345185589593936
2010.909,0.0291117764849425,-0.3322952634811,0.361407039966042
2011.391,0.0319267143739985,-0.329929537184871,0.361856251558869
2011.873,0.0427283162792556,-0.327514630777719,0.370242947056974
2012.355,0.0505297934669215,-0.325050913222554,0.375580706689476
2012.837,0.0537861472060257,-0.322538760967376,0.376324908173402
2013.319,0.0533458787684502,-0.319978557887533,0.373324436655983
2013.801,0.0812228694288848,-0.317370695226861,0.398593564655746
2014.283,0.0859863604648119,-0.314715571537692,0.400701932002504
2014.766,0.0995313564121432,-0.312007938433742,0.411539294845886
2015.248,0.0962105126101527,-0.309259421352876,0.405469933963028
2015.73,0.108616413035307,-0.306464883013675,0.415081296048982
2016.212,0.133621648976053,-0.30362475059477,0.437246399570823
2016.694,0.131641111723528,-0.300739458266544,0.432380569990072
2017.176,0.154849232571539,-0.297809447124555,0.452658679696094
2017.658,0.169397882816536,-0.294835165121882,0.464233047938418
2018.14,0.164811173757592,-0.291817067000451,0.456628240758043
2018.623,0.174631954569147,-0.288749217916084,0.463381172485231
2019.105,0.196606051399101,-0.2856447901035,0.482250841502601
2019.587,0.197420622840625,-0.282497951420095,0.479918574260719
2020.069,0.219113120203122,-0.279309183068974,0.498422303272097
2020.551,0.223329554798504,-0.276078972683077,0.499408527481581
2021.033,0.225348897941196,-0.272807814250371,0.498156712191567
2021.515,0.245957380948106,-0.269496208038129,0.515453588986235
2021.997,0.268518045138617,-0.26614466051619,0.534662705654806
2022.479,0.269539791834543,-0.262753684279316,0.532293476113859
2022.962,0.272530045634383,-0.259316641937883,0.531846687572266
2023.444,0.296653271930026,-0.25584829107262,0.552501563002646
2023.926,0.281930484713794,-0.252342086342157,0.534272571055951
2024.408,0.31661660531708,-0.248798564057587,0.565415169374667
2024.89,0.307082305073653,-0.245218266252567,0.55230057132622
2025.372,0.315368765319594,-0.24160174060021,0.556970505919804
2025.854,0.332913227393288,-0.237949540329077,0.570862767722365
2026.336,0.340801162635419,-0.234262224138362,0.575063386773781
2026.819,0.34546679065194,-0.230532598871872,0.575999389523812
2027.301,0.355082676897972,-0.226776678485337,0.581859355383309
2027.783,0.368733420350789,-0.222987351437119,0.591720771787908
2028.265,0.378665512360023,-0.219165197454495,0.597830709814517
2028.747,0.404550224277497,-0.215310801298684,0.61986102557618
2029.229,0.3729156674572,-0.211424752675166,0.584340420132365
2029.711,0.404002643255275,-0.207507646143259,0.611510289398534
2030.193,0.407813543029988,-0.203560081024941,0.611373624054929
2030.676,0.431425961572355,-0.199574378792473,0.631000340364828
2031.157,0.445654469952963,-0.195575995578144,0.641230465531107
2031.64,0.41947151457865,-0.191532295550926,0.611003810129576
2032.122,0.444798634548718,-0.187468923849708,0.632267558398427
2032.604,0.446061015320904,-0.183378159664787,0.629439174985691
2033.086,0.467251078265864,-0.179260628948149,0.646511707214014
2033.568,0.485844794756243,-0.175116961756382,0.660961756512626
2034.05,0.464805096166668,-0.17094779215404,0.635752888320707
2034.532,0.489180033873719,-0.166753758116417,0.655933791990136
2035.014,0.502668499255922,-0.162535501431711,0.665204000687633
2035.497,0.486162293838454,-0.15828484305881,0.644447136897264
2035.979,0.505661259401162,-0.154020034312191,0.659681293713353
2036.461,0.532983866788893,-0.14973295153112,0.682716818320013
2036.943,0.540788427387735,-0.145424250772606,0.686212678160341
2037.425,0.527233652585618,-0.141094591408746,0.668328243994365
2037.907,0.536951683772301,-0.136744636025576,0.673696319797877
2038.389,0.567805092339345,-0.13237505032149,0.700180142660835
2038.871,0.564472059680096,-0.127986503005146,0.692458562685242
2039.354,0.578874912912529,-0.123570504331909,0.702445417244438
2039.836,0.580577142697905,-0.119146015601035,0.69972315829894
2040.318,0.589063915450478,-0.114704589825357,0.703768505275835
2040.8,0.596821942570571,-0.110246906730057,0.707068849300628
2041.282,0.59712510546019,-0.105773648533334,0.702898753993525
2041.764,0.613417175523015,-0.101285499841793,0.714702675364808
2042.246,0.621105084164398,-0.0967831475454567,0.717888231709855
2042.728,0.630748772791321,-0.092267280712452,0.723016053503773
2043.21,0.640395242812374,-0.0877385904833322,0.728133833295707
2043.693,0.617814657857824,-0.0831883370480149,0.701002994905839
2044.175,0.647136875635702,-0.0786360582066755,0.725772933842378
2044.657,0.670334999045995,-0.0740730422112743,0.744408041257269
2045.139,0.664500629503607,-0.0694999874325868,0.734000616936194
2045.621,0.672158188424962,-0.0649175937807928,0.737075782205755
2046.103,0.661150027228008,-0.0603265625981939,0.721476589826201
2046.585,0.695989887332175,-0.0557275965516115,0.751717483883786
2047.067,0.662190900158375,-0.0511213995246767,0.713312299683052
2047.55,0.701275535323774,-0.0464991002509593,0.747774635574733
2048.032,0.690004518622484,-0.0418805459013348,0.731885064523818
2048.514,0.697207748917581,-0.0372568799102031,0.734464628827784
2048.996,0.700326447635682,-0.0326288099488508,0.732955257584533
2049.478,0.714160376204802,-0.0279970443639404,0.742157420568743
2049.96,0.716970826054322,-0.0233622920688293,0.740333118123151
2050.442,0.718090788614965,-0.0187252624348824,0.736816051049848
2050.924,0.715361515318797,-0.0140866651826952,0.729448180501492
2051.406,0.734593967599174,-0.00944721027325117,0.744041177872426
2051.889,0.715584772033242,-0.00479798240701249,0.720382754440255
2052.371,0.74316489055866,-0.000158944388434371,0.743323834947094
2052.853,0.731195858971425,0.00447881957797527,0.72671703939345
2053.335,0.750805678709991,0.00911459965901546,0.741691079050976
2053.817,0.74629608121402,0.0137476863257097,0.73254839488831
2054.299,0.7381179379244,0.0183773704621158,0.719740567462284
2054.781,0.772239630283195,0.0230029434740464,0.749236686809149
2055.263,0.772512869733646,0.0276236973977642,0.744889172335882
2055.746,0.772477219241189,0.0322484939347718,0.740228725306417
2056.228,0.789527558019866,0.0368574751907333,0.752670082829133
2056.71,0.796533768229786,0.0414595168724371,0.755074251357349
2057.192,0.789879431318695,0.0460539146246156,0.74382551669408
2057.674,0.783971638735441,0.0506399652641834,0.733331673471257
2058.156,0.808595831929928,0.0552169668880585,0.753378865041869
2058.638,0.807338592353119,0.0597842189808134,0.747554373372306
2059.12,0.806942591457005,0.0643410225220919,0.742601568934914
2059.603,0.80205266878631,0.0688960988494959,0.733156569936814
2060.084,0.804767731519899,0.0734204959870104,0.731347235532888
2060.567,0.798352395151994,0.0779511430473437,0.72040125210465
2061.049,0.824414664359377,0.0824591676660017,0.741955496693376
2061.531,0.804089919525339,0.0869532733709955,0.717136646154343
2062.013,0.82125849210772,0.0914327723587929,0.729825719748927
2062.495,0.821462763565268,0.0958969790657899,0.725565784499478
2062.977,0.81305210535762,0.100345210273394,0.712706895084226
2063.459,0.822168018945312,0.104776785212839,0.717391233732473
2063.941,0.828167445789735,0.109191025669557,0.718976420120177
2064.424,0.832286873929551,0.113596357708587,0.718690516220964
2064.906,0.840317642539929,0.117973865834083,0.722343776705847
2065.388,0.848725118799251,0.122332019809477,0.726393098989774
2065.87,0.849212584172189,0.126670152679143,0.722542431493047
2066.352,0.856053720124205,0.130987600557646,0.725066119566559
2066.834,0.853563238121513,0.135283702731544,0.718279535389969
2067.316,0.860240539631079,0.139557801760718,0.720682737870361
2067.798,0.8480528261206,0.143809243579185,0.704243582541416
2068.281,0.860706082641666,0.148046124979801,0.712659957661866
2068.763,0.863632884386334,0.152250253807538,0.711382630578796
2069.245,0.865501775521306,0.156429783140871,0.709071992380435
2069.727,0.873524077517025,0.160584073415854,0.712940004101171
2070.209,0.871094471844593,0.164712488938918,0.706381982905675
2070.691,0.860661559975743,0.168814397984311,0.691847161991431
2071.173,0.858350353382818,0.172889172891003,0.685461180491814
2071.655,0.861272513538751,0.17693619015892,0.684336323379831
2072.137,0.878045811917076,0.180954830544553,0.697090981372523
2072.62,0.861377071690793,0.184952725874105,0.676424345816688
2073.102,0.876971191853549,0.188912710218271,0.688058481635279
2073.584,0.856978454665668,0.192842485183044,0.664135969482625
2074.066,0.858826811602839,0.196741449503771,0.662085362099068
2074.548,0.858061214141259,0.200609006640542,0.657452207500716
2075.03,0.870777763757612,0.204444564869671,0.666333198887942
2075.512,0.872177611929047,0.208247537374422,0.663930074554625
2075.994,0.869801670133167,0.212017342335024,0.657784327798143
2076.477,0.862248888969251,0.215761118706642,0.646487770262609
2076.959,0.876081442614652,0.219462791767546,0.656618650847106
2077.441,0.879010930731187,0.223129581525596,0.655881349205591
2077.923,0.866776714798121,0.226760927044329,0.640015787753792
2078.405,0.861160706295092,0.230356272822592,0.630804433472499
2078.887,0.871069006702093,0.233915068879702,0.637153937822392
2079.369,0.864054997499469,0.237436770839799,0.62661822665967
2079.851,0.876210960167882,0.240920840015324,0.635290120152558
2080.333,0.861713066188305,0.244366743489616,0.617346322698689
2080.816,0.843538764747937,0.247780982516977,0.595757782230959
2081.298,0.853034372885496,0.251148897435969,0.601885475449527
2081.78,0.863014378822797,0.254477082279496,0.608537296543301
2082.262,0.846098664041914,0.257765028035406,0.588333636006508
2082.744,0.837859500025143,0.261012231862138,0.576847268163005
2083.226,0.851368058255012,0.264218197165816,0.587149861089197
2083.708,0.850614610214247,0.267382433676389,0.583232176537859
2084.19,0.860358227385763,0.270504457522831,0.589853769862932
2084.673,0.827481826798724,0.273590135262687,0.553891691536037
2085.155,0.844083959837835,0.276626218103542,0.567457741734294
2085.637,0.831738162542031,0.279618674842111,0.55211948769992
2086.119,0.81574177639482,0.282567047949417,0.533174728445402
2086.601,0.826691912879827,0.285470886656614,0.541221026223213
2087.083,0.822596403480777,0.288329747024092,0.534266656456685
2087.565,0.811767179681471,0.291143192009584,0.520623987671887
2088.047,0.832396482965787,0.29391079153517,0.538485691430618
2088.53,0.807765988400917,0.29663772008246,0.511128268318456
2089.011,0.824103736720996,0.299306769111297,0.524796967609699
2089.494,0.804842945782674,0.30193972453819,0.502903221244484
2089.976,0.818265683265377,0.304519684068097,0.513745999197279
2090.458,0.813082785254593,0.307051753673651,0.506031031580942
2090.94,0.792870123234295,0.309535546425218,0.483334576809076
2091.422,0.793260618688382,0.31197068279632,0.481289935892062
2091.904,0.781535593100731,0.314356790721822,0.467178802378909
2092.386,0.80324908795513,0.31669350565499,0.48655558230014
2092.868,0.790207704735298,0.318980470623401,0.471227234111897
2093.351,0.778383878831303,0.321221924767396,0.457161954063907
2093.833,0.767751774962775,0.323408244459664,0.444343530503111
2094.315,0.746762627473586,0.325543788572573,0.421218838901014
2094.797,0.771520497846979,0.327628230982797,0.443892266864182
2095.279,0.773067147566032,0.329661253403343,0.443405894162688
2095.761,0.753754678113662,0.331642545432361,0.422112132681301
2096.243,0.781640750972585,0.333571804600741,0.448068946371844
2096.725,0.742245127625331,0.335448736418499,0.406796391206832
2097.208,0.745893921941356,0.337276784425641,0.408617137515715
2097.69,0.751377411702126,0.339048100194602,0.412329311507524
2098.172,0.722329809706039,0.340766252910863,0.381563556795176
2098.654,0.731762077434688,0.342430980457147,0.389331096977541
2099.136,0.730752476369382,0.344042028908803,0.386710447460579
2099.618,0.717116257991155,0.345599152572758,0.371517105418397
2100.1,0.702315533780737,0.347102114025183,0.355213419755555
2100.582,0.707036805218554,0.3485506841479,0.358486121070653
2101.064,0.713888203784684,0.349944642163528,0.363943561621157
2101.547,0.675043993121793,0.351286496821748,0.323757496300046
2102.029,0.69722847148476,0.352570487448971,0.344657984035789
2102.511,0.670235871417283,0.353799253616895,0.316436617800388
2102.993,0.665445524397995,0.354972608254586,0.310472916143409
2103.475,0.664920781905142,0.356090372788348,0.308830409116794
2103.957,0.65445030541655,0.357152377169096,0.297297928247454
2104.439,0.660022266409626,0.358158459898451,0.301863806511175
2104.921,0.646039946361327,0.35910846805349,0.286931478307837
2105.404,0.636274137809696,0.360004053109776,0.276270084699921
2105.886,0.637683011233552,0.360841370711864,0.276841640521688
2106.368,0.620035708047212,0.361622206396931,0.258413501650281
2106.85,0.626558619725742,0.362346441783192,0.26421217794255
2107.332,0.619479117743698,0.363013967168389,0.256465150575308
2107.814,0.594816163575114,0.363624681546621,0.231191482028493
2108.296,0.598322058693498,0.364178492623826,0.234143566069671
2108.778,0.603468624571793,0.364675316831941,0.238793307739852
2109.26,0.574921932682386,0.36511507934171,0.209806853340676
2109.743,0.584580595803597,0.365498448496747,0.21908214730685
2110.225,0.56825813394698,0.365823779438555,0.202434354508425
2110.707,0.560475468739355,0.366091876643548,0.194383592095808
2111.189,0.560387131650735,0.36630270035725,0.194084431293485
2111.671,0.554583924150478,0.366456219607951,0.188127704542527
2112.153,0.550707297707309,0.366552412211449,0.184154885495859
2112.635,0.545827573789296,0.366591264774461,0.179236309014835
2113.117,0.525784773863837,0.366572772696669,0.159212001167167
2113.6,0.523069000018687,0.366496723244829,0.156572276773858
2114.082,0.501785753655497,0.366363444341488,0.135422309314009
2114.564,0.507399665685934,0.366172859808833,0.141226805877102
2115.046,0.491280377574583,0.365925000230217,0.125355377344366
2115.528,0.480958680785285,0.365619904971995,0.115338775813291
2116.01,0.458754766781137,0.365257622177487,0.0934971446036499
2116.492,0.45343551702447,0.364838208759598,0.0885973082648726
2116.974,0.461688392976846,0.364361730392082,0.0973266625847638
2117.457,0.458896256229306,0.363827095532273,0.0950691606970325
2117.938,0.444607917850981,0.363237885245708,0.0813700326052728
2118.421,0.419100442229151,0.362589291808666,0.0565111504204849
2118.903,0.429660496825328,0.361885267661572,0.0677752291637554
2119.385,0.415679614429255,0.361124638182839,0.0545549762464164
2119.867,0.39355614649757,0.36030752137095,0.0332486251266198
2120.349,0.39584345448603,0.359434043886599,0.036409410599431
2120.831,0.39208685984952,0.358504341033263,0.0335825188162579
2121.313,0.362079104042039,0.357518556736451,0.00456054730558725
2121.795,0.359594718516657,0.356476843521645,0.00311787499501259
2122.278,0.367995217014311,0.355377027705057,0.0126181893092536
2122.76,0.36311644764092,0.354223833345678,0.0088926142952413
2123.242,0.347775872906354,0.353015219382574,-0.00523934647621976
2123.724,0.334157914259961,0.351751372511655,-0.0175934582516933
2124.206,0.323804163150115,0.35043248789868,-0.0266283247485653
2124.688,0.326763651024201,0.349058769149324,-0.0222951181251223
2125.17,0.312392819328632,0.347630428277954,-0.035237608949321
2125.652,0.311357709508801,0.346147685675118,-0.0347899761663173
2126.135,0.294298085242009,0.344607525302527,-0.0503094400605188
2126.617,0.294941624761954,0.343016562094689,-0.0480749373327352
2127.099,0.289057070490667,0.341371908757281,-0.052314838266614
2127.581,0.287973273869397,0.33967381885189,-0.0517005449824922
2128.063,0.269711526338327,0.337922554134482,-0.0682110277961554
2128.545,0.266103799336566,0.336118384515263,-0.0700145851786965
2129.027,0.252179744302126,0.334261588017288,-0.0820818437151626
2129.509,0.238433272671919,0.332352450733828,-0.0939191780619084
2129.991,0.231359295881745,0.330391266784498,-0.0990319709027524
2130.474,0.212868849015099,0.328374108495325,-0.115505259480226
2130.956,0.199291947490885,0.326309639068851,-0.127017691577966
2131.438,0.176437665110242,0.324194053704031,-0.147756388593789
2131.92,0.185722493304382,0.322027678178834,-0.136305184874452
2132.402,0.170477463503335,0.31981084605979,-0.149333382556455
2132.884,0.151821557135953,0.317543898650832,-0.165722341514879
2133.366,0.166284585629874,0.315227184940969,-0.148942599311094
2133.848,0.152864310411548,0.312861061550758,-0.15999675113921
2134.331,0.124579326905089,0.310440831227773,-0.185861504322685
2134.813,0.111081429843388,0.307976887998818,-0.19689545815543
2135.295,0.114146293344294,0.305464650982232,-0.191318357637937
2135.777,0.100556858829286,0.302904506781638,-0.202347647952352
2136.259,0.0934007877185508,0.300296849347118,-0.206896061628567
2136.741,0.0773603214310015,0.297642079914808,-0.220281758483806
2137.223,0.0891235013842611,0.294940606945359,-0.205817105561098
2137.705,0.053074118994644,0.292192846061311,-0.239118727066667
2138.188,0.0566994902152267,0.289393376698833,-0.232693886483606
2138.67,0.0389269087138011,0.286554221368148,-0.247627312654347
2139.152,0.0236420391134153,0.283670068232261,-0.260028029118846
2139.634,0.0168081628250505,0.280741360927304,-0.263933198102253
2140.116,0.0148467112583077,0.277768549921703,-0.262921838663395
2140.598,0.000820925821432894,0.27475209244708,-0.273931166625647
2141.08,-0.0150068620787351,0.271692452428148,-0.286699314506883
2141.562,-0.0174013810367413,0.268590100411573,-0.285991481448315
2142.044,-0.0224870696485482,0.265445513493804,-0.287932583142353
2142.527,-0.0289856498929559,0.262252521526106,-0.291238171419062
2143.009,-0.0408088522493948,0.259024836836934,-0.299833689086329
2143.491,-0.0679043900531724,0.255756388134295,-0.323660778187468
2143.973,-0.0573304219060056,0.252447677985204,-0.30977809989121
2144.455,-0.0631985764110681,0.24909921513067,-0.312297791541739
2144.937,-0.0804787921730146,0.245711514407706,-0.326190306580721
2145.419,-0.0809205877979871,0.242285096670353,-0.32320568446834
2145.901,-0.100585491893622,0.238820488709823,-0.339405980603445
2146.384,-0.113741205514224,0.235310918290246,-0.349052123804469
2146.865,-0.143412479935009,0.231778838484339,-0.375191318419348
2147.348,-0.110724340786554,0.228195422113313,-0.338919762899866
2147.83,-0.128942153486189,0.224583362903394,-0.353525516389583
2148.312,-0.14509237771469,0.220935834782995,-0.366028212497685
2148.794,-0.15755633208892,0.21725339845012,-0.374809730539039
2149.276,-0.163277335227328,0.213536619955865,-0.376813955183192
2149.758,-0.153949525749947,0.20978607061762,-0.363735596367567
2150.24,-0.171696352278403,0.206002326931466,-0.377698679209869
2150.722,-0.172153993435931,0.202185970483753,-0.374339963919684
2151.205,-0.195440856363732,0.198329570784029,-0.393770427147761
2151.687,-0.202556891247283,0.194449688887764,-0.397006580135048
2152.169,-0.200048876636533,0.190538969877145,-0.390587846513678
2152.651,-0.202866521161258,0.186598014809919,-0.389464535971178
2153.133,-0.226236723452899,0.182627429380453,-0.408864152833353
2153.615,-0.213526802144571,0.17862782382688,-0.392154625971452
2154.097,-0.234764275871072,0.174599812837488,-0.40936408870856
2154.579,-0.216394513268892,0.170544015456493,-0.386938528725385
2155.062,-0.264489280143636,0.166452556315383,-0.430941836459019
2155.544,-0.257036739369411,0.162343005834086,-0.419379745203498
2156.026,-0.284005008183428,0.15820755259113,-0.442212560774558
2156.508,-0.285819335229057,0.154046832106764,-0.439866167335821
2156.99,-0.287350059151418,0.149861483775894,-0.437211542927312
2157.472,-0.302235908597389,0.145652150770059,-0.447888059367448
2157.954,-0.316587742215603,0.141419479938809,-0.458007222154412
2158.436,-0.320590518656484,0.137164121710474,-0.457754640366958
2158.918,-0.325595536572241,0.132886729992453,-0.458482266564694
2159.401,-0.346837048801376,0.128579021702503,-0.475416070503879
2159.883,-0.349008774174489,0.124259495852058,-0.473268270026548
2160.365,-0.332898296987128,0.119919919483476,-0.452818216470605
2160.847,-0.333464025898756,0.115560959418816,-0.449024985317572
2161.329,-0.388140059570667,0.111183285452605,-0.499323345023272
2161.811,-0.366064956666008,0.106787570249089,-0.472852526915097
2162.293,-0.379474635849778,0.102374489239107,-0.481849125088886
2162.775,-0.40087194578885,0.097944720516492,-0.498816666305342
2163.258,-0.41294407760611,0.0934897049670942,-0.506433782573204
2163.74,-0.40445688358556,0.0890285741517744,-0.493485457737334
2164.222,-0.404662786329482,0.0845528062660885,-0.48921559259557
2164.704,-0.415035414512328,0.0800630890167829,-0.495098503529111
2165.186,-0.424779236810448,0.0755601122496872,-0.500339349060135
2165.668,-0.430618971902145,0.0710445678439696,-0.501663539746115
2166.15,-0.434135958467646,0.0665171496059995,-0.500653108073646
2166.632,-0.44977803518913,0.0619785531629853,-0.511756588352115
2167.115,-0.470747331298011,0.0574200275263433,-0.528167358824354
2167.597,-0.468175482885549,0.052861148737703,-0.521036631623252
2168.079,-0.482566660684657,0.0482931899372517,-0.530859850621909
2168.561,-0.5038110333854,0.0437168529689981,-0.547527886354398
2169.043,-0.485887039679838,0.0391328409617245,-0.525019880641562
2169.525,-0.501942668262046,0.0345418582211658,-0.536484526483212
2170.007,-0.5148437178281,0.0299446101219984,-0.544788327950098
2170.489,-0.515627947076108,0.0253418029996749,-0.540969750075783
2170.971,-0.52235191470621,0.0207341440421248,-0.543086058748335
2171.454,-0.514810876364695,0.0161127693094334,-0.530923645674129
2171.936,-0.535297675342981,0.0114975247223905,-0.546795200065372
2172.418,-0.538355698813394,0.00687955536527805,-0.545235254178672
2172.9,-0.525076145484306,0.00225957075111032,-0.527335716235416
2173.382,-0.538554834066179,-0.00236171929805534,-0.536193114768124
2173.864,-0.542776383271548,-0.00698360475998926,-0.535792778511558
2174.346,-0.522449111815071,-0.0116053755211379,-0.510843736293933
2174.828,-0.548544938413489,-0.016226321485553,-0.532318616927936
2175.311,-0.561642266454889,-0.0208553144366387,-0.540786952018251
2175.792,-0.554182890652633,-0.0254628993816456,-0.528719991270988
2176.275,-0.558836505312176,-0.0300866816824426,-0.528749823629733
2176.757,-0.585070709788983,-0.034697223327055,-0.550373486461928
2177.239,-0.56830320593378,-0.039303392300186,-0.528999813633594
2177.721,-0.584157932476156,-0.0439044808983761,-0.54025345157778
2178.203,-0.599036888147893,-0.048499782197233,-0.55053710595066
2178.685,-0.598625901682951,-0.0530885901598443,-0.545537311523106
2179.167,-0.60707375181747,-0.0576701997450177,-0.549403552072453
2179.649,-0.605912087289806,-0.0622439070154323,-0.543668180274373
2180.132,-0.633188065928454,-0.066818470980293,-0.566369594948161
2180.614,-0.626163696728096,-0.0713742467280676,-0.554789450000028
2181.096,-0.638326599091283,-0.075920014600077,-0.562406584491206
2181.578,-0.639717101765257,-0.0804550761552528,-0.559262025610004
2182.06,-0.623066943499502,-0.0849787345943008,-0.538088208905201
2182.542,-0.650925923045765,-0.0894902948665746,-0.56143562817919
2183.024,-0.654122969158038,-0.0939890637766526,-0.560133905381386
2183.506,-0.640740660592598,-0.098474350090645,-0.542266310501954
2183.989,-0.650915982542315,-0.102954725604998,-0.547961256937317
2184.471,-0.640734609306474,-0.10741094986107,-0.533323659445404
2184.953,-0.644330417672876,-0.111851629228809,-0.532478788444067
2185.435,-0.676880486406962,-0.116276081382218,-0.560604405024743
2185.917,-0.663726094276491,-0.120683626483719,-0.543042467792772
2186.399,-0.660141230051547,-0.125073587288391,-0.535067642763156
2186.881,-0.685628822504537,-0.129445289247818,-0.556183533256719
2187.363,-0.67732375041021,-0.133798060613552,-0.543525689796658
2187.845,-0.673558992545669,-0.13813123254009,-0.535427760005578
2188.328,-0.682236459693343,-0.142453065600597,-0.539783394092745
2188.81,-0.695179405013292,-0.1467450001307,-0.548434404882592
2189.292,-0.677668330905966,-0.151015345761362,-0.526652985144604
2189.774,-0.706404406157944,-0.155263446286902,-0.551140959871042
2190.256,-0.684043629558204,-0.159488648912861,-0.524554980645343
2190.738,-0.7048588698981,-0.163690304356142,-0.541168565541958
2191.22,-0.688909145971408,-0.16786776694454,-0.521041379026868
2191.702,-0.706351846574314,-0.17202039471578,-0.534331451858534
2192.185,-0.711621149508293,-0.17615608515802,-0.535465064350273
2192.667,-0.715884073932823,-0.18025707791852,-0.535626996014304
2193.149,-0.694840829287607,-0.184331331912708,-0.510509497374899
2193.631,-0.717824454378569,-0.188378221005127,-0.529446233373441
2194.113,-0.712484038014093,-0.192397123256644,-0.520086914757449
2194.595,-0.705998099005036,-0.196387421019859,-0.509610677985178
2195.077,-0.710514316164716,-0.200348501033814,-0.510165815130901
2195.559,-0.71997789830893,-0.204279754518008,-0.515698143790922
2196.042,-0.720830240099595,-0.20818863820966,-0.512641601889935
2196.524,-0.701791307014712,-0.212058365682749,-0.489732941331963
2197.006,-0.710975395374284,-0.215896466868526,-0.495078928505758
2197.488,-0.715366114004112,-0.21970235184503,-0.495663762159082
2197.97,-0.712740321732525,-0.223475435630589,-0.489264886101937
2198.452,-0.707291377390362,-0.227215138273521,-0.480076239116841
2198.934,-0.725358629811005,-0.230920884941059,-0.494437744869946
2199.416,-0.71396858783039,-0.234592106007523,-0.479376481822868
2199.898,-0.717438840286984,-0.238228237141647,-0.479210603145338
2200.381,-0.71497980687483,-0.241836151831514,-0.473143655043316
2200.863,-0.737473313054213,-0.245400356036588,-0.492072957017626
2201.345,-0.717084460199221,-0.248927808812374,-0.468156651386846
2201.827,-0.716700127158607,-0.252417967874167,-0.46428215928444
2202.309,-0.722553812783723,-0.255870296656149,-0.466683516127573
2202.791,-0.737344395928503,-0.259284264393712,-0.47806013153479
2203.273,-0.735637275449502,-0.262659346204825,-0.472977929244677
2203.755,-0.739941050205871,-0.26599502317052,-0.473946027035352
2204.238,-0.73827029642386,-0.269297578242315,-0.468972718181544
2204.719,-0.733022500874455,-0.272546117181693,-0.460476383692762
2205.202,-0.730273088487667,-0.275767152930577,-0.454505935557091
2205.684,-0.745246511128606,-0.278940056910386,-0.46630645421822
2206.166,-0.72860087333779,-0.282071052642828,-0.446529820694962
2206.648,-0.727669293990207,-0.285159658638992,-0.442509635351215
2207.13,-0.735879661963498,-0.288205399910355,-0.447674262053143
2207.612,-0.721072566137988,-0.291207808041593,-0.429864758096394
2208.094,-0.717022755396673,-0.294166421262432,-0.422856334134242
2208.576,-0.726182458625228,-0.297080784518437,-0.429101674106791
2209.059,-0.708571835005156,-0.299956356431625,-0.408615478573531
2209.541,-0.735537801121762,-0.302780787701194,-0.432757013420568
2210.023,-0.715475877879165,-0.305559643936173,-0.409916233942992
2210.505,-0.710926794173872,-0.30829249764748,-0.402634296526392
2210.987,-0.697463088905089,-0.310978928400405,-0.386484160504684
2211.469,-0.724719690974766,-0.313618522879102,-0.411101168095663
2211.951,-0.697335539287579,-0.316210874949965,-0.381124664337614
2212.433,-0.693340982750957,-0.318755585723901,-0.374585397027056
2212.916,-0.701549746744615,-0.321257393249333,-0.380292353495282
2213.398,-0.712010295504676,-0.323705553200284,-0.388304742304392
2213.88,-0.69000171615183,-0.326104918486258,-0.363896797665572
2214.362,-0.679682867604541,-0.328455119812263,-0.351227747792278
2214.844,-0.70020659878405,-0.330755795422491,-0.369450803361559
2215.326,-0.700757718614369,-0.333006591155791,-0.367751127458579
2215.808,-0.684206036022328,-0.335207160499979,-0.348998875522349
2216.29,-0.674138039937517,-0.337357164644982,-0.336780875292535
2216.772,-0.697543499292362,-0.339456272534787,-0.358087226757574
2217.255,-0.684251943768313,-0.34150835618663,-0.342743587581683
2217.737,-0.661139219053226,-0.343504602425608,-0.317634616627618
2218.219,-0.667939786589717,-0.345449005637681,-0.322490780952036
2218.701,-0.66591507532149,-0.347341266295278,-0.318573809026211
2219.183,-0.650628084195073,-0.349181092866785,-0.301446991328289
2219.665,-0.661715732159859,-0.350968201861227,-0.310747530298632
2220.147,-0.646009228168065,-0.352702317871758,-0.293306910296307
2220.629,-0.647595141174783,-0.354383173617892,-0.293211967556891
2221.112,-0.662490786757683,-0.356013830394322,-0.306476956363361
2221.594,-0.657495978863029,-0.357587284667589,-0.29990869419544
2222.076,-0.625652374847206,-0.359106725501883,-0.266545649345324
2222.558,-0.651633343676789,-0.360571918536674,-0.291061425140114
2223.04,-0.632223214321257,-0.36198263773022,-0.270240576591038
2223.522,-0.627517965752975,-0.363338665394213,-0.264179300358762
2224.004,-0.626454466947216,-0.364639792227178,-0.261814674720038
2224.486,-0.620423386882152,-0.365885817346556,-0.254537569535596
2224.969,-0.618282626894239,-0.367078961108568,-0.25120366578567
2225.451,-0.602470279464651,-0.368214098696397,-0.234256180768254
2225.933,-0.616291337725702,-0.369293582382925,-0.246997755342777
2226.415,-0.595466090667276,-0.370317245274079,-0.225148845393197
2226.897,-0.612446267282191,-0.371284929035784,-0.241161338246408
2227.379,-0.590588926566213,-0.372196483918237,-0.218392442647976
2227.861,-0.574539217518044,-0.373051768778879,-0.201487448739165
2228.343,-0.58779702913937,-0.373850651104031,-0.213946378035339
2228.825,-0.591194910434822,-0.37459300702922,-0.216601903405602
2229.308,-0.570652856559477,-0.375280085047868,-0.195372771511608
2229.79,-0.567496702418179,-0.375908933430822,-0.191587768987357
2230.272,-0.556346474980717,-0.376480935705043,-0.179865539275674
2230.754,-0.550451643263646,-0.376996002797613,-0.173455640466033
2231.236,-0.540241216286514,-0.377454054366493,-0.162787161920021
2231.718,-0.55172049307188,-0.377855018812852,-0.173865474259028
2232.2,-0.546815982645292,-0.378198833292043,-0.168617149353249
2232.682,-0.543631634035325,-0.378485443723237,-0.165146190312088
2233.165,-0.557140557874035,-0.378715221113204,-0.178425336760831
2233.646,-0.515204168394611,-0.37888687998585,-0.136317288408761
2234.129,-0.507416947380648,-0.379001820045151,-0.128415127335497
2234.611,-0.541021654552317,-0.379059130053633,-0.161962524498684
2235.093,-0.497069178726839,-0.379059097298509,-0.11801008142833
2235.575,-0.494749668950977,-0.379001720427166,-0.115747948523811
2236.057,-0.494331984274552,-0.378887006880581,-0.115444977393971
2236.539,-0.482256993750433,-0.378714972892185,-0.103542020858248
2237.021,-0.472888836434564,-0.378485643485372,-0.0944031929491914
2237.503,-0.462910331385942,-0.378199052469661,-0.0847112789162806
2237.986,-0.457786830904642,-0.377854469691828,-0.0799323612128136
2238.468,-0.469999505733217,-0.377453373458498,-0.0925461322747189
2238.95,-0.435892180022602,-0.376995169836864,-0.0588970101857382
2239.432,-0.444998372844136,-0.376479927733799,-0.0685184451103372
2239.914,-0.436717183272258,-0.375907724802901,-0.0608094584693566
2240.396,-0.422449660384508,-0.375278647432586,-0.0471710129519218
2240.878,-0.41246336326153,-0.374592790732839,-0.0378705725286907
2241.36,-0.428579350987089,-0.373850258520629,-0.0547290924664601
2241.843,-0.424234491055518,-0.373049446715613,-0.051185044339905
2242.325,-0.386900043880019,-0.372193792709147,-0.0147062511708716
2242.807,-0.395259798821186,-0.371281826995524,-0.0239779718256627
2243.289,-0.374659974975295,-0.37031368806503,-0.00434628691026501
2243.771,-0.377776191441743,-0.369289523021989,-0.00848666841975454
2244.253,-0.355259657323092,-0.368209487562208,0.0129498302391159
2244.735,-0.359796371725043,-0.367073745949094,0.00727737422405095
2245.217,-0.354761773756461,-0.365882470988473,0.0111206972320116
2245.699,-0.331829512529353,-0.364635844002084,0.0328063314727309
2246.182,-0.339402328738419,-0.363331296787456,0.0239289680490369
2246.664,-0.313565376464428,-0.361974429816957,0.048409053352529
2247.146,-0.304731558285162,-0.360562806034426,0.055831247749264
2247.628,-0.314217313325337,-0.359096640551608,0.0448793272262713
2248.11,-0.284401070712843,-0.357576156844094,0.0731750861312518
2248.592,-0.282448989578786,-0.35600158671706,0.0735525971382739
2249.074,-0.304968049057443,-0.354373170269708,0.0494051212122651
2249.556,-0.259629168286303,-0.352691155858461,0.0930619875721588
2250.039,-0.253769072902603,-0.350952144469696,0.0971830715670931
2250.521,-0.258548977164217,-0.34916360220046,0.0906146250362422
2251.003,-0.254479668605978,-0.34732225676733,0.092842588161352
2251.485,-0.22564333637823,-0.345428389178917,0.119785052800687
2251.967,-0.223806769634535,-0.343482288497984,0.119675518863449
2252.449,-0.226758937531692,-0.341484251797124,0.114725314265432
2252.931,-0.20659152922973,-0.339434584113209,0.132843054883479
2253.413,-0.228394913891925,-0.337333598400599,0.108938684508674
2253.896,-0.21036453198484,-0.335177098003535,0.124812566018694
2254.378,-0.19301726817125,-0.332974341750989,0.139957073579739
2254.86,-0.179357344829391,-0.330721254057886,0.151363909228495
2255.342,-0.178360571135542,-0.328418179072602,0.150057607937059
2255.824,-0.17484061626924,-0.326065468608946,0.151224852339706
2256.306,-0.142497699413298,-0.323663482092226,0.181165782678928
2256.788,-0.145894569753796,-0.321212586504118,0.175318016750322
2257.27,-0.146659816480085,-0.318713156326397,0.172053339846312
2257.752,-0.130200598784803,-0.316165573483513,0.18596497469871
2258.235,-0.134882299936983,-0.313564793372376,0.178682493435393
2258.717,-0.115640279067563,-0.310921982595361,0.195281703527799
2259.199,-0.111756081372558,-0.308232209836698,0.19647612846414
2259.681,-0.112465816057775,-0.305495886209448,0.193030070151674
2260.163,-0.0957425123323254,-0.302713429965147,0.206970917632821
2260.645,-0.085434559408629,-0.299885266429659,0.21445070702103
2261.127,-0.088925836502419,-0.297011827937968,0.208085991435549
2261.609,-0.0654715328327313,-0.294093553767869,0.228622020935138
2262.092,-0.0829636062688195,-0.291124697637724,0.208161091368904
2262.573,-0.0711480000957394,-0.288124289812458,0.216976289716719
2263.056,-0.0456315242582761,-0.285067839852769,0.239436315594493
2263.538,-0.0399180878533727,-0.281974663479481,0.242056575626108
2264.02,-0.0294748468285277,-0.278838950552662,0.249364103724135
2264.502,-0.0183278504227786,-0.275661180569313,0.257333330146535
2264.984,-0.0146051278785002,-0.272441839475793,0.257836711597292
2265.466,-0.00323076844143344,-0.269181419593288,0.265950651151854
2265.948,-0.00806259136065179,-0.265880419542333,0.257817828181681
2266.43,0.0129736641114029,-0.262539344166345,0.275513008277748
2266.913,0.00455937949775276,-0.259151649909518,0.26371102940727
2267.395,0.0521604159322955,-0.255731882447879,0.307892298380174
2267.877,0.0350585029821211,-0.252273591841179,0.2873320948233
2268.359,0.0448411013813228,-0.248777307052985,0.293618408434308
2268.841,0.0495283418606007,-0.245243562873196,0.294771904733797
2269.323,0.0539205251472801,-0.241672899836019,0.295593424983299
2269.805,0.0584401019653029,-0.238065864137092,0.296505966102395
2270.287,0.0567369530352124,-0.23442300754972,0.291159960584932
2270.77,0.0786622355051705,-0.230737220118451,0.309399455623621
2271.252,0.0769461691896751,-0.227024327555783,0.303970496745458
2271.734,0.0928865792688107,-0.223277303224132,0.316163882492943
2272.216,0.100821106449537,-0.219496720363743,0.32031782681328
2272.698,0.101774651435388,-0.215683157360999,0.317457808796387
2273.18,0.0812765249264942,-0.211837197659703,0.293113722586197
2273.662,0.12169752761957,-0.207959429671627,0.329656957291197
2274.144,0.131357800207908,-0.204050446686268,0.335408246894176
2274.626,0.141483643381378,-0.200110846779881,0.341594490161258
2275.109,0.165639561978502,-0.196132966230894,0.361772528209395
2275.591,0.159860420353869,-0.192133885023506,0.351994305377375
2276.073,0.164633231364817,-0.188106010197717,0.352739241562534
2276.555,0.179222215687496,-0.184049958061572,0.363272173749067
2277.037,0.186559643994592,-0.179966349244049,0.366525993238641
2277.519,0.184763116955359,-0.175855808599885,0.360618925555245
2278.001,0.18172805523561,-0.171718965113751,0.35344702034936
2278.483,0.206356839497694,-0.167556451803808,0.373913291301502
2278.966,0.225324970401413,-0.163360192191763,0.388685162593176
2279.448,0.238239560587186,-0.159148203999363,0.397387764586549
2279.93,0.231812078722463,-0.154912469605813,0.386724548328276
2280.412,0.25207008545576,-0.150653637193965,0.402723722649725
2280.894,0.25767055143212,-0.146372358488702,0.404042909920822
2281.376,0.249673867293115,-0.142069288657003,0.391743155950118
2281.858,0.274601353676839,-0.137745086207469,0.412346439884308
2282.34,0.277114711217912,-0.133400412889331,0.410515124107244
2282.823,0.281508726484052,-0.129026858529274,0.410535585013326
2283.305,0.280123530227115,-0.12464320216718,0.404766732394295
2283.787,0.28256990701178,-0.120241080005675,0.402810987017455
2284.269,0.306458217458715,-0.115821165742797,0.422279383201512
2284.751,0.300711892185092,-0.111384135804987,0.412096027990078
2285.233,0.294528031804589,-0.106930669243327,0.401458701047916
2285.715,0.301374656927393,-0.102461447629421,0.403836104556815
2286.197,0.323050258160176,-0.0979771549508672,0.421027413111043
2286.679,0.310197026106103,-0.0934784775063894,0.403675503612492
2287.162,0.317374055327747,-0.0889567282709195,0.406330783598666
2287.644,0.325578560504169,-0.0844313226452457,0.410009883149415
2288.126,0.32955986418342,-0.0798936054013085,0.409453469584728
2288.608,0.321719436954599,-0.0753442710303811,0.39706370798498
2289.09,0.316652809403291,-0.0707840158051712,0.387436825208462
2289.572,0.333569242111569,-0.0662135376730911,0.39978277978466
2290.054,0.338486965657971,-0.0616335361492003,0.400120501807171
2290.536,0.347486130617508,-0.0570447122089699,0.404530842826478
2291.019,0.345393707632468,-0.0524382229995446,0.397831930632012
2291.5,0.350924737058346,-0.0478434076380821,0.398768144696428
2291.983,0.363044853780643,-0.0432227622642235,0.406267616044866
2292.465,0.357555042092773,-0.0386056721280671,0.39616071422084
2292.947,0.382498754641198,-0.0339832840565315,0.416482038697729
2293.429,0.385187431979677,-0.0293563055249609,0.414543737504638
2293.911,0.393340234658439,-0.0247254447126337,0.418065679371072
2294.393,0.387592213224149,-0.0200914103941701,0.407683623618319
2294.875,0.398764578219915,-0.0154549118308326,0.414219490050747
2295.357,0.395477650185299,-0.0108166586617805,0.40629430884708
2295.84,0.420364399966285,-0.00616773510253273,0.426532135068818
2296.322,0.41453995950501,-0.0015281026508227,0.416068062155833
2296.804,0.425204937611749,0.00311115283697849,0.422093784774771
2297.286,0.435905484811801,0.00774932129893773,0.428156163512864
2297.768,0.442836401626895,0.0123856928398335,0.430450708787062
2298.25,0.437708918575186,0.0170195578399877,0.420689360735199
2298.732,0.444618596171253,0.021650207064097,0.422968389107156
2299.214,0.451552754926105,0.026276931769988,0.425275823156117
2299.697,0.445807591929,0.0309086079133732,0.414898984015627
2300.179,0.433432076558336,0.0355253480583353,0.397906728500001
2300.661,0.445336333859029,0.0401360400386496,0.405200293820379
2301.143,0.453682654327736,0.044739978172547,0.408942676155189
2301.625,0.46284489845754,0.0493364578139482,0.413508440643592
2302.107,0.460757496737934,0.0539247754605017,0.406832721277432
2302.589,0.457513759654805,0.0585042288614981,0.399009530793307
2303.071,0.464167877690461,0.0630741171255273,0.401093760564933
2303.553,0.482783061323595,0.0676337408279849,0.41514932049561
2304.036,0.477804335995959,0.0721918272962787,0.40561250869968
2304.518,0.464283724293026,0.0767288050945731,0.387554919198452
2305,0.487877059603044,0.0812534284908473,0.406623631112196
2305.482,0.47588824239029,0.0857650050017513,0.390123237388539
2305.964,0.491608253115448,0.0902628441446536,0.401345408970794
2306.446,0.487433022235578,0.0947462575435178,0.39268676469206
2306.928,0.486336790204128,0.0992145590344582,0.387122231169669
2307.41,0.494440397470946,0.103667064770969,0.390773332699976
2307.893,0.50438920585788,0.108112279108157,0.396276926749723
2308.375,0.502636565111047,0.112531115292343,0.390105449818704
2308.857,0.499365534991185,0.116932117733398,0.382433417257786
2309.339,0.51694144593365,0.121314612904981,0.39562683302867
2309.821,0.508491658370168,0.125677930118803,0.382813728251365
2310.303,0.516162232728838,0.130021401627455,0.386140831101384
2310.785,0.500957019434136,0.134344362726837,0.366612656707299
2311.267,0.489778908906906,0.138646151858073,0.351132757048834
2311.75,0.507394139407545,0.142934967144184,0.364459172263361
2312.232,0.501053377725089,0.147192393421793,0.353860984303296
2312.714,0.503800970051682,0.151426681589914,0.352374288461768
2313.196,0.512220016793616,0.155637183687472,0.356582833106144
2313.678,0.524812228353554,0.159823255400917,0.364988972952636
2314.16,0.508599075130512,0.163984256163065,0.344614818967447
2314.642,0.520769387519866,0.168119549251294,0.352649838268572
2315.124,0.515700915913349,0.172228501885205,0.343472414028144
2315.606,0.50842159069904,0.17631048532364,0.3321111053754
2316.089,0.53057169869523,0.180373257443092,0.350198441252137
2316.571,0.511128589484201,0.184399373728037,0.326729215756165
2317.053,0.541026727808521,0.188396658516975,0.352630069291547
2317.535,0.527872154041681,0.19236450019277,0.335507653848911
2318.017,0.550149778553497,0.196302291653324,0.353847486900172
2318.499,0.521807591710139,0.200209430404673,0.321598161305466
2318.981,0.541516043874125,0.204085318653378,0.337430725220748
2319.463,0.54244302540431,0.20792936339818,0.33451366200613
2319.946,0.552746879668884,0.211748850314049,0.340998029354835
2320.427,0.521220787980376,0.215519574876959,0.305701213103416
2320.91,0.543160626889794,0.219272314787041,0.323888312102753
2321.392,0.553195441476714,0.222983083039331,0.330212358437383
2321.874,0.544617427169882,0.226659116648395,0.317958310521488
2322.356,0.561706514306163,0.230299853260248,0.331406661045915
2322.838,0.541579133218757,0.23390473593363,0.307674397285127
2323.32,0.542518304237191,0.237473213225398,0.305045091011793
2323.802,0.528796967687324,0.241004739275098,0.287792228412226
2324.284,0.541395263891353,0.244498773888668,0.296896490002685
2324.767,0.54562499696852,0.247961912868359,0.297663084100161
2325.249,0.523812681714233,0.251379286572355,0.272433395141878
2325.731,0.53780470015899,0.254757582002084,0.283047118156906
2326.213,0.523608732610278,0.258096282461052,0.265512450149225
2326.695,0.533266539371891,0.261394877324578,0.271871662047312
2327.177,0.509850570743964,0.264652862118075,0.245197708625889
2327.659,0.509208147022928,0.26786973859443,0.241338408428499
2328.141,0.498164918501548,0.271045014810385,0.227119903691163
2328.624,0.51563110594785,0.274184661515445,0.241446444432406
2329.106,0.492933110776306,0.277275198170044,0.215657912606262
2329.588,0.47887006166118,0.280322696333568,0.198547365327612
2330.07,0.4965751988805,0.283326690036558,0.213248508843942
2330.552,0.496038382708594,0.286286719980869,0.209751662727725
2331.034,0.466988133416102,0.289202333610096,0.177785799806006
2331.516,0.497906631269988,0.292073085178983,0.205833546091005
2331.998,0.470081096533519,0.294898535821766,0.175182560711753
2332.48,0.483525509466265,0.297678253619485,0.18584725584678
2332.963,0.509570479610321,0.300417436680697,0.209153042929624
2333.445,0.496729040737385,0.303104324089447,0.193624716647938
2333.927,0.51283835029076,0.305744224389395,0.207094125901365
2334.409,0.497016878515247,0.308336734115311,0.188680144399936
2334.891,0.526632275651952,0.310881457069199,0.215750818582753
2335.373,0.521317961938284,0.313378004381067,0.207939957557217
2335.855,0.520249647607958,0.315825994568553,0.204423653039405
2336.337,0.508831832890998,0.318225053595412,0.190606779295585
2336.82,0.494187334053478,0.320579638457284,0.173607695596194
2337.302,0.515334841334298,0.322879639734316,0.192455201599982
2337.784,0.507944448896797,0.32512963226558,0.182814816631217
2338.266,0.482171456956195,0.327329272377339,0.154842184578856
2338.748,0.479868705724009,0.329478224117288,0.150390481606721
2339.23,0.460566025408049,0.331576159306074,0.128989866101975
2339.712,0.480730296212446,0.333622757587615,0.147107538624831
2340.194,0.460819388337601,0.335617706478233,0.125201681859368
2340.677,0.416315294802878,0.337564678311305,0.0787506164915729
2341.159,0.428630192255174,0.339455313990633,0.0891748782645408
2341.641,0.410399481607651,0.341293409945154,0.0691060716624972
2342.123,0.397198913045901,0.343078685664558,0.0541202273813432
2342.605,0.383023446751817,0.344810868738408,0.0382125780134098
2343.087,0.400435522903585,0.346489694897895,0.0539458280056904
2343.569,0.40025949167568,0.348114908056384,0.0521445836192958
2344.051,0.392997713238884,0.349686260348673,0.0433114528902108
2344.533,0.383522707760264,0.351203512169003,0.032319195591261
2345.016,0.385803047136189,0.352669410677789,0.0331336364583998
2345.498,0.405655750162712,0.354077662547014,0.0515780876156983
2345.98,0.410114226626703,0.355431144608201,0.0546830820185024
2346.462,0.393068966680396,0.356729650665512,0.0363393160148833
2346.944,0.412688280472324,0.357972982953555,0.0547152975187688
2347.426,0.396820098147298,0.359160952167712,0.0376591459795858
2347.908,0.405658669846439,0.360293377493174,0.0453652923532641
2348.39,0.407691035707142,0.361370086632659,0.0463209490744828
2348.873,0.38151489442826,0.362392975539603,0.0191219188886572
2349.354,0.373925600444341,0.363355709909464,0.0105698905348776
2349.837,0.387801112351994,0.364266148861102,0.0235349634908916
2350.319,0.373589558264111,0.365118324548475,0.00847123371563585
2350.801,0.371096298969434,0.365914050945927,0.00518224802350664
2351.283,0.355978374583106,0.366653207388213,-0.0106748328051067
2351.765,0.361100665216568,0.367335681884966,-0.00623501666839715
2352.247,0.358086170977543,0.36796137113787,-0.00987520016032689
2352.729,0.356324761970054,0.368530180556503,-0.0122054185864486
2353.211,0.3329924782944,0.369042024272835,-0.0360495459784342
2353.694,0.340593879674891,0.369497709379912,-0.0289038297050206
2354.176,0.328761969055996,0.369895280488626,-0.04113331143263
2354.658,0.324785504047796,0.370235680635717,-0.0454501765879215
2355.14,0.306613644735759,0.370518858979214,-0.0639052142434554
2355.622,0.280090031201635,0.370744773451981,-0.0906547422503468
2356.104,0.275523823523471,0.370913390768173,-0.0953895672447018
2356.586,0.270755031775614,0.371024686428335,-0.10026965465272
2357.068,0.250669146028688,0.37107864472316,-0.120409498694472
2357.551,0.239079912842215,0.371075192101629,-0.131995279259415
2358.033,0.223897921402433,0.371014344749566,-0.147116423347133
2358.515,0.220875266153346,0.37089616569377,-0.150020899540424
2358.997,0.199035917150741,0.370720674414377,-0.171684757263635
2359.479,0.212482714446708,0.370487899180222,-0.158005184733514
2359.961,0.203350008089622,0.370197877044511,-0.166847868954889
2360.443,0.202764478124152,0.369850653839133,-0.167086175714981
2360.925,0.197834574591255,0.369446284167638,-0.171611709576383
2361.407,0.205642867528198,0.368984831396856,-0.163341963868658
2361.89,0.199059322443123,0.36846523278812,-0.169405910344997
2362.372,0.211962450525704,0.367889720900309,-0.155927270374606
2362.854,0.201497025167697,0.367257368684473,-0.165760343516776
2363.336,0.196789086391551,0.366568274468063,-0.169779188076512
2363.818,0.193827524215973,0.365822545279787,-0.171995021063814
2364.3,0.200829588655985,0.365020296833205,-0.16419070817722
2364.782,0.204364329722914,0.364161653508978,-0.159797323786064
2365.264,0.198315377424361,0.363246748335797,-0.164931370911436
2365.747,0.18515453411635,0.362273650160541,-0.17711911604419
2366.229,0.181458767204084,0.361246538906288,-0.179787771702204
2366.711,0.186761226926961,0.360163616905184,-0.173402389978223
2367.193,0.168297463277778,0.359025051578556,-0.190727588300778
2367.675,0.159269366245635,0.357831018880517,-0.198561652634882
2368.157,0.169457285815934,0.356581703270973,-0.187124417455039
2368.639,0.149493411970376,0.355277297687346,-0.20578388571697
2369.121,0.138331414686959,0.353918003514984,-0.215586588828025
2369.604,0.120381003169388,0.352501040313922,-0.232120037144534
2370.086,0.12527528103838,0.351032493999939,-0.225757212961559
2370.568,0.122474985381274,0.349509714104199,-0.227034728722926
2371.05,0.109911196161274,0.347932935499267,-0.238021739337993
2371.532,0.107783683337892,0.346302401338291,-0.238518718000398
2372.014,0.114466616866952,0.344618363017709,-0.230151746150757
2372.496,0.116204906700577,0.342881080138712,-0.226676173438135
2372.978,0.122328242787201,0.34109082046742,-0.218762577680218
2373.46,0.121045665071573,0.339247859893826,-0.218202194822252
2373.943,0.132681651705372,0.337348495784988,-0.204666844079616
2374.425,0.129704418312667,0.335400885525609,-0.205696467212942
2374.907,0.134384340929646,0.33340145097859,-0.199017110048944
2375.389,0.125779259486293,0.33135050011043,-0.205571240624136
2375.871,0.137985133908895,0.329248348787541,-0.191263214878646
2376.353,0.124150524120047,0.327095320727817,-0.20294479660777
2376.835,0.121151230038677,0.324891747450977,-0.2037405174123
2377.317,0.119415581580018,0.322637968227749,-0.203222386647731
2377.799,0.122857538655605,0.320334330027823,-0.197476791372218
2378.281,0.0983037911733255,0.317981187466656,-0.21967739629333
2378.764,0.108324938324809,0.315573867929998,-0.207248929605189
2379.246,0.100132763541865,0.31312271000468,-0.212989946462815
2379.728,0.087111703902341,0.310623157679822,-0.223511453777481
2380.21,0.0933604892993785,0.308075595613871,-0.214715106314493
2380.692,0.0856662896224343,0.305480415827474,-0.21981412620504
2381.174,0.0749804247573067,0.302838017643344,-0.227857592886037
2381.656,0.0505717045860976,0.300148807625029,-0.249577103038932
2382.138,0.0602838189872479,0.297413199514569,-0.237129380527322
2382.621,0.052759063970548,0.294625795747557,-0.241866731777009
2383.103,0.0530139792412996,0.291798567023568,-0.238784587782269
2383.585,0.036454988697411,0.288926224774077,-0.252471236076666
2384.067,0.0316319222026351,0.286009210824055,-0.25437728862142
2384.549,0.00179864961704368,0.283047973848766,-0.281249324231722
2385.031,0.0139511507970482,0.280042969304985,-0.266091818507937
2385.513,-0.0128155544045967,0.276994659361142,-0.289810213765739
2385.995,-0.00697506613881416,0.273903512826464,-0.280878578965278
2386.478,-0.00678074159496234,0.270763460324476,-0.277544201919438
2386.96,-0.0071197147599058,0.267587986857244,-0.27470770161715
2387.442,-0.0268559049324786,0.264371123367315,-0.291227028299793
2387.924,-0.0304874422782504,0.261113364511216,-0.291600806789467
2388.406,-0.00775689696644832,0.257815211216695,-0.265572108183143
2388.888,-0.0247572691699425,0.254477170605902,-0.279234439775844
2389.37,-0.0334296390652788,0.251099755917605,-0.284529394982884
2389.852,-0.0473941168326348,0.247683486428515,-0.29507760326115
2390.334,-0.0690231926558553,0.244228887373629,-0.313252080029484
2390.817,-0.0404985548494032,0.24072920530783,-0.281227760157233
2391.299,-0.0791348752519809,0.237199469511924,-0.316334344763905
2391.781,-0.0752529642842354,0.233633015926739,-0.308885980210975
2392.263,-0.112281332144612,0.230030392817684,-0.342311724962296
2392.745,-0.0911632090351802,0.226392153996672,-0.317555363031852
2393.227,-0.102773605161676,0.222718858737212,-0.325492463898888
2393.709,-0.112600570733452,0.219011071688633,-0.331611642422085
2394.191,-0.131114985963521,0.215269362789515,-0.346384348753035
2394.674,-0.134963842415125,0.211486440852557,-0.346450283267683
2395.156,-0.14009360552032,0.207678551413723,-0.347772156934043
2395.638,-0.115117048945095,0.203838482016978,-0.318955530962073
2396.12,-0.160248022917006,0.199966822886104,-0.360214845803111
2396.602,-0.162263397667228,0.196064169089096,-0.358327566756325
2397.084,-0.168384213430578,0.192131120446908,-0.360515333877486
2397.566,-0.169691750445487,0.188168281441494,-0.357860031886981
2398.048,-0.173884388954029,0.184176261123067,-0.358060650077096
2398.531,-0.173454723797636,0.180147302279433,-0.353602026077069
2399.012,-0.164960951438356,0.176107135028464,-0.341068086466821
2399.495,-0.198267176330571,0.172022785224113,-0.370289961554684
2399.977,-0.197493991216717,0.16792016349555,-0.365414154712267
2400.459,-0.206079218861667,0.163791472249048,-0.369870691110716
2400.941,-0.214480719529213,0.15963734596792,-0.374118065497133
2401.423,-0.217282493486756,0.155458423035868,-0.372740916522624
2401.905,-0.226064461005301,0.151255345639108,-0.377319806644409
2402.387,-0.220777782359473,0.1470287596679,-0.367806542027373
2402.869,-0.242741527827494,0.142779314617478,-0.385520842444973
2403.352,-0.251501201396831,0.138498778513377,-0.389999979910208
2403.834,-0.26721861385623,0.134205533687457,-0.401424147543687
2404.316,-0.258477831286388,0.129891400271372,-0.388369231557761
2404.798,-0.27536496397995,0.12555704118558,-0.400922005165529
2405.28,-0.279315702233152,0.121203122452079,-0.400518824685231
2405.762,-0.279536596345835,0.116830313092318,-0.396366909438153
2406.244,-0.297377746621422,0.112439285024566,-0.409817031645987
2406.726,-0.295846703366937,0.108030712960895,-0.403877416327833
2407.208,-0.321365966892994,0.103605274303712,-0.424971241196706
2407.691,-0.318105032468619,0.0991544176988083,-0.417259450167427
2408.173,-0.321165538422196,0.0946972568481952,-0.415862795270391
2408.655,-0.35007952211032,0.0902252781357803,-0.440304800246101
2409.137,-0.326805503857944,0.0857391686872435,-0.412544672545188
2409.619,-0.341813663993602,0.0812396177951712,-0.423053281788773
2410.101,-0.363433092849391,0.0767273168133658,-0.440160409662757
2410.583,-0.342445780761,0.0722029590508482,-0.414648739811849
2411.065,-0.373357058067675,0.0676672396654835,-0.441024297733159
2411.548,-0.380742133444173,0.0631114126236503,-0.443853546067823
2412.03,-0.399329178498871,0.0585550423789888,-0.457884220877859
2412.512,-0.406137623988531,0.0539894074650381,-0.460127031453569
2412.994,-0.393155520266674,0.0494152093694334,-0.442570729636108
2413.476,-0.414082527690393,0.0448331508929762,-0.458915678583369
2413.958,-0.391257846620331,0.040243936041824,-0.431501782662155
2414.44,-0.406386017420679,0.0356482699195538,-0.442034287340233
2414.922,-0.418760830459192,0.0310468586190308,-0.449807689078223
2415.405,-0.418923977862452,0.0264308474186019,-0.445354825281054
2415.887,-0.435380884426653,0.0218200592076242,-0.457200943634277
2416.369,-0.452567874354362,0.0172056504196225,-0.469773524773984
2416.851,-0.440619558027528,0.0125883300216188,-0.453207888049147
2417.333,-0.453688975831643,0.00796880742710824,-0.461657783258751
2417.815,-0.462059278155738,0.00334779238728785,-0.465407070543026
2418.297,-0.470708965392379,-0.00127400511776616,-0.469434960274613
2418.779,-0.465205367937664,-0.00589587498800423,-0.459309492949659
2419.261,-0.489486846191227,-0.0105171071122691,-0.478969739078958
2419.744,-0.480567873723295,-0.0151465744061127,-0.465421299317183
2420.226,-0.46523080254568,-0.0197643961986128,-0.445466406347067
2420.708,-0.497823848297262,-0.0243794494623799,-0.473444398834882
2421.19,-0.495502991391778,-0.0289910251315842,-0.466511966260193
2421.672,-0.48760227224648,-0.0335984146736562,-0.454003857572824
2422.154,-0.495751351282156,-0.0382009101979755,-0.45755044108418
2422.636,-0.532153678923084,-0.0427978045644032,-0.489355874358681
2423.118,-0.529416005597071,-0.0473883914917258,-0.482027614105345
2423.601,-0.523693778436638,-0.0519814673774823,-0.471712311059155
2424.083,-0.545652212420467,-0.0565573078184314,-0.489094904602036
2424.565,-0.533816826742704,-0.0611247267551778,-0.472692099987527
2425.047,-0.548294771845171,-0.0656830224265049,-0.482611749418666
2425.529,-0.555510508173192,-0.0702314944702131,-0.485279013702979
2426.011,-0.543820606175586,-0.074769444030555,-0.469051162145031
2426.493,-0.536223106304654,-0.0792961738653622,-0.456926932439291
2426.975,-0.562727619016197,-0.0838109884530017,-0.478916630563196
2427.458,-0.549535095062875,-0.088322521187443,-0.461212573875432
2427.939,-0.559557294027336,-0.0928020990424859,-0.46675519498485
2428.422,-0.567603453457913,-0.0972862825968053,-0.470317170861108
2428.904,-0.574760149082792,-0.101746487951316,-0.473013661131476
2429.386,-0.571507989622361,-0.106191328561676,-0.465316661060685
2429.868,-0.563780485553306,-0.11062012146379,-0.453160364089516
2430.35,-0.576904707355776,-0.115032186154421,-0.461872521201355
2430.832,-0.56150235551339,-0.119426844695583,-0.442075510817808
2431.314,-0.575005120513229,-0.123803421818482,-0.451201698694747
2431.796,-0.589119602845834,-0.128161245027057,-0.460958357818777
2432.279,-0.601072872877037,-0.132508624876647,-0.46856424800039
2432.761,-0.594683379324486,-0.136826892002881,-0.457856487321605
2433.243,-0.611321794598112,-0.141124404018741,-0.470197390579371
2433.725,-0.598483439202269,-0.145400500552637,-0.453082938649632
2434.207,-0.609500723644782,-0.149654524516986,-0.459846199127797
2434.689,-0.596381668436891,-0.153885822208998,-0.442495846227893
2435.171,-0.612782284093292,-0.158093743410893,-0.454688540682399
2435.653,-0.614829531132113,-0.162277641489634,-0.452551889642479
2436.135,-0.622823410074922,-0.166436873496075,-0.456386536578846
2436.618,-0.600551903027096,-0.170579350129013,-0.429972552898083
2437.1,-0.630408115329768,-0.174687281895226,-0.455720833434542
2437.582,-0.642533661122798,-0.178768640522521,-0.463765020600277
2438.064,-0.637623620941451,-0.182822798785949,-0.454800822155502
2438.546,-0.651303385324422,-0.186849133631681,-0.464454251692741
2439.028,-0.630328074813818,-0.190847026272533,-0.439481048541284
2439.51,-0.613615029955163,-0.194815862282891,-0.418799167672272
2439.992,-0.626183741297378,-0.198755031692889,-0.427428709604489
2440.475,-0.624854334788342,-0.202672006942361,-0.422182327845981
2440.957,-0.646754188175258,-0.206549966859465,-0.440204221315793
2441.439,-0.640494439431418,-0.210396456701526,-0.430097982729892
2441.921,-0.641787659119355,-0.214210885260189,-0.427576773859167
2442.403,-0.659971097805006,-0.217992666243657,-0.441978431561348
2442.885,-0.66272941605769,-0.221741218366542,-0.440988197691148
2443.367,-0.66373345445011,-0.22545596543903,-0.43827748901108
2443.849,-0.646407873558353,-0.229136336455252,-0.417271537103101
2444.332,-0.658691353246624,-0.232789292100431,-0.425902061146193
2444.814,-0.663071563520351,-0.236399144924502,-0.426672418595849
2445.296,-0.664772026259655,-0.239972939504217,-0.424799086755438
2445.778,-0.682023462054126,-0.243510126448453,-0.438513335605672
2446.26,-0.650629591496724,-0.247010161979789,-0.403619429516935
2446.742,-0.658935165183763,-0.250472508017878,-0.408462657165886
2447.224,-0.683124023714928,-0.253896632261987,-0.429227391452941
2447.706,-0.651147127693257,-0.257282008272599,-0.393865119420658
2448.188,-0.679096267725139,-0.260628115552162,-0.418468152172977
2448.671,-0.6866164256739,-0.263941257510165,-0.422675168163735
2449.153,-0.683204987648725,-0.267207205884274,-0.415997781764452
2449.635,-0.684721227517628,-0.270432359444522,-0.414288868073106
2450.117,-0.681802125900372,-0.273616222263105,-0.408185903637267
2450.599,-0.665655423420066,-0.276758304744077,-0.388897118675989
2451.081,-0.699429550703147,-0.2798581236984,-0.419571427004747
2451.563,-0.672840618379375,-0.282915202418064,-0.389925415961311
2452.045,-0.689136917081839,-0.285929070749181,-0.403207846332659
2452.528,-0.699645012759007,-0.288905381676176,-0.41073963108283
2453.01,-0.659348723440225,-0.291831353316706,-0.367517370123519
2453.492,-0.685593907068178,-0.294712743220946,-0.390881163847232
2453.974,-0.68766758428923,-0.297549108176502,-0.390118476112728
2454.456,-0.687181325753038,-0.300340011875442,-0.386841313877596
2454.938,-0.691131412112568,-0.303085024981226,-0.388046387131342
2455.42,-0.698477554024077,-0.305783725194537,-0.39269382882954
2455.902,-0.680513232147128,-0.308435697318026,-0.372077534829101
2456.385,-0.688292136600307,-0.311045888266937,-0.37724624833337
2456.867,-0.665065627162903,-0.31360308830802,-0.351462538854883
2457.349,-0.68179285593683,-0.316112357101526,-0.365680498835304
2457.831,-0.679184073594801,-0.318573308499006,-0.360610765095795
2458.313,-0.675522200812793,-0.320985563761371,-0.354536637051422
2458.795,-0.68570295827007,-0.323348751616979,-0.362354206653091
2459.277,-0.67247113664915,-0.325662508318569,-0.346808628330582
2459.759,-0.652740236635825,-0.327926477699028,-0.324813758936797
2460.241,-0.668844768919147,-0.330140311226028,-0.338704457693119
2460.724,-0.669163755915523,-0.332308103644862,-0.336855652270661
2461.206,-0.649740372909736,-0.334420544917719,-0.315319827992017
2461.688,-0.664710104288726,-0.336481850410554,-0.328228253878172
2462.17,-0.644954860754567,-0.338491702669097,-0.30646315808547
2462.652,-0.646608723012559,-0.340449792129309,-0.306158930883249
2463.134,-0.653559521771253,-0.342355817164873,-0.311203704606381
2463.616,-0.648584417742427,-0.344209484133429,-0.304374933608998
2464.098,-0.652727511641082,-0.346010507421614,-0.306717004219468
2464.581,-0.647283380245909,-0.347762181056887,-0.299521199189022
2465.062,-0.662018316097036,-0.349453520909929,-0.312564795187108
2465.545,-0.661217890260872,-0.351098330193872,-0.310119560067
2466.027,-0.656607281136299,-0.352685973035198,-0.303921308101101
2466.509,-0.632712553564101,-0.354219665554337,-0.278492888009764
2466.991,-0.660946078278592,-0.355699171205299,-0.305246907073293
2467.473,-0.648486236017284,-0.357124261751526,-0.291361974265758
2467.955,-0.644319167520894,-0.358494717300902,-0.285824450219993
2468.438,-0.661088994026173,-0.359812998663683,-0.30127599536249
2468.919,-0.652241564801709,-0.361070885763841,-0.291170679037869
2469.402,-0.668459578693646,-0.362278644009363,-0.306180934684283
2469.884,-0.659793540792528,-0.363428413503431,-0.296365127289097
2470.366,-0.627805630409309,-0.364522574481925,-0.263283055927384
2470.848,-0.632086078303832,-0.365560957800043,-0.266525120503789
2471.33,-0.644363355239079,-0.366543402866365,-0.277819952372715
2471.812,-0.622533551981221,-0.367469757667475,-0.255063794313745
2472.294,-0.62199914929958,-0.368339878791279,-0.253659270508301
2472.776,-0.627710597966637,-0.369153631448991,-0.258556966517646
2473.259,-0.612945909932616,-0.369912401761635,-0.243033508170982
2473.741,-0.610647761704492,-0.370612930147489,-0.240034831557003
2474.223,-0.607322617163042,-0.371256737424126,-0.236065879738917
2474.705,-0.565733687093342,-0.371843723507487,-0.193889963585855
2475.187,-0.591009792283593,-0.372373797026919,-0.218635995256674
2475.669,-0.564903333525148,-0.372846875339184,-0.192056458185965
2476.151,-0.554334091612471,-0.373262884541129,-0.181071207071342
2476.633,-0.560958097343164,-0.373621759481029,-0.187336337862135
2477.115,-0.573578001517934,-0.373923443768568,-0.199654557749366
2477.598,-0.544211048866675,-0.374168337405446,-0.170042711461229
2478.08,-0.543969230436439,-0.374355387438383,-0.169613842998055
2478.562,-0.545691402872784,-0.374485130243006,-0.171206272629777
2479.044,-0.514040826988854,-0.374557544565905,-0.139483282422948
2479.526,-0.520675893600909,-0.374572617944866,-0.146103275656043
2480.008,-0.529780683528283,-0.374530346710783,-0.155250336817501
2480.49,-0.514161827593419,-0.374430735988216,-0.139731091605203
2480.972,-0.524307166621831,-0.374273799694613,-0.150033366927218
2481.455,-0.523470470149675,-0.374059056512791,-0.149411413636884
2481.937,-0.520687089699393,-0.373787427207538,-0.146899662491855
2482.419,-0.529339396709133,-0.373458566905496,-0.155880829803637
2482.901,-0.519033842016714,-0.373072524679028,-0.145961317337687
2483.383,-0.515319796463011,-0.372629358369215,-0.142690438093796
2483.865,-0.510531990891959,-0.372129134576994,-0.138402856314965
2484.347,-0.50616505615055,-0.371571928652937,-0.134593127497613
2484.829,-0.522261103088823,-0.370957824685703,-0.15130327840312
2485.312,-0.499732106159612,-0.370285464581426,-0.129446641578186
2485.794,-0.493115557139486,-0.369557734149361,-0.123557822990125
2486.276,-0.469560502369184,-0.368773410470656,-0.100787091898528
2486.758,-0.484567702710901,-0.367932612461977,-0.116635090248924
2487.24,-0.450806659029862,-0.367035467700196,-0.0837711913296662
2487.722,-0.4593140421943,-0.366082112402837,-0.0932319297914631
2488.204,-0.475184553075472,-0.365072691407193,-0.110111861668279
2488.686,-0.464303622547654,-0.364007358148097,-0.100296264399556
2489.168,-0.449512491488118,-0.362886274634413,-0.0866262168537049
2489.651,-0.429987747517444,-0.36170711256205,-0.0682806349553937
2490.133,-0.42669360617457,-0.360474933989334,-0.0662186721852361
2490.615,-0.42047275695165,-0.359187542775725,-0.0612852141759254
2491.097,-0.426894710737955,-0.357845134982175,-0.0690495757557792
2491.579,-0.416365258425728,-0.356447915106311,-0.0599173433194168
2492.061,-0.413549040910208,-0.354996096051072,-0.0585529448591362
2492.543,-0.415360389089599,-0.353489899092056,-0.0618704899975431
2493.025,-0.388406103865073,-0.351929553843599,-0.0364765500214739
2493.508,-0.3979688880192,-0.350311893275212,-0.0476569947439876
2493.99,-0.385509566853393,-0.348643862393599,-0.0368657044597945
2494.472,-0.384416595006865,-0.34692242227581,-0.0374941727310553
2494.954,-0.382215883392625,-0.345147835543246,-0.0370680478493788
2495.436,-0.374170912926637,-0.343320372967215,-0.0308505399594218
2495.918,-0.392041824527801,-0.341440313427419,-0.0506015111003826
2496.4,-0.365785769117966,-0.339507943869187,-0.0262778252487797
2496.882,-0.362001317621885,-0.33752355925948,-0.0244777583624055
2497.365,-0.347039508104533,-0.335483184734329,-0.0115563233702046
2497.846,-0.363740970084745,-0.333399964588973,-0.0303410054957722
2498.329,-0.346840779379978,-0.331256894393294,-0.0155838849866833
2498.811,-0.350038151015493,-0.329067453113206,-0.0209706979022871
2499.293,-0.329167531234393,-0.326827591016778,-0.00233994021761524
2499.775,-0.34127720097894,-0.324537650224273,-0.0167395507546673
2500.257,-0.322914411194297,-0.322197980535406,-0.000716430658890821
2500.739,-0.342745712828524,-0.319808939375707,-0.0229367734528171
2501.221,-0.299066856832564,-0.317370891741708,0.0183040349091438
2501.703,-0.290952924160248,-0.314884210144985,0.0239312859847368
2502.186,-0.296420474654504,-0.312343965460137,0.0159234908056329
2502.668,-0.292434549688611,-0.309761064345468,0.0173265146568573
2503.15,-0.276613340927092,-0.307130692142528,0.0305173512154358
2503.632,-0.279788969335261,-0.304453250855441,0.0246642815201804
2504.114,-0.250600865881303,-0.301729149706254,0.0511282838249506
2504.596,-0.267392281536235,-0.298958805072215,0.0315665235359796
2505.078,-0.249547017273944,-0.296142640421908,0.0465956231479641
2505.56,-0.254106104071138,-0.293281086250308,0.0391749821791699
2506.042,-0.258036752907387,-0.290374580012771,0.0323378271053843
2506.525,-0.250508497395355,-0.287417397668568,0.0369089002732131
2507.007,-0.220277181464049,-0.284422236240386,0.0641450547763371
2507.489,-0.212382180529499,-0.281383477155581,0.0690012966260818
2507.971,-0.205267375582558,-0.278301585043491,0.0730342094609333
2508.453,-0.225417527616909,-0.275177031147824,0.0497595035309157
2508.935,-0.198826707629035,-0.272010293254351,0.0731835856253166
2509.417,-0.199709636618223,-0.268801855617692,0.0690922189994689
2509.899,-0.177349745586554,-0.265552208887012,0.0882024633004577
2510.382,-0.176642833858185,-0.262254981588055,0.0856121477298698
2510.864,-0.171721934023175,-0.258924330924337,0.0872023969011624
2511.346,-0.160828677192391,-0.255553981787416,0.0947253045950247
2511.828,-0.159624164379068,-0.252144449655241,0.0925202852761736
2512.31,-0.153660816599199,-0.248696256014381,0.0950354394151817
2512.792,-0.145617794871548,-0.245209928280048,0.0995921334085001
2513.274,-0.154021330217642,-0.241685999715257,0.0876646694976154
2513.756,-0.120213023661758,-0.238125009349009,0.11791198568725
2514.239,-0.124812440373248,-0.234520000606661,0.109707560233414
2514.721,-0.108242941335167,-0.230886452330397,0.12264351099523
2515.203,-0.103859513486579,-0.227217494263641,0.123357980777061
2515.685,-0.110785487862742,-0.223513687675348,0.112728199812606
2516.167,-0.0917876855016466,-0.219775599178423,0.127987913676777
2516.649,-0.108732657443998,-0.216003800642822,0.107271143198824
2517.131,-0.098517934733227,-0.212198869107876,0.113680934374649
2517.613,-0.0835763284154716,-0.208361386693758,0.124785058278286
2518.095,-0.0431558395395939,-0.204491940512278,0.161336100972684
2518.578,-0.0474718275146948,-0.200582997395902,0.153111169881207
2519.06,-0.0452925449373289,-0.196651341305871,0.151358796368542
2519.542,-0.0470827929667799,-0.192689513082284,0.145606720115504
2520.024,-0.0277178326626739,-0.188698118905087,0.160980286242413
2520.506,-0.0313775550873281,-0.184677769488115,0.153300214400787
2520.988,-0.0218604813057404,-0.180629079985409,0.158768598679669
2521.47,-0.0321185423855681,-0.1765526698969,0.144434127511332
2521.952,-0.00278515939713841,-0.172449162973425,0.169664003576286
2522.435,0.0139857721114254,-0.168310591629763,0.182296363741189
2522.917,0.00553629173960957,-0.164154725869525,0.169691017609135
2523.399,0.00627055220689243,-0.159973660395855,0.166244212602747
2523.881,0.00771389243233145,-0.155768035008259,0.163481927440591
2524.363,0.031608091332366,-0.151538493272441,0.183146584604807
2524.845,0.021576837820767,-0.147285682421621,0.168862520242388
2525.327,0.0225845508087197,-0.1430102532573,0.16559480406602
2525.809,0.0377898592047572,-0.138712860049431,0.176502719254188
2526.292,0.0390438711790324,-0.134385178788408,0.173429049967441
2526.773,0.0497824578421913,-0.130054815322756,0.179837273164947
2527.256,0.0532028685631154,-0.125686424226382,0.178889292789498
2527.738,0.0578618193269129,-0.121307744015412,0.179169563342325
2528.22,0.0518053000000975,-0.116910421001642,0.168715721001739
2528.702,0.0741657894755967,-0.112495128147195,0.186660917622792
2529.184,0.0936788066437586,-0.10806254116981,0.201741347813569
2529.666,0.0824558803923416,-0.103613338439261,0.186069218831603
2530.148,0.0871823696065555,-0.0991482008732955,0.186330570479851
2530.63,0.121616693169024,-0.0946678118332326,0.216284505002257
2531.113,0.107158036191926,-0.0901635167225817,0.197321552914508
2531.595,0.122081266772273,-0.0856546559926819,0.207735922764955
2532.077,0.129800478331092,-0.0811326089181898,0.210933087249281
2532.559,0.128700279740816,-0.0765980675873978,0.205298347328214
2533.041,0.138259639871315,-0.0720517260045286,0.210311365875843
2533.523,0.153592747589951,-0.0674942799833787,0.221087027573329
2534.005,0.149718931761544,-0.0629264270405489,0.212645358802093
2534.487,0.168784431248401,-0.0583488662885553,0.227133297536956
2534.969,0.153077964910313,-0.0537622983285639,0.206840263238877
2535.452,0.174078712908837,-0.0491578840654536,0.223236596974291
2535.934,0.183004513152678,-0.0445553938704129,0.227559907023091
2536.416,0.167659664133527,-0.0399460075901085,0.207605671723636
2536.898,0.171426834701176,-0.0353304307060806,0.206757265407257
2537.38,0.17112136370292,-0.0307093696492008,0.20183073335212
2537.862,0.161614599983583,-0.0260835316913052,0.187698131674888
2538.344,0.197211482385502,-0.0214536248367837,0.218665107222285
2538.826,0.186219589748553,-0.0168203577139506,0.203039947462504
2539.309,0.191418395450601,-0.0121748191151029,0.203593214565704
2539.791,0.203928820888962,-0.007536956002704,0.211465776891666
2540.273,0.224134307790905,-0.00289786263662521,0.22703217042753
2540.755,0.227101064986488,0.00174175094607201,0.225359314040416
2541.237,0.221508711303322,0.00638117462854151,0.215127536674781
2541.719,0.228405585566591,0.0110196983230792,0.217385887243512
2542.201,0.246497406599048,0.0156566120799655,0.230840794519082
2542.683,0.242721833221029,0.0202912061963984,0.222430627024631
2543.166,0.252914131872128,0.0249323767410622,0.227981755131066
2543.648,0.271985007748199,0.0295601955082911,0.242424812239908
2544.13,0.261189215657843,0.034183566627053,0.22700564903079
2544.612,0.271418564411768,0.0388017824712423,0.232616781940525
2545.094,0.297425582818274,0.0434141362053246,0.254011446612949
2545.576,0.281167169683282,0.0480199218927072,0.233147247790575
2546.058,0.285499663810331,0.0526184346039768,0.232881229206354
2546.54,0.290150544000586,0.0572089705250361,0.232941573475549
2547.022,0.304454689052839,0.0617908270649846,0.242663861987855
2547.505,0.310762599912785,0.066372779191561,0.244389820721224
2547.987,0.314628812677324,0.0709351529878214,0.243693659689502
2548.469,0.317096266683592,0.0754867465990133,0.241609520084579
2548.951,0.338446960720962,0.080026863405974,0.258420097314988
2549.433,0.330435393576469,0.0845548085494681,0.245880585027001
2549.915,0.312798324034819,0.089069889036773,0.223728434998046
2550.397,0.322006330878391,0.0935714138479331,0.228434917030458
2550.879,0.334977612887243,0.0980586940417099,0.236918918845534
2551.362,0.331755103731865,0.102540305596911,0.229214798134954
2551.844,0.324940913983319,0.106997005467213,0.217943908516106
2552.326,0.333646235723808,0.111437406011109,0.222208829712699
2552.808,0.345356037724169,0.115860827660642,0.229495210063527
2553.29,0.336084288752932,0.120266593451531,0.215817695301401
2553.772,0.34299012757636,0.124654029126982,0.218336098449379
2554.254,0.329845212958428,0.129022463241088,0.200822749717341
2554.736,0.351796953660845,0.133371227261774,0.21842572639907
2555.219,0.346525065916463,0.137708614216418,0.208816451700045
2555.7,0.378784966062202,0.14200708607853,0.236777879983672
2556.183,0.364769985865305,0.146301727977606,0.218468257887699
2556.665,0.35982641697635,0.150565141187222,0.209261275789128
2557.147,0.365640337179805,0.154805587572455,0.21083474960735
2557.629,0.391308545223868,0.159022418227876,0.232286126995993
2558.111,0.378728219854494,0.163214987869465,0.215513231985029
2558.593,0.395893569815442,0.167382654933591,0.228510914881851
2559.075,0.409816043848235,0.171524781675377,0.238291262172857
2559.557,0.396353240692182,0.175640734266484,0.220712506425698
2560.04,0.401919592050202,0.179738338305764,0.222181253744438
2560.522,0.384891012260152,0.183799999706567,0.201091012553585
2561.004,0.416404491483384,0.187833608654906,0.228570882828477
2561.486,0.420131608450422,0.19183854796342,0.228293060487002
2561.968,0.430831761889625,0.195814204841169,0.235017557048456
2562.45,0.426951620527166,0.199759970987612,0.227191649539554
2562.932,0.426138883087066,0.203675242685874,0.222463640401192
2563.414,0.43254889829117,0.207559420895353,0.224989477395817
2563.896,0.438764064859178,0.211411911343546,0.227352153515633
2564.379,0.442392968193328,0.215240016412567,0.227152951780761
2564.861,0.456407215150339,0.219027299266352,0.237379915883987
2565.343,0.44176493961481,0.222781139860825,0.218983799753985
2565.825,0.448395510297882,0.226500963910479,0.221894546387403
2566.307,0.446074305908564,0.230186202346158,0.215888103562405
2566.789,0.440544535153755,0.233836291402356,0.206708243751399
2567.271,0.446560016738246,0.237450672703612,0.209109344034634
2567.753,0.448892499364721,0.241028793350213,0.207863706014508
2568.236,0.451992750432005,0.244577414486036,0.207415335945969
2568.718,0.447307412731298,0.248081299401884,0.199226113329415
2569.2,0.468765132165363,0.251547297555736,0.217217834609627
2569.682,0.454683917428518,0.25497487880206,0.199709038626458
2570.164,0.474058767213027,0.258363518886519,0.215695248326508
2570.646,0.460374040209075,0.261712699526284,0.198661340682791
2571.128,0.458337105104793,0.265021908489549,0.193315196615244
2571.61,0.472954350586253,0.2682906396741,0.204663710912153
2572.093,0.461209955876253,0.271525046829235,0.189684909047018
2572.575,0.464622360046668,0.274711242506282,0.189911117540386
2573.057,0.460098560846063,0.277855478642414,0.182243082203649
2573.539,0.457618626952371,0.280957274433609,0.176661352518762
2574.021,0.471700067041493,0.284016155583989,0.187683911457504
2574.503,0.471032529787312,0.287031654378538,0.184000875408774
2574.985,0.475950023861721,0.290003309754832,0.185946714106889
2575.467,0.480244867934591,0.292930667373728,0.187314200560863
2575.949,0.448951710673814,0.295813279689055,0.153138430984759
2576.432,0.472181424394691,0.298656545520057,0.173524878874634
2576.914,0.470629781904911,0.301448257010868,0.169181524894043
2577.396,0.47659392407046,0.304193921120316,0.172400002950144
2577.878,0.460443139551298,0.306893118164533,0.153550021386766
2578.36,0.47485186700543,0.309545435585263,0.165306431420168
2578.842,0.483543435088908,0.312150468013138,0.17139296707577
2579.324,0.474986372455831,0.314707817329841,0.16027855512599
2579.806,0.480238997758352,0.31721709272915,0.163021905029202
2580.289,0.46099079476172,0.319682965575131,0.141307829186589
2580.771,0.485224383304413,0.322094848568231,0.163129534736182
2581.253,0.480988185724772,0.324457528934775,0.156530656789997
2581.735,0.491236030667245,0.326770645720603,0.164465384946642
2582.217,0.491656936774369,0.329033845572008,0.162623091202361
2582.699,0.49104713268677,0.33124678278994,0.15980034989683
2583.181,0.474695987043194,0.33340911938302,0.141286867660174
2583.663,0.489978948480481,0.335520525119349,0.154458423361132
2584.146,0.47612273203454,0.337584898255204,0.138537833779336
2584.627,0.473132537135619,0.339589262194302,0.133543274941318
2585.11,0.481728170811156,0.341549977748994,0.140178193062162
2585.592,0.475764628294741,0.343454406128389,0.132310222166352
2586.074,0.496446606012444,0.34530637001955,0.151140235992895
2586.556,0.484076432589912,0.347105586785554,0.136970845804358
2587.038,0.495491696650937,0.34885178187813,0.146639914772807
2587.52,0.459820836817475,0.350544688879764,0.109276147937711
2588.002,0.494002031709659,0.352184049544551,0.141817982165108
2588.484,0.487858909945793,0.353769613837802,0.134089296107991
2588.967,0.464234410394226,0.355304261078596,0.108930149315631
2589.449,0.468383512534952,0.356781402726243,0.11160210980871
2589.931,0.470795893860789,0.358204047084146,0.112591846776643
2590.413,0.471465192982798,0.359571977350582,0.111893215632215
2590.895,0.462180098510267,0.360884985114109,0.101295113396158
2591.377,0.4494798490507,0.362142870385528,0.0873369786651718
2591.859,0.452315283209803,0.363345441628561,0.0889698415812416
2592.341,0.461606009591545,0.364492515789202,0.0971134938023427
2592.823,0.450485746798105,0.365583918323808,0.0849018284742971
2593.306,0.453574495902007,0.366621573547021,0.0869529223549859
2593.788,0.446414481900735,0.367601027042488,0.0788134548582476
2594.27,0.452718174517422,0.36852433630433,0.084193838213092
2594.752,0.464658522347264,0.369391361102751,0.0952671612445132
2595.234,0.445363613983734,0.370201969839056,0.0751616441446778
2595.716,0.466446728018568,0.370956039565828,0.0954906884527398
2596.198,0.438090973041803,0.371653456005778,0.0664375170360242
2596.68,0.428927917641758,0.372294113569281,0.0566338040724766
2597.163,0.470518843542049,0.372879067413567,0.0976397761284818
2597.645,0.441497194373188,0.373405807059005,0.0680913873141832
2598.127,0.416199870532875,0.373875523184569,0.0423243473483063
2598.609,0.430268990602663,0.374288145117967,0.055980845484696
2599.091,0.435359443162429,0.374643610942178,0.0607158322202513
2599.573,0.429007716790373,0.374941867504942,0.0540658492854316
2600.055,0.426735100063034,0.375182870426912,0.0515522296361222
2600.537,0.420423831555311,0.375366584108462,0.045057247446849
2601.02,0.421721253454248,0.375493184377016,0.0462280690772317
2601.502,0.429469418399776,0.375562128960658,0.0539072894391181
2601.984,0.424228167276755,0.375573730221153,0.0486544370556019
2602.466,0.41155420865352,0.375527987737112,0.036026220916408
2602.948,0.395930631096782,0.37542490988068,0.0205057212161021
2603.43,0.413780663171643,0.375264513816256,0.0385161493553869
2603.912,0.398731123441603,0.37504682549786,0.0236842979437435
2604.394,0.411332480468559,0.37477187966515,0.0365606008034087
2604.876,0.399076872812806,0.374439719838101,0.0246371529747054
2605.359,0.40000171420591,0.37404953121076,0.02595218299515
2605.841,0.400484094128426,0.373602990644971,0.0268811034834551
2606.323,0.37535929503666,0.373099419407117,0.002259875629543
2606.805,0.407540945484616,0.372538896076366,0.0350020494082504
2607.287,0.381034834024721,0.371921507965372,0.00911332605934884
2607.769,0.391118099207873,0.37124735110687,0.0198707481010029
2608.251,0.380189059583419,0.370516530238962,0.00967252934445678
2608.733,0.370655453699158,0.369729158789048,0.000926294910109926
2609.216,0.364979485345533,0.368883549666162,-0.00390406432062956
2609.698,0.346532233824,0.367983335344977,-0.0214511015209767
2610.18,0.369644541673914,0.367026962977344,0.00261757869656959
2610.662,0.361560047436996,0.366014580578487,-0.0044545331414913
2611.144,0.343878729653465,0.364946344752646,-0.021067615099181
2611.626,0.356882316862059,0.363822420669052,-0.00694010380699323
2612.108,0.332976967600008,0.36264298203662,-0.0296660144366127
2612.59,0.330216180403074,0.361408211077289,-0.0311920306742152
2613.073,0.339227508927586,0.360115565148091,-0.0208880562205051
2613.554,0.332119576340226,0.358773443461897,-0.026653867121671
2614.037,0.327737124098956,0.357370893095073,-0.0296337689961172
2614.519,0.306876241705332,0.355916671423503,-0.0490404297181713
2615.001,0.320815674030584,0.354408155680883,-0.0335924816502995
2615.483,0.299884949601726,0.352845578552401,-0.0529606289506752
2615.965,0.293870886944347,0.351229181013439,-0.057358294069092
2616.447,0.3131015745826,0.349559212292619,-0.0364576377100197
2616.929,0.288421801039227,0.347835929833586,-0.0594141287943586
2617.411,0.290128414835554,0.346059599255527,-0.0559311844199735
2617.894,0.294765611685879,0.344226644824264,-0.0494610331383853
2618.376,0.3026221469101,0.342344938755916,-0.0397227918458161
2618.858,0.28932307502653,0.340411030675601,-0.051087955649071
2619.34,0.277721914550931,0.33842521850148,-0.0607033039505496
2619.822,0.26353727399767,0.336387808111091,-0.0728505341134212
2620.304,0.303101711879766,0.334299113294441,-0.0311974014146758
2620.786,0.284086146708859,0.332159455705904,-0.0480733089970456
2621.268,0.264075636995244,0.329969164814871,-0.0658935278196267
2621.75,0.267263621247867,0.327728577855231,-0.0604649566073637
2622.233,0.259519165771113,0.325433235939254,-0.0659140701681405
2622.715,0.264553374640006,0.323092996812708,-0.0585396221727029
2623.197,0.254211912990861,0.320703520138432,-0.0664916071475702
2623.679,0.254113789327302,0.318265173695025,-0.064151384367723
2624.161,0.242881962151642,0.315778332755155,-0.0728963706035126
2624.643,0.232344839964902,0.313243380028012,-0.0808985400631092
2625.125,0.227686931266785,0.310660705600619,-0.0829737743338346
2625.607,0.205090844555716,0.308030706878026,-0.10293986232231
2626.09,0.218873975339385,0.305348186261512,-0.086474210922127
2626.572,0.208596239229959,0.302624664073823,-0.0940284248438642
2627.054,0.178897120592055,0.29985505397584,-0.120957933383785
2627.536,0.181475187919013,0.297039782038785,-0.115564594119772
2628.018,0.179660399702907,0.294179281336009,-0.114518881633102
2628.5,0.182861194434569,0.291273991876608,-0.108412797442039
2628.982,0.170292190603586,0.288324360537924,-0.118032169934338
2629.464,0.158701846698325,0.285330840997032,-0.126628994298707
2629.947,0.161322037230324,0.28228754812037,-0.120965510890046
2630.429,0.152074369748998,0.279207551416272,-0.127133181667273
2630.911,0.134391657647999,0.276085068628194,-0.141693410980195
2631.393,0.142217219410828,0.272920579939599,-0.130703360528771
2631.875,0.140441513519782,0.269714571975455,-0.129273058455672
2632.357,0.110390218455969,0.266467537727633,-0.156077319271664
2632.839,0.121794412699327,0.263179976479278,-0.141385563779951
2633.321,0.123688784728611,0.259852393728275,-0.136163608999665
2633.803,0.107446283021403,0.256485301109713,-0.14903901808831
2634.286,0.105754261978284,0.25307210958148,-0.147317847603197
2634.768,0.100779789310156,0.249627477026954,-0.148847687716798
2635.25,0.100811248328203,0.246144906648941,-0.145333658320738
2635.732,0.114607107505414,0.242624933849534,-0.12801782634412
2636.214,0.107088995313649,0.239068099766407,-0.131979104452758
2636.696,0.0791128302236359,0.235474951189829,-0.156362120966193
2637.178,0.0842466807049966,0.231846040478826,-0.147599359773829
2637.66,0.0850248652262273,0.228181925476452,-0.143157060250225
2638.143,0.080292166763666,0.224475460040793,-0.144183293277127
2638.625,0.0600942758242873,0.220742561397322,-0.160648285573035
2639.107,0.0721931543205372,0.216976165232168,-0.144783010911631
2639.589,0.0584500607165523,0.213176850471461,-0.154726789754909
2640.071,0.0496723234754057,0.209345201089361,-0.159672877613956
2640.553,0.0267987410590855,0.205481806018453,-0.178683064959368
2641.035,0.0119576419285465,0.201587259059458,-0.189629617130911
2641.517,0.0231049445436717,0.197662158790168,-0.174557214246496
2642,0.0180716702531996,0.193698872263,-0.175627202009801
2642.481,0.0208503188452838,0.189722715965772,-0.168872397120488
2642.964,0.000859862398975508,0.185701238204512,-0.184841375805536
2643.446,0.008755347601479,0.181659945104018,-0.172904597502539
2643.928,-0.0117935031696099,0.177591161293735,-0.189384664463345
2644.41,-0.00332515146055101,0.173495512070269,-0.17682066353082
2644.892,0.00185525118138941,0.169373626850019,-0.16751837566863
2645.374,-0.0193190767920441,0.165226139072579,-0.184545215864623
2645.856,-0.0250008869300906,0.161053686103666,-0.186054573033756
2646.338,-0.0243737607829679,0.15685690913735,-0.181230669920317
2646.821,-0.0379668868246199,0.152627672799844,-0.190594559624464
2647.303,-0.0597483717608469,0.148384139137609,-0.208132510898456
2647.785,-0.0474762150715797,0.144118228400684,-0.191594443472264
2648.267,-0.0457957583108666,0.139830596114671,-0.185626354425538
2648.749,-0.0677987230337109,0.135521901136124,-0.203320624169835
2649.231,-0.0597822707960347,0.131192805551517,-0.190975076347552
2649.713,-0.0638861731547067,0.126843974575735,-0.190730147730441
2650.195,-0.0613405416674979,0.122476076449993,-0.183816618117491
2650.677,-0.0636753978930962,0.118089782339454,-0.18176518023255
2651.16,-0.0941405614204776,0.113676611314386,-0.207817172734863
2651.642,-0.0936452467796016,0.109255515251849,-0.202900762031451
2652.124,-0.081553904536225,0.104818054624026,-0.186371959160251
2652.606,-0.117315566252611,0.10036491126333,-0.217680477515941
2653.088,-0.127661773491891,0.0958967694070809,-0.223558542898972
2653.57,-0.119043617818068,0.0914143155925751,-0.210457933410643
2654.052,-0.137497870795997,0.0869182385518209,-0.224416109347818
2654.534,-0.111922433991399,0.0824092291059131,-0.194331663097312
2655.017,-0.143796919315058,0.0778785876329485,-0.221675506948006
2655.499,-0.146888776700131,0.0733457704376813,-0.220234547137812
2655.981,-0.145852489008099,0.068802106220928,-0.214654595229027
2656.463,-0.143854077808012,0.0642482931011976,-0.208102370909209
2656.945,-0.157594254669736,0.0596850307532794,-0.217279285423015
2657.427,-0.164768351163932,0.0551130203009968,-0.219881371464929
2657.909,-0.176563508862078,0.0505329642096546,-0.227096473071732
2658.391,-0.177236299336432,0.04594556617837,-0.223181865514802
2658.874,-0.166264547027389,0.0413419934290918,-0.20760654045648
2659.356,-0.176471676854398,0.0367420154394354,-0.213213692293833
2659.838,-0.176929074182347,0.0321368143970346,-0.209065888579381
2660.32,-0.177790280586599,0.0275270978569079,-0.205317378443507
2660.802,-0.20571057764327,0.0229135740665158,-0.228624151709786
2661.284,-0.199916196929216,0.0182969518571678,-0.218213148786384
2661.766,-0.185746780022047,0.0136779405352883,-0.199424720557335
2662.248,-0.219839978500087,0.00905724977369276,-0.228897228273779
2662.73,-0.210046773942405,0.00443558950269834,-0.214482363445104
2663.213,-0.224409652634876,-0.000195919020743531,-0.224213733614132
2663.695,-0.230231285855567,-0.00481738636052532,-0.225413899495041
2664.177,-0.222194920785277,-0.00943769148922027,-0.212757229296057
2664.659,-0.219552909005888,-0.0140561245356314,-0.205496784470256
2665.141,-0.243952482099971,-0.0186719759156362,-0.225280506184335
2665.623,-0.253335101650784,-0.0232845364410102,-0.230050565209773
2666.105,-0.253875929242259,-0.0278930974281583,-0.225982831814101
2666.587,-0.27587690645899,-0.0324969508068269,-0.243379955652163
2667.07,-0.273187552560756,-0.0371049234382058,-0.236082629122551
2667.552,-0.268062752920478,-0.0416972269512475,-0.226365525969231
2668.034,-0.27764646766644,-0.0462827019473515,-0.231363765719088
2668.516,-0.301365178385822,-0.0508606438964657,-0.250504534489357
2668.998,-0.311562896666437,-0.0554303494236719,-0.256132547242766
2669.48,-0.312370584096715,-0.0599911164171098,-0.252379467679606
2669.962,-0.310659272265696,-0.0645422441356186,-0.246117028130077
2670.444,-0.312772052763023,-0.0690830333162038,-0.243689019446819
2670.927,-0.312564358032649,-0.0736221721537522,-0.238942185878897
2671.408,-0.31408643710429,-0.0781308070455316,-0.235955630058759
2671.891,-0.330681623312412,-0.0826457357313224,-0.248035887581089
2672.373,-0.328087808200504,-0.0871381835058682,-0.240949624694636
2672.855,-0.312423533377299,-0.0916168209141983,-0.2208067124631
2673.337,-0.332697240435909,-0.0960809598095366,-0.236616280626372
2673.819,-0.334030310970014,-0.100529914268422,-0.233500396701592
2674.301,-0.328813296573827,-0.104963000695903,-0.223850295877924
2674.783,-0.340129198842103,-0.109379537930352,-0.230749660911751
2675.265,-0.340313329370122,-0.113778847347925,-0.226534482022197
2675.748,-0.322267382379092,-0.118169323941307,-0.204098058437785
2676.23,-0.335745623410087,-0.122532113285191,-0.213213510124896
2676.712,-0.320253477493097,-0.126875653818148,-0.193377823674949
2677.194,-0.341353376225452,-0.131199278110214,-0.210154098115239
2677.676,-0.34121836120497,-0.13550232178554,-0.205716039419429
2678.158,-0.349141714029955,-0.139784123624262,-0.209357590405693
2678.64,-0.35825373629919,-0.144044025663902,-0.214209710635288
2679.122,-0.380152979611925,-0.148281373300279,-0.231871606311645
2679.604,-0.383132465567872,-0.152495515387875,-0.230636950179997
2680.087,-0.391417731270238,-0.156694472642638,-0.2347232586276
2680.569,-0.391759946538961,-0.160860213038935,-0.230899733500026
2681.051,-0.389906389256044,-0.1650008148735,-0.224905574382544
2681.533,-0.414573931022971,-0.169115641836554,-0.245458289186418
2682.015,-0.400495963441656,-0.173204061570857,-0.227291901870799
2682.497,-0.404315968114414,-0.177265445768655,-0.227050522345759
2682.979,-0.41448931664398,-0.181299170268043,-0.233190146375937
2683.461,-0.414889430633483,-0.185304615148641,-0.229584815484842
2683.944,-0.41343131108426,-0.189289384468574,-0.224141926615686
2684.426,-0.408288530056623,-0.19323636594272,-0.215052164113903
2684.908,-0.420809659303973,-0.197153233179826,-0.223656426124147
2685.39,-0.414152190430983,-0.20103938417932,-0.213112806251663
2685.872,-0.421257445042663,-0.204894221650928,-0.216363223391735
2686.354,-0.421170694744404,-0.208717153106206,-0.212453541638199
2686.836,-0.422807281141925,-0.212507590949443,-0.210299690192482
2687.318,-0.439205805841294,-0.216264952567752,-0.222940853273541
2687.801,-0.442030833954583,-0.219996350574419,-0.222034483380163
2688.283,-0.425181619355836,-0.223685760681459,-0.201495858674377
2688.765,-0.427304657882438,-0.227340376340248,-0.19996428154219
2689.247,-0.419617901141734,-0.230959635765926,-0.188658265375809
2689.729,-0.42196495074138,-0.23454298259545,-0.18742196814593
2690.211,-0.443810898289321,-0.238089865972853,-0.205721032316469
2690.693,-0.445796905393788,-0.241599740633806,-0.204197164759982
2691.175,-0.4586395936633,-0.245072066989143,-0.213567526674157
2691.657,-0.433714894706636,-0.248506311207676,-0.18520858349896
2692.14,-0.457548207265226,-0.251908949683714,-0.205639257581513
2692.622,-0.459364507992323,-0.255265369849568,-0.204099138142754
2693.104,-0.461530326324493,-0.258582140682455,-0.202948185642038
2693.586,-0.477252063871529,-0.261858752205273,-0.215393311666256
2694.068,-0.465687612243453,-0.265094700599253,-0.2005929116442
2694.55,-0.471695333050526,-0.268289488281243,-0.203405844769283
2695.032,-0.477930927903216,-0.271442623979973,-0.206488303923244
2695.514,-0.466837448412203,-0.274553622811443,-0.19228382560076
2695.997,-0.47301963788259,-0.277628327667227,-0.195391310215363
2696.479,-0.480163833872471,-0.28065353415341,-0.199510299719061
2696.961,-0.478523780355225,-0.283635187223899,-0.194888593131326
2697.443,-0.479933158942295,-0.286572828291175,-0.19336033065112
2697.925,-0.490998231245307,-0.289466005516825,-0.201532225728482
2698.407,-0.483705168876035,-0.292314273880904,-0.191390894995131
2698.889,-0.489016343446433,-0.295117195250117,-0.193899148196317
2699.371,-0.486291836568583,-0.297874338445043,-0.18841749812354
2699.854,-0.480005516324812,-0.300590855347131,-0.179414660977682
2700.335,-0.489793514917203,-0.303249600759274,-0.186543914157929
2700.818,-0.487249828566384,-0.305872273777909,-0.181377554788475
2701.3,-0.48696396138806,-0.308442035029862,-0.178521926358198
2701.782,-0.463427770827259,-0.310963967981831,-0.152463802845428
2702.264,-0.474079558496801,-0.313437684543355,-0.160641873953445
2702.746,-0.481350886009604,-0.315862804017819,-0.165488081991785
2703.228,-0.467636354978687,-0.318238953160896,-0.149397401817791
2703.71,-0.478152087017129,-0.320565766237729,-0.1575863207794
2704.192,-0.477671473738095,-0.32284288507905,-0.154828588659045
2704.675,-0.472720586996303,-0.325074527361107,-0.147646059635195
2705.157,-0.476528667317734,-0.32725110886956,-0.149277558448174
2705.639,-0.497328017164879,-0.329376966884275,-0.167951050280604
2706.121,-0.471948878151117,-0.331451774051995,-0.140497104099122
2706.603,-0.484998851889852,-0.333475210847989,-0.151523641041863
2707.085,-0.469542209994525,-0.335446965625076,-0.134095244369449
2707.567,-0.476644364078595,-0.337366734661374,-0.139277629417221
2708.049,-0.473315305755527,-0.339234222206925,-0.134081083548602
2708.531,-0.48314853663879,-0.341049140529002,-0.142099396109788
2709.014,-0.474450843263764,-0.342814810575923,-0.131636032687841
2709.496,-0.474733886825888,-0.344523649056209,-0.130210237769679
2709.978,-0.481058304438058,-0.346179103115391,-0.134879201322667
2710.46,-0.481609167713668,-0.347780917535621,-0.133828250178046
2710.942,-0.480659908266102,-0.349328845324566,-0.131331062941535
2711.424,-0.484649807708688,-0.350822647753283,-0.133827159955406
2711.906,-0.47568825765471,-0.352262094392844,-0.123426163261866
2712.388,-0.467636969717393,-0.353646963149651,-0.113990006567742
2712.871,-0.48417508593089,-0.354979742696091,-0.129195343234798
2713.353,-0.471114776518892,-0.35625470860788,-0.114860067911012
2713.835,-0.471267684066152,-0.357474480302633,-0.113793203763519
2714.317,-0.473796170185583,-0.358638869373424,-0.115157300812159
2714.799,-0.467789936490011,-0.359747695906128,-0.108042240583882
2715.281,-0.459048804592154,-0.360800788507014,-0.0982480160851401
2715.763,-0.473163236104611,-0.361797984329026,-0.111365251775585
2716.245,-0.466266542639875,-0.362739129096753,-0.103527413543123
2716.728,-0.49503262194467,-0.363625854608972,-0.131406767335698
2717.21,-0.485237272841861,-0.364454351833877,-0.120782921007984
2717.692,-0.481787233601867,-0.365226386580687,-0.11656084702118
2718.174,-0.476734925836627,-0.365941839101951,-0.110793086734677
2718.656,-0.462447211157919,-0.366600598326966,-0.0958466128309523
2719.138,-0.49732387117735,-0.367202561878827,-0.130121309298523
2719.62,-0.476970677506362,-0.367747636090119,-0.109223041416243
2720.102,-0.485203171756208,-0.368235736017278,-0.11696743573893
2720.584,-0.464538765537963,-0.368666785453625,-0.0958719800843376
2721.067,-0.462451032030522,-0.369041433316364,-0.093409598714158
2721.549,-0.461487619217969,-0.369358069476965,-0.0921295497410045
2722.031,-0.453031040772668,-0.369617478963672,-0.0834135618089962
2722.513,-0.464126648304859,-0.369819620638976,-0.0943070276658831
2722.995,-0.449851503424561,-0.369964462147261,-0.0798870412773
2723.477,-0.437741827741544,-0.370051979919766,-0.0676898478217778
2723.959,-0.429464282865354,-0.370082159178195,-0.0593821236871588
2724.441,-0.44195278040527,-0.370054993936988,-0.0718977864682819
2724.924,-0.4475441797066,-0.369970252078686,-0.0775739276279148
2725.406,-0.421332076441754,-0.369828296131767,-0.0515037803099866
2725.888,-0.413132790422644,-0.36962903053882,-0.0435037598838242
2726.37,-0.400407183257489,-0.369372484499143,-0.0310346987583459
2726.852,-0.409666976554206,-0.369058695995866,-0.0406082805583398
2727.334,-0.434148631920433,-0.368687711790125,-0.0654609201303082
2727.816,-0.421130520963491,-0.368259587413887,-0.0528709335496038
2728.298,-0.401246905290392,-0.367774387161441,-0.0334725181289518
2728.781,-0.410823560626056,-0.367230999977854,-0.0435925606482023
2729.262,-0.398108266222209,-0.366633059956169,-0.0314752062660398
2729.745,-0.405793199286798,-0.365975685398507,-0.0398175138882908
2730.227,-0.398157730382287,-0.365262881866638,-0.0328948485156491
2730.709,-0.403081134795094,-0.364493455205716,-0.0385876795893783
2731.191,-0.397443394130207,-0.363667522047982,-0.0337758720822243
2731.673,-0.39009081999226,-0.362785207690819,-0.0273056123014404
2732.155,-0.369475863985489,-0.361846646077542,-0.00762921790794729
2732.637,-0.375435797713774,-0.36085197977686,-0.0145838179369139
2733.119,-0.394166982780597,-0.35980135996101,-0.0343656228195863
2733.602,-0.378828970684918,-0.358692593036578,-0.0201363776483398
2734.084,-0.365023382833829,-0.357530438779373,-0.00749294405445611
2734.566,-0.382925001132651,-0.356312836282228,-0.0266121648504231
2735.048,-0.379253847183239,-0.355039970904159,-0.0242138762790802
2735.53,-0.366610272587021,-0.35371203647861,-0.0128982361084109
2736.012,-0.371633228944987,-0.352329235283751,-0.0193039936612352
2736.494,-0.346275287857701,-0.350891778011449,0.0046164901537486
2736.976,-0.349698470925262,-0.349399883734954,-0.000298587190307842
2737.458,-0.372971519747324,-0.347853779875315,-0.0251177398720086
2737.941,-0.348712262303149,-0.346250326565418,-0.00246193573773068
2738.423,-0.354531217057328,-0.344596407804839,-0.00993480925248924
2738.905,-0.34791233236546,-0.342889011987785,-0.00502332037767539
2739.387,-0.333044969825277,-0.34112839958199,0.00808342975671289
2739.869,-0.352026491034032,-0.339314839215833,-0.0127116518181983
2740.351,-0.32279716758848,-0.337448607637145,0.0146514400486659
2740.833,-0.321875331084847,-0.335529989670764,0.0136546585859171
2741.315,-0.334522513118859,-0.333559278174876,-0.000963234943983038
2741.798,-0.324975358766189,-0.331532524303853,0.00655716553766439
2742.28,-0.315124682313083,-0.329458429744475,0.0143337474313915
2742.762,-0.315740829184904,-0.327333168640136,0.0115923394552322
2743.244,-0.327072110975223,-0.325157065537277,-0.00191504543794557
2743.726,-0.29438208927705,-0.322930452778868,0.0285483635018179
2744.208,-0.31820339568284,-0.320653670453398,0.00245027477055859
2744.69,-0.308233771784465,-0.31832706634276,0.0100932945582951
2745.172,-0.297865149173237,-0.315950995868915,0.0180858466956774
2745.655,-0.292212600232546,-0.313520739771367,0.0213081395388217
2746.137,-0.297441214646117,-0.311046732408446,0.0136055177623286
2746.619,-0.293309575120475,-0.308524371029681,0.0152147959092062
2747.101,-0.286997023244531,-0.305954041075958,0.0189570178314268
2747.583,-0.278843630606566,-0.303336135344057,0.0244925047374909
2748.065,-0.289739868794253,-0.300671053926381,0.0109311851321275
2748.547,-0.263015459394616,-0.297959204149643,0.0349437447550272
2749.029,-0.254124753994052,-0.295201000512354,0.0410762465183024
2749.511,-0.250778184178305,-0.2923968646213,0.0416186804429947
2749.994,-0.259972279553875,-0.289541266011905,0.0295689864580305
2750.476,-0.249724975370967,-0.286646465498008,0.0369214901270411
2750.958,-0.244496061529428,-0.28370704047362,0.0392109789441919
2751.44,-0.238498319612333,-0.28072344033544,0.0422251207231067
2751.922,-0.243620731202071,-0.277696121254291,0.0340753900522199
2752.404,-0.221638077880343,-0.274625546105228,0.0529874682248854
2752.886,-0.211995021228137,-0.271512184396508,0.0595171631683704
2753.368,-0.223684382825741,-0.268356512197627,0.0446721293718852
2753.851,-0.225596550034336,-0.265152335106703,0.0395557850723677
2754.333,-0.2093880526044,-0.261913410762058,0.0525253581576585
2754.815,-0.20105260816408,-0.258633643802205,0.0575810356381251
2755.297,-0.197423048290744,-0.255313535814517,0.0578904875237726
2755.779,-0.17539004456102,-0.25195359457256,0.0765635500115405
2756.261,-0.196596908550781,-0.248554333958261,0.0519574254074802
2756.743,-0.16913680183514,-0.245116273883057,0.0759794720479164
2757.225,-0.183486395988432,-0.241639940208224,0.0581535442197925
2757.708,-0.176348226335723,-0.238118535190378,0.0617703088546559
2758.189,-0.173767233195292,-0.234574584769036,0.0608073515737437
2758.672,-0.168511942670385,-0.230979162155645,0.0624672194852604
2759.154,-0.145798785794685,-0.227355034502589,0.081556248707904
2759.636,-0.169990467651072,-0.223695350105637,0.0537048824545647
2760.118,-0.147648889809108,-0.220000668811659,0.0723517790025509
2760.6,-0.145772753837527,-0.21627155583421,0.070498801996683
2761.082,-0.133257631304236,-0.212508581666884,0.0792509503626476
2761.564,-0.130789433776311,-0.20871232199579,0.0779228882194788
2762.046,-0.128987682819975,-0.204883357611308,0.0758956747913329
2762.529,-0.110637281508208,-0.201014230794231,0.0903769492860237
2763.011,-0.120331728183842,-0.197121554531358,0.0767898263475157
2763.493,-0.120302706127834,-0.193197946897897,0.0728952407700632
2763.975,-0.0951068269029456,-0.189244008212771,0.0941371813098251
2764.457,-0.116943012071058,-0.185260343446077,0.0683173313750188
2764.939,-0.0894111831931745,-0.181247562126361,0.0918363789331866
2765.421,-0.0790492518293711,-0.177206278247115,0.0981570264177438
2765.903,-0.0815394695388498,-0.173137110172638,0.0915976406337879
2766.385,-0.0835173878798692,-0.169040680543205,0.0855232926633353
2766.868,-0.0529164581754564,-0.164909034854418,0.111992576678962
2767.35,-0.0657962922733617,-0.16075991337055,0.094963621097188
2767.832,-0.0528667216752972,-0.156585424271743,0.103718702596445
2768.314,-0.0412970779358055,-0.152386206349003,0.111089128413198
2768.796,-0.0304773426084779,-0.148162902185482,0.117685559577004
2769.278,-0.00706106724594235,-0.143916158057881,0.136855090811939
2769.76,-0.0114702933998565,-0.13964662383737,0.128176330437514
2770.242,-0.0270364626209201,-0.135354952889944,0.108318490269024
2770.725,-0.0109701848957364,-0.131032831659306,0.120062646763569
2771.207,-0.0119561047476466,-0.126698818327265,0.114742713579619
2771.689,0.0118925176839326,-0.12234464970989,0.134237167393823
2772.171,0.00451877085230024,-0.117970992151661,0.122489763003962
2772.653,-0.00617197678825931,-0.113578514985658,0.107406538197398
2773.135,0.0122856632175719,-0.109167890430866,0.121453553648438
2773.617,0.024174009326142,-0.104739793489193,0.128913802815335
2774.099,0.0346515699948142,-0.100294901841844,0.134946471836658
2774.582,0.0408604963682109,-0.0958246242684012,0.136685120636612
2775.064,0.0364441016593595,-0.0913481551461285,0.127792256805488
2775.546,0.0358939668858298,-0.0868569408205637,0.122750907706393
2776.028,0.0705228405092129,-0.082351668651824,0.152874509161037
2776.51,0.0447217209921789,-0.0778330281557969,0.122554749147976
2776.992,0.0431834667984639,-0.0733017108983628,0.116485177696827
2777.474,0.0852405863928958,-0.0687584103893607,0.153998996782256
2777.956,0.0808807282414001,-0.064203821976219,0.145084550217619
2778.438,0.0837900208110014,-0.0596386427373673,0.143428663548369
2778.921,0.0864262562750007,-0.0550540697286592,0.14148032600366
2779.403,0.0552119157895987,-0.05046978812131,0.105681703910909
2779.885,0.0807192714298743,-0.0458770176961918,0.126596289126066
2780.367,0.093799891667345,-0.0412764613868666,0.135076353054212
2780.849,0.0958352049746551,-0.036668823320813,0.132504028295468
2781.331,0.0937924398255952,-0.0320548087114918,0.125847248537087
2781.813,0.109529784695123,-0.0274351237501927,0.136964908445316
2782.295,0.137811108059342,-0.0228104754977359,0.160621583557078
2782.778,0.114637762790455,-0.0181719643092136,0.132809727099668
2783.26,0.118039378649041,-0.0135395069707672,0.131578885619808
2783.742,0.117584468434544,-0.00890421312750887,0.126488681562052
2784.224,0.122506710627796,-0.00426679223387278,0.126773502861669
2784.706,0.111012603710829,0.000372045929576079,0.110640557781253
2785.188,0.136501506166887,0.00501159136489507,0.131489914801992
2785.67,0.144314546480416,0.00965113396570424,0.134663412514712
2786.152,0.142404873137096,0.0142899636260477,0.128114909511048
2786.635,0.14549714950644,0.0189369895535257,0.126560159952914
2787.116,0.148902039428737,0.0235626443570823,0.125339395071655
2787.599,0.158864841014324,0.0282046836060547,0.13066015740827
2788.081,0.171556287965565,0.0328335561602825,0.138722731805282
2788.563,0.158302273703764,0.0374581675919253,0.120844106111839
2789.045,0.166794016722093,0.0420778100846995,0.124716206637394
2789.527,0.187908355514985,0.0466917765842868,0.141216578930698
2790.009,0.172317018578148,0.0512993609067644,0.121017657671384
2790.491,0.18870603440859,0.055899857846934,0.132806176561656
2790.973,0.194649281504599,0.0604925632863898,0.134156718218209
2791.456,0.17796797357585,0.0650862757959294,0.112881697779921
2791.938,0.198508668718702,0.0696612709585478,0.128847397760154
2792.42,0.215784140626759,0.0742263684139629,0.141557772212796
2792.902,0.212782467803567,0.0787808694722067,0.134001598331361
2793.384,0.213302938754019,0.0833240770682661,0.129978861685753
2793.866,0.221264841984347,0.0878552958689555,0.133409546115391
2794.348,0.242978236002113,0.0923738323795288,0.150604403622584
2794.83,0.238290619316249,0.0968789950500568,0.141411624266192
2795.312,0.242194890437045,0.101370094381459,0.140824796055586
2795.795,0.266101593114957,0.105855714252677,0.16024587886228
2796.277,0.24117249537316,0.110316594405372,0.130855900967788
2796.759,0.258700600974063,0.114761354668538,0.143939246305525
2797.241,0.240085528433472,0.119189314805685,0.120896213627786
2797.723,0.251307406268602,0.12359979715655,0.127707609112051
2798.205,0.260651352998067,0.12799212674107,0.132659226256997
2798.687,0.252147167141899,0.132365631362863,0.119781535779037
2799.169,0.272272357221556,0.136719641712318,0.135552715509239
2799.652,0.256922916814389,0.141062461441245,0.115860455373144
2800.134,0.27202812429892,0.145375443486787,0.126652680812133
2800.616,0.272994113289165,0.149666940309819,0.123327172979346
2801.098,0.270334732312339,0.15393629517645,0.116398437135889
2801.58,0.289074819897099,0.158182854748184,0.130891965148915
2802.062,0.298674684573584,0.162405969182168,0.136268715391416
2802.544,0.302056794873398,0.166604992230774,0.135451802642624
2803.026,0.31768587932962,0.170779281340755,0.146906597988865
2803.509,0.301514541151036,0.174936778646217,0.126577762504819
2803.991,0.291187389464056,0.179059632873916,0.112127756590141
2804.473,0.312102277538649,0.18315584734714,0.128946430191509
2804.955,0.315941893913891,0.187224795278118,0.128717098635772
2805.437,0.294232077130363,0.191265854060316,0.102966223070047
2805.919,0.321183365730182,0.195278405363966,0.125904960366216
2806.401,0.313338328256989,0.199261835230821,0.114076493026169
2806.883,0.335157343255972,0.203215534168389,0.131941809087583
2807.365,0.323603529273846,0.207138897243314,0.116464632030532
2807.848,0.305272428873081,0.211039367176764,0.0942330616963173
2808.33,0.327511542486732,0.214900196392037,0.112611346094695
2808.812,0.336547382765787,0.218728902003313,0.117818480762473
2809.294,0.341254378263219,0.222524898244694,0.118729480018525
2809.776,0.352497857533596,0.226287604366211,0.126210253167385
2810.258,0.354896849133056,0.230016444722831,0.124880404410224
2810.74,0.366787591619346,0.233710848862792,0.133076742756554
2811.222,0.355896693551806,0.237370251615011,0.118526441936795
2811.705,0.368566876714237,0.241001574168068,0.127565302546168
2812.187,0.376086783111177,0.244589224686115,0.131497558425062
2812.669,0.368248894639038,0.248140209717313,0.120108684921725
2813.151,0.378271049863638,0.251653986083599,0.126617063780039
2813.633,0.381812647352447,0.25513001631279,0.126682631039657
2814.115,0.372088975674583,0.25856776872097,0.113521206953613
2814.597,0.391794303400811,0.261966717494074,0.129827585906737
2815.079,0.39837406910355,0.265326342768449,0.133047726335101
2815.562,0.38314473359754,0.268652976473441,0.114491757124099
2816.043,0.37811905873663,0.271925573596158,0.106193485140472
2816.526,0.392504681785724,0.275170846162202,0.117333835623521
2817.008,0.391554545010269,0.278368014303127,0.113186530707142
2817.49,0.392955049095661,0.281523350633778,0.111431698461883
2817.972,0.395600412624447,0.284636372647944,0.110964039976503
2818.454,0.411054264180873,0.287706604328237,0.123347659852635
2818.936,0.385907542350903,0.29073357621905,0.0951739661318532
2819.418,0.401990005722229,0.293716825498587,0.108273180223642
2819.9,0.413174172884275,0.296655896049813,0.116518276834462
2820.383,0.403112203175471,0.299556296898903,0.103555906276568
2820.865,0.426365073528764,0.302405574847546,0.123959498681218
2821.347,0.429695903448586,0.305209345743131,0.124486557705455
2821.829,0.432910001531361,0.307967180991228,0.124942820540133
2822.311,0.414328436375282,0.310678659041547,0.103649777333735
2822.793,0.422015126580302,0.313343365452567,0.108671761127734
2823.275,0.433401150748171,0.315960892955105,0.117440257793067
2823.757,0.427316257482424,0.318530841514735,0.108785415967689
2824.24,0.438245644730568,0.321058000575328,0.117187644155239
2824.722,0.42045390222674,0.323531519669329,0.0969223825574109
2825.204,0.447215338107803,0.325956302957306,0.121259035150497
2825.686,0.420553130984519,0.328331979961751,0.092221151022768
2826.168,0.453721289469474,0.330658187735494,0.12306310173398
2826.65,0.441006962177077,0.332934570917354,0.108072391259724
2827.132,0.452125067723586,0.335160781786649,0.116964285936937
2827.614,0.435816664727085,0.337336480316507,0.0984801844105777
2828.096,0.435533231807533,0.339461334226016,0.0960718975815165
2828.579,0.448537355127318,0.341539267870672,0.106998087256646
2829.061,0.439403918014484,0.343561359793556,0.0958425582209281
2829.543,0.448732136846772,0.345531656600332,0.10320048024644
2830.025,0.459505710251598,0.347449857507981,0.112055852743617
2830.507,0.44392698685829,0.349315669722274,0.0946113171360161
2830.989,0.452741295298047,0.351128808482681,0.101612486815366
2831.471,0.451415814203983,0.352888997106019,0.0985268170979646
2831.953,0.462246822211114,0.354595967028898,0.107650855182216
2832.436,0.461202103701272,0.356252832560055,0.104949271141217
2832.918,0.456432345586361,0.357852480343466,0.0985798652428947
2833.4,0.453429412486393,0.359398152362981,0.0940312601234127
2833.882,0.436181263044091,0.360889612950853,0.0752916500932374
2834.364,0.44833415590411,0.362326634752543,0.0860075211515676
2834.846,0.441949589713069,0.363708998761574,0.0782405909514943
2835.328,0.418858383119542,0.365036494353123,0.0538218887664185
2835.81,0.438629454774052,0.366308919316318,0.0723205354577335
2836.292,0.414583223329107,0.367526079885244,0.0470571434438631
2836.775,0.422608040948123,0.368690143193342,0.0539178977547816
2837.257,0.399376219007323,0.369796112017612,0.0295801069897111
2837.739,0.438575829933683,0.370846285770063,0.0677295441636199
2838.221,0.436529172387658,0.37184050476651,0.0646886676211484
2838.703,0.444582695031713,0.372778617903308,0.0718040771284044
2839.185,0.468719946530321,0.373660482680523,0.0950594638497975
2839.667,0.43314783554997,0.374485965223781,0.0586618703261893
2840.149,0.437946360759184,0.375254940304799,0.0626914204543851
2840.632,0.433264042160278,0.37596871033052,0.0572953318297585
2841.114,0.439274035477794,0.376624211674103,0.0626498238036912
2841.596,0.461529320999887,0.377222881735815,0.0843064392640714
2842.078,0.44934316740326,0.377764630068564,0.0715785373346957
2842.56,0.442128163366661,0.378249374954083,0.0638787884125784
2843.042,0.436380617570901,0.378677043415451,0.0577035741554501
2843.524,0.449709868698875,0.379047571228295,0.0706622974705796
2844.006,0.430552585435557,0.379360902930634,0.0511916825049226
2844.489,0.431432285446398,0.379617463604639,0.0518148218417595
2844.97,0.433388190485349,0.37981580001751,0.0535723904678396
2845.453,0.431106334541816,0.379957532335868,0.0511488022059483
2845.935,0.439706520293065,0.380041581536284,0.0596649387567806
2846.417,0.456307925106607,0.380068288987919,0.076239636118688
2846.899,0.456180277680041,0.380037651952882,0.0761426257271586
2847.381,0.441610516713094,0.379949676486932,0.0616608402261625
2847.863,0.442764340907623,0.37980437743855,0.0629599634690727
2848.345,0.465661598967632,0.37960177844666,0.0860598205209714
2848.827,0.457098509599277,0.379341911937009,0.0777565976622683
2849.31,0.446103437303289,0.379024101794869,0.0670793355084207
2849.792,0.445469508871955,0.378649714082952,0.0668197947890035
2850.274,0.424487949140985,0.378218208925965,0.0462697402150203
2850.756,0.455543096825195,0.377729653851907,0.0778134429732883
2851.238,0.441860030641578,0.377184125137255,0.0646759055043236
2851.72,0.424909179309317,0.376581707795266,0.0483274715140514
2852.202,0.429244351549791,0.375922495562945,0.0533218559868455
2852.684,0.446002086086583,0.375206590886666,0.070795495199917
2853.167,0.410644284696243,0.374432443504005,0.0362118411922384
2853.649,0.426537959650709,0.373603379027077,0.052934580623632
2854.131,0.402765753082875,0.372717981813309,0.0300477712695654
2854.613,0.425847733725199,0.371776388994043,0.0540713447311558
2855.095,0.427529790312374,0.370778746318087,0.0567510439942863
2855.577,0.402172821581338,0.369725208129378,0.0324476134519607
2856.059,0.421386146271267,0.368615937343302,0.0527702089279648
2856.541,0.391230893123609,0.367451105421718,0.0237797877018912
2857.023,0.403053410882055,0.366230892346659,0.0368225185353969
2857.506,0.398666688057375,0.364952783285264,0.0337139047721114
2857.988,0.393649743490158,0.363622267902291,0.0300274755878672
2858.47,0.381776146071193,0.362236962585331,0.0195391834858622
2858.952,0.3828393845533,0.360797081125527,0.0220423034277729
2859.434,0.396686777691592,0.35930284568315,0.0373839320084423
2859.916,0.398198974243481,0.357754486753537,0.0404444874899443
2860.398,0.40509436296869,0.356152243131742,0.0489421198369482
2860.88,0.392208662629248,0.354496361875908,0.0377123007533391
2861.363,0.378589158656737,0.35278349676994,0.0258056618867976
2861.845,0.390519556084751,0.351021004356583,0.0394985517281683
2862.327,0.379281480745622,0.349205665249024,0.0300758154965982
2862.809,0.377710031410718,0.347337759183146,0.0303722722275716
2863.291,0.389475776853747,0.345417573955841,0.0440582028979053
2863.773,0.393530565850778,0.3434454053809,0.0500851604698778
2864.255,0.374482587180232,0.341421557243648,0.0330610299365836
2864.737,0.3833371096229,0.339346341254358,0.043990768368542
2865.219,0.396605921961946,0.337220077000446,0.0593858449615001
2865.702,0.392550365969946,0.335038522837893,0.0575118431320531
2866.184,0.372183904039321,0.332811047898569,0.0393728561407521
2866.666,0.36782070836637,0.330533530943121,0.0372871774232486
2867.148,0.368809907743806,0.328206322581368,0.0406035851624377
2867.63,0.361483210966778,0.325829781043207,0.0356534299235713
2868.112,0.362404106832816,0.323404272123651,0.0389998347091654
2868.594,0.346702294141892,0.320930169126762,0.02577212501513
2869.076,0.35019670169639,0.318407852808402,0.0317888488879887
2869.559,0.348182597845756,0.315832329633058,0.0323502682126984
2870.041,0.330795651866627,0.313214660467735,0.0175809913988915
2870.523,0.347657702552226,0.310549965212843,0.0371077373393834
2871.005,0.314345358714714,0.307838653851134,0.00650670486357985
2871.487,0.312006249168707,0.30508114351385,0.00692510565485716
2871.969,0.317993472731274,0.302277858416731,0.0157156143145431
2872.451,0.310226678221966,0.299429229794979,0.0107974484269865
2872.933,0.340445484462805,0.296535695837127,0.0439097886256781
2873.416,0.322427116222244,0.293591560290167,0.0288355559320764
2873.897,0.315074004495433,0.290615699029663,0.0244583054657698
2874.38,0.318651050963297,0.287583824686092,0.0310672262772049
2874.862,0.295880628008881,0.284515099063351,0.0113655289455293
2875.344,0.284085629949672,0.281403761944455,0.00268186800521741
2875.826,0.29207291562269,0.278250291803689,0.0138226238190012
2876.308,0.288491673867469,0.275055173576364,0.0134365002911051
2876.79,0.280652613526076,0.27181889858443,0.00883371494164614
2877.272,0.285731733443104,0.268541964461127,0.0171897689819763
2877.754,0.257915192465695,0.265224875074688,-0.00730968260899295
2878.237,0.262987180668283,0.261861135417244,0.00112604525103888
2878.719,0.276893983968602,0.258465191021791,0.0184287929468112
2879.201,0.251296382928821,0.255030640689841,-0.0037342577610201
2879.683,0.253892326406294,0.251558012459708,0.00233431394658656
2880.165,0.275627383260964,0.248047840208897,0.0275795430520671
2880.647,0.254229252355337,0.24450066357218,0.00972858878315722
2881.129,0.258070392554497,0.240917027858875,0.0171533646956225
2881.611,0.251489792726137,0.237297483969241,0.0141923087568958
2882.094,0.243103009018142,0.23363496917965,0.00946803983849198
2882.576,0.234746025244331,0.229945211987929,0.00480081325640189
2883.058,0.230332958059311,0.226221233199282,0.00411172486002911
2883.54,0.230228066341184,0.222463605235247,0.0077644611059364
2884.022,0.211828468970676,0.218672905677394,-0.00684443670671747
2884.504,0.209557494831149,0.214849717178746,-0.00529222234759685
2884.986,0.207999742808578,0.210994627374434,-0.00299488456585603
2885.468,0.20447359179159,0.207108228791586,-0.00263463699999572
2885.95,0.202683510671459,0.203191118758449,-0.000507608086989797
2886.433,0.196964501000682,0.199235679182298,-0.00227117818161543
2886.915,0.198950035834059,0.195258896403926,0.00369113943013341
2887.397,0.182474617251746,0.191253223319898,-0.00877860606815237
2887.879,0.202987844155658,0.187219275548948,0.0157685686067092
2888.361,0.16383843545038,0.183157673045685,-0.0193192375953055
2888.843,0.177131510043196,0.179069040005496,-0.00193752996229957
2889.325,0.172350336844055,0.174954004768844,-0.0026036679247893
2889.807,0.169640954765615,0.170813199724913,-0.00117224495929727
2890.29,0.157706711120206,0.166638592505973,-0.00893188138576717
2890.772,0.152098697489212,0.162448110576608,-0.0103494130873964
2891.254,0.145781061730869,0.158233780666882,-0.0124527189360131
2891.736,0.140909972768661,0.153996250392605,-0.0130862776239438
2892.218,0.13701453952881,0.149736170927297,-0.0127216313984874
2892.7,0.152004220940256,0.145454196902349,0.00655002403790736
2893.182,0.152409895934689,0.14115098630665,0.0112589096280382
2893.664,0.13619198344653,0.136827200385635,-0.000635216939105399
2894.146,0.138644662412954,0.132483503539966,0.0061611588729884
2894.629,0.132265595205265,0.128111491941221,0.00415410326404425
2895.111,0.109851313340751,0.123729940724515,-0.0138786273837637
2895.593,0.134461979756693,0.119330491094654,0.0151314886620395
2896.075,0.122692993401326,0.114913819055132,0.00777917434619395
2896.557,0.0987286132256529,0.110480603250479,-0.0117519900248265
2897.039,0.101015368183461,0.106031524862153,-0.00501615667869217
2897.521,0.0932558272313315,0.101567267504125,-0.00831144027279306
2898.003,0.0781732993286361,0.0970885171180159,-0.0189152177893797
2898.486,0.0981820723057716,0.0925866273422621,0.00559544496350947
2898.968,0.074843406811322,0.0880809310194851,-0.0132375242081632
2899.45,0.071734491259118,0.0835628138442008,-0.0118283225850828
2899.932,0.0913641746197875,0.0790329700173202,0.0123312046024673
2900.414,0.0731851958667704,0.0744920955379947,-0.0013068996712243
2900.896,0.0590449639763335,0.0699408880969228,-0.0108959241205893
2901.378,0.0742786379276019,0.0653800469693241,0.00889859095827784
2901.86,0.0642805467025234,0.0608102729077279,0.0034702737947955
2902.343,0.0617770734536371,0.0562227620309295,0.00555431142270764
2902.824,0.0692312346653701,0.0516467357342195,0.0175844989311505
2903.307,0.0574755748033056,0.0470448462348027,0.0104307285685028
2903.789,0.0580598321483201,0.0424463617858565,0.0156134703624637
2904.271,0.0580163892675039,0.0378424680237882,0.0201739212437157
2904.753,0.0401462951599925,0.0332338723031429,0.00691242285684958
2905.235,0.0379939588278049,0.0286212826995057,0.00937267612829918
2905.717,0.032390059275837,0.0240054079009308,0.00838465137490623
2906.199,0.0381367855118953,0.0193869570992339,0.0187498284126614
2906.681,0.0390358265466766,0.0147666398812602,0.0242691866654164
2907.164,0.030541289497755,0.0101355772905559,0.0204057122071991
2907.646,0.0131867165561381,0.00551365684837287,0.00767305970776525
2908.128,-0.00226932453923823,0.000892001505538783,-0.00316132604477701
2908.61,0.00292950523398616,-0.00372867865971299,0.00665818389369916
2909.092,-0.00464481509889936,-0.00834767371865322,0.00370285861975386
2909.574,-0.00737595650967648,-0.0129642740009813,0.00558831749130477
2910.056,-0.0214852599671822,-0.0175777702036301,-0.00390748976355209
2910.538,-0.0114236564373051,-0.0221874534995154,0.0107637970622102
2911.021,-0.0461385937773251,-0.0268021647339091,-0.019336429043416
2911.503,-0.0509741697922017,-0.0314020865996252,-0.0195720831925766
2911.985,-0.0441846817016298,-0.0359960715545388,-0.00818861014709098
2912.467,-0.0422829504596614,-0.0405834137635883,-0.00169953669607305
2912.949,-0.0384789370173735,-0.0451634084103515,0.00668447139297802
2913.431,-0.042667442322859,-0.0497353518051704,0.00706790948231142
2913.913,-0.0532590073212305,-0.0542985414929919,0.00103953417176143
2914.395,-0.0631789329546208,-0.0588522763611401,-0.0043266565934808
2914.877,-0.0366646501621481,-0.0633958567468253,0.0267312065846771
2915.36,-0.072424832549256,-0.0679379767793397,-0.00448685576991632
2915.842,-0.0705469863617019,-0.0724591308640249,0.00191214450232306
2916.324,-0.0605120045495653,-0.076968039809503,0.0164560352599377
2916.806,-0.0602566180399364,-0.0814640108269192,0.0212073927869828
2917.288,-0.0823326377568705,-0.0859463531114322,0.00361371535456173
2917.77,-0.0833535246213977,-0.0904143779481262,0.00706085332672855
2918.252,-0.0898091995515244,-0.0948673988176601,0.00505819926613565
2918.734,-0.0934279234622046,-0.0993047315014973,0.00587680803929265
2919.217,-0.0849876451997602,-0.103734848820368,0.0187472036206076
2919.699,-0.111038960470747,-0.108138726128436,-0.00290023434231153
2920.181,-0.101089837450743,-0.112524876046415,0.0114350385956711
2920.663,-0.109191367042495,-0.116892624610271,0.00770125756777548
2921.145,-0.118700080145672,-0.121241300677812,0.00254122053213988
2921.627,-0.0916861776568751,-0.125570236031536,0.0338840583746609
2922.109,-0.102083330469632,-0.129878765481166,0.0277954350115337
2922.591,-0.109301009474386,-0.134166226965585,0.0248652174911993
2923.073,-0.11482938555848,-0.138431961654442,0.0236025760959627
2923.556,-0.114984153607555,-0.142684093965544,0.0276999403579887
2924.038,-0.11989287718318,-0.146904363535209,0.027011486352029
2924.52,-0.115173440483442,-0.151100948868534,0.035927508385092
2925.002,-0.130163754383283,-0.155273205070815,0.0251094506875329
2925.484,-0.128599159754529,-0.159420490978147,0.0308213312236181
2925.966,-0.150024917465881,-0.163542169255797,0.0135172517899154
2926.448,-0.13973482838292,-0.167637606495871,0.0279027781129508
2926.93,-0.143072283368095,-0.171706173314507,0.0286338899464115
2927.413,-0.138724962799415,-0.175755599400108,0.0370306366006932
2927.895,-0.157672569193192,-0.179768494826124,0.022095925632932
2928.377,-0.150511172225382,-0.183752655510092,0.0332414832847099
2928.859,-0.167234112745852,-0.187707469132158,0.0204733563863056
2929.341,-0.172860671601313,-0.191632327872759,0.0187716562714461
2929.823,-0.17994421963531,-0.195526628505867,0.0155824088705575
2930.305,-0.188676767688222,-0.199389772491449,0.0107130048032272
2930.787,-0.168980206597258,-0.203221166067304,0.0342409594700465
2931.27,-0.160812052345992,-0.20702806817285,0.0462160158268573
2931.751,-0.180860830316654,-0.210786351375516,0.0299255210588623
2932.234,-0.193568803359735,-0.214526689107312,0.0209578857475773
2932.716,-0.183334784716635,-0.218225170859536,0.034890386142901
2933.198,-0.206742821069632,-0.221889007044368,0.0151461859747358
2933.68,-0.182168573236783,-0.225517634463017,0.0433490612262341
2934.162,-0.20982140203294,-0.229110495315843,0.0192890932829031
2934.644,-0.204137158269745,-0.232667037287961,0.0285298790182161
2935.126,-0.196828452755607,-0.236186713633886,0.039358260878279
2935.608,-0.210378616295721,-0.239668983261412,0.0292903669656912
2936.091,-0.190671822034286,-0.243120416913315,0.0524485948790288
2936.573,-0.213123506813901,-0.246526192491439,0.0334026856775382
2937.055,-0.231569583045605,-0.249892971739225,0.0183233886936199
2937.537,-0.200562331521642,-0.253220237010906,0.0526579054892641
2938.019,-0.210220273031005,-0.256507476720064,0.0462872036890586
2938.501,-0.230900048359434,-0.259754185418147,0.0288541370587133
2938.983,-0.235203838289408,-0.262959863871907,0.0277560255824987
2939.465,-0.210754893600143,-0.266124019140021,0.0553691255398778
2939.948,-0.212117823283716,-0.269252598125744,0.0571347748420277
2940.43,-0.196868832421863,-0.272332165095245,0.0754633326733813
2940.912,-0.230339979260382,-0.275368767581709,0.0450287883213267
2941.394,-0.223080804565377,-0.278361938571243,0.0552811340058653
2941.876,-0.211261009099669,-0.281311217710063,0.0700502086103936
2942.358,-0.229168123622777,-0.2842161513751,0.0550480277523221
2942.84,-0.226975378890927,-0.287076292743565,0.0601009138526382
2943.322,-0.241341975657043,-0.289891201861477,0.0485492262044335
2943.804,-0.224661664670734,-0.292660445711115,0.067998781040381
2944.287,-0.250297951624631,-0.295389199767956,0.0450912481433246
2944.769,-0.233564868124475,-0.298065745179074,0.0645008770545988
2945.251,-0.225232849102369,-0.300695367698067,0.075462518595698
2945.733,-0.260516645294647,-0.303277662720499,0.0427610174258525
2946.215,-0.246356857434296,-0.305812232899516,0.0594553754652199
2946.697,-0.264937836250972,-0.308298688206739,0.0433608519557665
2947.179,-0.256663972470999,-0.310736645992126,0.0540726735211262
2947.661,-0.27699203681734,-0.313125731042601,0.0361336942252606
2948.144,-0.251932821043297,-0.315470378652547,0.0635375576092498
2948.626,-0.268194814565238,-0.317760519353514,0.0495657047882765
2949.108,-0.260512428363747,-0.320000706148412,0.0594882777846658
2949.59,-0.268106933148353,-0.32219059415191,0.0540836610035569
2950.072,-0.266706029625215,-0.324329846191901,0.0576238165666854
2950.554,-0.267025778497125,-0.326418132861175,0.05939235436405
2951.036,-0.256995430463476,-0.328455132567963,0.071459702104487
2951.518,-0.261762536220292,-0.330440531585221,0.0686779953649283
2952,-0.253521466460207,-0.332374024098776,0.0788525576385691
2952.483,-0.271413759867507,-0.33425916087293,0.0628454010054234
2952.965,-0.284442911918429,-0.336087845616328,0.051644933697899
2953.447,-0.27673115051137,-0.337863753777177,0.0611326032658068
2953.929,-0.283901896325357,-0.339586611666264,0.0556847153409067
2954.411,-0.275078320035998,-0.341256153729499,0.0661778336935009
2954.893,-0.278926492315488,-0.342872122588673,0.0639456302731849
2955.375,-0.282135783832597,-0.344434269080894,0.0622984852482971
2955.857,-0.269649255252677,-0.345942352296821,0.0762930970441436
2956.34,-0.273368211517486,-0.347399099176421,0.0740308876589355
2956.822,-0.299600475517419,-0.348798252969551,0.0491977774521324
2957.304,-0.27357380139712,-0.350142670203385,0.0765688688062653
2957.786,-0.270864799808184,-0.351432143356881,0.0805673435486975
2958.268,-0.280797881398751,-0.352666473334545,0.0718685919357936
2958.75,-0.284074166813507,-0.353845469496971,0.0697713026834635
2959.232,-0.280084056693696,-0.354968949690066,0.0748848929963707
2959.714,-0.300585591677088,-0.356036740272998,0.0554511485959099
2960.197,-0.279744763049862,-0.357050717425961,0.0773059543760991
2960.678,-0.299484319487235,-0.358004600769714,0.0585202812824792
2961.161,-0.314575535829853,-0.358906174458993,0.0443306386291402
2961.643,-0.30128193833923,-0.359749524421547,0.0584675860823171
2962.125,-0.307429879089881,-0.360536444892374,0.0531065658024935
2962.607,-0.319864778698705,-0.361266813841327,0.0414020351426228
2963.089,-0.324864157779118,-0.361940517910305,0.037076360131187
2963.571,-0.311145886941031,-0.362557452430642,0.0514115654896118
2964.053,-0.324177446790859,-0.363117521439158,0.0389400746482988
2964.535,-0.314236117931511,-0.363620637692873,0.0493845197613622
2965.018,-0.321234779695956,-0.3640675888362,0.0428328091402442
2965.5,-0.327090946027841,-0.364456454264416,0.0373655082365753
2965.982,-0.31009361543942,-0.364788157539715,0.0546945421002946
2966.464,-0.327126138519535,-0.365062646438497,0.0379365079189621
2966.946,-0.311789125853501,-0.365279877510859,0.0534907516573583
2967.428,-0.304840018023086,-0.36543981608726,0.0605997980641742
2967.91,-0.308696935606541,-0.365542436283834,0.0568455006772932
2968.392,-0.308752149178567,-0.365587721006365,0.0568355718277981
2968.875,-0.309729854598739,-0.365575577324279,0.0558457227255401
2969.357,-0.301090832682348,-0.365506056023556,0.0644152233412077
2969.839,-0.296706018458536,-0.365379200751891,0.0686731822933548
2970.321,-0.298688712487799,-0.365195029604622,0.0665063171168236
2970.803,-0.298856445327072,-0.36495356946635,0.0660971241392786
2971.285,-0.289550967529728,-0.364654856006814,0.0751038884770865
2971.767,-0.297139949645569,-0.364298933675425,0.0671589840298558
2972.249,-0.291880692220836,-0.363885855694445,0.0720051634736094
2972.731,-0.289315495798181,-0.363415684050832,0.0741001882526511
2973.214,-0.290460053668721,-0.362887336500573,0.0724272828318525
2973.696,-0.277863311698599,-0.362303080451244,0.0844397687526445
2974.178,-0.284557942338118,-0.36166196937863,0.0771040270405122
2974.66,-0.277235116115587,-0.36096410023806,0.0837289841224725
2975.142,-0.290912613555705,-0.360209578688583,0.0692969651328784
2975.624,-0.288289875179572,-0.359398519076773,0.0711086438972008
2976.106,-0.272335981504693,-0.358531044419184,0.0861950629144913
2976.588,-0.287471283044955,-0.357607286383502,0.0701360033385479
2977.071,-0.260232619772708,-0.356625294019746,0.0963926742470376
2977.553,-0.283691704113796,-0.355589282723395,0.0718975786095994
2978.035,-0.276734775191038,-0.354497435085866,0.0777626598948277
2978.517,-0.254192163503848,-0.353349917181937,0.0991577536780888
2978.999,-0.265228869548007,-0.352146903623299,0.0869180340752919
2979.481,-0.253038253815653,-0.350888577531783,0.0978503237161297
2979.963,-0.257536996795299,-0.349575130511271,0.0920381337159722
2980.445,-0.275210328971813,-0.348206762618321,0.0729964336465083
2980.927,-0.26016011082643,-0.34678368233148,0.08662357150505
2981.41,-0.245187929927329,-0.345302984516229,0.1001150545889
2981.892,-0.258920363419637,-0.34377102605002,0.0848506626303826
2982.374,-0.232005028012797,-0.342185031324574,0.110180003311777
2982.856,-0.239532274173406,-0.340545242191031,0.101012968017625
2983.338,-0.241142322364407,-0.338851908749796,0.0977095863853892
2983.82,-0.242908273045071,-0.337105289312163,0.0941970162670919
2984.302,-0.232351606671006,-0.335305650360718,0.102954043689711
2984.784,-0.235220193694143,-0.333453266508473,0.0982330728143291
2985.267,-0.231907768501262,-0.33154441416002,0.0996366456587579
2985.749,-0.225317174519851,-0.329587288723376,0.104270114203524
2986.231,-0.222192195270267,-0.327578291208297,0.10538609593803
2986.713,-0.235315781189687,-0.325517728332475,0.0902019471427876
2987.195,-0.24253733271161,-0.323405914721023,0.0808685820094129
2987.677,-0.212448940265833,-0.321243172858249,0.108794232592415
2988.159,-0.221906094278459,-0.319029833038195,0.0971237387597353
2988.641,-0.200061515171878,-0.316766233313983,0.116704718142105
2989.124,-0.211726764210038,-0.31444786798295,0.102721103772912
2989.605,-0.21537099927215,-0.312089644848788,0.0967186455766384
2990.088,-0.241673625885465,-0.309672314929968,0.0679986890445035
2990.57,-0.238405619320574,-0.307211108541783,0.0688054892212097
2991.052,-0.241011411693616,-0.304701447833677,0.0636900361400602
2991.534,-0.246709373404677,-0.302143716298925,0.0554343428942475
2992.016,-0.24515368485012,-0.299538304802356,0.0543846199522361
2992.498,-0.224435566422574,-0.296885611520422,0.0724500450978478
2992.98,-0.23372842851094,-0.294186041880135,0.0604576133691948
2993.462,-0.242731381500366,-0.291440008496872,0.0487086269965057
2993.945,-0.2197821353272,-0.288642090851754,0.0688599555245538
2994.427,-0.228348692134457,-0.28580430207184,0.0574556099373831
2994.909,-0.213772220976548,-0.282921330794477,0.0691491098179294
2995.391,-0.219400482223637,-0.279993617759283,0.0605931355356453
2995.873,-0.210963796242119,-0.277021610566942,0.0660578143248228
2996.355,-0.198513153394643,-0.274005763610538,0.0754926102158953
2996.837,-0.196619004040084,-0.270946538005889,0.0743275339658055
2997.319,-0.180472738533556,-0.267844401520829,0.0873716629872731
2997.802,-0.211038143805968,-0.264693260712907,0.0536551169069384
2998.284,-0.171152857926923,-0.261506645478311,0.0903537875513879
2998.766,-0.178139276939334,-0.258278562874199,0.0801392859348651
2999.248,-0.176152961183202,-0.25500950656226,0.078856545379058
2999.73,-0.159917950994757,-0.251699976487408,0.0917820254926515
3000.212,-0.172544596706434,-0.248350478801105,0.0758058820946711
3000.694,-0.161969428646884,-0.24496152578378,0.0829920971368956
3001.176,-0.156110667140961,-0.241533635766236,0.0854229686252746
3001.658,-0.139006642509734,-0.238067333050181,0.0990606905404466
3002.141,-0.138783219607191,-0.234555838726102,0.0957726191189111
3002.623,-0.121051650560602,-0.231014230077639,0.109962579517036
3003.105,-0.134541339329719,-0.227435817782517,0.0928944784527984
3003.587,-0.131685556220383,-0.223821149224704,0.0921355930043215
3004.069,-0.111819671534626,-0.220170777347968,0.108351105813343
3004.551,-0.12006789557066,-0.216485260571144,0.0964173650004841
3005.033,-0.128439358622877,-0.212765162702413,0.0843258040795352
3005.515,-0.108648410981861,-0.209011052852923,0.100362641871062
3005.998,-0.13171235458848,-0.205215613009864,0.0735032584213843
3006.48,-0.111763307309559,-0.201395139742142,0.0896318324325832
3006.962,-0.111638450186739,-0.19754239398579,0.0859039437990515
3007.444,-0.111408183495278,-0.193657965193191,0.0822497816979127
3007.926,-0.116212497506595,-0.189742447675269,0.0735299501686739
3008.408,-0.120212262488263,-0.18579644051033,0.0655841780220677
3008.89,-0.104702458704015,-0.181820547452193,0.0771180887481781
3009.372,-0.10571208641375,-0.177815376837642,0.0721032904238921
3009.854,-0.0888604858735071,-0.173781541493064,0.0849210556195571
3010.337,-0.0954890870408605,-0.169711202772844,0.0742221157319839
3010.819,-0.0947519716504246,-0.165621837684134,0.070869866033709
3011.301,-0.08406375875553,-0.161505673641911,0.0774419148863806
3011.783,-0.0814870485967809,-0.157363340493197,0.0758762918964157
3012.265,-0.0644124914109447,-0.153195472097964,0.0887829806870192
3012.747,-0.0561097674308897,-0.149002706231958,0.0928929388010685
3013.229,-0.049567306885649,-0.144785684488921,0.0952183776032719
3013.711,-0.0544976300003661,-0.14054505218216,0.0860474221817936
3014.194,-0.0833290738935339,-0.136272589198521,0.0529435153049866
3014.676,-0.0506049258889512,-0.131986640483267,0.0813817145943159
3015.158,-0.051440922196953,-0.127679039833623,0.0762381176366697
3015.64,-0.0554135230271662,-0.123350446452984,0.0679369234258183
3016.122,-0.0599512485853388,-0.119001522763919,0.0590502741785797
3016.604,-0.049960029073322,-0.114632934306619,0.0646729052332967
3017.086,-0.0602067146890839,-0.110245349636817,0.0500386349477333
3017.568,-0.0426920756266966,-0.105839440223254,0.063147364596557
3018.051,-0.0487865461940089,-0.101406684956231,0.0526201387622224
3018.532,-0.0388814142242744,-0.0969753469868346,0.0580939327625602
3019.015,-0.0233986481792101,-0.0925092567435284,0.0691106085643183
3019.497,-0.0143779631718601,-0.0880367860113698,0.0736588228395097
3019.979,-0.025757854398595,-0.0835493893785278,0.0577915349799328
3020.461,-0.0165673320300677,-0.0790477536197157,0.0624804215896481
3020.943,-0.0149612262330123,-0.0745325676931702,0.0595713414601579
3021.425,-0.005120457170257,-0.0700045226350107,0.0648840654647537
3021.907,-0.0205850550007156,-0.0654643114533071,0.0448792564525915
3022.389,0.0226732901206255,-0.0609126290217466,0.083585919142372
3022.872,0.013352404865973,-0.0563406955785528,0.0696931004445258
3023.354,0.0158835045341235,-0.0517681420196085,0.0676516465537319
3023.836,0.0155708667123413,-0.0471862134123439,0.0627570801246852
3024.318,0.0121575012613491,-0.0425956110277259,0.054753112289075
3024.8,0.0270951980457959,-0.0379970374668419,0.0650922355126377
3025.282,0.0220733869342666,-0.0333911965531256,0.0554645834873922
3025.764,0.0434681077992813,-0.0287787932244485,0.0722469010237299
3026.246,0.0384317805172927,-0.0241605334250034,0.0625923139422961
3026.729,0.0627521945222824,-0.0195275269991092,0.0822797215213916
3027.211,0.0472361196818127,-0.0148996670949908,0.0621357867768035
3027.693,0.05878865634714,-0.0102680749776559,0.0690567313247959
3028.175,0.0593887644105138,-0.00563345953387146,0.0650222239443852
3028.657,0.0665698637681267,-0.000996530114008807,0.0675663938821355
3029.139,0.0842318043201296,0.00364200357669635,0.0805898007434332
3029.621,0.0807159159706181,0.00828143158701283,0.0724344843836053
3030.103,0.0872100586276545,0.0129210438285622,0.0742890147990923
3030.585,0.0767661522032554,0.0175601301847147,0.0592060220185408
3031.068,0.0944913279709674,0.0222076009386141,0.0722837270323532
3031.55,0.0891722922242231,0.0268435008309868,0.0623287913932363
3032.032,0.111327817155729,0.0314767439357173,0.0798510732200117
3032.514,0.109115332693364,0.0361066211128902,0.0730087115804734
3032.996,0.0890590487689877,0.0407324237387103,0.0483266250302774
3033.478,0.107429045318433,0.0453534438142269,0.0620756015042063
3033.96,0.107457262281496,0.0499689740738831,0.0574882882076131
3034.442,0.105092399601958,0.0545783080939569,0.0505140915080008
3034.925,0.103865901288383,0.0591902813525061,0.0446756199358773
3035.407,0.105918318258531,0.0637850910193977,0.0421332272391338
3035.889,0.102862595441216,0.0683715898514901,0.0344910055897263
3036.371,0.111487492796154,0.0729490758769825,0.038538416919172
3036.853,0.124846640287053,0.077516848506147,0.0473297917809063
3037.335,0.125611327881593,0.0820742086388203,0.0435371192427728
3037.817,0.119816285551469,0.0866204587715357,0.0331958267799332
3038.299,0.128631333272352,0.0911549031045411,0.0374764301678112
3038.781,0.122725911023913,0.095676847648478,0.0270490633754352
3039.264,0.143518274634872,0.100194940397509,0.0433233342373624
3039.746,0.140732111489925,0.104689781652103,0.0360423298378215
3040.228,0.143429128338653,0.109170051649682,0.0342590766889709
3040.71,0.149643305176728,0.113635064708401,0.0360082404683263
3041.192,0.155744082003828,0.118084137486035,0.0376599445177935
3041.674,0.170227118823654,0.122516589084742,0.0477105297389122
3042.156,0.167435865643895,0.126931741155534,0.0405041244883616
3042.638,0.171292762476266,0.131328918002247,0.0399638444740195
3043.121,0.203649337876776,0.135716510919538,0.0679328269572382
3043.603,0.207635643871821,0.140075680584798,0.0675599632870235
3044.085,0.211159339938245,0.144414863507696,0.0667444764305491
3044.567,0.217761486103822,0.148733395641758,0.0690280904620636
3045.049,0.214144742400336,0.153030616107303,0.0611141262930334
3045.531,0.231641398863609,0.157305867292696,0.0743355315709123
3046.013,0.214831765533475,0.161558494955285,0.0532732705781896
3046.495,0.239168532453782,0.165787848321654,0.0733806841321275
3046.978,0.229351170910867,0.170001979836465,0.0593491910744019
3047.459,0.22950030724131,0.174174147016721,0.0553261602245887
3047.942,0.219310924630779,0.17833840410367,0.0409725205271093
3048.424,0.228291432160166,0.182468171148026,0.0458232610121401
3048.906,0.227333760219842,0.18657146423462,0.0407622959852225
3049.388,0.222055368877854,0.190647655490163,0.0314077133876903
3049.87,0.218731368206278,0.194696121197411,0.0240352470088669
3050.352,0.236847138281231,0.198716241890722,0.0381308963905089
3050.834,0.212410549182863,0.202707402451134,0.00970314673172926
3051.316,0.213650860995365,0.206668992200646,0.00698186879471913
3051.799,0.244344925929152,0.210608529667031,0.0337363962621209
3052.281,0.250224418921643,0.214509099514407,0.0357153194072364
3052.763,0.265664723102049,0.218378292862492,0.0472864302395569
3053.245,0.252293388570731,0.222215517736687,0.030077870834044
3053.727,0.246899455432121,0.226020187064694,0.0208792683674269
3054.209,0.254781173794676,0.229791718766519,0.0249894550281573
3054.691,0.26178469377092,0.233529535843776,0.0282551579271441
3055.173,0.271996485477423,0.237233066468117,0.0347634190093065
3055.656,0.248036373877273,0.240909318813416,0.00712705506385683
3056.138,0.27027855850157,0.244542508111622,0.0257360503899482
3056.62,0.273398745230423,0.248139726217728,0.0252590190126957
3057.102,0.275279074196625,0.25170042286393,0.023578651332695
3057.584,0.273783765537022,0.255224053382921,0.0185597121541008
3058.066,0.262854729392529,0.258710078791399,0.00414465060113089
3058.548,0.291089015908117,0.262157965872723,0.0289310500353938
3059.03,0.282348325232807,0.265567187258677,0.0167811379741299
3059.512,0.302102077519695,0.268937221510336,0.033164856009359
3059.995,0.293181019599317,0.27227442097482,0.0209065986244965
3060.477,0.28949286738025,0.275564456804865,0.0139284105753856
3060.959,0.29506159860739,0.278813776517193,0.016247822090197
3061.441,0.310252303450103,0.282021883193464,0.0282304202566387
3061.923,0.305584912081809,0.28518828623525,0.0203966258465585
3062.405,0.290183364680011,0.288312501439303,0.00187086324070823
3062.887,0.294465311426272,0.291394051071756,0.0030712603545161
3063.369,0.321248632506236,0.294432463941442,0.0268161685647943
3063.852,0.312589697544212,0.297433443131796,0.0151562544124154
3064.334,0.325526706961906,0.300384103552884,0.0251426034090216
3064.816,0.309562761295059,0.30329025268228,0.00627250861277873
3065.298,0.300882360745621,0.306151446226098,-0.0052690854804765
3065.78,0.333404695519604,0.308967246784269,0.024437448735335
3066.262,0.337992545827099,0.311737223917655,0.0262553219094435
3066.744,0.32421918188227,0.314460954214025,0.00975822766824497
3067.226,0.321831183903381,0.317138021353014,0.00469316255036673
3067.708,0.32469623211275,0.319768016169924,0.0049282159428255
3068.191,0.336022548059312,0.322355845020579,0.0136667030387321
3068.673,0.32451670842967,0.324890396916375,-0.000373688486705159
3069.155,0.333614485680247,0.3273766917562,0.00623779392404678
3069.637,0.338762770049705,0.329814349629877,0.00894842041982752
3070.119,0.341957361780789,0.33220299808561,0.00975436369517885
3070.601,0.345615751120331,0.334542272187075,0.0110734789332557
3071.083,0.347618038319244,0.336831814569415,0.0107862237498288
3071.565,0.361318193632531,0.339071275494002,0.0222469181385287
3072.048,0.359863011463492,0.341264801825145,0.018598209638347
3072.53,0.353698622892196,0.343402975741489,0.0102956471507072
3073.012,0.356191723225354,0.34549006460279,0.0107016586225643
3073.494,0.355719942734318,0.347525749716231,0.00819419301808638
3073.976,0.360443481694539,0.349509720271647,0.0109337614228914
3074.458,0.358148410385546,0.351441673389177,0.00670673699636892
3074.94,0.388332509090976,0.353321314165729,0.0350111949252468
3075.422,0.367596058098535,0.355148355720182,0.0124477023783531
3075.905,0.365048974701182,0.356926144918836,0.00812282978234552
3076.386,0.387599898191382,0.358643534010976,0.0289563641804061
3076.869,0.371887795094406,0.360314541544239,0.0115732535501663
3077.351,0.380446307380801,0.361928367754255,0.0185179396265459
3077.833,0.374364681469928,0.363488281660565,0.0108763998093628
3078.315,0.372949747674067,0.36499404541146,0.00795570226260711
3078.797,0.379224226309603,0.366445429459045,0.0127787968505581
3079.279,0.38358556769699,0.367842212594423,0.0157433551025673
3079.761,0.389005792160791,0.369184181981629,0.019821610179162
3080.243,0.388611880029675,0.370471133190264,0.0181407468394107
3080.726,0.364135809765312,0.371705368171381,-0.00756955840606954
3081.208,0.379939454563385,0.372881588379079,0.00705786618430515
3081.69,0.376657823777784,0.374002227494853,0.00265559628293072
3082.172,0.392866487753565,0.375067115028808,0.0177993727247573
3082.654,0.374484946839875,0.376076089040441,-0.00159114220056616
3083.136,0.385010751389949,0.377028996163454,0.00798175522649514
3083.618,0.385381551761132,0.37792569162929,0.00745586013184169
3084.1,0.382740138314858,0.378766039289321,0.00397409902553775
3084.583,0.362519502497701,0.379551479137062,-0.017031976639361
3085.065,0.394477661639833,0.3802786397896,0.0141990218502325
3085.547,0.381525468074191,0.380949095892672,0.000576372181518625
3086.029,0.3830320621786,0.381562745990954,0.00146931618764573
3086.511,0.378568584334996,0.3821194973402,-0.0035509130052036
3086.993,0.360519984929415,0.382619265921459,-0.0220992809920446
3087.475,0.37824708435198,0.383061976453966,-0.00481489210198605
3087.957,0.353767832996922,0.383447562406675,-0.0296797294097527
3088.439,0.366566821262573,0.383775966008475,-0.0172091447459015
3088.922,0.380734452762965,0.384047641333841,-0.00331318857087604
3089.404,0.359680430611338,0.38426142314671,-0.0245809925353727
3089.886,0.384458719300842,0.384417901880655,4.0817420186412e-05
3090.368,0.375912289246195,0.384517054897646,-0.0086047656514518
3090.85,0.38270091086623,0.384558868350426,-0.00185795748419548
3091.332,0.368082764583871,0.384543337184631,-0.0164605726007596
3091.814,0.384626530826129,0.384470465139569,0.000156065686559959
3092.296,0.366250440024135,0.384340264747644,-0.0180898247235091
3092.779,0.385444388886956,0.384152308761818,0.00129208012513776
3093.261,0.378172914443226,0.383907405640441,-0.00573449119721492
3093.743,0.385022024274104,0.383605264591859,0.00141675968224447
3094.225,0.388028308827106,0.383245933306371,0.00478237552073518
3094.707,0.395493498553837,0.382829468244273,0.0126640303095635
3095.189,0.377279483910012,0.382355934627196,-0.00507645071718393
3095.671,0.364302275355438,0.381825406428112,-0.0175231310726733
3096.153,0.384896753354013,0.381237966359981,0.0036587869940321
3096.635,0.377176088373727,0.380593705863077,-0.00341761748935071
3097.118,0.388615769426082,0.379891211887483,0.00872455753859896
3097.6,0.377287989054121,0.379133502359726,-0.00184551330560523
3098.082,0.367587287132864,0.378319299193824,-0.01073201206096
3098.564,0.369931234146691,0.377448728603664,-0.00751749445697375
3099.046,0.348386860584082,0.376521925446959,-0.0281350648628767
3099.528,0.379025596937606,0.37553903320456,0.00348656373304601
3100.01,0.38216318370392,0.374500203958449,0.00766297974547081
3100.492,0.357877951383788,0.373405598368438,-0.0155276469846496
3100.975,0.350556132213484,0.372252941632463,-0.0216968094189793
3101.457,0.366530282392986,0.371047184712743,-0.0045169023197571
3101.939,0.364573955013917,0.369786185037706,-0.00521223002378879
3102.421,0.368197640593397,0.368470137336498,-0.000272496743100425
3102.903,0.36342988965265,0.367099244779761,-0.0036693551271107
3103.385,0.35716561271698,0.365673718948469,-0.00850810623148934
3103.867,0.368771480315775,0.364193779801494,0.00457770051428175
3104.349,0.357223222982515,0.362659655641863,-0.00543643265934801
3104.832,0.368863706246135,0.361068232414687,0.0077954738314473
3105.313,0.370235205674199,0.359429807006234,0.0108053986679651
3105.796,0.36847700010442,0.357731008086645,0.0107459920177745
3106.278,0.390399077624458,0.355982482464385,0.0344165951600732
3106.76,0.360981322942283,0.354181037804742,0.00680028513754122
3107.242,0.3456899166159,0.352326951712914,-0.00663703509701374
3107.724,0.360633739207387,0.350420509866531,0.0102132293408557
3108.206,0.353422771282901,0.348462005971868,0.00496076531103307
3108.688,0.356561713412695,0.346451741718803,0.0101099716938927
3109.17,0.361143816171086,0.344390026734545,0.0167537894365417
3109.653,0.358683436805251,0.342272742105229,0.0164106947000215
3110.135,0.365765621734568,0.340108980984083,0.0256566407504847
3110.617,0.357109999041146,0.337894745855793,0.0192152531853536
3111.099,0.364085819315619,0.335630377626057,0.0284554416895619
3111.581,0.366972493152712,0.33331622488836,0.0336562682643522
3112.063,0.366027431151217,0.330952643870546,0.0350747872806705
3112.545,0.34961398391399,0.328539998380169,0.0210739855338211
3113.027,0.338301582047972,0.326078659748711,0.0122229222992611
3113.51,0.348930696261487,0.323563750069779,0.0253669461917083
3113.992,0.335983876159435,0.321006069931071,0.0149778062283642
3114.474,0.31844596327511,0.318400856038258,4.51072368515271e-05
3114.956,0.335498908231742,0.315748509252768,0.0197503989789736
3115.438,0.328735971656609,0.313049437663746,0.0156865339928631
3115.92,0.321735564181076,0.310304056525491,0.0114315076555844
3116.402,0.308200156440556,0.307512788193748,0.000687368246807651
3116.884,0.309585999074532,0.304676062060985,0.00490993701354653
3117.366,0.298549262726549,0.30179431449051,-0.00324505176396073
3117.849,0.298468920847043,0.298861871506551,-0.000392950659508506
3118.331,0.28971168767837,0.295891326618943,-0.006179638940573
3118.813,0.308602007484097,0.292877111489091,0.0157248959950066
3119.295,0.289127960924002,0.28981968969784,-0.000691728773838218
3119.777,0.29451467866193,0.286719531451705,0.00779514721022517
3120.259,0.296558021365779,0.283577113510715,0.0129809078550648
3120.741,0.291472709707495,0.280392919115362,0.0110797905921329
3121.223,0.281117394363083,0.277167437912429,0.00394995645065344
3121.706,0.298798462423331,0.273894347327377,0.0249041150959545
3122.188,0.27418347095837,0.27058770363868,0.00359576731969008
3122.67,0.284095757860999,0.267241280826225,0.0168544770347741
3123.152,0.277161423823426,0.263855593414182,0.0133058304092435
3123.634,0.280564099541884,0.26043116194787,0.0201329375940141
3124.116,0.289503815716664,0.256968512913896,0.0325353028027674
3124.598,0.266496243052096,0.253468178659476,0.01302806439262
3125.08,0.270376112256532,0.249930697310744,0.0204454149457879
3125.562,0.258082654042386,0.246356612690293,0.0117260413520931
3126.045,0.254621278455101,0.242738947226102,0.0118823312289991
3126.527,0.265323726777837,0.23909323682933,0.0262304899485067
3127.009,0.244624249844918,0.235412589137137,0.00921166070778059
3127.491,0.247926408384878,0.231697569926335,0.0162288384585429
3127.973,0.265569543130297,0.227948750244528,0.0376207928857696
3128.455,0.236442964817773,0.224166706322568,0.0122762584952049
3128.937,0.237826244187939,0.220352019486139,0.0174742247018005
3129.419,0.232658931985444,0.216505276066675,0.0161536559187695
3129.902,0.221272332094703,0.212618988939708,0.00865334315499464
3130.384,0.235086618229925,0.208709847499779,0.0263767707301463
3130.866,0.240022945052143,0.204770438853853,0.0352525061982903
3131.348,0.236938093322088,0.20080136845915,0.0361367248629377
3131.83,0.21955570380452,0.196803246321469,0.0227524574830509
3132.312,0.215707257268193,0.192776686901636,0.0229305703665567
3132.794,0.220431474485892,0.188722309021253,0.0317091654646385
3133.276,0.200447446234403,0.184640735767847,0.0158067104665558
3133.759,0.199297780337247,0.180524044104188,0.0187737362330584
3134.24,0.211802606451013,0.176398516247529,0.0354040902034836
3134.723,0.203966322028755,0.172230481345666,0.0317358406830887
3135.205,0.210546348997571,0.168046388936189,0.0424999600613819
3135.687,0.224022924442846,0.163838278551264,0.0601846458915819
3136.169,0.209343809165375,0.159606796852945,0.0497370123124302
3136.651,0.189640503969962,0.155352594087204,0.034287909882758
3137.133,0.188832479665397,0.151076323984279,0.0377561556811175
3137.615,0.198258747064461,0.14677864365835,0.0514801034061111
3138.097,0.181018906983923,0.142460213506828,0.0385586934770945
3138.58,0.191885499818895,0.138112675620048,0.0537728241988464
3139.062,0.154748436508022,0.133754700041016,0.0209937364670059
3139.544,0.171433898193492,0.129377975905042,0.0420559222884491
3140.026,0.148719695708007,0.124983175730728,0.0237365199772788
3140.508,0.154325069888252,0.120570974808574,0.0337540950796777
3140.99,0.151463161574892,0.116142051097484,0.0353211104774078
3141.472,0.147756031612552,0.111697085120718,0.036058946491834
3141.954,0.147094540849835,0.107236759861633,0.0398577809882025
3142.437,0.126435583861799,0.10275246165125,0.0236831222105491
3142.919,0.135477623336641,0.0982634477925662,0.0372141755440746
3143.401,0.140237484582496,0.0937611387458324,0.0464763458366635
3143.883,0.124052998463828,0.0892462262878229,0.034806772176005
3144.365,0.117905925849058,0.0847194041279917,0.0331865217210666
3144.847,0.110330757610566,0.0801813678021346,0.030149389808431
3145.329,0.129021254624675,0.0756328145657204,0.0533884400589546
3145.811,0.135286197771673,0.0710744432869625,0.064211754484711
3146.293,0.125295317935784,0.0665069543396394,0.0587883635961444
3146.776,0.125351663281045,0.0619215476564129,0.0634301156246317
3147.258,0.122720899440878,0.0573379147083313,0.0653829847325471
3147.74,0.112311695296032,0.0527472746336609,0.0595644206623714
3148.222,0.0982152417465016,0.0481503327545391,0.0500649089919626
3148.704,0.0949295296962163,0.0435477953594758,0.0513817343367404
3149.186,0.115871220053045,0.0389403695950045,0.07693085045804
3149.668,0.0827602037287782,0.034328763357337,0.0484314403714412
3150.15,0.0928488716391378,0.0297136851836936,0.0631351864554442
3150.633,0.0853904663751415,0.0250862611808152,0.0603042051943263
3151.115,0.106305124825774,0.020466363245555,0.0858387615802186
3151.597,0.0723142402836459,0.0158451232184164,0.0564691170652295
3152.079,0.0767984936801582,0.0112232511139927,0.0655752425661655
3152.561,0.0745243859506282,0.00660145704377316,0.067922928906855
3153.043,0.0606956780342784,0.00198045110726998,0.0587152269270085
3153.525,0.0662174208742385,-0.0026390567168313,0.0688564775910698
3154.007,0.0705262854175395,-0.00725635667959864,0.0777826420971381
3154.49,0.0713803188049553,-0.0118803092543412,0.0832606280592965
3154.972,0.0566472389354686,-0.0164910574507914,0.0731382963862601
3155.454,0.0545740636358047,-0.0210974695365317,0.0756715331723365
3155.936,0.043186303868584,-0.0256988377708219,0.0688851416394059
3156.418,0.0449585006003161,-0.0302944551863852,0.0752529557867014
3156.9,0.0485361848013959,-0.0348836156978256,0.0834198004992215
3157.382,0.0385747974461026,-0.0394656142099095,0.0780404116560121
3157.864,0.0373120995125937,-0.0440397467256695,0.0813518462382632
3158.346,0.0258363519828961,-0.0486053104543608,0.0744416624372569
3158.829,0.0234535360183372,-0.0531710466879655,0.0766245827063027
3159.311,0.0250964315999056,-0.0577173484219432,0.0828137800218488
3159.793,0.0156355705566682,-0.0622529798631826,0.0778885504198508
3160.275,-0.00239790611387392,-0.066777244125009,0.0643793380111351
3160.757,0.00614912258965106,-0.0712894460638592,0.0774385686535102
3161.239,0.0194862876724642,-0.0757888923859363,0.0952751800584005
3161.721,0.00369417014363904,-0.0802748917534531,0.0839690618970921
3162.203,-0.0150681189838977,-0.0847467548907037,0.069678635906806
3162.686,0.00304288627554428,-0.0892130257759843,0.0922559120515286
3163.167,-0.00234733796418141,-0.0936453263157317,0.0912979883515503
3163.65,-0.00752193208317564,-0.098079831215135,0.0905578991319593
3164.132,-0.00765936803635725,-0.102488265901486,0.0948288978651287
3164.614,-0.000917940463871503,-0.106879151194809,0.105961210730937
3165.096,-0.0168826883297513,-0.111251812404925,0.0943691240751735
3165.578,-0.0134902105942203,-0.115605577636279,0.102115367042059
3166.06,-0.0113553862136797,-0.119939777890977,0.108584391677297
3166.542,-0.0318495841407014,-0.124253747171355,0.0924041630306541
3167.024,-0.047198713324061,-0.128546822582142,0.0813481092580809
3167.507,-0.021313114056106,-0.132827183649838,0.111514069593732
3167.989,-0.0335574932027143,-0.137076448794194,0.103518955591479
3168.471,-0.0390218404269014,-0.141302849660312,0.10228100923341
3168.953,-0.0354810946621988,-0.145505736781341,0.110024642119142
3169.435,-0.0363296148383547,-0.149684464296207,0.113354849457852
3169.917,-0.0610998398813116,-0.153838390048653,0.0927385501673409
3170.399,-0.0527686787132389,-0.157966875685734,0.105198196972495
3170.881,-0.0639262202525046,-0.162069286755666,0.0981430665031614
3171.364,-0.0636206996562656,-0.166153420431831,0.102532720775566
3171.846,-0.0977549439518661,-0.170201737750438,0.0724467937985721
3172.328,-0.0857649976849935,-0.174222100237145,0.0884571025521515
3172.81,-0.0995722697589336,-0.178213890020644,0.0786416202617103
3173.292,-0.0868784090731793,-0.182176493611161,0.0952980845379812
3173.774,-0.0837078145234784,-0.186109301994559,0.10240148747108
3174.256,-0.0943438450018164,-0.190011710725758,0.0956678657239419
3174.738,-0.0980710593964211,-0.193883120021363,0.0958120606249414
3175.22,-0.110311186591787,-0.197722934851705,0.0874117482599187
3175.703,-0.140705357044652,-0.201538430817023,0.0608330737723707
3176.185,-0.106560247060902,-0.205313222505796,0.0987529754448949
3176.667,-0.108544516506562,-0.209054662872663,0.100510146366101
3177.149,-0.124170444251153,-0.212762176818369,0.0885917325672159
3177.631,-0.112204939160463,-0.216435194446236,0.104230255285772
3178.113,-0.114453170096564,-0.220073151149495,0.105619981052931
3178.595,-0.123253595917792,-0.223675487697893,0.100421891780101
3179.077,-0.131312485478787,-0.227241650323475,0.0959291648446882
3179.56,-0.114380653788857,-0.230778374746138,0.116397720957281
3180.042,-0.122551777940373,-0.234270472622171,0.111718694681798
3180.524,-0.136407822370888,-0.237724767782173,0.101316945411285
3181.006,-0.131355095920195,-0.241140729159965,0.109785633239769
3181.488,-0.115327737424408,-0.244517831567813,0.129190094143405
3181.97,-0.137239415715936,-0.247855555776885,0.11061614006095
3182.452,-0.125993629623508,-0.251153388596935,0.125159758973427
3182.934,-0.128795657972177,-0.254410822954966,0.12561516498279
3183.417,-0.122617150170697,-0.257633988423209,0.135016838252512
3183.899,-0.151713644404499,-0.260809043105733,0.109095398701234
3184.381,-0.14033311953003,-0.263942214577264,0.123609095047234
3184.863,-0.13088241435765,-0.267033021015234,0.136150606657584
3185.345,-0.13095459769406,-0.270080987093701,0.139126389399641
3185.827,-0.161708888342304,-0.273085644056157,0.111376755713854
3186.309,-0.154410285101775,-0.276046529787478,0.121636244685703
3186.791,-0.145337686768233,-0.278963188884753,0.13362550211652
3187.273,-0.151049492133783,-0.281835172727123,0.13078568059334
3187.756,-0.172703925368541,-0.284667857211649,0.111963931843108
3188.238,-0.171170335014111,-0.287449077199656,0.116278742185545
3188.72,-0.17296584471077,-0.290184316564833,0.117218471854063
3189.202,-0.176520693236114,-0.292873154506659,0.116352461270545
3189.684,-0.15840874936411,-0.295515177340132,0.137106427976022
3190.166,-0.171784061865115,-0.298109978559277,0.126325916694163
3190.648,-0.176149309505877,-0.30065715889942,0.124507849393543
3191.13,-0.179421141049556,-0.303156326398459,0.123735185348903
3191.613,-0.13488557472742,-0.305612130470222,0.170726555742802
3192.094,-0.184189910880246,-0.308009091897109,0.123819181016863
3192.577,-0.191196157143875,-0.310366773116571,0.119170615972696
3193.059,-0.175971422353175,-0.312670014679497,0.136698592326322
3193.541,-0.171608875224663,-0.314923394465468,0.143314519240804
3194.023,-0.168264484499961,-0.317126565566053,0.148862081066092
3194.505,-0.17462814891713,-0.319279188772193,0.144651039855063
3194.987,-0.176757147210676,-0.321380932626254,0.144623785415578
3195.469,-0.163458368111534,-0.323431473472832,0.159973105361298
3195.951,-0.1795114103471,-0.325430495508379,0.145919085161279
3196.434,-0.178771716992117,-0.327381676570823,0.148609959578707
3196.916,-0.175414498538391,-0.329276636769231,0.15386213823084
3197.398,-0.17364438757761,-0.331119177738022,0.157474790160412
3197.88,-0.202730592822999,-0.332909015569992,0.130178422746994
3198.362,-0.215742072984256,-0.334645874439826,0.118903801455571
3198.844,-0.197991536767553,-0.336329486646431,0.138337949878878
3199.326,-0.203186042875558,-0.337959592653955,0.134773549778397
3199.808,-0.209881820007414,-0.339535941131618,0.129654121124204
3200.291,-0.203232324922052,-0.341061391092505,0.137829066170454
3200.773,-0.199786820636827,-0.342529390769818,0.14274257013299
3201.255,-0.221164383449167,-0.343942928073109,0.122778544623942
3201.737,-0.224472632044236,-0.345301784881932,0.120829152837696
3202.219,-0.217977225103695,-0.346605751460961,0.128628526357265
3202.701,-0.219777601305736,-0.347854626492169,0.128077025186433
3203.183,-0.21261559932509,-0.349048217105696,0.136432617780605
3203.665,-0.242119577832998,-0.350186338909427,0.108066761076429
3204.147,-0.219482855497251,-0.351268816017268,0.131785960520017
3204.63,-0.22626340301365,-0.35229755295853,0.12603414994488
3205.112,-0.22868156540715,-0.353268130892722,0.124586565485572
3205.594,-0.240202922936867,-0.354182587469313,0.113979664532447
3206.076,-0.224633004256798,-0.355040781100771,0.130407776843973
3206.558,-0.236573558017501,-0.355842578827368,0.119269020809867
3207.04,-0.23947494286611,-0.356587856337558,0.117112913471447
3207.522,-0.228999177446337,-0.357276497987045,0.128277320540708
3208.004,-0.240615540398473,-0.357908396816521,0.117292856418048
3208.487,-0.229084215729145,-0.358484588484204,0.129400372755059
3208.969,-0.23320306173683,-0.359002597415993,0.125799535679162
3209.451,-0.227801082014029,-0.359463594758515,0.131662512744486
3209.933,-0.249181885187419,-0.359867508461208,0.11068562327379
3210.415,-0.2383853898803,-0.360214275227164,0.121828885346864
3210.897,-0.23741254471258,-0.360503840522827,0.123091295810247
3211.379,-0.235675688300802,-0.360736158586364,0.125060470285563
3211.861,-0.233446149258132,-0.360911192434676,0.127465043176545
3212.344,-0.243393184720635,-0.361029098513369,0.117635913792735
3212.826,-0.24652440662376,-0.361089369164119,0.11456496254036
3213.308,-0.22462590171245,-0.361092297359854,0.136466395647404
3213.79,-0.241702578586452,-0.361037881293903,0.119335302707452
3214.272,-0.221379035842176,-0.360926127953213,0.139547092111037
3214.754,-0.244757112072694,-0.360757053117273,0.115999941044578
3215.236,-0.232719935867763,-0.360530681355696,0.127810745487933
3215.718,-0.255642525813805,-0.360247046024455,0.10460452021065
3216.2,-0.266338960493943,-0.359906189260761,0.0935672287668178
3216.683,-0.258281140343492,-0.359507276805184,0.101226136461693
3217.165,-0.261763450583075,-0.359052020260426,0.0972885696773513
3217.647,-0.266612731283317,-0.358539721462041,0.0919269901787243
3218.129,-0.254881881014132,-0.357970457612279,0.103088576598147
3218.611,-0.24458282834215,-0.357344314648853,0.112761486306703
3219.093,-0.263676081830734,-0.356661387231762,0.0929853054010277
3219.575,-0.251296240039974,-0.355921778728778,0.104625538688804
3220.057,-0.232866111526686,-0.355125601199588,0.122259489672902
3220.54,-0.246818549458382,-0.354271147855838,0.107452598397456
3221.021,-0.23512654854358,-0.353364030656513,0.118237482112933
3221.504,-0.22720610644453,-0.352396844425445,0.125190737980915
3221.986,-0.242784586869565,-0.351375568502155,0.108590981632591
3222.468,-0.241130433304452,-0.350298413912931,0.109167980608479
3222.95,-0.242778574286575,-0.349165544479405,0.10638697019283
3223.432,-0.220206948350089,-0.347977132566964,0.127770184216874
3223.914,-0.244172274025942,-0.346733359058298,0.102561085032356
3224.396,-0.222070699841879,-0.345434413325691,0.123363713483812
3224.878,-0.236547224322454,-0.344080493201958,0.107533268879504
3225.361,-0.232685253779298,-0.342668825576562,0.109983571797264
3225.843,-0.234125581450773,-0.341205470905678,0.107079889454905
3226.325,-0.241593113338329,-0.339687786266897,0.0980946729285678
3226.807,-0.233669977953781,-0.338116003036156,0.104446025082375
3227.289,-0.250244293805789,-0.336490360885302,0.0862460670795129
3227.771,-0.241483229399858,-0.334811107745321,0.093327878345463
3228.253,-0.254593403238335,-0.333078499768332,0.0784850965299969
3228.735,-0.242321533820427,-0.331292801288287,0.0889712674678608
3229.218,-0.243338929752337,-0.329450415719949,0.0861114859676124
3229.7,-0.229271159582648,-0.327559253057534,0.0982880934748861
3230.182,-0.227438401632288,-0.325615842180602,0.0981774405483143
3230.664,-0.236616184387959,-0.323620479749273,0.0870042953613144
3231.146,-0.229992206333254,-0.321573470390325,0.091581264057071
3231.628,-0.224472725948669,-0.319475126650466,0.0950024007017973
3232.11,-0.258233701711614,-0.317325768948439,0.0590920672368254
3232.592,-0.214505212096405,-0.315125725525841,0.100620513429435
3233.074,-0.19377607557427,-0.312875332396832,0.119099256822561
3233.557,-0.21928291309354,-0.310570108945748,0.0912871958522081
3234.039,-0.220253938406429,-0.308219952630506,0.0879660142240767
3234.521,-0.232007162204518,-0.305820501518112,0.0738133393135944
3235.003,-0.2187037329468,-0.303372122201442,0.0846683892546426
3235.485,-0.243008669089228,-0.3008751887764,0.0578665196871716
3235.967,-0.217085479084705,-0.298330082784572,0.0812446036998666
3236.449,-0.214261051383119,-0.295737193154673,0.0814761417715547
3236.931,-0.234038104431342,-0.293096916142976,0.0590588117116342
3237.414,-0.229275541043407,-0.290404031486569,0.0611284904431625
3237.896,-0.22341163114147,-0.287670101292271,0.064258470150801
3238.378,-0.226115877308647,-0.284890016711116,0.0587741394024692
3238.86,-0.199692357979785,-0.282064202705284,0.0823718447254989
3239.342,-0.209027181586752,-0.279193091249446,0.0701659096626947
3239.824,-0.215353036558447,-0.276277121264572,0.0609240847061249
3240.306,-0.2215168113208,-0.27331673855055,0.0517999272297496
3240.788,-0.225857224296774,-0.270312395717891,0.0444551714211168
3241.271,-0.213502999959292,-0.267258183894541,0.0537551839352489
3241.753,-0.238808794815171,-0.26416721675571,0.0253584219405397
3242.235,-0.207359733132609,-0.261033688481425,0.0536739553488164
3242.717,-0.193781623322799,-0.25785807823367,0.0640764549108711
3243.199,-0.20674565379402,-0.254640871627605,0.0478952178335859
3243.681,-0.206756112951641,-0.251382560657116,0.0446264477054751
3244.163,-0.21332475919812,-0.248083643619322,0.0347588844212023
3244.645,-0.206646190933022,-0.244744625038232,0.0380984341052109
3245.127,-0.196341066553018,-0.2413660155873,0.0450249490342823
3245.61,-0.214368642146059,-0.237941201125536,0.0235725589794771
3246.092,-0.186091760880434,-0.234484886726161,0.0483931258457272
3246.574,-0.185121858669316,-0.230990550689376,0.0458686920200607
3247.056,-0.207051543897894,-0.22745872750625,0.0204071836083564
3247.538,-0.216537394948499,-0.223889957416408,0.00735256246790847
3248.02,-0.233534870200636,-0.220284786325202,-0.013250083875434
3248.502,-0.214100528030965,-0.216643765720013,0.00254323768904818
3248.984,-0.205622236813326,-0.212967452585634,0.00734521577230779
3249.467,-0.215774633844653,-0.209248674350109,-0.00652595949454435
3249.948,-0.200247030715399,-0.205511203642524,0.00526417292712486
3250.431,-0.199956721768743,-0.201724534177918,0.00176781240917517
3250.913,-0.20530665817331,-0.19791265983329,-0.00739399834001947
3251.395,-0.198350537353594,-0.194068358542102,-0.00428217881149193
3251.877,-0.190987857666645,-0.190192218461818,-0.00079563920482692
3252.359,-0.18088360746674,-0.186284832632298,0.00540122516555808
3252.841,-0.196218755105409,-0.182346798884867,-0.0138719562205424
3253.323,-0.194145418931427,-0.17837871975066,-0.0157666991807673
3253.805,-0.161341937290818,-0.174381202368168,0.0130392650773504
3254.288,-0.167564398686991,-0.170346475440959,0.00278207675396741
3254.77,-0.173633631244833,-0.166291863056207,-0.00734176818862614
3255.252,-0.151317083354318,-0.162209661840179,0.0108925784858609
3255.734,-0.156058963350585,-0.158100496431753,0.002041533081168
3256.216,-0.130216089566076,-0.153964995604707,0.0237489060386304
3256.698,-0.14256867033054,-0.14980379217131,0.00723512184076958
3257.18,-0.136869833971037,-0.14561752288526,0.00874768891422342
3257.662,-0.148120728811968,-0.141406828344035,-0.00671390046793233
3258.145,-0.141730264074639,-0.137163543400635,-0.00456672067400335
3258.627,-0.159084176355698,-0.132905887707434,-0.0261782886482641
3259.109,-0.134517464790907,-0.128625751984445,-0.00589171280646233
3259.591,-0.148926577694038,-0.124323791223378,-0.0246027864706596
3260.073,-0.135361643376239,-0.120000663762763,-0.0153609796134764
3260.555,-0.130976430146028,-0.115657031186982,-0.0153193989590457
3261.037,-0.11786264630932,-0.111293558224835,-0.00656908808448491
3261.519,-0.136033500169425,-0.106910912647613,-0.0291225875218121
3262.001,-0.133690010027053,-0.102509765166673,-0.0311802448603794
3262.484,-0.111507905644554,-0.0980816032671139,-0.0134263023774406
3262.966,-0.125551692434126,-0.093645440478059,-0.0319062519560668
3263.448,-0.111415130104337,-0.0891928059403503,-0.0222223241639868
3263.93,-0.112890976945597,-0.0847243810979955,-0.0281665958476011
3264.412,-0.0949460512457811,-0.0802408498164258,-0.0147052014293553
3264.894,-0.10340638129021,-0.0757428982775913,-0.0276634830126184
3265.376,-0.107156325361682,-0.0712312148747665,-0.0359251104869158
3265.858,-0.0754684917404695,-0.0667064901069977,-0.00876200163347184
3266.341,-0.091762050429832,-0.0621599911021077,-0.0296020593277243
3266.823,-0.0975675862706069,-0.0576112395384224,-0.0399563467321845
3267.305,-0.0849411992408839,-0.0530515311271285,-0.0318896681137554
3267.787,-0.0815933076109339,-0.0484815637317649,-0.033111743879169
3268.269,-0.09886652964855,-0.0439020367890835,-0.0549644928594665
3268.751,-0.0811013136190546,-0.0393136512017562,-0.0417876624172984
3269.233,-0.0706531177853229,-0.0347171092309397,-0.0359360085543832
3269.715,-0.068178920407771,-0.0301131143885281,-0.0380658060192429
3270.198,-0.0754663315018611,-0.0254927989469493,-0.0499735325549118
3270.68,-0.0636097757959284,-0.0208760015583572,-0.0427337742375712
3271.162,-0.0816098333092192,-0.0162538697256542,-0.065355963583565
3271.644,-0.0634920922924493,-0.0116271108848988,-0.0518649814075506
3272.126,-0.0637869209939304,-0.00699643318166955,-0.0567904878122608
3272.608,-0.053575567659589,-0.00236254536251006,-0.051213022297079
3273.09,-0.059031860532972,0.00227384333377202,-0.0613057038667441
3273.572,-0.0574318878552553,0.00691202328487037,-0.0643439111401257
3274.054,-0.0577005878652379,0.0115512845938096,-0.0692518724590475
3274.537,-0.0716918503155384,0.0162005428848793,-0.0878923932004177
3275.019,-0.0464974503628817,0.0208398352229854,-0.0673372855858671
3275.501,-0.0665748677966178,0.0254780771955198,-0.0920529449921376
3275.983,-0.0508847308461924,0.0301145588959857,-0.080999289742178
3276.465,-0.0322615577387424,0.034748570687804,-0.0670101284265464
3276.947,-0.02107740669911,0.0393794033131668,-0.0604568100122767
3277.429,-0.0361383959498411,0.0440063480017895,-0.0801447439516307
3277.911,-0.032760583711184,0.0486286965795623,-0.0813892802907463
3278.394,-0.0387094992534607,0.0532553145053113,-0.0919648137587719
3278.875,-0.0411558776354042,0.0578567763387414,-0.0990126539741456
3279.358,-0.02569995112691,0.0624706401881526,-0.0881705913150626
3279.84,-0.0267664350059746,0.0670675221769544,-0.093833957182929
3280.322,-0.0185477184593275,0.071656278465913,-0.0902039969252404
3280.804,-0.0168957696937184,0.0762362067370462,-0.0931319764307646
3281.286,-0.0170175469137064,0.0808066060261184,-0.0978241529398248
3281.768,-0.0145991783216317,0.0853667768301582,-0.0999659551517899
3282.25,-0.002093452117645,0.0899160212147042,-0.0920094733323492
3282.732,0.00501660350028743,0.0944536429208478,-0.0894370394205603
3283.215,0.0208870701975776,0.0989883227861717,-0.078101252588594
3283.697,0.0128193001700687,0.103500589884727,-0.0906812897146585
3284.179,0.0224641549793461,0.107999155217058,-0.0855350002377121
3284.661,0.0275395864360846,0.112483330295771,-0.0849437438596866
3285.143,0.0345046063530745,0.116952428840181,-0.0824478224871067
3285.625,0.0333872465452387,0.121405766881562,-0.0880185203363228
3286.107,0.0287350988296069,0.125842662868008,-0.0971075640384015
3286.589,0.0330358250253049,0.130262437768986,-0.0972266127436812
3287.072,0.0506048978155285,0.134673528944402,-0.0840686311288739
3287.554,0.0688909374416831,0.139056996168208,-0.0701660587265249
3288.036,0.0631909664528401,0.143421319993512,-0.0802303535406721
3288.518,0.059371946676432,0.147765832518554,-0.0883938858421224
3289,0.0688510499419372,0.152089868879598,-0.0832388189376608
3289.482,0.0807333680808604,0.156392767352866,-0.0756593992720058
3289.964,0.0778233529267496,0.160673869456045,-0.0828505165292953
3290.446,0.05130254631516,0.164932520049245,-0.113629973734085
3290.928,0.0542331100836435,0.169168067435454,-0.11493495735181
3291.411,0.0678644383493499,0.17338857648932,-0.10552413813997
3291.893,0.0785758685749514,0.177575925360001,-0.0990000567850498
3292.375,0.0896587747090472,0.181738236261202,-0.0920794615521546
3292.857,0.0713004385971203,0.185874872269405,-0.114574433672285
3293.339,0.0714639320865977,0.189985200398273,-0.118521268311676
3293.821,0.0779130370268355,0.194068591695719,-0.116155554668883
3294.303,0.0789079052691299,0.198124421340358,-0.119216516071228
3294.785,0.0864844986666853,0.202152068737335,-0.115667570070649
3295.268,0.0714456928705474,0.206159183619243,-0.134713490748696
3295.75,0.0728267323529295,0.210128560467274,-0.137301828114345
3296.232,0.0698837825654621,0.214067918335199,-0.144184135769737
3296.714,0.0770130953689154,0.217976654488856,-0.14096355911994
3297.196,0.0889953326259239,0.221854170889839,-0.132858838263916
3297.678,0.0780410062009729,0.22569987428724,-0.147658868086267
3298.16,0.083666597960395,0.229513176308591,-0.145846578348196
3298.642,0.0873284597723369,0.233293493550097,-0.14596503377776
3299.125,0.0821599990678479,0.23704798572762,-0.154887986659773
3299.607,0.0838511868345932,0.240760532104874,-0.156909345270281
3300.089,0.12025626027307,0.244438373020902,-0.124182112747832
3300.571,0.121845731258642,0.248080945844586,-0.126235214585945
3301.053,0.0967099516684371,0.251687693353063,-0.154977741684626
3301.535,0.128835213381343,0.255258063817241,-0.126422850435898
3302.017,0.124925288278003,0.258791511086346,-0.133866222808342
3302.499,0.131969548240797,0.262287494671697,-0.130317946430901
3302.981,0.129363385153823,0.265745479829596,-0.136382094675773
3303.464,0.147316518747157,0.269171991541219,-0.121855472794062
3303.946,0.117228235492984,0.272552317445222,-0.155324081952237
3304.428,0.146905764855511,0.275893074909642,-0.128987310054132
3304.91,0.140691768725638,0.279193752994357,-0.138501984268719
3305.392,0.137444238995926,0.282453846905324,-0.145009607909399
3305.874,0.13203785756059,0.285672858072001,-0.153635000511411
3306.356,0.139085126315493,0.288850294223783,-0.14976516790829
3306.838,0.12641260715813,0.291985669465505,-0.165573062307375
3307.321,0.13495382212788,0.29508487647208,-0.1601310543442
3307.802,0.124875282704675,0.298128325961388,-0.173253043256713
3308.285,0.147358531965136,0.301140859675193,-0.153782327710058
3308.767,0.133137300478435,0.304103170787377,-0.170965870308943
3309.249,0.121088930594965,0.307021088785651,-0.185932158190686
3309.731,0.121009164221771,0.309894167571384,-0.188885003349613
3310.213,0.157422133267445,0.312721967921947,-0.155299834654502
3310.695,0.150037789642113,0.315504057558046,-0.165466267915933
3311.177,0.142397755257434,0.318240011210034,-0.1758422559526
3311.659,0.145721672026568,0.320929410683116,-0.175207738656548
3312.142,0.145027145229712,0.32357727804856,-0.178550132818849
3312.624,0.159201900396255,0.326172244507491,-0.166970344111236
3313.106,0.163088272469057,0.328719444472821,-0.165631172003763
3313.588,0.161405183367204,0.331218488694707,-0.169813305327503
3314.07,0.184425285011258,0.333668995307898,-0.14924371029664
3314.552,0.196975319323208,0.336070589890262,-0.139095270567054
3315.034,0.180614018226464,0.338422905520227,-0.157808887293763
3315.516,0.175954723645869,0.34072558283303,-0.164770859187161
3315.999,0.174555463739836,0.34298289149629,-0.168427427756454
3316.481,0.197666578347835,0.345185139802106,-0.147518561454271
3316.963,0.198198795258847,0.347336716892831,-0.149137921633984
3317.445,0.210461976403241,0.349437294186523,-0.138975317783282
3317.927,0.195078053712738,0.351486550921936,-0.156408497209198
3318.409,0.177721009120397,0.353484174207727,-0.17576316508733
3318.891,0.196104854560613,0.355429859070424,-0.159325004509811
3319.373,0.19798701196909,0.357323308501197,-0.159336296532107
3319.855,0.190833493282831,0.359164233501407,-0.168330740218576
3320.338,0.175194970203478,0.360956007836981,-0.185761037633503
3320.82,0.192043865556276,0.362690938842463,-0.170647073286188
3321.302,0.184163610637071,0.364372526378879,-0.180208915741807
3321.784,0.179893087387956,0.366000513936139,-0.186107426548182
3322.266,0.187130747752256,0.367574653223594,-0.180443905471338
3322.748,0.19871660367453,0.369094704208102,-0.170378100533572
3323.23,0.171353987100545,0.370560435150854,-0.199206448050308
3323.712,0.206074799977255,0.371971622642885,-0.16589682266563
3324.195,0.191726477428855,0.373330808741321,-0.181604331312466
3324.677,0.200114025497264,0.374632158349956,-0.174518132852692
3325.159,0.215626998868391,0.37587834419386,-0.160251345325469
3325.641,0.194514929493867,0.377069176530833,-0.182554247036967
3326.123,0.185598629326467,0.37820447410701,-0.192605844780543
3326.605,0.227748140320077,0.379284064184657,-0.15153592386458
3327.087,0.200340664429707,0.380307782568665,-0.179967118138958
3327.569,0.217458833611449,0.38127547363172,-0.163816640020271
3328.052,0.198976686670225,0.382188822961111,-0.183212136290886
3328.534,0.193971902345897,0.383043909920153,-0.189072007574256
3329.016,0.210180818972468,0.383842554054901,-0.173661735082433
3329.498,0.220915718510284,0.384584634252682,-0.163668915742398
3329.98,0.216790232920715,0.38527003807478,-0.168479805154065
3330.462,0.218935394166152,0.385898661773671,-0.166963267607519
3330.944,0.235692494209989,0.386470410308941,-0.150777916098952
3331.426,0.215963365016595,0.386985197361854,-0.171021832345259
3331.908,0.233418588551331,0.387442945348595,-0.154024356797265
3332.391,0.244978378069902,0.38784435722899,-0.142865979159088
3332.873,0.241271083474572,0.388187710667602,-0.146916627193029
3333.355,0.223898307513231,0.388473844713016,-0.164575537199785
3333.837,0.238420922154987,0.388702716844849,-0.150281794689862
3334.319,0.231931039369876,0.388874293323703,-0.156943253953827
3334.801,0.240089661128806,0.388988549196342,-0.148898888067536
3335.283,0.238310989403587,0.38904546829952,-0.150734478895933
3335.765,0.222456956166873,0.389045043262455,-0.166588087095582
3336.248,0.258177948907505,0.388987096055859,-0.130809147148353
3336.729,0.259250843053874,0.388872175252242,-0.129621332198368
3337.212,0.254878603739591,0.388699344239004,-0.133820740499413
3337.694,0.246346704755105,0.388469525978735,-0.14212282122363
3338.176,0.249830304139046,0.388182458688709,-0.138352154549663
3338.658,0.210143343868989,0.387838187747697,-0.177694843878708
3339.14,0.224113755923266,0.387436767306523,-0.163323011383256
3339.622,0.222487972280973,0.38697826027976,-0.164490287998787
3340.104,0.233375154921937,0.386462738336086,-0.153087583414149
3340.586,0.231254065826718,0.385890281887287,-0.154636216060568
3341.069,0.226925428143034,0.38525961544633,-0.158334187303297
3341.551,0.24076713210755,0.384573448506446,-0.143806316398897
3342.033,0.219717010285891,0.383830640855579,-0.164113630569689
3342.515,0.208888864661372,0.383031307759278,-0.174142443097906
3342.997,0.222059637217981,0.382175573151139,-0.160115935933158
3343.479,0.226118519940325,0.381263569613809,-0.155145049673484
3343.961,0.212516604813665,0.38029543835865,-0.167778833544985
3344.443,0.225097953823841,0.379271329204082,-0.154173375380241
3344.926,0.228255044941072,0.378189102126913,-0.149934057185841
3345.408,0.208635168805444,0.377053405658651,-0.168418236853207
3345.89,0.226396572771893,0.375862232525247,-0.149465659753354
3346.372,0.216017868828576,0.374615766748109,-0.158597897919533
3346.854,0.198827148964202,0.373314200827634,-0.174487051863431
3347.336,0.202964395167996,0.37195773571372,-0.168993340545725
3347.818,0.213361309429704,0.370546580774924,-0.15718527134522
3348.3,0.198937243739557,0.369080953766375,-0.170143710026817
3348.782,0.210853290088274,0.36756108079636,-0.156707790708086
3349.265,0.209638722185684,0.365983874993269,-0.156345152807585
3349.747,0.189928839243848,0.364356110367701,-0.174427271123853
3350.229,0.212263054319909,0.362674828400683,-0.150411774080775
3350.711,0.216239709406359,0.360940288270715,-0.144700578864356
3351.193,0.199520486496098,0.359152757323323,-0.159632270827225
3351.675,0.20673194758243,0.357312511030061,-0.150580563447631
3352.157,0.22388240465903,0.355419832946264,-0.131537428287235
3352.639,0.201485999719928,0.353475014667563,-0.151989014947635
3353.122,0.196064951857107,0.351474159663206,-0.1554092078061
3353.604,0.182607339560921,0.349425861128094,-0.166818521567174
3354.086,0.211366901237312,0.347326345636124,-0.135959444398812
3354.568,0.209551978881628,0.345175936500974,-0.135623957619346
3355.05,0.200626824489493,0.342974964840775,-0.142348140351282
3355.532,0.213276640056808,0.340723769527293,-0.127447129470485
3356.014,0.235741967579724,0.338422697133983,-0.102680729554259
3356.496,0.222743739054646,0.336072101882839,-0.113328362828193
3356.979,0.205618329219742,0.333667315994787,-0.128048986775045
3357.461,0.218941715312713,0.331218667176941,-0.112276951864228
3357.943,0.211233881352328,0.328721604299047,-0.117487722946719
3358.425,0.2108068993358,0.326176511637798,-0.115369612301998
3358.907,0.200887821260508,0.323583780835163,-0.122695959574654
3359.389,0.212107069123977,0.32094381083831,-0.108836741714333
3359.871,0.237557964923877,0.318257007838431,-0.0806990429145543
3360.353,0.229156600657987,0.315523785208455,-0.0863671845504684
3360.835,0.21771529832419,0.312744563439662,-0.0950292651154718
3361.318,0.200933579328368,0.309913862438772,-0.108980283110404
3361.8,0.213974167614023,0.307043838827238,-0.0930696712132152
3362.282,0.20463502383004,0.304129120533616,-0.0994940967035763
3362.764,0.19809699997457,0.301170155881157,-0.103073155906586
3363.246,0.217295208045776,0.298167399978167,-0.0808721919323911
3363.728,0.195314290041832,0.29512131464826,-0.0998070246064278
3364.21,0.210791447960911,0.292032368359508,-0.0812409203985966
3364.692,0.226224833801169,0.28890103615264,-0.062676202351471
3365.174,0.198889759560714,0.285727799568148,-0.0868380400074342
3365.656,0.206477387237602,0.282513146572478,-0.0760357593348766
3366.139,0.206106786038561,0.279250774985832,-0.0731439889472711
3366.621,0.18276215434674,0.27595469505844,-0.0931925407117
3367.103,0.184128010570088,0.27261870147954,-0.0884906909094514
3367.585,0.177819236706295,0.269243307174003,-0.091424070467708
3368.067,0.149331844752911,0.265829031108713,-0.116497186355802
3368.549,0.167043236707329,0.262376398212985,-0.0953331615056563
3369.031,0.155238474566779,0.258885939298061,-0.103647464731281
3369.513,0.177821990328319,0.255358190975743,-0.0775362006474238
3369.996,0.16753584973711,0.25178626253809,-0.0842504128009804
3370.478,0.159761208129034,0.248185493497739,-0.0884242853687054
3370.96,0.158298360417071,0.244549080015386,-0.0862507195983148
3371.442,0.170639888597382,0.240877581084634,-0.0702376924872522
3371.924,0.184418854665857,0.237171561079361,-0.052752706413504
3372.406,0.151181060618111,0.233431589667165,-0.082250529049054
3372.888,0.15288312844946,0.22965824172202,-0.0767751132725603
3373.37,0.161232900154907,0.225852097236121,-0.0646191970812137
3373.853,0.175054608282249,0.222005744761382,-0.0469511364791333
3374.335,0.164552984588571,0.218135702209701,-0.0535827176211297
3374.817,0.171103570756095,0.214234634148915,-0.0431310633928194
3375.299,0.165939388778401,0.210303140156831,-0.04436375137843
3375.781,0.161964660648682,0.206341824476972,-0.0443771638282903
3376.263,0.162227748359712,0.202351295925975,-0.0401235475662631
3376.745,0.152453223903837,0.198332167800202,-0.0458789438963648
3377.227,0.154610269272961,0.194285057781689,-0.0396747885087278
3377.709,0.151220226458523,0.190210587843437,-0.0389903613849131
3378.192,0.156569985976397,0.186100848079567,-0.02953086210317
3378.674,0.13926364367342,0.181973487408491,-0.0427098437350708
3379.156,0.135350039162383,0.177820658845485,-0.0424706196831022
3379.638,0.162405634432691,0.17364300057523,-0.0112373661425395
3380.12,0.149087351473224,0.169441154590033,-0.0203538031168099
3380.602,0.137449052272284,0.165215766591293,-0.0277667143190089
3381.084,0.121928758817596,0.160967485890554,-0.0390387270729582
3381.566,0.124104643096288,0.156696965309901,-0.0325923222136123
3382.049,0.109300882986965,0.152395934322138,-0.0430950513351739
3382.531,0.10185157963053,0.148082863265818,-0.0462312836352881
3383.013,0.105785829969207,0.143749532233683,-0.037963702264476
3383.495,0.0952310159875616,0.139396607090063,-0.0441655911025015
3383.977,0.127235609669466,0.135024756704061,-0.00778914703459557
3384.459,0.107527542998099,0.13063465284687,-0.0231071098487714
3384.941,0.0880749779559089,0.126226970088857,-0.0381519921329484
3385.423,0.100513976524624,0.121802385696034,-0.0212884091714099
3385.906,0.0920463442082422,0.117352349845926,-0.0253060056376841
3386.387,0.101563432417851,0.112905233925009,-0.0113418015071572
3386.87,0.0787746791733532,0.10842474230623,-0.0296500631328766
3387.352,0.07000421296787,0.103939345627107,-0.0339351326592367
3387.834,0.0614176402743389,0.099440471862072,-0.0380228315877331
3388.316,0.0722744930696813,0.0949288122610818,-0.0226543191914005
3388.798,0.0727334933299879,0.0904050600348129,-0.0176715667048249
3389.28,0.0784004530304507,0.0858699102482678,-0.00746945721781703
3389.762,0.0716945741453756,0.0813240597142811,-0.00962948556890553
3390.244,0.0669356786481536,0.0767682068866027,-0.00983252823844909
3390.727,0.0869846619421786,0.0721935712932429,0.0147910906489356
3391.209,0.0691635701502165,0.067619798153289,0.0015437719969275
3391.691,0.0701175976647335,0.0630381283135651,0.00707946935116834
3392.173,0.070263356455289,0.0584492657206113,0.0118140907346777
3392.655,0.0783739684904425,0.0538539154240024,0.0245200530664401
3393.137,0.058737115737749,0.0492527834681564,0.00948433226959255
3393.619,0.0414297401637143,0.0446465767841333,-0.00321683662041901
3394.101,0.0579325737337868,0.0400360030811593,0.0178965706526275
3394.583,0.0536360584123585,0.0354217707381442,0.0182142876742143
3395.066,0.0539643188607677,0.0307950069050322,0.0231693119557355
3395.548,0.0653704726949123,0.0261755806438587,0.0391948920510536
3396.03,0.0486318935281425,0.0215546252834536,0.0270772682446888
3396.512,0.0388032333203654,0.0169328507947735,0.0218703825255919
3396.994,0.0446229840303225,0.0123109672743116,0.0323120167560109
3397.476,0.0244541476155717,0.00768968483533444,0.0167644627802373
3397.958,0.0197092260324716,0.00306971349889671,0.0166395125335749
3398.44,0.0246695212361665,-0.00154823691499096,0.0262177581511575
3398.923,0.00689877639322489,-0.00617302871111151,0.0130718051043364
3399.405,0.0176650321132641,-0.010784801295544,0.0284498334088081
3399.887,0.00667432048206607,-0.0153924243225196,0.0220667448045857
3400.369,0.0131874734497188,-0.0199951898655869,0.0331826633153057
3400.851,0.0194282629649791,-0.0245923907432163,0.0440206537081954
3401.333,0.0111800209752921,-0.0291833206271753,0.0403633416024674
3401.815,-0.0157192405732545,-0.0337672741509116,0.0180480335776571
3402.297,-0.00964722973593979,-0.03834354701764,0.0286963172817002
3402.78,-0.0340721645828381,-0.0429209038547368,0.00884873927189864
3403.262,-0.0250122020305739,-0.047479687757835,0.0224674857272611
3403.744,-0.0298217512626415,-0.0520286841599367,0.0222069328972952
3404.226,-0.0503971203399765,-0.0565671941248594,0.00617007378488291
3404.708,-0.0314063373249738,-0.0610945203245289,0.0296881829995552
3405.19,-0.0307937002815102,-0.0656099671458457,0.0348162668643355
3405.672,-0.0796179472749508,-0.0701128407973966,-0.00950510647755416
3406.154,-0.0644789863721975,-0.0746024494158262,0.0101234630436287
3406.636,-0.0498976256416732,-0.0790781031719684,0.0291804775302952
3407.119,-0.068973952988248,-0.0835483538897712,0.0145744009015232
3407.601,-0.0646688256629702,-0.0879940045873032,0.0233251789243331
3408.083,-0.0664704727206207,-0.0924236427814692,0.0259531700608485
3408.565,-0.0911589322359596,-0.0968365878394242,0.00567765560346455
3409.047,-0.0526712722853873,-0.101232161688159,0.0485608894027713
3409.529,-0.061682980946955,-0.105609688918535,0.0439267079715798
3410.011,-0.063079476300377,-0.109968496888794,0.0468890205884167
3410.493,-0.0675408964270723,-0.114307915827738,0.0467670194006662
3410.976,-0.0692195299250535,-0.118636218962761,0.0494166890377074
3411.458,-0.0855609026667601,-0.122934818846447,0.0373739161796869
3411.94,-0.0800846144323266,-0.127212037266327,0.0471274228340008
3412.422,-0.0834409033101196,-0.131467216962787,0.0480263136526679
3412.904,-0.0946972173902907,-0.135699704055792,0.0410024866655011
3413.386,-0.101491924764801,-0.139908848145185,0.0384169233803843
3413.868,-0.081564363527427,-0.144094002410386,0.0625296388829594
3414.35,-0.0977258617738102,-0.148254523709634,0.0505286619358238
3414.833,-0.0949808685420521,-0.152398325321225,0.0574174567791728
3415.314,-0.120148669109682,-0.156499113828211,0.0363504447185296
3415.797,-0.122846862908009,-0.160590358162272,0.0377434952542627
3416.279,-0.113275118861146,-0.164645936183196,0.0513708173220497
3416.761,-0.131094234800621,-0.168673722853599,0.0375794880529785
3417.243,-0.112316498833547,-0.172673099163677,0.0603566003301307
3417.725,-0.105844569069031,-0.176643450460279,0.0707988813912479
3418.207,-0.105318223618173,-0.180584166541193,0.0752659429230195
3418.689,-0.130324680594104,-0.184494641748679,0.0541699611545752
3419.171,-0.107177698111993,-0.1883742750624,0.0811965769504069
3419.654,-0.116562322907861,-0.192230420907809,0.0756680979999487
3420.136,-0.153493384610005,-0.196046519319489,0.0425531347094838
3420.618,-0.137549391208193,-0.199830000306819,0.0622806090986256
3421.1,-0.128786130825965,-0.203580282323712,0.074794151497747
3421.582,-0.13984037158902,-0.207296788915086,0.0674564173260653
3422.064,-0.147054441625215,-0.210978948805259,0.0639245071800442
3422.546,-0.157914609064587,-0.214626195985506,0.0567115869209186
3423.028,-0.146710152039383,-0.218237969800917,0.0715278177615347
3423.51,-0.163246038684076,-0.221813715036328,0.0585676763522525
3423.993,-0.169626474330592,-0.225360186270136,0.0557337119395441
3424.475,-0.135757431439131,-0.228862153305024,0.0931047218658927
3424.957,-0.150557836630675,-0.232326458489162,0.0817686218584872
3425.439,-0.157712908048797,-0.235752569221376,0.0780396611725792
3425.921,-0.157091143839406,-0.239139958757548,0.0820488149181419
3426.403,-0.156001752150754,-0.242488106291327,0.0864863541405731
3426.885,-0.172151551133457,-0.245796497034087,0.0736449459006305
3427.367,-0.162274788940522,-0.249064622293774,0.0867898333532518
3427.85,-0.175876530505384,-0.252298632591372,0.0764221020859882
3428.332,-0.165318069110807,-0.255484639462379,0.0901665703515722
3428.814,-0.182761221010335,-0.258628891119386,0.075867670109051
3429.296,-0.169137334366756,-0.261730904040727,0.0925935696739708
3429.778,-0.174081547345331,-0.264790201181959,0.0907086538366281
3430.26,-0.183876828113839,-0.267806312048994,0.0839294839351553
3430.742,-0.191394474842593,-0.270778772770267,0.0793842979276748
3431.224,-0.178578835704464,-0.273707126167863,0.0951282904633996
3431.707,-0.215509174991173,-0.276596858179665,0.0610876831884923
3432.189,-0.196011747298776,-0.27943555870025,0.0834238114014738
3432.671,-0.204881318269873,-0.282228820322467,0.077347502052594
3433.153,-0.232257156087766,-0.284976213348204,0.0527190572604389
3433.635,-0.216388598938416,-0.287677315113179,0.0712887161747631
3434.117,-0.213608165010474,-0.290331710051769,0.0767235450412958
3434.599,-0.225310372495279,-0.292938989760768,0.0676286172654889
3435.081,-0.233643319586914,-0.295498753061942,0.0618554334750277
3435.563,-0.224174074482193,-0.298010606063633,0.073836531581441
3436.046,-0.225676069213911,-0.300479222864753,0.0748031536508417
3436.528,-0.222246722934827,-0.30289400166301,0.0806472787281832
3437.01,-0.2062183290628,-0.305259732041057,0.0990414029782573
3437.492,-0.212207275805849,-0.307576049861718,0.0953687740558689
3437.974,-0.222568971374841,-0.309842598565154,0.087273627190313
3438.456,-0.221400703983516,-0.312059029223507,0.0906583252399907
3438.938,-0.222112821848512,-0.314225000594393,0.0921121787458807
3439.42,-0.229161723189389,-0.316340179173274,0.0871784559838847
3439.903,-0.230705828889612,-0.318408468167451,0.0877026392778392
3440.385,-0.224373280439895,-0.320420984814976,0.0960477043750804
3440.867,-0.237496770138758,-0.322381754454292,0.0848849843155342
3441.349,-0.242416596217655,-0.32429047504807,0.0818738788304151
3441.831,-0.246450866911051,-0.3261468525406,0.0796959856295497
3442.313,-0.231813240456461,-0.327950600902872,0.0961373604464111
3442.795,-0.241026015094477,-0.329701442176415,0.0886754270819389
3443.277,-0.234492079068772,-0.33139910651597,0.0969070274471975
3443.76,-0.256523651879341,-0.333046687760951,0.0765230358816095
3444.241,-0.265189898016491,-0.334633865824964,0.0694439678084735
3444.724,-0.249349567858509,-0.336173593761334,0.0868240259028246
3445.206,-0.253425350228042,-0.337655902962336,0.0842305527342936
3445.688,-0.254965473195764,-0.339083808639388,0.0841183354436245
3446.17,-0.252383525024371,-0.340457090468674,0.0880735654443029
3446.652,-0.250282863979788,-0.341775536502825,0.0914926725230378
3447.134,-0.253184818331231,-0.343038943203431,0.0898541248721996
3447.616,-0.243577006351185,-0.344247115472222,0.100670109121038
3448.098,-0.267773556315465,-0.345399866681027,0.0776263103655617
3448.581,-0.257474623171237,-0.346499237035057,0.0890246138638198
3449.063,-0.244888600387032,-0.347540504388175,0.102651904001143
3449.545,-0.259131574391109,-0.348525841571675,0.0893942671805664
3450.027,-0.257225323472763,-0.349455096128638,0.0922297726558747
3450.509,-0.278123685924697,-0.3503281242023,0.072204438277603
3450.991,-0.288541010043076,-0.351144790558102,0.0626037805150257
3451.473,-0.271301204127521,-0.351904968604424,0.0806037644769024
3451.955,-0.298014046481153,-0.352608540412012,0.0545944939308588
3452.438,-0.281184810153142,-0.35325667973079,0.0720718695776478
3452.92,-0.288406592462447,-0.353846602037567,0.0654400095751195
3453.402,-0.307649517967981,-0.354379616284689,0.0467300983167077
3453.884,-0.27057505498707,-0.354855639377962,0.0842805843908918
3454.366,-0.274756851840635,-0.355274596962663,0.0805177451220274
3454.848,-0.291830246853241,-0.355636423434934,0.063806176581693
3455.33,-0.285643628353085,-0.35594106195185,0.0702974335987643
3455.812,-0.266777524672062,-0.35618846444013,0.0894109397680685
3456.294,-0.300317914145744,-0.356378591603513,0.0560606774577697
3456.777,-0.268354026172346,-0.356511628905883,0.0881576027335366
3457.259,-0.265412605439764,-0.356587003714204,0.0911743982744405
3457.741,-0.26884320288762,-0.356605038006782,0.0877618351191624
3458.223,-0.284119386866529,-0.356565727660462,0.072446340793933
3458.705,-0.276842465730905,-0.356469077345759,0.0796266116148541
3459.187,-0.274477827839007,-0.356315100526148,0.0818372726871407
3459.669,-0.292447061552959,-0.356103819455996,0.0636567579030365
3460.151,-0.277159105238759,-0.355835265177149,0.0786761599383903
3460.634,-0.276397805927886,-0.355508742144451,0.0791109362165655
3461.116,-0.291808153106516,-0.355125651114504,0.0633174980079886
3461.598,-0.295916025375167,-0.354685432800084,0.058769407424917
3462.08,-0.297474661115615,-0.354188153350054,0.0567134922344393
3462.562,-0.281054728713634,-0.353633887663483,0.072579158949849
3463.044,-0.319106166559028,-0.353022719378147,0.0339165528191196
3463.526,-0.318653253045632,-0.352354740857713,0.0337014878120816
3464.008,-0.313027556571367,-0.351630053177571,0.0386024966062039
3464.49,-0.306256965538246,-0.350848766109334,0.0445918005710879
3464.973,-0.301432692809687,-0.350009201371055,0.0485765085613678
3465.455,-0.300366236286909,-0.349114962762354,0.0487487264754454
3465.937,-0.295807750432825,-0.348164506373375,0.0523567559405497
3466.419,-0.302645743666073,-0.347157976596868,0.0445122329307948
3466.901,-0.323697414409505,-0.346095526424302,0.0223981120147969
3467.383,-0.307988531090199,-0.34497731742243,0.0369887863322305
3467.865,-0.30308967213951,-0.343803519708482,0.0407138475689722
3468.347,-0.316985255993071,-0.342574311924107,0.0255890559310362
3468.83,-0.304540142697444,-0.341287159144127,0.0367470164466822
3469.312,-0.302497945863141,-0.339947587147789,0.0374496412846479
3469.794,-0.293151357162728,-0.338553192304016,0.0454018351412883
3470.276,-0.287783825049225,-0.337104187082536,0.049320362033311
3470.758,-0.307317567980061,-0.335600792327447,0.0282832243473862
3471.24,-0.290605344417102,-0.334043237223377,0.0434378928062746
3471.722,-0.298721012826665,-0.332431759260307,0.0337107464336419
3472.204,-0.295829461679538,-0.330766604197186,0.0349371425176476
3472.687,-0.308345178000607,-0.329044405156663,0.0206992271560559
3473.168,-0.310285724620936,-0.327276286923921,0.016990562302985
3473.651,-0.298472510928157,-0.325447816904321,0.0269753059761636
3474.133,-0.280450674700411,-0.323570466205132,0.0431197915047211
3474.615,-0.30822309133486,-0.321640790474561,0.0134176991397011
3475.097,-0.303813769329704,-0.319659084266472,0.0158453149367683
3475.579,-0.311031767187778,-0.317625650113485,0.00659388292570712
3476.061,-0.299473193416599,-0.315540798480593,0.0160676050639939
3476.543,-0.303298456528388,-0.313404847717539,0.0101063911891504
3477.025,-0.314314475040081,-0.311218124010006,-0.00309635103007516
3477.508,-0.319532049419557,-0.308976267717824,-0.0105557817017329
3477.99,-0.300168032623947,-0.306688904195151,0.00652087157120412
3478.472,-0.318729566804613,-0.304351793527342,-0.0143777732772716
3478.954,-0.316245910497649,-0.30196529274751,-0.0142806177501389
3479.436,-0.299052662244002,-0.299529766462626,0.00047710421862468
3479.918,-0.309175060589492,-0.297045586797625,-0.0121294737918673
3480.4,-0.26855980408483,-0.29451313333831,0.02595332925348
3480.882,-0.27588107128566,-0.291932793073183,0.016051721787523
3481.365,-0.296030449195044,-0.289299459308025,-0.0067309898870187
3481.847,-0.285671667792595,-0.286624438433248,0.000952770640653133
3482.329,-0.284575865789396,-0.283902736390831,-0.000673129398564898
3482.811,-0.297499321761045,-0.281134769190126,-0.0163645525709188
3483.293,-0.283418494288185,-0.278320959935126,-0.00509753435305915
3483.775,-0.276801361956547,-0.275461738759623,-0.00133962319692393
3484.257,-0.290605013356949,-0.272557542761213,-0.0180474705957356
3484.739,-0.295064907085351,-0.269608815934295,-0.0254560911510557
3485.221,-0.292889861742839,-0.266616009101954,-0.0262738526408856
3485.704,-0.304192298959837,-0.263573235176661,-0.0406190637831754
3486.186,-0.298954569572278,-0.26049355871836,-0.0384610108539178
3486.668,-0.308946096945409,-0.257371195983422,-0.0515749009619866
3487.15,-0.303898949701217,-0.254206624421629,-0.0496923252795888
3487.632,-0.297082386466943,-0.251000327955393,-0.0460820585115501
3488.114,-0.295378135875147,-0.24775279690553,-0.0476253389696173
3488.596,-0.294345106563714,-0.244464527916109,-0.0498805786476047
3489.078,-0.274559247175898,-0.241136023878262,-0.0334232232976355
3489.561,-0.288628865483034,-0.237760764885271,-0.0508681005977623
3490.043,-0.278827290143838,-0.234353243215135,-0.0444740469287027
3490.525,-0.281269750687606,-0.230907032963969,-0.0503627177236371
3491.007,-0.264364625779287,-0.227422661242851,-0.036941964536436
3491.489,-0.260209454089296,-0.223900661014836,-0.0363087930744592
3491.971,-0.264597504293576,-0.220341571013208,-0.0442559332803684
3492.453,-0.274899545073605,-0.216745935658933,-0.0581536094146726
3492.935,-0.265786385116424,-0.213114304977077,-0.0526720801393478
3493.417,-0.282970353114663,-0.209447234512528,-0.0735231186021356
3493.9,-0.266379381037648,-0.205737568987678,-0.0606418120499698
3494.382,-0.25965819927265,-0.202001236649501,-0.0576569626231488
3494.864,-0.276008001572105,-0.198231164617335,-0.0777768369547701
3495.346,-0.254953916651271,-0.194427929665748,-0.0605259869855227
3495.828,-0.248970623231141,-0.190592113654751,-0.0583785095763902
3496.31,-0.252586520038456,-0.186724303440618,-0.0658622165978375
3496.792,-0.261431355805723,-0.182825090785825,-0.0786062650198975
3497.274,-0.26461607927126,-0.178895072268386,-0.0857210070028741
3497.757,-0.25262394817674,-0.174926601981859,-0.077697346194881
3498.239,-0.270648621481588,-0.170936719502013,-0.0997119019795745
3498.721,-0.262044198732141,-0.166917850139194,-0.0951263485929471
3499.203,-0.251879808690195,-0.162870608820505,-0.0890091998696895
3499.685,-0.269332270123485,-0.158795614823796,-0.110536655299689
3500.167,-0.263094801805696,-0.154693491682744,-0.108401310122952
3500.649,-0.262428352516519,-0.150564867091201,-0.111863485425318
3501.131,-0.261868401041642,-0.146410372806991,-0.115458028234652
3501.614,-0.257602400731152,-0.142221947131991,-0.115380453599161
3502.095,-0.248547306707803,-0.138026321929552,-0.110520984778251
3502.578,-0.246217382374908,-0.133789251496018,-0.11242813087889
3503.06,-0.248906508314729,-0.129537626221103,-0.119368882093626
3503.542,-0.240253526086036,-0.125263348943349,-0.114990177142687
3504.024,-0.238059194511205,-0.120967073756074,-0.117092120755131
3504.506,-0.22958168241879,-0.116649458125936,-0.112932224292854
3504.988,-0.199315528643595,-0.112311162792106,-0.0870043658514893
3505.47,-0.225413082026673,-0.107952851664913,-0.11746023036176
3505.952,-0.229491251415368,-0.103575191724095,-0.125916059691273
3506.435,-0.235788031950424,-0.0991697129312471,-0.136618319019177
3506.917,-0.214880548077716,-0.0947553314123746,-0.120125216665341
3507.399,-0.224125796788293,-0.0903236208146648,-0.133802175973628
3507.881,-0.213723386954921,-0.0858752593734907,-0.127848127581431
3508.363,-0.218152007456801,-0.0814109278775952,-0.136741079579206
3508.845,-0.221911847179566,-0.0769313095646887,-0.144980537614877
3509.327,-0.197225155015342,-0.0724370900166913,-0.124788064998651
3509.809,-0.205269229862758,-0.0679289570545904,-0.137340272808167
3510.292,-0.185602822125784,-0.0633982069593995,-0.122204615166384
3510.774,-0.195195345860185,-0.0588642937823338,-0.136331052077851
3511.256,-0.213426273339174,-0.0543185444736944,-0.159107728865479
3511.738,-0.200357793487687,-0.0497616547564327,-0.150596138731254
3512.22,-0.201040905237306,-0.0451943220618628,-0.155846583175444
3512.702,-0.212315857526292,-0.0406172454227059,-0.171698612103586
3513.184,-0.188339359299594,-0.0360311253658852,-0.152308233933708
3513.666,-0.183333119508895,-0.0314366638051487,-0.151896455703746
3514.148,-0.198943387112632,-0.026834563933343,-0.172108823179289
3514.631,-0.177706475766609,-0.0222159610852331,-0.155490514681376
3515.113,-0.168662633183725,-0.0176006865589251,-0.1510619466248
3515.595,-0.187241514909292,-0.0129798913623032,-0.174261623546989
3516.077,-0.158972209929072,-0.00835428272646078,-0.150617927202611
3516.559,-0.163700847235713,-0.00372456862061122,-0.159976278615102
3517.041,-0.168111615828785,0.000908542356494058,-0.169020158185279
3517.523,-0.177734574714833,0.00554434108515849,-0.183278915799992
3518.005,-0.164685182907355,0.0101821180335725,-0.174867300940928
3518.488,-0.155201839031466,0.0148307887678363,-0.170032627799303
3518.97,-0.172501521011089,0.0194703928758888,-0.191971913886978
3519.452,-0.175330959377902,0.0241098437501929,-0.199440803128095
3519.934,-0.148943773173645,0.0287484312988535,-0.177692204472499
3520.416,-0.174482421447166,0.0333854455623857,-0.207867867009552
3520.898,-0.140409293254493,0.0380201768225433,-0.178429470077036
3521.38,-0.16768159765881,0.0426519157111892,-0.210333513369999
3521.862,-0.158672713730514,0.0472799533190604,-0.205952667049574
3522.344,-0.158656080547264,0.0519035813044553,-0.210559661851719
3522.827,-0.167887409673835,0.056531668164397,-0.224419077838232
3523.309,-0.140054683330789,0.0611443418756153,-0.201199025206404
3523.791,-0.165421455007557,0.0657504839668012,-0.231171938974358
3524.273,-0.161501563811051,0.0703493894538984,-0.231850953264949
3524.755,-0.14629824885554,0.0749403544625675,-0.221238603318108
3525.237,-0.157124029262725,0.0795226763361295,-0.236646705598855
3525.719,-0.148566534161738,0.0840956537432951,-0.232662187905033
3526.201,-0.110900292689188,0.0886585867857441,-0.199558879474932
3526.684,-0.136197431118717,0.0932202098330492,-0.229417640951766
3527.166,-0.106379132416532,0.0977609362630103,-0.204140068679542
3527.648,-0.104054694795966,0.102289526863158,-0.206344221659124
3528.13,-0.104060287423817,0.106805288541796,-0.210865575965612
3528.612,-0.0950223494745011,0.111307530174482,-0.206329879648983
3529.094,-0.0924285501300588,0.115795562710078,-0.208224112840136
3529.576,-0.0803473885802291,0.120268699276364,-0.200616087856593
3530.058,-0.0736491040224472,0.124726255285392,-0.19837535930784
3530.541,-0.0597991273288976,0.129176745462755,-0.188975872791652
3531.022,-0.0764305827114455,0.133591899330666,-0.210022482042111
3531.505,-0.0601148121777086,0.138007754367408,-0.198122566545117
3531.987,-0.0708644357745634,0.142396152966207,-0.21326058874077
3532.469,-0.0582317024656618,0.146765584602703,-0.204997287068365
3532.951,-0.0671519214952916,0.151115380591876,-0.218267302087167
3533.433,-0.0609946621156645,0.155444875259754,-0.216439537375419
3533.915,-0.0653640235869375,0.159753406045564,-0.225117429632501
3534.397,-0.0719364751772318,0.164040313603282,-0.235976788780513
3534.879,-0.0526308661626658,0.168304941902756,-0.220935808065422
3535.362,-0.0618505880219864,0.172555414241881,-0.234406002263868
3535.844,-0.0665674837030892,0.176773480105004,-0.243340963808093
3536.326,-0.031414296654571,0.180967318182719,-0.21238161483729
3536.808,-0.0464870561848798,0.185136286716878,-0.231623342901758
3537.29,-0.0420430816106112,0.189279747763023,-0.231322829373634
3537.772,-0.0316053422565474,0.193397067288215,-0.225002409544763
3538.254,-0.053045037455675,0.197487615268253,-0.250532652723928
3538.736,-0.0489957465492274,0.20155076578429,-0.250546512333518
3539.219,-0.0500498153965943,0.205594239205693,-0.255644054602287
3539.701,-0.0367766883696099,0.209600673887103,-0.246377362256713
3540.183,-0.0240715733091967,0.213577857669524,-0.237649430978721
3540.665,-0.0368382995898848,0.217525182018256,-0.254363481608141
3541.147,-0.0238305365945841,0.221442042977489,-0.245272579572073
3541.629,-0.0219260037146469,0.225327841262902,-0.247253844977549
3542.111,-0.0265115203498567,0.229181982353569,-0.255693502703425
3542.593,-0.0135254059085064,0.233003876583124,-0.24652928249163
3543.075,-0.0461448598073915,0.236792939230181,-0.282937799037573
3543.558,0.0108230097638931,0.240556347285458,-0.229733337521565
3544.04,-0.020876747122724,0.244277941727186,-0.26515468884991
3544.522,-0.0173678806502302,0.247964979809202,-0.265332860459432
3545.004,-0.00857621026981192,0.251616897490036,-0.260193107759848
3545.486,-0.0097488354413322,0.255233136113813,-0.264981971555146
3545.968,-0.0141959956333508,0.25881314249599,-0.273009138129341
3546.45,-0.0419940903231577,0.262356369008151,-0.304350459331308
3546.932,-0.00859988899681596,0.265862273661989,-0.274462162658805
3547.415,0.00336137594059238,0.269337475587321,-0.265976099646729
3547.897,-0.0255154572081153,0.272767053343033,-0.298282510551148
3548.379,-0.0252763628507324,0.276157716860746,-0.301434079711478
3548.861,-0.00783089050868924,0.279508947547368,-0.287339838056057
3549.343,0.00244221028764713,0.282820232856714,-0.280378022569067
3549.825,-0.0145496700010312,0.286091066368167,-0.300640736369199
3550.307,-0.0278336009230067,0.289320947864268,-0.317154548787275
3550.789,-0.0313166720355937,0.292509383407487,-0.323826055443081
3551.271,-0.0178095329051331,0.295655885415917,-0.313465418321051
3551.754,0.021096181895583,0.29876636833296,-0.277670186437377
3552.236,0.0195575547711329,0.301827476850722,-0.282269922079589
3552.718,-0.000250910863062614,0.304845227000438,-0.305096137863501
3553.2,0.0206943653901384,0.307819157374422,-0.287124791984283
3553.682,0.025380683918673,0.310748813284683,-0.28536812936601
3554.164,0.0227012351012448,0.31363374683261,-0.290932511731365
3554.646,0.0403950093072929,0.316473516977663,-0.27607850767037
3555.128,0.02931133689696,0.319267689605012,-0.289956352708052
3555.611,0.0228531092050908,0.322021491008861,-0.29916838180377
3556.093,0.0465772066055692,0.324723097500898,-0.278145890895329
3556.575,0.0258197484146656,0.327377845496055,-0.301558097081389
3557.057,0.0378798449549897,0.329985329252229,-0.292105484297239
3557.539,0.040582566539701,0.332545150275212,-0.291962583735511
3558.021,0.0302254334724594,0.335056917379738,-0.304831483907278
3558.503,0.0370910360474141,0.337520246749525,-0.300429210702111
3558.985,0.0589064645491568,0.339934761996106,-0.281028297446949
3559.468,0.0516235962628535,0.342304950167226,-0.290681353904373
3559.949,0.0632049104234156,0.344615882050032,-0.281410971626616
3560.432,0.070582419338507,0.346886420638803,-0.276304001300296
3560.914,0.0722748162075284,0.349101961464579,-0.276827145257051
3561.396,0.07499041028235,0.35126691892784,-0.27627650864549
3561.878,0.0614185417895463,0.353380962394781,-0.291962420605235
3562.36,0.0769501509458976,0.355443769039166,-0.278493618093268
3562.842,0.0643290079583991,0.357455023891787,-0.293126015933388
3563.324,0.0862057830241802,0.359414419888807,-0.273208636864627
3563.806,0.0711860963305035,0.361321657918825,-0.290135561588322
3564.289,0.0842840351439165,0.363180240260202,-0.278896205116286
3564.771,0.0826717274631008,0.364982187368437,-0.282310459905336
3565.253,0.0674111685253287,0.366731126780585,-0.299319958255256
3565.735,0.0824646784780008,0.368426791658288,-0.285962113180287
3566.217,0.0929559674584723,0.370068923332733,-0.277112955874261
3566.699,0.0918516555940343,0.3716572713443,-0.279805615750266
3567.181,0.124536213001864,0.373191593480978,-0.248655380479114
3567.663,0.107202839788997,0.374671655815493,-0.267468816026496
3568.146,0.103065769230799,0.376100133580125,-0.273034364349326
3568.628,0.110748907068558,0.377470894134589,-0.266721987066031
3569.11,0.102541864545721,0.378786742741344,-0.276244878195623
3569.592,0.118339601728405,0.380047478975549,-0.261707877247145
3570.074,0.119409788672431,0.381252910863737,-0.261843122191306
3570.556,0.120019785423292,0.382402854913232,-0.26238306948994
3571.038,0.0916088320160853,0.383497136140297,-0.291888304124212
3571.52,0.115536308475519,0.384535588096966,-0.268999279621447
3572.002,0.0949776148158641,0.385518052896568,-0.290540438080704
3572.485,0.0880132523317165,0.386446244628224,-0.298432992296507
3572.967,0.107645190446924,0.387316178920757,-0.279670988473833
3573.449,0.0973138284228163,0.388129703734504,-0.290815875311688
3573.931,0.110104026231546,0.388886695674877,-0.278782669443331
3574.413,0.10071022383466,0.389587040016469,-0.288876816181809
3574.895,0.111318471183065,0.390230630720667,-0.278912159537602
3575.377,0.094892288216986,0.390817370451897,-0.295925082234911
3575.859,0.0908700848659514,0.391347170592559,-0.300477085726608
3576.342,0.109842148438627,0.391820872806942,-0.281978724368314
3576.824,0.0960943960744309,0.392236444339006,-0.296142048264575
3577.306,0.112954233049038,0.392594862744392,-0.279640629695354
3577.788,0.129911969248781,0.392896074418068,-0.262984105169287
3578.27,0.111550214549105,0.393140034527528,-0.281589819978423
3578.752,0.120961798814559,0.393326707019669,-0.27236490820511
3579.234,0.124151931898734,0.393456064626313,-0.269304132727579
3579.716,0.130293813644251,0.393528088868396,-0.263234275224145
3580.198,0.131714323882708,0.393542770058797,-0.261828446176089
3580.681,0.137612647919408,0.393499959187011,-0.255887311267603
3581.163,0.129360176602678,0.393399841446406,-0.264039664843728
3581.645,0.130419143206833,0.393242404396307,-0.262823261189474
3582.127,0.130974287519066,0.393027673536976,-0.26205338601791
3582.609,0.116949819315362,0.392755683154552,-0.27580586383919
3583.091,0.121615878360501,0.392426476315796,-0.270810597955295
3583.573,0.115721234408003,0.392040104861485,-0.276318870453482
3584.055,0.114470947200097,0.391596629398465,-0.277125682198368
3584.538,0.0956700480100388,0.391095021652996,-0.295424973642957
3585.02,0.117743355476936,0.39053743692972,-0.272794081452784
3585.502,0.138278678846415,0.389922982704264,-0.251644303857849
3585.984,0.138867077815185,0.389251754559464,-0.250384676744279
3586.466,0.133776822068484,0.388523856784306,-0.254747034715822
3586.948,0.127815051280056,0.387739402357943,-0.259924351077887
3587.43,0.132906755112113,0.386898512932358,-0.253991757820245
3587.912,0.161467293215296,0.386001318813727,-0.224534025598431
3588.395,0.152855922790561,0.385045922734134,-0.232189999943573
3588.876,0.175390470779561,0.384038580871684,-0.208648110092123
3589.359,0.162364851042184,0.382971072747681,-0.220606221705496
3589.841,0.163559964500728,0.381850019897521,-0.218290055396793
3590.323,0.150419330308019,0.380673443320549,-0.23025411301253
3590.805,0.148129348044527,0.379441524799816,-0.231312176755289
3591.287,0.167330907278927,0.378154454604936,-0.210823547326008
3591.769,0.163687967568023,0.376812431462919,-0.213124463894895
3592.251,0.151617498456751,0.375415662527673,-0.223798164070922
3592.733,0.156224929478118,0.373964363348266,-0.217739433870149
3593.216,0.138132487666326,0.372455577881386,-0.23432309021506
3593.698,0.137603569493599,0.370895786335125,-0.233292216841526
3594.18,0.13617031997962,0.369282161733439,-0.233111841753819
3594.662,0.162695898609336,0.367614952879729,-0.204919054270393
3595.144,0.133919664855604,0.365894416794419,-0.231974751938815
3595.626,0.135413878179151,0.364120818675548,-0.228706940496397
3596.108,0.145959308028516,0.362294431858093,-0.216335123829577
3596.59,0.122957183840061,0.360415537772078,-0.237458353932017
3597.073,0.15275909843972,0.358480365368001,-0.205721266928281
3597.555,0.139986856415948,0.356497225794307,-0.216510369378359
3598.037,0.153701528588542,0.354462472016499,-0.200760943427957
3598.519,0.138144524344654,0.352376417417198,-0.214231893072545
3599.001,0.152185053059039,0.350239383245894,-0.198054330186855
3599.483,0.148014054094038,0.348051698569696,-0.200037644475659
3599.965,0.168500036799536,0.345813700222833,-0.177313663423297
3600.447,0.164563250512913,0.343525732755045,-0.178962482242132
3600.929,0.16992061455904,0.341188148378703,-0.171267533819663
3601.412,0.181594289431249,0.338796304012586,-0.157202014581336
3601.894,0.160543504035171,0.336360471791862,-0.17581696775669
3602.376,0.137247196869392,0.333876125515227,-0.196628928645835
3602.858,0.188725097208255,0.331343647509329,-0.142618550301074
3603.34,0.155237644313409,0.328763427481695,-0.173525783168286
3603.822,0.155346487433743,0.326135862460996,-0.170789375027253
3604.304,0.166997765805377,0.323461356736155,-0.156463590930779
3604.786,0.168322568651593,0.320740321794332,-0.152417753142739
3605.269,0.13708724206889,0.317967387654303,-0.180880145585413
3605.751,0.162896343438021,0.315154462881882,-0.15225811944386
3606.233,0.175710096872603,0.312296286811998,-0.136586189939395
3606.715,0.188037301544252,0.309393299097261,-0.121355997553009
3607.197,0.179434036611575,0.306445946262056,-0.127011909650481
3607.679,0.189699311220139,0.30345468163405,-0.113755370413911
3608.161,0.190007974502425,0.300419965274687,-0.110411990772262
3608.643,0.194564685577806,0.297342263908644,-0.102777578330839
3609.125,0.182466473552505,0.294222050852259,-0.111755577299754
3609.608,0.195988421944083,0.291053201911099,-0.0950647799670162
3610.09,0.181825852922287,0.287849325741493,-0.106023472819206
3610.572,0.178324678037221,0.284604397678326,-0.106279719641105
3611.054,0.208613786342099,0.281318916681769,-0.0727051303396699
3611.536,0.174562976876786,0.277993387930693,-0.103430411053907
3612.018,0.189434238667772,0.274628322745221,-0.0851940840774491
3612.5,0.167119470728146,0.271224238508273,-0.104104767780128
3612.982,0.187313712057527,0.267781658586286,-0.0804679465287588
3613.465,0.186360291526572,0.264293852102644,-0.0779335605760713
3613.947,0.158353520261503,0.260775797343435,-0.102422277081932
3614.429,0.156889015181083,0.257220853220246,-0.100331838039163
3614.911,0.152085175230727,0.253629566233506,-0.101544391002779
3615.393,0.159295379342218,0.250002488456776,-0.0907071091145573
3615.875,0.142465836433665,0.246340177452037,-0.103874341018372
3616.357,0.129024465409454,0.24264319618421,-0.113618730774756
3616.839,0.121988585160224,0.23891211293484,-0.116923527774615
3617.322,0.125738709769891,0.235139656364954,-0.109400946595063
3617.803,0.136207052480287,0.231349939676931,-0.0951428871966431
3618.286,0.110888666775288,0.227512032881266,-0.116623366105977
3618.768,0.114451180155616,0.22365026247335,-0.109199082317735
3619.25,0.0771151385540456,0.219757309399246,-0.1426421708452
3619.732,0.115372100777876,0.215833771992308,-0.100461671214433
3620.214,0.127595815620392,0.211880253275952,-0.0842844376555604
3620.696,0.110151891860806,0.207897360871174,-0.0977454690103678
3621.178,0.111065408264256,0.203885706903321,-0.0928202986390647
3621.66,0.101718213581727,0.199845907908316,-0.0981276943265894
3622.143,0.114245250693845,0.19577011812981,-0.0815248674359657
3622.625,0.0938014019147317,0.191675840702222,-0.0978744387874904
3623.107,0.109650458214745,0.187555294679163,-0.077904836464418
3623.589,0.114556188287931,0.183409113294858,-0.0688529250069266
3624.071,0.104931900814012,0.179237933714712,-0.0743060329006997
3624.553,0.104871494458344,0.175042396937499,-0.0701709024791557
3625.035,0.117728057871876,0.170823147697136,-0.0530950898252601
3625.517,0.125130439691119,0.166580834363805,-0.0414503946726859
3626,0.13859512764148,0.162307238022883,-0.0237121103814028
3626.482,0.136624923980424,0.158020711206313,-0.0213957872258888
3626.964,0.142447654544636,0.153713087597814,-0.0112654330531776
3627.446,0.156886117912443,0.149385029119539,0.00750108879290362
3627.928,0.160125682647529,0.145037200827334,0.0150884818201947
3628.41,0.168666637298909,0.140670270808666,0.0279963664902427
3628.892,0.161020520400871,0.136284910080225,0.0247356103206461
3629.374,0.165872850472976,0.131881792485025,0.0339910579879504
3629.856,0.172526566019961,0.127461594589016,0.0450649714309452
3630.339,0.158093951241092,0.123015774438737,0.0350781768023548
3630.821,0.151761725021927,0.118563424109252,0.033198300912675
3631.303,0.114275919699537,0.114096039896998,0.00017987980253921
3631.785,0.124101053719087,0.109614308223118,0.0144867454959698
3632.267,0.132505635510743,0.105118917708871,0.0273867178018717
3632.749,0.123224313489629,0.100610559070081,0.0226137544195484
3633.231,0.105222006055833,0.0960899250111925,0.00913208104464013
3633.713,0.0990615315943053,0.091557710119091,0.00750382147521433
3634.196,0.0923101587298589,0.0870051744087647,0.00530498432109425
3634.678,0.103748047109757,0.0824518682006231,0.0212961789091343
3635.16,0.0942745035223105,0.0778890766008017,0.0163854269215088
3635.642,0.0945014962916133,0.0733175006609515,0.0211839956306618
3636.124,0.0905043237264636,0.0687378427797351,0.0217664809467285
3636.606,0.0706727441203086,0.0641508065952156,0.00652193752509291
3637.088,0.0726429257512109,0.059557096876866,0.0130858288743449
3637.57,0.0647405168818018,0.0549574194175305,0.00978309746427136
3638.052,0.0581636457592545,0.0503524809252304,0.0078111648340241
3638.535,0.06512576697029,0.0457334214110977,0.0193923455591924
3639.017,0.0753201477912242,0.0411200768541871,0.0342000709370371
3639.499,0.0553861410035807,0.0365035972658899,0.0188825437376908
3639.981,0.0673771347922241,0.0318846919307385,0.0354924428614856
3640.463,0.0574120973263526,0.0272640705053223,0.0301480268210303
3640.945,0.0397068367594677,0.0226424429093203,0.0170643938501474
3641.427,0.0298559112293155,0.0180205192167377,0.0118353920125778
3641.909,0.030959028857847,0.0133990095469852,0.0175600193108618
3642.392,0.0488846981656401,0.008769039754716,0.0401156584109241
3642.874,0.0360002681534759,0.00415049266862686,0.031849775484849
3643.356,0.0489856055667204,-0.000465509381042804,0.0494511149477632
3643.838,0.0288920784637483,-0.00507825718295308,0.0339703356467014
3644.32,0.0254255448869323,-0.00968704202479574,0.035112586911728
3644.802,0.0307901328626095,-0.0142911558019843,0.0450812886645938
3645.284,0.0295988604010553,-0.0188898911262297,0.048488751527285
3645.766,0.00660693549642488,-0.0234825414340009,0.0300894769304258
3646.249,0.00550449034575351,-0.0280779077787373,0.0335823981244908
3646.73,0.000595460253741464,-0.0326467655198752,0.0332422257736166
3647.213,-0.0131409965494456,-0.037226403931074,0.0240854073816285
3647.695,0.00318097008924312,-0.0417876496268809,0.044968619716124
3648.177,0.00948369400814641,-0.0463392921946155,0.0558229862027619
3648.659,0.0192877231038473,-0.0508806322923533,0.0701683553962006
3649.141,0.00364173525652589,-0.0554109721579893,0.0590527074145152
3649.623,0.00743420832991148,-0.0599296157163003,0.0673638240462118
3650.105,0.0274280001712626,-0.064435868685666,0.0918638688569286
3650.587,0.0141979786113033,-0.0689290386845148,0.0831270172958181
3651.07,0.0151222725537394,-0.0734177138964259,0.0885399864501654
3651.552,0.00430666927908163,-0.0778826182231842,0.0821892875022659
3652.034,-0.00997385400888717,-0.0823323734744185,0.0723585194655313
3652.516,-0.0301948795459843,-0.0867662959323981,0.0565714163864137
3652.998,-0.0215368595847636,-0.0911837043072602,0.0696468447224966
3653.48,-0.0591893263945522,-0.0955839198415961,0.0363945934470439
3653.962,-0.0385497822614873,-0.0999662664144354,0.0614164841529481
3654.444,-0.0363723494885733,-0.104330070645014,0.0679577211564405
3654.927,-0.0382054661378461,-0.108683655235594,0.0704781890977477
3655.409,-0.0265496214377841,-0.113008324178165,0.0864587027403806
3655.891,-0.0396848751133341,-0.117312446732035,0.0776275716187009
3656.373,-0.0427170195353774,-0.121595361511915,0.0788783419765379
3656.855,-0.0234945470918611,-0.125856410384652,0.102361863292791
3657.337,-0.0196151601878469,-0.130094938570219,0.110479778382372
3657.819,-0.0256587712455456,-0.134310294742034,0.108651523496488
3658.301,-0.0206111427043538,-0.138501831126944,0.11789068842259
3658.783,-0.00921666702091883,-0.142668903604467,0.133452236583548
3659.266,-0.0206189079707109,-0.146819438562617,0.126200530591906
3659.748,-0.0288009638631586,-0.150935611905055,0.122134648041896
3660.23,-0.00168613009233809,-0.155025410571639,0.153339280479301
3660.712,-0.0335839291842746,-0.15908820604313,0.125504276858855
3661.194,-0.0380905336824604,-0.163123373941225,0.125032840258765
3661.676,-0.0352144161478662,-0.167130294124194,0.131915877976328
3662.158,-0.0374844391590123,-0.171108350782086,0.133623911623074
3662.64,-0.0458353453119678,-0.175056932531052,0.129221587219085
3663.123,-0.0421676560376376,-0.178983530486708,0.136815874449071
3663.605,-0.0567510747971163,-0.182871282156508,0.126120207359392
3664.087,-0.0664165445980487,-0.186727751022185,0.120311206424137
3664.569,-0.0600206181072807,-0.190552344345121,0.13053172623784
3665.051,-0.0608663980094484,-0.194344474274778,0.13347807626533
3665.533,-0.0820906070070215,-0.198103557938763,0.116012950931742
3666.015,-0.0790528278203375,-0.201829017532304,0.122776189711966
3666.497,-0.0753832031876556,-0.205520280406755,0.130137077219099
3666.979,-0.079506435865202,-0.209176779157513,0.129670343292311
3667.462,-0.0978025738201218,-0.212805427408479,0.115002853588357
3667.944,-0.100855607973944,-0.216390642087541,0.115535034113597
3668.426,-0.101956897820696,-0.219939421621253,0.117982523800558
3668.908,-0.0941100761889118,-0.223451220454511,0.1293411442656
3669.39,-0.0864366959253076,-0.226925498703083,0.140488802777776
3669.872,-0.0816776898948,-0.230361722236473,0.148684032341673
3670.354,-0.0967409909805994,-0.233759362759745,0.137018371779146
3670.836,-0.0887505220841938,-0.237117897894633,0.148367375810439
3671.319,-0.0895675096021407,-0.240443655430159,0.150876145828019
3671.801,-0.0871324980822656,-0.243722352931684,0.156589854849418
3672.283,-0.122773805401131,-0.246960413166592,0.124186607765461
3672.765,-0.137376994533938,-0.250157338227884,0.112780343693946
3673.247,-0.108862918474419,-0.253312636516521,0.144449718042102
3673.729,-0.117615790234876,-0.256425822816876,0.138810032582001
3674.211,-0.115654302846227,-0.259496418371069,0.143842115524841
3674.693,-0.124467019358033,-0.262523950952451,0.138056931594418
3675.176,-0.106276724990639,-0.265514100250206,0.159237375259567
3675.657,-0.109540826374857,-0.2684479713795,0.158907145004642
3676.14,-0.0907786924578282,-0.271349508989891,0.180570816532063
3676.622,-0.120105584068128,-0.274200106969482,0.154094522901355
3677.104,-0.112865875114682,-0.277005380407144,0.164139505292462
3677.586,-0.108439858759972,-0.279764897762772,0.1713250390028
3678.068,-0.129861458185438,-0.282478234512834,0.152616776327396
3678.55,-0.0965554065915377,-0.285144973215527,0.188589566623989
3679.032,-0.118513827197781,-0.28776470357472,0.169250876376939
3679.514,-0.139180563242775,-0.290337022502933,0.151156459260158
3679.997,-0.101863866562109,-0.292866721792961,0.191002855230852
3680.479,-0.103366101956766,-0.295342937349323,0.191976835392557
3680.961,-0.135531992627897,-0.297770575293597,0.1622385826657
3681.443,-0.129531661891001,-0.300149261995243,0.170617600104242
3681.925,-0.123146683080886,-0.302478631330274,0.179331948249387
3682.407,-0.127118479551736,-0.304758324737434,0.177639845185698
3682.889,-0.131873484677136,-0.306987991273133,0.175114506595996
3683.371,-0.130335891850144,-0.309167287665319,0.178831395815174
3683.854,-0.127709602690512,-0.311300241592215,0.183590638901703
3684.336,-0.149332432951649,-0.313377692615364,0.164045259663715
3684.818,-0.127967685563906,-0.315403789572706,0.1874361040088
3685.3,-0.156404973998658,-0.31737822040912,0.160973246410462
3685.782,-0.156831571746938,-0.319300680992365,0.162469109245426
3686.264,-0.159273362319535,-0.321170875159736,0.161897512840201
3686.746,-0.184651019246985,-0.322988514763453,0.138337495516468
3687.228,-0.183343836079654,-0.324753319714876,0.141409483635222
3687.71,-0.182396466387775,-0.326465018027425,0.14406855163965
3688.193,-0.190416270849667,-0.328126730715287,0.13771045986562
3688.675,-0.216909137700888,-0.329731320888379,0.11282218318749
3689.157,-0.179648868865421,-0.331282036981409,0.151633168115989
3689.639,-0.19263696799344,-0.332778639837864,0.140141671844423
3690.121,-0.182162718755205,-0.334220898599366,0.152058179844161
3690.603,-0.176981064841119,-0.335608590741087,0.158627525899968
3691.085,-0.192666179961762,-0.336941502105878,0.144275322144116
3691.567,-0.195126317847947,-0.338219426937086,0.143093109089139
3692.05,-0.198609049965164,-0.33944464722122,0.140835597256056
3692.532,-0.204118243519442,-0.34061190040225,0.136493656882807
3693.014,-0.175154831161393,-0.341723600126516,0.166568768965123
3693.496,-0.193440846703243,-0.342779574559689,0.149338727856446
3693.978,-0.186987073977654,-0.34377966041279,0.156792586435135
3694.46,-0.21602606683782,-0.344723702967227,0.128697636129407
3694.942,-0.227181239157463,-0.345611556098532,0.118430316941068
3695.424,-0.225157214830904,-0.346443082298747,0.121285867467843
3695.906,-0.220964137773112,-0.347218152697538,0.126254014924426
3696.389,-0.207206429690551,-0.347938078844732,0.140731649154181
3696.871,-0.222051387933973,-0.348599767958631,0.126548380024657
3697.353,-0.219547195323642,-0.3492046664724,0.129657471148758
3697.835,-0.220391055857593,-0.349752680268555,0.129361624410961
3698.317,-0.22343151355474,-0.350243723952756,0.126812210398016
3698.799,-0.201475452454908,-0.350677720866902,0.149202268411995
3699.281,-0.222806626618897,-0.351054603100891,0.128247976481993
3699.763,-0.218617450128523,-0.351374311503028,0.132756861374505
3700.246,-0.192110686577429,-0.351637280747339,0.15952659416991
3700.728,-0.193719370111456,-0.35184238026241,0.158123010150954
3701.21,-0.177126725371721,-0.351990181066015,0.174863455694294
3701.692,-0.185705496524598,-0.352080659135592,0.166375162610994
3702.174,-0.181571907757714,-0.352113799238888,0.170541891481174
3702.656,-0.198468573279982,-0.352089594936307,0.153621021656325
3703.138,-0.196621067321669,-0.352008048581885,0.155386981260217
3703.62,-0.180602364134415,-0.351869171322939,0.171266807188524
3704.103,-0.17479289975136,-0.351672516512695,0.176879616761336
3704.584,-0.179119563186926,-0.351419512635513,0.172299949448587
3705.067,-0.198538073953664,-0.351108093333496,0.152570019379832
3705.549,-0.206655403888224,-0.35074006109225,0.144084657204026
3706.031,-0.246407838183632,-0.350314885598548,0.103907047414916
3706.513,-0.25464181122091,-0.349832630694475,0.0951908194735644
3706.995,-0.247532797402794,-0.349293368975113,0.101760571572319
3707.477,-0.249554071153792,-0.348697181777418,0.0991431106236257
3707.959,-0.247369336920219,-0.348044159167739,0.10067482224752
3708.441,-0.266493489170255,-0.347334399928008,0.0808409107577527
3708.924,-0.265790595298128,-0.346566362736475,0.0807757674383474
3709.406,-0.269823323173082,-0.345743344247631,0.0759200210745496
3709.888,-0.260345251077272,-0.344863937877881,0.0845186868006095
3710.37,-0.249573303566851,-0.343928277124609,0.0943549735577571
3710.852,-0.248643095220078,-0.342936504111681,0.0942934088916024
3711.334,-0.249920100637357,-0.341888769567657,0.0919686689302993
3711.816,-0.23394162444129,-0.34078523280267,0.106843608361381
3712.298,-0.223562721276725,-0.339626061684006,0.116063340407281
3712.781,-0.22224411230367,-0.338408855111468,0.116164742807798
3713.263,-0.231647628468085,-0.337138838509576,0.105491210041491
3713.745,-0.206025021742299,-0.335813742644765,0.129788720902466
3714.227,-0.208347386860677,-0.334433769359922,0.126086382499246
3714.709,-0.200480978580053,-0.332999128913256,0.132518150333203
3715.191,-0.191060351679816,-0.331510039946066,0.14044968826625
3715.673,-0.211416010961923,-0.329966729449211,0.118550718487288
3716.155,-0.186777651250974,-0.328369432728298,0.141591781477324
3716.637,-0.207291937394245,-0.326718393367616,0.11942645597337
3717.12,-0.191125914289795,-0.325010271398546,0.13388435710875
3717.602,-0.188202106106406,-0.323252400276442,0.135050294170036
3718.084,-0.209381828465855,-0.321441567124437,0.112059738658582
3718.566,-0.203341786306677,-0.319578048272138,0.116236261965462
3719.048,-0.217380354590329,-0.317662128128411,0.100281773538082
3719.53,-0.205910458301229,-0.315694099137725,0.109783640836496
3720.012,-0.201488472446847,-0.313674261735331,0.112185789288484
3720.494,-0.188245712057693,-0.311602924301193,0.1233572122435
3720.977,-0.199383787159995,-0.309475946559902,0.110092159399907
3721.459,-0.222252302300642,-0.307302460567744,0.0850501582671017
3721.941,-0.208833048147607,-0.305078447569715,0.096245399422108
3722.423,-0.203388949824241,-0.302804247255642,0.0994152974314015
3722.905,-0.2018597824772,-0.300480207011473,0.0986204245342727
3723.387,-0.183893511276516,-0.298106681865998,0.114213170589483
3723.869,-0.194293051415624,-0.295684034436411,0.101390983020787
3724.351,-0.199375238111443,-0.293212634872692,0.0938373967612486
3724.833,-0.202790386604395,-0.290692860800853,0.0879024741964577
3725.316,-0.202222532253064,-0.288119720340864,0.0858971880878002
3725.798,-0.179404309668303,-0.285504261408178,0.106099951739874
3726.28,-0.199813074754569,-0.282841605953641,0.0830285311990715
3726.762,-0.198821502846883,-0.28013216093196,0.0813106580850775
3727.244,-0.209302889304031,-0.27737634047288,0.0680734511688496
3727.726,-0.222867629508617,-0.274574565817733,0.0517069363091158
3728.208,-0.223091878867095,-0.271727265254819,0.048635386387724
3728.69,-0.216098692809851,-0.268834874053746,0.0527361812438953
3729.173,-0.243426783296659,-0.265891694853803,0.0224649115571437
3729.655,-0.243955852397196,-0.262910364547032,0.0189545121498362
3730.137,-0.236628142528549,-0.259885291578574,0.0232571490500257
3730.619,-0.231524479217281,-0.256816938479045,0.0252924592617639
3731.101,-0.235550048014137,-0.253705774415946,0.0181557264018091
3731.583,-0.235170804494061,-0.250552275121778,0.0153814706277177
3732.065,-0.239585344256263,-0.247356922821035,0.0077715785647727
3732.547,-0.233267542924271,-0.244120206156281,0.0108526632320103
3733.03,-0.224666319791687,-0.240835778005239,0.0161694582135514
3733.511,-0.215564579593686,-0.237524665944757,0.0219600863510716
3733.994,-0.232823582012074,-0.234159843593523,0.0013362615814495
3734.476,-0.208477702745519,-0.230762600521717,0.0222848977761981
3734.958,-0.188385780880822,-0.22732653099748,0.0389407501166583
3735.44,-0.197487252188495,-0.223852160576846,0.0263649083883511
3735.922,-0.180890542463725,-0.220340020689175,0.0394494782254496
3736.404,-0.178894127526419,-0.216790648555715,0.0378965210292957
3736.886,-0.185347243221248,-0.213204587107193,0.0278573438859451
3737.368,-0.174189685417712,-0.209582384900552,0.03539269948284
3737.851,-0.180200961146404,-0.205916970656289,0.0257160095098848
3738.333,-0.174176033870104,-0.20222408260277,0.0280480487326655
3738.815,-0.21903595086571,-0.19849673355145,-0.0205392173142599
3739.297,-0.210960098102557,-0.194735493725444,-0.0162246043771136
3739.779,-0.208736951575062,-0.190940938544899,-0.0177960130301636
3740.261,-0.221998387302765,-0.187113648538819,-0.0348847387639459
3740.743,-0.225117401330387,-0.183254209256014,-0.0418631920743729
3741.225,-0.237912179727871,-0.17936321117532,-0.058548968552551
3741.708,-0.232807148603086,-0.175433080994372,-0.0573740676087146
3742.19,-0.246259943967633,-0.171480693653384,-0.0747792503142489
3742.672,-0.236631872076565,-0.167498548881332,-0.0691333231952332
3743.154,-0.230059789101308,-0.163487255973676,-0.0665725331276314
3743.636,-0.235272651238791,-0.159447428695646,-0.0758252225431449
3744.118,-0.220243074711476,-0.155379685188202,-0.0648633895232739
3744.6,-0.203270235767405,-0.151284647873151,-0.0519855878942542
3745.082,-0.195615940680288,-0.147162943357768,-0.0484529973225193
3745.564,-0.191669125749499,-0.143015202338675,-0.0486539234108241
3746.047,-0.172706217024082,-0.138833375569693,-0.0338728414543895
3746.529,-0.175786111440406,-0.134635418796767,-0.041150692643639
3747.011,-0.190323805079181,-0.130413342512568,-0.0599104625666138
3747.493,-0.177250784343137,-0.12616779280551,-0.0510829915376271
3747.975,-0.174436145660973,-0.121899419363606,-0.0525367262973667
3748.457,-0.149909275487392,-0.117608875374834,-0.0323004001125584
3748.939,-0.169252540303148,-0.113296817426987,-0.0559557228761607
3749.421,-0.182892476615116,-0.108963905406967,-0.0739285712081492
3749.904,-0.153208041320671,-0.10460175053871,-0.0486062907819604
3750.386,-0.167621090391233,-0.100229082911764,-0.0673920074794683
3750.868,-0.190566780649512,-0.0958375610450721,-0.0947292196044396
3751.35,-0.1725835387074,-0.0914278570111634,-0.0811556816962365
3751.832,-0.180751051203167,-0.0870006456707485,-0.0937504055324184
3752.314,-0.15989020480152,-0.0825566045692543,-0.0773336002322662
3752.796,-0.164314886193626,-0.0780964138328939,-0.0862184723607322
3753.278,-0.165324392097197,-0.0736207560644166,-0.0917036360327808
3753.76,-0.178213119256526,-0.0691303162383968,-0.109082803018129
3754.243,-0.182021986572408,-0.0646164219150327,-0.117405564657376
3754.725,-0.1803950768488,-0.0600984547654624,-0.120296622083338
3755.207,-0.190842778788053,-0.0555677750975979,-0.135275003690455
3755.689,-0.191862509241393,-0.0510250763234896,-0.140837432917903
3756.171,-0.185371735086878,-0.0464710536983121,-0.138900681388566
3756.653,-0.158498913229487,-0.041906404213717,-0.11659250901577
3757.135,-0.150974260601142,-0.0373318264909456,-0.113642434110197
3757.617,-0.160823934160785,-0.0327480206737441,-0.128075913487041
3758.1,-0.138029925553838,-0.028146152284533,-0.109883773269304
3758.582,-0.140194222855708,-0.0235459807622946,-0.116648242093414
3759.064,-0.108748847399596,-0.0189386910988241,-0.089810156300772
3759.546,-0.101428966253071,-0.014324988454145,-0.0871039777989257
3760.028,-0.100463026510972,-0.00970557897171842,-0.0907574475392541
3760.51,-0.0949674552954747,-0.00508116967011519,-0.0898862856253595
3760.992,-0.0980368597561316,-0.000452468334638634,-0.097584391421493
3761.474,-0.0788145870699424,0.00417981659124999,-0.0829944036611924
3761.957,-0.100642722563908,0.00882459512413525,-0.109467317688043
3762.438,-0.0753134291024935,0.0134523008014414,-0.0887657299039349
3762.921,-0.0761848974501937,0.0181007059315393,-0.094285603381733
3763.403,-0.067094529027262,0.022740232233291,-0.089834761260553
3763.885,-0.0787925197711026,0.0273797923671645,-0.106172312138267
3764.367,-0.0591480970245364,0.0320186762245151,-0.0911667732490515
3764.849,-0.0597976181581785,0.0366561738004143,-0.0964537919585929
3765.331,-0.0573232205705345,0.041291575302517,-0.0986147958730515
3765.813,-0.038094301688016,0.0459241712598901,-0.0840184729479061
3766.295,-0.0573189689650206,0.0505532526318408,-0.107872221596861
3766.778,-0.0606650236922022,0.0551877011772362,-0.115852724869438
3767.26,-0.063051536417003,0.059807617555246,-0.122859153972249
3767.742,-0.0378546478486044,0.0644218944277938,-0.102276542276398
3768.224,-0.0326387155539223,0.0690298255633832,-0.101668541117306
3768.706,-0.0543649871281175,0.0736307057036119,-0.127995692831729
3769.188,-0.0446389301946546,0.0782238306713265,-0.122862760865981
3769.67,-0.0277276124053714,0.0828084974786285,-0.110536109884
3770.152,-0.0280181914405055,0.0873840044346433,-0.115402195875149
3770.635,-0.0128289144876028,0.0919591128148558,-0.104788027302459
3771.117,-0.0102862711066507,0.0965141780899235,-0.106800449196574
3771.599,0.00361510222197836,0.101057985853649,-0.097442883631671
3772.081,-0.02016034229624,0.105589840680818,-0.125750182977058
3772.563,-0.0254939624844965,0.110109048979141,-0.135603011463638
3773.045,-0.0113126861947386,0.114614919095671,-0.125927605290409
3773.527,-0.0264146613077152,0.119106761422852,-0.145521422730567
3774.009,-0.023205005733022,0.123583888504224,-0.146788894237246
3774.491,-0.0255945374091695,0.128045615139911,-0.153640152549081
3774.974,-0.0302340213941434,0.132500464627168,-0.162734486021311
3775.456,-0.0258533824312863,0.136929308838166,-0.162782691269453
3775.938,-0.0511465447254977,0.141340710188537,-0.192487254914035
3776.42,-0.0222763063315377,0.145733993557284,-0.168010299888822
3776.902,-0.011494965333366,0.150108486601766,-0.161603451935132
3777.384,-0.0357504998441769,0.154463519860805,-0.190214019704982
3777.866,-0.0261635980064625,0.158798426857303,-0.184962024863765
3778.348,-0.0522865779920743,0.163112544200524,-0.215399122192598
3778.831,-0.0217285029883527,0.167414094883562,-0.189142597871915
3779.313,-0.0184853223169092,0.171684609056195,-0.190169931373104
3779.795,-0.0197099581781899,0.175932361583764,-0.195642319761954
3780.277,-0.0105350688620902,0.18015670244045,-0.190691771302541
3780.759,-0.00597228268812344,0.184356985190576,-0.190329267878699
3781.241,0.00286094199449494,0.188532567087716,-0.185671625093221
3781.723,-0.0115206531931946,0.192682809173268,-0.204203462366462
3782.205,-0.00303567665995175,0.196807076374435,-0.199842753034387
3782.688,0.0138618791785063,0.200913210880939,-0.187051331702433
3783.17,0.0320873226056868,0.204983581975611,-0.172896259369924
3783.652,0.0183672923304741,0.209026095965337,-0.190658803634863
3784.134,0.00560540982427327,0.213040134297189,-0.207434724472915
3784.616,0.045385346528402,0.217025082784914,-0.171639736256512
3785.098,0.0561282238540421,0.220980331703111,-0.164852107849069
3785.58,0.0430923731821693,0.224905275880757,-0.181812902698587
3786.062,0.0488037058635129,0.228799314793986,-0.179995608930473
3786.544,0.0759511632184839,0.232661852658189,-0.156710689439705
3787.027,0.0574663710966981,0.236500211735561,-0.179033840638863
3787.509,0.0759645802752296,0.240297911158494,-0.164333330883264
3787.991,0.0546318178879694,0.244062350323829,-0.189430532435859
3788.473,0.0846457051334575,0.24779295332079,-0.163147248187333
3788.955,0.0799080131796366,0.251489149427309,-0.171581136247673
3789.437,0.0781646531637996,0.255150373197527,-0.176985720033727
3789.919,0.0761961361925252,0.258776064548515,-0.18257992835599
3790.401,0.0737816433416292,0.262365668846174,-0.188584025504545
3790.884,0.0755679087912711,0.265925969832315,-0.190358061041044
3791.365,0.0765282241500422,0.26943442549863,-0.192906201348588
3791.848,0.0654632299009279,0.272919672928456,-0.207456443027529
3792.33,0.0689003821237186,0.276359414702422,-0.207459032578703
3792.812,0.0779107333635771,0.279760379846233,-0.201849646482656
3793.294,0.0550407545104434,0.283122048187054,-0.22808129367661
3793.776,0.0537970664230905,0.286443905578127,-0.232646839155037
3794.258,0.0720541799290686,0.289725443977609,-0.217671264048541
3794.74,0.0766301758246328,0.292966161526483,-0.216335985701851
3795.222,0.0804600448747159,0.296165562625529,-0.215705517750813
3795.705,0.0807620249828283,0.299329665246105,-0.218567640263277
3796.187,0.0941327808096268,0.302444883832934,-0.208312103023307
3796.669,0.0973331218776821,0.305517336504582,-0.2081842146269
3797.151,0.110027598825891,0.308546553464871,-0.198518954638981
3797.633,0.0924751222615434,0.311532071547716,-0.219056949286173
3798.115,0.106371082760212,0.314473434288168,-0.208102351527956
3798.597,0.113026040865741,0.317370191992404,-0.204344151126663
3799.079,0.114688557090158,0.320221901806674,-0.205533344716516
3799.562,0.120845434921961,0.323033902251732,-0.202188467329771
3800.044,0.120953476934325,0.325794119727838,-0.204840642793513
3800.526,0.12509176839033,0.32850800159904,-0.203416233208709
3801.008,0.138507439674125,0.331175133055191,-0.192667693381066
3801.49,0.129311941137775,0.333795106455228,-0.204483165317453
3801.972,0.124755933101163,0.336367521389672,-0.211611588288509
3802.454,0.135573615851985,0.338891984742013,-0.203318368890028
3802.936,0.12600902964564,0.341368110749028,-0.215359081103387
3803.418,0.128963564705199,0.343795521059911,-0.214831956354712
3803.901,0.114145486777272,0.346178727797205,-0.232033241019934
3804.383,0.12970828286814,0.348507498636397,-0.218799215768257
3804.865,0.133917150679029,0.350786463045855,-0.216869312366826
3805.347,0.133982960303022,0.353015272909074,-0.219032312606051
3805.829,0.145223101800568,0.355193587800628,-0.20997048600006
3806.311,0.141880525199436,0.357321075038392,-0.215440549838956
3806.793,0.138594420494648,0.359397409734543,-0.220802989239895
3807.275,0.174723177648417,0.361422274845388,-0.18669909719697
3807.758,0.172373725242313,0.363399400726023,-0.19102567548371
3808.24,0.180694583662117,0.365320298796321,-0.184625715134204
3808.722,0.18518007360862,0.367188823095114,-0.182008749486494
3809.204,0.192477834912165,0.369004688445977,-0.176526853533813
3809.686,0.204856947369965,0.370767617747617,-0.165910670377652
3810.168,0.200363740746081,0.372477342016363,-0.172113601270282
3810.65,0.214971654771364,0.37413360042742,-0.159161945656056
3811.132,0.195500819143362,0.375736140354867,-0.180235321211504
3811.615,0.192017533930343,0.377287873966403,-0.18527034003606
3812.097,0.211207915578331,0.378782139351074,-0.167574223772743
3812.579,0.214881816443803,0.380221977484702,-0.165340161040898
3813.061,0.214608176090518,0.381607168928944,-0.166998992838426
3813.543,0.221636894048647,0.382937502625392,-0.161300608576745
3814.025,0.226648279814739,0.384212775927956,-0.157564496113217
3814.507,0.237016752851627,0.385432794633939,-0.148416041782312
3814.989,0.239109122588374,0.386597373013806,-0.147488250425432
3815.471,0.249734178420244,0.38770633383968,-0.137972155419436
3815.954,0.263666157933031,0.388761635319803,-0.125095477386772
3816.436,0.266398771431483,0.389758747263352,-0.123359975831869
3816.918,0.277194878985011,0.390699760938897,-0.113504881953887
3817.4,0.269051239852907,0.391584533401706,-0.1225332935488
3817.882,0.256927833260328,0.392412930331523,-0.135485097071196
3818.364,0.282561618398248,0.393184826053147,-0.110623207654899
3818.846,0.273544994423403,0.393900103555716,-0.120355109132312
3819.328,0.249656280458204,0.394558654510647,-0.144902374052443
3819.811,0.272016282592091,0.395161568544705,-0.123145285952614
3820.292,0.292408138874556,0.395705186972985,-0.103297048098429
3820.775,0.265835590799778,0.396193948125065,-0.130358357325287
3821.257,0.255362674609611,0.396624565324134,-0.141261890714523
3821.739,0.287529653501515,0.396998044976389,-0.109468391474874
3822.221,0.276749556390715,0.397314331167187,-0.120564774776472
3822.703,0.298997162157715,0.397573376752381,-0.0985762145946665
3823.185,0.29705421964821,0.397775143365541,-0.100720923717331
3823.667,0.300813777673042,0.39791960142384,-0.0971058237507979
3824.149,0.286698095008148,0.398006730132593,-0.111308635124445
3824.632,0.283453308815965,0.398036519678049,-0.114583210862084
3825.114,0.263956287974111,0.398008843501449,-0.134052555527339
3825.596,0.283712392536643,0.397923828365959,-0.114211435829316
3826.078,0.279087631139134,0.397781488666098,-0.118693857526963
3826.56,0.265001252381921,0.397581847586981,-0.132580595205059
3827.042,0.268829914830064,0.397324937100765,-0.1284950222707
3827.524,0.258711647013268,0.397010797961741,-0.138299150948473
3828.006,0.241689087425833,0.396639479700088,-0.154950392274255
3828.489,0.238208948395886,0.396210092404611,-0.158001144008725
3828.971,0.241813207432376,0.395724481259436,-0.153911273827061
3829.453,0.238570329943897,0.39518189232118,-0.156611562377283
3829.935,0.254095504282414,0.394582410152296,-0.140486905869882
3830.417,0.25369940876416,0.393926128039684,-0.140226719275524
3830.899,0.243243411669599,0.393213147980392,-0.149969736310793
3831.381,0.255042031243335,0.392443580665971,-0.137401549422636
3831.863,0.263310915694071,0.391617545465501,-0.12830662977143
3832.345,0.27752251319454,0.390735170407292,-0.113212657212752
3832.828,0.264782976287304,0.389794586577744,-0.12501161029044
3833.31,0.297784400865634,0.388799834280677,-0.0910154334150426
3833.792,0.300631902770647,0.387749178291376,-0.0871172755207288
3834.274,0.282454280030496,0.386642781083242,-0.104188501052746
3834.756,0.290931530637057,0.385480813677483,-0.094549283040426
3835.238,0.316924282545845,0.384263455616863,-0.0673391730710179
3835.72,0.291824903675977,0.382990894938184,-0.0911659912622069
3836.202,0.278015351910106,0.381663328143444,-0.103647976233337
3836.685,0.286940601629198,0.380278035367278,-0.09333743373808
3837.167,0.291106553976849,0.378840966530069,-0.0877344125532195
3837.649,0.270468276831565,0.377349532034869,-0.106881255203304
3838.131,0.272184517929382,0.37580396194749,-0.103619444018108
3838.613,0.274891094969579,0.374204494635328,-0.0993133996657488
3839.095,0.271343845614567,0.372551376730783,-0.101207531116216
3839.577,0.289752037489848,0.370844863093474,-0.0810928256036259
3840.059,0.294496128183951,0.369085216771123,-0.0745890885871722
3840.542,0.283040842290259,0.367268893812606,-0.0842280515223471
3841.024,0.272927669437728,0.365403695017145,-0.0924760255794174
3841.506,0.308049787921082,0.363486202003449,-0.0554364140823674
3841.988,0.293595285180231,0.361516710172469,-0.0679214249922381
3842.47,0.301603198617784,0.359495522899061,-0.0578923242812776
3842.952,0.329607025598996,0.357422951485442,-0.0278159258864464
3843.434,0.314205013451701,0.355299315113509,-0.0410943016618074
3843.916,0.319742469466252,0.353124940795823,-0.0333824713295707
3844.398,0.311032180895442,0.350900163325514,-0.0398679824300721
3844.881,0.325268056830165,0.348620553847561,-0.0233524970173957
3845.363,0.319743096657863,0.346295902551357,-0.0265528058934943
3845.845,0.311802613405938,0.343921899396165,-0.0321192859902268
3846.327,0.300368844176273,0.341498909787738,-0.0411300656114658
3846.809,0.313569796032876,0.339027306643815,-0.025457510610939
3847.291,0.322744896001826,0.336507470336907,-0.0137625743350811
3847.773,0.292456351071202,0.333939788635968,-0.0414834375647664
3848.255,0.284780118191016,0.33132465664694,-0.0465445384559239
3848.738,0.282451653078287,0.32865690493413,-0.0462052518558431
3849.219,0.278875996191328,0.325953658548678,-0.0470776623573497
3849.702,0.271308111049375,0.323192855180902,-0.0518847441315267
3850.184,0.266845230798125,0.320391923124137,-0.0535466923260113
3850.666,0.257692636746668,0.317545625105468,-0.0598529883587999
3851.148,0.255177925615207,0.314654398956055,-0.0594764733408473
3851.63,0.261850774085435,0.311718689396647,-0.0498679153112127
3852.112,0.279433728800452,0.308738947969461,-0.0293052191690087
3852.594,0.261051716364715,0.305715632968871,-0.0446639166041556
3853.076,0.297797943343969,0.302649209371186,-0.00485126602721631
3853.559,0.31983629127377,0.29953365443964,0.0203026368341301
3854.041,0.335381982093242,0.296382347981726,0.038999634111516
3854.523,0.352889611763885,0.293189368241037,0.0597002435228479
3855.005,0.367214176695878,0.289955206211597,0.0772589704842809
3855.487,0.356598313260346,0.286680359202614,0.0699179540577319
3855.969,0.338703677789336,0.283365330762287,0.0553383470270493
3856.451,0.353317406575712,0.28001063060051,0.0733067759752025
3856.933,0.363375255873102,0.276616774510779,0.0867584813623227
3857.416,0.335393429846903,0.27317712314706,0.0622163066998428
3857.898,0.325465194010558,0.269706448013428,0.0557587459971297
3858.38,0.315279847181273,0.266198201151153,0.0490816460301198
3858.862,0.306123715455016,0.262652921899771,0.0434707935552447
3859.344,0.300023764888191,0.259071155277637,0.0409526096105545
3859.826,0.296417711497565,0.255453451898385,0.0409642595991801
3860.308,0.288842051260229,0.251800367886437,0.0370416833737922
3860.79,0.303134500113497,0.248112464791803,0.0550220353216944
3861.272,0.279760073954872,0.244390309503876,0.0353697644509955
3861.755,0.293302212703949,0.240626647364382,0.0526755653395669
3862.237,0.306538389032692,0.236837641206146,0.0697007478265461
3862.719,0.310426727772871,0.233016115899595,0.0774106118732755
3863.201,0.30782468466192,0.229162658824802,0.0786620258371178
3863.683,0.283951385397149,0.225277862258544,0.0586735231386052
3864.165,0.280534395635616,0.221362323283385,0.0591720723522311
3864.647,0.264900230994105,0.217416643696226,0.0474835872978787
3865.129,0.276659577049035,0.213441429915908,0.0632181471331269
3865.612,0.272294412381942,0.209428955912623,0.062865456469319
3866.094,0.276344621136786,0.205396452937672,0.0709481681991143
3866.576,0.267065367044314,0.201336263114947,0.0657291039293665
3867.058,0.258067715518774,0.197249010423213,0.0608187050955604
3867.54,0.253997141933723,0.193135322991266,0.0608618189424577
3868.022,0.241406041621961,0.188995833001586,0.0524102086203747
3868.504,0.251820829875459,0.184831176593467,0.0669896532819926
3868.986,0.241788611945299,0.18064199376536,0.0611466181799399
3869.469,0.257537193141037,0.176420163099632,0.081117030041405
3869.951,0.245569762928238,0.172183814842192,0.0733859480860452
3870.433,0.252787772008119,0.167924883685429,0.0848628883226899
3870.915,0.258630445467432,0.163644024084656,0.0949864213827761
3871.397,0.252997708351707,0.159341893857864,0.0936558144938432
3871.879,0.258826685665184,0.155019154084818,0.103807531580366
3872.361,0.263802642370738,0.150676469005753,0.113126173364985
3872.843,0.262664593389808,0.146314505919425,0.116350087470382
3873.325,0.284689013602346,0.141933935080887,0.142755078521459
3873.808,0.294776347272681,0.137526285893935,0.157250061378745
3874.29,0.305972774559756,0.133110486524411,0.172862288035344
3874.772,0.298088735398796,0.128678108285549,0.169410627113247
3875.254,0.308827454502985,0.124229832230358,0.184597622272628
3875.736,0.267799996543687,0.119766341849773,0.148033654693914
3876.218,0.276892946150344,0.115288322967811,0.161604623182533
3876.7,0.29386667791043,0.110796463636375,0.183070214274055
3877.182,0.263008956369369,0.106291454029807,0.156717502339561
3877.665,0.283966368265087,0.101764601530424,0.182201766734663
3878.146,0.275589911354952,0.0972447546652032,0.178345156689749
3878.629,0.271901806880305,0.0926950241831801,0.179206782697124
3879.111,0.259301860639198,0.0881443331674218,0.171157527471776
3879.593,0.253099083158553,0.0835839723216052,0.169515110836947
3880.075,0.259791788730038,0.0790146423245939,0.180777146405444
3880.557,0.240977461602792,0.0744370452306664,0.166540416372126
3881.039,0.25712003598337,0.0698518843618529,0.187268151621517
3881.521,0.238578926035665,0.0652598642000454,0.173319061835619
3882.003,0.246723705880839,0.0606616902790354,0.186062015601804
3882.486,0.244447669933702,0.0560485128230096,0.188399157110693
3882.968,0.239659105187386,0.0514401425529791,0.188218962634406
3883.45,0.226555212307154,0.0468277418232011,0.179727470483953
3883.932,0.216300185242492,0.0422120192927291,0.174088165949763
3884.414,0.231565297899813,0.0375936841300501,0.193971613769763
3884.896,0.239854184142391,0.0329734459042764,0.206880738238115
3885.378,0.234341827790281,0.0283520144763296,0.205989813313952
3885.86,0.230203612620276,0.0237300998901594,0.206473512730116
3886.343,0.236179570796221,0.0190988244287511,0.21708074636747
3886.825,0.251956302509164,0.0144780765274354,0.237478225981729
3887.307,0.231418516440215,0.00985897708129572,0.221559539358919
3887.789,0.239082076192254,0.00524223577661353,0.233839840415641
3888.271,0.218902675324543,0.000628561938123776,0.218274113386419
3888.753,0.219663787352641,-0.00398133557987558,0.223645122932516
3889.235,0.220916235748334,-0.00858674850218225,0.229502984250516
3889.717,0.208335113939583,-0.0131869692412596,0.221522083180843
3890.199,0.204206365310448,-0.0177812910058287,0.221987656316276
3890.682,0.213810140643155,-0.0223785186391137,0.236188659282268
3891.164,0.212719181402182,-0.0269589099099512,0.239678091312133
3891.646,0.218541865194055,-0.0315312862339223,0.250073151427977
3892.128,0.204086745226405,-0.036094945089585,0.24018169031599
3892.61,0.231734544662615,-0.0406491852923386,0.272383729954953
3893.092,0.217591236621747,-0.0451933071018753,0.262784543723622
3893.574,0.225801024178452,-0.0497266123295414,0.275527636507993
3894.056,0.215099160362929,-0.0542484044453821,0.269347564808311
3894.539,0.216066489030784,-0.0587673314977852,0.274833820528569
3895.021,0.205347874154928,-0.0632639874846806,0.268611861639608
3895.503,0.183946196694386,-0.0677470503575002,0.251693247051886
3895.985,0.194653089500676,-0.0722158312908277,0.266868920791504
3896.467,0.182712805380518,-0.0766696436493812,0.259382449029899
3896.949,0.16847497709572,-0.0811078030932359,0.249582780188956
3897.431,0.175147697363141,-0.0855296276828372,0.260677325045978
3897.913,0.157864458854601,-0.0899344379835495,0.24779889683815
3898.396,0.16866596622528,-0.0943306402188542,0.262996606444134
3898.878,0.165109580484639,-0.098699355377061,0.2638089358617
3899.36,0.168367913676327,-0.103049032622053,0.27141694629838
3899.842,0.152269068291233,-0.107379003582804,0.259648071874037
3900.324,0.164474896774855,-0.111688602910214,0.27616349968507
3900.806,0.172062651527241,-0.115977168379119,0.28803981990636
3901.288,0.192567414902896,-0.120244040989873,0.312811455892769
3901.77,0.172627259210739,-0.124488565069363,0.297115824280101
3902.252,0.187061396714004,-0.128710088371574,0.315771485085578
3902.735,0.191868092691941,-0.13291664642767,0.32478473911961
3903.217,0.187450745347554,-0.137090174573551,0.324540919921105
3903.699,0.190732677676412,-0.141238765437494,0.331971443113906
3904.181,0.177844551758241,-0.145361781484656,0.323206333242897
3904.663,0.177170329626758,-0.149458589101994,0.326628918728752
3905.145,0.164185623269542,-0.153528558695518,0.317714181965061
3905.627,0.15968100462803,-0.157571064786727,0.317252069414757
3906.109,0.158567355597381,-0.161585486108639,0.320152841706019
3906.592,0.159418907265124,-0.165579444567723,0.324998351832847
3907.073,0.149829583717736,-0.169527611004882,0.319357194722618
3907.556,0.123265567338027,-0.173462208663233,0.29672777600126
3908.038,0.119939366554277,-0.177358101832131,0.297297468386409
3908.52,0.120689684122944,-0.181222869142386,0.30191255326533
3909.002,0.127873801660098,-0.185055916582865,0.312929718242962
3909.484,0.107030460735068,-0.188856655006572,0.295887115741639
3909.966,0.122045752870342,-0.192624500221062,0.314670253091404
3910.448,0.104677489541537,-0.196358873077965,0.301036362619502
3910.93,0.110389952177261,-0.200059199561824,0.310449151739085
3911.413,0.113684698213433,-0.203732479714167,0.3174171779276
3911.895,0.0973814883474802,-0.207362938809812,0.304744427157292
3912.377,0.0998608584105263,-0.210957660007555,0.310818518418082
3912.859,0.116070789642492,-0.214516090707242,0.330586880349735
3913.341,0.0788007432359592,-0.218037683873747,0.296838427109706
3913.823,0.0872811903360997,-0.221521898120931,0.308803088457031
3914.305,0.0865299920406066,-0.224968197794597,0.311498189835204
3914.787,0.0827257893996247,-0.228376053054698,0.311101842454323
3915.27,0.0661514701305812,-0.231751888480599,0.29790335861118
3915.752,0.0598325329162357,-0.235081206599083,0.294913739515319
3916.234,0.0582158841810916,-0.238370525420745,0.296586409601837
3916.716,0.052852384784245,-0.241619339178205,0.29447172396245
3917.198,0.0686700155368563,-0.244827148315397,0.313497163852254
3917.68,0.0790451772021008,-0.247993459564275,0.327038636766376
3918.162,0.0561583304950766,-0.251117786020365,0.307276116515442
3918.644,0.0469587060827514,-0.254199647217494,0.301158353300245
3919.126,0.0558860945838688,-0.257238569201434,0.313124663785302
3919.609,0.0421960822486476,-0.260240253923059,0.302436336171707
3920.091,0.0567513990368091,-0.263191810542866,0.319943209579675
3920.573,0.0680084402640553,-0.266099044945412,0.334107485209467
3921.055,0.0397298563554216,-0.268961509955085,0.308691366310507
3921.537,0.0425250476873629,-0.271778765261589,0.314303812948952
3922.019,0.0358705045876881,-0.274550377487413,0.310420882075101
3922.501,0.0579973273354426,-0.277275920254319,0.335273247589762
3922.983,0.0354415661608876,-0.279954974248718,0.315396540409605
3923.466,0.0450647821413277,-0.282592539148805,0.327657321290133
3923.948,0.063126254087063,-0.285177287675347,0.34830354176241
3924.43,0.0479811624662752,-0.287714331696452,0.335695494162727
3924.912,0.0487076773131463,-0.290203280804389,0.338910958117535
3925.394,0.0352906786126681,-0.292643751966695,0.327934430579363
3925.876,0.0275060363005721,-0.295035369584874,0.322541405885446
3926.358,0.0346165502632694,-0.297377765552027,0.331994315815296
3926.84,0.0219775303377574,-0.299670579309266,0.321648109647024
3927.323,0.0178958397809659,-0.301918059027835,0.319813898808801
3927.805,0.0156709715278787,-0.304110552486146,0.319781524014025
3928.287,0.0203859985582184,-0.306252427200852,0.32663842575907
3928.769,0.00710118051051012,-0.30834335336256,0.31544453387307
3929.251,-0.00541200302649614,-0.310383008974748,0.304971005948252
3929.733,-0.00905390251390514,-0.312371079903086,0.303317177389181
3930.215,-0.00552558846275275,-0.314307259923675,0.308781671460923
3930.697,-0.0192172914340922,-0.316191250769947,0.296973959335855
3931.179,-0.00296418203904381,-0.318022762178448,0.315058580139404
3931.662,-0.00442694779586006,-0.31980514724837,0.31537819945251
3932.144,-0.0277184159498312,-0.321530750912573,0.293812334962742
3932.626,-0.0206470239151564,-0.32320305226274,0.302556028347584
3933.108,-0.025503682504155,-0.324821793497527,0.299318110993372
3933.59,-0.00976280257959061,-0.326386725028904,0.316623922449314
3934.072,-0.0149386050547626,-0.32789760552046,0.312959000465697
3934.554,-0.0196594408936015,-0.329354201924362,0.30969476103076
3935.036,-0.0105759511107024,-0.330756289517149,0.320180338406447
3935.519,-0.00291384684550522,-0.332106390259498,0.329192543413993
3936,-0.00444510899199457,-0.333396081202684,0.32895097221069
3936.483,-0.00641926024907846,-0.334635887335001,0.328216627085923
3936.965,-0.0183234098254665,-0.335817745142251,0.317494335316784
3937.447,-0.0188154196602852,-0.33694409617733,0.318128676517045
3937.929,-0.0187731310739565,-0.338014766359167,0.319241635285211
3938.411,-0.029051595438137,-0.339029590145217,0.30997799470708
3938.893,-0.0385217441757675,-0.339988410556866,0.301466666381098
3939.375,-0.0441738487611758,-0.340891079203483,0.296717230442307
3939.857,-0.0551934607201297,-0.341737456305194,0.286543995585064
3940.34,-0.0714690896757766,-0.342528990886196,0.27105990121042
3940.822,-0.0686312922056338,-0.343262282672323,0.274630990466689
3941.304,-0.0752487270408544,-0.343938915219009,0.268690188178154
3941.786,-0.0900312759138728,-0.344558783408516,0.254527507494643
3942.268,-0.0828769906089768,-0.345121790827789,0.262244800218812
3942.75,-0.0840596729623542,-0.34562784978325,0.261568176820896
3943.232,-0.0839023848621778,-0.34607688131424,0.262174496452062
3943.714,-0.1093890382487,-0.346468815205132,0.237079776956432
3944.197,-0.117164852773307,-0.346804225094838,0.229639372321532
3944.679,-0.117357656566302,-0.347081669345894,0.229724012779593
3945.161,-0.10900466802579,-0.347301857799101,0.238297189773311
3945.643,-0.124406529301151,-0.347464755331407,0.223058226030256
3946.125,-0.131865552594224,-0.347570335605201,0.215704783010977
3946.607,-0.12635751015938,-0.347618581072342,0.221261070912962
3947.089,-0.114544004303585,-0.347609482976857,0.233065478673272
3947.571,-0.139737917386508,-0.347543041356282,0.207805123969773
3948.053,-0.127063481820567,-0.347419265041654,0.220355783221087
3948.536,-0.131532642049361,-0.347237736379645,0.215705094330284
3949.018,-0.120674048455218,-0.34699923350918,0.226325185053962
3949.5,-0.123514763813709,-0.346703475260663,0.223188711446953
3949.982,-0.117485990749202,-0.346350505630327,0.228864514881125
3950.464,-0.124932551939203,-0.345940377387648,0.221007825448444
3950.946,-0.133764700114458,-0.345473152067244,0.211708451952786
3951.428,-0.11543960805902,-0.344948899959447,0.229509291900427
3951.91,-0.121067738610325,-0.344367700099522,0.223299961489197
3952.393,-0.114777272548345,-0.3437282574396,0.228950984891255
3952.875,-0.0988534692384704,-0.343033316438738,0.244179847200268
3953.357,-0.116390397416531,-0.34228171736051,0.22589131994398
3953.839,-0.120052220134411,-0.341473574103332,0.22142135396892
3954.321,-0.126007100497759,-0.340609009236546,0.214601908738787
3954.803,-0.122666691666105,-0.339688153981624,0.217021462315519
3955.285,-0.124062036852894,-0.338711148192042,0.214649111339148
3955.767,-0.107394579325604,-0.337678140331839,0.230283561006236
3956.25,-0.139617579257365,-0.33658697048468,0.196969391227315
3956.732,-0.118772948905246,-0.335442322863085,0.216669373957839
3957.214,-0.132257506015012,-0.334242170362268,0.201984664347256
3957.696,-0.14084437407109,-0.332986695665318,0.192142321594228
3958.178,-0.144645226612322,-0.331676089938867,0.187030863326544
3958.66,-0.132199227232054,-0.33031055280376,0.198111325571707
3959.142,-0.14519232957818,-0.328890292304461,0.183697962726281
3959.624,-0.147979237353255,-0.327415524877135,0.17943628752388
3960.106,-0.14732861431456,-0.325886475316459,0.178557861001899
3960.589,-0.151983786174416,-0.324300036286565,0.172316250112149
3961.071,-0.154124576025975,-0.322663018726313,0.168538442700339
3961.553,-0.177763426714456,-0.320972443743284,0.143209017028828
3962.035,-0.18200172221696,-0.319228569225774,0.137226847008814
3962.517,-0.166302796565716,-0.317431661235441,0.151128864669724
3962.999,-0.174413033848154,-0.315581993966508,0.141168960118354
3963.481,-0.169678718206995,-0.313679849703721,0.144001131496726
3963.963,-0.189815053840324,-0.311725518779055,0.121910464938731
3964.446,-0.185853812540522,-0.309715083519961,0.123861270979439
3964.927,-0.204259196000098,-0.307661498239783,0.103402302239685
3965.41,-0.20059505564463,-0.305548000385707,0.104952944741077
3965.892,-0.203327752995669,-0.303387880137498,0.100060127141829
3966.374,-0.197074263495743,-0.301177144687154,0.104102881191411
3966.856,-0.195170541676944,-0.298916131688427,0.103745590011483
3967.338,-0.184235042127263,-0.296605186505022,0.112370144377759
3967.82,-0.190964479490717,-0.294244662157626,0.103280182666909
3968.302,-0.20645932846741,-0.291834919269788,0.0853755908023775
3968.784,-0.217597773813612,-0.289376326012594,0.0717785521989825
3969.267,-0.205961794475375,-0.286864006537634,0.0809022120622592
3969.749,-0.199809310993345,-0.284308747590063,0.0844994365967184
3970.231,-0.200440128539235,-0.281705788319181,0.0812656597799461
3970.713,-0.225622732094909,-0.279055526525403,0.0534327944304944
3971.195,-0.212158226698818,-0.276358367262866,0.0642001405640478
3971.677,-0.226195527446063,-0.273614722777336,0.047419195331273
3972.159,-0.224745509488471,-0.270825012442985,0.0460795029545138
3972.641,-0.226279538034703,-0.267989662698073,0.0417101246633698
3973.124,-0.224243345480605,-0.265103084035748,0.0408597385551425
3973.606,-0.213367597244542,-0.262177670300704,0.0488100730561623
3974.088,-0.213462641532686,-0.259207939130158,0.0457452975974718
3974.57,-0.202308283781893,-0.256194344568167,0.0538860607862747
3975.052,-0.221285819486233,-0.253137347385143,0.0318515278989091
3975.534,-0.226188964197092,-0.250037415007212,0.0238484508101192
3976.016,-0.23110398352323,-0.246895021444502,0.0157910379212718
3976.498,-0.222970483130894,-0.243710647218462,0.0207401640875683
3976.98,-0.211257468743867,-0.240484779288208,0.0292273105443411
3977.463,-0.250316914420139,-0.237211090966456,-0.013105823453683
3977.945,-0.240458134280956,-0.233903638378441,-0.00655449590251539
3978.427,-0.269167907718359,-0.230556191893576,-0.0386117158247826
3978.909,-0.266344860687273,-0.227169263477729,-0.0391755972095436
3979.391,-0.247104709200588,-0.223743371151238,-0.0233613380493503
3979.873,-0.243608029329245,-0.22027903890947,-0.0233289904197748
3980.355,-0.265378287202296,-0.216776796642461,-0.048601490559835
3980.837,-0.242636869007008,-0.213237180053692,-0.0293996889533155
3981.32,-0.27638323949196,-0.209653272649108,-0.0667299668428516
3981.802,-0.28745231322409,-0.206040462660042,-0.081411850564048
3982.284,-0.265861529854504,-0.202391920666527,-0.0634696091879776
3982.766,-0.276860385804245,-0.198708204806758,-0.0781521809974863
3983.248,-0.257358657552984,-0.194989878612781,-0.0623687789402035
3983.73,-0.256390061639092,-0.191237510924044,-0.0651525507150476
3984.212,-0.256881324659709,-0.187451675800189,-0.0694296488595193
3984.694,-0.284960703270865,-0.183632952433016,-0.10132775083785
3985.177,-0.261890636415398,-0.179773902202282,-0.0821167342131163
3985.659,-0.262990572122199,-0.175891094825096,-0.0870994772971026
3986.141,-0.271823333797389,-0.17197716791837,-0.0998461658790196
3986.623,-0.257282198333407,-0.168032720316492,-0.0892494780169144
3987.105,-0.251333612682,-0.164058355534121,-0.0872752571478787
3987.587,-0.23744681385427,-0.160054681673671,-0.077392132180599
3988.069,-0.249592228920772,-0.156022311332031,-0.0935699175887406
3988.551,-0.249938405011601,-0.151961861506628,-0.0979765435049738
3989.033,-0.241366639316464,-0.147873953500815,-0.0934926858156493
3989.516,-0.264661074758411,-0.143750648565838,-0.120910426192574
3989.998,-0.244380383516116,-0.139609651150108,-0.104770732366008
3990.48,-0.255825962472382,-0.135443085662357,-0.120382876810025
3990.962,-0.252940129056345,-0.131251589678541,-0.121688539377804
3991.444,-0.260762390757193,-0.127035804597653,-0.13372658615954
3991.926,-0.247890705124227,-0.122796375543363,-0.125094329580865
3992.408,-0.246670689766951,-0.118533951265097,-0.128136738501854
3992.89,-0.237860322355171,-0.114249184038553,-0.123611138316618
3993.373,-0.267306267659883,-0.109933772925609,-0.157372494734274
3993.854,-0.240212622349215,-0.105615246874034,-0.134597375475182
3994.337,-0.230412435845778,-0.10125835707373,-0.129154078772048
3994.819,-0.24920905491361,-0.0968907676456668,-0.152318287267943
3995.301,-0.234358121241307,-0.0925041474126057,-0.141853973828701
3995.783,-0.23002636286229,-0.0880991676954273,-0.141927195166863
3996.265,-0.222249867870879,-0.0836765026303782,-0.138573365240501
3996.747,-0.229598354422333,-0.0792368290657188,-0.150361525356614
3997.229,-0.226523470732989,-0.0747808264579154,-0.151742644275073
3997.711,-0.227327495080299,-0.0703091767674872,-0.157018318312812
3998.194,-0.225476602248964,-0.0658132409521239,-0.15966336129684
3998.676,-0.223669735006297,-0.0613123235676623,-0.162357411438635
3999.158,-0.244164151059415,-0.0567978203899575,-0.187366330669458
3999.64,-0.198387278931296,-0.0522704223504206,-0.146116856580876
4000.122,-0.233556247206455,-0.047730822357882,-0.185825424848573
