t_h,C_center,C_surface,C_mean_env
0.016667,2.55,2.3292,0.02002
0.033333,2.55,2.2434,0.02053
0.05,2.55,2.1808,0.021
0.066667,2.55,2.13,0.02151
0.083333,2.55,2.087,0.02191
0.1,2.55,2.0494,0.02233
0.116667,2.55,2.0159,0.02278
0.133333,2.55,1.9856,0.02325
0.15,2.55,1.958,0.02377
0.166667,2.55,1.9326,0.02428
0.183333,2.55,1.9092,0.02465
0.2,2.55,1.8875,0.02506
0.216667,2.55,1.8673,0.02552
0.233333,2.55,1.8483,0.02612
0.25,2.55,1.8304,0.0266
0.266667,2.55,1.8135,0.02687
0.283333,2.55,1.7976,0.02732
0.3,2.55,1.7826,0.02793
0.316667,2.55,1.7684,0.02826
0.333333,2.55,1.7549,0.02891
0.35,2.55,1.742,0.02921
0.366667,2.55,1.7298,0.02961
0.383333,2.55,1.7182,0.03029
0.4,2.55,1.707,0.03051
0.416667,2.55,1.6963,0.03098
0.433333,2.55,1.6859,0.03137
0.45,2.55,1.676,0.03179
0.466667,2.55,1.6664,0.03219
0.483333,2.55,1.6573,0.03262
0.5,2.5499,1.6486,0.03307
0.516667,2.5499,1.6402,0.03345
0.533333,2.5499,1.6321,0.03403
0.55,2.5498,1.6242,0.03447
0.566667,2.5497,1.6165,0.03476
0.583333,2.5496,1.6091,0.03513
0.6,2.5495,1.6018,0.03558
0.616667,2.5494,1.5949,0.03609
0.633333,2.5492,1.5881,0.03646
0.65,2.549,1.5815,0.03653
0.666667,2.5488,1.5751,0.03694
0.683333,2.5485,1.5689,0.03731
0.7,2.5481,1.5629,0.03766
0.716667,2.5477,1.557,0.03812
0.733333,2.5472,1.5512,0.0384
0.75,2.5467,1.5456,0.03858
0.766667,2.5461,1.54,0.03903
0.783333,2.5454,1.5345,0.0394
0.8,2.5446,1.5292,0.03954
0.816667,2.5437,1.5239,0.04013
0.833333,2.5427,1.5187,0.04011
0.85,2.5415,1.5135,0.04076
0.866667,2.5403,1.5085,0.0407
0.883333,2.539,1.5037,0.04128
0.9,2.5375,1.4989,0.04157
0.916667,2.5359,1.4942,0.04187
0.933333,2.5341,1.4895,0.04205
0.95,2.5322,1.4848,0.04229
0.966667,2.5302,1.4802,0.04247
0.983333,2.528,1.4756,0.04277
1.0,2.5257,1.4711,0.04272
1.016667,2.5232,1.4666,0.04312
1.033333,2.5205,1.4622,0.04333
1.05,2.5177,1.4579,0.04369
1.066667,2.5148,1.4536,0.04373
1.083333,2.5116,1.4493,0.04389
1.1,2.5084,1.445,0.0442
1.116667,2.5049,1.4407,0.04422
1.133333,2.5013,1.4364,0.04435
1.15,2.4975,1.4322,0.04468
1.166667,2.4936,1.428,0.04483
1.183333,2.4895,1.4238,0.04491
1.2,2.4852,1.4197,0.04514
1.216667,2.4809,1.4157,0.0453
1.233333,2.4763,1.4115,0.04543
1.25,2.4716,1.4074,0.04561
1.266667,2.4668,1.4033,0.04589
1.283333,2.4618,1.3993,0.04585
1.3,2.4567,1.3953,0.04629
1.316667,2.4514,1.3913,0.04641
1.333333,2.4461,1.3873,0.04633
1.35,2.4405,1.3833,0.04639
1.366667,2.4349,1.3794,0.0466
1.383333,2.4292,1.3754,0.04687
1.4,2.4233,1.3713,0.04689
1.416667,2.4174,1.3673,0.04707
1.433333,2.4113,1.3634,0.04705
1.45,2.4051,1.3594,0.0472
1.466667,2.3988,1.3555,0.04713
1.483333,2.3925,1.3515,0.04744
1.5,2.386,1.3475,0.04728
1.516667,2.3795,1.3436,0.0476
1.533333,2.3729,1.3397,0.04777
1.55,2.3662,1.3358,0.04751
1.566667,2.3595,1.3319,0.04782
1.583333,2.3526,1.3279,0.04765
1.6,2.3458,1.324,0.04802
1.616667,2.3388,1.3201,0.04779
1.633333,2.3318,1.3161,0.04827
1.65,2.3248,1.3123,0.04795
1.666667,2.3177,1.3085,0.04841
1.683333,2.3106,1.3046,0.0484
1.7,2.3034,1.3007,0.04836
1.716667,2.2962,1.2969,0.04851
1.733333,2.289,1.293,0.04858
1.75,2.2817,1.2892,0.04871
1.766667,2.2744,1.2853,0.04842
1.783333,2.2671,1.2814,0.04864
1.8,2.2597,1.2774,0.04845
1.816667,2.2524,1.2736,0.04875
1.833333,2.245,1.2697,0.04858
1.85,2.2376,1.2658,0.04882
1.866667,2.2302,1.2619,0.04886
1.883333,2.2228,1.258,0.04885
1.9,2.2154,1.2541,0.04892
1.916667,2.2079,1.2503,0.04908
1.933333,2.2005,1.2465,0.04913
1.95,2.1931,1.2426,0.04902
1.966667,2.1857,1.2388,0.04911
1.983333,2.1783,1.2349,0.0493
2.0,2.1708,1.2311,0.04894
2.016667,2.1634,1.2272,0.04897
2.033333,2.156,1.2233,0.04898
2.05,2.1487,1.2194,0.04929
2.066667,2.1413,1.2156,0.0492
2.083333,2.1339,1.2117,0.04941
2.1,2.1266,1.2078,0.04938
2.116667,2.1192,1.2039,0.04924
2.133333,2.1119,1.2001,0.04954
2.15,2.1046,1.1962,0.0495
2.166667,2.0973,1.1924,0.04928
2.183333,2.0901,1.1886,0.04935
2.2,2.0828,1.1848,0.04934
2.216667,2.0756,1.1809,0.04929
2.233333,2.0684,1.1771,0.0493
2.25,2.0613,1.1733,0.04971
2.266667,2.0541,1.1695,0.04948
2.283333,2.047,1.1657,0.04947
2.3,2.0399,1.1619,0.04966
2.316667,2.0328,1.1581,0.04959
2.333333,2.0257,1.1543,0.0498
2.35,2.0187,1.1505,0.04973
2.366667,2.0117,1.1468,0.0496
2.383333,2.0047,1.143,0.04956
2.4,1.9978,1.1393,0.04988
2.416667,1.9909,1.1355,0.04976
2.433333,1.984,1.1317,0.04989
2.45,1.9771,1.1279,0.04949
2.466667,1.9703,1.1242,0.04986
2.483333,1.9634,1.1204,0.04977
2.5,1.9567,1.1166,0.04981
2.516667,1.9499,1.113,0.05004
2.533333,1.9432,1.1093,0.05009
2.55,1.9365,1.1055,0.04976
2.566667,1.9298,1.1018,0.04998
2.583333,1.9231,1.0981,0.05016
2.6,1.9165,1.0944,0.0499
2.616667,1.9099,1.0907,0.04998
2.633333,1.9034,1.0871,0.04997
2.65,1.8969,1.0834,0.0499
2.666667,1.8904,1.0798,0.05021
2.683333,1.8839,1.0761,0.05014
2.7,1.8774,1.0725,0.04981
2.716667,1.871,1.0688,0.05025
2.733333,1.8646,1.0651,0.05019
2.75,1.8583,1.0615,0.04989
2.766667,1.8519,1.0579,0.05017
2.783333,1.8456,1.0543,0.0498
2.8,1.8393,1.0507,0.05025
2.816667,1.8331,1.0471,0.05008
2.833333,1.8269,1.0435,0.05008
2.85,1.8207,1.0399,0.0498
2.866667,1.8145,1.0363,0.0502
2.883333,1.8084,1.0328,0.04976
2.9,1.8023,1.0292,0.04987
2.916667,1.7962,1.0256,0.04982
2.933333,1.7901,1.022,0.05014
2.95,1.7841,1.0185,0.04985
2.966667,1.7781,1.0151,0.05021
2.983333,1.7721,1.0116,0.05008
3.0,1.7662,1.0081,0.04977
3.016667,1.7603,1.0046,0.04975
3.033333,1.7544,1.0012,0.04978
3.05,1.7485,0.9977,0.05005
3.066667,1.7427,0.9942,0.05015
3.083333,1.7369,0.9908,0.04987
3.1,1.7311,0.9873,0.05017
3.116667,1.7253,0.9838,0.04978
3.133333,1.7196,0.9804,0.05015
3.15,1.7139,0.9769,0.05021
3.166667,1.7082,0.9735,0.05014
3.183333,1.7025,0.9701,0.0501
3.2,1.6969,0.9667,0.05017
3.216667,1.6913,0.9633,0.04977
3.233333,1.6857,0.9599,0.04985
3.25,1.6801,0.9565,0.04981
3.266667,1.6746,0.9531,0.05
3.283333,1.6691,0.9498,0.05012
3.3,1.6636,0.9465,0.05007
3.316667,1.6581,0.9431,0.05018
3.333333,1.6527,0.9398,0.04983
3.35,1.6473,0.9365,0.05012
3.366667,1.6419,0.9333,0.04985
3.383333,1.6365,0.9299,0.04989
3.4,1.6312,0.9266,0.0501
3.416667,1.6259,0.9233,0.05024
3.433333,1.6206,0.92,0.05006
3.45,1.6153,0.9167,0.04978
3.466667,1.6101,0.9135,0.05006
3.483333,1.6049,0.9102,0.04977
3.5,1.5997,0.9071,0.05019
3.516667,1.5945,0.9039,0.0501
3.533333,1.5893,0.9006,0.04984
3.55,1.5842,0.8975,0.0498
3.566667,1.5791,0.8943,0.04984
3.583333,1.574,0.8912,0.05024
3.6,1.569,0.888,0.04998
3.616667,1.5639,0.8848,0.05014
3.633333,1.5589,0.8817,0.05007
3.65,1.5539,0.8786,0.05004
3.666667,1.5489,0.8755,0.04982
3.683333,1.544,0.8723,0.05022
3.7,1.539,0.8693,0.0499
3.716667,1.5341,0.8662,0.05004
3.733333,1.5292,0.8632,0.0501
3.75,1.5244,0.8601,0.05007
3.766667,1.5195,0.8571,0.05022
3.783333,1.5147,0.854,0.04982
3.8,1.5099,0.851,0.05
3.816667,1.5051,0.8479,0.04995
3.833333,1.5003,0.8448,0.04999
3.85,1.4955,0.8418,0.04981
3.866667,1.4908,0.8389,0.04982
3.883333,1.4861,0.8359,0.04989
3.9,1.4814,0.833,0.0499
3.916667,1.4767,0.8301,0.04996
3.933333,1.4721,0.8271,0.05006
3.95,1.4674,0.8242,0.05007
3.966667,1.4628,0.8212,0.04996
3.983333,1.4582,0.8183,0.04995
4.0,1.4536,0.8153,0.04986
4.016667,1.4491,0.8124,0.04999
4.033333,1.4445,0.8096,0.04999
4.05,1.44,0.8067,0.04999
4.066667,1.4355,0.8038,0.04999
4.083333,1.431,0.801,0.04999
4.1,1.4265,0.7981,0.04999
4.116667,1.4221,0.7953,0.04999
4.133333,1.4176,0.7924,0.04999
4.15,1.4132,0.7896,0.04999
4.166667,1.4088,0.7868,0.04999
4.183333,1.4044,0.784,0.04999
4.2,1.4001,0.7812,0.04999
4.216667,1.3957,0.7784,0.04999
4.233333,1.3914,0.7757,0.04999
4.25,1.3871,0.7729,0.04999
4.266667,1.3828,0.7702,0.04999
4.283333,1.3785,0.7674,0.04999
4.3,1.3743,0.7647,0.04999
4.316667,1.37,0.762,0.04999
4.333333,1.3658,0.7593,0.04999
4.35,1.3616,0.7566,0.04999
4.366667,1.3574,0.7539,0.04999
4.383333,1.3532,0.7512,0.04999
4.4,1.3491,0.7485,0.04999
4.416667,1.3449,0.7459,0.04999
4.433333,1.3408,0.7432,0.04999
4.45,1.3367,0.7406,0.04999
4.466667,1.3326,0.7379,0.04999
4.483333,1.3285,0.7353,0.04999
4.5,1.3245,0.7327,0.04999
4.516667,1.3204,0.7301,0.04999
4.533333,1.3164,0.7275,0.04999
4.55,1.3124,0.7249,0.04999
4.566667,1.3084,0.7223,0.04999
4.583333,1.3044,0.7198,0.04999
4.6,1.3005,0.7172,0.04999
4.616667,1.2965,0.7147,0.04999
4.633333,1.2926,0.7121,0.04999
4.65,1.2887,0.7096,0.04999
4.666667,1.2848,0.7071,0.04999
4.683333,1.2809,0.7046,0.04999
4.7,1.277,0.702,0.04999
4.716667,1.2732,0.6996,0.04999
4.733333,1.2693,0.6971,0.04999
4.75,1.2655,0.6946,0.04999
4.766667,1.2617,0.6921,0.04999
4.783333,1.2579,0.6897,0.04999
4.8,1.2541,0.6872,0.04999
4.816667,1.2503,0.6848,0.04999
4.833333,1.2466,0.6824,0.04999
4.85,1.2428,0.6799,0.04999
4.866667,1.2391,0.6775,0.04999
4.883333,1.2354,0.6751,0.04999
4.9,1.2317,0.6727,0.04999
4.916667,1.228,0.6703,0.04999
4.933333,1.2244,0.668,0.04999
4.95,1.2207,0.6656,0.04999
4.966667,1.2171,0.6632,0.04999
4.983333,1.2135,0.6609,0.04999
5.0,1.2099,0.6585,0.04999
5.016667,1.2063,0.6562,0.04999
5.033333,1.2027,0.6539,0.04999
5.05,1.1991,0.6516,0.04999
5.066667,1.1956,0.6493,0.04999
5.083333,1.192,0.647,0.04999
5.1,1.1885,0.6447,0.04999
5.116667,1.185,0.6424,0.04999
5.133333,1.1815,0.6401,0.04999
5.15,1.178,0.6379,0.04999
5.166667,1.1745,0.6356,0.04999
5.183333,1.1711,0.6333,0.04999
5.2,1.1676,0.6311,0.04999
5.216667,1.1642,0.6289,0.04999
5.233333,1.1608,0.6266,0.04999
5.25,1.1574,0.6244,0.04999
5.266667,1.154,0.6222,0.04999
5.283333,1.1506,0.62,0.04999
5.3,1.1472,0.6178,0.04999
5.316667,1.1439,0.6157,0.04999
5.333333,1.1405,0.6135,0.04999
5.35,1.1372,0.6113,0.04999
5.366667,1.1339,0.6092,0.04999
5.383333,1.1306,0.607,0.04999
5.4,1.1273,0.6049,0.04999
5.416667,1.124,0.6027,0.04999
5.433333,1.1208,0.6006,0.04999
5.45,1.1175,0.5985,0.04999
5.466667,1.1143,0.5964,0.04999
5.483333,1.1111,0.5943,0.04999
5.5,1.1078,0.5922,0.04999
5.516667,1.1046,0.5901,0.04999
5.533333,1.1015,0.588,0.04999
5.55,1.0983,0.5859,0.04999
5.566667,1.0951,0.5839,0.04999
5.583333,1.092,0.5818,0.04999
5.6,1.0888,0.5798,0.04999
5.616667,1.0857,0.5777,0.04999
5.633333,1.0826,0.5757,0.04999
5.65,1.0795,0.5737,0.04999
5.666667,1.0764,0.5716,0.04999
5.683333,1.0733,0.5696,0.04999
5.7,1.0702,0.5676,0.04999
5.716667,1.0672,0.5656,0.04999
5.733333,1.0641,0.5636,0.04999
5.75,1.0611,0.5616,0.04999
5.766667,1.0581,0.5597,0.04999
5.783333,1.0551,0.5577,0.04999
5.8,1.0521,0.5557,0.04999
5.816667,1.0491,0.5538,0.04999
5.833333,1.0461,0.5518,0.04999
5.85,1.0431,0.5499,0.04999
5.866667,1.0402,0.548,0.04999
5.883333,1.0373,0.5461,0.04999
5.9,1.0343,0.5441,0.04999
5.916667,1.0314,0.5422,0.04999
5.933333,1.0285,0.5403,0.04999
5.95,1.0256,0.5384,0.04999
5.966667,1.0227,0.5365,0.04999
5.983333,1.0198,0.5347,0.04999
6.0,1.017,0.5328,0.04999
6.016667,1.0141,0.5309,0.04999
6.033333,1.0113,0.5291,0.04999
6.05,1.0085,0.5272,0.04999
6.066667,1.0056,0.5254,0.04999
6.083333,1.0028,0.5235,0.04999
6.1,1.0,0.5217,0.04999
6.116667,0.9972,0.5199,0.04999
6.133333,0.9945,0.518,0.04999
6.15,0.9917,0.5162,0.04999
6.166667,0.9889,0.5144,0.04999
6.183333,0.9862,0.5126,0.04999
6.2,0.9835,0.5108,0.04999
6.216667,0.9807,0.509,0.04999
6.233333,0.978,0.5073,0.04999
6.25,0.9753,0.5055,0.04999
6.266667,0.9726,0.5037,0.04999
6.283333,0.9699,0.502,0.04999
6.3,0.9673,0.5002,0.04999
6.316667,0.9646,0.4985,0.04999
6.333333,0.962,0.4967,0.04999
6.35,0.9593,0.495,0.04999
6.366667,0.9567,0.4933,0.04999
6.383333,0.9541,0.4916,0.04999
6.4,0.9515,0.4898,0.04999
6.416667,0.9488,0.4881,0.04999
6.433333,0.9463,0.4864,0.04999
6.45,0.9437,0.4847,0.04999
6.466667,0.9411,0.483,0.04999
6.483333,0.9385,0.4814,0.04999
6.5,0.936,0.4797,0.04999
6.516667,0.9334,0.478,0.04999
6.533333,0.9309,0.4764,0.04999
6.55,0.9284,0.4747,0.04999
6.566667,0.9259,0.473,0.04999
6.583333,0.9234,0.4714,0.04999
6.6,0.9209,0.4698,0.04999
6.616667,0.9184,0.4681,0.04999
6.633333,0.9159,0.4665,0.04999
6.65,0.9135,0.4649,0.04999
6.666667,0.911,0.4633,0.04999
6.683333,0.9085,0.4617,0.04999
6.7,0.9061,0.4601,0.04999
6.716667,0.9037,0.4585,0.04999
6.733333,0.9013,0.4569,0.04999
6.75,0.8989,0.4553,0.04999
6.766667,0.8964,0.4537,0.04999
6.783333,0.8941,0.4521,0.04999
6.8,0.8917,0.4506,0.04999
6.816667,0.8893,0.449,0.04999
6.833333,0.8869,0.4474,0.04999
6.85,0.8846,0.4459,0.04999
6.866667,0.8822,0.4443,0.04999
6.883333,0.8799,0.4428,0.04999
6.9,0.8776,0.4413,0.04999
6.916667,0.8752,0.4397,0.04999
6.933333,0.8729,0.4382,0.04999
6.95,0.8706,0.4367,0.04999
6.966667,0.8683,0.4352,0.04999
6.983333,0.8661,0.4337,0.04999
7.0,0.8638,0.4322,0.04999
7.016667,0.8615,0.4307,0.04999
7.033333,0.8593,0.4292,0.04999
7.05,0.857,0.4277,0.04999
7.066667,0.8548,0.4263,0.04999
7.083333,0.8525,0.4248,0.04999
7.1,0.8503,0.4233,0.04999
7.116667,0.8481,0.4219,0.04999
7.133333,0.8459,0.4204,0.04999
7.15,0.8437,0.419,0.04999
7.166667,0.8415,0.4175,0.04999
7.183333,0.8393,0.4161,0.04999
7.2,0.8371,0.4146,0.04999
7.216667,0.835,0.4132,0.04999
7.233333,0.8328,0.4118,0.04999
7.25,0.8307,0.4104,0.04999
7.266667,0.8285,0.409,0.04999
7.283333,0.8264,0.4076,0.04999
7.3,0.8243,0.4061,0.04999
7.316667,0.8222,0.4048,0.04999
7.333333,0.82,0.4034,0.04999
7.35,0.8179,0.402,0.04999
7.366667,0.8159,0.4006,0.04999
7.383333,0.8138,0.3992,0.04999
7.4,0.8117,0.3978,0.04999
7.416667,0.8096,0.3965,0.04999
7.433333,0.8076,0.3951,0.04999
7.45,0.8055,0.3938,0.04999
7.466667,0.8035,0.3924,0.04999
7.483333,0.8014,0.3911,0.04999
7.5,0.7994,0.3897,0.04999
7.516667,0.7974,0.3884,0.04999
7.533333,0.7954,0.3871,0.04999
7.55,0.7934,0.3857,0.04999
7.566667,0.7914,0.3844,0.04999
7.583333,0.7894,0.3831,0.04999
7.6,0.7874,0.3818,0.04999
7.616667,0.7854,0.3805,0.04999
7.633333,0.7834,0.3792,0.04999
7.65,0.7815,0.3779,0.04999
7.666667,0.7795,0.3766,0.04999
7.683333,0.7776,0.3753,0.04999
7.7,0.7756,0.374,0.04999
7.716667,0.7737,0.3728,0.04999
7.733333,0.7718,0.3715,0.04999
7.75,0.7699,0.3702,0.04999
7.766667,0.768,0.369,0.04999
7.783333,0.766,0.3677,0.04999
7.8,0.7642,0.3664,0.04999
7.816667,0.7623,0.3652,0.04999
7.833333,0.7604,0.3639,0.04999
7.85,0.7585,0.3627,0.04999
7.866667,0.7566,0.3615,0.04999
7.883333,0.7548,0.3602,0.04999
7.9,0.7529,0.359,0.04999
7.916667,0.7511,0.3578,0.04999
7.933333,0.7493,0.3566,0.04999
7.95,0.7474,0.3554,0.04999
7.966667,0.7456,0.3542,0.04999
7.983333,0.7438,0.353,0.04999
8.0,0.742,0.3518,0.04999
8.016667,0.7402,0.3506,0.04999
8.033333,0.7384,0.3494,0.04999
8.05,0.7366,0.3482,0.04999
8.066667,0.7348,0.347,0.04999
8.083333,0.733,0.3458,0.04999
8.1,0.7312,0.3447,0.04999
8.116667,0.7295,0.3435,0.04999
8.133333,0.7277,0.3423,0.04999
8.15,0.726,0.3412,0.04999
8.166667,0.7242,0.34,0.04999
8.183333,0.7225,0.3389,0.04999
8.2,0.7208,0.3377,0.04999
8.216667,0.719,0.3366,0.04999
8.233333,0.7173,0.3354,0.04999
8.25,0.7156,0.3343,0.04999
8.266667,0.7139,0.3332,0.04999
8.283333,0.7122,0.3321,0.04999
8.3,0.7105,0.3309,0.04999
8.316667,0.7088,0.3298,0.04999
8.333333,0.7072,0.3287,0.04999
8.35,0.7055,0.3276,0.04999
8.366667,0.7038,0.3265,0.04999
8.383333,0.7022,0.3254,0.04999
8.4,0.7005,0.3243,0.04999
8.416667,0.6989,0.3232,0.04999
8.433333,0.6972,0.3221,0.04999
8.45,0.6956,0.321,0.04999
8.466667,0.694,0.32,0.04999
8.483333,0.6924,0.3189,0.04999
8.5,0.6907,0.3178,0.04999
8.516667,0.6891,0.3168,0.04999
8.533333,0.6875,0.3157,0.04999
8.55,0.6859,0.3146,0.04999
8.566667,0.6843,0.3136,0.04999
8.583333,0.6827,0.3125,0.04999
8.6,0.6812,0.3115,0.04999
8.616667,0.6796,0.3104,0.04999
8.633333,0.678,0.3094,0.04999
8.65,0.6765,0.3084,0.04999
8.666667,0.6749,0.3073,0.04999
8.683333,0.6734,0.3063,0.04999
8.7,0.6718,0.3053,0.04999
8.716667,0.6703,0.3043,0.04999
8.733333,0.6687,0.3032,0.04999
8.75,0.6672,0.3022,0.04999
8.766667,0.6657,0.3012,0.04999
8.783333,0.6642,0.3002,0.04999
8.8,0.6627,0.2992,0.04999
8.816667,0.6612,0.2982,0.04999
8.833333,0.6597,0.2972,0.04999
8.85,0.6582,0.2962,0.04999
8.866667,0.6567,0.2952,0.04999
8.883333,0.6552,0.2943,0.04999
8.9,0.6537,0.2933,0.04999
8.916667,0.6523,0.2923,0.04999
8.933333,0.6508,0.2913,0.04999
8.95,0.6494,0.2904,0.04999
8.966667,0.6479,0.2894,0.04999
8.983333,0.6465,0.2884,0.04999
9.0,0.645,0.2875,0.04999
9.016667,0.6436,0.2865,0.04999
9.033333,0.6421,0.2856,0.04999
9.05,0.6407,0.2846,0.04999
9.066667,0.6393,0.2837,0.04999
9.083333,0.6379,0.2828,0.04999
9.1,0.6365,0.2818,0.04999
9.116667,0.6351,0.2809,0.04999
9.133333,0.6337,0.28,0.04999
9.15,0.6323,0.279,0.04999
9.166667,0.6309,0.2781,0.04999
9.183333,0.6295,0.2772,0.04999
9.2,0.6281,0.2763,0.04999
9.216667,0.6267,0.2754,0.04999
9.233333,0.6254,0.2745,0.04999
9.25,0.624,0.2736,0.04999
9.266667,0.6227,0.2727,0.04999
9.283333,0.6213,0.2718,0.04999
9.3,0.62,0.2709,0.04999
9.316667,0.6186,0.27,0.04999
9.333333,0.6173,0.2691,0.04999
9.35,0.6159,0.2682,0.04999
9.366667,0.6146,0.2673,0.04999
9.383333,0.6133,0.2665,0.04999
9.4,0.612,0.2656,0.04999
9.416667,0.6107,0.2647,0.04999
9.433333,0.6094,0.2639,0.04999
9.45,0.6081,0.263,0.04999
9.466667,0.6068,0.2621,0.04999
9.483333,0.6055,0.2613,0.04999
9.5,0.6042,0.2604,0.04999
9.516667,0.6029,0.2596,0.04999
9.533333,0.6016,0.2587,0.04999
9.55,0.6003,0.2579,0.04999
9.566667,0.5991,0.257,0.04999
9.583333,0.5978,0.2562,0.04999
9.6,0.5966,0.2554,0.04999
9.616667,0.5953,0.2545,0.04999
9.633333,0.594,0.2537,0.04999
9.65,0.5928,0.2529,0.04999
9.666667,0.5916,0.2521,0.04999
9.683333,0.5903,0.2513,0.04999
9.7,0.5891,0.2504,0.04999
9.716667,0.5879,0.2496,0.04999
9.733333,0.5866,0.2488,0.04999
9.75,0.5854,0.248,0.04999
9.766667,0.5842,0.2472,0.04999
9.783333,0.583,0.2464,0.04999
9.8,0.5818,0.2456,0.04999
9.816667,0.5806,0.2448,0.04999
9.833333,0.5794,0.244,0.04999
9.85,0.5782,0.2432,0.04999
9.866667,0.577,0.2425,0.04999
9.883333,0.5758,0.2417,0.04999
9.9,0.5747,0.2409,0.04999
9.916667,0.5735,0.2401,0.04999
9.933333,0.5723,0.2394,0.04999
9.95,0.5712,0.2386,0.04999
9.966667,0.57,0.2378,0.04999
9.983333,0.5688,0.2371,0.04999
10.0,0.5677,0.2363,0.04999
10.016667,0.5665,0.2355,0.04999
10.033333,0.5654,0.2348,0.04999
10.05,0.5643,0.234,0.04999
10.066667,0.5631,0.2333,0.04999
10.083333,0.562,0.2325,0.04999
10.1,0.5609,0.2318,0.04999
10.116667,0.5598,0.2311,0.04999
10.133333,0.5586,0.2303,0.04999
10.15,0.5575,0.2296,0.04999
10.166667,0.5564,0.2289,0.04999
10.183333,0.5553,0.2281,0.04999
10.2,0.5542,0.2274,0.04999
10.216667,0.5531,0.2267,0.04999
10.233333,0.552,0.226,0.04999
10.25,0.5509,0.2253,0.04999
10.266667,0.5498,0.2245,0.04999
10.283333,0.5488,0.2238,0.04999
10.3,0.5477,0.2231,0.04999
10.316667,0.5466,0.2224,0.04999
10.333333,0.5455,0.2217,0.04999
10.35,0.5445,0.221,0.04999
10.366667,0.5434,0.2203,0.04999
10.383333,0.5424,0.2196,0.04999
10.4,0.5413,0.2189,0.04999
10.416667,0.5403,0.2182,0.04999
10.433333,0.5392,0.2176,0.04999
10.45,0.5382,0.2169,0.04999
10.466667,0.5371,0.2162,0.04999
10.483333,0.5361,0.2155,0.04999
10.5,0.5351,0.2148,0.04999
10.516667,0.534,0.2142,0.04999
10.533333,0.533,0.2135,0.04999
10.55,0.532,0.2128,0.04999
10.566667,0.531,0.2122,0.04999
10.583333,0.53,0.2115,0.04999
10.6,0.529,0.2108,0.04999
10.616667,0.528,0.2102,0.04999
10.633333,0.527,0.2095,0.04999
10.65,0.526,0.2089,0.04999
10.666667,0.525,0.2082,0.04999
10.683333,0.524,0.2076,0.04999
10.7,0.523,0.207,0.04999
10.716667,0.522,0.2063,0.04999
10.733333,0.521,0.2057,0.04999
10.75,0.5201,0.205,0.04999
10.766667,0.5191,0.2044,0.04999
10.783333,0.5181,0.2038,0.04999
10.8,0.5172,0.2031,0.04999
10.816667,0.5162,0.2025,0.04999
10.833333,0.5152,0.2019,0.04999
10.85,0.5143,0.2013,0.04999
10.866667,0.5133,0.2007,0.04999
10.883333,0.5124,0.2,0.04999
10.9,0.5114,0.1994,0.04999
10.916667,0.5105,0.1988,0.04999
10.933333,0.5096,0.1982,0.04999
10.95,0.5086,0.1976,0.04999
10.966667,0.5077,0.197,0.04999
10.983333,0.5068,0.1964,0.04999
11.0,0.5059,0.1958,0.04999
11.016667,0.5049,0.1952,0.04999
11.033333,0.504,0.1946,0.04999
11.05,0.5031,0.194,0.04999
11.066667,0.5022,0.1934,0.04999
11.083333,0.5013,0.1929,0.04999
11.1,0.5004,0.1923,0.04999
11.116667,0.4995,0.1917,0.04999
11.133333,0.4986,0.1911,0.04999
11.15,0.4977,0.1905,0.04999
11.166667,0.4968,0.19,0.04999
11.183333,0.4959,0.1894,0.04999
11.2,0.495,0.1888,0.04999
11.216667,0.4942,0.1883,0.04999
11.233333,0.4933,0.1877,0.04999
11.25,0.4924,0.1871,0.04999
11.266667,0.4915,0.1866,0.04999
11.283333,0.4907,0.186,0.04999
11.3,0.4898,0.1855,0.04999
11.316667,0.4889,0.1849,0.04999
11.333333,0.4881,0.1844,0.04999
11.35,0.4872,0.1838,0.04999
11.366667,0.4864,0.1833,0.04999
11.383333,0.4855,0.1827,0.04999
11.4,0.4847,0.1822,0.04999
11.416667,0.4838,0.1817,0.04999
11.433333,0.483,0.1811,0.04999
11.45,0.4822,0.1806,0.04999
11.466667,0.4813,0.1801,0.04999
11.483333,0.4805,0.1795,0.04999
11.5,0.4797,0.179,0.04999
11.516667,0.4788,0.1785,0.04999
11.533333,0.478,0.178,0.04999
11.55,0.4772,0.1774,0.04999
11.566667,0.4764,0.1769,0.04999
11.583333,0.4756,0.1764,0.04999
11.6,0.4748,0.1759,0.04999
11.616667,0.474,0.1754,0.04999
11.633333,0.4732,0.1749,0.04999
11.65,0.4724,0.1744,0.04999
11.666667,0.4716,0.1739,0.04999
11.683333,0.4708,0.1734,0.04999
11.7,0.47,0.1729,0.04999
11.716667,0.4692,0.1724,0.04999
11.733333,0.4684,0.1719,0.04999
11.75,0.4676,0.1714,0.04999
11.766667,0.4668,0.1709,0.04999
11.783333,0.466,0.1704,0.04999
11.8,0.4653,0.1699,0.04999
11.816667,0.4645,0.1694,0.04999
11.833333,0.4637,0.1689,0.04999
11.85,0.463,0.1684,0.04999
11.866667,0.4622,0.168,0.04999
11.883333,0.4614,0.1675,0.04999
11.9,0.4607,0.167,0.04999
11.916667,0.4599,0.1665,0.04999
11.933333,0.4592,0.1661,0.04999
11.95,0.4584,0.1656,0.04999
11.966667,0.4577,0.1651,0.04999
11.983333,0.4569,0.1647,0.04999
12.0,0.4562,0.1642,0.04999
12.016667,0.4554,0.1638,0.04999
12.033333,0.4547,0.1633,0.04999
12.05,0.4539,0.1628,0.04999
12.066667,0.4532,0.1624,0.04999
12.083333,0.4525,0.1619,0.04999
12.1,0.4518,0.1615,0.04999
12.116667,0.451,0.161,0.04999
12.133333,0.4503,0.1606,0.04999
12.15,0.4496,0.1601,0.04999
12.166667,0.4489,0.1597,0.04999
12.183333,0.4482,0.1593,0.04999
12.2,0.4474,0.1588,0.04999
12.216667,0.4467,0.1584,0.04999
12.233333,0.446,0.158,0.04999
12.25,0.4453,0.1575,0.04999
12.266667,0.4446,0.1571,0.04999
12.283333,0.4439,0.1567,0.04999
12.3,0.4432,0.1562,0.04999
12.316667,0.4425,0.1558,0.04999
12.333333,0.4418,0.1554,0.04999
12.35,0.4411,0.155,0.04999
12.366667,0.4404,0.1546,0.04999
12.383333,0.4398,0.1541,0.04999
12.4,0.4391,0.1537,0.04999
12.416667,0.4384,0.1533,0.04999
12.433333,0.4377,0.1529,0.04999
12.45,0.437,0.1525,0.04999
12.466667,0.4364,0.1521,0.04999
12.483333,0.4357,0.1517,0.04999
12.5,0.435,0.1513,0.04999
12.516667,0.4344,0.1509,0.04999
12.533333,0.4337,0.1505,0.04999
12.55,0.433,0.1501,0.04999
12.566667,0.4324,0.1497,0.04999
12.583333,0.4317,0.1493,0.04999
12.6,0.4311,0.1489,0.04999
12.616667,0.4304,0.1485,0.04999
12.633333,0.4297,0.1481,0.04999
12.65,0.4291,0.1477,0.04999
12.666667,0.4284,0.1474,0.04999
12.683333,0.4278,0.147,0.04999
12.7,0.4272,0.1466,0.04999
12.716667,0.4265,0.1462,0.04999
12.733333,0.4259,0.1458,0.04999
12.75,0.4252,0.1455,0.04999
12.766667,0.4246,0.1451,0.04999
12.783333,0.424,0.1447,0.04999
12.8,0.4234,0.1443,0.04999
12.816667,0.4227,0.144,0.04999
12.833333,0.4221,0.1436,0.04999
12.85,0.4215,0.1432,0.04999
12.866667,0.4209,0.1429,0.04999
12.883333,0.4202,0.1425,0.04999
12.9,0.4196,0.1421,0.04999
12.916667,0.419,0.1418,0.04999
12.933333,0.4184,0.1414,0.04999
12.95,0.4178,0.1411,0.04999
12.966667,0.4172,0.1407,0.04999
12.983333,0.4166,0.1404,0.04999
13.0,0.416,0.14,0.04999
13.016667,0.4154,0.1397,0.04999
13.033333,0.4148,0.1393,0.04999
13.05,0.4142,0.139,0.04999
13.066667,0.4136,0.1386,0.04999
13.083333,0.413,0.1383,0.04999
13.1,0.4124,0.138,0.04999
13.116667,0.4118,0.1376,0.04999
13.133333,0.4112,0.1373,0.04999
13.15,0.4106,0.1369,0.04999
13.166667,0.41,0.1366,0.04999
13.183333,0.4095,0.1363,0.04999
13.2,0.4089,0.136,0.04999
13.216667,0.4083,0.1356,0.04999
13.233333,0.4077,0.1353,0.04999
13.25,0.4072,0.135,0.04999
13.266667,0.4066,0.1346,0.04999
13.283333,0.406,0.1343,0.04999
13.3,0.4054,0.134,0.04999
13.316667,0.4049,0.1337,0.04999
13.333333,0.4043,0.1334,0.04999
13.35,0.4037,0.133,0.04999
13.366667,0.4032,0.1327,0.04999
13.383333,0.4026,0.1324,0.04999
13.4,0.4021,0.1321,0.04999
13.416667,0.4015,0.1318,0.04999
13.433333,0.401,0.1315,0.04999
13.45,0.4004,0.1312,0.04999
13.466667,0.3999,0.1309,0.04999
13.483333,0.3993,0.1306,0.04999
13.5,0.3988,0.1303,0.04999
13.516667,0.3982,0.13,0.04999
13.533333,0.3977,0.1297,0.04999
13.55,0.3971,0.1294,0.04999
13.566667,0.3966,0.1291,0.04999
13.583333,0.3961,0.1288,0.04999
13.6,0.3955,0.1285,0.04999
13.616667,0.395,0.1282,0.04999
13.633333,0.3945,0.1279,0.04999
13.65,0.3939,0.1276,0.04999
13.666667,0.3934,0.1273,0.04999
13.683333,0.3929,0.127,0.04999
13.7,0.3924,0.1268,0.04999
13.716667,0.3918,0.1265,0.04999
13.733333,0.3913,0.1262,0.04999
13.75,0.3908,0.1259,0.04999
13.766667,0.3903,0.1256,0.04999
13.783333,0.3898,0.1253,0.04999
13.8,0.3892,0.1251,0.04999
13.816667,0.3887,0.1248,0.04999
13.833333,0.3882,0.1245,0.04999
13.85,0.3877,0.1242,0.04999
13.866667,0.3872,0.124,0.04999
13.883333,0.3867,0.1237,0.04999
13.9,0.3862,0.1234,0.04999
13.916667,0.3857,0.1232,0.04999
13.933333,0.3852,0.1229,0.04999
13.95,0.3847,0.1226,0.04999
13.966667,0.3842,0.1224,0.04999
13.983333,0.3837,0.1221,0.04999
14.0,0.3832,0.1218,0.04999
14.016667,0.3827,0.1216,0.04999
14.033333,0.3822,0.1213,0.04999
14.05,0.3817,0.1211,0.04999
14.066667,0.3812,0.1208,0.04999
14.083333,0.3807,0.1206,0.04999
14.1,0.3803,0.1203,0.04999
14.116667,0.3798,0.1201,0.04999
14.133333,0.3793,0.1198,0.04999
14.15,0.3788,0.1196,0.04999
14.166667,0.3783,0.1193,0.04999
14.183333,0.3779,0.1191,0.04999
14.2,0.3774,0.1188,0.04999
14.216667,0.3769,0.1186,0.04999
14.233333,0.3764,0.1183,0.04999
14.25,0.376,0.1181,0.04999
14.266667,0.3755,0.1178,0.04999
14.283333,0.375,0.1176,0.04999
14.3,0.3746,0.1174,0.04999
14.316667,0.3741,0.1171,0.04999
14.333333,0.3736,0.1169,0.04999
14.35,0.3732,0.1166,0.04999
14.366667,0.3727,0.1164,0.04999
14.383333,0.3722,0.1162,0.04999
14.4,0.3718,0.1159,0.04999
14.416667,0.3713,0.1157,0.04999
14.433333,0.3709,0.1155,0.04999
14.45,0.3704,0.1153,0.04999
14.466667,0.37,0.115,0.04999
14.483333,0.3695,0.1148,0.04999
14.5,0.3691,0.1146,0.04999
14.516667,0.3686,0.1144,0.04999
14.533333,0.3682,0.1141,0.04999
14.55,0.3677,0.1139,0.04999
14.566667,0.3673,0.1137,0.04999
14.583333,0.3668,0.1135,0.04999
14.6,0.3664,0.1133,0.04999
14.616667,0.366,0.113,0.04999
14.633333,0.3655,0.1128,0.04999
14.65,0.3651,0.1126,0.04999
14.666667,0.3647,0.1124,0.04999
14.683333,0.3642,0.1122,0.04999
14.7,0.3638,0.112,0.04999
14.716667,0.3634,0.1118,0.04999
14.733333,0.3629,0.1115,0.04999
14.75,0.3625,0.1113,0.04999
14.766667,0.3621,0.1111,0.04999
14.783333,0.3616,0.1109,0.04999
14.8,0.3612,0.1107,0.04999
14.816667,0.3608,0.1105,0.04999
14.833333,0.3604,0.1103,0.04999
14.85,0.3599,0.1101,0.04999
14.866667,0.3595,0.1099,0.04999
14.883333,0.3591,0.1097,0.04999
14.9,0.3587,0.1095,0.04999
14.916667,0.3583,0.1093,0.04999
14.933333,0.3579,0.1091,0.04999
14.95,0.3575,0.1089,0.04999
14.966667,0.357,0.1087,0.04999
14.983333,0.3566,0.1085,0.04999
15.0,0.3562,0.1083,0.04999
15.016667,0.3558,0.1081,0.04999
15.033333,0.3554,0.1079,0.04999
15.05,0.355,0.1077,0.04999
15.066667,0.3546,0.1075,0.04999
15.083333,0.3542,0.1074,0.04999
15.1,0.3538,0.1072,0.04999
15.116667,0.3534,0.107,0.04999
15.133333,0.353,0.1068,0.04999
15.15,0.3526,0.1066,0.04999
15.166667,0.3522,0.1064,0.04999
15.183333,0.3518,0.1062,0.04999
15.2,0.3514,0.106,0.04999
15.216667,0.351,0.1059,0.04999
15.233333,0.3506,0.1057,0.04999
15.25,0.3502,0.1055,0.04999
15.266667,0.3498,0.1053,0.04999
15.283333,0.3494,0.1051,0.04999
15.3,0.3491,0.105,0.04999
15.316667,0.3487,0.1048,0.04999
15.333333,0.3483,0.1046,0.04999
15.35,0.3479,0.1044,0.04999
15.366667,0.3475,0.1043,0.04999
15.383333,0.3471,0.1041,0.04999
15.4,0.3468,0.1039,0.04999
15.416667,0.3464,0.1037,0.04999
15.433333,0.346,0.1036,0.04999
15.45,0.3456,0.1034,0.04999
15.466667,0.3452,0.1032,0.04999
15.483333,0.3449,0.1031,0.04999
15.5,0.3445,0.1029,0.04999
15.516667,0.3441,0.1027,0.04999
15.533333,0.3438,0.1026,0.04999
15.55,0.3434,0.1024,0.04999
15.566667,0.343,0.1022,0.04999
15.583333,0.3426,0.1021,0.04999
15.6,0.3423,0.1019,0.04999
15.616667,0.3419,0.1017,0.04999
15.633333,0.3415,0.1016,0.04999
15.65,0.3412,0.1014,0.04999
15.666667,0.3408,0.1012,0.04999
15.683333,0.3405,0.1011,0.04999
15.7,0.3401,0.1009,0.04999
15.716667,0.3397,0.1008,0.04999
15.733333,0.3394,0.1006,0.04999
15.75,0.339,0.1005,0.04999
15.766667,0.3387,0.1003,0.04999
15.783333,0.3383,0.1001,0.04999
15.8,0.338,0.1,0.04999
15.816667,0.3376,0.0998,0.04999
15.833333,0.3372,0.0997,0.04999
15.85,0.3369,0.0995,0.04999
15.866667,0.3365,0.0994,0.04999
15.883333,0.3362,0.0992,0.04999
15.9,0.3358,0.0991,0.04999
15.916667,0.3355,0.0989,0.04999
15.933333,0.3352,0.0988,0.04999
15.95,0.3348,0.0986,0.04999
15.966667,0.3345,0.0985,0.04999
15.983333,0.3341,0.0983,0.04999
16.0,0.3338,0.0982,0.04999
16.016667,0.3334,0.098,0.04999
16.033333,0.3331,0.0979,0.04999
16.05,0.3328,0.0977,0.04999
16.066667,0.3324,0.0976,0.04999
16.083333,0.3321,0.0975,0.04999
16.1,0.3317,0.0973,0.04999
16.116667,0.3314,0.0972,0.04999
16.133333,0.3311,0.097,0.04999
16.15,0.3307,0.0969,0.04999
16.166667,0.3304,0.0968,0.04999
16.183333,0.3301,0.0966,0.04999
16.2,0.3297,0.0965,0.04999
16.216667,0.3294,0.0963,0.04999
16.233333,0.3291,0.0962,0.04999
16.25,0.3288,0.0961,0.04999
16.266667,0.3284,0.0959,0.04999
16.283333,0.3281,0.0958,0.04999
16.3,0.3278,0.0957,0.04999
16.316667,0.3275,0.0955,0.04999
16.333333,0.3271,0.0954,0.04999
16.35,0.3268,0.0953,0.04999
16.366667,0.3265,0.0951,0.04999
16.383333,0.3262,0.095,0.04999
16.4,0.3258,0.0949,0.04999
16.416667,0.3255,0.0947,0.04999
16.433333,0.3252,0.0946,0.04999
16.45,0.3249,0.0945,0.04999
16.466667,0.3246,0.0943,0.04999
16.483333,0.3243,0.0942,0.04999
16.5,0.3239,0.0941,0.04999
16.516667,0.3236,0.094,0.04999
16.533333,0.3233,0.0938,0.04999
16.55,0.323,0.0937,0.04999
16.566667,0.3227,0.0936,0.04999
16.583333,0.3224,0.0934,0.04999
16.6,0.3221,0.0933,0.04999
16.616667,0.3218,0.0932,0.04999
16.633333,0.3215,0.0931,0.04999
16.65,0.3212,0.093,0.04999
16.666667,0.3209,0.0928,0.04999
16.683333,0.3205,0.0927,0.04999
16.7,0.3202,0.0926,0.04999
16.716667,0.3199,0.0925,0.04999
16.733333,0.3196,0.0923,0.04999
16.75,0.3193,0.0922,0.04999
16.766667,0.319,0.0921,0.04999
16.783333,0.3187,0.092,0.04999
16.8,0.3184,0.0919,0.04999
16.816667,0.3181,0.0917,0.04999
16.833333,0.3178,0.0916,0.04999
16.85,0.3175,0.0915,0.04999
16.866667,0.3172,0.0914,0.04999
16.883333,0.3169,0.0913,0.04999
16.9,0.3167,0.0912,0.04999
16.916667,0.3164,0.0911,0.04999
16.933333,0.3161,0.0909,0.04999
16.95,0.3158,0.0908,0.04999
16.966667,0.3155,0.0907,0.04999
16.983333,0.3152,0.0906,0.04999
17.0,0.3149,0.0905,0.04999
17.016667,0.3146,0.0904,0.04999
17.033333,0.3143,0.0903,0.04999
17.05,0.314,0.0902,0.04999
17.066667,0.3138,0.09,0.04999
17.083333,0.3135,0.0899,0.04999
17.1,0.3132,0.0898,0.04999
17.116667,0.3129,0.0897,0.04999
17.133333,0.3126,0.0896,0.04999
17.15,0.3123,0.0895,0.04999
17.166667,0.3121,0.0894,0.04999
17.183333,0.3118,0.0893,0.04999
17.2,0.3115,0.0892,0.04999
17.216667,0.3112,0.0891,0.04999
17.233333,0.3109,0.089,0.04999
17.25,0.3107,0.0889,0.04999
17.266667,0.3104,0.0887,0.04999
17.283333,0.3101,0.0886,0.04999
17.3,0.3098,0.0885,0.04999
17.316667,0.3095,0.0884,0.04999
17.333333,0.3093,0.0883,0.04999
17.35,0.309,0.0882,0.04999
17.366667,0.3087,0.0881,0.04999
17.383333,0.3085,0.088,0.04999
17.4,0.3082,0.0879,0.04999
17.416667,0.3079,0.0878,0.04999
17.433333,0.3076,0.0877,0.04999
17.45,0.3074,0.0876,0.04999
17.466667,0.3071,0.0875,0.04999
17.483333,0.3068,0.0874,0.04999
17.5,0.3066,0.0873,0.04999
17.516667,0.3063,0.0872,0.04999
17.533333,0.306,0.0871,0.04999
17.55,0.3058,0.087,0.04999
17.566667,0.3055,0.0869,0.04999
17.583333,0.3052,0.0868,0.04999
17.6,0.305,0.0867,0.04999
17.616667,0.3047,0.0866,0.04999
17.633333,0.3045,0.0865,0.04999
17.65,0.3042,0.0864,0.04999
17.666667,0.3039,0.0864,0.04999
17.683333,0.3037,0.0863,0.04999
17.7,0.3034,0.0862,0.04999
17.716667,0.3032,0.0861,0.04999
17.733333,0.3029,0.086,0.04999
17.75,0.3026,0.0859,0.04999
17.766667,0.3024,0.0858,0.04999
17.783333,0.3021,0.0857,0.04999
17.8,0.3019,0.0856,0.04999
17.816667,0.3016,0.0855,0.04999
17.833333,0.3014,0.0854,0.04999
17.85,0.3011,0.0853,0.04999
17.866667,0.3009,0.0852,0.04999
17.883333,0.3006,0.0851,0.04999
17.9,0.3004,0.0851,0.04999
17.916667,0.3001,0.085,0.04999
17.933333,0.2999,0.0849,0.04999
17.95,0.2996,0.0848,0.04999
17.966667,0.2994,0.0847,0.04999
17.983333,0.2991,0.0846,0.04999
18.0,0.2989,0.0845,0.04999
18.016667,0.2986,0.0844,0.04999
18.033333,0.2984,0.0843,0.04999
18.05,0.2981,0.0843,0.04999
18.066667,0.2979,0.0842,0.04999
18.083333,0.2976,0.0841,0.04999
18.1,0.2974,0.084,0.04999
18.116667,0.2971,0.0839,0.04999
18.133333,0.2969,0.0838,0.04999
18.15,0.2967,0.0837,0.04999
18.166667,0.2964,0.0837,0.04999
18.183333,0.2962,0.0836,0.04999
18.2,0.2959,0.0835,0.04999
18.216667,0.2957,0.0834,0.04999
18.233333,0.2955,0.0833,0.04999
18.25,0.2952,0.0832,0.04999
18.266667,0.295,0.0832,0.04999
18.283333,0.2947,0.0831,0.04999
18.3,0.2945,0.083,0.04999
18.316667,0.2943,0.0829,0.04999
18.333333,0.294,0.0828,0.04999
18.35,0.2938,0.0828,0.04999
18.366667,0.2936,0.0827,0.04999
18.383333,0.2933,0.0826,0.04999
18.4,0.2931,0.0825,0.04999
18.416667,0.2929,0.0824,0.04999
18.433333,0.2926,0.0824,0.04999
18.45,0.2924,0.0823,0.04999
18.466667,0.2922,0.0822,0.04999
18.483333,0.2919,0.0821,0.04999
18.5,0.2917,0.082,0.04999
18.516667,0.2915,0.082,0.04999
18.533333,0.2913,0.0819,0.04999
18.55,0.291,0.0818,0.04999
18.566667,0.2908,0.0817,0.04999
18.583333,0.2906,0.0816,0.04999
18.6,0.2903,0.0816,0.04999
18.616667,0.2901,0.0815,0.04999
18.633333,0.2899,0.0814,0.04999
18.65,0.2897,0.0813,0.04999
18.666667,0.2894,0.0813,0.04999
18.683333,0.2892,0.0812,0.04999
18.7,0.289,0.0811,0.04999
18.716667,0.2888,0.081,0.04999
18.733333,0.2886,0.081,0.04999
18.75,0.2883,0.0809,0.04999
18.766667,0.2881,0.0808,0.04999
18.783333,0.2879,0.0807,0.04999
18.8,0.2877,0.0807,0.04999
18.816667,0.2875,0.0806,0.04999
18.833333,0.2872,0.0805,0.04999
18.85,0.287,0.0805,0.04999
18.866667,0.2868,0.0804,0.04999
18.883333,0.2866,0.0803,0.04999
18.9,0.2864,0.0802,0.04999
18.916667,0.2861,0.0802,0.04999
18.933333,0.2859,0.0801,0.04999
18.95,0.2857,0.08,0.04999
18.966667,0.2855,0.08,0.04999
18.983333,0.2853,0.0799,0.04999
19.0,0.2851,0.0798,0.04999
19.016667,0.2849,0.0797,0.04999
19.033333,0.2847,0.0797,0.04999
19.05,0.2844,0.0796,0.04999
19.066667,0.2842,0.0795,0.04999
19.083333,0.284,0.0795,0.04999
19.1,0.2838,0.0794,0.04999
19.116667,0.2836,0.0793,0.04999
19.133333,0.2834,0.0793,0.04999
19.15,0.2832,0.0792,0.04999
19.166667,0.283,0.0791,0.04999
19.183333,0.2828,0.0791,0.04999
19.2,0.2826,0.079,0.04999
19.216667,0.2823,0.0789,0.04999
19.233333,0.2821,0.0789,0.04999
19.25,0.2819,0.0788,0.04999
19.266667,0.2817,0.0787,0.04999
19.283333,0.2815,0.0787,0.04999
19.3,0.2813,0.0786,0.04999
19.316667,0.2811,0.0785,0.04999
19.333333,0.2809,0.0785,0.04999
19.35,0.2807,0.0784,0.04999
19.366667,0.2805,0.0783,0.04999
19.383333,0.2803,0.0783,0.04999
19.4,0.2801,0.0782,0.04999
19.416667,0.2799,0.0781,0.04999
19.433333,0.2797,0.0781,0.04999
19.45,0.2795,0.078,0.04999
19.466667,0.2793,0.078,0.04999
19.483333,0.2791,0.0779,0.04999
19.5,0.2789,0.0778,0.04999
19.516667,0.2787,0.0778,0.04999
19.533333,0.2785,0.0777,0.04999
19.55,0.2783,0.0776,0.04999
19.566667,0.2781,0.0776,0.04999
19.583333,0.2779,0.0775,0.04999
19.6,0.2777,0.0775,0.04999
19.616667,0.2775,0.0774,0.04999
19.633333,0.2773,0.0773,0.04999
19.65,0.2771,0.0773,0.04999
19.666667,0.2769,0.0772,0.04999
19.683333,0.2767,0.0771,0.04999
19.7,0.2765,0.0771,0.04999
19.716667,0.2763,0.077,0.04999
19.733333,0.2761,0.077,0.04999
19.75,0.276,0.0769,0.04999
19.766667,0.2758,0.0768,0.04999
19.783333,0.2756,0.0768,0.04999
19.8,0.2754,0.0767,0.04999
19.816667,0.2752,0.0767,0.04999
19.833333,0.275,0.0766,0.04999
19.85,0.2748,0.0766,0.04999
19.866667,0.2746,0.0765,0.04999
19.883333,0.2744,0.0764,0.04999
19.9,0.2742,0.0764,0.04999
19.916667,0.2741,0.0763,0.04999
19.933333,0.2739,0.0763,0.04999
19.95,0.2737,0.0762,0.04999
19.966667,0.2735,0.0762,0.04999
19.983333,0.2733,0.0761,0.04999
20.0,0.2731,0.076,0.04999
20.016667,0.2729,0.076,0.04999
20.033333,0.2727,0.0759,0.04999
20.05,0.2726,0.0759,0.04999
20.066667,0.2724,0.0758,0.04999
20.083333,0.2722,0.0758,0.04999
20.1,0.272,0.0757,0.04999
20.116667,0.2718,0.0756,0.04999
20.133333,0.2716,0.0756,0.04999
20.15,0.2715,0.0755,0.04999
20.166667,0.2713,0.0755,0.04999
20.183333,0.2711,0.0754,0.04999
20.2,0.2709,0.0754,0.04999
20.216667,0.2707,0.0753,0.04999
20.233333,0.2706,0.0753,0.04999
20.25,0.2704,0.0752,0.04999
20.266667,0.2702,0.0752,0.04999
20.283333,0.27,0.0751,0.04999
20.3,0.2698,0.075,0.04999
20.316667,0.2697,0.075,0.04999
20.333333,0.2695,0.0749,0.04999
20.35,0.2693,0.0749,0.04999
20.366667,0.2691,0.0748,0.04999
20.383333,0.2689,0.0748,0.04999
20.4,0.2688,0.0747,0.04999
20.416667,0.2686,0.0747,0.04999
20.433333,0.2684,0.0746,0.04999
20.45,0.2682,0.0746,0.04999
20.466667,0.2681,0.0745,0.04999
20.483333,0.2679,0.0745,0.04999
20.5,0.2677,0.0744,0.04999
20.516667,0.2675,0.0744,0.04999
20.533333,0.2674,0.0743,0.04999
20.55,0.2672,0.0743,0.04999
20.566667,0.267,0.0742,0.04999
20.583333,0.2668,0.0742,0.04999
20.6,0.2667,0.0741,0.04999
20.616667,0.2665,0.0741,0.04999
20.633333,0.2663,0.074,0.04999
20.65,0.2662,0.074,0.04999
20.666667,0.266,0.0739,0.04999
20.683333,0.2658,0.0739,0.04999
20.7,0.2656,0.0738,0.04999
20.716667,0.2655,0.0738,0.04999
20.733333,0.2653,0.0737,0.04999
20.75,0.2651,0.0737,0.04999
20.766667,0.265,0.0736,0.04999
20.783333,0.2648,0.0736,0.04999
20.8,0.2646,0.0735,0.04999
20.816667,0.2645,0.0735,0.04999
20.833333,0.2643,0.0734,0.04999
20.85,0.2641,0.0734,0.04999
20.866667,0.264,0.0733,0.04999
20.883333,0.2638,0.0733,0.04999
20.9,0.2636,0.0732,0.04999
20.916667,0.2635,0.0732,0.04999
20.933333,0.2633,0.0731,0.04999
20.95,0.2631,0.0731,0.04999
20.966667,0.263,0.073,0.04999
20.983333,0.2628,0.073,0.04999
21.0,0.2626,0.073,0.04999
21.016667,0.2625,0.0729,0.04999
21.033333,0.2623,0.0729,0.04999
21.05,0.2622,0.0728,0.04999
21.066667,0.262,0.0728,0.04999
21.083333,0.2618,0.0727,0.04999
21.1,0.2617,0.0727,0.04999
21.116667,0.2615,0.0726,0.04999
21.133333,0.2613,0.0726,0.04999
21.15,0.2612,0.0725,0.04999
21.166667,0.261,0.0725,0.04999
21.183333,0.2609,0.0725,0.04999
21.2,0.2607,0.0724,0.04999
21.216667,0.2605,0.0724,0.04999
21.233333,0.2604,0.0723,0.04999
21.25,0.2602,0.0723,0.04999
21.266667,0.2601,0.0722,0.04999
21.283333,0.2599,0.0722,0.04999
21.3,0.2598,0.0721,0.04999
21.316667,0.2596,0.0721,0.04999
21.333333,0.2594,0.0721,0.04999
21.35,0.2593,0.072,0.04999
21.366667,0.2591,0.072,0.04999
21.383333,0.259,0.0719,0.04999
21.4,0.2588,0.0719,0.04999
21.416667,0.2587,0.0718,0.04999
21.433333,0.2585,0.0718,0.04999
21.45,0.2583,0.0718,0.04999
21.466667,0.2582,0.0717,0.04999
21.483333,0.258,0.0717,0.04999
21.5,0.2579,0.0716,0.04999
21.516667,0.2577,0.0716,0.04999
21.533333,0.2576,0.0715,0.04999
21.55,0.2574,0.0715,0.04999
21.566667,0.2573,0.0715,0.04999
21.583333,0.2571,0.0714,0.04999
21.6,0.257,0.0714,0.04999
21.616667,0.2568,0.0713,0.04999
21.633333,0.2567,0.0713,0.04999
21.65,0.2565,0.0712,0.04999
21.666667,0.2564,0.0712,0.04999
21.683333,0.2562,0.0712,0.04999
21.7,0.2561,0.0711,0.04999
21.716667,0.2559,0.0711,0.04999
21.733333,0.2558,0.071,0.04999
21.75,0.2556,0.071,0.04999
21.766667,0.2555,0.071,0.04999
21.783333,0.2553,0.0709,0.04999
21.8,0.2552,0.0709,0.04999
21.816667,0.255,0.0708,0.04999
21.833333,0.2549,0.0708,0.04999
21.85,0.2547,0.0708,0.04999
21.866667,0.2546,0.0707,0.04999
21.883333,0.2544,0.0707,0.04999
21.9,0.2543,0.0706,0.04999
21.916667,0.2541,0.0706,0.04999
21.933333,0.254,0.0706,0.04999
21.95,0.2538,0.0705,0.04999
21.966667,0.2537,0.0705,0.04999
21.983333,0.2535,0.0704,0.04999
22.0,0.2534,0.0704,0.04999
22.016667,0.2533,0.0704,0.04999
22.033333,0.2531,0.0703,0.04999
22.05,0.253,0.0703,0.04999
22.066667,0.2528,0.0703,0.04999
22.083333,0.2527,0.0702,0.04999
22.1,0.2525,0.0702,0.04999
22.116667,0.2524,0.0701,0.04999
22.133333,0.2523,0.0701,0.04999
22.15,0.2521,0.0701,0.04999
22.166667,0.252,0.07,0.04999
22.183333,0.2518,0.07,0.04999
22.2,0.2517,0.07,0.04999
22.216667,0.2515,0.0699,0.04999
22.233333,0.2514,0.0699,0.04999
22.25,0.2513,0.0698,0.04999
22.266667,0.2511,0.0698,0.04999
22.283333,0.251,0.0698,0.04999
22.3,0.2508,0.0697,0.04999
22.316667,0.2507,0.0697,0.04999
22.333333,0.2506,0.0697,0.04999
22.35,0.2504,0.0696,0.04999
22.366667,0.2503,0.0696,0.04999
22.383333,0.2501,0.0695,0.04999
22.4,0.25,0.0695,0.04999
22.416667,0.2499,0.0695,0.04999
22.433333,0.2497,0.0694,0.04999
22.45,0.2496,0.0694,0.04999
22.466667,0.2494,0.0694,0.04999
22.483333,0.2493,0.0693,0.04999
22.5,0.2492,0.0693,0.04999
22.516667,0.249,0.0693,0.04999
22.533333,0.2489,0.0692,0.04999
22.55,0.2488,0.0692,0.04999
22.566667,0.2486,0.0692,0.04999
22.583333,0.2485,0.0691,0.04999
22.6,0.2484,0.0691,0.04999
22.616667,0.2482,0.0691,0.04999
22.633333,0.2481,0.069,0.04999
22.65,0.248,0.069,0.04999
22.666667,0.2478,0.0689,0.04999
22.683333,0.2477,0.0689,0.04999
22.7,0.2476,0.0689,0.04999
22.716667,0.2474,0.0688,0.04999
22.733333,0.2473,0.0688,0.04999
22.75,0.2472,0.0688,0.04999
22.766667,0.247,0.0687,0.04999
22.783333,0.2469,0.0687,0.04999
22.8,0.2468,0.0687,0.04999
22.816667,0.2466,0.0686,0.04999
22.833333,0.2465,0.0686,0.04999
22.85,0.2464,0.0686,0.04999
22.866667,0.2462,0.0685,0.04999
22.883333,0.2461,0.0685,0.04999
22.9,0.246,0.0685,0.04999
22.916667,0.2458,0.0684,0.04999
22.933333,0.2457,0.0684,0.04999
22.95,0.2456,0.0684,0.04999
22.966667,0.2454,0.0683,0.04999
22.983333,0.2453,0.0683,0.04999
23.0,0.2452,0.0683,0.04999
23.016667,0.2451,0.0682,0.04999
23.033333,0.2449,0.0682,0.04999
23.05,0.2448,0.0682,0.04999
23.066667,0.2447,0.0681,0.04999
23.083333,0.2445,0.0681,0.04999
23.1,0.2444,0.0681,0.04999
23.116667,0.2443,0.0681,0.04999
23.133333,0.2442,0.068,0.04999
23.15,0.244,0.068,0.04999
23.166667,0.2439,0.068,0.04999
23.183333,0.2438,0.0679,0.04999
23.2,0.2436,0.0679,0.04999
23.216667,0.2435,0.0679,0.04999
23.233333,0.2434,0.0678,0.04999
23.25,0.2433,0.0678,0.04999
23.266667,0.2431,0.0678,0.04999
23.283333,0.243,0.0677,0.04999
23.3,0.2429,0.0677,0.04999
23.316667,0.2428,0.0677,0.04999
23.333333,0.2426,0.0676,0.04999
23.35,0.2425,0.0676,0.04999
23.366667,0.2424,0.0676,0.04999
23.383333,0.2423,0.0676,0.04999
23.4,0.2421,0.0675,0.04999
23.416667,0.242,0.0675,0.04999
23.433333,0.2419,0.0675,0.04999
23.45,0.2418,0.0674,0.04999
23.466667,0.2416,0.0674,0.04999
23.483333,0.2415,0.0674,0.04999
23.5,0.2414,0.0673,0.04999
23.516667,0.2413,0.0673,0.04999
23.533333,0.2412,0.0673,0.04999
23.55,0.241,0.0673,0.04999
23.566667,0.2409,0.0672,0.04999
23.583333,0.2408,0.0672,0.04999
23.6,0.2407,0.0672,0.04999
23.616667,0.2405,0.0671,0.04999
23.633333,0.2404,0.0671,0.04999
23.65,0.2403,0.0671,0.04999
23.666667,0.2402,0.067,0.04999
23.683333,0.2401,0.067,0.04999
23.7,0.2399,0.067,0.04999
23.716667,0.2398,0.067,0.04999
23.733333,0.2397,0.0669,0.04999
23.75,0.2396,0.0669,0.04999
23.766667,0.2395,0.0669,0.04999
23.783333,0.2393,0.0668,0.04999
23.8,0.2392,0.0668,0.04999
23.816667,0.2391,0.0668,0.04999
23.833333,0.239,0.0668,0.04999
23.85,0.2389,0.0667,0.04999
23.866667,0.2388,0.0667,0.04999
23.883333,0.2386,0.0667,0.04999
23.9,0.2385,0.0666,0.04999
23.916667,0.2384,0.0666,0.04999
23.933333,0.2383,0.0666,0.04999
23.95,0.2382,0.0666,0.04999
23.966667,0.2381,0.0665,0.04999
23.983333,0.2379,0.0665,0.04999
24.0,0.2378,0.0665,0.04999
24.016667,0.2377,0.0665,0.04999
24.033333,0.2376,0.0664,0.04999
24.05,0.2375,0.0664,0.04999
24.066667,0.2374,0.0664,0.04999
24.083333,0.2372,0.0663,0.04999
24.1,0.2371,0.0663,0.04999
24.116667,0.237,0.0663,0.04999
24.133333,0.2369,0.0663,0.04999
24.15,0.2368,0.0662,0.04999
24.166667,0.2367,0.0662,0.04999
24.183333,0.2366,0.0662,0.04999
24.2,0.2364,0.0662,0.04999
24.216667,0.2363,0.0661,0.04999
24.233333,0.2362,0.0661,0.04999
24.25,0.2361,0.0661,0.04999
24.266667,0.236,0.066,0.04999
24.283333,0.2359,0.066,0.04999
24.3,0.2358,0.066,0.04999
24.316667,0.2356,0.066,0.04999
24.333333,0.2355,0.0659,0.04999
24.35,0.2354,0.0659,0.04999
24.366667,0.2353,0.0659,0.04999
24.383333,0.2352,0.0659,0.04999
24.4,0.2351,0.0658,0.04999
24.416667,0.235,0.0658,0.04999
24.433333,0.2349,0.0658,0.04999
24.45,0.2348,0.0658,0.04999
24.466667,0.2346,0.0657,0.04999
24.483333,0.2345,0.0657,0.04999
24.5,0.2344,0.0657,0.04999
24.516667,0.2343,0.0657,0.04999
24.533333,0.2342,0.0656,0.04999
24.55,0.2341,0.0656,0.04999
24.566667,0.234,0.0656,0.04999
24.583333,0.2339,0.0656,0.04999
24.6,0.2338,0.0655,0.04999
24.616667,0.2337,0.0655,0.04999
24.633333,0.2335,0.0655,0.04999
24.65,0.2334,0.0655,0.04999
24.666667,0.2333,0.0654,0.04999
24.683333,0.2332,0.0654,0.04999
24.7,0.2331,0.0654,0.04999
24.716667,0.233,0.0654,0.04999
24.733333,0.2329,0.0653,0.04999
24.75,0.2328,0.0653,0.04999
24.766667,0.2327,0.0653,0.04999
24.783333,0.2326,0.0653,0.04999
24.8,0.2325,0.0652,0.04999
24.816667,0.2324,0.0652,0.04999
24.833333,0.2322,0.0652,0.04999
24.85,0.2321,0.0652,0.04999
24.866667,0.232,0.0651,0.04999
24.883333,0.2319,0.0651,0.04999
24.9,0.2318,0.0651,0.04999
24.916667,0.2317,0.0651,0.04999
24.933333,0.2316,0.065,0.04999
24.95,0.2315,0.065,0.04999
24.966667,0.2314,0.065,0.04999
24.983333,0.2313,0.065,0.04999
25.0,0.2312,0.0649,0.04999
25.016667,0.2311,0.0649,0.04999
25.033333,0.231,0.0649,0.04999
25.05,0.2309,0.0649,0.04999
25.066667,0.2308,0.0649,0.04999
25.083333,0.2307,0.0648,0.04999
25.1,0.2306,0.0648,0.04999
25.116667,0.2305,0.0648,0.04999
25.133333,0.2304,0.0648,0.04999
25.15,0.2302,0.0647,0.04999
25.166667,0.2301,0.0647,0.04999
25.183333,0.23,0.0647,0.04999
25.2,0.2299,0.0647,0.04999
25.216667,0.2298,0.0646,0.04999
25.233333,0.2297,0.0646,0.04999
25.25,0.2296,0.0646,0.04999
25.266667,0.2295,0.0646,0.04999
25.283333,0.2294,0.0646,0.04999
25.3,0.2293,0.0645,0.04999
25.316667,0.2292,0.0645,0.04999
25.333333,0.2291,0.0645,0.04999
25.35,0.229,0.0645,0.04999
25.366667,0.2289,0.0644,0.04999
25.383333,0.2288,0.0644,0.04999
25.4,0.2287,0.0644,0.04999
25.416667,0.2286,0.0644,0.04999
25.433333,0.2285,0.0643,0.04999
25.45,0.2284,0.0643,0.04999
25.466667,0.2283,0.0643,0.04999
25.483333,0.2282,0.0643,0.04999
25.5,0.2281,0.0643,0.04999
25.516667,0.228,0.0642,0.04999
25.533333,0.2279,0.0642,0.04999
25.55,0.2278,0.0642,0.04999
25.566667,0.2277,0.0642,0.04999
25.583333,0.2276,0.0642,0.04999
25.6,0.2275,0.0641,0.04999
25.616667,0.2274,0.0641,0.04999
25.633333,0.2273,0.0641,0.04999
25.65,0.2272,0.0641,0.04999
25.666667,0.2271,0.064,0.04999
25.683333,0.227,0.064,0.04999
25.7,0.2269,0.064,0.04999
25.716667,0.2268,0.064,0.04999
25.733333,0.2267,0.064,0.04999
25.75,0.2266,0.0639,0.04999
25.766667,0.2265,0.0639,0.04999
25.783333,0.2264,0.0639,0.04999
25.8,0.2263,0.0639,0.04999
25.816667,0.2262,0.0639,0.04999
25.833333,0.2261,0.0638,0.04999
25.85,0.226,0.0638,0.04999
25.866667,0.2259,0.0638,0.04999
25.883333,0.2259,0.0638,0.04999
25.9,0.2258,0.0637,0.04999
25.916667,0.2257,0.0637,0.04999
25.933333,0.2256,0.0637,0.04999
25.95,0.2255,0.0637,0.04999
25.966667,0.2254,0.0637,0.04999
25.983333,0.2253,0.0636,0.04999
26.0,0.2252,0.0636,0.04999
26.016667,0.2251,0.0636,0.04999
26.033333,0.225,0.0636,0.04999
26.05,0.2249,0.0636,0.04999
26.066667,0.2248,0.0635,0.04999
26.083333,0.2247,0.0635,0.04999
26.1,0.2246,0.0635,0.04999
26.116667,0.2245,0.0635,0.04999
26.133333,0.2244,0.0635,0.04999
26.15,0.2243,0.0634,0.04999
26.166667,0.2242,0.0634,0.04999
26.183333,0.2241,0.0634,0.04999
26.2,0.224,0.0634,0.04999
26.216667,0.224,0.0634,0.04999
26.233333,0.2239,0.0633,0.04999
26.25,0.2238,0.0633,0.04999
26.266667,0.2237,0.0633,0.04999
26.283333,0.2236,0.0633,0.04999
26.3,0.2235,0.0633,0.04999
26.316667,0.2234,0.0632,0.04999
26.333333,0.2233,0.0632,0.04999
26.35,0.2232,0.0632,0.04999
26.366667,0.2231,0.0632,0.04999
26.383333,0.223,0.0632,0.04999
26.4,0.2229,0.0631,0.04999
26.416667,0.2228,0.0631,0.04999
26.433333,0.2227,0.0631,0.04999
26.45,0.2227,0.0631,0.04999
26.466667,0.2226,0.0631,0.04999
26.483333,0.2225,0.0631,0.04999
26.5,0.2224,0.063,0.04999
26.516667,0.2223,0.063,0.04999
26.533333,0.2222,0.063,0.04999
26.55,0.2221,0.063,0.04999
26.566667,0.222,0.063,0.04999
26.583333,0.2219,0.0629,0.04999
26.6,0.2218,0.0629,0.04999
26.616667,0.2217,0.0629,0.04999
26.633333,0.2217,0.0629,0.04999
26.65,0.2216,0.0629,0.04999
26.666667,0.2215,0.0628,0.04999
26.683333,0.2214,0.0628,0.04999
26.7,0.2213,0.0628,0.04999
26.716667,0.2212,0.0628,0.04999
26.733333,0.2211,0.0628,0.04999
26.75,0.221,0.0628,0.04999
26.766667,0.2209,0.0627,0.04999
26.783333,0.2209,0.0627,0.04999
26.8,0.2208,0.0627,0.04999
26.816667,0.2207,0.0627,0.04999
26.833333,0.2206,0.0627,0.04999
26.85,0.2205,0.0626,0.04999
26.866667,0.2204,0.0626,0.04999
26.883333,0.2203,0.0626,0.04999
26.9,0.2202,0.0626,0.04999
26.916667,0.2201,0.0626,0.04999
26.933333,0.2201,0.0626,0.04999
26.95,0.22,0.0625,0.04999
26.966667,0.2199,0.0625,0.04999
26.983333,0.2198,0.0625,0.04999
27.0,0.2197,0.0625,0.04999
27.016667,0.2196,0.0625,0.04999
27.033333,0.2195,0.0624,0.04999
27.05,0.2194,0.0624,0.04999
27.066667,0.2194,0.0624,0.04999
27.083333,0.2193,0.0624,0.04999
27.1,0.2192,0.0624,0.04999
27.116667,0.2191,0.0624,0.04999
27.133333,0.219,0.0623,0.04999
27.15,0.2189,0.0623,0.04999
27.166667,0.2188,0.0623,0.04999
27.183333,0.2188,0.0623,0.04999
27.2,0.2187,0.0623,0.04999
27.216667,0.2186,0.0623,0.04999
27.233333,0.2185,0.0622,0.04999
27.25,0.2184,0.0622,0.04999
27.266667,0.2183,0.0622,0.04999
27.283333,0.2182,0.0622,0.04999
27.3,0.2182,0.0622,0.04999
27.316667,0.2181,0.0622,0.04999
27.333333,0.218,0.0621,0.04999
27.35,0.2179,0.0621,0.04999
27.366667,0.2178,0.0621,0.04999
27.383333,0.2177,0.0621,0.04999
27.4,0.2177,0.0621,0.04999
27.416667,0.2176,0.062,0.04999
27.433333,0.2175,0.062,0.04999
27.45,0.2174,0.062,0.04999
27.466667,0.2173,0.062,0.04999
27.483333,0.2172,0.062,0.04999
27.5,0.2172,0.062,0.04999
27.516667,0.2171,0.0619,0.04999
27.533333,0.217,0.0619,0.04999
27.55,0.2169,0.0619,0.04999
27.566667,0.2168,0.0619,0.04999
27.583333,0.2167,0.0619,0.04999
27.6,0.2167,0.0619,0.04999
27.616667,0.2166,0.0619,0.04999
27.633333,0.2165,0.0618,0.04999
27.65,0.2164,0.0618,0.04999
27.666667,0.2163,0.0618,0.04999
27.683333,0.2162,0.0618,0.04999
27.7,0.2162,0.0618,0.04999
27.716667,0.2161,0.0618,0.04999
27.733333,0.216,0.0617,0.04999
27.75,0.2159,0.0617,0.04999
27.766667,0.2158,0.0617,0.04999
27.783333,0.2158,0.0617,0.04999
27.8,0.2157,0.0617,0.04999
27.816667,0.2156,0.0617,0.04999
27.833333,0.2155,0.0616,0.04999
27.85,0.2154,0.0616,0.04999
27.866667,0.2153,0.0616,0.04999
27.883333,0.2153,0.0616,0.04999
27.9,0.2152,0.0616,0.04999
27.916667,0.2151,0.0616,0.04999
27.933333,0.215,0.0615,0.04999
27.95,0.2149,0.0615,0.04999
27.966667,0.2149,0.0615,0.04999
27.983333,0.2148,0.0615,0.04999
28.0,0.2147,0.0615,0.04999
28.016667,0.2146,0.0615,0.04999
28.033333,0.2145,0.0615,0.04999
28.05,0.2145,0.0614,0.04999
28.066667,0.2144,0.0614,0.04999
28.083333,0.2143,0.0614,0.04999
28.1,0.2142,0.0614,0.04999
28.116667,0.2141,0.0614,0.04999
28.133333,0.2141,0.0614,0.04999
28.15,0.214,0.0613,0.04999
28.166667,0.2139,0.0613,0.04999
28.183333,0.2138,0.0613,0.04999
28.2,0.2138,0.0613,0.04999
28.216667,0.2137,0.0613,0.04999
28.233333,0.2136,0.0613,0.04999
28.25,0.2135,0.0613,0.04999
28.266667,0.2134,0.0612,0.04999
28.283333,0.2134,0.0612,0.04999
28.3,0.2133,0.0612,0.04999
28.316667,0.2132,0.0612,0.04999
28.333333,0.2131,0.0612,0.04999
28.35,0.213,0.0612,0.04999
28.366667,0.213,0.0611,0.04999
28.383333,0.2129,0.0611,0.04999
28.4,0.2128,0.0611,0.04999
28.416667,0.2127,0.0611,0.04999
28.433333,0.2127,0.0611,0.04999
28.45,0.2126,0.0611,0.04999
28.466667,0.2125,0.0611,0.04999
28.483333,0.2124,0.061,0.04999
28.5,0.2124,0.061,0.04999
28.516667,0.2123,0.061,0.04999
28.533333,0.2122,0.061,0.04999
28.55,0.2121,0.061,0.04999
28.566667,0.212,0.061,0.04999
28.583333,0.212,0.061,0.04999
28.6,0.2119,0.0609,0.04999
28.616667,0.2118,0.0609,0.04999
28.633333,0.2117,0.0609,0.04999
28.65,0.2117,0.0609,0.04999
28.666667,0.2116,0.0609,0.04999
28.683333,0.2115,0.0609,0.04999
28.7,0.2114,0.0609,0.04999
28.716667,0.2114,0.0608,0.04999
28.733333,0.2113,0.0608,0.04999
28.75,0.2112,0.0608,0.04999
28.766667,0.2111,0.0608,0.04999
28.783333,0.2111,0.0608,0.04999
28.8,0.211,0.0608,0.04999
28.816667,0.2109,0.0608,0.04999
28.833333,0.2108,0.0607,0.04999
28.85,0.2108,0.0607,0.04999
28.866667,0.2107,0.0607,0.04999
28.883333,0.2106,0.0607,0.04999
28.9,0.2105,0.0607,0.04999
28.916667,0.2105,0.0607,0.04999
28.933333,0.2104,0.0607,0.04999
28.95,0.2103,0.0606,0.04999
28.966667,0.2102,0.0606,0.04999
28.983333,0.2102,0.0606,0.04999
29.0,0.2101,0.0606,0.04999
29.016667,0.21,0.0606,0.04999
29.033333,0.21,0.0606,0.04999
29.05,0.2099,0.0606,0.04999
29.066667,0.2098,0.0606,0.04999
29.083333,0.2097,0.0605,0.04999
29.1,0.2097,0.0605,0.04999
29.116667,0.2096,0.0605,0.04999
29.133333,0.2095,0.0605,0.04999
29.15,0.2094,0.0605,0.04999
29.166667,0.2094,0.0605,0.04999
29.183333,0.2093,0.0605,0.04999
29.2,0.2092,0.0604,0.04999
29.216667,0.2092,0.0604,0.04999
29.233333,0.2091,0.0604,0.04999
29.25,0.209,0.0604,0.04999
29.266667,0.2089,0.0604,0.04999
29.283333,0.2089,0.0604,0.04999
29.3,0.2088,0.0604,0.04999
29.316667,0.2087,0.0604,0.04999
29.333333,0.2086,0.0603,0.04999
29.35,0.2086,0.0603,0.04999
29.366667,0.2085,0.0603,0.04999
29.383333,0.2084,0.0603,0.04999
29.4,0.2084,0.0603,0.04999
29.416667,0.2083,0.0603,0.04999
29.433333,0.2082,0.0603,0.04999
29.45,0.2081,0.0602,0.04999
29.466667,0.2081,0.0602,0.04999
29.483333,0.208,0.0602,0.04999
29.5,0.2079,0.0602,0.04999
29.516667,0.2079,0.0602,0.04999
29.533333,0.2078,0.0602,0.04999
29.55,0.2077,0.0602,0.04999
29.566667,0.2077,0.0602,0.04999
29.583333,0.2076,0.0601,0.04999
29.6,0.2075,0.0601,0.04999
29.616667,0.2074,0.0601,0.04999
29.633333,0.2074,0.0601,0.04999
29.65,0.2073,0.0601,0.04999
29.666667,0.2072,0.0601,0.04999
29.683333,0.2072,0.0601,0.04999
29.7,0.2071,0.0601,0.04999
29.716667,0.207,0.06,0.04999
29.733333,0.207,0.06,0.04999
29.75,0.2069,0.06,0.04999
29.766667,0.2068,0.06,0.04999
29.783333,0.2067,0.06,0.04999
29.8,0.2067,0.06,0.04999
29.816667,0.2066,0.06,0.04999
29.833333,0.2065,0.06,0.04999
29.85,0.2065,0.0599,0.04999
29.866667,0.2064,0.0599,0.04999
29.883333,0.2063,0.0599,0.04999
29.9,0.2063,0.0599,0.04999
29.916667,0.2062,0.0599,0.04999
29.933333,0.2061,0.0599,0.04999
29.95,0.2061,0.0599,0.04999
29.966667,0.206,0.0599,0.04999
29.983333,0.2059,0.0598,0.04999
30.0,0.2059,0.0598,0.04999
30.016667,0.2058,0.0598,0.04999
30.033333,0.2057,0.0598,0.04999
30.05,0.2057,0.0598,0.04999
30.066667,0.2056,0.0598,0.04999
30.083333,0.2055,0.0598,0.04999
30.1,0.2054,0.0598,0.04999
30.116667,0.2054,0.0597,0.04999
30.133333,0.2053,0.0597,0.04999
30.15,0.2052,0.0597,0.04999
30.166667,0.2052,0.0597,0.04999
30.183333,0.2051,0.0597,0.04999
30.2,0.205,0.0597,0.04999
30.216667,0.205,0.0597,0.04999
30.233333,0.2049,0.0597,0.04999
30.25,0.2048,0.0597,0.04999
30.266667,0.2048,0.0596,0.04999
30.283333,0.2047,0.0596,0.04999
30.3,0.2046,0.0596,0.04999
30.316667,0.2046,0.0596,0.04999
30.333333,0.2045,0.0596,0.04999
30.35,0.2044,0.0596,0.04999
30.366667,0.2044,0.0596,0.04999
30.383333,0.2043,0.0596,0.04999
30.4,0.2042,0.0595,0.04999
30.416667,0.2042,0.0595,0.04999
30.433333,0.2041,0.0595,0.04999
30.45,0.204,0.0595,0.04999
30.466667,0.204,0.0595,0.04999
30.483333,0.2039,0.0595,0.04999
30.5,0.2039,0.0595,0.04999
30.516667,0.2038,0.0595,0.04999
30.533333,0.2037,0.0595,0.04999
30.55,0.2037,0.0594,0.04999
30.566667,0.2036,0.0594,0.04999
30.583333,0.2035,0.0594,0.04999
30.6,0.2035,0.0594,0.04999
30.616667,0.2034,0.0594,0.04999
30.633333,0.2033,0.0594,0.04999
30.65,0.2033,0.0594,0.04999
30.666667,0.2032,0.0594,0.04999
30.683333,0.2031,0.0594,0.04999
30.7,0.2031,0.0593,0.04999
30.716667,0.203,0.0593,0.04999
30.733333,0.2029,0.0593,0.04999
30.75,0.2029,0.0593,0.04999
30.766667,0.2028,0.0593,0.04999
30.783333,0.2028,0.0593,0.04999
30.8,0.2027,0.0593,0.04999
30.816667,0.2026,0.0593,0.04999
30.833333,0.2026,0.0593,0.04999
30.85,0.2025,0.0592,0.04999
30.866667,0.2024,0.0592,0.04999
30.883333,0.2024,0.0592,0.04999
30.9,0.2023,0.0592,0.04999
30.916667,0.2022,0.0592,0.04999
30.933333,0.2022,0.0592,0.04999
30.95,0.2021,0.0592,0.04999
30.966667,0.202,0.0592,0.04999
30.983333,0.202,0.0592,0.04999
31.0,0.2019,0.0591,0.04999
31.016667,0.2019,0.0591,0.04999
31.033333,0.2018,0.0591,0.04999
31.05,0.2017,0.0591,0.04999
31.066667,0.2017,0.0591,0.04999
31.083333,0.2016,0.0591,0.04999
31.1,0.2015,0.0591,0.04999
31.116667,0.2015,0.0591,0.04999
31.133333,0.2014,0.0591,0.04999
31.15,0.2014,0.059,0.04999
31.166667,0.2013,0.059,0.04999
31.183333,0.2012,0.059,0.04999
31.2,0.2012,0.059,0.04999
31.216667,0.2011,0.059,0.04999
31.233333,0.201,0.059,0.04999
31.25,0.201,0.059,0.04999
31.266667,0.2009,0.059,0.04999
31.283333,0.2009,0.059,0.04999
31.3,0.2008,0.059,0.04999
31.316667,0.2007,0.0589,0.04999
31.333333,0.2007,0.0589,0.04999
31.35,0.2006,0.0589,0.04999
31.366667,0.2006,0.0589,0.04999
31.383333,0.2005,0.0589,0.04999
31.4,0.2004,0.0589,0.04999
31.416667,0.2004,0.0589,0.04999
31.433333,0.2003,0.0589,0.04999
31.45,0.2002,0.0589,0.04999
31.466667,0.2002,0.0589,0.04999
31.483333,0.2001,0.0588,0.04999
31.5,0.2001,0.0588,0.04999
31.516667,0.2,0.0588,0.04999
31.533333,0.1999,0.0588,0.04999
31.55,0.1999,0.0588,0.04999
31.566667,0.1998,0.0588,0.04999
31.583333,0.1998,0.0588,0.04999
31.6,0.1997,0.0588,0.04999
31.616667,0.1996,0.0588,0.04999
31.633333,0.1996,0.0587,0.04999
31.65,0.1995,0.0587,0.04999
31.666667,0.1995,0.0587,0.04999
31.683333,0.1994,0.0587,0.04999
31.7,0.1993,0.0587,0.04999
31.716667,0.1993,0.0587,0.04999
31.733333,0.1992,0.0587,0.04999
31.75,0.1992,0.0587,0.04999
31.766667,0.1991,0.0587,0.04999
31.783333,0.199,0.0587,0.04999
31.8,0.199,0.0587,0.04999
31.816667,0.1989,0.0586,0.04999
31.833333,0.1989,0.0586,0.04999
31.85,0.1988,0.0586,0.04999
31.866667,0.1987,0.0586,0.04999
31.883333,0.1987,0.0586,0.04999
31.9,0.1986,0.0586,0.04999
31.916667,0.1986,0.0586,0.04999
31.933333,0.1985,0.0586,0.04999
31.95,0.1984,0.0586,0.04999
31.966667,0.1984,0.0586,0.04999
31.983333,0.1983,0.0585,0.04999
32.0,0.1983,0.0585,0.04999
32.016667,0.1982,0.0585,0.04999
32.033333,0.1982,0.0585,0.04999
32.05,0.1981,0.0585,0.04999
32.066667,0.198,0.0585,0.04999
32.083333,0.198,0.0585,0.04999
32.1,0.1979,0.0585,0.04999
32.116667,0.1979,0.0585,0.04999
32.133333,0.1978,0.0585,0.04999
32.15,0.1977,0.0584,0.04999
32.166667,0.1977,0.0584,0.04999
32.183333,0.1976,0.0584,0.04999
32.2,0.1976,0.0584,0.04999
32.216667,0.1975,0.0584,0.04999
32.233333,0.1975,0.0584,0.04999
32.25,0.1974,0.0584,0.04999
32.266667,0.1973,0.0584,0.04999
32.283333,0.1973,0.0584,0.04999
32.3,0.1972,0.0584,0.04999
32.316667,0.1972,0.0584,0.04999
32.333333,0.1971,0.0583,0.04999
32.35,0.1971,0.0583,0.04999
32.366667,0.197,0.0583,0.04999
32.383333,0.1969,0.0583,0.04999
32.4,0.1969,0.0583,0.04999
32.416667,0.1968,0.0583,0.04999
32.433333,0.1968,0.0583,0.04999
32.45,0.1967,0.0583,0.04999
32.466667,0.1967,0.0583,0.04999
32.483333,0.1966,0.0583,0.04999
32.5,0.1965,0.0583,0.04999
32.516667,0.1965,0.0582,0.04999
32.533333,0.1964,0.0582,0.04999
32.55,0.1964,0.0582,0.04999
32.566667,0.1963,0.0582,0.04999
32.583333,0.1963,0.0582,0.04999
32.6,0.1962,0.0582,0.04999
32.616667,0.1961,0.0582,0.04999
32.633333,0.1961,0.0582,0.04999
32.65,0.196,0.0582,0.04999
32.666667,0.196,0.0582,0.04999
32.683333,0.1959,0.0582,0.04999
32.7,0.1959,0.0581,0.04999
32.716667,0.1958,0.0581,0.04999
32.733333,0.1958,0.0581,0.04999
32.75,0.1957,0.0581,0.04999
32.766667,0.1956,0.0581,0.04999
32.783333,0.1956,0.0581,0.04999
32.8,0.1955,0.0581,0.04999
32.816667,0.1955,0.0581,0.04999
32.833333,0.1954,0.0581,0.04999
32.85,0.1954,0.0581,0.04999
32.866667,0.1953,0.0581,0.04999
32.883333,0.1953,0.058,0.04999
32.9,0.1952,0.058,0.04999
32.916667,0.1951,0.058,0.04999
32.933333,0.1951,0.058,0.04999
32.95,0.195,0.058,0.04999
32.966667,0.195,0.058,0.04999
32.983333,0.1949,0.058,0.04999
33.0,0.1949,0.058,0.04999
33.016667,0.1948,0.058,0.04999
33.033333,0.1948,0.058,0.04999
33.05,0.1947,0.058,0.04999
33.066667,0.1947,0.0579,0.04999
33.083333,0.1946,0.0579,0.04999
33.1,0.1945,0.0579,0.04999
33.116667,0.1945,0.0579,0.04999
33.133333,0.1944,0.0579,0.04999
33.15,0.1944,0.0579,0.04999
33.166667,0.1943,0.0579,0.04999
33.183333,0.1943,0.0579,0.04999
33.2,0.1942,0.0579,0.04999
33.216667,0.1942,0.0579,0.04999
33.233333,0.1941,0.0579,0.04999
33.25,0.1941,0.0579,0.04999
33.266667,0.194,0.0578,0.04999
33.283333,0.1939,0.0578,0.04999
33.3,0.1939,0.0578,0.04999
33.316667,0.1938,0.0578,0.04999
33.333333,0.1938,0.0578,0.04999
33.35,0.1937,0.0578,0.04999
33.366667,0.1937,0.0578,0.04999
33.383333,0.1936,0.0578,0.04999
33.4,0.1936,0.0578,0.04999
33.416667,0.1935,0.0578,0.04999
33.433333,0.1935,0.0578,0.04999
33.45,0.1934,0.0578,0.04999
33.466667,0.1934,0.0577,0.04999
33.483333,0.1933,0.0577,0.04999
33.5,0.1933,0.0577,0.04999
33.516667,0.1932,0.0577,0.04999
33.533333,0.1931,0.0577,0.04999
33.55,0.1931,0.0577,0.04999
33.566667,0.193,0.0577,0.04999
33.583333,0.193,0.0577,0.04999
33.6,0.1929,0.0577,0.04999
33.616667,0.1929,0.0577,0.04999
33.633333,0.1928,0.0577,0.04999
33.65,0.1928,0.0577,0.04999
33.666667,0.1927,0.0576,0.04999
33.683333,0.1927,0.0576,0.04999
33.7,0.1926,0.0576,0.04999
33.716667,0.1926,0.0576,0.04999
33.733333,0.1925,0.0576,0.04999
33.75,0.1925,0.0576,0.04999
33.766667,0.1924,0.0576,0.04999
33.783333,0.1924,0.0576,0.04999
33.8,0.1923,0.0576,0.04999
33.816667,0.1923,0.0576,0.04999
33.833333,0.1922,0.0576,0.04999
33.85,0.1922,0.0576,0.04999
33.866667,0.1921,0.0576,0.04999
33.883333,0.192,0.0575,0.04999
33.9,0.192,0.0575,0.04999
33.916667,0.1919,0.0575,0.04999
33.933333,0.1919,0.0575,0.04999
33.95,0.1918,0.0575,0.04999
33.966667,0.1918,0.0575,0.04999
33.983333,0.1917,0.0575,0.04999
34.0,0.1917,0.0575,0.04999
34.016667,0.1916,0.0575,0.04999
34.033333,0.1916,0.0575,0.04999
34.05,0.1915,0.0575,0.04999
34.066667,0.1915,0.0575,0.04999
34.083333,0.1914,0.0574,0.04999
34.1,0.1914,0.0574,0.04999
34.116667,0.1913,0.0574,0.04999
34.133333,0.1913,0.0574,0.04999
34.15,0.1912,0.0574,0.04999
34.166667,0.1912,0.0574,0.04999
34.183333,0.1911,0.0574,0.04999
34.2,0.1911,0.0574,0.04999
34.216667,0.191,0.0574,0.04999
34.233333,0.191,0.0574,0.04999
34.25,0.1909,0.0574,0.04999
34.266667,0.1909,0.0574,0.04999
34.283333,0.1908,0.0574,0.04999
34.3,0.1908,0.0574,0.04999
34.316667,0.1907,0.0573,0.04999
34.333333,0.1907,0.0573,0.04999
34.35,0.1906,0.0573,0.04999
34.366667,0.1906,0.0573,0.04999
34.383333,0.1905,0.0573,0.04999
34.4,0.1905,0.0573,0.04999
34.416667,0.1904,0.0573,0.04999
34.433333,0.1904,0.0573,0.04999
34.45,0.1903,0.0573,0.04999
34.466667,0.1903,0.0573,0.04999
34.483333,0.1902,0.0573,0.04999
34.5,0.1902,0.0573,0.04999
34.516667,0.1901,0.0573,0.04999
34.533333,0.1901,0.0572,0.04999
34.55,0.19,0.0572,0.04999
34.566667,0.19,0.0572,0.04999
34.583333,0.1899,0.0572,0.04999
34.6,0.1899,0.0572,0.04999
34.616667,0.1898,0.0572,0.04999
34.633333,0.1898,0.0572,0.04999
34.65,0.1897,0.0572,0.04999
34.666667,0.1897,0.0572,0.04999
34.683333,0.1896,0.0572,0.04999
34.7,0.1896,0.0572,0.04999
34.716667,0.1895,0.0572,0.04999
34.733333,0.1895,0.0572,0.04999
34.75,0.1894,0.0571,0.04999
34.766667,0.1894,0.0571,0.04999
34.783333,0.1893,0.0571,0.04999
34.8,0.1893,0.0571,0.04999
34.816667,0.1892,0.0571,0.04999
34.833333,0.1892,0.0571,0.04999
34.85,0.1891,0.0571,0.04999
34.866667,0.1891,0.0571,0.04999
34.883333,0.189,0.0571,0.04999
34.9,0.189,0.0571,0.04999
34.916667,0.189,0.0571,0.04999
34.933333,0.1889,0.0571,0.04999
34.95,0.1889,0.0571,0.04999
34.966667,0.1888,0.0571,0.04999
34.983333,0.1888,0.057,0.04999
35.0,0.1887,0.057,0.04999
35.016667,0.1887,0.057,0.04999
35.033333,0.1886,0.057,0.04999
35.05,0.1886,0.057,0.04999
35.066667,0.1885,0.057,0.04999
35.083333,0.1885,0.057,0.04999
35.1,0.1884,0.057,0.04999
35.116667,0.1884,0.057,0.04999
35.133333,0.1883,0.057,0.04999
35.15,0.1883,0.057,0.04999
35.166667,0.1882,0.057,0.04999
35.183333,0.1882,0.057,0.04999
35.2,0.1881,0.057,0.04999
35.216667,0.1881,0.057,0.04999
35.233333,0.188,0.0569,0.04999
35.25,0.188,0.0569,0.04999
35.266667,0.1879,0.0569,0.04999
35.283333,0.1879,0.0569,0.04999
35.3,0.1879,0.0569,0.04999
35.316667,0.1878,0.0569,0.04999
35.333333,0.1878,0.0569,0.04999
35.35,0.1877,0.0569,0.04999
35.366667,0.1877,0.0569,0.04999
35.383333,0.1876,0.0569,0.04999
35.4,0.1876,0.0569,0.04999
35.416667,0.1875,0.0569,0.04999
35.433333,0.1875,0.0569,0.04999
35.45,0.1874,0.0569,0.04999
35.466667,0.1874,0.0568,0.04999
35.483333,0.1873,0.0568,0.04999
35.5,0.1873,0.0568,0.04999
35.516667,0.1872,0.0568,0.04999
35.533333,0.1872,0.0568,0.04999
35.55,0.1871,0.0568,0.04999
35.566667,0.1871,0.0568,0.04999
35.583333,0.1871,0.0568,0.04999
35.6,0.187,0.0568,0.04999
35.616667,0.187,0.0568,0.04999
35.633333,0.1869,0.0568,0.04999
35.65,0.1869,0.0568,0.04999
35.666667,0.1868,0.0568,0.04999
35.683333,0.1868,0.0568,0.04999
35.7,0.1867,0.0568,0.04999
35.716667,0.1867,0.0567,0.04999
35.733333,0.1866,0.0567,0.04999
35.75,0.1866,0.0567,0.04999
35.766667,0.1865,0.0567,0.04999
35.783333,0.1865,0.0567,0.04999
35.8,0.1865,0.0567,0.04999
35.816667,0.1864,0.0567,0.04999
35.833333,0.1864,0.0567,0.04999
35.85,0.1863,0.0567,0.04999
35.866667,0.1863,0.0567,0.04999
35.883333,0.1862,0.0567,0.04999
35.9,0.1862,0.0567,0.04999
35.916667,0.1861,0.0567,0.04999
35.933333,0.1861,0.0567,0.04999
35.95,0.186,0.0567,0.04999
35.966667,0.186,0.0566,0.04999
35.983333,0.186,0.0566,0.04999
36.0,0.1859,0.0566,0.04999
36.016667,0.1859,0.0566,0.04999
36.033333,0.1858,0.0566,0.04999
36.05,0.1858,0.0566,0.04999
36.066667,0.1857,0.0566,0.04999
36.083333,0.1857,0.0566,0.04999
36.1,0.1856,0.0566,0.04999
36.116667,0.1856,0.0566,0.04999
36.133333,0.1856,0.0566,0.04999
36.15,0.1855,0.0566,0.04999
36.166667,0.1855,0.0566,0.04999
36.183333,0.1854,0.0566,0.04999
36.2,0.1854,0.0566,0.04999
36.216667,0.1853,0.0566,0.04999
36.233333,0.1853,0.0565,0.04999
36.25,0.1852,0.0565,0.04999
36.266667,0.1852,0.0565,0.04999
36.283333,0.1851,0.0565,0.04999
36.3,0.1851,0.0565,0.04999
36.316667,0.1851,0.0565,0.04999
36.333333,0.185,0.0565,0.04999
36.35,0.185,0.0565,0.04999
36.366667,0.1849,0.0565,0.04999
36.383333,0.1849,0.0565,0.04999
36.4,0.1848,0.0565,0.04999
36.416667,0.1848,0.0565,0.04999
36.433333,0.1848,0.0565,0.04999
36.45,0.1847,0.0565,0.04999
36.466667,0.1847,0.0565,0.04999
36.483333,0.1846,0.0565,0.04999
36.5,0.1846,0.0564,0.04999
36.516667,0.1845,0.0564,0.04999
36.533333,0.1845,0.0564,0.04999
36.55,0.1844,0.0564,0.04999
36.566667,0.1844,0.0564,0.04999
36.583333,0.1844,0.0564,0.04999
36.6,0.1843,0.0564,0.04999
36.616667,0.1843,0.0564,0.04999
36.633333,0.1842,0.0564,0.04999
36.65,0.1842,0.0564,0.04999
36.666667,0.1841,0.0564,0.04999
36.683333,0.1841,0.0564,0.04999
36.7,0.1841,0.0564,0.04999
36.716667,0.184,0.0564,0.04999
36.733333,0.184,0.0564,0.04999
36.75,0.1839,0.0564,0.04999
36.766667,0.1839,0.0564,0.04999
36.783333,0.1838,0.0563,0.04999
36.8,0.1838,0.0563,0.04999
36.816667,0.1837,0.0563,0.04999
36.833333,0.1837,0.0563,0.04999
36.85,0.1837,0.0563,0.04999
36.866667,0.1836,0.0563,0.04999
36.883333,0.1836,0.0563,0.04999
36.9,0.1835,0.0563,0.04999
36.916667,0.1835,0.0563,0.04999
36.933333,0.1834,0.0563,0.04999
36.95,0.1834,0.0563,0.04999
36.966667,0.1834,0.0563,0.04999
36.983333,0.1833,0.0563,0.04999
37.0,0.1833,0.0563,0.04999
37.016667,0.1832,0.0563,0.04999
37.033333,0.1832,0.0563,0.04999
37.05,0.1831,0.0563,0.04999
37.066667,0.1831,0.0562,0.04999
37.083333,0.1831,0.0562,0.04999
37.1,0.183,0.0562,0.04999
37.116667,0.183,0.0562,0.04999
37.133333,0.1829,0.0562,0.04999
37.15,0.1829,0.0562,0.04999
37.166667,0.1829,0.0562,0.04999
37.183333,0.1828,0.0562,0.04999
37.2,0.1828,0.0562,0.04999
37.216667,0.1827,0.0562,0.04999
37.233333,0.1827,0.0562,0.04999
37.25,0.1826,0.0562,0.04999
37.266667,0.1826,0.0562,0.04999
37.283333,0.1826,0.0562,0.04999
37.3,0.1825,0.0562,0.04999
37.316667,0.1825,0.0562,0.04999
37.333333,0.1824,0.0562,0.04999
37.35,0.1824,0.0561,0.04999
37.366667,0.1823,0.0561,0.04999
37.383333,0.1823,0.0561,0.04999
37.4,0.1823,0.0561,0.04999
37.416667,0.1822,0.0561,0.04999
37.433333,0.1822,0.0561,0.04999
37.45,0.1821,0.0561,0.04999
37.466667,0.1821,0.0561,0.04999
37.483333,0.1821,0.0561,0.04999
37.5,0.182,0.0561,0.04999
37.516667,0.182,0.0561,0.04999
37.533333,0.1819,0.0561,0.04999
37.55,0.1819,0.0561,0.04999
37.566667,0.1819,0.0561,0.04999
37.583333,0.1818,0.0561,0.04999
37.6,0.1818,0.0561,0.04999
37.616667,0.1817,0.0561,0.04999
37.633333,0.1817,0.0561,0.04999
37.65,0.1816,0.056,0.04999
37.666667,0.1816,0.056,0.04999
37.683333,0.1816,0.056,0.04999
37.7,0.1815,0.056,0.04999
37.716667,0.1815,0.056,0.04999
37.733333,0.1814,0.056,0.04999
37.75,0.1814,0.056,0.04999
37.766667,0.1814,0.056,0.04999
37.783333,0.1813,0.056,0.04999
37.8,0.1813,0.056,0.04999
37.816667,0.1812,0.056,0.04999
37.833333,0.1812,0.056,0.04999
37.85,0.1812,0.056,0.04999
37.866667,0.1811,0.056,0.04999
37.883333,0.1811,0.056,0.04999
37.9,0.181,0.056,0.04999
37.916667,0.181,0.056,0.04999
37.933333,0.181,0.056,0.04999
37.95,0.1809,0.0559,0.04999
37.966667,0.1809,0.0559,0.04999
37.983333,0.1808,0.0559,0.04999
38.0,0.1808,0.0559,0.04999
38.016667,0.1808,0.0559,0.04999
38.033333,0.1807,0.0559,0.04999
38.05,0.1807,0.0559,0.04999
38.066667,0.1806,0.0559,0.04999
38.083333,0.1806,0.0559,0.04999
38.1,0.1806,0.0559,0.04999
38.116667,0.1805,0.0559,0.04999
38.133333,0.1805,0.0559,0.04999
38.15,0.1804,0.0559,0.04999
38.166667,0.1804,0.0559,0.04999
38.183333,0.1804,0.0559,0.04999
38.2,0.1803,0.0559,0.04999
38.216667,0.1803,0.0559,0.04999
38.233333,0.1802,0.0559,0.04999
38.25,0.1802,0.0559,0.04999
38.266667,0.1802,0.0558,0.04999
38.283333,0.1801,0.0558,0.04999
38.3,0.1801,0.0558,0.04999
38.316667,0.18,0.0558,0.04999
38.333333,0.18,0.0558,0.04999
38.35,0.18,0.0558,0.04999
38.366667,0.1799,0.0558,0.04999
38.383333,0.1799,0.0558,0.04999
38.4,0.1798,0.0558,0.04999
38.416667,0.1798,0.0558,0.04999
38.433333,0.1798,0.0558,0.04999
38.45,0.1797,0.0558,0.04999
38.466667,0.1797,0.0558,0.04999
38.483333,0.1796,0.0558,0.04999
38.5,0.1796,0.0558,0.04999
38.516667,0.1796,0.0558,0.04999
38.533333,0.1795,0.0558,0.04999
38.55,0.1795,0.0558,0.04999
38.566667,0.1794,0.0558,0.04999
38.583333,0.1794,0.0557,0.04999
38.6,0.1794,0.0557,0.04999
38.616667,0.1793,0.0557,0.04999
38.633333,0.1793,0.0557,0.04999
38.65,0.1792,0.0557,0.04999
38.666667,0.1792,0.0557,0.04999
38.683333,0.1792,0.0557,0.04999
38.7,0.1791,0.0557,0.04999
38.716667,0.1791,0.0557,0.04999
38.733333,0.1791,0.0557,0.04999
38.75,0.179,0.0557,0.04999
38.766667,0.179,0.0557,0.04999
38.783333,0.1789,0.0557,0.04999
38.8,0.1789,0.0557,0.04999
38.816667,0.1789,0.0557,0.04999
38.833333,0.1788,0.0557,0.04999
38.85,0.1788,0.0557,0.04999
38.866667,0.1787,0.0557,0.04999
38.883333,0.1787,0.0557,0.04999
38.9,0.1787,0.0557,0.04999
38.916667,0.1786,0.0556,0.04999
38.933333,0.1786,0.0556,0.04999
38.95,0.1786,0.0556,0.04999
38.966667,0.1785,0.0556,0.04999
38.983333,0.1785,0.0556,0.04999
39.0,0.1784,0.0556,0.04999
39.016667,0.1784,0.0556,0.04999
39.033333,0.1784,0.0556,0.04999
39.05,0.1783,0.0556,0.04999
39.066667,0.1783,0.0556,0.04999
39.083333,0.1783,0.0556,0.04999
39.1,0.1782,0.0556,0.04999
39.116667,0.1782,0.0556,0.04999
39.133333,0.1781,0.0556,0.04999
39.15,0.1781,0.0556,0.04999
39.166667,0.1781,0.0556,0.04999
39.183333,0.178,0.0556,0.04999
39.2,0.178,0.0556,0.04999
39.216667,0.1779,0.0556,0.04999
39.233333,0.1779,0.0556,0.04999
39.25,0.1779,0.0556,0.04999
39.266667,0.1778,0.0555,0.04999
39.283333,0.1778,0.0555,0.04999
39.3,0.1778,0.0555,0.04999
39.316667,0.1777,0.0555,0.04999
39.333333,0.1777,0.0555,0.04999
39.35,0.1776,0.0555,0.04999
39.366667,0.1776,0.0555,0.04999
39.383333,0.1776,0.0555,0.04999
39.4,0.1775,0.0555,0.04999
39.416667,0.1775,0.0555,0.04999
39.433333,0.1775,0.0555,0.04999
39.45,0.1774,0.0555,0.04999
39.466667,0.1774,0.0555,0.04999
39.483333,0.1774,0.0555,0.04999
39.5,0.1773,0.0555,0.04999
39.516667,0.1773,0.0555,0.04999
39.533333,0.1772,0.0555,0.04999
39.55,0.1772,0.0555,0.04999
39.566667,0.1772,0.0555,0.04999
39.583333,0.1771,0.0555,0.04999
39.6,0.1771,0.0555,0.04999
39.616667,0.1771,0.0554,0.04999
39.633333,0.177,0.0554,0.04999
39.65,0.177,0.0554,0.04999
39.666667,0.1769,0.0554,0.04999
39.683333,0.1769,0.0554,0.04999
39.7,0.1769,0.0554,0.04999
39.716667,0.1768,0.0554,0.04999
39.733333,0.1768,0.0554,0.04999
39.75,0.1768,0.0554,0.04999
39.766667,0.1767,0.0554,0.04999
39.783333,0.1767,0.0554,0.04999
39.8,0.1767,0.0554,0.04999
39.816667,0.1766,0.0554,0.04999
39.833333,0.1766,0.0554,0.04999
39.85,0.1765,0.0554,0.04999
39.866667,0.1765,0.0554,0.04999
39.883333,0.1765,0.0554,0.04999
39.9,0.1764,0.0554,0.04999
39.916667,0.1764,0.0554,0.04999
39.933333,0.1764,0.0554,0.04999
39.95,0.1763,0.0554,0.04999
39.966667,0.1763,0.0553,0.04999
39.983333,0.1763,0.0553,0.04999
40.0,0.1762,0.0553,0.04999
40.016667,0.1762,0.0553,0.04999
40.033333,0.1761,0.0553,0.04999
40.05,0.1761,0.0553,0.04999
40.066667,0.1761,0.0553,0.04999
40.083333,0.176,0.0553,0.04999
40.1,0.176,0.0553,0.04999
40.116667,0.176,0.0553,0.04999
40.133333,0.1759,0.0553,0.04999
40.15,0.1759,0.0553,0.04999
40.166667,0.1759,0.0553,0.04999
40.183333,0.1758,0.0553,0.04999
40.2,0.1758,0.0553,0.04999
40.216667,0.1758,0.0553,0.04999
40.233333,0.1757,0.0553,0.04999
40.25,0.1757,0.0553,0.04999
40.266667,0.1756,0.0553,0.04999
40.283333,0.1756,0.0553,0.04999
40.3,0.1756,0.0553,0.04999
40.316667,0.1755,0.0553,0.04999
40.333333,0.1755,0.0553,0.04999
40.35,0.1755,0.0552,0.04999
40.366667,0.1754,0.0552,0.04999
40.383333,0.1754,0.0552,0.04999
40.4,0.1754,0.0552,0.04999
40.416667,0.1753,0.0552,0.04999
40.433333,0.1753,0.0552,0.04999
40.45,0.1753,0.0552,0.04999
40.466667,0.1752,0.0552,0.04999
40.483333,0.1752,0.0552,0.04999
40.5,0.1751,0.0552,0.04999
40.516667,0.1751,0.0552,0.04999
40.533333,0.1751,0.0552,0.04999
40.55,0.175,0.0552,0.04999
40.566667,0.175,0.0552,0.04999
40.583333,0.175,0.0552,0.04999
40.6,0.1749,0.0552,0.04999
40.616667,0.1749,0.0552,0.04999
40.633333,0.1749,0.0552,0.04999
40.65,0.1748,0.0552,0.04999
40.666667,0.1748,0.0552,0.04999
40.683333,0.1748,0.0552,0.04999
40.7,0.1747,0.0552,0.04999
40.716667,0.1747,0.0552,0.04999
40.733333,0.1747,0.0551,0.04999
40.75,0.1746,0.0551,0.04999
40.766667,0.1746,0.0551,0.04999
40.783333,0.1746,0.0551,0.04999
40.8,0.1745,0.0551,0.04999
40.816667,0.1745,0.0551,0.04999
40.833333,0.1745,0.0551,0.04999
40.85,0.1744,0.0551,0.04999
40.866667,0.1744,0.0551,0.04999
40.883333,0.1743,0.0551,0.04999
40.9,0.1743,0.0551,0.04999
40.916667,0.1743,0.0551,0.04999
40.933333,0.1742,0.0551,0.04999
40.95,0.1742,0.0551,0.04999
40.966667,0.1742,0.0551,0.04999
40.983333,0.1741,0.0551,0.04999
41.0,0.1741,0.0551,0.04999
41.016667,0.1741,0.0551,0.04999
41.033333,0.174,0.0551,0.04999
41.05,0.174,0.0551,0.04999
41.066667,0.174,0.0551,0.04999
41.083333,0.1739,0.0551,0.04999
41.1,0.1739,0.0551,0.04999
41.116667,0.1739,0.0551,0.04999
41.133333,0.1738,0.055,0.04999
41.15,0.1738,0.055,0.04999
41.166667,0.1738,0.055,0.04999
41.183333,0.1737,0.055,0.04999
41.2,0.1737,0.055,0.04999
41.216667,0.1737,0.055,0.04999
41.233333,0.1736,0.055,0.04999
41.25,0.1736,0.055,0.04999
41.266667,0.1736,0.055,0.04999
41.283333,0.1735,0.055,0.04999
41.3,0.1735,0.055,0.04999
41.316667,0.1735,0.055,0.04999
41.333333,0.1734,0.055,0.04999
41.35,0.1734,0.055,0.04999
41.366667,0.1734,0.055,0.04999
41.383333,0.1733,0.055,0.04999
41.4,0.1733,0.055,0.04999
41.416667,0.1733,0.055,0.04999
41.433333,0.1732,0.055,0.04999
41.45,0.1732,0.055,0.04999
41.466667,0.1732,0.055,0.04999
41.483333,0.1731,0.055,0.04999
41.5,0.1731,0.055,0.04999
41.516667,0.1731,0.055,0.04999
41.533333,0.173,0.0549,0.04999
41.55,0.173,0.0549,0.04999
41.566667,0.173,0.0549,0.04999
41.583333,0.1729,0.0549,0.04999
41.6,0.1729,0.0549,0.04999
41.616667,0.1729,0.0549,0.04999
41.633333,0.1728,0.0549,0.04999
41.65,0.1728,0.0549,0.04999
41.666667,0.1728,0.0549,0.04999
41.683333,0.1727,0.0549,0.04999
41.7,0.1727,0.0549,0.04999
41.716667,0.1727,0.0549,0.04999
41.733333,0.1726,0.0549,0.04999
41.75,0.1726,0.0549,0.04999
41.766667,0.1726,0.0549,0.04999
41.783333,0.1725,0.0549,0.04999
41.8,0.1725,0.0549,0.04999
41.816667,0.1725,0.0549,0.04999
41.833333,0.1724,0.0549,0.04999
41.85,0.1724,0.0549,0.04999
41.866667,0.1724,0.0549,0.04999
41.883333,0.1723,0.0549,0.04999
41.9,0.1723,0.0549,0.04999
41.916667,0.1723,0.0549,0.04999
41.933333,0.1722,0.0549,0.04999
41.95,0.1722,0.0549,0.04999
41.966667,0.1722,0.0548,0.04999
41.983333,0.1721,0.0548,0.04999
42.0,0.1721,0.0548,0.04999
42.016667,0.1721,0.0548,0.04999
42.033333,0.172,0.0548,0.04999
42.05,0.172,0.0548,0.04999
42.066667,0.172,0.0548,0.04999
42.083333,0.1719,0.0548,0.04999
42.1,0.1719,0.0548,0.04999
42.116667,0.1719,0.0548,0.04999
42.133333,0.1718,0.0548,0.04999
42.15,0.1718,0.0548,0.04999
42.166667,0.1718,0.0548,0.04999
42.183333,0.1717,0.0548,0.04999
42.2,0.1717,0.0548,0.04999
42.216667,0.1717,0.0548,0.04999
42.233333,0.1716,0.0548,0.04999
42.25,0.1716,0.0548,0.04999
42.266667,0.1716,0.0548,0.04999
42.283333,0.1716,0.0548,0.04999
42.3,0.1715,0.0548,0.04999
42.316667,0.1715,0.0548,0.04999
42.333333,0.1715,0.0548,0.04999
42.35,0.1714,0.0548,0.04999
42.366667,0.1714,0.0548,0.04999
42.383333,0.1714,0.0548,0.04999
42.4,0.1713,0.0547,0.04999
42.416667,0.1713,0.0547,0.04999
42.433333,0.1713,0.0547,0.04999
42.45,0.1712,0.0547,0.04999
42.466667,0.1712,0.0547,0.04999
42.483333,0.1712,0.0547,0.04999
42.5,0.1711,0.0547,0.04999
42.516667,0.1711,0.0547,0.04999
42.533333,0.1711,0.0547,0.04999
42.55,0.171,0.0547,0.04999
42.566667,0.171,0.0547,0.04999
42.583333,0.171,0.0547,0.04999
42.6,0.1709,0.0547,0.04999
42.616667,0.1709,0.0547,0.04999
42.633333,0.1709,0.0547,0.04999
42.65,0.1709,0.0547,0.04999
42.666667,0.1708,0.0547,0.04999
42.683333,0.1708,0.0547,0.04999
42.7,0.1708,0.0547,0.04999
42.716667,0.1707,0.0547,0.04999
42.733333,0.1707,0.0547,0.04999
42.75,0.1707,0.0547,0.04999
42.766667,0.1706,0.0547,0.04999
42.783333,0.1706,0.0547,0.04999
42.8,0.1706,0.0547,0.04999
42.816667,0.1705,0.0547,0.04999
42.833333,0.1705,0.0547,0.04999
42.85,0.1705,0.0547,0.04999
42.866667,0.1704,0.0546,0.04999
42.883333,0.1704,0.0546,0.04999
42.9,0.1704,0.0546,0.04999
42.916667,0.1704,0.0546,0.04999
42.933333,0.1703,0.0546,0.04999
42.95,0.1703,0.0546,0.04999
42.966667,0.1703,0.0546,0.04999
42.983333,0.1702,0.0546,0.04999
43.0,0.1702,0.0546,0.04999
43.016667,0.1702,0.0546,0.04999
43.033333,0.1701,0.0546,0.04999
43.05,0.1701,0.0546,0.04999
43.066667,0.1701,0.0546,0.04999
43.083333,0.17,0.0546,0.04999
43.1,0.17,0.0546,0.04999
43.116667,0.17,0.0546,0.04999
43.133333,0.1699,0.0546,0.04999
43.15,0.1699,0.0546,0.04999
43.166667,0.1699,0.0546,0.04999
43.183333,0.1699,0.0546,0.04999
43.2,0.1698,0.0546,0.04999
43.216667,0.1698,0.0546,0.04999
43.233333,0.1698,0.0546,0.04999
43.25,0.1697,0.0546,0.04999
43.266667,0.1697,0.0546,0.04999
43.283333,0.1697,0.0546,0.04999
43.3,0.1696,0.0546,0.04999
43.316667,0.1696,0.0546,0.04999
43.333333,0.1696,0.0545,0.04999
43.35,0.1695,0.0545,0.04999
43.366667,0.1695,0.0545,0.04999
43.383333,0.1695,0.0545,0.04999
43.4,0.1695,0.0545,0.04999
43.416667,0.1694,0.0545,0.04999
43.433333,0.1694,0.0545,0.04999
43.45,0.1694,0.0545,0.04999
43.466667,0.1693,0.0545,0.04999
43.483333,0.1693,0.0545,0.04999
43.5,0.1693,0.0545,0.04999
43.516667,0.1692,0.0545,0.04999
43.533333,0.1692,0.0545,0.04999
43.55,0.1692,0.0545,0.04999
43.566667,0.1692,0.0545,0.04999
43.583333,0.1691,0.0545,0.04999
43.6,0.1691,0.0545,0.04999
43.616667,0.1691,0.0545,0.04999
43.633333,0.169,0.0545,0.04999
43.65,0.169,0.0545,0.04999
43.666667,0.169,0.0545,0.04999
43.683333,0.1689,0.0545,0.04999
43.7,0.1689,0.0545,0.04999
43.716667,0.1689,0.0545,0.04999
43.733333,0.1689,0.0545,0.04999
43.75,0.1688,0.0545,0.04999
43.766667,0.1688,0.0545,0.04999
43.783333,0.1688,0.0545,0.04999
43.8,0.1687,0.0545,0.04999
43.816667,0.1687,0.0544,0.04999
43.833333,0.1687,0.0544,0.04999
43.85,0.1686,0.0544,0.04999
43.866667,0.1686,0.0544,0.04999
43.883333,0.1686,0.0544,0.04999
43.9,0.1686,0.0544,0.04999
43.916667,0.1685,0.0544,0.04999
43.933333,0.1685,0.0544,0.04999
43.95,0.1685,0.0544,0.04999
43.966667,0.1684,0.0544,0.04999
43.983333,0.1684,0.0544,0.04999
44.0,0.1684,0.0544,0.04999
44.016667,0.1683,0.0544,0.04999
44.033333,0.1683,0.0544,0.04999
44.05,0.1683,0.0544,0.04999
44.066667,0.1683,0.0544,0.04999
44.083333,0.1682,0.0544,0.04999
44.1,0.1682,0.0544,0.04999
44.116667,0.1682,0.0544,0.04999
44.133333,0.1681,0.0544,0.04999
44.15,0.1681,0.0544,0.04999
44.166667,0.1681,0.0544,0.04999
44.183333,0.1681,0.0544,0.04999
44.2,0.168,0.0544,0.04999
44.216667,0.168,0.0544,0.04999
44.233333,0.168,0.0544,0.04999
44.25,0.1679,0.0544,0.04999
44.266667,0.1679,0.0544,0.04999
44.283333,0.1679,0.0544,0.04999
44.3,0.1678,0.0544,0.04999
44.316667,0.1678,0.0544,0.04999
44.333333,0.1678,0.0543,0.04999
44.35,0.1678,0.0543,0.04999
44.366667,0.1677,0.0543,0.04999
44.383333,0.1677,0.0543,0.04999
44.4,0.1677,0.0543,0.04999
44.416667,0.1676,0.0543,0.04999
44.433333,0.1676,0.0543,0.04999
44.45,0.1676,0.0543,0.04999
44.466667,0.1676,0.0543,0.04999
44.483333,0.1675,0.0543,0.04999
44.5,0.1675,0.0543,0.04999
44.516667,0.1675,0.0543,0.04999
44.533333,0.1674,0.0543,0.04999
44.55,0.1674,0.0543,0.04999
44.566667,0.1674,0.0543,0.04999
44.583333,0.1674,0.0543,0.04999
44.6,0.1673,0.0543,0.04999
44.616667,0.1673,0.0543,0.04999
44.633333,0.1673,0.0543,0.04999
44.65,0.1672,0.0543,0.04999
44.666667,0.1672,0.0543,0.04999
44.683333,0.1672,0.0543,0.04999
44.7,0.1672,0.0543,0.04999
44.716667,0.1671,0.0543,0.04999
44.733333,0.1671,0.0543,0.04999
44.75,0.1671,0.0543,0.04999
44.766667,0.167,0.0543,0.04999
44.783333,0.167,0.0543,0.04999
44.8,0.167,0.0543,0.04999
44.816667,0.167,0.0543,0.04999
44.833333,0.1669,0.0543,0.04999
44.85,0.1669,0.0542,0.04999
44.866667,0.1669,0.0542,0.04999
44.883333,0.1668,0.0542,0.04999
44.9,0.1668,0.0542,0.04999
44.916667,0.1668,0.0542,0.04999
44.933333,0.1668,0.0542,0.04999
44.95,0.1667,0.0542,0.04999
44.966667,0.1667,0.0542,0.04999
44.983333,0.1667,0.0542,0.04999
45.0,0.1666,0.0542,0.04999
45.016667,0.1666,0.0542,0.04999
45.033333,0.1666,0.0542,0.04999
45.05,0.1666,0.0542,0.04999
45.066667,0.1665,0.0542,0.04999
45.083333,0.1665,0.0542,0.04999
45.1,0.1665,0.0542,0.04999
45.116667,0.1664,0.0542,0.04999
45.133333,0.1664,0.0542,0.04999
45.15,0.1664,0.0542,0.04999
45.166667,0.1664,0.0542,0.04999
45.183333,0.1663,0.0542,0.04999
45.2,0.1663,0.0542,0.04999
45.216667,0.1663,0.0542,0.04999
45.233333,0.1663,0.0542,0.04999
45.25,0.1662,0.0542,0.04999
45.266667,0.1662,0.0542,0.04999
45.283333,0.1662,0.0542,0.04999
45.3,0.1661,0.0542,0.04999
45.316667,0.1661,0.0542,0.04999
45.333333,0.1661,0.0542,0.04999
45.35,0.1661,0.0542,0.04999
45.366667,0.166,0.0542,0.04999
45.383333,0.166,0.0542,0.04999
45.4,0.166,0.0541,0.04999
45.416667,0.1659,0.0541,0.04999
45.433333,0.1659,0.0541,0.04999
45.45,0.1659,0.0541,0.04999
45.466667,0.1659,0.0541,0.04999
45.483333,0.1658,0.0541,0.04999
45.5,0.1658,0.0541,0.04999
45.516667,0.1658,0.0541,0.04999
45.533333,0.1658,0.0541,0.04999
45.55,0.1657,0.0541,0.04999
45.566667,0.1657,0.0541,0.04999
45.583333,0.1657,0.0541,0.04999
45.6,0.1656,0.0541,0.04999
45.616667,0.1656,0.0541,0.04999
45.633333,0.1656,0.0541,0.04999
45.65,0.1656,0.0541,0.04999
45.666667,0.1655,0.0541,0.04999
45.683333,0.1655,0.0541,0.04999
45.7,0.1655,0.0541,0.04999
45.716667,0.1654,0.0541,0.04999
45.733333,0.1654,0.0541,0.04999
45.75,0.1654,0.0541,0.04999
45.766667,0.1654,0.0541,0.04999
45.783333,0.1653,0.0541,0.04999
45.8,0.1653,0.0541,0.04999
45.816667,0.1653,0.0541,0.04999
45.833333,0.1653,0.0541,0.04999
45.85,0.1652,0.0541,0.04999
45.866667,0.1652,0.0541,0.04999
45.883333,0.1652,0.0541,0.04999
45.9,0.1651,0.0541,0.04999
45.916667,0.1651,0.0541,0.04999
45.933333,0.1651,0.0541,0.04999
45.95,0.1651,0.0541,0.04999
45.966667,0.165,0.054,0.04999
45.983333,0.165,0.054,0.04999
46.0,0.165,0.054,0.04999
46.016667,0.165,0.054,0.04999
46.033333,0.1649,0.054,0.04999
46.05,0.1649,0.054,0.04999
46.066667,0.1649,0.054,0.04999
46.083333,0.1649,0.054,0.04999
46.1,0.1648,0.054,0.04999
46.116667,0.1648,0.054,0.04999
46.133333,0.1648,0.054,0.04999
46.15,0.1647,0.054,0.04999
46.166667,0.1647,0.054,0.04999
46.183333,0.1647,0.054,0.04999
46.2,0.1647,0.054,0.04999
46.216667,0.1646,0.054,0.04999
46.233333,0.1646,0.054,0.04999
46.25,0.1646,0.054,0.04999
46.266667,0.1646,0.054,0.04999
46.283333,0.1645,0.054,0.04999
46.3,0.1645,0.054,0.04999
46.316667,0.1645,0.054,0.04999
46.333333,0.1644,0.054,0.04999
46.35,0.1644,0.054,0.04999
46.366667,0.1644,0.054,0.04999
46.383333,0.1644,0.054,0.04999
46.4,0.1643,0.054,0.04999
46.416667,0.1643,0.054,0.04999
46.433333,0.1643,0.054,0.04999
46.45,0.1643,0.054,0.04999
46.466667,0.1642,0.054,0.04999
46.483333,0.1642,0.054,0.04999
46.5,0.1642,0.054,0.04999
46.516667,0.1642,0.054,0.04999
46.533333,0.1641,0.054,0.04999
46.55,0.1641,0.054,0.04999
46.566667,0.1641,0.0539,0.04999
46.583333,0.1641,0.0539,0.04999
46.6,0.164,0.0539,0.04999
46.616667,0.164,0.0539,0.04999
46.633333,0.164,0.0539,0.04999
46.65,0.1639,0.0539,0.04999
46.666667,0.1639,0.0539,0.04999
46.683333,0.1639,0.0539,0.04999
46.7,0.1639,0.0539,0.04999
46.716667,0.1638,0.0539,0.04999
46.733333,0.1638,0.0539,0.04999
46.75,0.1638,0.0539,0.04999
46.766667,0.1638,0.0539,0.04999
46.783333,0.1637,0.0539,0.04999
46.8,0.1637,0.0539,0.04999
46.816667,0.1637,0.0539,0.04999
46.833333,0.1637,0.0539,0.04999
46.85,0.1636,0.0539,0.04999
46.866667,0.1636,0.0539,0.04999
46.883333,0.1636,0.0539,0.04999
46.9,0.1636,0.0539,0.04999
46.916667,0.1635,0.0539,0.04999
46.933333,0.1635,0.0539,0.04999
46.95,0.1635,0.0539,0.04999
46.966667,0.1635,0.0539,0.04999
46.983333,0.1634,0.0539,0.04999
47.0,0.1634,0.0539,0.04999
47.016667,0.1634,0.0539,0.04999
47.033333,0.1633,0.0539,0.04999
47.05,0.1633,0.0539,0.04999
47.066667,0.1633,0.0539,0.04999
47.083333,0.1633,0.0539,0.04999
47.1,0.1632,0.0539,0.04999
47.116667,0.1632,0.0539,0.04999
47.133333,0.1632,0.0539,0.04999
47.15,0.1632,0.0539,0.04999
47.166667,0.1631,0.0539,0.04999
47.183333,0.1631,0.0538,0.04999
47.2,0.1631,0.0538,0.04999
47.216667,0.1631,0.0538,0.04999
47.233333,0.163,0.0538,0.04999
47.25,0.163,0.0538,0.04999
47.266667,0.163,0.0538,0.04999
47.283333,0.163,0.0538,0.04999
47.3,0.1629,0.0538,0.04999
47.316667,0.1629,0.0538,0.04999
47.333333,0.1629,0.0538,0.04999
47.35,0.1629,0.0538,0.04999
47.366667,0.1628,0.0538,0.04999
47.383333,0.1628,0.0538,0.04999
47.4,0.1628,0.0538,0.04999
47.416667,0.1628,0.0538,0.04999
47.433333,0.1627,0.0538,0.04999
47.45,0.1627,0.0538,0.04999
47.466667,0.1627,0.0538,0.04999
47.483333,0.1627,0.0538,0.04999
47.5,0.1626,0.0538,0.04999
47.516667,0.1626,0.0538,0.04999
47.533333,0.1626,0.0538,0.04999
47.55,0.1626,0.0538,0.04999
47.566667,0.1625,0.0538,0.04999
47.583333,0.1625,0.0538,0.04999
47.6,0.1625,0.0538,0.04999
47.616667,0.1625,0.0538,0.04999
47.633333,0.1624,0.0538,0.04999
47.65,0.1624,0.0538,0.04999
47.666667,0.1624,0.0538,0.04999
47.683333,0.1624,0.0538,0.04999
47.7,0.1623,0.0538,0.04999
47.716667,0.1623,0.0538,0.04999
47.733333,0.1623,0.0538,0.04999
47.75,0.1623,0.0538,0.04999
47.766667,0.1622,0.0538,0.04999
47.783333,0.1622,0.0538,0.04999
47.8,0.1622,0.0538,0.04999
47.816667,0.1622,0.0538,0.04999
47.833333,0.1621,0.0537,0.04999
47.85,0.1621,0.0537,0.04999
47.866667,0.1621,0.0537,0.04999
47.883333,0.1621,0.0537,0.04999
47.9,0.162,0.0537,0.04999
47.916667,0.162,0.0537,0.04999
47.933333,0.162,0.0537,0.04999
47.95,0.162,0.0537,0.04999
47.966667,0.1619,0.0537,0.04999
47.983333,0.1619,0.0537,0.04999
48.0,0.1619,0.0537,0.04999
48.016667,0.1619,0.0537,0.04999
48.033333,0.1618,0.0537,0.04999
48.05,0.1618,0.0537,0.04999
48.066667,0.1618,0.0537,0.04999
48.083333,0.1618,0.0537,0.04999
48.1,0.1617,0.0537,0.04999
48.116667,0.1617,0.0537,0.04999
48.133333,0.1617,0.0537,0.04999
48.15,0.1617,0.0537,0.04999
48.166667,0.1616,0.0537,0.04999
48.183333,0.1616,0.0537,0.04999
48.2,0.1616,0.0537,0.04999
48.216667,0.1616,0.0537,0.04999
48.233333,0.1615,0.0537,0.04999
48.25,0.1615,0.0537,0.04999
48.266667,0.1615,0.0537,0.04999
48.283333,0.1615,0.0537,0.04999
48.3,0.1614,0.0537,0.04999
48.316667,0.1614,0.0537,0.04999
48.333333,0.1614,0.0537,0.04999
48.35,0.1614,0.0537,0.04999
48.366667,0.1613,0.0537,0.04999
48.383333,0.1613,0.0537,0.04999
48.4,0.1613,0.0537,0.04999
48.416667,0.1613,0.0537,0.04999
48.433333,0.1612,0.0537,0.04999
48.45,0.1612,0.0537,0.04999
48.466667,0.1612,0.0537,0.04999
48.483333,0.1612,0.0537,0.04999
48.5,0.1611,0.0536,0.04999
48.516667,0.1611,0.0536,0.04999
48.533333,0.1611,0.0536,0.04999
48.55,0.1611,0.0536,0.04999
48.566667,0.161,0.0536,0.04999
48.583333,0.161,0.0536,0.04999
48.6,0.161,0.0536,0.04999
48.616667,0.161,0.0536,0.04999
48.633333,0.1609,0.0536,0.04999
48.65,0.1609,0.0536,0.04999
48.666667,0.1609,0.0536,0.04999
48.683333,0.1609,0.0536,0.04999
48.7,0.1609,0.0536,0.04999
48.716667,0.1608,0.0536,0.04999
48.733333,0.1608,0.0536,0.04999
48.75,0.1608,0.0536,0.04999
48.766667,0.1608,0.0536,0.04999
48.783333,0.1607,0.0536,0.04999
48.8,0.1607,0.0536,0.04999
48.816667,0.1607,0.0536,0.04999
48.833333,0.1607,0.0536,0.04999
48.85,0.1606,0.0536,0.04999
48.866667,0.1606,0.0536,0.04999
48.883333,0.1606,0.0536,0.04999
48.9,0.1606,0.0536,0.04999
48.916667,0.1605,0.0536,0.04999
48.933333,0.1605,0.0536,0.04999
48.95,0.1605,0.0536,0.04999
48.966667,0.1605,0.0536,0.04999
48.983333,0.1604,0.0536,0.04999
49.0,0.1604,0.0536,0.04999
49.016667,0.1604,0.0536,0.04999
49.033333,0.1604,0.0536,0.04999
49.05,0.1603,0.0536,0.04999
49.066667,0.1603,0.0536,0.04999
49.083333,0.1603,0.0536,0.04999
49.1,0.1603,0.0536,0.04999
49.116667,0.1603,0.0536,0.04999
49.133333,0.1602,0.0536,0.04999
49.15,0.1602,0.0536,0.04999
49.166667,0.1602,0.0536,0.04999
49.183333,0.1602,0.0536,0.04999
49.2,0.1601,0.0536,0.04999
49.216667,0.1601,0.0535,0.04999
49.233333,0.1601,0.0535,0.04999
49.25,0.1601,0.0535,0.04999
49.266667,0.16,0.0535,0.04999
49.283333,0.16,0.0535,0.04999
49.3,0.16,0.0535,0.04999
49.316667,0.16,0.0535,0.04999
49.333333,0.1599,0.0535,0.04999
49.35,0.1599,0.0535,0.04999
49.366667,0.1599,0.0535,0.04999
49.383333,0.1599,0.0535,0.04999
49.4,0.1599,0.0535,0.04999
49.416667,0.1598,0.0535,0.04999
49.433333,0.1598,0.0535,0.04999
49.45,0.1598,0.0535,0.04999
49.466667,0.1598,0.0535,0.04999
49.483333,0.1597,0.0535,0.04999
49.5,0.1597,0.0535,0.04999
49.516667,0.1597,0.0535,0.04999
49.533333,0.1597,0.0535,0.04999
49.55,0.1596,0.0535,0.04999
49.566667,0.1596,0.0535,0.04999
49.583333,0.1596,0.0535,0.04999
49.6,0.1596,0.0535,0.04999
49.616667,0.1595,0.0535,0.04999
49.633333,0.1595,0.0535,0.04999
49.65,0.1595,0.0535,0.04999
49.666667,0.1595,0.0535,0.04999
49.683333,0.1595,0.0535,0.04999
49.7,0.1594,0.0535,0.04999
49.716667,0.1594,0.0535,0.04999
49.733333,0.1594,0.0535,0.04999
49.75,0.1594,0.0535,0.04999
49.766667,0.1593,0.0535,0.04999
49.783333,0.1593,0.0535,0.04999
49.8,0.1593,0.0535,0.04999
49.816667,0.1593,0.0535,0.04999
49.833333,0.1592,0.0535,0.04999
49.85,0.1592,0.0535,0.04999
49.866667,0.1592,0.0535,0.04999
49.883333,0.1592,0.0535,0.04999
49.9,0.1592,0.0535,0.04999
49.916667,0.1591,0.0535,0.04999
49.933333,0.1591,0.0535,0.04999
49.95,0.1591,0.0534,0.04999
49.966667,0.1591,0.0534,0.04999
49.983333,0.159,0.0534,0.04999
50.0,0.159,0.0534,0.04999
50.016667,0.159,0.0534,0.04999
50.033333,0.159,0.0534,0.04999
50.05,0.1589,0.0534,0.04999
50.066667,0.1589,0.0534,0.04999
50.083333,0.1589,0.0534,0.04999
50.1,0.1589,0.0534,0.04999
50.116667,0.1589,0.0534,0.04999
50.133333,0.1588,0.0534,0.04999
50.15,0.1588,0.0534,0.04999
50.166667,0.1588,0.0534,0.04999
50.183333,0.1588,0.0534,0.04999
50.2,0.1587,0.0534,0.04999
50.216667,0.1587,0.0534,0.04999
50.233333,0.1587,0.0534,0.04999
50.25,0.1587,0.0534,0.04999
50.266667,0.1587,0.0534,0.04999
50.283333,0.1586,0.0534,0.04999
50.3,0.1586,0.0534,0.04999
50.316667,0.1586,0.0534,0.04999
50.333333,0.1586,0.0534,0.04999
50.35,0.1585,0.0534,0.04999
50.366667,0.1585,0.0534,0.04999
50.383333,0.1585,0.0534,0.04999
50.4,0.1585,0.0534,0.04999
50.416667,0.1585,0.0534,0.04999
50.433333,0.1584,0.0534,0.04999
50.45,0.1584,0.0534,0.04999
50.466667,0.1584,0.0534,0.04999
50.483333,0.1584,0.0534,0.04999
50.5,0.1583,0.0534,0.04999
50.516667,0.1583,0.0534,0.04999
50.533333,0.1583,0.0534,0.04999
50.55,0.1583,0.0534,0.04999
50.566667,0.1582,0.0534,0.04999
50.583333,0.1582,0.0534,0.04999
50.6,0.1582,0.0534,0.04999
50.616667,0.1582,0.0534,0.04999
50.633333,0.1582,0.0534,0.04999
50.65,0.1581,0.0534,0.04999
50.666667,0.1581,0.0534,0.04999
50.683333,0.1581,0.0534,0.04999
50.7,0.1581,0.0534,0.04999
50.716667,0.158,0.0533,0.04999
50.733333,0.158,0.0533,0.04999
50.75,0.158,0.0533,0.04999
50.766667,0.158,0.0533,0.04999
50.783333,0.158,0.0533,0.04999
50.8,0.1579,0.0533,0.04999
50.816667,0.1579,0.0533,0.04999
50.833333,0.1579,0.0533,0.04999
50.85,0.1579,0.0533,0.04999
50.866667,0.1578,0.0533,0.04999
50.883333,0.1578,0.0533,0.04999
50.9,0.1578,0.0533,0.04999
50.916667,0.1578,0.0533,0.04999
50.933333,0.1578,0.0533,0.04999
50.95,0.1577,0.0533,0.04999
50.966667,0.1577,0.0533,0.04999
50.983333,0.1577,0.0533,0.04999
51.0,0.1577,0.0533,0.04999
51.016667,0.1576,0.0533,0.04999
51.033333,0.1576,0.0533,0.04999
51.05,0.1576,0.0533,0.04999
51.066667,0.1576,0.0533,0.04999
51.083333,0.1576,0.0533,0.04999
51.1,0.1575,0.0533,0.04999
51.116667,0.1575,0.0533,0.04999
51.133333,0.1575,0.0533,0.04999
51.15,0.1575,0.0533,0.04999
51.166667,0.1575,0.0533,0.04999
51.183333,0.1574,0.0533,0.04999
51.2,0.1574,0.0533,0.04999
51.216667,0.1574,0.0533,0.04999
51.233333,0.1574,0.0533,0.04999
51.25,0.1573,0.0533,0.04999
51.266667,0.1573,0.0533,0.04999
51.283333,0.1573,0.0533,0.04999
51.3,0.1573,0.0533,0.04999
51.316667,0.1573,0.0533,0.04999
51.333333,0.1572,0.0533,0.04999
51.35,0.1572,0.0533,0.04999
51.366667,0.1572,0.0533,0.04999
51.383333,0.1572,0.0533,0.04999
51.4,0.1571,0.0533,0.04999
51.416667,0.1571,0.0533,0.04999
51.433333,0.1571,0.0533,0.04999
51.45,0.1571,0.0533,0.04999
51.466667,0.1571,0.0533,0.04999
51.483333,0.157,0.0533,0.04999
51.5,0.157,0.0533,0.04999
51.516667,0.157,0.0533,0.04999
51.533333,0.157,0.0532,0.04999
51.55,0.157,0.0532,0.04999
51.566667,0.1569,0.0532,0.04999
51.583333,0.1569,0.0532,0.04999
51.6,0.1569,0.0532,0.04999
51.616667,0.1569,0.0532,0.04999
51.633333,0.1568,0.0532,0.04999
51.65,0.1568,0.0532,0.04999
51.666667,0.1568,0.0532,0.04999
51.683333,0.1568,0.0532,0.04999
51.7,0.1568,0.0532,0.04999
51.716667,0.1567,0.0532,0.04999
51.733333,0.1567,0.0532,0.04999
51.75,0.1567,0.0532,0.04999
51.766667,0.1567,0.0532,0.04999
51.783333,0.1567,0.0532,0.04999
51.8,0.1566,0.0532,0.04999
51.816667,0.1566,0.0532,0.04999
51.833333,0.1566,0.0532,0.04999
51.85,0.1566,0.0532,0.04999
51.866667,0.1565,0.0532,0.04999
51.883333,0.1565,0.0532,0.04999
51.9,0.1565,0.0532,0.04999
51.916667,0.1565,0.0532,0.04999
51.933333,0.1565,0.0532,0.04999
51.95,0.1564,0.0532,0.04999
51.966667,0.1564,0.0532,0.04999
51.983333,0.1564,0.0532,0.04999
52.0,0.1564,0.0532,0.04999
52.016667,0.1564,0.0532,0.04999
52.033333,0.1563,0.0532,0.04999
52.05,0.1563,0.0532,0.04999
52.066667,0.1563,0.0532,0.04999
52.083333,0.1563,0.0532,0.04999
52.1,0.1562,0.0532,0.04999
52.116667,0.1562,0.0532,0.04999
52.133333,0.1562,0.0532,0.04999
52.15,0.1562,0.0532,0.04999
52.166667,0.1562,0.0532,0.04999
52.183333,0.1561,0.0532,0.04999
52.2,0.1561,0.0532,0.04999
52.216667,0.1561,0.0532,0.04999
52.233333,0.1561,0.0532,0.04999
52.25,0.1561,0.0532,0.04999
52.266667,0.156,0.0532,0.04999
52.283333,0.156,0.0532,0.04999
52.3,0.156,0.0532,0.04999
52.316667,0.156,0.0532,0.04999
52.333333,0.156,0.0532,0.04999
52.35,0.1559,0.0532,0.04999
52.366667,0.1559,0.0532,0.04999
52.383333,0.1559,0.0532,0.04999
52.4,0.1559,0.0531,0.04999
52.416667,0.1558,0.0531,0.04999
52.433333,0.1558,0.0531,0.04999
52.45,0.1558,0.0531,0.04999
52.466667,0.1558,0.0531,0.04999
52.483333,0.1558,0.0531,0.04999
52.5,0.1557,0.0531,0.04999
52.516667,0.1557,0.0531,0.04999
52.533333,0.1557,0.0531,0.04999
52.55,0.1557,0.0531,0.04999
52.566667,0.1557,0.0531,0.04999
52.583333,0.1556,0.0531,0.04999
52.6,0.1556,0.0531,0.04999
52.616667,0.1556,0.0531,0.04999
52.633333,0.1556,0.0531,0.04999
52.65,0.1556,0.0531,0.04999
52.666667,0.1555,0.0531,0.04999
52.683333,0.1555,0.0531,0.04999
52.7,0.1555,0.0531,0.04999
52.716667,0.1555,0.0531,0.04999
52.733333,0.1555,0.0531,0.04999
52.75,0.1554,0.0531,0.04999
52.766667,0.1554,0.0531,0.04999
52.783333,0.1554,0.0531,0.04999
52.8,0.1554,0.0531,0.04999
52.816667,0.1554,0.0531,0.04999
52.833333,0.1553,0.0531,0.04999
52.85,0.1553,0.0531,0.04999
52.866667,0.1553,0.0531,0.04999
52.883333,0.1553,0.0531,0.04999
52.9,0.1553,0.0531,0.04999
52.916667,0.1552,0.0531,0.04999
52.933333,0.1552,0.0531,0.04999
52.95,0.1552,0.0531,0.04999
52.966667,0.1552,0.0531,0.04999
52.983333,0.1551,0.0531,0.04999
53.0,0.1551,0.0531,0.04999
53.016667,0.1551,0.0531,0.04999
53.033333,0.1551,0.0531,0.04999
53.05,0.1551,0.0531,0.04999
53.066667,0.155,0.0531,0.04999
53.083333,0.155,0.0531,0.04999
53.1,0.155,0.0531,0.04999
53.116667,0.155,0.0531,0.04999
53.133333,0.155,0.0531,0.04999
53.15,0.1549,0.0531,0.04999
53.166667,0.1549,0.0531,0.04999
53.183333,0.1549,0.0531,0.04999
53.2,0.1549,0.0531,0.04999
53.216667,0.1549,0.0531,0.04999
53.233333,0.1548,0.0531,0.04999
53.25,0.1548,0.0531,0.04999
53.266667,0.1548,0.0531,0.04999
53.283333,0.1548,0.0531,0.04999
53.3,0.1548,0.053,0.04999
53.316667,0.1547,0.053,0.04999
53.333333,0.1547,0.053,0.04999
53.35,0.1547,0.053,0.04999
53.366667,0.1547,0.053,0.04999
53.383333,0.1547,0.053,0.04999
53.4,0.1546,0.053,0.04999
53.416667,0.1546,0.053,0.04999
53.433333,0.1546,0.053,0.04999
53.45,0.1546,0.053,0.04999
53.466667,0.1546,0.053,0.04999
53.483333,0.1545,0.053,0.04999
53.5,0.1545,0.053,0.04999
53.516667,0.1545,0.053,0.04999
53.533333,0.1545,0.053,0.04999
53.55,0.1545,0.053,0.04999
53.566667,0.1544,0.053,0.04999
53.583333,0.1544,0.053,0.04999
53.6,0.1544,0.053,0.04999
53.616667,0.1544,0.053,0.04999
53.633333,0.1544,0.053,0.04999
53.65,0.1543,0.053,0.04999
53.666667,0.1543,0.053,0.04999
53.683333,0.1543,0.053,0.04999
53.7,0.1543,0.053,0.04999
53.716667,0.1543,0.053,0.04999
53.733333,0.1542,0.053,0.04999
53.75,0.1542,0.053,0.04999
53.766667,0.1542,0.053,0.04999
53.783333,0.1542,0.053,0.04999
53.8,0.1542,0.053,0.04999
53.816667,0.1541,0.053,0.04999
53.833333,0.1541,0.053,0.04999
53.85,0.1541,0.053,0.04999
53.866667,0.1541,0.053,0.04999
53.883333,0.1541,0.053,0.04999
53.9,0.154,0.053,0.04999
53.916667,0.154,0.053,0.04999
53.933333,0.154,0.053,0.04999
53.95,0.154,0.053,0.04999
53.966667,0.154,0.053,0.04999
53.983333,0.1539,0.053,0.04999
54.0,0.1539,0.053,0.04999
54.016667,0.1539,0.053,0.04999
54.033333,0.1539,0.053,0.04999
54.05,0.1539,0.053,0.04999
54.066667,0.1538,0.053,0.04999
54.083333,0.1538,0.053,0.04999
54.1,0.1538,0.053,0.04999
54.116667,0.1538,0.053,0.04999
54.133333,0.1538,0.053,0.04999
54.15,0.1537,0.053,0.04999
54.166667,0.1537,0.053,0.04999
54.183333,0.1537,0.053,0.04999
54.2,0.1537,0.053,0.04999
54.216667,0.1537,0.053,0.04999
54.233333,0.1537,0.053,0.04999
54.25,0.1536,0.0529,0.04999
54.266667,0.1536,0.0529,0.04999
54.283333,0.1536,0.0529,0.04999
54.3,0.1536,0.0529,0.04999
54.316667,0.1536,0.0529,0.04999
54.333333,0.1535,0.0529,0.04999
54.35,0.1535,0.0529,0.04999
54.366667,0.1535,0.0529,0.04999
54.383333,0.1535,0.0529,0.04999
54.4,0.1535,0.0529,0.04999
54.416667,0.1534,0.0529,0.04999
54.433333,0.1534,0.0529,0.04999
54.45,0.1534,0.0529,0.04999
54.466667,0.1534,0.0529,0.04999
54.483333,0.1534,0.0529,0.04999
54.5,0.1533,0.0529,0.04999
54.516667,0.1533,0.0529,0.04999
54.533333,0.1533,0.0529,0.04999
54.55,0.1533,0.0529,0.04999
54.566667,0.1533,0.0529,0.04999
54.583333,0.1532,0.0529,0.04999
54.6,0.1532,0.0529,0.04999
54.616667,0.1532,0.0529,0.04999
54.633333,0.1532,0.0529,0.04999
54.65,0.1532,0.0529,0.04999
54.666667,0.1531,0.0529,0.04999
54.683333,0.1531,0.0529,0.04999
54.7,0.1531,0.0529,0.04999
54.716667,0.1531,0.0529,0.04999
54.733333,0.1531,0.0529,0.04999
54.75,0.1531,0.0529,0.04999
54.766667,0.153,0.0529,0.04999
54.783333,0.153,0.0529,0.04999
54.8,0.153,0.0529,0.04999
54.816667,0.153,0.0529,0.04999
54.833333,0.153,0.0529,0.04999
54.85,0.1529,0.0529,0.04999
54.866667,0.1529,0.0529,0.04999
54.883333,0.1529,0.0529,0.04999
54.9,0.1529,0.0529,0.04999
54.916667,0.1529,0.0529,0.04999
54.933333,0.1528,0.0529,0.04999
54.95,0.1528,0.0529,0.04999
54.966667,0.1528,0.0529,0.04999
54.983333,0.1528,0.0529,0.04999
55.0,0.1528,0.0529,0.04999
55.016667,0.1527,0.0529,0.04999
55.033333,0.1527,0.0529,0.04999
55.05,0.1527,0.0529,0.04999
55.066667,0.1527,0.0529,0.04999
55.083333,0.1527,0.0529,0.04999
55.1,0.1527,0.0529,0.04999
55.116667,0.1526,0.0529,0.04999
55.133333,0.1526,0.0529,0.04999
55.15,0.1526,0.0529,0.04999
55.166667,0.1526,0.0529,0.04999
55.183333,0.1526,0.0529,0.04999
55.2,0.1525,0.0529,0.04999
55.216667,0.1525,0.0529,0.04999
55.233333,0.1525,0.0529,0.04999
55.25,0.1525,0.0529,0.04999
55.266667,0.1525,0.0528,0.04999
55.283333,0.1524,0.0528,0.04999
55.3,0.1524,0.0528,0.04999
55.316667,0.1524,0.0528,0.04999
55.333333,0.1524,0.0528,0.04999
55.35,0.1524,0.0528,0.04999
55.366667,0.1523,0.0528,0.04999
55.383333,0.1523,0.0528,0.04999
55.4,0.1523,0.0528,0.04999
55.416667,0.1523,0.0528,0.04999
55.433333,0.1523,0.0528,0.04999
55.45,0.1523,0.0528,0.04999
55.466667,0.1522,0.0528,0.04999
55.483333,0.1522,0.0528,0.04999
55.5,0.1522,0.0528,0.04999
55.516667,0.1522,0.0528,0.04999
55.533333,0.1522,0.0528,0.04999
55.55,0.1521,0.0528,0.04999
55.566667,0.1521,0.0528,0.04999
55.583333,0.1521,0.0528,0.04999
55.6,0.1521,0.0528,0.04999
55.616667,0.1521,0.0528,0.04999
55.633333,0.152,0.0528,0.04999
55.65,0.152,0.0528,0.04999
55.666667,0.152,0.0528,0.04999
55.683333,0.152,0.0528,0.04999
55.7,0.152,0.0528,0.04999
55.716667,0.152,0.0528,0.04999
55.733333,0.1519,0.0528,0.04999
55.75,0.1519,0.0528,0.04999
55.766667,0.1519,0.0528,0.04999
55.783333,0.1519,0.0528,0.04999
55.8,0.1519,0.0528,0.04999
55.816667,0.1518,0.0528,0.04999
55.833333,0.1518,0.0528,0.04999
55.85,0.1518,0.0528,0.04999
55.866667,0.1518,0.0528,0.04999
55.883333,0.1518,0.0528,0.04999
55.9,0.1518,0.0528,0.04999
55.916667,0.1517,0.0528,0.04999
55.933333,0.1517,0.0528,0.04999
55.95,0.1517,0.0528,0.04999
55.966667,0.1517,0.0528,0.04999
55.983333,0.1517,0.0528,0.04999
56.0,0.1516,0.0528,0.04999
56.016667,0.1516,0.0528,0.04999
56.033333,0.1516,0.0528,0.04999
56.05,0.1516,0.0528,0.04999
56.066667,0.1516,0.0528,0.04999
56.083333,0.1516,0.0528,0.04999
56.1,0.1515,0.0528,0.04999
56.116667,0.1515,0.0528,0.04999
56.133333,0.1515,0.0528,0.04999
56.15,0.1515,0.0528,0.04999
56.166667,0.1515,0.0528,0.04999
56.183333,0.1514,0.0528,0.04999
56.2,0.1514,0.0528,0.04999
56.216667,0.1514,0.0528,0.04999
56.233333,0.1514,0.0528,0.04999
56.25,0.1514,0.0528,0.04999
56.266667,0.1514,0.0528,0.04999
56.283333,0.1513,0.0528,0.04999
56.3,0.1513,0.0528,0.04999
56.316667,0.1513,0.0528,0.04999
56.333333,0.1513,0.0527,0.04999
56.35,0.1513,0.0527,0.04999
56.366667,0.1512,0.0527,0.04999
56.383333,0.1512,0.0527,0.04999
56.4,0.1512,0.0527,0.04999
56.416667,0.1512,0.0527,0.04999
56.433333,0.1512,0.0527,0.04999
56.45,0.1512,0.0527,0.04999
56.466667,0.1511,0.0527,0.04999
56.483333,0.1511,0.0527,0.04999
56.5,0.1511,0.0527,0.04999
56.516667,0.1511,0.0527,0.04999
56.533333,0.1511,0.0527,0.04999
56.55,0.151,0.0527,0.04999
56.566667,0.151,0.0527,0.04999
56.583333,0.151,0.0527,0.04999
56.6,0.151,0.0527,0.04999
56.616667,0.151,0.0527,0.04999
56.633333,0.151,0.0527,0.04999
56.65,0.1509,0.0527,0.04999
56.666667,0.1509,0.0527,0.04999
56.683333,0.1509,0.0527,0.04999
56.7,0.1509,0.0527,0.04999
56.716667,0.1509,0.0527,0.04999
56.733333,0.1508,0.0527,0.04999
56.75,0.1508,0.0527,0.04999
56.766667,0.1508,0.0527,0.04999
56.783333,0.1508,0.0527,0.04999
56.8,0.1508,0.0527,0.04999
56.816667,0.1508,0.0527,0.04999
56.833333,0.1507,0.0527,0.04999
56.85,0.1507,0.0527,0.04999
56.866667,0.1507,0.0527,0.04999
56.883333,0.1507,0.0527,0.04999
56.9,0.1507,0.0527,0.04999
56.916667,0.1506,0.0527,0.04999
56.933333,0.1506,0.0527,0.04999
56.95,0.1506,0.0527,0.04999
56.966667,0.1506,0.0527,0.04999
56.983333,0.1506,0.0527,0.04999
57.0,0.1506,0.0527,0.04999
57.016667,0.1505,0.0527,0.04999
57.033333,0.1505,0.0527,0.04999
57.05,0.1505,0.0527,0.04999
57.066667,0.1505,0.0527,0.04999
57.083333,0.1505,0.0527,0.04999
57.1,0.1505,0.0527,0.04999
57.116667,0.1504,0.0527,0.04999
57.133333,0.1504,0.0527,0.04999
57.15,0.1504,0.0527,0.04999
57.166667,0.1504,0.0527,0.04999
57.183333,0.1504,0.0527,0.04999
57.2,0.1503,0.0527,0.04999
57.216667,0.1503,0.0527,0.04999
57.233333,0.1503,0.0527,0.04999
57.25,0.1503,0.0527,0.04999
57.266667,0.1503,0.0527,0.04999
57.283333,0.1503,0.0527,0.04999
57.3,0.1502,0.0527,0.04999
57.316667,0.1502,0.0527,0.04999
57.333333,0.1502,0.0527,0.04999
57.35,0.1502,0.0527,0.04999
57.366667,0.1502,0.0527,0.04999
57.383333,0.1502,0.0527,0.04999
57.4,0.1501,0.0527,0.04999
57.416667,0.1501,0.0527,0.04999
57.433333,0.1501,0.0527,0.04999
57.45,0.1501,0.0527,0.04999
57.466667,0.1501,0.0526,0.04999
57.483333,0.1501,0.0526,0.04999
57.5,0.15,0.0526,0.04999
57.516667,0.15,0.0526,0.04999
57.531415,0.15,0.0526,0.04999
