time_s,0.0,0.1,0.2,0.3,0.4,0.5,0.6,0.7,0.8,0.9,1.0,1.1,1.2,1.3,1.4,1.5,1.6,1.7,1.8,1.9,2.0
1,2.5500,2.5500,2.5500,2.5500,2.5500,2.5500,2.5500,2.5500,2.5500,2.5500,2.5500,2.5500,2.5500,2.5500,2.5500,2.5500,2.5500,2.5500,2.5500,2.5500,2.5351
2,2.5500,2.5500,2.5500,2.5500,2.5500,2.5500,2.5500,2.5500,2.5500,2.5500,2.5500,2.5500,2.5500,2.5500,2.5500,2.5500,2.5500,2.5500,2.5500,2.5500,2.5222
3,2.5500,2.5500,2.5500,2.5500,2.5500,2.5500,2.5500,2.5500,2.5500,2.5500,2.5500,2.5500,2.5500,2.5500,2.5500,2.5500,2.5500,2.5500,2.5500,2.5500,2.5110
4,2.5500,2.5500,2.5500,2.5500,2.5500,2.5500,2.5500,2.5500,2.5500,2.5500,2.5500,2.5500,2.5500,2.5500,2.5500,2.5500,2.5500,2.5500,2.5500,2.5500,2.5012
5,2.5500,2.5500,2.5500,2.5500,2.5500,2.5500,2.5500,2.5500,2.5500,2.5500,2.5500,2.5500,2.5500,2.5500,2.5500,2.5500,2.5500,2.5500,2.5500,2.5500,2.4923
6,2.5500,2.5500,2.5500,2.5500,2.5500,2.5500,2.5500,2.5500,2.5500,2.5500,2.5500,2.5500,2.5500,2.5500,2.5500,2.5500,2.5500,2.5500,2.5500,2.5500,2.4844
7,2.5500,2.5500,2.5500,2.5500,2.5500,2.5500,2.5500,2.5500,2.5500,2.5500,2.5500,2.5500,2.5500,2.5500,2.5500,2.5500,2.5500,2.5500,2.5500,2.5500,2.4771
8,2.5500,2.5500,2.5500,2.5500,2.5500,2.5500,2.5500,2.5500,2.5500,2.5500,2.5500,2.5500,2.5500,2.5500,2.5500,2.5500,2.5500,2.5500,2.5500,2.5499,2.4705
9,2.5500,2.5500,2.5500,2.5500,2.5500,2.5500,2.5500,2.5500,2.5500,2.5500,2.5500,2.5500,2.5500,2.5500,2.5500,2.5500,2.5500,2.5500,2.5500,2.5499,2.4643
10,2.5500,2.5500,2.5500,2.5500,2.5500,2.5500,2.5500,2.5500,2.5500,2.5500,2.5500,2.5500,2.5500,2.5500,2.5500,2.5500,2.5500,2.5500,2.5500,2.5498,2.4586
11,2.5500,2.5500,2.5500,2.5500,2.5500,2.5500,2.5500,2.5500,2.5500,2.5500,2.5500,2.5500,2.5500,2.5500,2.5500,2.5500,2.5500,2.5500,2.5500,2.5498,2.4532
12,2.5500,2.5500,2.5500,2.5500,2.5500,2.5500,2.5500,2.5500,2.5500,2.5500,2.5500,2.5500,2.5500,2.5500,2.5500,2.5500,2.5500,2.5500,2.5500,2.5497,2.4481
13,2.5500,2.5500,2.5500,2.5500,2.5500,2.5500,2.5500,2.5500,2.5500,2.5500,2.5500,2.5500,2.5500,2.5500,2.5500,2.5500,2.5500,2.5500,2.5500,2.5496,2.4433
14,2.5500,2.5500,2.5500,2.5500,2.5500,2.5500,2.5500,2.5500,2.5500,2.5500,2.5500,2.5500,2.5500,2.5500,2.5500,2.5500,2.5500,2.5500,2.5500,2.5494,2.4387
15,2.5500,2.5500,2.5500,2.5500,2.5500,2.5500,2.5500,2.5500,2.5500,2.5500,2.5500,2.5500,2.5500,2.5500,2.5500,2.5500,2.5500,2.5500,2.5500,2.5493,2.4343
16,2.5500,2.5500,2.5500,2.5500,2.5500,2.5500,2.5500,2.5500,2.5500,2.5500,2.5500,2.5500,2.5500,2.5500,2.5500,2.5500,2.5500,2.5500,2.5500,2.5491,2.4301
17,2.5500,2.5500,2.5500,2.5500,2.5500,2.5500,2.5500,2.5500,2.5500,2.5500,2.5500,2.5500,2.5500,2.5500,2.5500,2.5500,2.5500,2.5500,2.5500,2.5489,2.4261
18,2.5500,2.5500,2.5500,2.5500,2.5500,2.5500,2.5500,2.5500,2.5500,2.5500,2.5500,2.5500,2.5500,2.5500,2.5500,2.5500,2.5500,2.5500,2.5500,2.5487,2.4222
19,2.5500,2.5500,2.5500,2.5500,2.5500,2.5500,2.5500,2.5500,2.5500,2.5500,2.5500,2.5500,2.5500,2.5500,2.5500,2.5500,2.5500,2.5500,2.5500,2.5484,2.4184
20,2.5500,2.5500,2.5500,2.5500,2.5500,2.5500,2.5500,2.5500,2.5500,2.5500,2.5500,2.5500,2.5500,2.5500,2.5500,2.5500,2.5500,2.5500,2.5500,2.5481,2.4147
21,2.5500,2.5500,2.5500,2.5500,2.5500,2.5500,2.5500,2.5500,2.5500,2.5500,2.5500,2.5500,2.5500,2.5500,2.5500,2.5500,2.5500,2.5500,2.5500,2.5478,2.4112
22,2.5500,2.5500,2.5500,2.5500,2.5500,2.5500,2.5500,2.5500,2.5500,2.5500,2.5500,2.5500,2.5500,2.5500,2.5500,2.5500,2.5500,2.5500,2.5500,2.5475,2.4077
23,2.5500,2.5500,2.5500,2.5500,2.5500,2.5500,2.5500,2.5500,2.5500,2.5500,2.5500,2.5500,2.5500,2.5500,2.5500,2.5500,2.5500,2.5500,2.5500,2.5472,2.4044
24,2.5500,2.5500,2.5500,2.5500,2.5500,2.5500,2.5500,2.5500,2.5500,2.5500,2.5500,2.5500,2.5500,2.5500,2.5500,2.5500,2.5500,2.5500,2.5500,2.5468,2.4011
25,2.5500,2.5500,2.5500,2.5500,2.5500,2.5500,2.5500,2.5500,2.5500,2.5500,2.5500,2.5500,2.5500,2.5500,2.5500,2.5500,2.5500,2.5500,2.5500,2.5464,2.3979
26,2.5500,2.5500,2.5500,2.5500,2.5500,2.5500,2.5500,2.5500,2.5500,2.5500,2.5500,2.5500,2.5500,2.5500,2.5500,2.5500,2.5500,2.5500,2.5500,2.5460,2.3948
27,2.5500,2.5500,2.5500,2.5500,2.5500,2.5500,2.5500,2.5500,2.5500,2.5500,2.5500,2.5500,2.5500,2.5500,2.5500,2.5500,2.5500,2.5500,2.5500,2.5455,2.3918
28,2.5500,2.5500,2.5500,2.5500,2.5500,2.5500,2.5500,2.5500,2.5500,2.5500,2.5500,2.5500,2.5500,2.5500,2.5500,2.5500,2.5500,2.5500,2.5500,2.5450,2.3888
29,2.5500,2.5500,2.5500,2.5500,2.5500,2.5500,2.5500,2.5500,2.5500,2.5500,2.5500,2.5500,2.5500,2.5500,2.5500,2.5500,2.5500,2.5500,2.5500,2.5446,2.3859
30,2.5500,2.5500,2.5500,2.5500,2.5500,2.5500,2.5500,2.5500,2.5500,2.5500,2.5500,2.5500,2.5500,2.5500,2.5500,2.5500,2.5500,2.5500,2.5500,2.5441,2.3830
31,2.5500,2.5500,2.5500,2.5500,2.5500,2.5500,2.5500,2.5500,2.5500,2.5500,2.5500,2.5500,2.5500,2.5500,2.5500,2.5500,2.5500,2.5500,2.5500,2.5435,2.3802
32,2.5500,2.5500,2.5500,2.5500,2.5500,2.5500,2.5500,2.5500,2.5500,2.5500,2.5500,2.5500,2.5500,2.5500,2.5500,2.5500,2.5500,2.5500,2.5499,2.5430,2.3774
33,2.5500,2.5500,2.5500,2.5500,2.5500,2.5500,2.5500,2.5500,2.5500,2.5500,2.5500,2.5500,2.5500,2.5500,2.5500,2.5500,2.5500,2.5500,2.5499,2.5424,2.3747
34,2.5500,2.5500,2.5500,2.5500,2.5500,2.5500,2.5500,2.5500,2.5500,2.5500,2.5500,2.5500,2.5500,2.5500,2.5500,2.5500,2.5500,2.5500,2.5499,2.5418,2.3721
35,2.5500,2.5500,2.5500,2.5500,2.5500,2.5500,2.5500,2.5500,2.5500,2.5500,2.5500,2.5500,2.5500,2.5500,2.5500,2.5500,2.5500,2.5500,2.5499,2.5412,2.3694
36,2.5500,2.5500,2.5500,2.5500,2.5500,2.5500,2.5500,2.5500,2.5500,2.5500,2.5500,2.5500,2.5500,2.5500,2.5500,2.5500,2.5500,2.5500,2.5499,2.5406,2.3669
37,2.5500,2.5500,2.5500,2.5500,2.5500,2.5500,2.5500,2.5500,2.5500,2.5500,2.5500,2.5500,2.5500,2.5500,2.5500,2.5500,2.5500,2.5500,2.5499,2.5400,2.3643
38,2.5500,2.5500,2.5500,2.5500,2.5500,2.5500,2.5500,2.5500,2.5500,2.5500,2.5500,2.5500,2.5500,2.5500,2.5500,2.5500,2.5500,2.5500,2.5499,2.5393,2.3618
39,2.5500,2.5500,2.5500,2.5500,2.5500,2.5500,2.5500,2.5500,2.5500,2.5500,2.5500,2.5500,2.5500,2.5500,2.5500,2.5500,2.5500,2.5500,2.5499,2.5387,2.3594
40,2.5500,2.5500,2.5500,2.5500,2.5500,2.5500,2.5500,2.5500,2.5500,2.5500,2.5500,2.5500,2.5500,2.5500,2.5500,2.5500,2.5500,2.5500,2.5498,2.5380,2.3570
41,2.5500,2.5500,2.5500,2.5500,2.5500,2.5500,2.5500,2.5500,2.5500,2.5500,2.5500,2.5500,2.5500,2.5500,2.5500,2.5500,2.5500,2.5500,2.5498,2.5373,2.3546
42,2.5500,2.5500,2.5500,2.5500,2.5500,2.5500,2.5500,2.5500,2.5500,2.5500,2.5500,2.5500,2.5500,2.5500,2.5500,2.5500,2.5500,2.5500,2.5498,2.5366,2.3522
43,2.5500,2.5500,2.5500,2.5500,2.5500,2.5500,2.5500,2.5500,2.5500,2.5500,2.5500,2.5500,2.5500,2.5500,2.5500,2.5500,2.5500,2.5500,2.5498,2.5359,2.3499
44,2.5500,2.5500,2.5500,2.5500,2.5500,2.5500,2.5500,2.5500,2.5500,2.5500,2.5500,2.5500,2.5500,2.5500,2.5500,2.5500,2.5500,2.5500,2.5497,2.5352,2.3476
45,2.5500,2.5500,2.5500,2.5500,2.5500,2.5500,2.5500,2.5500,2.5500,2.5500,2.5500,2.5500,2.5500,2.5500,2.5500,2.5500,2.5500,2.5500,2.5497,2.5345,2.3453
46,2.5500,2.5500,2.5500,2.5500,2.5500,2.5500,2.5500,2.5500,2.5500,2.5500,2.5500,2.5500,2.5500,2.5500,2.5500,2.5500,2.5500,2.5500,2.5497,2.5337,2.3431
47,2.5500,2.5500,2.5500,2.5500,2.5500,2.5500,2.5500,2.5500,2.5500,2.5500,2.5500,2.5500,2.5500,2.5500,2.5500,2.5500,2.5500,2.5500,2.5496,2.5330,2.3409
48,2.5500,2.5500,2.5500,2.5500,2.5500,2.5500,2.5500,2.5500,2.5500,2.5500,2.5500,2.5500,2.5500,2.5500,2.5500,2.5500,2.5500,2.5500,2.5496,2.5322,2.3387
49,2.5500,2.5500,2.5500,2.5500,2.5500,2.5500,2.5500,2.5500,2.5500,2.5500,2.5500,2.5500,2.5500,2.5500,2.5500,2.5500,2.5500,2.5500,2.5495,2.5314,2.3366
50,2.5500,2.5500,2.5500,2.5500,2.5500,2.5500,2.5500,2.5500,2.5500,2.5500,2.5500,2.5500,2.5500,2.5500,2.5500,2.5500,2.5500,2.5500,2.5495,2.5306,2.3344
51,2.5500,2.5500,2.5500,2.5500,2.5500,2.5500,2.5500,2.5500,2.5500,2.5500,2.5500,2.5500,2.5500,2.5500,2.5500,2.5500,2.5500,2.5500,2.5495,2.5298,2.3323
52,2.5500,2.5500,2.5500,2.5500,2.5500,2.5500,2.5500,2.5500,2.5500,2.5500,2.5500,2.5500,2.5500,2.5500,2.5500,2.5500,2.5500,2.5500,2.5494,2.5290,2.3302
53,2.5500,2.5500,2.5500,2.5500,2.5500,2.5500,2.5500,2.5500,2.5500,2.5500,2.5500,2.5500,2.5500,2.5500,2.5500,2.5500,2.5500,2.5500,2.5494,2.5282,2.3282
54,2.5500,2.5500,2.5500,2.5500,2.5500,2.5500,2.5500,2.5500,2.5500,2.5500,2.5500,2.5500,2.5500,2.5500,2.5500,2.5500,2.5500,2.5500,2.5493,2.5274,2.3261
55,2.5500,2.5500,2.5500,2.5500,2.5500,2.5500,2.5500,2.5500,2.5500,2.5500,2.5500,2.5500,2.5500,2.5500,2.5500,2.5500,2.5500,2.5500,2.5492,2.5266,2.3241
56,2.5500,2.5500,2.5500,2.5500,2.5500,2.5500,2.5500,2.5500,2.5500,2.5500,2.5500,2.5500,2.5500,2.5500,2.5500,2.5500,2.5500,2.5500,2.5492,2.5258,2.3221
57,2.5500,2.5500,2.5500,2.5500,2.5500,2.5500,2.5500,2.5500,2.5500,2.5500,2.5500,2.5500,2.5500,2.5500,2.5500,2.5500,2.5500,2.5500,2.5491,2.5250,2.3201
58,2.5500,2.5500,2.5500,2.5500,2.5500,2.5500,2.5500,2.5500,2.5500,2.5500,2.5500,2.5500,2.5500,2.5500,2.5500,2.5500,2.5500,2.5500,2.5491,2.5241,2.3182
59,2.5500,2.5500,2.5500,2.5500,2.5500,2.5500,2.5500,2.5500,2.5500,2.5500,2.5500,2.5500,2.5500,2.5500,2.5500,2.5500,2.5500,2.5500,2.5490,2.5233,2.3163
60,2.5500,2.5500,2.5500,2.5500,2.5500,2.5500,2.5500,2.5500,2.5500,2.5500,2.5500,2.5500,2.5500,2.5500,2.5500,2.5500,2.5500,2.5500,2.5489,2.5224,2.3143
61,2.5500,2.5500,2.5500,2.5500,2.5500,2.5500,2.5500,2.5500,2.5500,2.5500,2.5500,2.5500,2.5500,2.5500,2.5500,2.5500,2.5500,2.5500,2.5488,2.5216,2.3124
62,2.5500,2.5500,2.5500,2.5500,2.5500,2.5500,2.5500,2.5500,2.5500,2.5500,2.5500,2.5500,2.5500,2.5500,2.5500,2.5500,2.5500,2.5500,2.5488,2.5207,2.3106
63,2.5500,2.5500,2.5500,2.5500,2.5500,2.5500,2.5500,2.5500,2.5500,2.5500,2.5500,2.5500,2.5500,2.5500,2.5500,2.5500,2.5500,2.5500,2.5487,2.5199,2.3087
64,2.5500,2.5500,2.5500,2.5500,2.5500,2.5500,2.5500,2.5500,2.5500,2.5500,2.5500,2.5500,2.5500,2.5500,2.5500,2.5500,2.5500,2.5500,2.5486,2.5190,2.3068
65,2.5500,2.5500,2.5500,2.5500,2.5500,2.5500,2.5500,2.5500,2.5500,2.5500,2.5500,2.5500,2.5500,2.5500,2.5500,2.5500,2.5500,2.5500,2.5485,2.5182,2.3050
66,2.5500,2.5500,2.5500,2.5500,2.5500,2.5500,2.5500,2.5500,2.5500,2.5500,2.5500,2.5500,2.5500,2.5500,2.5500,2.5500,2.5500,2.5500,2.5484,2.5173,2.3032
67,2.5500,2.5500,2.5500,2.5500,2.5500,2.5500,2.5500,2.5500,2.5500,2.5500,2.5500,2.5500,2.5500,2.5500,2.5500,2.5500,2.5500,2.5500,2.5483,2.5164,2.3014
68,2.5500,2.5500,2.5500,2.5500,2.5500,2.5500,2.5500,2.5500,2.5500,2.5500,2.5500,2.5500,2.5500,2.5500,2.5500,2.5500,2.5500,2.5500,2.5482,2.5155,2.2996
69,2.5500,2.5500,2.5500,2.5500,2.5500,2.5500,2.5500,2.5500,2.5500,2.5500,2.5500,2.5500,2.5500,2.5500,2.5500,2.5500,2.5500,2.5500,2.5481,2.5147,2.2978
70,2.5500,2.5500,2.5500,2.5500,2.5500,2.5500,2.5500,2.5500,2.5500,2.5500,2.5500,2.5500,2.5500,2.5500,2.5500,2.5500,2.5500,2.5500,2.5480,2.5138,2.2961
71,2.5500,2.5500,2.5500,2.5500,2.5500,2.5500,2.5500,2.5500,2.5500,2.5500,2.5500,2.5500,2.5500,2.5500,2.5500,2.5500,2.5500,2.5500,2.5479,2.5129,2.2943
72,2.5500,2.5500,2.5500,2.5500,2.5500,2.5500,2.5500,2.5500,2.5500,2.5500,2.5500,2.5500,2.5500,2.5500,2.5500,2.5500,2.5500,2.5499,2.5478,2.5120,2.2926
73,2.5500,2.5500,2.5500,2.5500,2.5500,2.5500,2.5500,2.5500,2.5500,2.5500,2.5500,2.5500,2.5500,2.5500,2.5500,2.5500,2.5500,2.5499,2.5476,2.5111,2.2909
74,2.5500,2.5500,2.5500,2.5500,2.5500,2.5500,2.5500,2.5500,2.5500,2.5500,2.5500,2.5500,2.5500,2.5500,2.5500,2.5500,2.5500,2.5499,2.5475,2.5102,2.2892
75,2.5500,2.5500,2.5500,2.5500,2.5500,2.5500,2.5500,2.5500,2.5500,2.5500,2.5500,2.5500,2.5500,2.5500,2.5500,2.5500,2.5500,2.5499,2.5474,2.5093,2.2875
76,2.5500,2.5500,2.5500,2.5500,2.5500,2.5500,2.5500,2.5500,2.5500,2.5500,2.5500,2.5500,2.5500,2.5500,2.5500,2.5500,2.5500,2.5499,2.5473,2.5084,2.2858
77,2.5500,2.5500,2.5500,2.5500,2.5500,2.5500,2.5500,2.5500,2.5500,2.5500,2.5500,2.5500,2.5500,2.5500,2.5500,2.5500,2.5500,2.5499,2.5471,2.5075,2.2842
78,2.5500,2.5500,2.5500,2.5500,2.5500,2.5500,2.5500,2.5500,2.5500,2.5500,2.5500,2.5500,2.5500,2.5500,2.5500,2.5500,2.5500,2.5499,2.5470,2.5066,2.2825
79,2.5500,2.5500,2.5500,2.5500,2.5500,2.5500,2.5500,2.5500,2.5500,2.5500,2.5500,2.5500,2.5500,2.5500,2.5500,2.5500,2.5500,2.5499,2.5469,2.5057,2.2809
80,2.5500,2.5500,2.5500,2.5500,2.5500,2.5500,2.5500,2.5500,2.5500,2.5500,2.5500,2.5500,2.5500,2.5500,2.5500,2.5500,2.5500,2.5499,2.5467,2.5048,2.2793
81,2.5500,2.5500,2.5500,2.5500,2.5500,2.5500,2.5500,2.5500,2.5500,2.5500,2.5500,2.5500,2.5500,2.5500,2.5500,2.5500,2.5500,2.5499,2.5466,2.5039,2.2777
82,2.5500,2.5500,2.5500,2.5500,2.5500,2.5500,2.5500,2.5500,2.5500,2.5500,2.5500,2.5500,2.5500,2.5500,2.5500,2.5500,2.5500,2.5499,2.5464,2.5030,2.2761
83,2.5500,2.5500,2.5500,2.5500,2.5500,2.5500,2.5500,2.5500,2.5500,2.5500,2.5500,2.5500,2.5500,2.5500,2.5500,2.5500,2.5500,2.5499,2.5463,2.5021,2.2745
84,2.5500,2.5500,2.5500,2.5500,2.5500,2.5500,2.5500,2.5500,2.5500,2.5500,2.5500,2.5500,2.5500,2.5500,2.5500,2.5500,2.5500,2.5499,2.5461,2.5012,2.2729
85,2.5500,2.5500,2.5500,2.5500,2.5500,2.5500,2.5500,2.5500,2.5500,2.5500,2.5500,2.5500,2.5500,2.5500,2.5500,2.5500,2.5500,2.5499,2.5460,2.5003,2.2713
86,2.5500,2.5500,2.5500,2.5500,2.5500,2.5500,2.5500,2.5500,2.5500,2.5500,2.5500,2.5500,2.5500,2.5500,2.5500,2.5500,2.5500,2.5498,2.5458,2.4994,2.2698
87,2.5500,2.5500,2.5500,2.5500,2.5500,2.5500,2.5500,2.5500,2.5500,2.5500,2.5500,2.5500,2.5500,2.5500,2.5500,2.5500,2.5500,2.5498,2.5456,2.4985,2.2682
88,2.5500,2.5500,2.5500,2.5500,2.5500,2.5500,2.5500,2.5500,2.5500,2.5500,2.5500,2.5500,2.5500,2.5500,2.5500,2.5500,2.5500,2.5498,2.5455,2.4976,2.2667
89,2.5500,2.5500,2.5500,2.5500,2.5500,2.5500,2.5500,2.5500,2.5500,2.5500,2.5500,2.5500,2.5500,2.5500,2.5500,2.5500,2.5500,2.5498,2.5453,2.4967,2.2652
90,2.5500,2.5500,2.5500,2.5500,2.5500,2.5500,2.5500,2.5500,2.5500,2.5500,2.5500,2.5500,2.5500,2.5500,2.5500,2.5500,2.5500,2.5498,2.5451,2.4958,2.2636
91,2.5500,2.5500,2.5500,2.5500,2.5500,2.5500,2.5500,2.5500,2.5500,2.5500,2.5500,2.5500,2.5500,2.5500,2.5500,2.5500,2.5500,2.5498,2.5449,2.4949,2.2621
92,2.5500,2.5500,2.5500,2.5500,2.5500,2.5500,2.5500,2.5500,2.5500,2.5500,2.5500,2.5500,2.5500,2.5500,2.5500,2.5500,2.5500,2.5498,2.5448,2.4940,2.2606
93,2.5500,2.5500,2.5500,2.5500,2.5500,2.5500,2.5500,2.5500,2.5500,2.5500,2.5500,2.5500,2.5500,2.5500,2.5500,2.5500,2.5500,2.5498,2.5446,2.4931,2.2591
94,2.5500,2.5500,2.5500,2.5500,2.5500,2.5500,2.5500,2.5500,2.5500,2.5500,2.5500,2.5500,2.5500,2.5500,2.5500,2.5500,2.5500,2.5497,2.5444,2.4921,2.2577
95,2.5500,2.5500,2.5500,2.5500,2.5500,2.5500,2.5500,2.5500,2.5500,2.5500,2.5500,2.5500,2.5500,2.5500,2.5500,2.5500,2.5500,2.5497,2.5442,2.4912,2.2562
96,2.5500,2.5500,2.5500,2.5500,2.5500,2.5500,2.5500,2.5500,2.5500,2.5500,2.5500,2.5500,2.5500,2.5500,2.5500,2.5500,2.5500,2.5497,2.5440,2.4903,2.2547
97,2.5500,2.5500,2.5500,2.5500,2.5500,2.5500,2.5500,2.5500,2.5500,2.5500,2.5500,2.5500,2.5500,2.5500,2.5500,2.5500,2.5500,2.5497,2.5438,2.4894,2.2533
98,2.5500,2.5500,2.5500,2.5500,2.5500,2.5500,2.5500,2.5500,2.5500,2.5500,2.5500,2.5500,2.5500,2.5500,2.5500,2.5500,2.5500,2.5497,2.5436,2.4885,2.2518
99,2.5500,2.5500,2.5500,2.5500,2.5500,2.5500,2.5500,2.5500,2.5500,2.5500,2.5500,2.5500,2.5500,2.5500,2.5500,2.5500,2.5500,2.5497,2.5434,2.4876,2.2504
100,2.5500,2.5500,2.5500,2.5500,2.5500,2.5500,2.5500,2.5500,2.5500,2.5500,2.5500,2.5500,2.5500,2.5500,2.5500,2.5500,2.5500,2.5496,2.5432,2.4867,2.2490
101,2.5500,2.5500,2.5500,2.5500,2.5500,2.5500,2.5500,2.5500,2.5500,2.5500,2.5500,2.5500,2.5500,2.5500,2.5500,2.5500,2.5500,2.5496,2.5430,2.4858,2.2476
102,2.5500,2.5500,2.5500,2.5500,2.5500,2.5500,2.5500,2.5500,2.5500,2.5500,2.5500,2.5500,2.5500,2.5500,2.5500,2.5500,2.5500,2.5496,2.5428,2.4849,2.2461
103,2.5500,2.5500,2.5500,2.5500,2.5500,2.5500,2.5500,2.5500,2.5500,2.5500,2.5500,2.5500,2.5500,2.5500,2.5500,2.5500,2.5500,2.5496,2.5426,2.4840,2.2447
104,2.5500,2.5500,2.5500,2.5500,2.5500,2.5500,2.5500,2.5500,2.5500,2.5500,2.5500,2.5500,2.5500,2.5500,2.5500,2.5500,2.5500,2.5496,2.5423,2.4831,2.2433
105,2.5500,2.5500,2.5500,2.5500,2.5500,2.5500,2.5500,2.5500,2.5500,2.5500,2.5500,2.5500,2.5500,2.5500,2.5500,2.5500,2.5500,2.5495,2.5421,2.4822,2.2420
106,2.5500,2.5500,2.5500,2.5500,2.5500,2.5500,2.5500,2.5500,2.5500,2.5500,2.5500,2.5500,2.5500,2.5500,2.5500,2.5500,2.5500,2.5495,2.5419,2.4813,2.2406
107,2.5500,2.5500,2.5500,2.5500,2.5500,2.5500,2.5500,2.5500,2.5500,2.5500,2.5500,2.5500,2.5500,2.5500,2.5500,2.5500,2.5500,2.5495,2.5417,2.4804,2.2392
108,2.5500,2.5500,2.5500,2.5500,2.5500,2.5500,2.5500,2.5500,2.5500,2.5500,2.5500,2.5500,2.5500,2.5500,2.5500,2.5500,2.5500,2.5495,2.5414,2.4795,2.2378
109,2.5500,2.5500,2.5500,2.5500,2.5500,2.5500,2.5500,2.5500,2.5500,2.5500,2.5500,2.5500,2.5500,2.5500,2.5500,2.5500,2.5500,2.5494,2.5412,2.4786,2.2365
110,2.5500,2.5500,2.5500,2.5500,2.5500,2.5500,2.5500,2.5500,2.5500,2.5500,2.5500,2.5500,2.5500,2.5500,2.5500,2.5500,2.5500,2.5494,2.5410,2.4777,2.2351
111,2.5500,2.5500,2.5500,2.5500,2.5500,2.5500,2.5500,2.5500,2.5500,2.5500,2.5500,2.5500,2.5500,2.5500,2.5500,2.5500,2.5500,2.5494,2.5407,2.4768,2.2338
112,2.5500,2.5500,2.5500,2.5500,2.5500,2.5500,2.5500,2.5500,2.5500,2.5500,2.5500,2.5500,2.5500,2.5500,2.5500,2.5500,2.5500,2.5494,2.5405,2.4759,2.2325
113,2.5500,2.5500,2.5500,2.5500,2.5500,2.5500,2.5500,2.5500,2.5500,2.5500,2.5500,2.5500,2.5500,2.5500,2.5500,2.5500,2.5500,2.5493,2.5402,2.4750,2.2311
114,2.5500,2.5500,2.5500,2.5500,2.5500,2.5500,2.5500,2.5500,2.5500,2.5500,2.5500,2.5500,2.5500,2.5500,2.5500,2.5500,2.5500,2.5493,2.5400,2.4741,2.2298
115,2.5500,2.5500,2.5500,2.5500,2.5500,2.5500,2.5500,2.5500,2.5500,2.5500,2.5500,2.5500,2.5500,2.5500,2.5500,2.5500,2.5500,2.5493,2.5397,2.4732,2.2285
116,2.5500,2.5500,2.5500,2.5500,2.5500,2.5500,2.5500,2.5500,2.5500,2.5500,2.5500,2.5500,2.5500,2.5500,2.5500,2.5500,2.5500,2.5492,2.5395,2.4723,2.2272
117,2.5500,2.5500,2.5500,2.5500,2.5500,2.5500,2.5500,2.5500,2.5500,2.5500,2.5500,2.5500,2.5500,2.5500,2.5500,2.5500,2.5500,2.5492,2.5392,2.4714,2.2259
118,2.5500,2.5500,2.5500,2.5500,2.5500,2.5500,2.5500,2.5500,2.5500,2.5500,2.5500,2.5500,2.5500,2.5500,2.5500,2.5500,2.5500,2.5492,2.5390,2.4705,2.2246
119,2.5500,2.5500,2.5500,2.5500,2.5500,2.5500,2.5500,2.5500,2.5500,2.5500,2.5500,2.5500,2.5500,2.5500,2.5500,2.5500,2.5500,2.5491,2.5387,2.4696,2.2233
120,2.5500,2.5500,2.5500,2.5500,2.5500,2.5500,2.5500,2.5500,2.5500,2.5500,2.5500,2.5500,2.5500,2.5500,2.5500,2.5500,2.5500,2.5491,2.5385,2.4687,2.2220
121,2.5500,2.5500,2.5500,2.5500,2.5500,2.5500,2.5500,2.5500,2.5500,2.5500,2.5500,2.5500,2.5500,2.5500,2.5500,2.5500,2.5500,2.5491,2.5382,2.4678,2.2207
122,2.5500,2.5500,2.5500,2.5500,2.5500,2.5500,2.5500,2.5500,2.5500,2.5500,2.5500,2.5500,2.5500,2.5500,2.5500,2.5500,2.5500,2.5490,2.5379,2.4669,2.2195
123,2.5500,2.5500,2.5500,2.5500,2.5500,2.5500,2.5500,2.5500,2.5500,2.5500,2.5500,2.5500,2.5500,2.5500,2.5500,2.5500,2.5500,2.5490,2.5377,2.4660,2.2182
124,2.5500,2.5500,2.5500,2.5500,2.5500,2.5500,2.5500,2.5500,2.5500,2.5500,2.5500,2.5500,2.5500,2.5500,2.5500,2.5500,2.5500,2.5490,2.5374,2.4651,2.2169
125,2.5500,2.5500,2.5500,2.5500,2.5500,2.5500,2.5500,2.5500,2.5500,2.5500,2.5500,2.5500,2.5500,2.5500,2.5500,2.5500,2.5499,2.5489,2.5371,2.4642,2.2157
126,2.5500,2.5500,2.5500,2.5500,2.5500,2.5500,2.5500,2.5500,2.5500,2.5500,2.5500,2.5500,2.5500,2.5500,2.5500,2.5500,2.5499,2.5489,2.5368,2.4633,2.2144
127,2.5500,2.5500,2.5500,2.5500,2.5500,2.5500,2.5500,2.5500,2.5500,2.5500,2.5500,2.5500,2.5500,2.5500,2.5500,2.5500,2.5499,2.5488,2.5366,2.4625,2.2132
128,2.5500,2.5500,2.5500,2.5500,2.5500,2.5500,2.5500,2.5500,2.5500,2.5500,2.5500,2.5500,2.5500,2.5500,2.5500,2.5500,2.5499,2.5488,2.5363,2.4616,2.2120
129,2.5500,2.5500,2.5500,2.5500,2.5500,2.5500,2.5500,2.5500,2.5500,2.5500,2.5500,2.5500,2.5500,2.5500,2.5500,2.5500,2.5499,2.5487,2.5360,2.4607,2.2107
130,2.5500,2.5500,2.5500,2.5500,2.5500,2.5500,2.5500,2.5500,2.5500,2.5500,2.5500,2.5500,2.5500,2.5500,2.5500,2.5500,2.5499,2.5487,2.5357,2.4598,2.2095
131,2.5500,2.5500,2.5500,2.5500,2.5500,2.5500,2.5500,2.5500,2.5500,2.5500,2.5500,2.5500,2.5500,2.5500,2.5500,2.5500,2.5499,2.5487,2.5354,2.4589,2.2083
132,2.5500,2.5500,2.5500,2.5500,2.5500,2.5500,2.5500,2.5500,2.5500,2.5500,2.5500,2.5500,2.5500,2.5500,2.5500,2.5500,2.5499,2.5486,2.5351,2.4581,2.2071
133,2.5500,2.5500,2.5500,2.5500,2.5500,2.5500,2.5500,2.5500,2.5500,2.5500,2.5500,2.5500,2.5500,2.5500,2.5500,2.5500,2.5499,2.5486,2.5348,2.4572,2.2059
134,2.5500,2.5500,2.5500,2.5500,2.5500,2.5500,2.5500,2.5500,2.5500,2.5500,2.5500,2.5500,2.5500,2.5500,2.5500,2.5500,2.5499,2.5485,2.5345,2.4563,2.2047
135,2.5500,2.5500,2.5500,2.5500,2.5500,2.5500,2.5500,2.5500,2.5500,2.5500,2.5500,2.5500,2.5500,2.5500,2.5500,2.5500,2.5499,2.5485,2.5343,2.4554,2.2035
136,2.5500,2.5500,2.5500,2.5500,2.5500,2.5500,2.5500,2.5500,2.5500,2.5500,2.5500,2.5500,2.5500,2.5500,2.5500,2.5500,2.5499,2.5484,2.5340,2.4545,2.2023
137,2.5500,2.5500,2.5500,2.5500,2.5500,2.5500,2.5500,2.5500,2.5500,2.5500,2.5500,2.5500,2.5500,2.5500,2.5500,2.5500,2.5499,2.5484,2.5337,2.4537,2.2011
138,2.5500,2.5500,2.5500,2.5500,2.5500,2.5500,2.5500,2.5500,2.5500,2.5500,2.5500,2.5500,2.5500,2.5500,2.5500,2.5500,2.5499,2.5483,2.5333,2.4528,2.1999
139,2.5500,2.5500,2.5500,2.5500,2.5500,2.5500,2.5500,2.5500,2.5500,2.5500,2.5500,2.5500,2.5500,2.5500,2.5500,2.5500,2.5499,2.5483,2.5330,2.4519,2.1987
140,2.5500,2.5500,2.5500,2.5500,2.5500,2.5500,2.5500,2.5500,2.5500,2.5500,2.5500,2.5500,2.5500,2.5500,2.5500,2.5500,2.5499,2.5482,2.5327,2.4511,2.1976
141,2.5500,2.5500,2.5500,2.5500,2.5500,2.5500,2.5500,2.5500,2.5500,2.5500,2.5500,2.5500,2.5500,2.5500,2.5500,2.5500,2.5499,2.5482,2.5324,2.4502,2.1964
142,2.5500,2.5500,2.5500,2.5500,2.5500,2.5500,2.5500,2.5500,2.5500,2.5500,2.5500,2.5500,2.5500,2.5500,2.5500,2.5500,2.5499,2.5481,2.5321,2.4493,2.1952
143,2.5500,2.5500,2.5500,2.5500,2.5500,2.5500,2.5500,2.5500,2.5500,2.5500,2.5500,2.5500,2.5500,2.5500,2.5500,2.5500,2.5499,2.5480,2.5318,2.4485,2.1941
144,2.5500,2.5500,2.5500,2.5500,2.5500,2.5500,2.5500,2.5500,2.5500,2.5500,2.5500,2.5500,2.5500,2.5500,2.5500,2.5500,2.5499,2.5480,2.5315,2.4476,2.1929
145,2.5500,2.5500,2.5500,2.5500,2.5500,2.5500,2.5500,2.5500,2.5500,2.5500,2.5500,2.5500,2.5500,2.5500,2.5500,2.5500,2.5499,2.5479,2.5312,2.4467,2.1918
146,2.5500,2.5500,2.5500,2.5500,2.5500,2.5500,2.5500,2.5500,2.5500,2.5500,2.5500,2.5500,2.5500,2.5500,2.5500,2.5500,2.5499,2.5479,2.5309,2.4459,2.1906
147,2.5500,2.5500,2.5500,2.5500,2.5500,2.5500,2.5500,2.5500,2.5500,2.5500,2.5500,2.5500,2.5500,2.5500,2.5500,2.5500,2.5499,2.5478,2.5305,2.4450,2.1895
148,2.5500,2.5500,2.5500,2.5500,2.5500,2.5500,2.5500,2.5500,2.5500,2.5500,2.5500,2.5500,2.5500,2.5500,2.5500,2.5500,2.5498,2.5477,2.5302,2.4442,2.1884
149,2.5500,2.5500,2.5500,2.5500,2.5500,2.5500,2.5500,2.5500,2.5500,2.5500,2.5500,2.5500,2.5500,2.5500,2.5500,2.5500,2.5498,2.5477,2.5299,2.4433,2.1872
150,2.5500,2.5500,2.5500,2.5500,2.5500,2.5500,2.5500,2.5500,2.5500,2.5500,2.5500,2.5500,2.5500,2.5500,2.5500,2.5500,2.5498,2.5476,2.5296,2.4424,2.1861
151,2.5500,2.5500,2.5500,2.5500,2.5500,2.5500,2.5500,2.5500,2.5500,2.5500,2.5500,2.5500,2.5500,2.5500,2.5500,2.5500,2.5498,2.5476,2.5292,2.4416,2.1850
152,2.5500,2.5500,2.5500,2.5500,2.5500,2.5500,2.5500,2.5500,2.5500,2.5500,2.5500,2.5500,2.5500,2.5500,2.5500,2.5500,2.5498,2.5475,2.5289,2.4407,2.1839
153,2.5500,2.5500,2.5500,2.5500,2.5500,2.5500,2.5500,2.5500,2.5500,2.5500,2.5500,2.5500,2.5500,2.5500,2.5500,2.5500,2.5498,2.5474,2.5286,2.4399,2.1828
154,2.5500,2.5500,2.5500,2.5500,2.5500,2.5500,2.5500,2.5500,2.5500,2.5500,2.5500,2.5500,2.5500,2.5500,2.5500,2.5500,2.5498,2.5474,2.5283,2.4390,2.1817
155,2.5500,2.5500,2.5500,2.5500,2.5500,2.5500,2.5500,2.5500,2.5500,2.5500,2.5500,2.5500,2.5500,2.5500,2.5500,2.5500,2.5498,2.5473,2.5279,2.4382,2.1805
156,2.5500,2.5500,2.5500,2.5500,2.5500,2.5500,2.5500,2.5500,2.5500,2.5500,2.5500,2.5500,2.5500,2.5500,2.5500,2.5500,2.5498,2.5472,2.5276,2.4373,2.1794
157,2.5500,2.5500,2.5500,2.5500,2.5500,2.5500,2.5500,2.5500,2.5500,2.5500,2.5500,2.5500,2.5500,2.5500,2.5500,2.5500,2.5498,2.5471,2.5273,2.4365,2.1784
158,2.5500,2.5500,2.5500,2.5500,2.5500,2.5500,2.5500,2.5500,2.5500,2.5500,2.5500,2.5500,2.5500,2.5500,2.5500,2.5500,2.5498,2.5471,2.5269,2.4356,2.1773
159,2.5500,2.5500,2.5500,2.5500,2.5500,2.5500,2.5500,2.5500,2.5500,2.5500,2.5500,2.5500,2.5500,2.5500,2.5500,2.5500,2.5498,2.5470,2.5266,2.4348,2.1762
160,2.5500,2.5500,2.5500,2.5500,2.5500,2.5500,2.5500,2.5500,2.5500,2.5500,2.5500,2.5500,2.5500,2.5500,2.5500,2.5500,2.5498,2.5469,2.5262,2.4339,2.1751
161,2.5500,2.5500,2.5500,2.5500,2.5500,2.5500,2.5500,2.5500,2.5500,2.5500,2.5500,2.5500,2.5500,2.5500,2.5500,2.5500,2.5497,2.5468,2.5259,2.4331,2.1740
162,2.5500,2.5500,2.5500,2.5500,2.5500,2.5500,2.5500,2.5500,2.5500,2.5500,2.5500,2.5500,2.5500,2.5500,2.5500,2.5500,2.5497,2.5468,2.5255,2.4323,2.1729
163,2.5500,2.5500,2.5500,2.5500,2.5500,2.5500,2.5500,2.5500,2.5500,2.5500,2.5500,2.5500,2.5500,2.5500,2.5500,2.5500,2.5497,2.5467,2.5252,2.4314,2.1719
164,2.5500,2.5500,2.5500,2.5500,2.5500,2.5500,2.5500,2.5500,2.5500,2.5500,2.5500,2.5500,2.5500,2.5500,2.5500,2.5500,2.5497,2.5466,2.5249,2.4306,2.1708
165,2.5500,2.5500,2.5500,2.5500,2.5500,2.5500,2.5500,2.5500,2.5500,2.5500,2.5500,2.5500,2.5500,2.5500,2.5500,2.5500,2.5497,2.5465,2.5245,2.4298,2.1697
166,2.5500,2.5500,2.5500,2.5500,2.5500,2.5500,2.5500,2.5500,2.5500,2.5500,2.5500,2.5500,2.5500,2.5500,2.5500,2.5500,2.5497,2.5465,2.5242,2.4289,2.1687
167,2.5500,2.5500,2.5500,2.5500,2.5500,2.5500,2.5500,2.5500,2.5500,2.5500,2.5500,2.5500,2.5500,2.5500,2.5500,2.5500,2.5497,2.5464,2.5238,2.4281,2.1676
168,2.5500,2.5500,2.5500,2.5500,2.5500,2.5500,2.5500,2.5500,2.5500,2.5500,2.5500,2.5500,2.5500,2.5500,2.5500,2.5500,2.5497,2.5463,2.5235,2.4273,2.1666
169,2.5500,2.5500,2.5500,2.5500,2.5500,2.5500,2.5500,2.5500,2.5500,2.5500,2.5500,2.5500,2.5500,2.5500,2.5500,2.5500,2.5497,2.5462,2.5231,2.4264,2.1655
170,2.5500,2.5500,2.5500,2.5500,2.5500,2.5500,2.5500,2.5500,2.5500,2.5500,2.5500,2.5500,2.5500,2.5500,2.5500,2.5500,2.5496,2.5461,2.5227,2.4256,2.1645
171,2.5500,2.5500,2.5500,2.5500,2.5500,2.5500,2.5500,2.5500,2.5500,2.5500,2.5500,2.5500,2.5500,2.5500,2.5500,2.5500,2.5496,2.5460,2.5224,2.4248,2.1634
172,2.5500,2.5500,2.5500,2.5500,2.5500,2.5500,2.5500,2.5500,2.5500,2.5500,2.5500,2.5500,2.5500,2.5500,2.5500,2.5500,2.5496,2.5459,2.5220,2.4239,2.1624
173,2.5500,2.5500,2.5500,2.5500,2.5500,2.5500,2.5500,2.5500,2.5500,2.5500,2.5500,2.5500,2.5500,2.5500,2.5500,2.5500,2.5496,2.5459,2.5217,2.4231,2.1614
174,2.5500,2.5500,2.5500,2.5500,2.5500,2.5500,2.5500,2.5500,2.5500,2.5500,2.5500,2.5500,2.5500,2.5500,2.5500,2.5500,2.5496,2.5458,2.5213,2.4223,2.1603
175,2.5500,2.5500,2.5500,2.5500,2.5500,2.5500,2.5500,2.5500,2.5500,2.5500,2.5500,2.5500,2.5500,2.5500,2.5500,2.5500,2.5496,2.5457,2.5210,2.4215,2.1593
176,2.5500,2.5500,2.5500,2.5500,2.5500,2.5500,2.5500,2.5500,2.5500,2.5500,2.5500,2.5500,2.5500,2.5500,2.5500,2.5500,2.5496,2.5456,2.5206,2.4206,2.1583
177,2.5500,2.5500,2.5500,2.5500,2.5500,2.5500,2.5500,2.5500,2.5500,2.5500,2.5500,2.5500,2.5500,2.5500,2.5500,2.5500,2.5496,2.5455,2.5202,2.4198,2.1573
178,2.5500,2.5500,2.5500,2.5500,2.5500,2.5500,2.5500,2.5500,2.5500,2.5500,2.5500,2.5500,2.5500,2.5500,2.5500,2.5500,2.5495,2.5454,2.5199,2.4190,2.1563
179,2.5500,2.5500,2.5500,2.5500,2.5500,2.5500,2.5500,2.5500,2.5500,2.5500,2.5500,2.5500,2.5500,2.5500,2.5500,2.5500,2.5495,2.5453,2.5195,2.4182,2.1553
180,2.5500,2.5500,2.5500,2.5500,2.5500,2.5500,2.5500,2.5500,2.5500,2.5500,2.5500,2.5500,2.5500,2.5500,2.5500,2.5500,2.5495,2.5452,2.5191,2.4174,2.1542
181,2.5500,2.5500,2.5500,2.5500,2.5500,2.5500,2.5500,2.5500,2.5500,2.5500,2.5500,2.5500,2.5500,2.5500,2.5500,2.5500,2.5495,2.5451,2.5188,2.4166,2.1532
182,2.5500,2.5500,2.5500,2.5500,2.5500,2.5500,2.5500,2.5500,2.5500,2.5500,2.5500,2.5500,2.5500,2.5500,2.5500,2.5500,2.5495,2.5450,2.5184,2.4157,2.1522
183,2.5500,2.5500,2.5500,2.5500,2.5500,2.5500,2.5500,2.5500,2.5500,2.5500,2.5500,2.5500,2.5500,2.5500,2.5500,2.5500,2.5495,2.5449,2.5180,2.4149,2.1512
184,2.5500,2.5500,2.5500,2.5500,2.5500,2.5500,2.5500,2.5500,2.5500,2.5500,2.5500,2.5500,2.5500,2.5500,2.5500,2.5500,2.5495,2.5448,2.5176,2.4141,2.1502
185,2.5500,2.5500,2.5500,2.5500,2.5500,2.5500,2.5500,2.5500,2.5500,2.5500,2.5500,2.5500,2.5500,2.5500,2.5500,2.5500,2.5494,2.5447,2.5173,2.4133,2.1493
186,2.5500,2.5500,2.5500,2.5500,2.5500,2.5500,2.5500,2.5500,2.5500,2.5500,2.5500,2.5500,2.5500,2.5500,2.5500,2.5500,2.5494,2.5446,2.5169,2.4125,2.1483
187,2.5500,2.5500,2.5500,2.5500,2.5500,2.5500,2.5500,2.5500,2.5500,2.5500,2.5500,2.5500,2.5500,2.5500,2.5500,2.5500,2.5494,2.5445,2.5165,2.4117,2.1473
188,2.5500,2.5500,2.5500,2.5500,2.5500,2.5500,2.5500,2.5500,2.5500,2.5500,2.5500,2.5500,2.5500,2.5500,2.5500,2.5500,2.5494,2.5444,2.5161,2.4109,2.1463
189,2.5500,2.5500,2.5500,2.5500,2.5500,2.5500,2.5500,2.5500,2.5500,2.5500,2.5500,2.5500,2.5500,2.5500,2.5500,2.5500,2.5494,2.5443,2.5158,2.4101,2.1453
190,2.5500,2.5500,2.5500,2.5500,2.5500,2.5500,2.5500,2.5500,2.5500,2.5500,2.5500,2.5500,2.5500,2.5500,2.5500,2.5500,2.5494,2.5442,2.5154,2.4093,2.1443
191,2.5500,2.5500,2.5500,2.5500,2.5500,2.5500,2.5500,2.5500,2.5500,2.5500,2.5500,2.5500,2.5500,2.5500,2.5500,2.5499,2.5493,2.5441,2.5150,2.4085,2.1434
192,2.5500,2.5500,2.5500,2.5500,2.5500,2.5500,2.5500,2.5500,2.5500,2.5500,2.5500,2.5500,2.5500,2.5500,2.5500,2.5499,2.5493,2.5440,2.5146,2.4077,2.1424
193,2.5500,2.5500,2.5500,2.5500,2.5500,2.5500,2.5500,2.5500,2.5500,2.5500,2.5500,2.5500,2.5500,2.5500,2.5500,2.5499,2.5493,2.5439,2.5143,2.4069,2.1414
194,2.5500,2.5500,2.5500,2.5500,2.5500,2.5500,2.5500,2.5500,2.5500,2.5500,2.5500,2.5500,2.5500,2.5500,2.5500,2.5499,2.5493,2.5438,2.5139,2.4061,2.1405
195,2.5500,2.5500,2.5500,2.5500,2.5500,2.5500,2.5500,2.5500,2.5500,2.5500,2.5500,2.5500,2.5500,2.5500,2.5500,2.5499,2.5493,2.5437,2.5135,2.4053,2.1395
196,2.5500,2.5500,2.5500,2.5500,2.5500,2.5500,2.5500,2.5500,2.5500,2.5500,2.5500,2.5500,2.5500,2.5500,2.5500,2.5499,2.5492,2.5436,2.5131,2.4045,2.1385
197,2.5500,2.5500,2.5500,2.5500,2.5500,2.5500,2.5500,2.5500,2.5500,2.5500,2.5500,2.5500,2.5500,2.5500,2.5500,2.5499,2.5492,2.5434,2.5127,2.4037,2.1376
198,2.5500,2.5500,2.5500,2.5500,2.5500,2.5500,2.5500,2.5500,2.5500,2.5500,2.5500,2.5500,2.5500,2.5500,2.5500,2.5499,2.5492,2.5433,2.5123,2.4029,2.1366
199,2.5500,2.5500,2.5500,2.5500,2.5500,2.5500,2.5500,2.5500,2.5500,2.5500,2.5500,2.5500,2.5500,2.5500,2.5500,2.5499,2.5492,2.5432,2.5120,2.4021,2.1357
200,2.5500,2.5500,2.5500,2.5500,2.5500,2.5500,2.5500,2.5500,2.5500,2.5500,2.5500,2.5500,2.5500,2.5500,2.5500,2.5499,2.5492,2.5431,2.5116,2.4013,2.1347
201,2.5500,2.5500,2.5500,2.5500,2.5500,2.5500,2.5500,2.5500,2.5500,2.5500,2.5500,2.5500,2.5500,2.5500,2.5500,2.5499,2.5491,2.5430,2.5112,2.4006,2.1338
202,2.5500,2.5500,2.5500,2.5500,2.5500,2.5500,2.5500,2.5500,2.5500,2.5500,2.5500,2.5500,2.5500,2.5500,2.5500,2.5499,2.5491,2.5429,2.5108,2.3998,2.1329
203,2.5500,2.5500,2.5500,2.5500,2.5500,2.5500,2.5500,2.5500,2.5500,2.5500,2.5500,2.5500,2.5500,2.5500,2.5500,2.5499,2.5491,2.5427,2.5104,2.3990,2.1319
204,2.5500,2.5500,2.5500,2.5500,2.5500,2.5500,2.5500,2.5500,2.5500,2.5500,2.5500,2.5500,2.5500,2.5500,2.5500,2.5499,2.5491,2.5426,2.5100,2.3982,2.1310
205,2.5500,2.5500,2.5500,2.5500,2.5500,2.5500,2.5500,2.5500,2.5500,2.5500,2.5500,2.5500,2.5500,2.5500,2.5500,2.5499,2.5490,2.5425,2.5096,2.3974,2.1300
206,2.5500,2.5500,2.5500,2.5500,2.5500,2.5500,2.5500,2.5500,2.5500,2.5500,2.5500,2.5500,2.5500,2.5500,2.5500,2.5499,2.5490,2.5424,2.5092,2.3966,2.1291
207,2.5500,2.5500,2.5500,2.5500,2.5500,2.5500,2.5500,2.5500,2.5500,2.5500,2.5500,2.5500,2.5500,2.5500,2.5500,2.5499,2.5490,2.5423,2.5088,2.3959,2.1282
208,2.5500,2.5500,2.5500,2.5500,2.5500,2.5500,2.5500,2.5500,2.5500,2.5500,2.5500,2.5500,2.5500,2.5500,2.5500,2.5499,2.5490,2.5421,2.5084,2.3951,2.1273
209,2.5500,2.5500,2.5500,2.5500,2.5500,2.5500,2.5500,2.5500,2.5500,2.5500,2.5500,2.5500,2.5500,2.5500,2.5500,2.5499,2.5489,2.5420,2.5080,2.3943,2.1263
210,2.5500,2.5500,2.5500,2.5500,2.5500,2.5500,2.5500,2.5500,2.5500,2.5500,2.5500,2.5500,2.5500,2.5500,2.5500,2.5499,2.5489,2.5419,2.5076,2.3935,2.1254
211,2.5500,2.5500,2.5500,2.5500,2.5500,2.5500,2.5500,2.5500,2.5500,2.5500,2.5500,2.5500,2.5500,2.5500,2.5500,2.5499,2.5489,2.5418,2.5073,2.3928,2.1245
212,2.5500,2.5500,2.5500,2.5500,2.5500,2.5500,2.5500,2.5500,2.5500,2.5500,2.5500,2.5500,2.5500,2.5500,2.5500,2.5499,2.5489,2.5416,2.5069,2.3920,2.1236
213,2.5500,2.5500,2.5500,2.5500,2.5500,2.5500,2.5500,2.5500,2.5500,2.5500,2.5500,2.5500,2.5500,2.5500,2.5500,2.5499,2.5488,2.5415,2.5065,2.3912,2.1227
214,2.5500,2.5500,2.5500,2.5500,2.5500,2.5500,2.5500,2.5500,2.5500,2.5500,2.5500,2.5500,2.5500,2.5500,2.5500,2.5499,2.5488,2.5414,2.5061,2.3904,2.1218
215,2.5500,2.5500,2.5500,2.5500,2.5500,2.5500,2.5500,2.5500,2.5500,2.5500,2.5500,2.5500,2.5500,2.5500,2.5500,2.5499,2.5488,2.5413,2.5057,2.3897,2.1209
216,2.5500,2.5500,2.5500,2.5500,2.5500,2.5500,2.5500,2.5500,2.5500,2.5500,2.5500,2.5500,2.5500,2.5500,2.5500,2.5499,2.5488,2.5411,2.5053,2.3889,2.1200
217,2.5500,2.5500,2.5500,2.5500,2.5500,2.5500,2.5500,2.5500,2.5500,2.5500,2.5500,2.5500,2.5500,2.5500,2.5500,2.5499,2.5487,2.5410,2.5049,2.3881,2.1191
218,2.5500,2.5500,2.5500,2.5500,2.5500,2.5500,2.5500,2.5500,2.5500,2.5500,2.5500,2.5500,2.5500,2.5500,2.5500,2.5499,2.5487,2.5409,2.5045,2.3874,2.1182
219,2.5500,2.5500,2.5500,2.5500,2.5500,2.5500,2.5500,2.5500,2.5500,2.5500,2.5500,2.5500,2.5500,2.5500,2.5500,2.5499,2.5487,2.5407,2.5041,2.3866,2.1173
220,2.5500,2.5500,2.5500,2.5500,2.5500,2.5500,2.5500,2.5500,2.5500,2.5500,2.5500,2.5500,2.5500,2.5500,2.5500,2.5499,2.5487,2.5406,2.5037,2.3858,2.1164
221,2.5500,2.5500,2.5500,2.5500,2.5500,2.5500,2.5500,2.5500,2.5500,2.5500,2.5500,2.5500,2.5500,2.5500,2.5500,2.5499,2.5486,2.5405,2.5033,2.3851,2.1155
222,2.5500,2.5500,2.5500,2.5500,2.5500,2.5500,2.5500,2.5500,2.5500,2.5500,2.5500,2.5500,2.5500,2.5500,2.5500,2.5499,2.5486,2.5403,2.5029,2.3843,2.1146
223,2.5500,2.5500,2.5500,2.5500,2.5500,2.5500,2.5500,2.5500,2.5500,2.5500,2.5500,2.5500,2.5500,2.5500,2.5500,2.5499,2.5486,2.5402,2.5025,2.3836,2.1137
224,2.5500,2.5500,2.5500,2.5500,2.5500,2.5500,2.5500,2.5500,2.5500,2.5500,2.5500,2.5500,2.5500,2.5500,2.5500,2.5498,2.5485,2.5401,2.5020,2.3828,2.1128
225,2.5500,2.5500,2.5500,2.5500,2.5500,2.5500,2.5500,2.5500,2.5500,2.5500,2.5500,2.5500,2.5500,2.5500,2.5500,2.5498,2.5485,2.5399,2.5016,2.3821,2.1119
226,2.5500,2.5500,2.5500,2.5500,2.5500,2.5500,2.5500,2.5500,2.5500,2.5500,2.5500,2.5500,2.5500,2.5500,2.5500,2.5498,2.5485,2.5398,2.5012,2.3813,2.1111
227,2.5500,2.5500,2.5500,2.5500,2.5500,2.5500,2.5500,2.5500,2.5500,2.5500,2.5500,2.5500,2.5500,2.5500,2.5500,2.5498,2.5484,2.5396,2.5008,2.3805,2.1102
228,2.5500,2.5500,2.5500,2.5500,2.5500,2.5500,2.5500,2.5500,2.5500,2.5500,2.5500,2.5500,2.5500,2.5500,2.5500,2.5498,2.5484,2.5395,2.5004,2.3798,2.1093
229,2.5500,2.5500,2.5500,2.5500,2.5500,2.5500,2.5500,2.5500,2.5500,2.5500,2.5500,2.5500,2.5500,2.5500,2.5500,2.5498,2.5484,2.5394,2.5000,2.3790,2.1084
230,2.5500,2.5500,2.5500,2.5500,2.5500,2.5500,2.5500,2.5500,2.5500,2.5500,2.5500,2.5500,2.5500,2.5500,2.5500,2.5498,2.5483,2.5392,2.4996,2.3783,2.1076
231,2.5500,2.5500,2.5500,2.5500,2.5500,2.5500,2.5500,2.5500,2.5500,2.5500,2.5500,2.5500,2.5500,2.5500,2.5500,2.5498,2.5483,2.5391,2.4992,2.3775,2.1067
232,2.5500,2.5500,2.5500,2.5500,2.5500,2.5500,2.5500,2.5500,2.5500,2.5500,2.5500,2.5500,2.5500,2.5500,2.5500,2.5498,2.5483,2.5389,2.4988,2.3768,2.1058
233,2.5500,2.5500,2.5500,2.5500,2.5500,2.5500,2.5500,2.5500,2.5500,2.5500,2.5500,2.5500,2.5500,2.5500,2.5500,2.5498,2.5482,2.5388,2.4984,2.3760,2.1050
234,2.5500,2.5500,2.5500,2.5500,2.5500,2.5500,2.5500,2.5500,2.5500,2.5500,2.5500,2.5500,2.5500,2.5500,2.5500,2.5498,2.5482,2.5386,2.4980,2.3753,2.1041
235,2.5500,2.5500,2.5500,2.5500,2.5500,2.5500,2.5500,2.5500,2.5500,2.5500,2.5500,2.5500,2.5500,2.5500,2.5500,2.5498,2.5482,2.5385,2.4976,2.3746,2.1033
236,2.5500,2.5500,2.5500,2.5500,2.5500,2.5500,2.5500,2.5500,2.5500,2.5500,2.5500,2.5500,2.5500,2.5500,2.5500,2.5498,2.5481,2.5383,2.4972,2.3738,2.1024
237,2.5500,2.5500,2.5500,2.5500,2.5500,2.5500,2.5500,2.5500,2.5500,2.5500,2.5500,2.5500,2.5500,2.5500,2.5500,2.5498,2.5481,2.5382,2.4967,2.3731,2.1016
238,2.5500,2.5500,2.5500,2.5500,2.5500,2.5500,2.5500,2.5500,2.5500,2.5500,2.5500,2.5500,2.5500,2.5500,2.5500,2.5498,2.5481,2.5380,2.4963,2.3723,2.1007
239,2.5500,2.5500,2.5500,2.5500,2.5500,2.5500,2.5500,2.5500,2.5500,2.5500,2.5500,2.5500,2.5500,2.5500,2.5500,2.5498,2.5480,2.5379,2.4959,2.3716,2.0999
240,2.5500,2.5500,2.5500,2.5500,2.5500,2.5500,2.5500,2.5500,2.5500,2.5500,2.5500,2.5500,2.5500,2.5500,2.5500,2.5498,2.5480,2.5377,2.4955,2.3708,2.0990
241,2.5500,2.5500,2.5500,2.5500,2.5500,2.5500,2.5500,2.5500,2.5500,2.5500,2.5500,2.5500,2.5500,2.5500,2.5500,2.5498,2.5480,2.5376,2.4951,2.3701,2.0982
242,2.5500,2.5500,2.5500,2.5500,2.5500,2.5500,2.5500,2.5500,2.5500,2.5500,2.5500,2.5500,2.5500,2.5500,2.5500,2.5498,2.5479,2.5374,2.4947,2.3694,2.0973
243,2.5500,2.5500,2.5500,2.5500,2.5500,2.5500,2.5500,2.5500,2.5500,2.5500,2.5500,2.5500,2.5500,2.5500,2.5500,2.5497,2.5479,2.5373,2.4943,2.3686,2.0965
244,2.5500,2.5500,2.5500,2.5500,2.5500,2.5500,2.5500,2.5500,2.5500,2.5500,2.5500,2.5500,2.5500,2.5500,2.5500,2.5497,2.5478,2.5371,2.4939,2.3679,2.0956
245,2.5500,2.5500,2.5500,2.5500,2.5500,2.5500,2.5500,2.5500,2.5500,2.5500,2.5500,2.5500,2.5500,2.5500,2.5500,2.5497,2.5478,2.5370,2.4934,2.3672,2.0948
246,2.5500,2.5500,2.5500,2.5500,2.5500,2.5500,2.5500,2.5500,2.5500,2.5500,2.5500,2.5500,2.5500,2.5500,2.5500,2.5497,2.5478,2.5368,2.4930,2.3664,2.0940
247,2.5500,2.5500,2.5500,2.5500,2.5500,2.5500,2.5500,2.5500,2.5500,2.5500,2.5500,2.5500,2.5500,2.5500,2.5500,2.5497,2.5477,2.5367,2.4926,2.3657,2.0931
248,2.5500,2.5500,2.5500,2.5500,2.5500,2.5500,2.5500,2.5500,2.5500,2.5500,2.5500,2.5500,2.5500,2.5500,2.5500,2.5497,2.5477,2.5365,2.4922,2.3650,2.0923
249,2.5500,2.5500,2.5500,2.5500,2.5500,2.5500,2.5500,2.5500,2.5500,2.5500,2.5500,2.5500,2.5500,2.5500,2.5500,2.5497,2.5476,2.5363,2.4918,2.3643,2.0915
250,2.5500,2.5500,2.5500,2.5500,2.5500,2.5500,2.5500,2.5500,2.5500,2.5500,2.5500,2.5500,2.5500,2.5500,2.5500,2.5497,2.5476,2.5362,2.4914,2.3635,2.0907
251,2.5500,2.5500,2.5500,2.5500,2.5500,2.5500,2.5500,2.5500,2.5500,2.5500,2.5500,2.5500,2.5500,2.5500,2.5500,2.5497,2.5476,2.5360,2.4909,2.3628,2.0898
252,2.5500,2.5500,2.5500,2.5500,2.5500,2.5500,2.5500,2.5500,2.5500,2.5500,2.5500,2.5500,2.5500,2.5500,2.5500,2.5497,2.5475,2.5359,2.4905,2.3621,2.0890
253,2.5500,2.5500,2.5500,2.5500,2.5500,2.5500,2.5500,2.5500,2.5500,2.5500,2.5500,2.5500,2.5500,2.5500,2.5500,2.5497,2.5475,2.5357,2.4901,2.3614,2.0882
254,2.5500,2.5500,2.5500,2.5500,2.5500,2.5500,2.5500,2.5500,2.5500,2.5500,2.5500,2.5500,2.5500,2.5500,2.5500,2.5497,2.5474,2.5355,2.4897,2.3606,2.0874
255,2.5500,2.5500,2.5500,2.5500,2.5500,2.5500,2.5500,2.5500,2.5500,2.5500,2.5500,2.5500,2.5500,2.5500,2.5500,2.5497,2.5474,2.5354,2.4893,2.3599,2.0865
256,2.5500,2.5500,2.5500,2.5500,2.5500,2.5500,2.5500,2.5500,2.5500,2.5500,2.5500,2.5500,2.5500,2.5500,2.5500,2.5497,2.5474,2.5352,2.4888,2.3592,2.0857
257,2.5500,2.5500,2.5500,2.5500,2.5500,2.5500,2.5500,2.5500,2.5500,2.5500,2.5500,2.5500,2.5500,2.5500,2.5500,2.5496,2.5473,2.5350,2.4884,2.3585,2.0849
258,2.5500,2.5500,2.5500,2.5500,2.5500,2.5500,2.5500,2.5500,2.5500,2.5500,2.5500,2.5500,2.5500,2.5500,2.5500,2.5496,2.5473,2.5349,2.4880,2.3578,2.0841
259,2.5500,2.5500,2.5500,2.5500,2.5500,2.5500,2.5500,2.5500,2.5500,2.5500,2.5500,2.5500,2.5500,2.5500,2.5500,2.5496,2.5472,2.5347,2.4876,2.3570,2.0833
260,2.5500,2.5500,2.5500,2.5500,2.5500,2.5500,2.5500,2.5500,2.5500,2.5500,2.5500,2.5500,2.5500,2.5500,2.5500,2.5496,2.5472,2.5345,2.4872,2.3563,2.0825
261,2.5500,2.5500,2.5500,2.5500,2.5500,2.5500,2.5500,2.5500,2.5500,2.5500,2.5500,2.5500,2.5500,2.5500,2.5500,2.5496,2.5471,2.5344,2.4868,2.3556,2.0817
262,2.5500,2.5500,2.5500,2.5500,2.5500,2.5500,2.5500,2.5500,2.5500,2.5500,2.5500,2.5500,2.5500,2.5500,2.5500,2.5496,2.5471,2.5342,2.4863,2.3549,2.0809
263,2.5500,2.5500,2.5500,2.5500,2.5500,2.5500,2.5500,2.5500,2.5500,2.5500,2.5500,2.5500,2.5500,2.5500,2.5500,2.5496,2.5470,2.5340,2.4859,2.3542,2.0801
264,2.5500,2.5500,2.5500,2.5500,2.5500,2.5500,2.5500,2.5500,2.5500,2.5500,2.5500,2.5500,2.5500,2.5500,2.5500,2.5496,2.5470,2.5339,2.4855,2.3535,2.0793
265,2.5500,2.5500,2.5500,2.5500,2.5500,2.5500,2.5500,2.5500,2.5500,2.5500,2.5500,2.5500,2.5500,2.5500,2.5500,2.5496,2.5469,2.5337,2.4851,2.3528,2.0785
266,2.5500,2.5500,2.5500,2.5500,2.5500,2.5500,2.5500,2.5500,2.5500,2.5500,2.5500,2.5500,2.5500,2.5500,2.5500,2.5496,2.5469,2.5335,2.4846,2.3521,2.0777
267,2.5500,2.5500,2.5500,2.5500,2.5500,2.5500,2.5500,2.5500,2.5500,2.5500,2.5500,2.5500,2.5500,2.5500,2.5500,2.5496,2.5468,2.5334,2.4842,2.3514,2.0769
268,2.5500,2.5500,2.5500,2.5500,2.5500,2.5500,2.5500,2.5500,2.5500,2.5500,2.5500,2.5500,2.5500,2.5500,2.5500,2.5495,2.5468,2.5332,2.4838,2.3507,2.0761
269,2.5500,2.5500,2.5500,2.5500,2.5500,2.5500,2.5500,2.5500,2.5500,2.5500,2.5500,2.5500,2.5500,2.5500,2.5500,2.5495,2.5467,2.5330,2.4834,2.3499,2.0753
270,2.5500,2.5500,2.5500,2.5500,2.5500,2.5500,2.5500,2.5500,2.5500,2.5500,2.5500,2.5500,2.5500,2.5500,2.5499,2.5495,2.5467,2.5328,2.4830,2.3492,2.0745
271,2.5500,2.5500,2.5500,2.5500,2.5500,2.5500,2.5500,2.5500,2.5500,2.5500,2.5500,2.5500,2.5500,2.5500,2.5499,2.5495,2.5466,2.5327,2.4825,2.3485,2.0737
272,2.5500,2.5500,2.5500,2.5500,2.5500,2.5500,2.5500,2.5500,2.5500,2.5500,2.5500,2.5500,2.5500,2.5500,2.5499,2.5495,2.5466,2.5325,2.4821,2.3478,2.0730
273,2.5500,2.5500,2.5500,2.5500,2.5500,2.5500,2.5500,2.5500,2.5500,2.5500,2.5500,2.5500,2.5500,2.5500,2.5499,2.5495,2.5465,2.5323,2.4817,2.3471,2.0722
274,2.5500,2.5500,2.5500,2.5500,2.5500,2.5500,2.5500,2.5500,2.5500,2.5500,2.5500,2.5500,2.5500,2.5500,2.5499,2.5495,2.5465,2.5321,2.4813,2.3464,2.0714
275,2.5500,2.5500,2.5500,2.5500,2.5500,2.5500,2.5500,2.5500,2.5500,2.5500,2.5500,2.5500,2.5500,2.5500,2.5499,2.5495,2.5464,2.5320,2.4808,2.3457,2.0706
276,2.5500,2.5500,2.5500,2.5500,2.5500,2.5500,2.5500,2.5500,2.5500,2.5500,2.5500,2.5500,2.5500,2.5500,2.5499,2.5495,2.5464,2.5318,2.4804,2.3450,2.0698
277,2.5500,2.5500,2.5500,2.5500,2.5500,2.5500,2.5500,2.5500,2.5500,2.5500,2.5500,2.5500,2.5500,2.5500,2.5499,2.5495,2.5463,2.5316,2.4800,2.3443,2.0691
278,2.5500,2.5500,2.5500,2.5500,2.5500,2.5500,2.5500,2.5500,2.5500,2.5500,2.5500,2.5500,2.5500,2.5500,2.5499,2.5494,2.5463,2.5314,2.4796,2.3436,2.0683
279,2.5500,2.5500,2.5500,2.5500,2.5500,2.5500,2.5500,2.5500,2.5500,2.5500,2.5500,2.5500,2.5500,2.5500,2.5499,2.5494,2.5462,2.5312,2.4791,2.3430,2.0675
280,2.5500,2.5500,2.5500,2.5500,2.5500,2.5500,2.5500,2.5500,2.5500,2.5500,2.5500,2.5500,2.5500,2.5500,2.5499,2.5494,2.5462,2.5311,2.4787,2.3423,2.0668
281,2.5500,2.5500,2.5500,2.5500,2.5500,2.5500,2.5500,2.5500,2.5500,2.5500,2.5500,2.5500,2.5500,2.5500,2.5499,2.5494,2.5461,2.5309,2.4783,2.3416,2.0660
282,2.5500,2.5500,2.5500,2.5500,2.5500,2.5500,2.5500,2.5500,2.5500,2.5500,2.5500,2.5500,2.5500,2.5500,2.5499,2.5494,2.5461,2.5307,2.4779,2.3409,2.0652
283,2.5500,2.5500,2.5500,2.5500,2.5500,2.5500,2.5500,2.5500,2.5500,2.5500,2.5500,2.5500,2.5500,2.5500,2.5499,2.5494,2.5460,2.5305,2.4774,2.3402,2.0645
284,2.5500,2.5500,2.5500,2.5500,2.5500,2.5500,2.5500,2.5500,2.5500,2.5500,2.5500,2.5500,2.5500,2.5500,2.5499,2.5494,2.5460,2.5303,2.4770,2.3395,2.0637
285,2.5500,2.5500,2.5500,2.5500,2.5500,2.5500,2.5500,2.5500,2.5500,2.5500,2.5500,2.5500,2.5500,2.5500,2.5499,2.5494,2.5459,2.5301,2.4766,2.3388,2.0629
286,2.5500,2.5500,2.5500,2.5500,2.5500,2.5500,2.5500,2.5500,2.5500,2.5500,2.5500,2.5500,2.5500,2.5500,2.5499,2.5493,2.5458,2.5300,2.4762,2.3381,2.0622
287,2.5500,2.5500,2.5500,2.5500,2.5500,2.5500,2.5500,2.5500,2.5500,2.5500,2.5500,2.5500,2.5500,2.5500,2.5499,2.5493,2.5458,2.5298,2.4757,2.3374,2.0614
288,2.5500,2.5500,2.5500,2.5500,2.5500,2.5500,2.5500,2.5500,2.5500,2.5500,2.5500,2.5500,2.5500,2.5500,2.5499,2.5493,2.5457,2.5296,2.4753,2.3368,2.0606
289,2.5500,2.5500,2.5500,2.5500,2.5500,2.5500,2.5500,2.5500,2.5500,2.5500,2.5500,2.5500,2.5500,2.5500,2.5499,2.5493,2.5457,2.5294,2.4749,2.3361,2.0599
290,2.5500,2.5500,2.5500,2.5500,2.5500,2.5500,2.5500,2.5500,2.5500,2.5500,2.5500,2.5500,2.5500,2.5500,2.5499,2.5493,2.5456,2.5292,2.4745,2.3354,2.0591
291,2.5500,2.5500,2.5500,2.5500,2.5500,2.5500,2.5500,2.5500,2.5500,2.5500,2.5500,2.5500,2.5500,2.5500,2.5499,2.5493,2.5455,2.5290,2.4740,2.3347,2.0584
292,2.5500,2.5500,2.5500,2.5500,2.5500,2.5500,2.5500,2.5500,2.5500,2.5500,2.5500,2.5500,2.5500,2.5500,2.5499,2.5493,2.5455,2.5288,2.4736,2.3340,2.0576
293,2.5500,2.5500,2.5500,2.5500,2.5500,2.5500,2.5500,2.5500,2.5500,2.5500,2.5500,2.5500,2.5500,2.5500,2.5499,2.5493,2.5454,2.5286,2.4732,2.3333,2.0569
294,2.5500,2.5500,2.5500,2.5500,2.5500,2.5500,2.5500,2.5500,2.5500,2.5500,2.5500,2.5500,2.5500,2.5500,2.5499,2.5492,2.5454,2.5285,2.4727,2.3327,2.0561
295,2.5500,2.5500,2.5500,2.5500,2.5500,2.5500,2.5500,2.5500,2.5500,2.5500,2.5500,2.5500,2.5500,2.5500,2.5499,2.5492,2.5453,2.5283,2.4723,2.3320,2.0554
296,2.5500,2.5500,2.5500,2.5500,2.5500,2.5500,2.5500,2.5500,2.5500,2.5500,2.5500,2.5500,2.5500,2.5500,2.5499,2.5492,2.5452,2.5281,2.4719,2.3313,2.0546
297,2.5500,2.5500,2.5500,2.5500,2.5500,2.5500,2.5500,2.5500,2.5500,2.5500,2.5500,2.5500,2.5500,2.5500,2.5499,2.5492,2.5452,2.5279,2.4715,2.3306,2.0539
298,2.5500,2.5500,2.5500,2.5500,2.5500,2.5500,2.5500,2.5500,2.5500,2.5500,2.5500,2.5500,2.5500,2.5500,2.5499,2.5492,2.5451,2.5277,2.4710,2.3300,2.0532
299,2.5500,2.5500,2.5500,2.5500,2.5500,2.5500,2.5500,2.5500,2.5500,2.5500,2.5500,2.5500,2.5500,2.5500,2.5499,2.5492,2.5451,2.5275,2.4706,2.3293,2.0524
300,2.5500,2.5500,2.5500,2.5500,2.5500,2.5500,2.5500,2.5500,2.5500,2.5500,2.5500,2.5500,2.5500,2.5500,2.5499,2.5492,2.5450,2.5273,2.4702,2.3286,2.0517
301,2.5500,2.5500,2.5500,2.5500,2.5500,2.5500,2.5500,2.5500,2.5500,2.5500,2.5500,2.5500,2.5500,2.5500,2.5499,2.5491,2.5449,2.5271,2.4698,2.3279,2.0510
302,2.5500,2.5500,2.5500,2.5500,2.5500,2.5500,2.5500,2.5500,2.5500,2.5500,2.5500,2.5500,2.5500,2.5500,2.5499,2.5491,2.5449,2.5269,2.4693,2.3273,2.0502
303,2.5500,2.5500,2.5500,2.5500,2.5500,2.5500,2.5500,2.5500,2.5500,2.5500,2.5500,2.5500,2.5500,2.5500,2.5499,2.5491,2.5448,2.5267,2.4689,2.3266,2.0495
304,2.5500,2.5500,2.5500,2.5500,2.5500,2.5500,2.5500,2.5500,2.5500,2.5500,2.5500,2.5500,2.5500,2.5500,2.5499,2.5491,2.5447,2.5265,2.4685,2.3259,2.0488
305,2.5500,2.5500,2.5500,2.5500,2.5500,2.5500,2.5500,2.5500,2.5500,2.5500,2.5500,2.5500,2.5500,2.5500,2.5499,2.5491,2.5447,2.5263,2.4680,2.3253,2.0480
306,2.5500,2.5500,2.5500,2.5500,2.5500,2.5500,2.5500,2.5500,2.5500,2.5500,2.5500,2.5500,2.5500,2.5500,2.5499,2.5491,2.5446,2.5261,2.4676,2.3246,2.0473
307,2.5500,2.5500,2.5500,2.5500,2.5500,2.5500,2.5500,2.5500,2.5500,2.5500,2.5500,2.5500,2.5500,2.5500,2.5499,2.5490,2.5445,2.5259,2.4672,2.3239,2.0466
308,2.5500,2.5500,2.5500,2.5500,2.5500,2.5500,2.5500,2.5500,2.5500,2.5500,2.5500,2.5500,2.5500,2.5500,2.5499,2.5490,2.5445,2.5257,2.4668,2.3233,2.0458
309,2.5500,2.5500,2.5500,2.5500,2.5500,2.5500,2.5500,2.5500,2.5500,2.5500,2.5500,2.5500,2.5500,2.5500,2.5499,2.5490,2.5444,2.5255,2.4663,2.3226,2.0451
310,2.5500,2.5500,2.5500,2.5500,2.5500,2.5500,2.5500,2.5500,2.5500,2.5500,2.5500,2.5500,2.5500,2.5500,2.5499,2.5490,2.5443,2.5253,2.4659,2.3219,2.0444
311,2.5500,2.5500,2.5500,2.5500,2.5500,2.5500,2.5500,2.5500,2.5500,2.5500,2.5500,2.5500,2.5500,2.5500,2.5499,2.5490,2.5443,2.5251,2.4655,2.3213,2.0437
312,2.5500,2.5500,2.5500,2.5500,2.5500,2.5500,2.5500,2.5500,2.5500,2.5500,2.5500,2.5500,2.5500,2.5500,2.5499,2.5490,2.5442,2.5249,2.4650,2.3206,2.0429
313,2.5500,2.5500,2.5500,2.5500,2.5500,2.5500,2.5500,2.5500,2.5500,2.5500,2.5500,2.5500,2.5500,2.5500,2.5499,2.5489,2.5441,2.5247,2.4646,2.3200,2.0422
314,2.5500,2.5500,2.5500,2.5500,2.5500,2.5500,2.5500,2.5500,2.5500,2.5500,2.5500,2.5500,2.5500,2.5500,2.5499,2.5489,2.5441,2.5245,2.4642,2.3193,2.0415
315,2.5500,2.5500,2.5500,2.5500,2.5500,2.5500,2.5500,2.5500,2.5500,2.5500,2.5500,2.5500,2.5500,2.5500,2.5498,2.5489,2.5440,2.5243,2.4638,2.3186,2.0408
316,2.5500,2.5500,2.5500,2.5500,2.5500,2.5500,2.5500,2.5500,2.5500,2.5500,2.5500,2.5500,2.5500,2.5500,2.5498,2.5489,2.5439,2.5241,2.4633,2.3180,2.0401
317,2.5500,2.5500,2.5500,2.5500,2.5500,2.5500,2.5500,2.5500,2.5500,2.5500,2.5500,2.5500,2.5500,2.5500,2.5498,2.5489,2.5439,2.5239,2.4629,2.3173,2.0394
318,2.5500,2.5500,2.5500,2.5500,2.5500,2.5500,2.5500,2.5500,2.5500,2.5500,2.5500,2.5500,2.5500,2.5500,2.5498,2.5489,2.5438,2.5237,2.4625,2.3167,2.0387
319,2.5500,2.5500,2.5500,2.5500,2.5500,2.5500,2.5500,2.5500,2.5500,2.5500,2.5500,2.5500,2.5500,2.5500,2.5498,2.5488,2.5437,2.5235,2.4620,2.3160,2.0379
320,2.5500,2.5500,2.5500,2.5500,2.5500,2.5500,2.5500,2.5500,2.5500,2.5500,2.5500,2.5500,2.5500,2.5500,2.5498,2.5488,2.5436,2.5233,2.4616,2.3154,2.0372
321,2.5500,2.5500,2.5500,2.5500,2.5500,2.5500,2.5500,2.5500,2.5500,2.5500,2.5500,2.5500,2.5500,2.5500,2.5498,2.5488,2.5436,2.5231,2.4612,2.3147,2.0365
322,2.5500,2.5500,2.5500,2.5500,2.5500,2.5500,2.5500,2.5500,2.5500,2.5500,2.5500,2.5500,2.5500,2.5500,2.5498,2.5488,2.5435,2.5229,2.4607,2.3141,2.0358
323,2.5500,2.5500,2.5500,2.5500,2.5500,2.5500,2.5500,2.5500,2.5500,2.5500,2.5500,2.5500,2.5500,2.5500,2.5498,2.5488,2.5434,2.5227,2.4603,2.3134,2.0351
324,2.5500,2.5500,2.5500,2.5500,2.5500,2.5500,2.5500,2.5500,2.5500,2.5500,2.5500,2.5500,2.5500,2.5500,2.5498,2.5487,2.5434,2.5225,2.4599,2.3128,2.0344
325,2.5500,2.5500,2.5500,2.5500,2.5500,2.5500,2.5500,2.5500,2.5500,2.5500,2.5500,2.5500,2.5500,2.5500,2.5498,2.5487,2.5433,2.5223,2.4595,2.3121,2.0337
326,2.5500,2.5500,2.5500,2.5500,2.5500,2.5500,2.5500,2.5500,2.5500,2.5500,2.5500,2.5500,2.5500,2.5500,2.5498,2.5487,2.5432,2.5221,2.4590,2.3115,2.0330
327,2.5500,2.5500,2.5500,2.5500,2.5500,2.5500,2.5500,2.5500,2.5500,2.5500,2.5500,2.5500,2.5500,2.5500,2.5498,2.5487,2.5431,2.5218,2.4586,2.3108,2.0323
328,2.5500,2.5500,2.5500,2.5500,2.5500,2.5500,2.5500,2.5500,2.5500,2.5500,2.5500,2.5500,2.5500,2.5500,2.5498,2.5487,2.5431,2.5216,2.4582,2.3102,2.0316
329,2.5500,2.5500,2.5500,2.5500,2.5500,2.5500,2.5500,2.5500,2.5500,2.5500,2.5500,2.5500,2.5500,2.5500,2.5498,2.5486,2.5430,2.5214,2.4577,2.3095,2.0309
330,2.5500,2.5500,2.5500,2.5500,2.5500,2.5500,2.5500,2.5500,2.5500,2.5500,2.5500,2.5500,2.5500,2.5500,2.5498,2.5486,2.5429,2.5212,2.4573,2.3089,2.0302
331,2.5500,2.5500,2.5500,2.5500,2.5500,2.5500,2.5500,2.5500,2.5500,2.5500,2.5500,2.5500,2.5500,2.5500,2.5498,2.5486,2.5428,2.5210,2.4569,2.3082,2.0295
332,2.5500,2.5500,2.5500,2.5500,2.5500,2.5500,2.5500,2.5500,2.5500,2.5500,2.5500,2.5500,2.5500,2.5500,2.5498,2.5486,2.5428,2.5208,2.4564,2.3076,2.0288
333,2.5500,2.5500,2.5500,2.5500,2.5500,2.5500,2.5500,2.5500,2.5500,2.5500,2.5500,2.5500,2.5500,2.5500,2.5498,2.5486,2.5427,2.5206,2.4560,2.3070,2.0281
334,2.5500,2.5500,2.5500,2.5500,2.5500,2.5500,2.5500,2.5500,2.5500,2.5500,2.5500,2.5500,2.5500,2.5500,2.5498,2.5485,2.5426,2.5204,2.4556,2.3063,2.0275
335,2.5500,2.5500,2.5500,2.5500,2.5500,2.5500,2.5500,2.5500,2.5500,2.5500,2.5500,2.5500,2.5500,2.5500,2.5498,2.5485,2.5425,2.5202,2.4552,2.3057,2.0268
336,2.5500,2.5500,2.5500,2.5500,2.5500,2.5500,2.5500,2.5500,2.5500,2.5500,2.5500,2.5500,2.5500,2.5500,2.5498,2.5485,2.5424,2.5199,2.4547,2.3050,2.0261
337,2.5500,2.5500,2.5500,2.5500,2.5500,2.5500,2.5500,2.5500,2.5500,2.5500,2.5500,2.5500,2.5500,2.5500,2.5498,2.5485,2.5424,2.5197,2.4543,2.3044,2.0254
338,2.5500,2.5500,2.5500,2.5500,2.5500,2.5500,2.5500,2.5500,2.5500,2.5500,2.5500,2.5500,2.5500,2.5500,2.5498,2.5485,2.5423,2.5195,2.4539,2.3038,2.0247
339,2.5500,2.5500,2.5500,2.5500,2.5500,2.5500,2.5500,2.5500,2.5500,2.5500,2.5500,2.5500,2.5500,2.5500,2.5498,2.5484,2.5422,2.5193,2.4534,2.3031,2.0240
340,2.5500,2.5500,2.5500,2.5500,2.5500,2.5500,2.5500,2.5500,2.5500,2.5500,2.5500,2.5500,2.5500,2.5500,2.5497,2.5484,2.5421,2.5191,2.4530,2.3025,2.0233
341,2.5500,2.5500,2.5500,2.5500,2.5500,2.5500,2.5500,2.5500,2.5500,2.5500,2.5500,2.5500,2.5500,2.5500,2.5497,2.5484,2.5420,2.5189,2.4526,2.3019,2.0227
342,2.5500,2.5500,2.5500,2.5500,2.5500,2.5500,2.5500,2.5500,2.5500,2.5500,2.5500,2.5500,2.5500,2.5500,2.5497,2.5484,2.5420,2.5187,2.4522,2.3012,2.0220
343,2.5500,2.5500,2.5500,2.5500,2.5500,2.5500,2.5500,2.5500,2.5500,2.5500,2.5500,2.5500,2.5500,2.5500,2.5497,2.5483,2.5419,2.5184,2.4517,2.3006,2.0213
344,2.5500,2.5500,2.5500,2.5500,2.5500,2.5500,2.5500,2.5500,2.5500,2.5500,2.5500,2.5500,2.5500,2.5500,2.5497,2.5483,2.5418,2.5182,2.4513,2.3000,2.0206
345,2.5500,2.5500,2.5500,2.5500,2.5500,2.5500,2.5500,2.5500,2.5500,2.5500,2.5500,2.5500,2.5500,2.5500,2.5497,2.5483,2.5417,2.5180,2.4509,2.2993,2.0200
346,2.5500,2.5500,2.5500,2.5500,2.5500,2.5500,2.5500,2.5500,2.5500,2.5500,2.5500,2.5500,2.5500,2.5500,2.5497,2.5483,2.5416,2.5178,2.4504,2.2987,2.0193
347,2.5500,2.5500,2.5500,2.5500,2.5500,2.5500,2.5500,2.5500,2.5500,2.5500,2.5500,2.5500,2.5500,2.5500,2.5497,2.5483,2.5416,2.5176,2.4500,2.2981,2.0186
348,2.5500,2.5500,2.5500,2.5500,2.5500,2.5500,2.5500,2.5500,2.5500,2.5500,2.5500,2.5500,2.5500,2.5500,2.5497,2.5482,2.5415,2.5174,2.4496,2.2974,2.0179
349,2.5500,2.5500,2.5500,2.5500,2.5500,2.5500,2.5500,2.5500,2.5500,2.5500,2.5500,2.5500,2.5500,2.5500,2.5497,2.5482,2.5414,2.5171,2.4491,2.2968,2.0173
350,2.5500,2.5500,2.5500,2.5500,2.5500,2.5500,2.5500,2.5500,2.5500,2.5500,2.5500,2.5500,2.5500,2.5500,2.5497,2.5482,2.5413,2.5169,2.4487,2.2962,2.0166
351,2.5500,2.5500,2.5500,2.5500,2.5500,2.5500,2.5500,2.5500,2.5500,2.5500,2.5500,2.5500,2.5500,2.5500,2.5497,2.5482,2.5412,2.5167,2.4483,2.2956,2.0159
352,2.5500,2.5500,2.5500,2.5500,2.5500,2.5500,2.5500,2.5500,2.5500,2.5500,2.5500,2.5500,2.5500,2.5500,2.5497,2.5481,2.5411,2.5165,2.4479,2.2949,2.0153
353,2.5500,2.5500,2.5500,2.5500,2.5500,2.5500,2.5500,2.5500,2.5500,2.5500,2.5500,2.5500,2.5500,2.5500,2.5497,2.5481,2.5410,2.5163,2.4474,2.2943,2.0146
354,2.5500,2.5500,2.5500,2.5500,2.5500,2.5500,2.5500,2.5500,2.5500,2.5500,2.5500,2.5500,2.5500,2.5500,2.5497,2.5481,2.5410,2.5160,2.4470,2.2937,2.0139
355,2.5500,2.5500,2.5500,2.5500,2.5500,2.5500,2.5500,2.5500,2.5500,2.5500,2.5500,2.5500,2.5500,2.5500,2.5497,2.5481,2.5409,2.5158,2.4466,2.2931,2.0133
356,2.5500,2.5500,2.5500,2.5500,2.5500,2.5500,2.5500,2.5500,2.5500,2.5500,2.5500,2.5500,2.5500,2.5500,2.5497,2.5480,2.5408,2.5156,2.4461,2.2925,2.0126
357,2.5500,2.5500,2.5500,2.5500,2.5500,2.5500,2.5500,2.5500,2.5500,2.5500,2.5500,2.5500,2.5500,2.5500,2.5497,2.5480,2.5407,2.5154,2.4457,2.2918,2.0119
358,2.5500,2.5500,2.5500,2.5500,2.5500,2.5500,2.5500,2.5500,2.5500,2.5500,2.5500,2.5500,2.5500,2.5500,2.5497,2.5480,2.5406,2.5151,2.4453,2.2912,2.0113
359,2.5500,2.5500,2.5500,2.5500,2.5500,2.5500,2.5500,2.5500,2.5500,2.5500,2.5500,2.5500,2.5500,2.5500,2.5496,2.5479,2.5405,2.5149,2.4449,2.2906,2.0106
360,2.5500,2.5500,2.5500,2.5500,2.5500,2.5500,2.5500,2.5500,2.5500,2.5500,2.5500,2.5500,2.5500,2.5500,2.5496,2.5479,2.5404,2.5147,2.4444,2.2900,2.0100
361,2.5500,2.5500,2.5500,2.5500,2.5500,2.5500,2.5500,2.5500,2.5500,2.5500,2.5500,2.5500,2.5500,2.5499,2.5496,2.5479,2.5403,2.5145,2.4440,2.2894,2.0093
362,2.5500,2.5500,2.5500,2.5500,2.5500,2.5500,2.5500,2.5500,2.5500,2.5500,2.5500,2.5500,2.5500,2.5499,2.5496,2.5479,2.5403,2.5142,2.4436,2.2887,2.0086
363,2.5500,2.5500,2.5500,2.5500,2.5500,2.5500,2.5500,2.5500,2.5500,2.5500,2.5500,2.5500,2.5500,2.5499,2.5496,2.5478,2.5402,2.5140,2.4431,2.2881,2.0080
364,2.5500,2.5500,2.5500,2.5500,2.5500,2.5500,2.5500,2.5500,2.5500,2.5500,2.5500,2.5500,2.5500,2.5499,2.5496,2.5478,2.5401,2.5138,2.4427,2.2875,2.0073
365,2.5500,2.5500,2.5500,2.5500,2.5500,2.5500,2.5500,2.5500,2.5500,2.5500,2.5500,2.5500,2.5500,2.5499,2.5496,2.5478,2.5400,2.5136,2.4423,2.2869,2.0067
366,2.5500,2.5500,2.5500,2.5500,2.5500,2.5500,2.5500,2.5500,2.5500,2.5500,2.5500,2.5500,2.5500,2.5499,2.5496,2.5478,2.5399,2.5133,2.4419,2.2863,2.0060
367,2.5500,2.5500,2.5500,2.5500,2.5500,2.5500,2.5500,2.5500,2.5500,2.5500,2.5500,2.5500,2.5500,2.5499,2.5496,2.5477,2.5398,2.5131,2.4414,2.2857,2.0054
368,2.5500,2.5500,2.5500,2.5500,2.5500,2.5500,2.5500,2.5500,2.5500,2.5500,2.5500,2.5500,2.5500,2.5499,2.5496,2.5477,2.5397,2.5129,2.4410,2.2851,2.0047
369,2.5500,2.5500,2.5500,2.5500,2.5500,2.5500,2.5500,2.5500,2.5500,2.5500,2.5500,2.5500,2.5500,2.5499,2.5496,2.5477,2.5396,2.5127,2.4406,2.2844,2.0041
370,2.5500,2.5500,2.5500,2.5500,2.5500,2.5500,2.5500,2.5500,2.5500,2.5500,2.5500,2.5500,2.5500,2.5499,2.5496,2.5476,2.5395,2.5124,2.4401,2.2838,2.0034
371,2.5500,2.5500,2.5500,2.5500,2.5500,2.5500,2.5500,2.5500,2.5500,2.5500,2.5500,2.5500,2.5500,2.5499,2.5496,2.5476,2.5394,2.5122,2.4397,2.2832,2.0028
372,2.5500,2.5500,2.5500,2.5500,2.5500,2.5500,2.5500,2.5500,2.5500,2.5500,2.5500,2.5500,2.5500,2.5499,2.5496,2.5476,2.5393,2.5120,2.4393,2.2826,2.0021
373,2.5500,2.5500,2.5500,2.5500,2.5500,2.5500,2.5500,2.5500,2.5500,2.5500,2.5500,2.5500,2.5500,2.5499,2.5496,2.5476,2.5393,2.5118,2.4389,2.2820,2.0015
374,2.5500,2.5500,2.5500,2.5500,2.5500,2.5500,2.5500,2.5500,2.5500,2.5500,2.5500,2.5500,2.5500,2.5499,2.5495,2.5475,2.5392,2.5115,2.4384,2.2814,2.0009
375,2.5500,2.5500,2.5500,2.5500,2.5500,2.5500,2.5500,2.5500,2.5500,2.5500,2.5500,2.5500,2.5500,2.5499,2.5495,2.5475,2.5391,2.5113,2.4380,2.2808,2.0002
376,2.5500,2.5500,2.5500,2.5500,2.5500,2.5500,2.5500,2.5500,2.5500,2.5500,2.5500,2.5500,2.5500,2.5499,2.5495,2.5475,2.5390,2.5111,2.4376,2.2802,1.9996
377,2.5500,2.5500,2.5500,2.5500,2.5500,2.5500,2.5500,2.5500,2.5500,2.5500,2.5500,2.5500,2.5500,2.5499,2.5495,2.5474,2.5389,2.5108,2.4371,2.2796,1.9989
378,2.5500,2.5500,2.5500,2.5500,2.5500,2.5500,2.5500,2.5500,2.5500,2.5500,2.5500,2.5500,2.5500,2.5499,2.5495,2.5474,2.5388,2.5106,2.4367,2.2790,1.9983
379,2.5500,2.5500,2.5500,2.5500,2.5500,2.5500,2.5500,2.5500,2.5500,2.5500,2.5500,2.5500,2.5500,2.5499,2.5495,2.5474,2.5387,2.5104,2.4363,2.2784,1.9977
380,2.5500,2.5500,2.5500,2.5500,2.5500,2.5500,2.5500,2.5500,2.5500,2.5500,2.5500,2.5500,2.5500,2.5499,2.5495,2.5473,2.5386,2.5101,2.4359,2.2778,1.9970
381,2.5500,2.5500,2.5500,2.5500,2.5500,2.5500,2.5500,2.5500,2.5500,2.5500,2.5500,2.5500,2.5500,2.5499,2.5495,2.5473,2.5385,2.5099,2.4354,2.2772,1.9964
382,2.5500,2.5500,2.5500,2.5500,2.5500,2.5500,2.5500,2.5500,2.5500,2.5500,2.5500,2.5500,2.5500,2.5499,2.5495,2.5473,2.5384,2.5097,2.4350,2.2766,1.9958
383,2.5500,2.5500,2.5500,2.5500,2.5500,2.5500,2.5500,2.5500,2.5500,2.5500,2.5500,2.5500,2.5500,2.5499,2.5495,2.5473,2.5383,2.5094,2.4346,2.2760,1.9951
384,2.5500,2.5500,2.5500,2.5500,2.5500,2.5500,2.5500,2.5500,2.5500,2.5500,2.5500,2.5500,2.5500,2.5499,2.5495,2.5472,2.5382,2.5092,2.4342,2.2754,1.9945
385,2.5500,2.5500,2.5500,2.5500,2.5500,2.5500,2.5500,2.5500,2.5500,2.5500,2.5500,2.5500,2.5500,2.5499,2.5495,2.5472,2.5381,2.5090,2.4337,2.2748,1.9939
386,2.5500,2.5500,2.5500,2.5500,2.5500,2.5500,2.5500,2.5500,2.5500,2.5500,2.5500,2.5500,2.5500,2.5499,2.5495,2.5472,2.5380,2.5087,2.4333,2.2742,1.9932
387,2.5500,2.5500,2.5500,2.5500,2.5500,2.5500,2.5500,2.5500,2.5500,2.5500,2.5500,2.5500,2.5500,2.5499,2.5494,2.5471,2.5379,2.5085,2.4329,2.2736,1.9926
388,2.5500,2.5500,2.5500,2.5500,2.5500,2.5500,2.5500,2.5500,2.5500,2.5500,2.5500,2.5500,2.5500,2.5499,2.5494,2.5471,2.5378,2.5083,2.4324,2.2730,1.9920
389,2.5500,2.5500,2.5500,2.5500,2.5500,2.5500,2.5500,2.5500,2.5500,2.5500,2.5500,2.5500,2.5500,2.5499,2.5494,2.5471,2.5377,2.5080,2.4320,2.2724,1.9914
390,2.5500,2.5500,2.5500,2.5500,2.5500,2.5500,2.5500,2.5500,2.5500,2.5500,2.5500,2.5500,2.5500,2.5499,2.5494,2.5470,2.5376,2.5078,2.4316,2.2718,1.9907
391,2.5500,2.5500,2.5500,2.5500,2.5500,2.5500,2.5500,2.5500,2.5500,2.5500,2.5500,2.5500,2.5500,2.5499,2.5494,2.5470,2.5375,2.5076,2.4312,2.2712,1.9901
392,2.5500,2.5500,2.5500,2.5500,2.5500,2.5500,2.5500,2.5500,2.5500,2.5500,2.5500,2.5500,2.5500,2.5499,2.5494,2.5470,2.5374,2.5073,2.4307,2.2706,1.9895
393,2.5500,2.5500,2.5500,2.5500,2.5500,2.5500,2.5500,2.5500,2.5500,2.5500,2.5500,2.5500,2.5500,2.5499,2.5494,2.5469,2.5373,2.5071,2.4303,2.2700,1.9889
394,2.5500,2.5500,2.5500,2.5500,2.5500,2.5500,2.5500,2.5500,2.5500,2.5500,2.5500,2.5500,2.5500,2.5499,2.5494,2.5469,2.5372,2.5069,2.4299,2.2694,1.9882
395,2.5500,2.5500,2.5500,2.5500,2.5500,2.5500,2.5500,2.5500,2.5500,2.5500,2.5500,2.5500,2.5500,2.5499,2.5494,2.5469,2.5371,2.5066,2.4295,2.2689,1.9876
396,2.5500,2.5500,2.5500,2.5500,2.5500,2.5500,2.5500,2.5500,2.5500,2.5500,2.5500,2.5500,2.5500,2.5499,2.5494,2.5468,2.5370,2.5064,2.4290,2.2683,1.9870
397,2.5500,2.5500,2.5500,2.5500,2.5500,2.5500,2.5500,2.5500,2.5500,2.5500,2.5500,2.5500,2.5500,2.5499,2.5494,2.5468,2.5369,2.5061,2.4286,2.2677,1.9864
398,2.5500,2.5500,2.5500,2.5500,2.5500,2.5500,2.5500,2.5500,2.5500,2.5500,2.5500,2.5500,2.5500,2.5499,2.5494,2.5468,2.5368,2.5059,2.4282,2.2671,1.9858
399,2.5500,2.5500,2.5500,2.5500,2.5500,2.5500,2.5500,2.5500,2.5500,2.5500,2.5500,2.5500,2.5500,2.5499,2.5493,2.5467,2.5367,2.5057,2.4278,2.2665,1.9851
400,2.5500,2.5500,2.5500,2.5500,2.5500,2.5500,2.5500,2.5500,2.5500,2.5500,2.5500,2.5500,2.5500,2.5499,2.5493,2.5467,2.5366,2.5054,2.4273,2.2659,1.9845
401,2.5500,2.5500,2.5500,2.5500,2.5500,2.5500,2.5500,2.5500,2.5500,2.5500,2.5500,2.5500,2.5500,2.5499,2.5493,2.5467,2.5365,2.5052,2.4269,2.2653,1.9839
402,2.5500,2.5500,2.5500,2.5500,2.5500,2.5500,2.5500,2.5500,2.5500,2.5500,2.5500,2.5500,2.5500,2.5499,2.5493,2.5466,2.5364,2.5050,2.4265,2.2647,1.9833
403,2.5500,2.5500,2.5500,2.5500,2.5500,2.5500,2.5500,2.5500,2.5500,2.5500,2.5500,2.5500,2.5500,2.5499,2.5493,2.5466,2.5363,2.5047,2.4261,2.2642,1.9827
404,2.5500,2.5500,2.5500,2.5500,2.5500,2.5500,2.5500,2.5500,2.5500,2.5500,2.5500,2.5500,2.5500,2.5499,2.5493,2.5465,2.5362,2.5045,2.4256,2.2636,1.9821
405,2.5500,2.5500,2.5500,2.5500,2.5500,2.5500,2.5500,2.5500,2.5500,2.5500,2.5500,2.5500,2.5500,2.5499,2.5493,2.5465,2.5361,2.5042,2.4252,2.2630,1.9815
406,2.5500,2.5500,2.5500,2.5500,2.5500,2.5500,2.5500,2.5500,2.5500,2.5500,2.5500,2.5500,2.5500,2.5499,2.5493,2.5465,2.5360,2.5040,2.4248,2.2624,1.9809
407,2.5500,2.5500,2.5500,2.5500,2.5500,2.5500,2.5500,2.5500,2.5500,2.5500,2.5500,2.5500,2.5500,2.5499,2.5493,2.5464,2.5358,2.5038,2.4244,2.2618,1.9803
408,2.5500,2.5500,2.5500,2.5500,2.5500,2.5500,2.5500,2.5500,2.5500,2.5500,2.5500,2.5500,2.5500,2.5499,2.5493,2.5464,2.5357,2.5035,2.4239,2.2612,1.9796
409,2.5500,2.5500,2.5500,2.5500,2.5500,2.5500,2.5500,2.5500,2.5500,2.5500,2.5500,2.5500,2.5500,2.5499,2.5492,2.5464,2.5356,2.5033,2.4235,2.2607,1.9790
410,2.5500,2.5500,2.5500,2.5500,2.5500,2.5500,2.5500,2.5500,2.5500,2.5500,2.5500,2.5500,2.5500,2.5499,2.5492,2.5463,2.5355,2.5030,2.4231,2.2601,1.9784
411,2.5500,2.5500,2.5500,2.5500,2.5500,2.5500,2.5500,2.5500,2.5500,2.5500,2.5500,2.5500,2.5500,2.5499,2.5492,2.5463,2.5354,2.5028,2.4227,2.2595,1.9778
412,2.5500,2.5500,2.5500,2.5500,2.5500,2.5500,2.5500,2.5500,2.5500,2.5500,2.5500,2.5500,2.5500,2.5499,2.5492,2.5462,2.5353,2.5026,2.4222,2.2589,1.9772
413,2.5500,2.5500,2.5500,2.5500,2.5500,2.5500,2.5500,2.5500,2.5500,2.5500,2.5500,2.5500,2.5500,2.5499,2.5492,2.5462,2.5352,2.5023,2.4218,2.2584,1.9766
414,2.5500,2.5500,2.5500,2.5500,2.5500,2.5500,2.5500,2.5500,2.5500,2.5500,2.5500,2.5500,2.5500,2.5499,2.5492,2.5462,2.5351,2.5021,2.4214,2.2578,1.9760
415,2.5500,2.5500,2.5500,2.5500,2.5500,2.5500,2.5500,2.5500,2.5500,2.5500,2.5500,2.5500,2.5500,2.5499,2.5492,2.5461,2.5350,2.5018,2.4210,2.2572,1.9754
416,2.5500,2.5500,2.5500,2.5500,2.5500,2.5500,2.5500,2.5500,2.5500,2.5500,2.5500,2.5500,2.5500,2.5499,2.5492,2.5461,2.5349,2.5016,2.4206,2.2566,1.9748
417,2.5500,2.5500,2.5500,2.5500,2.5500,2.5500,2.5500,2.5500,2.5500,2.5500,2.5500,2.5500,2.5500,2.5499,2.5492,2.5461,2.5348,2.5013,2.4201,2.2561,1.9742
418,2.5500,2.5500,2.5500,2.5500,2.5500,2.5500,2.5500,2.5500,2.5500,2.5500,2.5500,2.5500,2.5500,2.5499,2.5491,2.5460,2.5347,2.5011,2.4197,2.2555,1.9736
419,2.5500,2.5500,2.5500,2.5500,2.5500,2.5500,2.5500,2.5500,2.5500,2.5500,2.5500,2.5500,2.5500,2.5498,2.5491,2.5460,2.5345,2.5009,2.4193,2.2549,1.9730
420,2.5500,2.5500,2.5500,2.5500,2.5500,2.5500,2.5500,2.5500,2.5500,2.5500,2.5500,2.5500,2.5500,2.5498,2.5491,2.5459,2.5344,2.5006,2.4189,2.2543,1.9724
421,2.5500,2.5500,2.5500,2.5500,2.5500,2.5500,2.5500,2.5500,2.5500,2.5500,2.5500,2.5500,2.5500,2.5498,2.5491,2.5459,2.5343,2.5004,2.4184,2.2538,1.9718
422,2.5500,2.5500,2.5500,2.5500,2.5500,2.5500,2.5500,2.5500,2.5500,2.5500,2.5500,2.5500,2.5500,2.5498,2.5491,2.5459,2.5342,2.5001,2.4180,2.2532,1.9712
423,2.5500,2.5500,2.5500,2.5500,2.5500,2.5500,2.5500,2.5500,2.5500,2.5500,2.5500,2.5500,2.5500,2.5498,2.5491,2.5458,2.5341,2.4999,2.4176,2.2526,1.9706
424,2.5500,2.5500,2.5500,2.5500,2.5500,2.5500,2.5500,2.5500,2.5500,2.5500,2.5500,2.5500,2.5500,2.5498,2.5491,2.5458,2.5340,2.4996,2.4172,2.2521,1.9701
425,2.5500,2.5500,2.5500,2.5500,2.5500,2.5500,2.5500,2.5500,2.5500,2.5500,2.5500,2.5500,2.5500,2.5498,2.5491,2.5457,2.5339,2.4994,2.4167,2.2515,1.9695
426,2.5500,2.5500,2.5500,2.5500,2.5500,2.5500,2.5500,2.5500,2.5500,2.5500,2.5500,2.5500,2.5500,2.5498,2.5491,2.5457,2.5338,2.4991,2.4163,2.2509,1.9689
427,2.5500,2.5500,2.5500,2.5500,2.5500,2.5500,2.5500,2.5500,2.5500,2.5500,2.5500,2.5500,2.5500,2.5498,2.5490,2.5457,2.5336,2.4989,2.4159,2.2503,1.9683
428,2.5500,2.5500,2.5500,2.5500,2.5500,2.5500,2.5500,2.5500,2.5500,2.5500,2.5500,2.5500,2.5500,2.5498,2.5490,2.5456,2.5335,2.4986,2.4155,2.2498,1.9677
429,2.5500,2.5500,2.5500,2.5500,2.5500,2.5500,2.5500,2.5500,2.5500,2.5500,2.5500,2.5500,2.5500,2.5498,2.5490,2.5456,2.5334,2.4984,2.4151,2.2492,1.9671
430,2.5500,2.5500,2.5500,2.5500,2.5500,2.5500,2.5500,2.5500,2.5500,2.5500,2.5500,2.5500,2.5500,2.5498,2.5490,2.5455,2.5333,2.4982,2.4146,2.2486,1.9665
431,2.5500,2.5500,2.5500,2.5500,2.5500,2.5500,2.5500,2.5500,2.5500,2.5500,2.5500,2.5500,2.5500,2.5498,2.5490,2.5455,2.5332,2.4979,2.4142,2.2481,1.9659
432,2.5500,2.5500,2.5500,2.5500,2.5500,2.5500,2.5500,2.5500,2.5500,2.5500,2.5500,2.5500,2.5500,2.5498,2.5490,2.5454,2.5331,2.4977,2.4138,2.2475,1.9653
433,2.5500,2.5500,2.5500,2.5500,2.5500,2.5500,2.5500,2.5500,2.5500,2.5500,2.5500,2.5500,2.5500,2.5498,2.5490,2.5454,2.5330,2.4974,2.4134,2.2470,1.9648
434,2.5500,2.5500,2.5500,2.5500,2.5500,2.5500,2.5500,2.5500,2.5500,2.5500,2.5500,2.5500,2.5500,2.5498,2.5490,2.5454,2.5328,2.4972,2.4130,2.2464,1.9642
435,2.5500,2.5500,2.5500,2.5500,2.5500,2.5500,2.5500,2.5500,2.5500,2.5500,2.5500,2.5500,2.5500,2.5498,2.5489,2.5453,2.5327,2.4969,2.4125,2.2458,1.9636
436,2.5500,2.5500,2.5500,2.5500,2.5500,2.5500,2.5500,2.5500,2.5500,2.5500,2.5500,2.5500,2.5500,2.5498,2.5489,2.5453,2.5326,2.4967,2.4121,2.2453,1.9630
437,2.5500,2.5500,2.5500,2.5500,2.5500,2.5500,2.5500,2.5500,2.5500,2.5500,2.5500,2.5500,2.5500,2.5498,2.5489,2.5452,2.5325,2.4964,2.4117,2.2447,1.9624
438,2.5500,2.5500,2.5500,2.5500,2.5500,2.5500,2.5500,2.5500,2.5500,2.5500,2.5500,2.5500,2.5500,2.5498,2.5489,2.5452,2.5324,2.4962,2.4113,2.2442,1.9618
439,2.5500,2.5500,2.5500,2.5500,2.5500,2.5500,2.5500,2.5500,2.5500,2.5500,2.5500,2.5500,2.5500,2.5498,2.5489,2.5451,2.5323,2.4959,2.4109,2.2436,1.9613
440,2.5500,2.5500,2.5500,2.5500,2.5500,2.5500,2.5500,2.5500,2.5500,2.5500,2.5500,2.5500,2.5500,2.5498,2.5489,2.5451,2.5321,2.4957,2.4104,2.2430,1.9607
441,2.5500,2.5500,2.5500,2.5500,2.5500,2.5500,2.5500,2.5500,2.5500,2.5500,2.5500,2.5500,2.5500,2.5498,2.5489,2.5450,2.5320,2.4954,2.4100,2.2425,1.9601
442,2.5500,2.5500,2.5500,2.5500,2.5500,2.5500,2.5500,2.5500,2.5500,2.5500,2.5500,2.5500,2.5500,2.5498,2.5489,2.5450,2.5319,2.4952,2.4096,2.2419,1.9595
443,2.5500,2.5500,2.5500,2.5500,2.5500,2.5500,2.5500,2.5500,2.5500,2.5500,2.5500,2.5500,2.5500,2.5498,2.5488,2.5450,2.5318,2.4949,2.4092,2.2414,1.9590
444,2.5500,2.5500,2.5500,2.5500,2.5500,2.5500,2.5500,2.5500,2.5500,2.5500,2.5500,2.5500,2.5500,2.5498,2.5488,2.5449,2.5317,2.4947,2.4088,2.2408,1.9584
445,2.5500,2.5500,2.5500,2.5500,2.5500,2.5500,2.5500,2.5500,2.5500,2.5500,2.5500,2.5500,2.5500,2.5498,2.5488,2.5449,2.5316,2.4944,2.4083,2.2403,1.9578
446,2.5500,2.5500,2.5500,2.5500,2.5500,2.5500,2.5500,2.5500,2.5500,2.5500,2.5500,2.5500,2.5500,2.5498,2.5488,2.5448,2.5314,2.4942,2.4079,2.2397,1.9572
447,2.5500,2.5500,2.5500,2.5500,2.5500,2.5500,2.5500,2.5500,2.5500,2.5500,2.5500,2.5500,2.5500,2.5498,2.5488,2.5448,2.5313,2.4939,2.4075,2.2391,1.9567
448,2.5500,2.5500,2.5500,2.5500,2.5500,2.5500,2.5500,2.5500,2.5500,2.5500,2.5500,2.5500,2.5500,2.5498,2.5488,2.5447,2.5312,2.4937,2.4071,2.2386,1.9561
449,2.5500,2.5500,2.5500,2.5500,2.5500,2.5500,2.5500,2.5500,2.5500,2.5500,2.5500,2.5500,2.5500,2.5498,2.5488,2.5447,2.5311,2.4934,2.4067,2.2380,1.9555
450,2.5500,2.5500,2.5500,2.5500,2.5500,2.5500,2.5500,2.5500,2.5500,2.5500,2.5500,2.5500,2.5500,2.5498,2.5487,2.5446,2.5310,2.4932,2.4063,2.2375,1.9550
451,2.5500,2.5500,2.5500,2.5500,2.5500,2.5500,2.5500,2.5500,2.5500,2.5500,2.5500,2.5500,2.5500,2.5497,2.5487,2.5446,2.5308,2.4929,2.4058,2.2369,1.9544
452,2.5500,2.5500,2.5500,2.5500,2.5500,2.5500,2.5500,2.5500,2.5500,2.5500,2.5500,2.5500,2.5500,2.5497,2.5487,2.5445,2.5307,2.4927,2.4054,2.2364,1.9538
453,2.5500,2.5500,2.5500,2.5500,2.5500,2.5500,2.5500,2.5500,2.5500,2.5500,2.5500,2.5500,2.5500,2.5497,2.5487,2.5445,2.5306,2.4924,2.4050,2.2358,1.9532
454,2.5500,2.5500,2.5500,2.5500,2.5500,2.5500,2.5500,2.5500,2.5500,2.5500,2.5500,2.5500,2.5500,2.5497,2.5487,2.5445,2.5305,2.4922,2.4046,2.2353,1.9527
455,2.5500,2.5500,2.5500,2.5500,2.5500,2.5500,2.5500,2.5500,2.5500,2.5500,2.5500,2.5500,2.5500,2.5497,2.5487,2.5444,2.5303,2.4919,2.4042,2.2347,1.9521
456,2.5500,2.5500,2.5500,2.5500,2.5500,2.5500,2.5500,2.5500,2.5500,2.5500,2.5500,2.5500,2.5500,2.5497,2.5487,2.5444,2.5302,2.4917,2.4037,2.2342,1.9515
457,2.5500,2.5500,2.5500,2.5500,2.5500,2.5500,2.5500,2.5500,2.5500,2.5500,2.5500,2.5500,2.5500,2.5497,2.5486,2.5443,2.5301,2.4914,2.4033,2.2336,1.9510
458,2.5500,2.5500,2.5500,2.5500,2.5500,2.5500,2.5500,2.5500,2.5500,2.5500,2.5500,2.5500,2.5500,2.5497,2.5486,2.5443,2.5300,2.4911,2.4029,2.2331,1.9504
459,2.5500,2.5500,2.5500,2.5500,2.5500,2.5500,2.5500,2.5500,2.5500,2.5500,2.5500,2.5500,2.5500,2.5497,2.5486,2.5442,2.5299,2.4909,2.4025,2.2325,1.9499
460,2.5500,2.5500,2.5500,2.5500,2.5500,2.5500,2.5500,2.5500,2.5500,2.5500,2.5500,2.5500,2.5500,2.5497,2.5486,2.5442,2.5297,2.4906,2.4021,2.2320,1.9493
461,2.5500,2.5500,2.5500,2.5500,2.5500,2.5500,2.5500,2.5500,2.5500,2.5500,2.5500,2.5500,2.5500,2.5497,2.5486,2.5441,2.5296,2.4904,2.4017,2.2315,1.9487
462,2.5500,2.5500,2.5500,2.5500,2.5500,2.5500,2.5500,2.5500,2.5500,2.5500,2.5500,2.5500,2.5500,2.5497,2.5486,2.5441,2.5295,2.4901,2.4013,2.2309,1.9482
463,2.5500,2.5500,2.5500,2.5500,2.5500,2.5500,2.5500,2.5500,2.5500,2.5500,2.5500,2.5500,2.5499,2.5497,2.5485,2.5440,2.5294,2.4899,2.4008,2.2304,1.9476
464,2.5500,2.5500,2.5500,2.5500,2.5500,2.5500,2.5500,2.5500,2.5500,2.5500,2.5500,2.5500,2.5499,2.5497,2.5485,2.5440,2.5292,2.4896,2.4004,2.2298,1.9471
465,2.5500,2.5500,2.5500,2.5500,2.5500,2.5500,2.5500,2.5500,2.5500,2.5500,2.5500,2.5500,2.5499,2.5497,2.5485,2.5439,2.5291,2.4894,2.4000,2.2293,1.9465
466,2.5500,2.5500,2.5500,2.5500,2.5500,2.5500,2.5500,2.5500,2.5500,2.5500,2.5500,2.5500,2.5499,2.5497,2.5485,2.5439,2.5290,2.4891,2.3996,2.2287,1.9459
467,2.5500,2.5500,2.5500,2.5500,2.5500,2.5500,2.5500,2.5500,2.5500,2.5500,2.5500,2.5500,2.5499,2.5497,2.5485,2.5438,2.5289,2.4889,2.3992,2.2282,1.9454
468,2.5500,2.5500,2.5500,2.5500,2.5500,2.5500,2.5500,2.5500,2.5500,2.5500,2.5500,2.5500,2.5499,2.5497,2.5485,2.5438,2.5287,2.4886,2.3988,2.2277,1.9448
469,2.5500,2.5500,2.5500,2.5500,2.5500,2.5500,2.5500,2.5500,2.5500,2.5500,2.5500,2.5500,2.5499,2.5497,2.5484,2.5437,2.5286,2.4883,2.3983,2.2271,1.9443
470,2.5500,2.5500,2.5500,2.5500,2.5500,2.5500,2.5500,2.5500,2.5500,2.5500,2.5500,2.5500,2.5499,2.5497,2.5484,2.5437,2.5285,2.4881,2.3979,2.2266,1.9437
471,2.5500,2.5500,2.5500,2.5500,2.5500,2.5500,2.5500,2.5500,2.5500,2.5500,2.5500,2.5500,2.5499,2.5497,2.5484,2.5436,2.5283,2.4878,2.3975,2.2260,1.9432
472,2.5500,2.5500,2.5500,2.5500,2.5500,2.5500,2.5500,2.5500,2.5500,2.5500,2.5500,2.5500,2.5499,2.5497,2.5484,2.5436,2.5282,2.4876,2.3971,2.2255,1.9426
473,2.5500,2.5500,2.5500,2.5500,2.5500,2.5500,2.5500,2.5500,2.5500,2.5500,2.5500,2.5500,2.5499,2.5497,2.5484,2.5435,2.5281,2.4873,2.3967,2.2250,1.9421
474,2.5500,2.5500,2.5500,2.5500,2.5500,2.5500,2.5500,2.5500,2.5500,2.5500,2.5500,2.5500,2.5499,2.5497,2.5484,2.5435,2.5280,2.4871,2.3963,2.2244,1.9415
475,2.5500,2.5500,2.5500,2.5500,2.5500,2.5500,2.5500,2.5500,2.5500,2.5500,2.5500,2.5500,2.5499,2.5497,2.5483,2.5434,2.5278,2.4868,2.3959,2.2239,1.9410
476,2.5500,2.5500,2.5500,2.5500,2.5500,2.5500,2.5500,2.5500,2.5500,2.5500,2.5500,2.5500,2.5499,2.5496,2.5483,2.5434,2.5277,2.4866,2.3954,2.2234,1.9404
477,2.5500,2.5500,2.5500,2.5500,2.5500,2.5500,2.5500,2.5500,2.5500,2.5500,2.5500,2.5500,2.5499,2.5496,2.5483,2.5433,2.5276,2.4863,2.3950,2.2228,1.9399
478,2.5500,2.5500,2.5500,2.5500,2.5500,2.5500,2.5500,2.5500,2.5500,2.5500,2.5500,2.5500,2.5499,2.5496,2.5483,2.5432,2.5274,2.4860,2.3946,2.2223,1.9393
479,2.5500,2.5500,2.5500,2.5500,2.5500,2.5500,2.5500,2.5500,2.5500,2.5500,2.5500,2.5500,2.5499,2.5496,2.5483,2.5432,2.5273,2.4858,2.3942,2.2218,1.9388
480,2.5500,2.5500,2.5500,2.5500,2.5500,2.5500,2.5500,2.5500,2.5500,2.5500,2.5500,2.5500,2.5499,2.5496,2.5483,2.5431,2.5272,2.4855,2.3938,2.2212,1.9382
481,2.5500,2.5500,2.5500,2.5500,2.5500,2.5500,2.5500,2.5500,2.5500,2.5500,2.5500,2.5500,2.5499,2.5496,2.5482,2.5431,2.5271,2.4853,2.3934,2.2207,1.9377
482,2.5500,2.5500,2.5500,2.5500,2.5500,2.5500,2.5500,2.5500,2.5500,2.5500,2.5500,2.5500,2.5499,2.5496,2.5482,2.5430,2.5269,2.4850,2.3930,2.2202,1.9371
483,2.5500,2.5500,2.5500,2.5500,2.5500,2.5500,2.5500,2.5500,2.5500,2.5500,2.5500,2.5500,2.5499,2.5496,2.5482,2.5430,2.5268,2.4848,2.3926,2.2196,1.9366
484,2.5500,2.5500,2.5500,2.5500,2.5500,2.5500,2.5500,2.5500,2.5500,2.5500,2.5500,2.5500,2.5499,2.5496,2.5482,2.5429,2.5267,2.4845,2.3921,2.2191,1.9360
485,2.5500,2.5500,2.5500,2.5500,2.5500,2.5500,2.5500,2.5500,2.5500,2.5500,2.5500,2.5500,2.5499,2.5496,2.5482,2.5429,2.5265,2.4842,2.3917,2.2186,1.9355
486,2.5500,2.5500,2.5500,2.5500,2.5500,2.5500,2.5500,2.5500,2.5500,2.5500,2.5500,2.5500,2.5499,2.5496,2.5481,2.5428,2.5264,2.4840,2.3913,2.2180,1.9349
487,2.5500,2.5500,2.5500,2.5500,2.5500,2.5500,2.5500,2.5500,2.5500,2.5500,2.5500,2.5500,2.5499,2.5496,2.5481,2.5428,2.5263,2.4837,2.3909,2.2175,1.9344
488,2.5500,2.5500,2.5500,2.5500,2.5500,2.5500,2.5500,2.5500,2.5500,2.5500,2.5500,2.5500,2.5499,2.5496,2.5481,2.5427,2.5261,2.4835,2.3905,2.2170,1.9339
489,2.5500,2.5500,2.5500,2.5500,2.5500,2.5500,2.5500,2.5500,2.5500,2.5500,2.5500,2.5500,2.5499,2.5496,2.5481,2.5427,2.5260,2.4832,2.3901,2.2164,1.9333
490,2.5500,2.5500,2.5500,2.5500,2.5500,2.5500,2.5500,2.5500,2.5500,2.5500,2.5500,2.5500,2.5499,2.5496,2.5481,2.5426,2.5259,2.4829,2.3897,2.2159,1.9328
491,2.5500,2.5500,2.5500,2.5500,2.5500,2.5500,2.5500,2.5500,2.5500,2.5500,2.5500,2.5500,2.5499,2.5496,2.5481,2.5425,2.5257,2.4827,2.3893,2.2154,1.9322
492,2.5500,2.5500,2.5500,2.5500,2.5500,2.5500,2.5500,2.5500,2.5500,2.5500,2.5500,2.5500,2.5499,2.5496,2.5480,2.5425,2.5256,2.4824,2.3889,2.2149,1.9317
493,2.5500,2.5500,2.5500,2.5500,2.5500,2.5500,2.5500,2.5500,2.5500,2.5500,2.5500,2.5500,2.5499,2.5496,2.5480,2.5424,2.5255,2.4822,2.3884,2.2143,1.9312
494,2.5500,2.5500,2.5500,2.5500,2.5500,2.5500,2.5500,2.5500,2.5500,2.5500,2.5500,2.5500,2.5499,2.5496,2.5480,2.5424,2.5253,2.4819,2.3880,2.2138,1.9306
495,2.5500,2.5500,2.5500,2.5500,2.5500,2.5500,2.5500,2.5500,2.5500,2.5500,2.5500,2.5500,2.5499,2.5495,2.5480,2.5423,2.5252,2.4816,2.3876,2.2133,1.9301
496,2.5500,2.5500,2.5500,2.5500,2.5500,2.5500,2.5500,2.5500,2.5500,2.5500,2.5500,2.5500,2.5499,2.5495,2.5480,2.5423,2.5251,2.4814,2.3872,2.2128,1.9296
497,2.5500,2.5500,2.5500,2.5500,2.5500,2.5500,2.5500,2.5500,2.5500,2.5500,2.5500,2.5500,2.5499,2.5495,2.5479,2.5422,2.5249,2.4811,2.3868,2.2122,1.9290
498,2.5500,2.5500,2.5500,2.5500,2.5500,2.5500,2.5500,2.5500,2.5500,2.5500,2.5500,2.5500,2.5499,2.5495,2.5479,2.5421,2.5248,2.4809,2.3864,2.2117,1.9285
499,2.5500,2.5500,2.5500,2.5500,2.5500,2.5500,2.5500,2.5500,2.5500,2.5500,2.5500,2.5500,2.5499,2.5495,2.5479,2.5421,2.5247,2.4806,2.3860,2.2112,1.9280
500,2.5500,2.5500,2.5500,2.5500,2.5500,2.5500,2.5500,2.5500,2.5500,2.5500,2.5500,2.5500,2.5499,2.5495,2.5479,2.5420,2.5245,2.4803,2.3856,2.2107,1.9274
501,2.5500,2.5500,2.5500,2.5500,2.5500,2.5500,2.5500,2.5500,2.5500,2.5500,2.5500,2.5500,2.5499,2.5495,2.5479,2.5420,2.5244,2.4801,2.3852,2.2102,1.9269
502,2.5500,2.5500,2.5500,2.5500,2.5500,2.5500,2.5500,2.5500,2.5500,2.5500,2.5500,2.5500,2.5499,2.5495,2.5478,2.5419,2.5243,2.4798,2.3848,2.2096,1.9264
503,2.5500,2.5500,2.5500,2.5500,2.5500,2.5500,2.5500,2.5500,2.5500,2.5500,2.5500,2.5500,2.5499,2.5495,2.5478,2.5419,2.5241,2.4796,2.3844,2.2091,1.9258
504,2.5500,2.5500,2.5500,2.5500,2.5500,2.5500,2.5500,2.5500,2.5500,2.5500,2.5500,2.5500,2.5499,2.5495,2.5478,2.5418,2.5240,2.4793,2.3839,2.2086,1.9253
505,2.5500,2.5500,2.5500,2.5500,2.5500,2.5500,2.5500,2.5500,2.5500,2.5500,2.5500,2.5500,2.5499,2.5495,2.5478,2.5417,2.5238,2.4790,2.3835,2.2081,1.9248
506,2.5500,2.5500,2.5500,2.5500,2.5500,2.5500,2.5500,2.5500,2.5500,2.5500,2.5500,2.5500,2.5499,2.5495,2.5478,2.5417,2.5237,2.4788,2.3831,2.2076,1.9243
507,2.5500,2.5500,2.5500,2.5500,2.5500,2.5500,2.5500,2.5500,2.5500,2.5500,2.5500,2.5500,2.5499,2.5495,2.5477,2.5416,2.5236,2.4785,2.3827,2.2070,1.9237
508,2.5500,2.5500,2.5500,2.5500,2.5500,2.5500,2.5500,2.5500,2.5500,2.5500,2.5500,2.5500,2.5499,2.5495,2.5477,2.5416,2.5234,2.4783,2.3823,2.2065,1.9232
509,2.5500,2.5500,2.5500,2.5500,2.5500,2.5500,2.5500,2.5500,2.5500,2.5500,2.5500,2.5500,2.5499,2.5495,2.5477,2.5415,2.5233,2.4780,2.3819,2.2060,1.9227
510,2.5500,2.5500,2.5500,2.5500,2.5500,2.5500,2.5500,2.5500,2.5500,2.5500,2.5500,2.5500,2.5499,2.5495,2.5477,2.5414,2.5232,2.4777,2.3815,2.2055,1.9221
511,2.5500,2.5500,2.5500,2.5500,2.5500,2.5500,2.5500,2.5500,2.5500,2.5500,2.5500,2.5500,2.5499,2.5495,2.5477,2.5414,2.5230,2.4775,2.3811,2.2050,1.9216
512,2.5500,2.5500,2.5500,2.5500,2.5500,2.5500,2.5500,2.5500,2.5500,2.5500,2.5500,2.5500,2.5499,2.5494,2.5476,2.5413,2.5229,2.4772,2.3807,2.2045,1.9211
513,2.5500,2.5500,2.5500,2.5500,2.5500,2.5500,2.5500,2.5500,2.5500,2.5500,2.5500,2.5500,2.5499,2.5494,2.5476,2.5413,2.5227,2.4769,2.3803,2.2040,1.9206
514,2.5500,2.5500,2.5500,2.5500,2.5500,2.5500,2.5500,2.5500,2.5500,2.5500,2.5500,2.5500,2.5499,2.5494,2.5476,2.5412,2.5226,2.4767,2.3799,2.2034,1.9201
515,2.5500,2.5500,2.5500,2.5500,2.5500,2.5500,2.5500,2.5500,2.5500,2.5500,2.5500,2.5500,2.5499,2.5494,2.5476,2.5411,2.5225,2.4764,2.3795,2.2029,1.9195
516,2.5500,2.5500,2.5500,2.5500,2.5500,2.5500,2.5500,2.5500,2.5500,2.5500,2.5500,2.5500,2.5499,2.5494,2.5475,2.5411,2.5223,2.4762,2.3791,2.2024,1.9190
517,2.5500,2.5500,2.5500,2.5500,2.5500,2.5500,2.5500,2.5500,2.5500,2.5500,2.5500,2.5500,2.5499,2.5494,2.5475,2.5410,2.5222,2.4759,2.3787,2.2019,1.9185
518,2.5500,2.5500,2.5500,2.5500,2.5500,2.5500,2.5500,2.5500,2.5500,2.5500,2.5500,2.5500,2.5499,2.5494,2.5475,2.5410,2.5220,2.4756,2.3783,2.2014,1.9180
519,2.5500,2.5500,2.5500,2.5500,2.5500,2.5500,2.5500,2.5500,2.5500,2.5500,2.5500,2.5500,2.5499,2.5494,2.5475,2.5409,2.5219,2.4754,2.3778,2.2009,1.9175
520,2.5500,2.5500,2.5500,2.5500,2.5500,2.5500,2.5500,2.5500,2.5500,2.5500,2.5500,2.5500,2.5499,2.5494,2.5475,2.5408,2.5218,2.4751,2.3774,2.2004,1.9169
521,2.5500,2.5500,2.5500,2.5500,2.5500,2.5500,2.5500,2.5500,2.5500,2.5500,2.5500,2.5500,2.5499,2.5494,2.5474,2.5408,2.5216,2.4748,2.3770,2.1999,1.9164
522,2.5500,2.5500,2.5500,2.5500,2.5500,2.5500,2.5500,2.5500,2.5500,2.5500,2.5500,2.5500,2.5499,2.5494,2.5474,2.5407,2.5215,2.4746,2.3766,2.1993,1.9159
523,2.5500,2.5500,2.5500,2.5500,2.5500,2.5500,2.5500,2.5500,2.5500,2.5500,2.5500,2.5500,2.5499,2.5494,2.5474,2.5406,2.5213,2.4743,2.3762,2.1988,1.9154
524,2.5500,2.5500,2.5500,2.5500,2.5500,2.5500,2.5500,2.5500,2.5500,2.5500,2.5500,2.5500,2.5499,2.5494,2.5474,2.5406,2.5212,2.4741,2.3758,2.1983,1.9149
525,2.5500,2.5500,2.5500,2.5500,2.5500,2.5500,2.5500,2.5500,2.5500,2.5500,2.5500,2.5500,2.5499,2.5494,2.5473,2.5405,2.5211,2.4738,2.3754,2.1978,1.9143
526,2.5500,2.5500,2.5500,2.5500,2.5500,2.5500,2.5500,2.5500,2.5500,2.5500,2.5500,2.5500,2.5499,2.5494,2.5473,2.5405,2.5209,2.4735,2.3750,2.1973,1.9138
527,2.5500,2.5500,2.5500,2.5500,2.5500,2.5500,2.5500,2.5500,2.5500,2.5500,2.5500,2.5500,2.5499,2.5493,2.5473,2.5404,2.5208,2.4733,2.3746,2.1968,1.9133
528,2.5500,2.5500,2.5500,2.5500,2.5500,2.5500,2.5500,2.5500,2.5500,2.5500,2.5500,2.5500,2.5499,2.5493,2.5473,2.5403,2.5206,2.4730,2.3742,2.1963,1.9128
529,2.5500,2.5500,2.5500,2.5500,2.5500,2.5500,2.5500,2.5500,2.5500,2.5500,2.5500,2.5500,2.5499,2.5493,2.5472,2.5403,2.5205,2.4727,2.3738,2.1958,1.9123
530,2.5500,2.5500,2.5500,2.5500,2.5500,2.5500,2.5500,2.5500,2.5500,2.5500,2.5500,2.5500,2.5499,2.5493,2.5472,2.5402,2.5203,2.4725,2.3734,2.1953,1.9118
531,2.5500,2.5500,2.5500,2.5500,2.5500,2.5500,2.5500,2.5500,2.5500,2.5500,2.5500,2.5500,2.5499,2.5493,2.5472,2.5401,2.5202,2.4722,2.3730,2.1948,1.9113
532,2.5500,2.5500,2.5500,2.5500,2.5500,2.5500,2.5500,2.5500,2.5500,2.5500,2.5500,2.5500,2.5499,2.5493,2.5472,2.5401,2.5201,2.4719,2.3726,2.1943,1.9108
533,2.5500,2.5500,2.5500,2.5500,2.5500,2.5500,2.5500,2.5500,2.5500,2.5500,2.5500,2.5500,2.5499,2.5493,2.5471,2.5400,2.5199,2.4717,2.3722,2.1938,1.9102
534,2.5500,2.5500,2.5500,2.5500,2.5500,2.5500,2.5500,2.5500,2.5500,2.5500,2.5500,2.5500,2.5499,2.5493,2.5471,2.5399,2.5198,2.4714,2.3718,2.1933,1.9097
535,2.5500,2.5500,2.5500,2.5500,2.5500,2.5500,2.5500,2.5500,2.5500,2.5500,2.5500,2.5500,2.5499,2.5493,2.5471,2.5399,2.5196,2.4711,2.3714,2.1928,1.9092
536,2.5500,2.5500,2.5500,2.5500,2.5500,2.5500,2.5500,2.5500,2.5500,2.5500,2.5500,2.5500,2.5498,2.5493,2.5471,2.5398,2.5195,2.4709,2.3710,2.1923,1.9087
537,2.5500,2.5500,2.5500,2.5500,2.5500,2.5500,2.5500,2.5500,2.5500,2.5500,2.5500,2.5500,2.5498,2.5493,2.5471,2.5397,2.5193,2.4706,2.3706,2.1918,1.9082
538,2.5500,2.5500,2.5500,2.5500,2.5500,2.5500,2.5500,2.5500,2.5500,2.5500,2.5500,2.5500,2.5498,2.5493,2.5470,2.5397,2.5192,2.4703,2.3702,2.1913,1.9077
539,2.5500,2.5500,2.5500,2.5500,2.5500,2.5500,2.5500,2.5500,2.5500,2.5500,2.5500,2.5500,2.5498,2.5493,2.5470,2.5396,2.5190,2.4701,2.3698,2.1908,1.9072
540,2.5500,2.5500,2.5500,2.5500,2.5500,2.5500,2.5500,2.5500,2.5500,2.5500,2.5500,2.5500,2.5498,2.5492,2.5470,2.5395,2.5189,2.4698,2.3694,2.1903,1.9067
541,2.5500,2.5500,2.5500,2.5500,2.5500,2.5500,2.5500,2.5500,2.5500,2.5500,2.5500,2.5500,2.5498,2.5492,2.5470,2.5395,2.5188,2.4696,2.3690,2.1898,1.9062
542,2.5500,2.5500,2.5500,2.5500,2.5500,2.5500,2.5500,2.5500,2.5500,2.5500,2.5500,2.5500,2.5498,2.5492,2.5469,2.5394,2.5186,2.4693,2.3686,2.1893,1.9057
543,2.5500,2.5500,2.5500,2.5500,2.5500,2.5500,2.5500,2.5500,2.5500,2.5500,2.5500,2.5500,2.5498,2.5492,2.5469,2.5393,2.5185,2.4690,2.3682,2.1888,1.9052
544,2.5500,2.5500,2.5500,2.5500,2.5500,2.5500,2.5500,2.5500,2.5500,2.5500,2.5500,2.5500,2.5498,2.5492,2.5469,2.5393,2.5183,2.4688,2.3678,2.1883,1.9047
545,2.5500,2.5500,2.5500,2.5500,2.5500,2.5500,2.5500,2.5500,2.5500,2.5500,2.5500,2.5500,2.5498,2.5492,2.5468,2.5392,2.5182,2.4685,2.3674,2.1878,1.9042
546,2.5500,2.5500,2.5500,2.5500,2.5500,2.5500,2.5500,2.5500,2.5500,2.5500,2.5500,2.5500,2.5498,2.5492,2.5468,2.5391,2.5180,2.4682,2.3670,2.1873,1.9037
547,2.5500,2.5500,2.5500,2.5500,2.5500,2.5500,2.5500,2.5500,2.5500,2.5500,2.5500,2.5500,2.5498,2.5492,2.5468,2.5391,2.5179,2.4680,2.3666,2.1868,1.9032
548,2.5500,2.5500,2.5500,2.5500,2.5500,2.5500,2.5500,2.5500,2.5500,2.5500,2.5500,2.5500,2.5498,2.5492,2.5468,2.5390,2.5177,2.4677,2.3662,2.1863,1.9027
549,2.5500,2.5500,2.5500,2.5500,2.5500,2.5500,2.5500,2.5500,2.5500,2.5500,2.5500,2.5500,2.5498,2.5492,2.5467,2.5389,2.5176,2.4674,2.3658,2.1858,1.9022
550,2.5500,2.5500,2.5500,2.5500,2.5500,2.5500,2.5500,2.5500,2.5500,2.5500,2.5500,2.5500,2.5498,2.5492,2.5467,2.5389,2.5174,2.4672,2.3654,2.1853,1.9017
551,2.5500,2.5500,2.5500,2.5500,2.5500,2.5500,2.5500,2.5500,2.5500,2.5500,2.5500,2.5500,2.5498,2.5492,2.5467,2.5388,2.5173,2.4669,2.3650,2.1848,1.9012
552,2.5500,2.5500,2.5500,2.5500,2.5500,2.5500,2.5500,2.5500,2.5500,2.5500,2.5500,2.5500,2.5498,2.5491,2.5467,2.5387,2.5171,2.4666,2.3646,2.1843,1.9007
553,2.5500,2.5500,2.5500,2.5500,2.5500,2.5500,2.5500,2.5500,2.5500,2.5500,2.5500,2.5500,2.5498,2.5491,2.5466,2.5387,2.5170,2.4664,2.3642,2.1838,1.9002
554,2.5500,2.5500,2.5500,2.5500,2.5500,2.5500,2.5500,2.5500,2.5500,2.5500,2.5500,2.5500,2.5498,2.5491,2.5466,2.5386,2.5168,2.4661,2.3638,2.1833,1.8997
555,2.5500,2.5500,2.5500,2.5500,2.5500,2.5500,2.5500,2.5500,2.5500,2.5500,2.5500,2.5500,2.5498,2.5491,2.5466,2.5385,2.5167,2.4658,2.3634,2.1828,1.8992
556,2.5500,2.5500,2.5500,2.5500,2.5500,2.5500,2.5500,2.5500,2.5500,2.5500,2.5500,2.5500,2.5498,2.5491,2.5466,2.5385,2.5165,2.4656,2.3630,2.1823,1.8987
557,2.5500,2.5500,2.5500,2.5500,2.5500,2.5500,2.5500,2.5500,2.5500,2.5500,2.5500,2.5500,2.5498,2.5491,2.5465,2.5384,2.5164,2.4653,2.3626,2.1819,1.8982
558,2.5500,2.5500,2.5500,2.5500,2.5500,2.5500,2.5500,2.5500,2.5500,2.5500,2.5500,2.5500,2.5498,2.5491,2.5465,2.5383,2.5162,2.4650,2.3622,2.1814,1.8977
559,2.5500,2.5500,2.5500,2.5500,2.5500,2.5500,2.5500,2.5500,2.5500,2.5500,2.5500,2.5500,2.5498,2.5491,2.5465,2.5383,2.5161,2.4648,2.3618,2.1809,1.8972
560,2.5500,2.5500,2.5500,2.5500,2.5500,2.5500,2.5500,2.5500,2.5500,2.5500,2.5500,2.5500,2.5498,2.5491,2.5464,2.5382,2.5159,2.4645,2.3614,2.1804,1.8967
561,2.5500,2.5500,2.5500,2.5500,2.5500,2.5500,2.5500,2.5500,2.5500,2.5500,2.5500,2.5500,2.5498,2.5491,2.5464,2.5381,2.5158,2.4642,2.3610,2.1799,1.8962
562,2.5500,2.5500,2.5500,2.5500,2.5500,2.5500,2.5500,2.5500,2.5500,2.5500,2.5500,2.5500,2.5498,2.5491,2.5464,2.5380,2.5156,2.4640,2.3606,2.1794,1.8957
563,2.5500,2.5500,2.5500,2.5500,2.5500,2.5500,2.5500,2.5500,2.5500,2.5500,2.5500,2.5500,2.5498,2.5491,2.5464,2.5380,2.5155,2.4637,2.3602,2.1789,1.8952
564,2.5500,2.5500,2.5500,2.5500,2.5500,2.5500,2.5500,2.5500,2.5500,2.5500,2.5500,2.5500,2.5498,2.5490,2.5463,2.5379,2.5153,2.4634,2.3598,2.1784,1.8947
565,2.5500,2.5500,2.5500,2.5500,2.5500,2.5500,2.5500,2.5500,2.5500,2.5500,2.5500,2.5500,2.5498,2.5490,2.5463,2.5378,2.5152,2.4631,2.3594,2.1779,1.8942
566,2.5500,2.5500,2.5500,2.5500,2.5500,2.5500,2.5500,2.5500,2.5500,2.5500,2.5500,2.5500,2.5498,2.5490,2.5463,2.5378,2.5150,2.4629,2.3590,2.1775,1.8938
567,2.5500,2.5500,2.5500,2.5500,2.5500,2.5500,2.5500,2.5500,2.5500,2.5500,2.5500,2.5500,2.5498,2.5490,2.5463,2.5377,2.5149,2.4626,2.3586,2.1770,1.8933
568,2.5500,2.5500,2.5500,2.5500,2.5500,2.5500,2.5500,2.5500,2.5500,2.5500,2.5500,2.5500,2.5498,2.5490,2.5462,2.5376,2.5147,2.4623,2.3582,2.1765,1.8928
569,2.5500,2.5500,2.5500,2.5500,2.5500,2.5500,2.5500,2.5500,2.5500,2.5500,2.5500,2.5500,2.5498,2.5490,2.5462,2.5375,2.5146,2.4621,2.3578,2.1760,1.8923
570,2.5500,2.5500,2.5500,2.5500,2.5500,2.5500,2.5500,2.5500,2.5500,2.5500,2.5500,2.5500,2.5498,2.5490,2.5462,2.5375,2.5144,2.4618,2.3574,2.1755,1.8918
571,2.5500,2.5500,2.5500,2.5500,2.5500,2.5500,2.5500,2.5500,2.5500,2.5500,2.5500,2.5500,2.5498,2.5490,2.5461,2.5374,2.5143,2.4615,2.3570,2.1750,1.8913
572,2.5500,2.5500,2.5500,2.5500,2.5500,2.5500,2.5500,2.5500,2.5500,2.5500,2.5500,2.5500,2.5498,2.5490,2.5461,2.5373,2.5141,2.4613,2.3567,2.1746,1.8908
573,2.5500,2.5500,2.5500,2.5500,2.5500,2.5500,2.5500,2.5500,2.5500,2.5500,2.5500,2.5500,2.5498,2.5490,2.5461,2.5372,2.5140,2.4610,2.3563,2.1741,1.8903
574,2.5500,2.5500,2.5500,2.5500,2.5500,2.5500,2.5500,2.5500,2.5500,2.5500,2.5500,2.5500,2.5498,2.5489,2.5460,2.5372,2.5138,2.4607,2.3559,2.1736,1.8899
575,2.5500,2.5500,2.5500,2.5500,2.5500,2.5500,2.5500,2.5500,2.5500,2.5500,2.5500,2.5500,2.5498,2.5489,2.5460,2.5371,2.5137,2.4605,2.3555,2.1731,1.8894
576,2.5500,2.5500,2.5500,2.5500,2.5500,2.5500,2.5500,2.5500,2.5500,2.5500,2.5500,2.5499,2.5498,2.5489,2.5460,2.5370,2.5135,2.4602,2.3551,2.1726,1.8889
577,2.5500,2.5500,2.5500,2.5500,2.5500,2.5500,2.5500,2.5500,2.5500,2.5500,2.5500,2.5499,2.5497,2.5489,2.5460,2.5370,2.5134,2.4599,2.3547,2.1721,1.8884
578,2.5500,2.5500,2.5500,2.5500,2.5500,2.5500,2.5500,2.5500,2.5500,2.5500,2.5500,2.5499,2.5497,2.5489,2.5459,2.5369,2.5132,2.4597,2.3543,2.1717,1.8879
579,2.5500,2.5500,2.5500,2.5500,2.5500,2.5500,2.5500,2.5500,2.5500,2.5500,2.5500,2.5499,2.5497,2.5489,2.5459,2.5368,2.5130,2.4594,2.3539,2.1712,1.8874
580,2.5500,2.5500,2.5500,2.5500,2.5500,2.5500,2.5500,2.5500,2.5500,2.5500,2.5500,2.5499,2.5497,2.5489,2.5459,2.5367,2.5129,2.4591,2.3535,2.1707,1.8869
581,2.5500,2.5500,2.5500,2.5500,2.5500,2.5500,2.5500,2.5500,2.5500,2.5500,2.5500,2.5499,2.5497,2.5489,2.5458,2.5367,2.5127,2.4589,2.3531,2.1702,1.8865
582,2.5500,2.5500,2.5500,2.5500,2.5500,2.5500,2.5500,2.5500,2.5500,2.5500,2.5500,2.5499,2.5497,2.5489,2.5458,2.5366,2.5126,2.4586,2.3527,2.1697,1.8860
583,2.5500,2.5500,2.5500,2.5500,2.5500,2.5500,2.5500,2.5500,2.5500,2.5500,2.5500,2.5499,2.5497,2.5489,2.5458,2.5365,2.5124,2.4583,2.3523,2.1693,1.8855
584,2.5500,2.5500,2.5500,2.5500,2.5500,2.5500,2.5500,2.5500,2.5500,2.5500,2.5500,2.5499,2.5497,2.5488,2.5457,2.5364,2.5123,2.4580,2.3519,2.1688,1.8850
585,2.5500,2.5500,2.5500,2.5500,2.5500,2.5500,2.5500,2.5500,2.5500,2.5500,2.5500,2.5499,2.5497,2.5488,2.5457,2.5364,2.5121,2.4578,2.3515,2.1683,1.8845
586,2.5500,2.5500,2.5500,2.5500,2.5500,2.5500,2.5500,2.5500,2.5500,2.5500,2.5500,2.5499,2.5497,2.5488,2.5457,2.5363,2.5120,2.4575,2.3511,2.1678,1.8841
587,2.5500,2.5500,2.5500,2.5500,2.5500,2.5500,2.5500,2.5500,2.5500,2.5500,2.5500,2.5499,2.5497,2.5488,2.5457,2.5362,2.5118,2.4572,2.3508,2.1674,1.8836
588,2.5500,2.5500,2.5500,2.5500,2.5500,2.5500,2.5500,2.5500,2.5500,2.5500,2.5500,2.5499,2.5497,2.5488,2.5456,2.5361,2.5117,2.4570,2.3504,2.1669,1.8831
589,2.5500,2.5500,2.5500,2.5500,2.5500,2.5500,2.5500,2.5500,2.5500,2.5500,2.5500,2.5499,2.5497,2.5488,2.5456,2.5361,2.5115,2.4567,2.3500,2.1664,1.8826
590,2.5500,2.5500,2.5500,2.5500,2.5500,2.5500,2.5500,2.5500,2.5500,2.5500,2.5500,2.5499,2.5497,2.5488,2.5456,2.5360,2.5113,2.4564,2.3496,2.1659,1.8822
591,2.5500,2.5500,2.5500,2.5500,2.5500,2.5500,2.5500,2.5500,2.5500,2.5500,2.5500,2.5499,2.5497,2.5488,2.5455,2.5359,2.5112,2.4562,2.3492,2.1655,1.8817
592,2.5500,2.5500,2.5500,2.5500,2.5500,2.5500,2.5500,2.5500,2.5500,2.5500,2.5500,2.5499,2.5497,2.5488,2.5455,2.5358,2.5110,2.4559,2.3488,2.1650,1.8812
593,2.5500,2.5500,2.5500,2.5500,2.5500,2.5500,2.5500,2.5500,2.5500,2.5500,2.5500,2.5499,2.5497,2.5487,2.5455,2.5357,2.5109,2.4556,2.3484,2.1645,1.8807
594,2.5500,2.5500,2.5500,2.5500,2.5500,2.5500,2.5500,2.5500,2.5500,2.5500,2.5500,2.5499,2.5497,2.5487,2.5454,2.5357,2.5107,2.4554,2.3480,2.1640,1.8803
595,2.5500,2.5500,2.5500,2.5500,2.5500,2.5500,2.5500,2.5500,2.5500,2.5500,2.5500,2.5499,2.5497,2.5487,2.5454,2.5356,2.5106,2.4551,2.3476,2.1636,1.8798
596,2.5500,2.5500,2.5500,2.5500,2.5500,2.5500,2.5500,2.5500,2.5500,2.5500,2.5500,2.5499,2.5497,2.5487,2.5454,2.5355,2.5104,2.4548,2.3472,2.1631,1.8793
597,2.5500,2.5500,2.5500,2.5500,2.5500,2.5500,2.5500,2.5500,2.5500,2.5500,2.5500,2.5499,2.5497,2.5487,2.5453,2.5354,2.5102,2.4545,2.3468,2.1626,1.8788
598,2.5500,2.5500,2.5500,2.5500,2.5500,2.5500,2.5500,2.5500,2.5500,2.5500,2.5500,2.5499,2.5497,2.5487,2.5453,2.5354,2.5101,2.4543,2.3465,2.1621,1.8784
599,2.5500,2.5500,2.5500,2.5500,2.5500,2.5500,2.5500,2.5500,2.5500,2.5500,2.5500,2.5499,2.5497,2.5487,2.5453,2.5353,2.5099,2.4540,2.3461,2.1617,1.8779
600,2.5500,2.5500,2.5500,2.5500,2.5500,2.5500,2.5500,2.5500,2.5500,2.5500,2.5500,2.5499,2.5497,2.5487,2.5452,2.5352,2.5098,2.4537,2.3457,2.1612,1.8774
601,2.5500,2.5500,2.5500,2.5500,2.5500,2.5500,2.5500,2.5500,2.5500,2.5500,2.5500,2.5499,2.5497,2.5487,2.5452,2.5351,2.5096,2.4535,2.3453,2.1607,1.8769
602,2.5500,2.5500,2.5500,2.5500,2.5500,2.5500,2.5500,2.5500,2.5500,2.5500,2.5500,2.5499,2.5497,2.5486,2.5452,2.5350,2.5094,2.4532,2.3449,2.1603,1.8765
603,2.5500,2.5500,2.5500,2.5500,2.5500,2.5500,2.5500,2.5500,2.5500,2.5500,2.5500,2.5499,2.5497,2.5486,2.5451,2.5350,2.5093,2.4529,2.3445,2.1598,1.8760
604,2.5500,2.5500,2.5500,2.5500,2.5500,2.5500,2.5500,2.5500,2.5500,2.5500,2.5500,2.5499,2.5497,2.5486,2.5451,2.5349,2.5091,2.4527,2.3441,2.1593,1.8755
605,2.5500,2.5500,2.5500,2.5500,2.5500,2.5500,2.5500,2.5500,2.5500,2.5500,2.5500,2.5499,2.5497,2.5486,2.5451,2.5348,2.5090,2.4524,2.3437,2.1589,1.8751
606,2.5500,2.5500,2.5500,2.5500,2.5500,2.5500,2.5500,2.5500,2.5500,2.5500,2.5500,2.5499,2.5497,2.5486,2.5450,2.5347,2.5088,2.4521,2.3434,2.1584,1.8746
607,2.5500,2.5500,2.5500,2.5500,2.5500,2.5500,2.5500,2.5500,2.5500,2.5500,2.5500,2.5499,2.5496,2.5486,2.5450,2.5346,2.5087,2.4518,2.3430,2.1579,1.8741
608,2.5500,2.5500,2.5500,2.5500,2.5500,2.5500,2.5500,2.5500,2.5500,2.5500,2.5500,2.5499,2.5496,2.5486,2.5450,2.5346,2.5085,2.4516,2.3426,2.1575,1.8737
609,2.5500,2.5500,2.5500,2.5500,2.5500,2.5500,2.5500,2.5500,2.5500,2.5500,2.5500,2.5499,2.5496,2.5486,2.5449,2.5345,2.5083,2.4513,2.3422,2.1570,1.8732
610,2.5500,2.5500,2.5500,2.5500,2.5500,2.5500,2.5500,2.5500,2.5500,2.5500,2.5500,2.5499,2.5496,2.5485,2.5449,2.5344,2.5082,2.4510,2.3418,2.1565,1.8727
611,2.5500,2.5500,2.5500,2.5500,2.5500,2.5500,2.5500,2.5500,2.5500,2.5500,2.5500,2.5499,2.5496,2.5485,2.5449,2.5343,2.5080,2.4508,2.3414,2.1561,1.8723
612,2.5500,2.5500,2.5500,2.5500,2.5500,2.5500,2.5500,2.5500,2.5500,2.5500,2.5500,2.5499,2.5496,2.5485,2.5448,2.5342,2.5079,2.4505,2.3410,2.1556,1.8718
613,2.5500,2.5500,2.5500,2.5500,2.5500,2.5500,2.5500,2.5500,2.5500,2.5500,2.5500,2.5499,2.5496,2.5485,2.5448,2.5342,2.5077,2.4502,2.3406,2.1551,1.8713
614,2.5500,2.5500,2.5500,2.5500,2.5500,2.5500,2.5500,2.5500,2.5500,2.5500,2.5500,2.5499,2.5496,2.5485,2.5448,2.5341,2.5075,2.4499,2.3403,2.1547,1.8709
615,2.5500,2.5500,2.5500,2.5500,2.5500,2.5500,2.5500,2.5500,2.5500,2.5500,2.5500,2.5499,2.5496,2.5485,2.5447,2.5340,2.5074,2.4497,2.3399,2.1542,1.8704
616,2.5500,2.5500,2.5500,2.5500,2.5500,2.5500,2.5500,2.5500,2.5500,2.5500,2.5500,2.5499,2.5496,2.5485,2.5447,2.5339,2.5072,2.4494,2.3395,2.1537,1.8699
617,2.5500,2.5500,2.5500,2.5500,2.5500,2.5500,2.5500,2.5500,2.5500,2.5500,2.5500,2.5499,2.5496,2.5485,2.5447,2.5338,2.5070,2.4491,2.3391,2.1533,1.8695
618,2.5500,2.5500,2.5500,2.5500,2.5500,2.5500,2.5500,2.5500,2.5500,2.5500,2.5500,2.5499,2.5496,2.5484,2.5446,2.5338,2.5069,2.4489,2.3387,2.1528,1.8690
619,2.5500,2.5500,2.5500,2.5500,2.5500,2.5500,2.5500,2.5500,2.5500,2.5500,2.5500,2.5499,2.5496,2.5484,2.5446,2.5337,2.5067,2.4486,2.3383,2.1523,1.8686
620,2.5500,2.5500,2.5500,2.5500,2.5500,2.5500,2.5500,2.5500,2.5500,2.5500,2.5500,2.5499,2.5496,2.5484,2.5446,2.5336,2.5066,2.4483,2.3379,2.1519,1.8681
621,2.5500,2.5500,2.5500,2.5500,2.5500,2.5500,2.5500,2.5500,2.5500,2.5500,2.5500,2.5499,2.5496,2.5484,2.5445,2.5335,2.5064,2.4480,2.3376,2.1514,1.8676
622,2.5500,2.5500,2.5500,2.5500,2.5500,2.5500,2.5500,2.5500,2.5500,2.5500,2.5500,2.5499,2.5496,2.5484,2.5445,2.5334,2.5062,2.4478,2.3372,2.1510,1.8672
623,2.5500,2.5500,2.5500,2.5500,2.5500,2.5500,2.5500,2.5500,2.5500,2.5500,2.5500,2.5499,2.5496,2.5484,2.5444,2.5333,2.5061,2.4475,2.3368,2.1505,1.8667
624,2.5500,2.5500,2.5500,2.5500,2.5500,2.5500,2.5500,2.5500,2.5500,2.5500,2.5500,2.5499,2.5496,2.5484,2.5444,2.5333,2.5059,2.4472,2.3364,2.1500,1.8663
625,2.5500,2.5500,2.5500,2.5500,2.5500,2.5500,2.5500,2.5500,2.5500,2.5500,2.5500,2.5499,2.5496,2.5484,2.5444,2.5332,2.5058,2.4470,2.3360,2.1496,1.8658
626,2.5500,2.5500,2.5500,2.5500,2.5500,2.5500,2.5500,2.5500,2.5500,2.5500,2.5500,2.5499,2.5496,2.5483,2.5443,2.5331,2.5056,2.4467,2.3356,2.1491,1.8653
627,2.5500,2.5500,2.5500,2.5500,2.5500,2.5500,2.5500,2.5500,2.5500,2.5500,2.5500,2.5499,2.5496,2.5483,2.5443,2.5330,2.5054,2.4464,2.3353,2.1487,1.8649
628,2.5500,2.5500,2.5500,2.5500,2.5500,2.5500,2.5500,2.5500,2.5500,2.5500,2.5500,2.5499,2.5496,2.5483,2.5443,2.5329,2.5053,2.4462,2.3349,2.1482,1.8644
629,2.5500,2.5500,2.5500,2.5500,2.5500,2.5500,2.5500,2.5500,2.5500,2.5500,2.5500,2.5499,2.5496,2.5483,2.5442,2.5329,2.5051,2.4459,2.3345,2.1477,1.8640
630,2.5500,2.5500,2.5500,2.5500,2.5500,2.5500,2.5500,2.5500,2.5500,2.5500,2.5500,2.5499,2.5496,2.5483,2.5442,2.5328,2.5049,2.4456,2.3341,2.1473,1.8635
631,2.5500,2.5500,2.5500,2.5500,2.5500,2.5500,2.5500,2.5500,2.5500,2.5500,2.5500,2.5499,2.5496,2.5483,2.5442,2.5327,2.5048,2.4453,2.3337,2.1468,1.8630
632,2.5500,2.5500,2.5500,2.5500,2.5500,2.5500,2.5500,2.5500,2.5500,2.5500,2.5500,2.5499,2.5495,2.5483,2.5441,2.5326,2.5046,2.4451,2.3333,2.1464,1.8626
633,2.5500,2.5500,2.5500,2.5500,2.5500,2.5500,2.5500,2.5500,2.5500,2.5500,2.5500,2.5499,2.5495,2.5482,2.5441,2.5325,2.5044,2.4448,2.3330,2.1459,1.8621
634,2.5500,2.5500,2.5500,2.5500,2.5500,2.5500,2.5500,2.5500,2.5500,2.5500,2.5500,2.5499,2.5495,2.5482,2.5440,2.5324,2.5043,2.4445,2.3326,2.1455,1.8617
635,2.5500,2.5500,2.5500,2.5500,2.5500,2.5500,2.5500,2.5500,2.5500,2.5500,2.5500,2.5499,2.5495,2.5482,2.5440,2.5323,2.5041,2.4443,2.3322,2.1450,1.8612
636,2.5500,2.5500,2.5500,2.5500,2.5500,2.5500,2.5500,2.5500,2.5500,2.5500,2.5500,2.5499,2.5495,2.5482,2.5440,2.5323,2.5040,2.4440,2.3318,2.1446,1.8608
637,2.5500,2.5500,2.5500,2.5500,2.5500,2.5500,2.5500,2.5500,2.5500,2.5500,2.5500,2.5499,2.5495,2.5482,2.5439,2.5322,2.5038,2.4437,2.3314,2.1441,1.8603
638,2.5500,2.5500,2.5500,2.5500,2.5500,2.5500,2.5500,2.5500,2.5500,2.5500,2.5500,2.5499,2.5495,2.5482,2.5439,2.5321,2.5036,2.4434,2.3310,2.1436,1.8599
639,2.5500,2.5500,2.5500,2.5500,2.5500,2.5500,2.5500,2.5500,2.5500,2.5500,2.5500,2.5499,2.5495,2.5482,2.5439,2.5320,2.5035,2.4432,2.3307,2.1432,1.8594
640,2.5500,2.5500,2.5500,2.5500,2.5500,2.5500,2.5500,2.5500,2.5500,2.5500,2.5500,2.5499,2.5495,2.5481,2.5438,2.5319,2.5033,2.4429,2.3303,2.1427,1.8590
641,2.5500,2.5500,2.5500,2.5500,2.5500,2.5500,2.5500,2.5500,2.5500,2.5500,2.5500,2.5499,2.5495,2.5481,2.5438,2.5318,2.5031,2.4426,2.3299,2.1423,1.8585
642,2.5500,2.5500,2.5500,2.5500,2.5500,2.5500,2.5500,2.5500,2.5500,2.5500,2.5500,2.5499,2.5495,2.5481,2.5437,2.5317,2.5030,2.4424,2.3295,2.1418,1.8581
643,2.5500,2.5500,2.5500,2.5500,2.5500,2.5500,2.5500,2.5500,2.5500,2.5500,2.5500,2.5499,2.5495,2.5481,2.5437,2.5317,2.5028,2.4421,2.3291,2.1414,1.8576
644,2.5500,2.5500,2.5500,2.5500,2.5500,2.5500,2.5500,2.5500,2.5500,2.5500,2.5500,2.5499,2.5495,2.5481,2.5437,2.5316,2.5026,2.4418,2.3288,2.1409,1.8572
645,2.5500,2.5500,2.5500,2.5500,2.5500,2.5500,2.5500,2.5500,2.5500,2.5500,2.5500,2.5499,2.5495,2.5481,2.5436,2.5315,2.5025,2.4415,2.3284,2.1405,1.8567
646,2.5500,2.5500,2.5500,2.5500,2.5500,2.5500,2.5500,2.5500,2.5500,2.5500,2.5500,2.5499,2.5495,2.5481,2.5436,2.5314,2.5023,2.4413,2.3280,2.1400,1.8563
647,2.5500,2.5500,2.5500,2.5500,2.5500,2.5500,2.5500,2.5500,2.5500,2.5500,2.5500,2.5499,2.5495,2.5480,2.5435,2.5313,2.5021,2.4410,2.3276,2.1396,1.8558
648,2.5500,2.5500,2.5500,2.5500,2.5500,2.5500,2.5500,2.5500,2.5500,2.5500,2.5500,2.5499,2.5495,2.5480,2.5435,2.5312,2.5020,2.4407,2.3272,2.1391,1.8554
649,2.5500,2.5500,2.5500,2.5500,2.5500,2.5500,2.5500,2.5500,2.5500,2.5500,2.5500,2.5499,2.5495,2.5480,2.5435,2.5311,2.5018,2.4404,2.3269,2.1387,1.8549
650,2.5500,2.5500,2.5500,2.5500,2.5500,2.5500,2.5500,2.5500,2.5500,2.5500,2.5500,2.5499,2.5495,2.5480,2.5434,2.5311,2.5016,2.4402,2.3265,2.1382,1.8545
651,2.5500,2.5500,2.5500,2.5500,2.5500,2.5500,2.5500,2.5500,2.5500,2.5500,2.5500,2.5499,2.5495,2.5480,2.5434,2.5310,2.5015,2.4399,2.3261,2.1378,1.8540
652,2.5500,2.5500,2.5500,2.5500,2.5500,2.5500,2.5500,2.5500,2.5500,2.5500,2.5500,2.5499,2.5494,2.5480,2.5434,2.5309,2.5013,2.4396,2.3257,2.1373,1.8536
653,2.5500,2.5500,2.5500,2.5500,2.5500,2.5500,2.5500,2.5500,2.5500,2.5500,2.5500,2.5499,2.5494,2.5479,2.5433,2.5308,2.5011,2.4394,2.3254,2.1369,1.8531
654,2.5500,2.5500,2.5500,2.5500,2.5500,2.5500,2.5500,2.5500,2.5500,2.5500,2.5500,2.5499,2.5494,2.5479,2.5433,2.5307,2.5010,2.4391,2.3250,2.1364,1.8527
655,2.5500,2.5500,2.5500,2.5500,2.5500,2.5500,2.5500,2.5500,2.5500,2.5500,2.5500,2.5499,2.5494,2.5479,2.5432,2.5306,2.5008,2.4388,2.3246,2.1360,1.8522
656,2.5500,2.5500,2.5500,2.5500,2.5500,2.5500,2.5500,2.5500,2.5500,2.5500,2.5500,2.5499,2.5494,2.5479,2.5432,2.5305,2.5006,2.4385,2.3242,2.1355,1.8518
657,2.5500,2.5500,2.5500,2.5500,2.5500,2.5500,2.5500,2.5500,2.5500,2.5500,2.5500,2.5499,2.5494,2.5479,2.5432,2.5304,2.5005,2.4383,2.3238,2.1351,1.8514
658,2.5500,2.5500,2.5500,2.5500,2.5500,2.5500,2.5500,2.5500,2.5500,2.5500,2.5500,2.5499,2.5494,2.5479,2.5431,2.5303,2.5003,2.4380,2.3235,2.1347,1.8509
659,2.5500,2.5500,2.5500,2.5500,2.5500,2.5500,2.5500,2.5500,2.5500,2.5500,2.5500,2.5499,2.5494,2.5479,2.5431,2.5303,2.5001,2.4377,2.3231,2.1342,1.8505
660,2.5500,2.5500,2.5500,2.5500,2.5500,2.5500,2.5500,2.5500,2.5500,2.5500,2.5500,2.5499,2.5494,2.5478,2.5430,2.5302,2.5000,2.4375,2.3227,2.1338,1.8500
661,2.5500,2.5500,2.5500,2.5500,2.5500,2.5500,2.5500,2.5500,2.5500,2.5500,2.5500,2.5499,2.5494,2.5478,2.5430,2.5301,2.4998,2.4372,2.3223,2.1333,1.8496
662,2.5500,2.5500,2.5500,2.5500,2.5500,2.5500,2.5500,2.5500,2.5500,2.5500,2.5500,2.5499,2.5494,2.5478,2.5429,2.5300,2.4996,2.4369,2.3220,2.1329,1.8491
663,2.5500,2.5500,2.5500,2.5500,2.5500,2.5500,2.5500,2.5500,2.5500,2.5500,2.5500,2.5499,2.5494,2.5478,2.5429,2.5299,2.4995,2.4366,2.3216,2.1324,1.8487
664,2.5500,2.5500,2.5500,2.5500,2.5500,2.5500,2.5500,2.5500,2.5500,2.5500,2.5500,2.5499,2.5494,2.5478,2.5429,2.5298,2.4993,2.4364,2.3212,2.1320,1.8483
665,2.5500,2.5500,2.5500,2.5500,2.5500,2.5500,2.5500,2.5500,2.5500,2.5500,2.5500,2.5498,2.5494,2.5478,2.5428,2.5297,2.4991,2.4361,2.3208,2.1315,1.8478
666,2.5500,2.5500,2.5500,2.5500,2.5500,2.5500,2.5500,2.5500,2.5500,2.5500,2.5500,2.5498,2.5494,2.5477,2.5428,2.5296,2.4989,2.4358,2.3205,2.1311,1.8474
667,2.5500,2.5500,2.5500,2.5500,2.5500,2.5500,2.5500,2.5500,2.5500,2.5500,2.5500,2.5498,2.5494,2.5477,2.5427,2.5295,2.4988,2.4356,2.3201,2.1307,1.8469
668,2.5500,2.5500,2.5500,2.5500,2.5500,2.5500,2.5500,2.5500,2.5500,2.5500,2.5500,2.5498,2.5494,2.5477,2.5427,2.5294,2.4986,2.4353,2.3197,2.1302,1.8465
669,2.5500,2.5500,2.5500,2.5500,2.5500,2.5500,2.5500,2.5500,2.5500,2.5500,2.5500,2.5498,2.5494,2.5477,2.5427,2.5294,2.4984,2.4350,2.3193,2.1298,1.8461
670,2.5500,2.5500,2.5500,2.5500,2.5500,2.5500,2.5500,2.5500,2.5500,2.5500,2.5500,2.5498,2.5494,2.5477,2.5426,2.5293,2.4983,2.4347,2.3190,2.1293,1.8456
671,2.5500,2.5500,2.5500,2.5500,2.5500,2.5500,2.5500,2.5500,2.5500,2.5500,2.5500,2.5498,2.5493,2.5477,2.5426,2.5292,2.4981,2.4345,2.3186,2.1289,1.8452
672,2.5500,2.5500,2.5500,2.5500,2.5500,2.5500,2.5500,2.5500,2.5500,2.5500,2.5500,2.5498,2.5493,2.5476,2.5425,2.5291,2.4979,2.4342,2.3182,2.1285,1.8448
673,2.5500,2.5500,2.5500,2.5500,2.5500,2.5500,2.5500,2.5500,2.5500,2.5500,2.5500,2.5498,2.5493,2.5476,2.5425,2.5290,2.4978,2.4339,2.3178,2.1280,1.8443
674,2.5500,2.5500,2.5500,2.5500,2.5500,2.5500,2.5500,2.5500,2.5500,2.5500,2.5500,2.5498,2.5493,2.5476,2.5424,2.5289,2.4976,2.4336,2.3175,2.1276,1.8439
675,2.5500,2.5500,2.5500,2.5500,2.5500,2.5500,2.5500,2.5500,2.5500,2.5500,2.5500,2.5498,2.5493,2.5476,2.5424,2.5288,2.4974,2.4334,2.3171,2.1271,1.8434
676,2.5500,2.5500,2.5500,2.5500,2.5500,2.5500,2.5500,2.5500,2.5500,2.5500,2.5500,2.5498,2.5493,2.5476,2.5424,2.5287,2.4972,2.4331,2.3167,2.1267,1.8430
677,2.5500,2.5500,2.5500,2.5500,2.5500,2.5500,2.5500,2.5500,2.5500,2.5500,2.5500,2.5498,2.5493,2.5476,2.5423,2.5286,2.4971,2.4328,2.3163,2.1263,1.8426
678,2.5500,2.5500,2.5500,2.5500,2.5500,2.5500,2.5500,2.5500,2.5500,2.5500,2.5500,2.5498,2.5493,2.5475,2.5423,2.5285,2.4969,2.4326,2.3160,2.1258,1.8421
679,2.5500,2.5500,2.5500,2.5500,2.5500,2.5500,2.5500,2.5500,2.5500,2.5500,2.5500,2.5498,2.5493,2.5475,2.5422,2.5284,2.4967,2.4323,2.3156,2.1254,1.8417
680,2.5500,2.5500,2.5500,2.5500,2.5500,2.5500,2.5500,2.5500,2.5500,2.5500,2.5500,2.5498,2.5493,2.5475,2.5422,2.5283,2.4966,2.4320,2.3152,2.1249,1.8413
681,2.5500,2.5500,2.5500,2.5500,2.5500,2.5500,2.5500,2.5500,2.5500,2.5500,2.5500,2.5498,2.5493,2.5475,2.5421,2.5283,2.4964,2.4317,2.3148,2.1245,1.8408
682,2.5500,2.5500,2.5500,2.5500,2.5500,2.5500,2.5500,2.5500,2.5500,2.5500,2.5500,2.5498,2.5493,2.5475,2.5421,2.5282,2.4962,2.4315,2.3145,2.1241,1.8404
683,2.5500,2.5500,2.5500,2.5500,2.5500,2.5500,2.5500,2.5500,2.5500,2.5500,2.5500,2.5498,2.5493,2.5474,2.5421,2.5281,2.4960,2.4312,2.3141,2.1236,1.8400
684,2.5500,2.5500,2.5500,2.5500,2.5500,2.5500,2.5500,2.5500,2.5500,2.5500,2.5500,2.5498,2.5493,2.5474,2.5420,2.5280,2.4959,2.4309,2.3137,2.1232,1.8395
685,2.5500,2.5500,2.5500,2.5500,2.5500,2.5500,2.5500,2.5500,2.5500,2.5500,2.5500,2.5498,2.5493,2.5474,2.5420,2.5279,2.4957,2.4307,2.3134,2.1228,1.8391
686,2.5500,2.5500,2.5500,2.5500,2.5500,2.5500,2.5500,2.5500,2.5500,2.5500,2.5500,2.5498,2.5493,2.5474,2.5419,2.5278,2.4955,2.4304,2.3130,2.1223,1.8387
687,2.5500,2.5500,2.5500,2.5500,2.5500,2.5500,2.5500,2.5500,2.5500,2.5500,2.5500,2.5498,2.5492,2.5474,2.5419,2.5277,2.4954,2.4301,2.3126,2.1219,1.8383
688,2.5500,2.5500,2.5500,2.5500,2.5500,2.5500,2.5500,2.5500,2.5500,2.5500,2.5500,2.5498,2.5492,2.5474,2.5418,2.5276,2.4952,2.4298,2.3122,2.1215,1.8378
689,2.5500,2.5500,2.5500,2.5500,2.5500,2.5500,2.5500,2.5500,2.5500,2.5500,2.5500,2.5498,2.5492,2.5473,2.5418,2.5275,2.4950,2.4296,2.3119,2.1210,1.8374
690,2.5500,2.5500,2.5500,2.5500,2.5500,2.5500,2.5500,2.5500,2.5500,2.5500,2.5500,2.5498,2.5492,2.5473,2.5418,2.5274,2.4948,2.4293,2.3115,2.1206,1.8370
691,2.5500,2.5500,2.5500,2.5500,2.5500,2.5500,2.5500,2.5500,2.5500,2.5500,2.5500,2.5498,2.5492,2.5473,2.5417,2.5273,2.4947,2.4290,2.3111,2.1202,1.8365
692,2.5500,2.5500,2.5500,2.5500,2.5500,2.5500,2.5500,2.5500,2.5500,2.5500,2.5500,2.5498,2.5492,2.5473,2.5417,2.5272,2.4945,2.4287,2.3108,2.1197,1.8361
693,2.5500,2.5500,2.5500,2.5500,2.5500,2.5500,2.5500,2.5500,2.5500,2.5500,2.5500,2.5498,2.5492,2.5473,2.5416,2.5271,2.4943,2.4285,2.3104,2.1193,1.8357
694,2.5500,2.5500,2.5500,2.5500,2.5500,2.5500,2.5500,2.5500,2.5500,2.5500,2.5500,2.5498,2.5492,2.5472,2.5416,2.5270,2.4942,2.4282,2.3100,2.1189,1.8353
695,2.5500,2.5500,2.5500,2.5500,2.5500,2.5500,2.5500,2.5500,2.5500,2.5500,2.5500,2.5498,2.5492,2.5472,2.5415,2.5269,2.4940,2.4279,2.3097,2.1184,1.8348
696,2.5500,2.5500,2.5500,2.5500,2.5500,2.5500,2.5500,2.5500,2.5500,2.5500,2.5500,2.5498,2.5492,2.5472,2.5415,2.5268,2.4938,2.4277,2.3093,2.1180,1.8344
697,2.5500,2.5500,2.5500,2.5500,2.5500,2.5500,2.5500,2.5500,2.5500,2.5500,2.5500,2.5498,2.5492,2.5472,2.5414,2.5267,2.4936,2.4274,2.3089,2.1176,1.8340
698,2.5500,2.5500,2.5500,2.5500,2.5500,2.5500,2.5500,2.5500,2.5500,2.5500,2.5500,2.5498,2.5492,2.5472,2.5414,2.5267,2.4935,2.4271,2.3085,2.1171,1.8335
699,2.5500,2.5500,2.5500,2.5500,2.5500,2.5500,2.5500,2.5500,2.5500,2.5500,2.5500,2.5498,2.5492,2.5472,2.5413,2.5266,2.4933,2.4268,2.3082,2.1167,1.8331
700,2.5500,2.5500,2.5500,2.5500,2.5500,2.5500,2.5500,2.5500,2.5500,2.5500,2.5499,2.5498,2.5492,2.5471,2.5413,2.5265,2.4931,2.4266,2.3078,2.1163,1.8327
701,2.5500,2.5500,2.5500,2.5500,2.5500,2.5500,2.5500,2.5500,2.5500,2.5500,2.5499,2.5498,2.5492,2.5471,2.5413,2.5264,2.4929,2.4263,2.3074,2.1159,1.8323
702,2.5500,2.5500,2.5500,2.5500,2.5500,2.5500,2.5500,2.5500,2.5500,2.5500,2.5499,2.5498,2.5491,2.5471,2.5412,2.5263,2.4928,2.4260,2.3071,2.1154,1.8318
703,2.5500,2.5500,2.5500,2.5500,2.5500,2.5500,2.5500,2.5500,2.5500,2.5500,2.5499,2.5498,2.5491,2.5471,2.5412,2.5262,2.4926,2.4258,2.3067,2.1150,1.8314
704,2.5500,2.5500,2.5500,2.5500,2.5500,2.5500,2.5500,2.5500,2.5500,2.5500,2.5499,2.5498,2.5491,2.5471,2.5411,2.5261,2.4924,2.4255,2.3063,2.1146,1.8310
705,2.5500,2.5500,2.5500,2.5500,2.5500,2.5500,2.5500,2.5500,2.5500,2.5500,2.5499,2.5498,2.5491,2.5470,2.5411,2.5260,2.4922,2.4252,2.3060,2.1141,1.8306
706,2.5500,2.5500,2.5500,2.5500,2.5500,2.5500,2.5500,2.5500,2.5500,2.5500,2.5499,2.5498,2.5491,2.5470,2.5410,2.5259,2.4921,2.4249,2.3056,2.1137,1.8302
707,2.5500,2.5500,2.5500,2.5500,2.5500,2.5500,2.5500,2.5500,2.5500,2.5500,2.5499,2.5498,2.5491,2.5470,2.5410,2.5258,2.4919,2.4247,2.3052,2.1133,1.8297
708,2.5500,2.5500,2.5500,2.5500,2.5500,2.5500,2.5500,2.5500,2.5500,2.5500,2.5499,2.5498,2.5491,2.5470,2.5409,2.5257,2.4917,2.4244,2.3049,2.1129,1.8293
709,2.5500,2.5500,2.5500,2.5500,2.5500,2.5500,2.5500,2.5500,2.5500,2.5500,2.5499,2.5498,2.5491,2.5470,2.5409,2.5256,2.4915,2.4241,2.3045,2.1124,1.8289
710,2.5500,2.5500,2.5500,2.5500,2.5500,2.5500,2.5500,2.5500,2.5500,2.5500,2.5499,2.5498,2.5491,2.5469,2.5408,2.5255,2.4914,2.4238,2.3041,2.1120,1.8285
711,2.5500,2.5500,2.5500,2.5500,2.5500,2.5500,2.5500,2.5500,2.5500,2.5500,2.5499,2.5498,2.5491,2.5469,2.5408,2.5254,2.4912,2.4236,2.3038,2.1116,1.8280
712,2.5500,2.5500,2.5500,2.5500,2.5500,2.5500,2.5500,2.5500,2.5500,2.5500,2.5499,2.5498,2.5491,2.5469,2.5407,2.5253,2.4910,2.4233,2.3034,2.1112,1.8276
713,2.5500,2.5500,2.5500,2.5500,2.5500,2.5500,2.5500,2.5500,2.5500,2.5500,2.5499,2.5498,2.5491,2.5469,2.5407,2.5252,2.4908,2.4230,2.3030,2.1107,1.8272
714,2.5500,2.5500,2.5500,2.5500,2.5500,2.5500,2.5500,2.5500,2.5500,2.5500,2.5499,2.5498,2.5491,2.5469,2.5406,2.5251,2.4907,2.4228,2.3027,2.1103,1.8268
715,2.5500,2.5500,2.5500,2.5500,2.5500,2.5500,2.5500,2.5500,2.5500,2.5500,2.5499,2.5497,2.5491,2.5468,2.5406,2.5250,2.4905,2.4225,2.3023,2.1099,1.8264
716,2.5500,2.5500,2.5500,2.5500,2.5500,2.5500,2.5500,2.5500,2.5500,2.5500,2.5499,2.5497,2.5490,2.5468,2.5405,2.5249,2.4903,2.4222,2.3019,2.1095,1.8260
717,2.5500,2.5500,2.5500,2.5500,2.5500,2.5500,2.5500,2.5500,2.5500,2.5500,2.5499,2.5497,2.5490,2.5468,2.5405,2.5248,2.4901,2.4219,2.3016,2.1090,1.8255
718,2.5500,2.5500,2.5500,2.5500,2.5500,2.5500,2.5500,2.5500,2.5500,2.5500,2.5499,2.5497,2.5490,2.5468,2.5405,2.5247,2.4900,2.4217,2.3012,2.1086,1.8251
719,2.5500,2.5500,2.5500,2.5500,2.5500,2.5500,2.5500,2.5500,2.5500,2.5500,2.5499,2.5497,2.5490,2.5468,2.5404,2.5246,2.4898,2.4214,2.3008,2.1082,1.8247
720,2.5500,2.5500,2.5500,2.5500,2.5500,2.5500,2.5500,2.5500,2.5500,2.5500,2.5499,2.5497,2.5490,2.5467,2.5404,2.5245,2.4896,2.4211,2.3005,2.1078,1.8243
721,2.5500,2.5500,2.5500,2.5500,2.5500,2.5500,2.5500,2.5500,2.5500,2.5500,2.5499,2.5497,2.5490,2.5467,2.5403,2.5244,2.4894,2.4209,2.3001,2.1074,1.8239
722,2.5500,2.5500,2.5500,2.5500,2.5500,2.5500,2.5500,2.5500,2.5500,2.5500,2.5499,2.5497,2.5490,2.5467,2.5403,2.5243,2.4893,2.4206,2.2997,2.1069,1.8234
723,2.5500,2.5500,2.5500,2.5500,2.5500,2.5500,2.5500,2.5500,2.5500,2.5500,2.5499,2.5497,2.5490,2.5467,2.5402,2.5242,2.4891,2.4203,2.2994,2.1065,1.8230
724,2.5500,2.5500,2.5500,2.5500,2.5500,2.5500,2.5500,2.5500,2.5500,2.5500,2.5499,2.5497,2.5490,2.5467,2.5402,2.5241,2.4889,2.4200,2.2990,2.1061,1.8226
725,2.5500,2.5500,2.5500,2.5500,2.5500,2.5500,2.5500,2.5500,2.5500,2.5500,2.5499,2.5497,2.5490,2.5466,2.5401,2.5240,2.4887,2.4198,2.2987,2.1057,1.8222
726,2.5500,2.5500,2.5500,2.5500,2.5500,2.5500,2.5500,2.5500,2.5500,2.5500,2.5499,2.5497,2.5490,2.5466,2.5401,2.5239,2.4886,2.4195,2.2983,2.1052,1.8218
727,2.5500,2.5500,2.5500,2.5500,2.5500,2.5500,2.5500,2.5500,2.5500,2.5500,2.5499,2.5497,2.5490,2.5466,2.5400,2.5238,2.4884,2.4192,2.2979,2.1048,1.8214
728,2.5500,2.5500,2.5500,2.5500,2.5500,2.5500,2.5500,2.5500,2.5500,2.5500,2.5499,2.5497,2.5490,2.5466,2.5400,2.5237,2.4882,2.4189,2.2976,2.1044,1.8210
729,2.5500,2.5500,2.5500,2.5500,2.5500,2.5500,2.5500,2.5500,2.5500,2.5500,2.5499,2.5497,2.5489,2.5466,2.5399,2.5236,2.4880,2.4187,2.2972,2.1040,1.8205
730,2.5500,2.5500,2.5500,2.5500,2.5500,2.5500,2.5500,2.5500,2.5500,2.5500,2.5499,2.5497,2.5489,2.5465,2.5399,2.5235,2.4878,2.4184,2.2968,2.1036,1.8201
731,2.5500,2.5500,2.5500,2.5500,2.5500,2.5500,2.5500,2.5500,2.5500,2.5500,2.5499,2.5497,2.5489,2.5465,2.5398,2.5234,2.4877,2.4181,2.2965,2.1032,1.8197
732,2.5500,2.5500,2.5500,2.5500,2.5500,2.5500,2.5500,2.5500,2.5500,2.5500,2.5499,2.5497,2.5489,2.5465,2.5398,2.5233,2.4875,2.4179,2.2961,2.1027,1.8193
733,2.5500,2.5500,2.5500,2.5500,2.5500,2.5500,2.5500,2.5500,2.5500,2.5500,2.5499,2.5497,2.5489,2.5465,2.5397,2.5232,2.4873,2.4176,2.2957,2.1023,1.8189
734,2.5500,2.5500,2.5500,2.5500,2.5500,2.5500,2.5500,2.5500,2.5500,2.5500,2.5499,2.5497,2.5489,2.5464,2.5397,2.5231,2.4871,2.4173,2.2954,2.1019,1.8185
735,2.5500,2.5500,2.5500,2.5500,2.5500,2.5500,2.5500,2.5500,2.5500,2.5500,2.5499,2.5497,2.5489,2.5464,2.5396,2.5230,2.4870,2.4170,2.2950,2.1015,1.8181
736,2.5500,2.5500,2.5500,2.5500,2.5500,2.5500,2.5500,2.5500,2.5500,2.5500,2.5499,2.5497,2.5489,2.5464,2.5396,2.5229,2.4868,2.4168,2.2947,2.1011,1.8177
737,2.5500,2.5500,2.5500,2.5500,2.5500,2.5500,2.5500,2.5500,2.5500,2.5500,2.5499,2.5497,2.5489,2.5464,2.5395,2.5228,2.4866,2.4165,2.2943,2.1006,1.8173
738,2.5500,2.5500,2.5500,2.5500,2.5500,2.5500,2.5500,2.5500,2.5500,2.5500,2.5499,2.5497,2.5489,2.5464,2.5395,2.5227,2.4864,2.4162,2.2939,2.1002,1.8168
739,2.5500,2.5500,2.5500,2.5500,2.5500,2.5500,2.5500,2.5500,2.5500,2.5500,2.5499,2.5497,2.5489,2.5463,2.5394,2.5226,2.4862,2.4160,2.2936,2.0998,1.8164
740,2.5500,2.5500,2.5500,2.5500,2.5500,2.5500,2.5500,2.5500,2.5500,2.5500,2.5499,2.5497,2.5489,2.5463,2.5394,2.5225,2.4861,2.4157,2.2932,2.0994,1.8160
741,2.5500,2.5500,2.5500,2.5500,2.5500,2.5500,2.5500,2.5500,2.5500,2.5500,2.5499,2.5497,2.5488,2.5463,2.5393,2.5224,2.4859,2.4154,2.2929,2.0990,1.8156
742,2.5500,2.5500,2.5500,2.5500,2.5500,2.5500,2.5500,2.5500,2.5500,2.5500,2.5499,2.5497,2.5488,2.5463,2.5393,2.5223,2.4857,2.4151,2.2925,2.0986,1.8152
743,2.5500,2.5500,2.5500,2.5500,2.5500,2.5500,2.5500,2.5500,2.5500,2.5500,2.5499,2.5497,2.5488,2.5462,2.5392,2.5222,2.4855,2.4149,2.2921,2.0982,1.8148
744,2.5500,2.5500,2.5500,2.5500,2.5500,2.5500,2.5500,2.5500,2.5500,2.5500,2.5499,2.5497,2.5488,2.5462,2.5392,2.5221,2.4854,2.4146,2.2918,2.0977,1.8144
745,2.5500,2.5500,2.5500,2.5500,2.5500,2.5500,2.5500,2.5500,2.5500,2.5500,2.5499,2.5497,2.5488,2.5462,2.5391,2.5220,2.4852,2.4143,2.2914,2.0973,1.8140
746,2.5500,2.5500,2.5500,2.5500,2.5500,2.5500,2.5500,2.5500,2.5500,2.5500,2.5499,2.5497,2.5488,2.5462,2.5391,2.5219,2.4850,2.4141,2.2911,2.0969,1.8136
747,2.5500,2.5500,2.5500,2.5500,2.5500,2.5500,2.5500,2.5500,2.5500,2.5500,2.5499,2.5497,2.5488,2.5462,2.5390,2.5218,2.4848,2.4138,2.2907,2.0965,1.8132
748,2.5500,2.5500,2.5500,2.5500,2.5500,2.5500,2.5500,2.5500,2.5500,2.5500,2.5499,2.5497,2.5488,2.5461,2.5389,2.5217,2.4846,2.4135,2.2903,2.0961,1.8128
749,2.5500,2.5500,2.5500,2.5500,2.5500,2.5500,2.5500,2.5500,2.5500,2.5500,2.5499,2.5497,2.5488,2.5461,2.5389,2.5216,2.4845,2.4132,2.2900,2.0957,1.8124
750,2.5500,2.5500,2.5500,2.5500,2.5500,2.5500,2.5500,2.5500,2.5500,2.5500,2.5499,2.5497,2.5488,2.5461,2.5388,2.5215,2.4843,2.4130,2.2896,2.0953,1.8120
751,2.5500,2.5500,2.5500,2.5500,2.5500,2.5500,2.5500,2.5500,2.5500,2.5500,2.5499,2.5497,2.5488,2.5461,2.5388,2.5214,2.4841,2.4127,2.2893,2.0949,1.8116
752,2.5500,2.5500,2.5500,2.5500,2.5500,2.5500,2.5500,2.5500,2.5500,2.5500,2.5499,2.5496,2.5488,2.5460,2.5387,2.5213,2.4839,2.4124,2.2889,2.0944,1.8111
753,2.5500,2.5500,2.5500,2.5500,2.5500,2.5500,2.5500,2.5500,2.5500,2.5500,2.5499,2.5496,2.5487,2.5460,2.5387,2.5212,2.4837,2.4121,2.2885,2.0940,1.8107
754,2.5500,2.5500,2.5500,2.5500,2.5500,2.5500,2.5500,2.5500,2.5500,2.5500,2.5499,2.5496,2.5487,2.5460,2.5386,2.5211,2.4836,2.4119,2.2882,2.0936,1.8103
755,2.5500,2.5500,2.5500,2.5500,2.5500,2.5500,2.5500,2.5500,2.5500,2.5500,2.5499,2.5496,2.5487,2.5460,2.5386,2.5210,2.4834,2.4116,2.2878,2.0932,1.8099
756,2.5500,2.5500,2.5500,2.5500,2.5500,2.5500,2.5500,2.5500,2.5500,2.5500,2.5499,2.5496,2.5487,2.5459,2.5385,2.5208,2.4832,2.4113,2.2875,2.0928,1.8095
757,2.5500,2.5500,2.5500,2.5500,2.5500,2.5500,2.5500,2.5500,2.5500,2.5500,2.5499,2.5496,2.5487,2.5459,2.5385,2.5207,2.4830,2.4111,2.2871,2.0924,1.8091
758,2.5500,2.5500,2.5500,2.5500,2.5500,2.5500,2.5500,2.5500,2.5500,2.5500,2.5499,2.5496,2.5487,2.5459,2.5384,2.5206,2.4828,2.4108,2.2868,2.0920,1.8087
759,2.5500,2.5500,2.5500,2.5500,2.5500,2.5500,2.5500,2.5500,2.5500,2.5500,2.5499,2.5496,2.5487,2.5459,2.5384,2.5205,2.4827,2.4105,2.2864,2.0916,1.8083
760,2.5500,2.5500,2.5500,2.5500,2.5500,2.5500,2.5500,2.5500,2.5500,2.5500,2.5499,2.5496,2.5487,2.5459,2.5383,2.5204,2.4825,2.4102,2.2860,2.0912,1.8079
761,2.5500,2.5500,2.5500,2.5500,2.5500,2.5500,2.5500,2.5500,2.5500,2.5500,2.5499,2.5496,2.5487,2.5458,2.5383,2.5203,2.4823,2.4100,2.2857,2.0908,1.8075
762,2.5500,2.5500,2.5500,2.5500,2.5500,2.5500,2.5500,2.5500,2.5500,2.5500,2.5499,2.5496,2.5487,2.5458,2.5382,2.5202,2.4821,2.4097,2.2853,2.0904,1.8071
763,2.5500,2.5500,2.5500,2.5500,2.5500,2.5500,2.5500,2.5500,2.5500,2.5500,2.5499,2.5496,2.5486,2.5458,2.5382,2.5201,2.4819,2.4094,2.2850,2.0899,1.8067
764,2.5500,2.5500,2.5500,2.5500,2.5500,2.5500,2.5500,2.5500,2.5500,2.5500,2.5499,2.5496,2.5486,2.5458,2.5381,2.5200,2.4818,2.4092,2.2846,2.0895,1.8063
765,2.5500,2.5500,2.5500,2.5500,2.5500,2.5500,2.5500,2.5500,2.5500,2.5500,2.5499,2.5496,2.5486,2.5457,2.5380,2.5199,2.4816,2.4089,2.2843,2.0891,1.8059
766,2.5500,2.5500,2.5500,2.5500,2.5500,2.5500,2.5500,2.5500,2.5500,2.5500,2.5499,2.5496,2.5486,2.5457,2.5380,2.5198,2.4814,2.4086,2.2839,2.0887,1.8055
767,2.5500,2.5500,2.5500,2.5500,2.5500,2.5500,2.5500,2.5500,2.5500,2.5500,2.5499,2.5496,2.5486,2.5457,2.5379,2.5197,2.4812,2.4083,2.2835,2.0883,1.8051
768,2.5500,2.5500,2.5500,2.5500,2.5500,2.5500,2.5500,2.5500,2.5500,2.5500,2.5499,2.5496,2.5486,2.5457,2.5379,2.5196,2.4810,2.4081,2.2832,2.0879,1.8047
769,2.5500,2.5500,2.5500,2.5500,2.5500,2.5500,2.5500,2.5500,2.5500,2.5500,2.5499,2.5496,2.5486,2.5456,2.5378,2.5195,2.4809,2.4078,2.2828,2.0875,1.8043
770,2.5500,2.5500,2.5500,2.5500,2.5500,2.5500,2.5500,2.5500,2.5500,2.5500,2.5499,2.5496,2.5486,2.5456,2.5378,2.5194,2.4807,2.4075,2.2825,2.0871,1.8039
771,2.5500,2.5500,2.5500,2.5500,2.5500,2.5500,2.5500,2.5500,2.5500,2.5500,2.5499,2.5496,2.5486,2.5456,2.5377,2.5193,2.4805,2.4073,2.2821,2.0867,1.8035
772,2.5500,2.5500,2.5500,2.5500,2.5500,2.5500,2.5500,2.5500,2.5500,2.5500,2.5499,2.5496,2.5486,2.5456,2.5377,2.5192,2.4803,2.4070,2.2818,2.0863,1.8031
773,2.5500,2.5500,2.5500,2.5500,2.5500,2.5500,2.5500,2.5500,2.5500,2.5500,2.5499,2.5496,2.5486,2.5455,2.5376,2.5191,2.4801,2.4067,2.2814,2.0859,1.8027
774,2.5500,2.5500,2.5500,2.5500,2.5500,2.5500,2.5500,2.5500,2.5500,2.5500,2.5499,2.5496,2.5485,2.5455,2.5376,2.5189,2.4799,2.4065,2.2811,2.0855,1.8023
775,2.5500,2.5500,2.5500,2.5500,2.5500,2.5500,2.5500,2.5500,2.5500,2.5500,2.5499,2.5496,2.5485,2.5455,2.5375,2.5188,2.4798,2.4062,2.2807,2.0851,1.8019
776,2.5500,2.5500,2.5500,2.5500,2.5500,2.5500,2.5500,2.5500,2.5500,2.5500,2.5499,2.5496,2.5485,2.5455,2.5374,2.5187,2.4796,2.4059,2.2804,2.0847,1.8015
777,2.5500,2.5500,2.5500,2.5500,2.5500,2.5500,2.5500,2.5500,2.5500,2.5500,2.5499,2.5496,2.5485,2.5454,2.5374,2.5186,2.4794,2.4056,2.2800,2.0843,1.8012
778,2.5500,2.5500,2.5500,2.5500,2.5500,2.5500,2.5500,2.5500,2.5500,2.5500,2.5499,2.5496,2.5485,2.5454,2.5373,2.5185,2.4792,2.4054,2.2796,2.0839,1.8008
779,2.5500,2.5500,2.5500,2.5500,2.5500,2.5500,2.5500,2.5500,2.5500,2.5500,2.5499,2.5496,2.5485,2.5454,2.5373,2.5184,2.4790,2.4051,2.2793,2.0835,1.8004
780,2.5500,2.5500,2.5500,2.5500,2.5500,2.5500,2.5500,2.5500,2.5500,2.5500,2.5499,2.5496,2.5485,2.5454,2.5372,2.5183,2.4789,2.4048,2.2789,2.0831,1.8000
781,2.5500,2.5500,2.5500,2.5500,2.5500,2.5500,2.5500,2.5500,2.5500,2.5500,2.5499,2.5496,2.5485,2.5453,2.5372,2.5182,2.4787,2.4046,2.2786,2.0827,1.7996
782,2.5500,2.5500,2.5500,2.5500,2.5500,2.5500,2.5500,2.5500,2.5500,2.5500,2.5499,2.5495,2.5485,2.5453,2.5371,2.5181,2.4785,2.4043,2.2782,2.0823,1.7992
783,2.5500,2.5500,2.5500,2.5500,2.5500,2.5500,2.5500,2.5500,2.5500,2.5500,2.5499,2.5495,2.5485,2.5453,2.5371,2.5180,2.4783,2.4040,2.2779,2.0819,1.7988
784,2.5500,2.5500,2.5500,2.5500,2.5500,2.5500,2.5500,2.5500,2.5500,2.5500,2.5499,2.5495,2.5484,2.5453,2.5370,2.5179,2.4781,2.4037,2.2775,2.0815,1.7984
785,2.5500,2.5500,2.5500,2.5500,2.5500,2.5500,2.5500,2.5500,2.5500,2.5500,2.5499,2.5495,2.5484,2.5452,2.5369,2.5178,2.4779,2.4035,2.2772,2.0811,1.7980
786,2.5500,2.5500,2.5500,2.5500,2.5500,2.5500,2.5500,2.5500,2.5500,2.5500,2.5499,2.5495,2.5484,2.5452,2.5369,2.5177,2.4778,2.4032,2.2768,2.0807,1.7976
787,2.5500,2.5500,2.5500,2.5500,2.5500,2.5500,2.5500,2.5500,2.5500,2.5500,2.5499,2.5495,2.5484,2.5452,2.5368,2.5175,2.4776,2.4029,2.2765,2.0803,1.7972
788,2.5500,2.5500,2.5500,2.5500,2.5500,2.5500,2.5500,2.5500,2.5500,2.5500,2.5499,2.5495,2.5484,2.5452,2.5368,2.5174,2.4774,2.4027,2.2761,2.0799,1.7968
789,2.5500,2.5500,2.5500,2.5500,2.5500,2.5500,2.5500,2.5500,2.5500,2.5500,2.5499,2.5495,2.5484,2.5451,2.5367,2.5173,2.4772,2.4024,2.2758,2.0795,1.7964
790,2.5500,2.5500,2.5500,2.5500,2.5500,2.5500,2.5500,2.5500,2.5500,2.5500,2.5499,2.5495,2.5484,2.5451,2.5367,2.5172,2.4770,2.4021,2.2754,2.0791,1.7960
791,2.5500,2.5500,2.5500,2.5500,2.5500,2.5500,2.5500,2.5500,2.5500,2.5500,2.5499,2.5495,2.5484,2.5451,2.5366,2.5171,2.4768,2.4018,2.2751,2.0787,1.7956
792,2.5500,2.5500,2.5500,2.5500,2.5500,2.5500,2.5500,2.5500,2.5500,2.5500,2.5499,2.5495,2.5484,2.5450,2.5365,2.5170,2.4767,2.4016,2.2747,2.0783,1.7953
793,2.5500,2.5500,2.5500,2.5500,2.5500,2.5500,2.5500,2.5500,2.5500,2.5500,2.5499,2.5495,2.5483,2.5450,2.5365,2.5169,2.4765,2.4013,2.2744,2.0779,1.7949
794,2.5500,2.5500,2.5500,2.5500,2.5500,2.5500,2.5500,2.5500,2.5500,2.5500,2.5499,2.5495,2.5483,2.5450,2.5364,2.5168,2.4763,2.4010,2.2740,2.0775,1.7945
795,2.5500,2.5500,2.5500,2.5500,2.5500,2.5500,2.5500,2.5500,2.5500,2.5500,2.5499,2.5495,2.5483,2.5450,2.5364,2.5167,2.4761,2.4008,2.2737,2.0771,1.7941
796,2.5500,2.5500,2.5500,2.5500,2.5500,2.5500,2.5500,2.5500,2.5500,2.5500,2.5499,2.5495,2.5483,2.5449,2.5363,2.5166,2.4759,2.4005,2.2733,2.0767,1.7937
797,2.5500,2.5500,2.5500,2.5500,2.5500,2.5500,2.5500,2.5500,2.5500,2.5500,2.5499,2.5495,2.5483,2.5449,2.5363,2.5165,2.4757,2.4002,2.2730,2.0763,1.7933
798,2.5500,2.5500,2.5500,2.5500,2.5500,2.5500,2.5500,2.5500,2.5500,2.5500,2.5499,2.5495,2.5483,2.5449,2.5362,2.5163,2.4756,2.4000,2.2726,2.0759,1.7929
799,2.5500,2.5500,2.5500,2.5500,2.5500,2.5500,2.5500,2.5500,2.5500,2.5500,2.5499,2.5495,2.5483,2.5449,2.5361,2.5162,2.4754,2.3997,2.2723,2.0755,1.7925
800,2.5500,2.5500,2.5500,2.5500,2.5500,2.5500,2.5500,2.5500,2.5500,2.5500,2.5499,2.5495,2.5483,2.5448,2.5361,2.5161,2.4752,2.3994,2.2719,2.0751,1.7922
801,2.5500,2.5500,2.5500,2.5500,2.5500,2.5500,2.5500,2.5500,2.5500,2.5500,2.5499,2.5495,2.5483,2.5448,2.5360,2.5160,2.4750,2.3991,2.2716,2.0747,1.7918
802,2.5500,2.5500,2.5500,2.5500,2.5500,2.5500,2.5500,2.5500,2.5500,2.5500,2.5499,2.5495,2.5482,2.5448,2.5360,2.5159,2.4748,2.3989,2.2712,2.0743,1.7914
803,2.5500,2.5500,2.5500,2.5500,2.5500,2.5500,2.5500,2.5500,2.5500,2.5500,2.5499,2.5495,2.5482,2.5447,2.5359,2.5158,2.4746,2.3986,2.2709,2.0739,1.7910
804,2.5500,2.5500,2.5500,2.5500,2.5500,2.5500,2.5500,2.5500,2.5500,2.5500,2.5499,2.5495,2.5482,2.5447,2.5358,2.5157,2.4745,2.3983,2.2705,2.0735,1.7906
805,2.5500,2.5500,2.5500,2.5500,2.5500,2.5500,2.5500,2.5500,2.5500,2.5500,2.5499,2.5495,2.5482,2.5447,2.5358,2.5156,2.4743,2.3981,2.2702,2.0731,1.7902
806,2.5500,2.5500,2.5500,2.5500,2.5500,2.5500,2.5500,2.5500,2.5500,2.5500,2.5498,2.5495,2.5482,2.5447,2.5357,2.5155,2.4741,2.3978,2.2698,2.0727,1.7898
807,2.5500,2.5500,2.5500,2.5500,2.5500,2.5500,2.5500,2.5500,2.5500,2.5500,2.5498,2.5494,2.5482,2.5446,2.5357,2.5153,2.4739,2.3975,2.2695,2.0723,1.7894
808,2.5500,2.5500,2.5500,2.5500,2.5500,2.5500,2.5500,2.5500,2.5500,2.5500,2.5498,2.5494,2.5482,2.5446,2.5356,2.5152,2.4737,2.3973,2.2691,2.0719,1.7891
809,2.5500,2.5500,2.5500,2.5500,2.5500,2.5500,2.5500,2.5500,2.5500,2.5500,2.5498,2.5494,2.5482,2.5446,2.5356,2.5151,2.4735,2.3970,2.2688,2.0715,1.7887
810,2.5500,2.5500,2.5500,2.5500,2.5500,2.5500,2.5500,2.5500,2.5500,2.5500,2.5498,2.5494,2.5482,2.5446,2.5355,2.5150,2.4734,2.3967,2.2684,2.0712,1.7883
811,2.5500,2.5500,2.5500,2.5500,2.5500,2.5500,2.5500,2.5500,2.5500,2.5500,2.5498,2.5494,2.5481,2.5445,2.5354,2.5149,2.4732,2.3964,2.2681,2.0708,1.7879
812,2.5500,2.5500,2.5500,2.5500,2.5500,2.5500,2.5500,2.5500,2.5500,2.5500,2.5498,2.5494,2.5481,2.5445,2.5354,2.5148,2.4730,2.3962,2.2677,2.0704,1.7875
813,2.5500,2.5500,2.5500,2.5500,2.5500,2.5500,2.5500,2.5500,2.5500,2.5500,2.5498,2.5494,2.5481,2.5445,2.5353,2.5147,2.4728,2.3959,2.2674,2.0700,1.7871
814,2.5500,2.5500,2.5500,2.5500,2.5500,2.5500,2.5500,2.5500,2.5500,2.5500,2.5498,2.5494,2.5481,2.5444,2.5353,2.5146,2.4726,2.3956,2.2670,2.0696,1.7868
815,2.5500,2.5500,2.5500,2.5500,2.5500,2.5500,2.5500,2.5500,2.5500,2.5500,2.5498,2.5494,2.5481,2.5444,2.5352,2.5145,2.4724,2.3954,2.2667,2.0692,1.7864
816,2.5500,2.5500,2.5500,2.5500,2.5500,2.5500,2.5500,2.5500,2.5500,2.5500,2.5498,2.5494,2.5481,2.5444,2.5351,2.5143,2.4722,2.3951,2.2663,2.0688,1.7860
817,2.5500,2.5500,2.5500,2.5500,2.5500,2.5500,2.5500,2.5500,2.5500,2.5500,2.5498,2.5494,2.5481,2.5444,2.5351,2.5142,2.4721,2.3948,2.2660,2.0684,1.7856
818,2.5500,2.5500,2.5500,2.5500,2.5500,2.5500,2.5500,2.5500,2.5500,2.5500,2.5498,2.5494,2.5481,2.5443,2.5350,2.5141,2.4719,2.3946,2.2656,2.0680,1.7852
819,2.5500,2.5500,2.5500,2.5500,2.5500,2.5500,2.5500,2.5500,2.5500,2.5500,2.5498,2.5494,2.5480,2.5443,2.5350,2.5140,2.4717,2.3943,2.2653,2.0676,1.7849
820,2.5500,2.5500,2.5500,2.5500,2.5500,2.5500,2.5500,2.5500,2.5500,2.5500,2.5498,2.5494,2.5480,2.5443,2.5349,2.5139,2.4715,2.3940,2.2650,2.0672,1.7845
821,2.5500,2.5500,2.5500,2.5500,2.5500,2.5500,2.5500,2.5500,2.5500,2.5500,2.5498,2.5494,2.5480,2.5442,2.5348,2.5138,2.4713,2.3937,2.2646,2.0669,1.7841
822,2.5500,2.5500,2.5500,2.5500,2.5500,2.5500,2.5500,2.5500,2.5500,2.5500,2.5498,2.5494,2.5480,2.5442,2.5348,2.5137,2.4711,2.3935,2.2643,2.0665,1.7837
823,2.5500,2.5500,2.5500,2.5500,2.5500,2.5500,2.5500,2.5500,2.5500,2.5500,2.5498,2.5494,2.5480,2.5442,2.5347,2.5136,2.4709,2.3932,2.2639,2.0661,1.7833
824,2.5500,2.5500,2.5500,2.5500,2.5500,2.5500,2.5500,2.5500,2.5500,2.5500,2.5498,2.5494,2.5480,2.5442,2.5347,2.5134,2.4708,2.3929,2.2636,2.0657,1.7830
825,2.5500,2.5500,2.5500,2.5500,2.5500,2.5500,2.5500,2.5500,2.5500,2.5500,2.5498,2.5494,2.5480,2.5441,2.5346,2.5133,2.4706,2.3927,2.2632,2.0653,1.7826
826,2.5500,2.5500,2.5500,2.5500,2.5500,2.5500,2.5500,2.5500,2.5500,2.5500,2.5498,2.5494,2.5480,2.5441,2.5345,2.5132,2.4704,2.3924,2.2629,2.0649,1.7822
827,2.5500,2.5500,2.5500,2.5500,2.5500,2.5500,2.5500,2.5500,2.5500,2.5500,2.5498,2.5494,2.5479,2.5441,2.5345,2.5131,2.4702,2.3921,2.2625,2.0645,1.7818
828,2.5500,2.5500,2.5500,2.5500,2.5500,2.5500,2.5500,2.5500,2.5500,2.5500,2.5498,2.5494,2.5479,2.5440,2.5344,2.5130,2.4700,2.3919,2.2622,2.0641,1.7814
829,2.5500,2.5500,2.5500,2.5500,2.5500,2.5500,2.5500,2.5500,2.5500,2.5500,2.5498,2.5493,2.5479,2.5440,2.5343,2.5129,2.4698,2.3916,2.2619,2.0638,1.7811
830,2.5500,2.5500,2.5500,2.5500,2.5500,2.5500,2.5500,2.5500,2.5500,2.5500,2.5498,2.5493,2.5479,2.5440,2.5343,2.5128,2.4696,2.3913,2.2615,2.0634,1.7807
831,2.5500,2.5500,2.5500,2.5500,2.5500,2.5500,2.5500,2.5500,2.5500,2.5500,2.5498,2.5493,2.5479,2.5439,2.5342,2.5126,2.4695,2.3910,2.2612,2.0630,1.7803
832,2.5500,2.5500,2.5500,2.5500,2.5500,2.5500,2.5500,2.5500,2.5500,2.5500,2.5498,2.5493,2.5479,2.5439,2.5342,2.5125,2.4693,2.3908,2.2608,2.0626,1.7799
833,2.5500,2.5500,2.5500,2.5500,2.5500,2.5500,2.5500,2.5500,2.5500,2.5500,2.5498,2.5493,2.5479,2.5439,2.5341,2.5124,2.4691,2.3905,2.2605,2.0622,1.7795
834,2.5500,2.5500,2.5500,2.5500,2.5500,2.5500,2.5500,2.5500,2.5500,2.5500,2.5498,2.5493,2.5479,2.5439,2.5340,2.5123,2.4689,2.3902,2.2601,2.0618,1.7792
835,2.5500,2.5500,2.5500,2.5500,2.5500,2.5500,2.5500,2.5500,2.5500,2.5499,2.5498,2.5493,2.5478,2.5438,2.5340,2.5122,2.4687,2.3900,2.2598,2.0614,1.7788
836,2.5500,2.5500,2.5500,2.5500,2.5500,2.5500,2.5500,2.5500,2.5500,2.5499,2.5498,2.5493,2.5478,2.5438,2.5339,2.5121,2.4685,2.3897,2.2594,2.0611,1.7784
837,2.5500,2.5500,2.5500,2.5500,2.5500,2.5500,2.5500,2.5500,2.5500,2.5499,2.5498,2.5493,2.5478,2.5438,2.5338,2.5120,2.4683,2.3894,2.2591,2.0607,1.7780
838,2.5500,2.5500,2.5500,2.5500,2.5500,2.5500,2.5500,2.5500,2.5500,2.5499,2.5498,2.5493,2.5478,2.5437,2.5338,2.5118,2.4682,2.3892,2.2588,2.0603,1.7777
839,2.5500,2.5500,2.5500,2.5500,2.5500,2.5500,2.5500,2.5500,2.5500,2.5499,2.5498,2.5493,2.5478,2.5437,2.5337,2.5117,2.4680,2.3889,2.2584,2.0599,1.7773
840,2.5500,2.5500,2.5500,2.5500,2.5500,2.5500,2.5500,2.5500,2.5500,2.5499,2.5498,2.5493,2.5478,2.5437,2.5337,2.5116,2.4678,2.3886,2.2581,2.0595,1.7769
841,2.5500,2.5500,2.5500,2.5500,2.5500,2.5500,2.5500,2.5500,2.5500,2.5499,2.5498,2.5493,2.5478,2.5436,2.5336,2.5115,2.4676,2.3884,2.2577,2.0591,1.7765
842,2.5500,2.5500,2.5500,2.5500,2.5500,2.5500,2.5500,2.5500,2.5500,2.5499,2.5498,2.5493,2.5478,2.5436,2.5335,2.5114,2.4674,2.3881,2.2574,2.0587,1.7762
843,2.5500,2.5500,2.5500,2.5500,2.5500,2.5500,2.5500,2.5500,2.5500,2.5499,2.5498,2.5493,2.5477,2.5436,2.5335,2.5113,2.4672,2.3878,2.2571,2.0584,1.7758
844,2.5500,2.5500,2.5500,2.5500,2.5500,2.5500,2.5500,2.5500,2.5500,2.5499,2.5498,2.5493,2.5477,2.5436,2.5334,2.5112,2.4670,2.3876,2.2567,2.0580,1.7754
845,2.5500,2.5500,2.5500,2.5500,2.5500,2.5500,2.5500,2.5500,2.5500,2.5499,2.5498,2.5493,2.5477,2.5435,2.5333,2.5110,2.4668,2.3873,2.2564,2.0576,1.7751
846,2.5500,2.5500,2.5500,2.5500,2.5500,2.5500,2.5500,2.5500,2.5500,2.5499,2.5498,2.5493,2.5477,2.5435,2.5333,2.5109,2.4667,2.3870,2.2560,2.0572,1.7747
847,2.5500,2.5500,2.5500,2.5500,2.5500,2.5500,2.5500,2.5500,2.5500,2.5499,2.5498,2.5493,2.5477,2.5435,2.5332,2.5108,2.4665,2.3867,2.2557,2.0568,1.7743
848,2.5500,2.5500,2.5500,2.5500,2.5500,2.5500,2.5500,2.5500,2.5500,2.5499,2.5498,2.5493,2.5477,2.5434,2.5332,2.5107,2.4663,2.3865,2.2553,2.0565,1.7739
849,2.5500,2.5500,2.5500,2.5500,2.5500,2.5500,2.5500,2.5500,2.5500,2.5499,2.5498,2.5492,2.5477,2.5434,2.5331,2.5106,2.4661,2.3862,2.2550,2.0561,1.7736
850,2.5500,2.5500,2.5500,2.5500,2.5500,2.5500,2.5500,2.5500,2.5500,2.5499,2.5498,2.5492,2.5476,2.5434,2.5330,2.5105,2.4659,2.3859,2.2547,2.0557,1.7732
851,2.5500,2.5500,2.5500,2.5500,2.5500,2.5500,2.5500,2.5500,2.5500,2.5499,2.5498,2.5492,2.5476,2.5433,2.5330,2.5103,2.4657,2.3857,2.2543,2.0553,1.7728
852,2.5500,2.5500,2.5500,2.5500,2.5500,2.5500,2.5500,2.5500,2.5500,2.5499,2.5498,2.5492,2.5476,2.5433,2.5329,2.5102,2.4655,2.3854,2.2540,2.0549,1.7725
853,2.5500,2.5500,2.5500,2.5500,2.5500,2.5500,2.5500,2.5500,2.5500,2.5499,2.5498,2.5492,2.5476,2.5433,2.5328,2.5101,2.4653,2.3851,2.2536,2.0546,1.7721
854,2.5500,2.5500,2.5500,2.5500,2.5500,2.5500,2.5500,2.5500,2.5500,2.5499,2.5498,2.5492,2.5476,2.5432,2.5328,2.5100,2.4652,2.3849,2.2533,2.0542,1.7717
855,2.5500,2.5500,2.5500,2.5500,2.5500,2.5500,2.5500,2.5500,2.5500,2.5499,2.5498,2.5492,2.5476,2.5432,2.5327,2.5099,2.4650,2.3846,2.2530,2.0538,1.7713
856,2.5500,2.5500,2.5500,2.5500,2.5500,2.5500,2.5500,2.5500,2.5500,2.5499,2.5498,2.5492,2.5476,2.5432,2.5326,2.5098,2.4648,2.3843,2.2526,2.0534,1.7710
857,2.5500,2.5500,2.5500,2.5500,2.5500,2.5500,2.5500,2.5500,2.5500,2.5499,2.5498,2.5492,2.5476,2.5431,2.5326,2.5096,2.4646,2.3841,2.2523,2.0530,1.7706
858,2.5500,2.5500,2.5500,2.5500,2.5500,2.5500,2.5500,2.5500,2.5500,2.5499,2.5498,2.5492,2.5475,2.5431,2.5325,2.5095,2.4644,2.3838,2.2519,2.0527,1.7702
859,2.5500,2.5500,2.5500,2.5500,2.5500,2.5500,2.5500,2.5500,2.5500,2.5499,2.5498,2.5492,2.5475,2.5431,2.5324,2.5094,2.4642,2.3835,2.2516,2.0523,1.7699
860,2.5500,2.5500,2.5500,2.5500,2.5500,2.5500,2.5500,2.5500,2.5500,2.5499,2.5498,2.5492,2.5475,2.5431,2.5324,2.5093,2.4640,2.3833,2.2513,2.0519,1.7695
861,2.5500,2.5500,2.5500,2.5500,2.5500,2.5500,2.5500,2.5500,2.5500,2.5499,2.5498,2.5492,2.5475,2.5430,2.5323,2.5092,2.4638,2.3830,2.2509,2.0515,1.7691
862,2.5500,2.5500,2.5500,2.5500,2.5500,2.5500,2.5500,2.5500,2.5500,2.5499,2.5498,2.5492,2.5475,2.5430,2.5323,2.5091,2.4637,2.3827,2.2506,2.0511,1.7688
863,2.5500,2.5500,2.5500,2.5500,2.5500,2.5500,2.5500,2.5500,2.5500,2.5499,2.5498,2.5492,2.5475,2.5430,2.5322,2.5089,2.4635,2.3825,2.2503,2.0508,1.7684
864,2.5500,2.5500,2.5500,2.5500,2.5500,2.5500,2.5500,2.5500,2.5500,2.5499,2.5498,2.5492,2.5475,2.5429,2.5321,2.5088,2.4633,2.3822,2.2499,2.0504,1.7680
865,2.5500,2.5500,2.5500,2.5500,2.5500,2.5500,2.5500,2.5500,2.5500,2.5499,2.5498,2.5492,2.5474,2.5429,2.5321,2.5087,2.4631,2.3819,2.2496,2.0500,1.7677
866,2.5500,2.5500,2.5500,2.5500,2.5500,2.5500,2.5500,2.5500,2.5500,2.5499,2.5497,2.5492,2.5474,2.5429,2.5320,2.5086,2.4629,2.3817,2.2492,2.0496,1.7673
867,2.5500,2.5500,2.5500,2.5500,2.5500,2.5500,2.5500,2.5500,2.5500,2.5499,2.5497,2.5491,2.5474,2.5428,2.5319,2.5085,2.4627,2.3814,2.2489,2.0493,1.7669
868,2.5500,2.5500,2.5500,2.5500,2.5500,2.5500,2.5500,2.5500,2.5500,2.5499,2.5497,2.5491,2.5474,2.5428,2.5319,2.5084,2.4625,2.3811,2.2486,2.0489,1.7666
869,2.5500,2.5500,2.5500,2.5500,2.5500,2.5500,2.5500,2.5500,2.5500,2.5499,2.5497,2.5491,2.5474,2.5428,2.5318,2.5082,2.4623,2.3809,2.2482,2.0485,1.7662
870,2.5500,2.5500,2.5500,2.5500,2.5500,2.5500,2.5500,2.5500,2.5500,2.5499,2.5497,2.5491,2.5474,2.5427,2.5317,2.5081,2.4621,2.3806,2.2479,2.0481,1.7658
871,2.5500,2.5500,2.5500,2.5500,2.5500,2.5500,2.5500,2.5500,2.5500,2.5499,2.5497,2.5491,2.5473,2.5427,2.5317,2.5080,2.4620,2.3803,2.2476,2.0478,1.7655
872,2.5500,2.5500,2.5500,2.5500,2.5500,2.5500,2.5500,2.5500,2.5500,2.5499,2.5497,2.5491,2.5473,2.5427,2.5316,2.5079,2.4618,2.3800,2.2472,2.0474,1.7651
873,2.5500,2.5500,2.5500,2.5500,2.5500,2.5500,2.5500,2.5500,2.5500,2.5499,2.5497,2.5491,2.5473,2.5426,2.5315,2.5078,2.4616,2.3798,2.2469,2.0470,1.7647
874,2.5500,2.5500,2.5500,2.5500,2.5500,2.5500,2.5500,2.5500,2.5500,2.5499,2.5497,2.5491,2.5473,2.5426,2.5315,2.5076,2.4614,2.3795,2.2465,2.0466,1.7644
875,2.5500,2.5500,2.5500,2.5500,2.5500,2.5500,2.5500,2.5500,2.5500,2.5499,2.5497,2.5491,2.5473,2.5426,2.5314,2.5075,2.4612,2.3792,2.2462,2.0463,1.7640
876,2.5500,2.5500,2.5500,2.5500,2.5500,2.5500,2.5500,2.5500,2.5500,2.5499,2.5497,2.5491,2.5473,2.5425,2.5313,2.5074,2.4610,2.3790,2.2459,2.0459,1.7636
877,2.5500,2.5500,2.5500,2.5500,2.5500,2.5500,2.5500,2.5500,2.5500,2.5499,2.5497,2.5491,2.5473,2.5425,2.5313,2.5073,2.4608,2.3787,2.2455,2.0455,1.7633
878,2.5500,2.5500,2.5500,2.5500,2.5500,2.5500,2.5500,2.5500,2.5500,2.5499,2.5497,2.5491,2.5472,2.5425,2.5312,2.5072,2.4606,2.3784,2.2452,2.0451,1.7629
879,2.5500,2.5500,2.5500,2.5500,2.5500,2.5500,2.5500,2.5500,2.5500,2.5499,2.5497,2.5491,2.5472,2.5424,2.5311,2.5070,2.4604,2.3782,2.2449,2.0448,1.7626
880,2.5500,2.5500,2.5500,2.5500,2.5500,2.5500,2.5500,2.5500,2.5500,2.5499,2.5497,2.5491,2.5472,2.5424,2.5311,2.5069,2.4603,2.3779,2.2445,2.0444,1.7622
881,2.5500,2.5500,2.5500,2.5500,2.5500,2.5500,2.5500,2.5500,2.5500,2.5499,2.5497,2.5491,2.5472,2.5424,2.5310,2.5068,2.4601,2.3776,2.2442,2.0440,1.7618
882,2.5500,2.5500,2.5500,2.5500,2.5500,2.5500,2.5500,2.5500,2.5500,2.5499,2.5497,2.5491,2.5472,2.5423,2.5309,2.5067,2.4599,2.3774,2.2439,2.0437,1.7615
883,2.5500,2.5500,2.5500,2.5500,2.5500,2.5500,2.5500,2.5500,2.5500,2.5499,2.5497,2.5491,2.5472,2.5423,2.5309,2.5066,2.4597,2.3771,2.2435,2.0433,1.7611
884,2.5500,2.5500,2.5500,2.5500,2.5500,2.5500,2.5500,2.5500,2.5500,2.5499,2.5497,2.5490,2.5472,2.5423,2.5308,2.5064,2.4595,2.3768,2.2432,2.0429,1.7607
885,2.5500,2.5500,2.5500,2.5500,2.5500,2.5500,2.5500,2.5500,2.5500,2.5499,2.5497,2.5490,2.5471,2.5422,2.5307,2.5063,2.4593,2.3766,2.2429,2.0425,1.7604
886,2.5500,2.5500,2.5500,2.5500,2.5500,2.5500,2.5500,2.5500,2.5500,2.5499,2.5497,2.5490,2.5471,2.5422,2.5307,2.5062,2.4591,2.3763,2.2425,2.0422,1.7600
887,2.5500,2.5500,2.5500,2.5500,2.5500,2.5500,2.5500,2.5500,2.5500,2.5499,2.5497,2.5490,2.5471,2.5422,2.5306,2.5061,2.4589,2.3760,2.2422,2.0418,1.7597
888,2.5500,2.5500,2.5500,2.5500,2.5500,2.5500,2.5500,2.5500,2.5500,2.5499,2.5497,2.5490,2.5471,2.5421,2.5305,2.5060,2.4587,2.3758,2.2419,2.0414,1.7593
889,2.5500,2.5500,2.5500,2.5500,2.5500,2.5500,2.5500,2.5500,2.5500,2.5499,2.5497,2.5490,2.5471,2.5421,2.5304,2.5058,2.4586,2.3755,2.2415,2.0411,1.7589
890,2.5500,2.5500,2.5500,2.5500,2.5500,2.5500,2.5500,2.5500,2.5500,2.5499,2.5497,2.5490,2.5471,2.5420,2.5304,2.5057,2.4584,2.3752,2.2412,2.0407,1.7586
891,2.5500,2.5500,2.5500,2.5500,2.5500,2.5500,2.5500,2.5500,2.5500,2.5499,2.5497,2.5490,2.5470,2.5420,2.5303,2.5056,2.4582,2.3750,2.2409,2.0403,1.7582
892,2.5500,2.5500,2.5500,2.5500,2.5500,2.5500,2.5500,2.5500,2.5500,2.5499,2.5497,2.5490,2.5470,2.5420,2.5302,2.5055,2.4580,2.3747,2.2405,2.0400,1.7579
893,2.5500,2.5500,2.5500,2.5500,2.5500,2.5500,2.5500,2.5500,2.5500,2.5499,2.5497,2.5490,2.5470,2.5419,2.5302,2.5054,2.4578,2.3744,2.2402,2.0396,1.7575
894,2.5500,2.5500,2.5500,2.5500,2.5500,2.5500,2.5500,2.5500,2.5500,2.5499,2.5497,2.5490,2.5470,2.5419,2.5301,2.5052,2.4576,2.3742,2.2399,2.0392,1.7571
895,2.5500,2.5500,2.5500,2.5500,2.5500,2.5500,2.5500,2.5500,2.5500,2.5499,2.5497,2.5490,2.5470,2.5419,2.5300,2.5051,2.4574,2.3739,2.2395,2.0388,1.7568
896,2.5500,2.5500,2.5500,2.5500,2.5500,2.5500,2.5500,2.5500,2.5500,2.5499,2.5497,2.5490,2.5470,2.5418,2.5300,2.5050,2.4572,2.3736,2.2392,2.0385,1.7564
897,2.5500,2.5500,2.5500,2.5500,2.5500,2.5500,2.5500,2.5500,2.5500,2.5499,2.5497,2.5490,2.5469,2.5418,2.5299,2.5049,2.4570,2.3734,2.2389,2.0381,1.7561
898,2.5500,2.5500,2.5500,2.5500,2.5500,2.5500,2.5500,2.5500,2.5500,2.5499,2.5497,2.5490,2.5469,2.5418,2.5298,2.5048,2.4568,2.3731,2.2385,2.0377,1.7557
899,2.5500,2.5500,2.5500,2.5500,2.5500,2.5500,2.5500,2.5500,2.5500,2.5499,2.5497,2.5490,2.5469,2.5417,2.5298,2.5046,2.4567,2.3728,2.2382,2.0374,1.7554
900,2.5500,2.5500,2.5500,2.5500,2.5500,2.5500,2.5500,2.5500,2.5500,2.5499,2.5497,2.5489,2.5469,2.5417,2.5297,2.5045,2.4565,2.3726,2.2379,2.0370,1.7550
901,2.5500,2.5500,2.5500,2.5500,2.5500,2.5500,2.5500,2.5500,2.5500,2.5499,2.5497,2.5489,2.5469,2.5417,2.5296,2.5044,2.4563,2.3723,2.2375,2.0366,1.7546
902,2.5500,2.5500,2.5500,2.5500,2.5500,2.5500,2.5500,2.5500,2.5500,2.5499,2.5497,2.5489,2.5469,2.5416,2.5296,2.5043,2.4561,2.3721,2.2372,2.0363,1.7543
903,2.5500,2.5500,2.5500,2.5500,2.5500,2.5500,2.5500,2.5500,2.5500,2.5499,2.5497,2.5489,2.5469,2.5416,2.5295,2.5042,2.4559,2.3718,2.2369,2.0359,1.7539
904,2.5500,2.5500,2.5500,2.5500,2.5500,2.5500,2.5500,2.5500,2.5500,2.5499,2.5497,2.5489,2.5468,2.5416,2.5294,2.5040,2.4557,2.3715,2.2365,2.0355,1.7536
905,2.5500,2.5500,2.5500,2.5500,2.5500,2.5500,2.5500,2.5500,2.5500,2.5499,2.5497,2.5489,2.5468,2.5415,2.5293,2.5039,2.4555,2.3713,2.2362,2.0352,1.7532
906,2.5500,2.5500,2.5500,2.5500,2.5500,2.5500,2.5500,2.5500,2.5500,2.5499,2.5497,2.5489,2.5468,2.5415,2.5293,2.5038,2.4553,2.3710,2.2359,2.0348,1.7529
907,2.5500,2.5500,2.5500,2.5500,2.5500,2.5500,2.5500,2.5500,2.5500,2.5499,2.5497,2.5489,2.5468,2.5414,2.5292,2.5037,2.4551,2.3707,2.2356,2.0344,1.7525
908,2.5500,2.5500,2.5500,2.5500,2.5500,2.5500,2.5500,2.5500,2.5500,2.5499,2.5497,2.5489,2.5468,2.5414,2.5291,2.5035,2.4549,2.3705,2.2352,2.0341,1.7522
909,2.5500,2.5500,2.5500,2.5500,2.5500,2.5500,2.5500,2.5500,2.5500,2.5499,2.5496,2.5489,2.5468,2.5414,2.5291,2.5034,2.4547,2.3702,2.2349,2.0337,1.7518
910,2.5500,2.5500,2.5500,2.5500,2.5500,2.5500,2.5500,2.5500,2.5500,2.5499,2.5496,2.5489,2.5467,2.5413,2.5290,2.5033,2.4546,2.3699,2.2346,2.0334,1.7515
911,2.5500,2.5500,2.5500,2.5500,2.5500,2.5500,2.5500,2.5500,2.5500,2.5499,2.5496,2.5489,2.5467,2.5413,2.5289,2.5032,2.4544,2.3697,2.2342,2.0330,1.7511
912,2.5500,2.5500,2.5500,2.5500,2.5500,2.5500,2.5500,2.5500,2.5500,2.5499,2.5496,2.5489,2.5467,2.5413,2.5289,2.5031,2.4542,2.3694,2.2339,2.0326,1.7507
913,2.5500,2.5500,2.5500,2.5500,2.5500,2.5500,2.5500,2.5500,2.5500,2.5499,2.5496,2.5489,2.5467,2.5412,2.5288,2.5029,2.4540,2.3691,2.2336,2.0323,1.7504
914,2.5500,2.5500,2.5500,2.5500,2.5500,2.5500,2.5500,2.5500,2.5500,2.5499,2.5496,2.5488,2.5467,2.5412,2.5287,2.5028,2.4538,2.3689,2.2332,2.0319,1.7500
915,2.5500,2.5500,2.5500,2.5500,2.5500,2.5500,2.5500,2.5500,2.5500,2.5499,2.5496,2.5488,2.5467,2.5412,2.5286,2.5027,2.4536,2.3686,2.2329,2.0315,1.7497
916,2.5500,2.5500,2.5500,2.5500,2.5500,2.5500,2.5500,2.5500,2.5500,2.5499,2.5496,2.5488,2.5466,2.5411,2.5286,2.5026,2.4534,2.3683,2.2326,2.0312,1.7493
917,2.5500,2.5500,2.5500,2.5500,2.5500,2.5500,2.5500,2.5500,2.5500,2.5499,2.5496,2.5488,2.5466,2.5411,2.5285,2.5024,2.4532,2.3681,2.2323,2.0308,1.7490
918,2.5500,2.5500,2.5500,2.5500,2.5500,2.5500,2.5500,2.5500,2.5500,2.5499,2.5496,2.5488,2.5466,2.5410,2.5284,2.5023,2.4530,2.3678,2.2319,2.0304,1.7486
919,2.5500,2.5500,2.5500,2.5500,2.5500,2.5500,2.5500,2.5500,2.5500,2.5499,2.5496,2.5488,2.5466,2.5410,2.5284,2.5022,2.4528,2.3675,2.2316,2.0301,1.7483
920,2.5500,2.5500,2.5500,2.5500,2.5500,2.5500,2.5500,2.5500,2.5500,2.5499,2.5496,2.5488,2.5466,2.5410,2.5283,2.5021,2.4526,2.3673,2.2313,2.0297,1.7479
921,2.5500,2.5500,2.5500,2.5500,2.5500,2.5500,2.5500,2.5500,2.5500,2.5499,2.5496,2.5488,2.5465,2.5409,2.5282,2.5019,2.4525,2.3670,2.2309,2.0294,1.7476
922,2.5500,2.5500,2.5500,2.5500,2.5500,2.5500,2.5500,2.5500,2.5500,2.5499,2.5496,2.5488,2.5465,2.5409,2.5281,2.5018,2.4523,2.3667,2.2306,2.0290,1.7472
923,2.5500,2.5500,2.5500,2.5500,2.5500,2.5500,2.5500,2.5500,2.5500,2.5499,2.5496,2.5488,2.5465,2.5409,2.5281,2.5017,2.4521,2.3665,2.2303,2.0286,1.7469
924,2.5500,2.5500,2.5500,2.5500,2.5500,2.5500,2.5500,2.5500,2.5500,2.5499,2.5496,2.5488,2.5465,2.5408,2.5280,2.5016,2.4519,2.3662,2.2300,2.0283,1.7465
925,2.5500,2.5500,2.5500,2.5500,2.5500,2.5500,2.5500,2.5500,2.5500,2.5499,2.5496,2.5488,2.5465,2.5408,2.5279,2.5014,2.4517,2.3660,2.2296,2.0279,1.7462
926,2.5500,2.5500,2.5500,2.5500,2.5500,2.5500,2.5500,2.5500,2.5500,2.5499,2.5496,2.5488,2.5465,2.5407,2.5279,2.5013,2.4515,2.3657,2.2293,2.0276,1.7458
927,2.5500,2.5500,2.5500,2.5500,2.5500,2.5500,2.5500,2.5500,2.5500,2.5499,2.5496,2.5488,2.5464,2.5407,2.5278,2.5012,2.4513,2.3654,2.2290,2.0272,1.7455
928,2.5500,2.5500,2.5500,2.5500,2.5500,2.5500,2.5500,2.5500,2.5500,2.5499,2.5496,2.5487,2.5464,2.5407,2.5277,2.5011,2.4511,2.3652,2.2286,2.0268,1.7451
929,2.5500,2.5500,2.5500,2.5500,2.5500,2.5500,2.5500,2.5500,2.5500,2.5499,2.5496,2.5487,2.5464,2.5406,2.5276,2.5010,2.4509,2.3649,2.2283,2.0265,1.7448
930,2.5500,2.5500,2.5500,2.5500,2.5500,2.5500,2.5500,2.5500,2.5500,2.5499,2.5496,2.5487,2.5464,2.5406,2.5276,2.5008,2.4507,2.3646,2.2280,2.0261,1.7444
931,2.5500,2.5500,2.5500,2.5500,2.5500,2.5500,2.5500,2.5500,2.5500,2.5499,2.5496,2.5487,2.5464,2.5406,2.5275,2.5007,2.4505,2.3644,2.2277,2.0258,1.7441
932,2.5500,2.5500,2.5500,2.5500,2.5500,2.5500,2.5500,2.5500,2.5500,2.5499,2.5496,2.5487,2.5464,2.5405,2.5274,2.5006,2.4504,2.3641,2.2273,2.0254,1.7437
933,2.5500,2.5500,2.5500,2.5500,2.5500,2.5500,2.5500,2.5500,2.5500,2.5499,2.5496,2.5487,2.5463,2.5405,2.5273,2.5005,2.4502,2.3638,2.2270,2.0250,1.7434
934,2.5500,2.5500,2.5500,2.5500,2.5500,2.5500,2.5500,2.5500,2.5500,2.5499,2.5496,2.5487,2.5463,2.5404,2.5273,2.5003,2.4500,2.3636,2.2267,2.0247,1.7430
935,2.5500,2.5500,2.5500,2.5500,2.5500,2.5500,2.5500,2.5500,2.5500,2.5499,2.5496,2.5487,2.5463,2.5404,2.5272,2.5002,2.4498,2.3633,2.2264,2.0243,1.7427
936,2.5500,2.5500,2.5500,2.5500,2.5500,2.5500,2.5500,2.5500,2.5500,2.5499,2.5496,2.5487,2.5463,2.5404,2.5271,2.5001,2.4496,2.3630,2.2260,2.0240,1.7423
937,2.5500,2.5500,2.5500,2.5500,2.5500,2.5500,2.5500,2.5500,2.5500,2.5499,2.5496,2.5487,2.5463,2.5403,2.5271,2.5000,2.4494,2.3628,2.2257,2.0236,1.7420
938,2.5500,2.5500,2.5500,2.5500,2.5500,2.5500,2.5500,2.5500,2.5500,2.5499,2.5496,2.5487,2.5462,2.5403,2.5270,2.4998,2.4492,2.3625,2.2254,2.0233,1.7416
939,2.5500,2.5500,2.5500,2.5500,2.5500,2.5500,2.5500,2.5500,2.5500,2.5499,2.5496,2.5487,2.5462,2.5403,2.5269,2.4997,2.4490,2.3623,2.2251,2.0229,1.7413
940,2.5500,2.5500,2.5500,2.5500,2.5500,2.5500,2.5500,2.5500,2.5500,2.5499,2.5496,2.5487,2.5462,2.5402,2.5268,2.4996,2.4488,2.3620,2.2247,2.0225,1.7409
941,2.5500,2.5500,2.5500,2.5500,2.5500,2.5500,2.5500,2.5500,2.5500,2.5499,2.5496,2.5486,2.5462,2.5402,2.5268,2.4995,2.4486,2.3617,2.2244,2.0222,1.7406
942,2.5500,2.5500,2.5500,2.5500,2.5500,2.5500,2.5500,2.5500,2.5500,2.5499,2.5496,2.5486,2.5462,2.5401,2.5267,2.4993,2.4484,2.3615,2.2241,2.0218,1.7403
943,2.5500,2.5500,2.5500,2.5500,2.5500,2.5500,2.5500,2.5500,2.5500,2.5499,2.5496,2.5486,2.5462,2.5401,2.5266,2.4992,2.4482,2.3612,2.2238,2.0215,1.7399
944,2.5500,2.5500,2.5500,2.5500,2.5500,2.5500,2.5500,2.5500,2.5500,2.5499,2.5496,2.5486,2.5461,2.5401,2.5265,2.4991,2.4481,2.3609,2.2234,2.0211,1.7396
945,2.5500,2.5500,2.5500,2.5500,2.5500,2.5500,2.5500,2.5500,2.5500,2.5499,2.5495,2.5486,2.5461,2.5400,2.5265,2.4990,2.4479,2.3607,2.2231,2.0208,1.7392
946,2.5500,2.5500,2.5500,2.5500,2.5500,2.5500,2.5500,2.5500,2.5500,2.5499,2.5495,2.5486,2.5461,2.5400,2.5264,2.4988,2.4477,2.3604,2.2228,2.0204,1.7389
947,2.5500,2.5500,2.5500,2.5500,2.5500,2.5500,2.5500,2.5500,2.5500,2.5499,2.5495,2.5486,2.5461,2.5399,2.5263,2.4987,2.4475,2.3601,2.2225,2.0200,1.7385
948,2.5500,2.5500,2.5500,2.5500,2.5500,2.5500,2.5500,2.5500,2.5500,2.5499,2.5495,2.5486,2.5461,2.5399,2.5262,2.4986,2.4473,2.3599,2.2221,2.0197,1.7382
949,2.5500,2.5500,2.5500,2.5500,2.5500,2.5500,2.5500,2.5500,2.5500,2.5499,2.5495,2.5486,2.5460,2.5399,2.5262,2.4984,2.4471,2.3596,2.2218,2.0193,1.7378
950,2.5500,2.5500,2.5500,2.5500,2.5500,2.5500,2.5500,2.5500,2.5500,2.5499,2.5495,2.5486,2.5460,2.5398,2.5261,2.4983,2.4469,2.3594,2.2215,2.0190,1.7375
951,2.5500,2.5500,2.5500,2.5500,2.5500,2.5500,2.5500,2.5500,2.5500,2.5499,2.5495,2.5486,2.5460,2.5398,2.5260,2.4982,2.4467,2.3591,2.2212,2.0186,1.7372
952,2.5500,2.5500,2.5500,2.5500,2.5500,2.5500,2.5500,2.5500,2.5500,2.5499,2.5495,2.5486,2.5460,2.5397,2.5259,2.4981,2.4465,2.3588,2.2209,2.0183,1.7368
953,2.5500,2.5500,2.5500,2.5500,2.5500,2.5500,2.5500,2.5500,2.5500,2.5499,2.5495,2.5486,2.5460,2.5397,2.5259,2.4979,2.4463,2.3586,2.2205,2.0179,1.7365
954,2.5500,2.5500,2.5500,2.5500,2.5500,2.5500,2.5500,2.5500,2.5500,2.5499,2.5495,2.5485,2.5459,2.5397,2.5258,2.4978,2.4461,2.3583,2.2202,2.0176,1.7361
955,2.5500,2.5500,2.5500,2.5500,2.5500,2.5500,2.5500,2.5500,2.5500,2.5499,2.5495,2.5485,2.5459,2.5396,2.5257,2.4977,2.4459,2.3580,2.2199,2.0172,1.7358
956,2.5500,2.5500,2.5500,2.5500,2.5500,2.5500,2.5500,2.5500,2.5500,2.5499,2.5495,2.5485,2.5459,2.5396,2.5256,2.4976,2.4457,2.3578,2.2196,2.0169,1.7354
957,2.5500,2.5500,2.5500,2.5500,2.5500,2.5500,2.5500,2.5500,2.5500,2.5499,2.5495,2.5485,2.5459,2.5395,2.5256,2.4974,2.4456,2.3575,2.2192,2.0165,1.7351
958,2.5500,2.5500,2.5500,2.5500,2.5500,2.5500,2.5500,2.5500,2.5500,2.5498,2.5495,2.5485,2.5459,2.5395,2.5255,2.4973,2.4454,2.3572,2.2189,2.0162,1.7348
959,2.5500,2.5500,2.5500,2.5500,2.5500,2.5500,2.5500,2.5500,2.5500,2.5498,2.5495,2.5485,2.5459,2.5395,2.5254,2.4972,2.4452,2.3570,2.2186,2.0158,1.7344
960,2.5500,2.5500,2.5500,2.5500,2.5500,2.5500,2.5500,2.5500,2.5500,2.5498,2.5495,2.5485,2.5458,2.5394,2.5253,2.4971,2.4450,2.3567,2.2183,2.0155,1.7341
961,2.5500,2.5500,2.5500,2.5500,2.5500,2.5500,2.5500,2.5500,2.5500,2.5498,2.5495,2.5485,2.5458,2.5394,2.5253,2.4969,2.4448,2.3565,2.2180,2.0151,1.7337
962,2.5500,2.5500,2.5500,2.5500,2.5500,2.5500,2.5500,2.5500,2.5500,2.5498,2.5495,2.5485,2.5458,2.5393,2.5252,2.4968,2.4446,2.3562,2.2176,2.0147,1.7334
963,2.5500,2.5500,2.5500,2.5500,2.5500,2.5500,2.5500,2.5500,2.5500,2.5498,2.5495,2.5485,2.5458,2.5393,2.5251,2.4967,2.4444,2.3559,2.2173,2.0144,1.7331
964,2.5500,2.5500,2.5500,2.5500,2.5500,2.5500,2.5500,2.5500,2.5500,2.5498,2.5495,2.5485,2.5458,2.5393,2.5250,2.4965,2.4442,2.3557,2.2170,2.0140,1.7327
965,2.5500,2.5500,2.5500,2.5500,2.5500,2.5500,2.5500,2.5500,2.5500,2.5498,2.5495,2.5484,2.5457,2.5392,2.5250,2.4964,2.4440,2.3554,2.2167,2.0137,1.7324
966,2.5500,2.5500,2.5500,2.5500,2.5500,2.5500,2.5500,2.5500,2.5500,2.5498,2.5495,2.5484,2.5457,2.5392,2.5249,2.4963,2.4438,2.3551,2.2163,2.0133,1.7320
967,2.5500,2.5500,2.5500,2.5500,2.5500,2.5500,2.5500,2.5500,2.5500,2.5498,2.5495,2.5484,2.5457,2.5391,2.5248,2.4962,2.4436,2.3549,2.2160,2.0130,1.7317
968,2.5500,2.5500,2.5500,2.5500,2.5500,2.5500,2.5500,2.5500,2.5500,2.5498,2.5495,2.5484,2.5457,2.5391,2.5247,2.4960,2.4434,2.3546,2.2157,2.0126,1.7314
969,2.5500,2.5500,2.5500,2.5500,2.5500,2.5500,2.5500,2.5500,2.5500,2.5498,2.5495,2.5484,2.5457,2.5391,2.5247,2.4959,2.4432,2.3544,2.2154,2.0123,1.7310
970,2.5500,2.5500,2.5500,2.5500,2.5500,2.5500,2.5500,2.5500,2.5500,2.5498,2.5495,2.5484,2.5456,2.5390,2.5246,2.4958,2.4430,2.3541,2.2151,2.0119,1.7307
971,2.5500,2.5500,2.5500,2.5500,2.5500,2.5500,2.5500,2.5500,2.5500,2.5498,2.5495,2.5484,2.5456,2.5390,2.5245,2.4957,2.4429,2.3538,2.2147,2.0116,1.7303
972,2.5500,2.5500,2.5500,2.5500,2.5500,2.5500,2.5500,2.5500,2.5500,2.5498,2.5495,2.5484,2.5456,2.5389,2.5244,2.4955,2.4427,2.3536,2.2144,2.0112,1.7300
973,2.5500,2.5500,2.5500,2.5500,2.5500,2.5500,2.5500,2.5500,2.5500,2.5498,2.5495,2.5484,2.5456,2.5389,2.5244,2.4954,2.4425,2.3533,2.2141,2.0109,1.7297
974,2.5500,2.5500,2.5500,2.5500,2.5500,2.5500,2.5500,2.5500,2.5500,2.5498,2.5495,2.5484,2.5456,2.5389,2.5243,2.4953,2.4423,2.3531,2.2138,2.0105,1.7293
975,2.5500,2.5500,2.5500,2.5500,2.5500,2.5500,2.5500,2.5500,2.5500,2.5498,2.5494,2.5484,2.5455,2.5388,2.5242,2.4951,2.4421,2.3528,2.2135,2.0102,1.7290
976,2.5500,2.5500,2.5500,2.5500,2.5500,2.5500,2.5500,2.5500,2.5500,2.5498,2.5494,2.5484,2.5455,2.5388,2.5241,2.4950,2.4419,2.3525,2.2132,2.0099,1.7287
977,2.5500,2.5500,2.5500,2.5500,2.5500,2.5500,2.5500,2.5500,2.5500,2.5498,2.5494,2.5483,2.5455,2.5387,2.5240,2.4949,2.4417,2.3523,2.2128,2.0095,1.7283
978,2.5500,2.5500,2.5500,2.5500,2.5500,2.5500,2.5500,2.5500,2.5500,2.5498,2.5494,2.5483,2.5455,2.5387,2.5240,2.4948,2.4415,2.3520,2.2125,2.0092,1.7280
979,2.5500,2.5500,2.5500,2.5500,2.5500,2.5500,2.5500,2.5500,2.5499,2.5498,2.5494,2.5483,2.5455,2.5386,2.5239,2.4946,2.4413,2.3517,2.2122,2.0088,1.7276
980,2.5500,2.5500,2.5500,2.5500,2.5500,2.5500,2.5500,2.5500,2.5499,2.5498,2.5494,2.5483,2.5454,2.5386,2.5238,2.4945,2.4411,2.3515,2.2119,2.0085,1.7273
981,2.5500,2.5500,2.5500,2.5500,2.5500,2.5500,2.5500,2.5500,2.5499,2.5498,2.5494,2.5483,2.5454,2.5386,2.5237,2.4944,2.4409,2.3512,2.2116,2.0081,1.7270
982,2.5500,2.5500,2.5500,2.5500,2.5500,2.5500,2.5500,2.5500,2.5499,2.5498,2.5494,2.5483,2.5454,2.5385,2.5237,2.4942,2.4407,2.3510,2.2112,2.0078,1.7266
983,2.5500,2.5500,2.5500,2.5500,2.5500,2.5500,2.5500,2.5500,2.5499,2.5498,2.5494,2.5483,2.5454,2.5385,2.5236,2.4941,2.4405,2.3507,2.2109,2.0074,1.7263
984,2.5500,2.5500,2.5500,2.5500,2.5500,2.5500,2.5500,2.5500,2.5499,2.5498,2.5494,2.5483,2.5453,2.5384,2.5235,2.4940,2.4403,2.3504,2.2106,2.0071,1.7260
985,2.5500,2.5500,2.5500,2.5500,2.5500,2.5500,2.5500,2.5500,2.5499,2.5498,2.5494,2.5483,2.5453,2.5384,2.5234,2.4939,2.4401,2.3502,2.2103,2.0067,1.7256
986,2.5500,2.5500,2.5500,2.5500,2.5500,2.5500,2.5500,2.5500,2.5499,2.5498,2.5494,2.5483,2.5453,2.5383,2.5233,2.4937,2.4400,2.3499,2.2100,2.0064,1.7253
987,2.5500,2.5500,2.5500,2.5500,2.5500,2.5500,2.5500,2.5500,2.5499,2.5498,2.5494,2.5483,2.5453,2.5383,2.5233,2.4936,2.4398,2.3497,2.2097,2.0060,1.7250
988,2.5500,2.5500,2.5500,2.5500,2.5500,2.5500,2.5500,2.5500,2.5499,2.5498,2.5494,2.5482,2.5453,2.5383,2.5232,2.4935,2.4396,2.3494,2.2093,2.0057,1.7246
989,2.5500,2.5500,2.5500,2.5500,2.5500,2.5500,2.5500,2.5500,2.5499,2.5498,2.5494,2.5482,2.5452,2.5382,2.5231,2.4933,2.4394,2.3491,2.2090,2.0053,1.7243
990,2.5500,2.5500,2.5500,2.5500,2.5500,2.5500,2.5500,2.5500,2.5499,2.5498,2.5494,2.5482,2.5452,2.5382,2.5230,2.4932,2.4392,2.3489,2.2087,2.0050,1.7240
991,2.5500,2.5500,2.5500,2.5500,2.5500,2.5500,2.5500,2.5500,2.5499,2.5498,2.5494,2.5482,2.5452,2.5381,2.5230,2.4931,2.4390,2.3486,2.2084,2.0047,1.7236
992,2.5500,2.5500,2.5500,2.5500,2.5500,2.5500,2.5500,2.5500,2.5499,2.5498,2.5494,2.5482,2.5452,2.5381,2.5229,2.4929,2.4388,2.3483,2.2081,2.0043,1.7233
993,2.5500,2.5500,2.5500,2.5500,2.5500,2.5500,2.5500,2.5500,2.5499,2.5498,2.5494,2.5482,2.5452,2.5380,2.5228,2.4928,2.4386,2.3481,2.2078,2.0040,1.7230
994,2.5500,2.5500,2.5500,2.5500,2.5500,2.5500,2.5500,2.5500,2.5499,2.5498,2.5494,2.5482,2.5451,2.5380,2.5227,2.4927,2.4384,2.3478,2.2074,2.0036,1.7226
995,2.5500,2.5500,2.5500,2.5500,2.5500,2.5500,2.5500,2.5500,2.5499,2.5498,2.5494,2.5482,2.5451,2.5380,2.5226,2.4926,2.4382,2.3476,2.2071,2.0033,1.7223
996,2.5500,2.5500,2.5500,2.5500,2.5500,2.5500,2.5500,2.5500,2.5499,2.5498,2.5494,2.5482,2.5451,2.5379,2.5226,2.4924,2.4380,2.3473,2.2068,2.0029,1.7220
997,2.5500,2.5500,2.5500,2.5500,2.5500,2.5500,2.5500,2.5500,2.5499,2.5498,2.5494,2.5482,2.5451,2.5379,2.5225,2.4923,2.4378,2.3470,2.2065,2.0026,1.7216
998,2.5500,2.5500,2.5500,2.5500,2.5500,2.5500,2.5500,2.5500,2.5499,2.5498,2.5494,2.5481,2.5451,2.5378,2.5224,2.4922,2.4376,2.3468,2.2062,2.0022,1.7213
999,2.5500,2.5500,2.5500,2.5500,2.5500,2.5500,2.5500,2.5500,2.5499,2.5498,2.5494,2.5481,2.5450,2.5378,2.5223,2.4920,2.4374,2.3465,2.2059,2.0019,1.7210
1000,2.5500,2.5500,2.5500,2.5500,2.5500,2.5500,2.5500,2.5500,2.5499,2.5498,2.5494,2.5481,2.5450,2.5377,2.5223,2.4919,2.4372,2.3463,2.2055,2.0016,1.7206
1001,2.5500,2.5500,2.5500,2.5500,2.5500,2.5500,2.5500,2.5500,2.5499,2.5498,2.5493,2.5481,2.5450,2.5377,2.5222,2.4918,2.4371,2.3460,2.2052,2.0012,1.7203
1002,2.5500,2.5500,2.5500,2.5500,2.5500,2.5500,2.5500,2.5500,2.5499,2.5498,2.5493,2.5481,2.5450,2.5377,2.5221,2.4916,2.4369,2.3457,2.2049,2.0009,1.7200
1003,2.5500,2.5500,2.5500,2.5500,2.5500,2.5500,2.5500,2.5500,2.5499,2.5498,2.5493,2.5481,2.5449,2.5376,2.5220,2.4915,2.4367,2.3455,2.2046,2.0005,1.7196
1004,2.5500,2.5500,2.5500,2.5500,2.5500,2.5500,2.5500,2.5500,2.5499,2.5498,2.5493,2.5481,2.5449,2.5376,2.5219,2.4914,2.4365,2.3452,2.2043,2.0002,1.7193
1005,2.5500,2.5500,2.5500,2.5500,2.5500,2.5500,2.5500,2.5500,2.5499,2.5498,2.5493,2.5481,2.5449,2.5375,2.5219,2.4913,2.4363,2.3450,2.2040,1.9999,1.7190
1006,2.5500,2.5500,2.5500,2.5500,2.5500,2.5500,2.5500,2.5500,2.5499,2.5498,2.5493,2.5481,2.5449,2.5375,2.5218,2.4911,2.4361,2.3447,2.2037,1.9995,1.7187
1007,2.5500,2.5500,2.5500,2.5500,2.5500,2.5500,2.5500,2.5500,2.5499,2.5498,2.5493,2.5481,2.5449,2.5374,2.5217,2.4910,2.4359,2.3444,2.2033,1.9992,1.7183
1008,2.5500,2.5500,2.5500,2.5500,2.5500,2.5500,2.5500,2.5500,2.5499,2.5498,2.5493,2.5480,2.5448,2.5374,2.5216,2.4909,2.4357,2.3442,2.2030,1.9988,1.7180
1009,2.5500,2.5500,2.5500,2.5500,2.5500,2.5500,2.5500,2.5500,2.5499,2.5498,2.5493,2.5480,2.5448,2.5374,2.5215,2.4907,2.4355,2.3439,2.2027,1.9985,1.7177
1010,2.5500,2.5500,2.5500,2.5500,2.5500,2.5500,2.5500,2.5500,2.5499,2.5498,2.5493,2.5480,2.5448,2.5373,2.5215,2.4906,2.4353,2.3437,2.2024,1.9981,1.7173
1011,2.5500,2.5500,2.5500,2.5500,2.5500,2.5500,2.5500,2.5500,2.5499,2.5498,2.5493,2.5480,2.5448,2.5373,2.5214,2.4905,2.4351,2.3434,2.2021,1.9978,1.7170
1012,2.5500,2.5500,2.5500,2.5500,2.5500,2.5500,2.5500,2.5500,2.5499,2.5498,2.5493,2.5480,2.5447,2.5372,2.5213,2.4903,2.4349,2.3431,2.2018,1.9975,1.7167
1013,2.5500,2.5500,2.5500,2.5500,2.5500,2.5500,2.5500,2.5500,2.5499,2.5498,2.5493,2.5480,2.5447,2.5372,2.5212,2.4902,2.4347,2.3429,2.2015,1.9971,1.7164
1014,2.5500,2.5500,2.5500,2.5500,2.5500,2.5500,2.5500,2.5500,2.5499,2.5498,2.5493,2.5480,2.5447,2.5371,2.5211,2.4901,2.4345,2.3426,2.2011,1.9968,1.7160
1015,2.5500,2.5500,2.5500,2.5500,2.5500,2.5500,2.5500,2.5500,2.5499,2.5498,2.5493,2.5480,2.5447,2.5371,2.5211,2.4899,2.4343,2.3424,2.2008,1.9964,1.7157
1016,2.5500,2.5500,2.5500,2.5500,2.5500,2.5500,2.5500,2.5500,2.5499,2.5498,2.5493,2.5480,2.5447,2.5370,2.5210,2.4898,2.4341,2.3421,2.2005,1.9961,1.7154
1017,2.5500,2.5500,2.5500,2.5500,2.5500,2.5500,2.5500,2.5500,2.5499,2.5498,2.5493,2.5480,2.5446,2.5370,2.5209,2.4897,2.4339,2.3418,2.2002,1.9958,1.7150
1018,2.5500,2.5500,2.5500,2.5500,2.5500,2.5500,2.5500,2.5500,2.5499,2.5498,2.5493,2.5479,2.5446,2.5370,2.5208,2.4896,2.4338,2.3416,2.1999,1.9954,1.7147
1019,2.5500,2.5500,2.5500,2.5500,2.5500,2.5500,2.5500,2.5500,2.5499,2.5498,2.5493,2.5479,2.5446,2.5369,2.5207,2.4894,2.4336,2.3413,2.1996,1.9951,1.7144
1020,2.5500,2.5500,2.5500,2.5500,2.5500,2.5500,2.5500,2.5500,2.5499,2.5498,2.5493,2.5479,2.5446,2.5369,2.5206,2.4893,2.4334,2.3411,2.1993,1.9948,1.7141
1021,2.5500,2.5500,2.5500,2.5500,2.5500,2.5500,2.5500,2.5500,2.5499,2.5498,2.5493,2.5479,2.5445,2.5368,2.5206,2.4892,2.4332,2.3408,2.1990,1.9944,1.7137
1022,2.5500,2.5500,2.5500,2.5500,2.5500,2.5500,2.5500,2.5500,2.5499,2.5498,2.5493,2.5479,2.5445,2.5368,2.5205,2.4890,2.4330,2.3406,2.1986,1.9941,1.7134
1023,2.5500,2.5500,2.5500,2.5500,2.5500,2.5500,2.5500,2.5500,2.5499,2.5498,2.5493,2.5479,2.5445,2.5367,2.5204,2.4889,2.4328,2.3403,2.1983,1.9937,1.7131
1024,2.5500,2.5500,2.5500,2.5500,2.5500,2.5500,2.5500,2.5500,2.5499,2.5498,2.5493,2.5479,2.5445,2.5367,2.5203,2.4888,2.4326,2.3400,2.1980,1.9934,1.7128
1025,2.5500,2.5500,2.5500,2.5500,2.5500,2.5500,2.5500,2.5500,2.5499,2.5498,2.5492,2.5479,2.5445,2.5366,2.5202,2.4886,2.4324,2.3398,2.1977,1.9931,1.7124
1026,2.5500,2.5500,2.5500,2.5500,2.5500,2.5500,2.5500,2.5500,2.5499,2.5498,2.5492,2.5479,2.5444,2.5366,2.5202,2.4885,2.4322,2.3395,2.1974,1.9927,1.7121
1027,2.5500,2.5500,2.5500,2.5500,2.5500,2.5500,2.5500,2.5500,2.5499,2.5498,2.5492,2.5479,2.5444,2.5365,2.5201,2.4884,2.4320,2.3393,2.1971,1.9924,1.7118
1028,2.5500,2.5500,2.5500,2.5500,2.5500,2.5500,2.5500,2.5500,2.5499,2.5497,2.5492,2.5478,2.5444,2.5365,2.5200,2.4882,2.4318,2.3390,2.1968,1.9921,1.7115
1029,2.5500,2.5500,2.5500,2.5500,2.5500,2.5500,2.5500,2.5500,2.5499,2.5497,2.5492,2.5478,2.5444,2.5365,2.5199,2.4881,2.4316,2.3387,2.1965,1.9917,1.7111
1030,2.5500,2.5500,2.5500,2.5500,2.5500,2.5500,2.5500,2.5500,2.5499,2.5497,2.5492,2.5478,2.5443,2.5364,2.5198,2.4880,2.4314,2.3385,2.1962,1.9914,1.7108
1031,2.5500,2.5500,2.5500,2.5500,2.5500,2.5500,2.5500,2.5500,2.5499,2.5497,2.5492,2.5478,2.5443,2.5364,2.5198,2.4878,2.4312,2.3382,2.1958,1.9910,1.7105
1032,2.5500,2.5500,2.5500,2.5500,2.5500,2.5500,2.5500,2.5500,2.5499,2.5497,2.5492,2.5478,2.5443,2.5363,2.5197,2.4877,2.4310,2.3380,2.1955,1.9907,1.7102
1033,2.5500,2.5500,2.5500,2.5500,2.5500,2.5500,2.5500,2.5500,2.5499,2.5497,2.5492,2.5478,2.5443,2.5363,2.5196,2.4876,2.4308,2.3377,2.1952,1.9904,1.7098
1034,2.5500,2.5500,2.5500,2.5500,2.5500,2.5500,2.5500,2.5500,2.5499,2.5497,2.5492,2.5478,2.5442,2.5362,2.5195,2.4874,2.4306,2.3375,2.1949,1.9900,1.7095
1035,2.5500,2.5500,2.5500,2.5500,2.5500,2.5500,2.5500,2.5500,2.5499,2.5497,2.5492,2.5478,2.5442,2.5362,2.5194,2.4873,2.4305,2.3372,2.1946,1.9897,1.7092
1036,2.5500,2.5500,2.5500,2.5500,2.5500,2.5500,2.5500,2.5500,2.5499,2.5497,2.5492,2.5478,2.5442,2.5361,2.5193,2.4872,2.4303,2.3369,2.1943,1.9894,1.7089
1037,2.5500,2.5500,2.5500,2.5500,2.5500,2.5500,2.5500,2.5500,2.5499,2.5497,2.5492,2.5477,2.5442,2.5361,2.5193,2.4870,2.4301,2.3367,2.1940,1.9890,1.7086
1038,2.5500,2.5500,2.5500,2.5500,2.5500,2.5500,2.5500,2.5500,2.5499,2.5497,2.5492,2.5477,2.5441,2.5360,2.5192,2.4869,2.4299,2.3364,2.1937,1.9887,1.7082
1039,2.5500,2.5500,2.5500,2.5500,2.5500,2.5500,2.5500,2.5500,2.5499,2.5497,2.5492,2.5477,2.5441,2.5360,2.5191,2.4868,2.4297,2.3362,2.1934,1.9884,1.7079
1040,2.5500,2.5500,2.5500,2.5500,2.5500,2.5500,2.5500,2.5500,2.5499,2.5497,2.5492,2.5477,2.5441,2.5359,2.5190,2.4866,2.4295,2.3359,2.1931,1.9880,1.7076
1041,2.5500,2.5500,2.5500,2.5500,2.5500,2.5500,2.5500,2.5500,2.5499,2.5497,2.5492,2.5477,2.5441,2.5359,2.5189,2.4865,2.4293,2.3356,2.1927,1.9877,1.7073
1042,2.5500,2.5500,2.5500,2.5500,2.5500,2.5500,2.5500,2.5500,2.5499,2.5497,2.5492,2.5477,2.5440,2.5358,2.5188,2.4864,2.4291,2.3354,2.1924,1.9874,1.7069
1043,2.5500,2.5500,2.5500,2.5500,2.5500,2.5500,2.5500,2.5500,2.5499,2.5497,2.5492,2.5477,2.5440,2.5358,2.5188,2.4862,2.4289,2.3351,2.1921,1.9870,1.7066
1044,2.5500,2.5500,2.5500,2.5500,2.5500,2.5500,2.5500,2.5500,2.5499,2.5497,2.5492,2.5477,2.5440,2.5358,2.5187,2.4861,2.4287,2.3349,2.1918,1.9867,1.7063
1045,2.5500,2.5500,2.5500,2.5500,2.5500,2.5500,2.5500,2.5500,2.5499,2.5497,2.5492,2.5477,2.5440,2.5357,2.5186,2.4860,2.4285,2.3346,2.1915,1.9864,1.7060
1046,2.5500,2.5500,2.5500,2.5500,2.5500,2.5500,2.5500,2.5500,2.5499,2.5497,2.5491,2.5476,2.5440,2.5357,2.5185,2.4858,2.4283,2.3344,2.1912,1.9860,1.7057
1047,2.5500,2.5500,2.5500,2.5500,2.5500,2.5500,2.5500,2.5500,2.5499,2.5497,2.5491,2.5476,2.5439,2.5356,2.5184,2.4857,2.4281,2.3341,2.1909,1.9857,1.7053
1048,2.5500,2.5500,2.5500,2.5500,2.5500,2.5500,2.5500,2.5500,2.5499,2.5497,2.5491,2.5476,2.5439,2.5356,2.5183,2.4856,2.4279,2.3338,2.1906,1.9854,1.7050
1049,2.5500,2.5500,2.5500,2.5500,2.5500,2.5500,2.5500,2.5500,2.5499,2.5497,2.5491,2.5476,2.5439,2.5355,2.5183,2.4854,2.4277,2.3336,2.1903,1.9850,1.7047
1050,2.5500,2.5500,2.5500,2.5500,2.5500,2.5500,2.5500,2.5500,2.5499,2.5497,2.5491,2.5476,2.5439,2.5355,2.5182,2.4853,2.4275,2.3333,2.1900,1.9847,1.7044
1051,2.5500,2.5500,2.5500,2.5500,2.5500,2.5500,2.5500,2.5500,2.5499,2.5497,2.5491,2.5476,2.5438,2.5354,2.5181,2.4852,2.4273,2.3331,2.1897,1.9844,1.7041
1052,2.5500,2.5500,2.5500,2.5500,2.5500,2.5500,2.5500,2.5500,2.5499,2.5497,2.5491,2.5476,2.5438,2.5354,2.5180,2.4850,2.4271,2.3328,2.1894,1.9840,1.7037
1053,2.5500,2.5500,2.5500,2.5500,2.5500,2.5500,2.5500,2.5500,2.5499,2.5497,2.5491,2.5476,2.5438,2.5353,2.5179,2.4849,2.4269,2.3326,2.1891,1.9837,1.7034
1054,2.5500,2.5500,2.5500,2.5500,2.5500,2.5500,2.5500,2.5500,2.5499,2.5497,2.5491,2.5475,2.5438,2.5353,2.5178,2.4848,2.4268,2.3323,2.1887,1.9834,1.7031
1055,2.5500,2.5500,2.5500,2.5500,2.5500,2.5500,2.5500,2.5500,2.5499,2.5497,2.5491,2.5475,2.5437,2.5352,2.5178,2.4846,2.4266,2.3320,2.1884,1.9831,1.7028
1056,2.5500,2.5500,2.5500,2.5500,2.5500,2.5500,2.5500,2.5500,2.5499,2.5497,2.5491,2.5475,2.5437,2.5352,2.5177,2.4845,2.4264,2.3318,2.1881,1.9827,1.7025
1057,2.5500,2.5500,2.5500,2.5500,2.5500,2.5500,2.5500,2.5500,2.5499,2.5497,2.5491,2.5475,2.5437,2.5351,2.5176,2.4844,2.4262,2.3315,2.1878,1.9824,1.7021
1058,2.5500,2.5500,2.5500,2.5500,2.5500,2.5500,2.5500,2.5500,2.5499,2.5497,2.5491,2.5475,2.5437,2.5351,2.5175,2.4842,2.4260,2.3313,2.1875,1.9821,1.7018
1059,2.5500,2.5500,2.5500,2.5500,2.5500,2.5500,2.5500,2.5500,2.5499,2.5497,2.5491,2.5475,2.5436,2.5350,2.5174,2.4841,2.4258,2.3310,2.1872,1.9817,1.7015
1060,2.5500,2.5500,2.5500,2.5500,2.5500,2.5500,2.5500,2.5500,2.5499,2.5497,2.5491,2.5475,2.5436,2.5350,2.5173,2.4840,2.4256,2.3308,2.1869,1.9814,1.7012
1061,2.5500,2.5500,2.5500,2.5500,2.5500,2.5500,2.5500,2.5500,2.5499,2.5497,2.5491,2.5475,2.5436,2.5349,2.5173,2.4838,2.4254,2.3305,2.1866,1.9811,1.7009
1062,2.5500,2.5500,2.5500,2.5500,2.5500,2.5500,2.5500,2.5500,2.5499,2.5497,2.5491,2.5475,2.5436,2.5349,2.5172,2.4837,2.4252,2.3302,2.1863,1.9807,1.7006
1063,2.5500,2.5500,2.5500,2.5500,2.5500,2.5500,2.5500,2.5500,2.5499,2.5497,2.5491,2.5474,2.5435,2.5349,2.5171,2.4836,2.4250,2.3300,2.1860,1.9804,1.7002
1064,2.5500,2.5500,2.5500,2.5500,2.5500,2.5500,2.5500,2.5500,2.5499,2.5497,2.5491,2.5474,2.5435,2.5348,2.5170,2.4834,2.4248,2.3297,2.1857,1.9801,1.6999
1065,2.5500,2.5500,2.5500,2.5500,2.5500,2.5500,2.5500,2.5500,2.5499,2.5497,2.5491,2.5474,2.5435,2.5348,2.5169,2.4833,2.4246,2.3295,2.1854,1.9798,1.6996
1066,2.5500,2.5500,2.5500,2.5500,2.5500,2.5500,2.5500,2.5500,2.5499,2.5497,2.5490,2.5474,2.5435,2.5347,2.5168,2.4832,2.4244,2.3292,2.1851,1.9794,1.6993
1067,2.5500,2.5500,2.5500,2.5500,2.5500,2.5500,2.5500,2.5500,2.5499,2.5497,2.5490,2.5474,2.5434,2.5347,2.5167,2.4830,2.4242,2.3290,2.1848,1.9791,1.6990
1068,2.5500,2.5500,2.5500,2.5500,2.5500,2.5500,2.5500,2.5500,2.5499,2.5497,2.5490,2.5474,2.5434,2.5346,2.5167,2.4829,2.4240,2.3287,2.1845,1.9788,1.6987
1069,2.5500,2.5500,2.5500,2.5500,2.5500,2.5500,2.5500,2.5500,2.5499,2.5497,2.5490,2.5474,2.5434,2.5346,2.5166,2.4828,2.4238,2.3285,2.1842,1.9784,1.6983
1070,2.5500,2.5500,2.5500,2.5500,2.5500,2.5500,2.5500,2.5500,2.5499,2.5497,2.5490,2.5474,2.5434,2.5345,2.5165,2.4826,2.4236,2.3282,2.1839,1.9781,1.6980
1071,2.5500,2.5500,2.5500,2.5500,2.5500,2.5500,2.5500,2.5500,2.5499,2.5497,2.5490,2.5473,2.5433,2.5345,2.5164,2.4825,2.4234,2.3279,2.1835,1.9778,1.6977
1072,2.5500,2.5500,2.5500,2.5500,2.5500,2.5500,2.5500,2.5500,2.5499,2.5497,2.5490,2.5473,2.5433,2.5344,2.5163,2.4823,2.4232,2.3277,2.1832,1.9775,1.6974
1073,2.5500,2.5500,2.5500,2.5500,2.5500,2.5500,2.5500,2.5500,2.5499,2.5497,2.5490,2.5473,2.5433,2.5344,2.5162,2.4822,2.4231,2.3274,2.1829,1.9771,1.6971
1074,2.5500,2.5500,2.5500,2.5500,2.5500,2.5500,2.5500,2.5500,2.5499,2.5497,2.5490,2.5473,2.5433,2.5343,2.5162,2.4821,2.4229,2.3272,2.1826,1.9768,1.6968
1075,2.5500,2.5500,2.5500,2.5500,2.5500,2.5500,2.5500,2.5500,2.5499,2.5497,2.5490,2.5473,2.5432,2.5343,2.5161,2.4819,2.4227,2.3269,2.1823,1.9765,1.6965
1076,2.5500,2.5500,2.5500,2.5500,2.5500,2.5500,2.5500,2.5500,2.5499,2.5497,2.5490,2.5473,2.5432,2.5342,2.5160,2.4818,2.4225,2.3267,2.1820,1.9762,1.6961
1077,2.5500,2.5500,2.5500,2.5500,2.5500,2.5500,2.5500,2.5500,2.5499,2.5497,2.5490,2.5473,2.5432,2.5342,2.5159,2.4817,2.4223,2.3264,2.1817,1.9758,1.6958
1078,2.5500,2.5500,2.5500,2.5500,2.5500,2.5500,2.5500,2.5500,2.5499,2.5497,2.5490,2.5473,2.5431,2.5341,2.5158,2.4815,2.4221,2.3262,2.1814,1.9755,1.6955
1079,2.5500,2.5500,2.5500,2.5500,2.5500,2.5500,2.5500,2.5500,2.5499,2.5496,2.5490,2.5472,2.5431,2.5341,2.5157,2.4814,2.4219,2.3259,2.1811,1.9752,1.6952
1080,2.5500,2.5500,2.5500,2.5500,2.5500,2.5500,2.5500,2.5500,2.5499,2.5496,2.5490,2.5472,2.5431,2.5340,2.5156,2.4813,2.4217,2.3256,2.1808,1.9749,1.6949
1081,2.5500,2.5500,2.5500,2.5500,2.5500,2.5500,2.5500,2.5500,2.5499,2.5496,2.5490,2.5472,2.5431,2.5340,2.5156,2.4811,2.4215,2.3254,2.1805,1.9745,1.6946
1082,2.5500,2.5500,2.5500,2.5500,2.5500,2.5500,2.5500,2.5500,2.5499,2.5496,2.5490,2.5472,2.5430,2.5339,2.5155,2.4810,2.4213,2.3251,2.1802,1.9742,1.6943
1083,2.5500,2.5500,2.5500,2.5500,2.5500,2.5500,2.5500,2.5500,2.5499,2.5496,2.5490,2.5472,2.5430,2.5339,2.5154,2.4809,2.4211,2.3249,2.1799,1.9739,1.6940
1084,2.5500,2.5500,2.5500,2.5500,2.5500,2.5500,2.5500,2.5500,2.5499,2.5496,2.5490,2.5472,2.5430,2.5338,2.5153,2.4807,2.4209,2.3246,2.1796,1.9736,1.6936
1085,2.5500,2.5500,2.5500,2.5500,2.5500,2.5500,2.5500,2.5500,2.5499,2.5496,2.5489,2.5472,2.5430,2.5338,2.5152,2.4806,2.4207,2.3244,2.1793,1.9732,1.6933
1086,2.5500,2.5500,2.5500,2.5500,2.5500,2.5500,2.5500,2.5500,2.5499,2.5496,2.5489,2.5472,2.5429,2.5337,2.5151,2.4804,2.4205,2.3241,2.1790,1.9729,1.6930
1087,2.5500,2.5500,2.5500,2.5500,2.5500,2.5500,2.5500,2.5500,2.5499,2.5496,2.5489,2.5471,2.5429,2.5337,2.5150,2.4803,2.4203,2.3239,2.1787,1.9726,1.6927
1088,2.5500,2.5500,2.5500,2.5500,2.5500,2.5500,2.5500,2.5500,2.5499,2.5496,2.5489,2.5471,2.5429,2.5336,2.5149,2.4802,2.4201,2.3236,2.1784,1.9723,1.6924
1089,2.5500,2.5500,2.5500,2.5500,2.5500,2.5500,2.5500,2.5500,2.5499,2.5496,2.5489,2.5471,2.5429,2.5336,2.5149,2.4800,2.4199,2.3234,2.1781,1.9719,1.6921
1090,2.5500,2.5500,2.5500,2.5500,2.5500,2.5500,2.5500,2.5500,2.5499,2.5496,2.5489,2.5471,2.5428,2.5335,2.5148,2.4799,2.4197,2.3231,2.1778,1.9716,1.6918
1091,2.5500,2.5500,2.5500,2.5500,2.5500,2.5500,2.5500,2.5500,2.5499,2.5496,2.5489,2.5471,2.5428,2.5335,2.5147,2.4798,2.4195,2.3228,2.1775,1.9713,1.6915
1092,2.5500,2.5500,2.5500,2.5500,2.5500,2.5500,2.5500,2.5500,2.5499,2.5496,2.5489,2.5471,2.5428,2.5334,2.5146,2.4796,2.4193,2.3226,2.1772,1.9710,1.6912
1093,2.5500,2.5500,2.5500,2.5500,2.5500,2.5500,2.5500,2.5500,2.5499,2.5496,2.5489,2.5471,2.5428,2.5334,2.5145,2.4795,2.4191,2.3223,2.1769,1.9706,1.6908
1094,2.5500,2.5500,2.5500,2.5500,2.5500,2.5500,2.5500,2.5500,2.5499,2.5496,2.5489,2.5471,2.5427,2.5333,2.5144,2.4794,2.4190,2.3221,2.1766,1.9703,1.6905
1095,2.5500,2.5500,2.5500,2.5500,2.5500,2.5500,2.5500,2.5500,2.5499,2.5496,2.5489,2.5470,2.5427,2.5333,2.5143,2.4792,2.4188,2.3218,2.1763,1.9700,1.6902
1096,2.5500,2.5500,2.5500,2.5500,2.5500,2.5500,2.5500,2.5500,2.5499,2.5496,2.5489,2.5470,2.5427,2.5332,2.5143,2.4791,2.4186,2.3216,2.1760,1.9697,1.6899
1097,2.5500,2.5500,2.5500,2.5500,2.5500,2.5500,2.5500,2.5500,2.5499,2.5496,2.5489,2.5470,2.5426,2.5332,2.5142,2.4789,2.4184,2.3213,2.1757,1.9693,1.6896
1098,2.5500,2.5500,2.5500,2.5500,2.5500,2.5500,2.5500,2.5500,2.5499,2.5496,2.5489,2.5470,2.5426,2.5331,2.5141,2.4788,2.4182,2.3211,2.1754,1.9690,1.6893
1099,2.5500,2.5500,2.5500,2.5500,2.5500,2.5500,2.5500,2.5500,2.5499,2.5496,2.5489,2.5470,2.5426,2.5331,2.5140,2.4787,2.4180,2.3208,2.1751,1.9687,1.6890
1100,2.5500,2.5500,2.5500,2.5500,2.5500,2.5500,2.5500,2.5500,2.5499,2.5496,2.5489,2.5470,2.5426,2.5330,2.5139,2.4785,2.4178,2.3206,2.1748,1.9684,1.6887
1101,2.5500,2.5500,2.5500,2.5500,2.5500,2.5500,2.5500,2.5500,2.5499,2.5496,2.5489,2.5470,2.5425,2.5330,2.5138,2.4784,2.4176,2.3203,2.1745,1.9681,1.6884
1102,2.5500,2.5500,2.5500,2.5500,2.5500,2.5500,2.5500,2.5500,2.5499,2.5496,2.5488,2.5469,2.5425,2.5329,2.5137,2.4783,2.4174,2.3200,2.1742,1.9677,1.6881
1103,2.5500,2.5500,2.5500,2.5500,2.5500,2.5500,2.5500,2.5500,2.5499,2.5496,2.5488,2.5469,2.5425,2.5329,2.5136,2.4781,2.4172,2.3198,2.1739,1.9674,1.6877
1104,2.5500,2.5500,2.5500,2.5500,2.5500,2.5500,2.5500,2.5500,2.5499,2.5496,2.5488,2.5469,2.5425,2.5328,2.5136,2.4780,2.4170,2.3195,2.1736,1.9671,1.6874
1105,2.5500,2.5500,2.5500,2.5500,2.5500,2.5500,2.5500,2.5500,2.5499,2.5496,2.5488,2.5469,2.5424,2.5328,2.5135,2.4778,2.4168,2.3193,2.1733,1.9668,1.6871
1106,2.5500,2.5500,2.5500,2.5500,2.5500,2.5500,2.5500,2.5500,2.5499,2.5496,2.5488,2.5469,2.5424,2.5327,2.5134,2.4777,2.4166,2.3190,2.1730,1.9665,1.6868
1107,2.5500,2.5500,2.5500,2.5500,2.5500,2.5500,2.5500,2.5500,2.5499,2.5496,2.5488,2.5469,2.5424,2.5326,2.5133,2.4776,2.4164,2.3188,2.1727,1.9661,1.6865
1108,2.5500,2.5500,2.5500,2.5500,2.5500,2.5500,2.5500,2.5500,2.5499,2.5496,2.5488,2.5469,2.5423,2.5326,2.5132,2.4774,2.4162,2.3185,2.1724,1.9658,1.6862
1109,2.5500,2.5500,2.5500,2.5500,2.5500,2.5500,2.5500,2.5500,2.5499,2.5496,2.5488,2.5469,2.5423,2.5325,2.5131,2.4773,2.4160,2.3183,2.1721,1.9655,1.6859
1110,2.5500,2.5500,2.5500,2.5500,2.5500,2.5500,2.5500,2.5500,2.5499,2.5496,2.5488,2.5468,2.5423,2.5325,2.5130,2.4772,2.4158,2.3180,2.1718,1.9652,1.6856
1111,2.5500,2.5500,2.5500,2.5500,2.5500,2.5500,2.5500,2.5500,2.5499,2.5496,2.5488,2.5468,2.5423,2.5324,2.5129,2.4770,2.4156,2.3178,2.1715,1.9649,1.6853
1112,2.5500,2.5500,2.5500,2.5500,2.5500,2.5500,2.5500,2.5500,2.5499,2.5496,2.5488,2.5468,2.5422,2.5324,2.5128,2.4769,2.4154,2.3175,2.1712,1.9645,1.6850
1113,2.5500,2.5500,2.5500,2.5500,2.5500,2.5500,2.5500,2.5500,2.5499,2.5496,2.5488,2.5468,2.5422,2.5323,2.5128,2.4768,2.4152,2.3173,2.1709,1.9642,1.6847
1114,2.5500,2.5500,2.5500,2.5500,2.5500,2.5500,2.5500,2.5500,2.5499,2.5496,2.5488,2.5468,2.5422,2.5323,2.5127,2.4766,2.4150,2.3170,2.1706,1.9639,1.6844
1115,2.5500,2.5500,2.5500,2.5500,2.5500,2.5500,2.5500,2.5500,2.5499,2.5496,2.5488,2.5468,2.5421,2.5322,2.5126,2.4765,2.4149,2.3168,2.1703,1.9636,1.6841
1116,2.5500,2.5500,2.5500,2.5500,2.5500,2.5500,2.5500,2.5500,2.5499,2.5496,2.5488,2.5468,2.5421,2.5322,2.5125,2.4763,2.4147,2.3165,2.1700,1.9633,1.6838
1117,2.5500,2.5500,2.5500,2.5500,2.5500,2.5500,2.5500,2.5500,2.5499,2.5496,2.5488,2.5467,2.5421,2.5321,2.5124,2.4762,2.4145,2.3163,2.1697,1.9629,1.6834
1118,2.5500,2.5500,2.5500,2.5500,2.5500,2.5500,2.5500,2.5500,2.5499,2.5496,2.5487,2.5467,2.5421,2.5321,2.5123,2.4761,2.4143,2.3160,2.1694,1.9626,1.6831
1119,2.5500,2.5500,2.5500,2.5500,2.5500,2.5500,2.5500,2.5500,2.5499,2.5496,2.5487,2.5467,2.5420,2.5320,2.5122,2.4759,2.4141,2.3157,2.1691,1.9623,1.6828
1120,2.5500,2.5500,2.5500,2.5500,2.5500,2.5500,2.5500,2.5500,2.5499,2.5495,2.5487,2.5467,2.5420,2.5320,2.5121,2.4758,2.4139,2.3155,2.1688,1.9620,1.6825
1121,2.5500,2.5500,2.5500,2.5500,2.5500,2.5500,2.5500,2.5500,2.5498,2.5495,2.5487,2.5467,2.5420,2.5319,2.5120,2.4756,2.4137,2.3152,2.1685,1.9617,1.6822
1122,2.5500,2.5500,2.5500,2.5500,2.5500,2.5500,2.5500,2.5500,2.5498,2.5495,2.5487,2.5467,2.5419,2.5319,2.5120,2.4755,2.4135,2.3150,2.1682,1.9614,1.6819
1123,2.5500,2.5500,2.5500,2.5500,2.5500,2.5500,2.5500,2.5500,2.5498,2.5495,2.5487,2.5467,2.5419,2.5318,2.5119,2.4754,2.4133,2.3147,2.1679,1.9610,1.6816
1124,2.5500,2.5500,2.5500,2.5500,2.5500,2.5500,2.5500,2.5500,2.5498,2.5495,2.5487,2.5466,2.5419,2.5318,2.5118,2.4752,2.4131,2.3145,2.1676,1.9607,1.6813
1125,2.5500,2.5500,2.5500,2.5500,2.5500,2.5500,2.5500,2.5500,2.5498,2.5495,2.5487,2.5466,2.5419,2.5317,2.5117,2.4751,2.4129,2.3142,2.1673,1.9604,1.6810
1126,2.5500,2.5500,2.5500,2.5500,2.5500,2.5500,2.5500,2.5500,2.5498,2.5495,2.5487,2.5466,2.5418,2.5317,2.5116,2.4750,2.4127,2.3140,2.1670,1.9601,1.6807
1127,2.5500,2.5500,2.5500,2.5500,2.5500,2.5500,2.5500,2.5500,2.5498,2.5495,2.5487,2.5466,2.5418,2.5316,2.5115,2.4748,2.4125,2.3137,2.1667,1.9598,1.6804
1128,2.5500,2.5500,2.5500,2.5500,2.5500,2.5500,2.5500,2.5500,2.5498,2.5495,2.5487,2.5466,2.5418,2.5315,2.5114,2.4747,2.4123,2.3135,2.1664,1.9595,1.6801
1129,2.5500,2.5500,2.5500,2.5500,2.5500,2.5500,2.5500,2.5500,2.5498,2.5495,2.5487,2.5466,2.5417,2.5315,2.5113,2.4745,2.4121,2.3132,2.1661,1.9591,1.6798
1130,2.5500,2.5500,2.5500,2.5500,2.5500,2.5500,2.5500,2.5500,2.5498,2.5495,2.5487,2.5466,2.5417,2.5314,2.5112,2.4744,2.4119,2.3130,2.1658,1.9588,1.6795
1131,2.5500,2.5500,2.5500,2.5500,2.5500,2.5500,2.5500,2.5499,2.5498,2.5495,2.5487,2.5465,2.5417,2.5314,2.5112,2.4743,2.4117,2.3127,2.1655,1.9585,1.6792
1132,2.5500,2.5500,2.5500,2.5500,2.5500,2.5500,2.5500,2.5499,2.5498,2.5495,2.5487,2.5465,2.5417,2.5313,2.5111,2.4741,2.4115,2.3125,2.1653,1.9582,1.6789
1133,2.5500,2.5500,2.5500,2.5500,2.5500,2.5500,2.5500,2.5499,2.5498,2.5495,2.5487,2.5465,2.5416,2.5313,2.5110,2.4740,2.4113,2.3122,2.1650,1.9579,1.6786
1134,2.5500,2.5500,2.5500,2.5500,2.5500,2.5500,2.5500,2.5499,2.5498,2.5495,2.5486,2.5465,2.5416,2.5312,2.5109,2.4738,2.4111,2.3120,2.1647,1.9576,1.6783
1135,2.5500,2.5500,2.5500,2.5500,2.5500,2.5500,2.5500,2.5499,2.5498,2.5495,2.5486,2.5465,2.5416,2.5312,2.5108,2.4737,2.4109,2.3117,2.1644,1.9573,1.6780
1136,2.5500,2.5500,2.5500,2.5500,2.5500,2.5500,2.5500,2.5499,2.5498,2.5495,2.5486,2.5465,2.5415,2.5311,2.5107,2.4736,2.4107,2.3115,2.1641,1.9569,1.6777
1137,2.5500,2.5500,2.5500,2.5500,2.5500,2.5500,2.5500,2.5499,2.5498,2.5495,2.5486,2.5465,2.5415,2.5311,2.5106,2.4734,2.4106,2.3112,2.1638,1.9566,1.6774
1138,2.5500,2.5500,2.5500,2.5500,2.5500,2.5500,2.5500,2.5499,2.5498,2.5495,2.5486,2.5464,2.5415,2.5310,2.5105,2.4733,2.4104,2.3110,2.1635,1.9563,1.6771
1139,2.5500,2.5500,2.5500,2.5500,2.5500,2.5500,2.5500,2.5499,2.5498,2.5495,2.5486,2.5464,2.5415,2.5310,2.5104,2.4732,2.4102,2.3107,2.1632,1.9560,1.6768
1140,2.5500,2.5500,2.5500,2.5500,2.5500,2.5500,2.5500,2.5499,2.5498,2.5495,2.5486,2.5464,2.5414,2.5309,2.5103,2.4730,2.4100,2.3105,2.1629,1.9557,1.6765
1141,2.5500,2.5500,2.5500,2.5500,2.5500,2.5500,2.5500,2.5499,2.5498,2.5495,2.5486,2.5464,2.5414,2.5309,2.5102,2.4729,2.4098,2.3102,2.1626,1.9554,1.6762
1142,2.5500,2.5500,2.5500,2.5500,2.5500,2.5500,2.5500,2.5499,2.5498,2.5495,2.5486,2.5464,2.5414,2.5308,2.5102,2.4727,2.4096,2.3100,2.1623,1.9551,1.6759
1143,2.5500,2.5500,2.5500,2.5500,2.5500,2.5500,2.5500,2.5499,2.5498,2.5495,2.5486,2.5464,2.5413,2.5307,2.5101,2.4726,2.4094,2.3097,2.1620,1.9547,1.6756
1144,2.5500,2.5500,2.5500,2.5500,2.5500,2.5500,2.5500,2.5499,2.5498,2.5495,2.5486,2.5464,2.5413,2.5307,2.5100,2.4725,2.4092,2.3095,2.1617,1.9544,1.6753
1145,2.5500,2.5500,2.5500,2.5500,2.5500,2.5500,2.5500,2.5499,2.5498,2.5495,2.5486,2.5463,2.5413,2.5306,2.5099,2.4723,2.4090,2.3092,2.1614,1.9541,1.6750
1146,2.5500,2.5500,2.5500,2.5500,2.5500,2.5500,2.5500,2.5499,2.5498,2.5495,2.5486,2.5463,2.5412,2.5306,2.5098,2.4722,2.4088,2.3090,2.1611,1.9538,1.6747
1147,2.5500,2.5500,2.5500,2.5500,2.5500,2.5500,2.5500,2.5499,2.5498,2.5495,2.5486,2.5463,2.5412,2.5305,2.5097,2.4720,2.4086,2.3087,2.1608,1.9535,1.6744
1148,2.5500,2.5500,2.5500,2.5500,2.5500,2.5500,2.5500,2.5499,2.5498,2.5495,2.5485,2.5463,2.5412,2.5305,2.5096,2.4719,2.4084,2.3084,2.1605,1.9532,1.6741
1149,2.5500,2.5500,2.5500,2.5500,2.5500,2.5500,2.5500,2.5499,2.5498,2.5495,2.5485,2.5463,2.5412,2.5304,2.5095,2.4718,2.4082,2.3082,2.1602,1.9529,1.6738
1150,2.5500,2.5500,2.5500,2.5500,2.5500,2.5500,2.5500,2.5499,2.5498,2.5495,2.5485,2.5463,2.5411,2.5304,2.5094,2.4716,2.4080,2.3079,2.1600,1.9526,1.6735
1151,2.5500,2.5500,2.5500,2.5500,2.5500,2.5500,2.5500,2.5499,2.5498,2.5495,2.5485,2.5462,2.5411,2.5303,2.5093,2.4715,2.4078,2.3077,2.1597,1.9522,1.6732
1152,2.5500,2.5500,2.5500,2.5500,2.5500,2.5500,2.5500,2.5499,2.5498,2.5495,2.5485,2.5462,2.5411,2.5303,2.5092,2.4713,2.4076,2.3074,2.1594,1.9519,1.6729
1153,2.5500,2.5500,2.5500,2.5500,2.5500,2.5500,2.5500,2.5499,2.5498,2.5495,2.5485,2.5462,2.5410,2.5302,2.5092,2.4712,2.4074,2.3072,2.1591,1.9516,1.6726
1154,2.5500,2.5500,2.5500,2.5500,2.5500,2.5500,2.5500,2.5499,2.5498,2.5495,2.5485,2.5462,2.5410,2.5301,2.5091,2.4711,2.4072,2.3069,2.1588,1.9513,1.6723
1155,2.5500,2.5500,2.5500,2.5500,2.5500,2.5500,2.5500,2.5499,2.5498,2.5494,2.5485,2.5462,2.5410,2.5301,2.5090,2.4709,2.4070,2.3067,2.1585,1.9510,1.6720
1156,2.5500,2.5500,2.5500,2.5500,2.5500,2.5500,2.5500,2.5499,2.5498,2.5494,2.5485,2.5462,2.5409,2.5300,2.5089,2.4708,2.4068,2.3064,2.1582,1.9507,1.6717
1157,2.5500,2.5500,2.5500,2.5500,2.5500,2.5500,2.5500,2.5499,2.5498,2.5494,2.5485,2.5462,2.5409,2.5300,2.5088,2.4706,2.4066,2.3062,2.1579,1.9504,1.6714
1158,2.5500,2.5500,2.5500,2.5500,2.5500,2.5500,2.5500,2.5499,2.5498,2.5494,2.5485,2.5461,2.5409,2.5299,2.5087,2.4705,2.4064,2.3059,2.1576,1.9501,1.6711
1159,2.5500,2.5500,2.5500,2.5500,2.5500,2.5500,2.5500,2.5499,2.5498,2.5494,2.5485,2.5461,2.5409,2.5299,2.5086,2.4704,2.4063,2.3057,2.1573,1.9498,1.6708
1160,2.5500,2.5500,2.5500,2.5500,2.5500,2.5500,2.5500,2.5499,2.5498,2.5494,2.5485,2.5461,2.5408,2.5298,2.5085,2.4702,2.4061,2.3054,2.1570,1.9494,1.6705
1161,2.5500,2.5500,2.5500,2.5500,2.5500,2.5500,2.5500,2.5499,2.5498,2.5494,2.5485,2.5461,2.5408,2.5298,2.5084,2.4701,2.4059,2.3052,2.1567,1.9491,1.6702
1162,2.5500,2.5500,2.5500,2.5500,2.5500,2.5500,2.5500,2.5499,2.5498,2.5494,2.5484,2.5461,2.5408,2.5297,2.5083,2.4699,2.4057,2.3049,2.1564,1.9488,1.6699
1163,2.5500,2.5500,2.5500,2.5500,2.5500,2.5500,2.5500,2.5499,2.5498,2.5494,2.5484,2.5461,2.5407,2.5296,2.5082,2.4698,2.4055,2.3047,2.1562,1.9485,1.6696
1164,2.5500,2.5500,2.5500,2.5500,2.5500,2.5500,2.5500,2.5499,2.5498,2.5494,2.5484,2.5460,2.5407,2.5296,2.5081,2.4697,2.4053,2.3044,2.1559,1.9482,1.6693
1165,2.5500,2.5500,2.5500,2.5500,2.5500,2.5500,2.5500,2.5499,2.5498,2.5494,2.5484,2.5460,2.5407,2.5295,2.5081,2.4695,2.4051,2.3042,2.1556,1.9479,1.6690
1166,2.5500,2.5500,2.5500,2.5500,2.5500,2.5500,2.5500,2.5499,2.5498,2.5494,2.5484,2.5460,2.5406,2.5295,2.5080,2.4694,2.4049,2.3039,2.1553,1.9476,1.6687
1167,2.5500,2.5500,2.5500,2.5500,2.5500,2.5500,2.5500,2.5499,2.5498,2.5494,2.5484,2.5460,2.5406,2.5294,2.5079,2.4692,2.4047,2.3037,2.1550,1.9473,1.6684
1168,2.5500,2.5500,2.5500,2.5500,2.5500,2.5500,2.5500,2.5499,2.5498,2.5494,2.5484,2.5460,2.5406,2.5294,2.5078,2.4691,2.4045,2.3035,2.1547,1.9470,1.6681
1169,2.5500,2.5500,2.5500,2.5500,2.5500,2.5500,2.5500,2.5499,2.5498,2.5494,2.5484,2.5460,2.5405,2.5293,2.5077,2.4690,2.4043,2.3032,2.1544,1.9467,1.6678
1170,2.5500,2.5500,2.5500,2.5500,2.5500,2.5500,2.5500,2.5499,2.5498,2.5494,2.5484,2.5460,2.5405,2.5293,2.5076,2.4688,2.4041,2.3030,2.1541,1.9464,1.6675
1171,2.5500,2.5500,2.5500,2.5500,2.5500,2.5500,2.5500,2.5499,2.5498,2.5494,2.5484,2.5459,2.5405,2.5292,2.5075,2.4687,2.4039,2.3027,2.1538,1.9460,1.6672
1172,2.5500,2.5500,2.5500,2.5500,2.5500,2.5500,2.5500,2.5499,2.5498,2.5494,2.5484,2.5459,2.5405,2.5291,2.5074,2.4685,2.4037,2.3025,2.1535,1.9457,1.6669
1173,2.5500,2.5500,2.5500,2.5500,2.5500,2.5500,2.5500,2.5499,2.5498,2.5494,2.5484,2.5459,2.5404,2.5291,2.5073,2.4684,2.4035,2.3022,2.1532,1.9454,1.6666
1174,2.5500,2.5500,2.5500,2.5500,2.5500,2.5500,2.5500,2.5499,2.5498,2.5494,2.5484,2.5459,2.5404,2.5290,2.5072,2.4683,2.4033,2.3020,2.1530,1.9451,1.6663
1175,2.5500,2.5500,2.5500,2.5500,2.5500,2.5500,2.5500,2.5499,2.5498,2.5494,2.5484,2.5459,2.5404,2.5290,2.5071,2.4681,2.4031,2.3017,2.1527,1.9448,1.6661
1176,2.5500,2.5500,2.5500,2.5500,2.5500,2.5500,2.5500,2.5499,2.5498,2.5494,2.5483,2.5459,2.5403,2.5289,2.5070,2.4680,2.4029,2.3015,2.1524,1.9445,1.6658
1177,2.5500,2.5500,2.5500,2.5500,2.5500,2.5500,2.5500,2.5499,2.5498,2.5494,2.5483,2.5458,2.5403,2.5289,2.5069,2.4678,2.4027,2.3012,2.1521,1.9442,1.6655
1178,2.5500,2.5500,2.5500,2.5500,2.5500,2.5500,2.5500,2.5499,2.5498,2.5494,2.5483,2.5458,2.5403,2.5288,2.5068,2.4677,2.4025,2.3010,2.1518,1.9439,1.6652
1179,2.5500,2.5500,2.5500,2.5500,2.5500,2.5500,2.5500,2.5499,2.5498,2.5494,2.5483,2.5458,2.5402,2.5287,2.5068,2.4676,2.4023,2.3007,2.1515,1.9436,1.6649
1180,2.5500,2.5500,2.5500,2.5500,2.5500,2.5500,2.5500,2.5499,2.5498,2.5494,2.5483,2.5458,2.5402,2.5287,2.5067,2.4674,2.4021,2.3005,2.1512,1.9433,1.6646
1181,2.5500,2.5500,2.5500,2.5500,2.5500,2.5500,2.5500,2.5499,2.5498,2.5494,2.5483,2.5458,2.5402,2.5286,2.5066,2.4673,2.4020,2.3002,2.1509,1.9430,1.6643
1182,2.5500,2.5500,2.5500,2.5500,2.5500,2.5500,2.5500,2.5499,2.5498,2.5494,2.5483,2.5458,2.5401,2.5286,2.5065,2.4671,2.4018,2.3000,2.1506,1.9427,1.6640
1183,2.5500,2.5500,2.5500,2.5500,2.5500,2.5500,2.5500,2.5499,2.5498,2.5494,2.5483,2.5457,2.5401,2.5285,2.5064,2.4670,2.4016,2.2997,2.1504,1.9424,1.6637
1184,2.5500,2.5500,2.5500,2.5500,2.5500,2.5500,2.5500,2.5499,2.5498,2.5494,2.5483,2.5457,2.5401,2.5285,2.5063,2.4668,2.4014,2.2995,2.1501,1.9421,1.6634
1185,2.5500,2.5500,2.5500,2.5500,2.5500,2.5500,2.5500,2.5499,2.5498,2.5494,2.5483,2.5457,2.5400,2.5284,2.5062,2.4667,2.4012,2.2992,2.1498,1.9418,1.6631
1186,2.5500,2.5500,2.5500,2.5500,2.5500,2.5500,2.5500,2.5499,2.5498,2.5493,2.5483,2.5457,2.5400,2.5283,2.5061,2.4666,2.4010,2.2990,2.1495,1.9414,1.6628
1187,2.5500,2.5500,2.5500,2.5500,2.5500,2.5500,2.5500,2.5499,2.5498,2.5493,2.5483,2.5457,2.5400,2.5283,2.5060,2.4664,2.4008,2.2987,2.1492,1.9411,1.6625
1188,2.5500,2.5500,2.5500,2.5500,2.5500,2.5500,2.5500,2.5499,2.5498,2.5493,2.5483,2.5457,2.5399,2.5282,2.5059,2.4663,2.4006,2.2985,2.1489,1.9408,1.6622
1189,2.5500,2.5500,2.5500,2.5500,2.5500,2.5500,2.5500,2.5499,2.5498,2.5493,2.5482,2.5456,2.5399,2.5282,2.5058,2.4661,2.4004,2.2982,2.1486,1.9405,1.6620
1190,2.5500,2.5500,2.5500,2.5500,2.5500,2.5500,2.5500,2.5499,2.5498,2.5493,2.5482,2.5456,2.5399,2.5281,2.5057,2.4660,2.4002,2.2980,2.1483,1.9402,1.6617
1191,2.5500,2.5500,2.5500,2.5500,2.5500,2.5500,2.5500,2.5499,2.5498,2.5493,2.5482,2.5456,2.5398,2.5281,2.5056,2.4659,2.4000,2.2977,2.1480,1.9399,1.6614
1192,2.5500,2.5500,2.5500,2.5500,2.5500,2.5500,2.5500,2.5499,2.5498,2.5493,2.5482,2.5456,2.5398,2.5280,2.5055,2.4657,2.3998,2.2975,2.1478,1.9396,1.6611
1193,2.5500,2.5500,2.5500,2.5500,2.5500,2.5500,2.5500,2.5499,2.5498,2.5493,2.5482,2.5456,2.5398,2.5279,2.5054,2.4656,2.3996,2.2972,2.1475,1.9393,1.6608
1194,2.5500,2.5500,2.5500,2.5500,2.5500,2.5500,2.5500,2.5499,2.5498,2.5493,2.5482,2.5456,2.5398,2.5279,2.5053,2.4654,2.3994,2.2970,2.1472,1.9390,1.6605
1195,2.5500,2.5500,2.5500,2.5500,2.5500,2.5500,2.5500,2.5499,2.5498,2.5493,2.5482,2.5455,2.5397,2.5278,2.5053,2.4653,2.3992,2.2967,2.1469,1.9387,1.6602
1196,2.5500,2.5500,2.5500,2.5500,2.5500,2.5500,2.5500,2.5499,2.5498,2.5493,2.5482,2.5455,2.5397,2.5278,2.5052,2.4652,2.3990,2.2965,2.1466,1.9384,1.6599
1197,2.5500,2.5500,2.5500,2.5500,2.5500,2.5500,2.5500,2.5499,2.5498,2.5493,2.5482,2.5455,2.5397,2.5277,2.5051,2.4650,2.3988,2.2963,2.1463,1.9381,1.6596
1198,2.5500,2.5500,2.5500,2.5500,2.5500,2.5500,2.5500,2.5499,2.5498,2.5493,2.5482,2.5455,2.5396,2.5277,2.5050,2.4649,2.3986,2.2960,2.1460,1.9378,1.6593
1199,2.5500,2.5500,2.5500,2.5500,2.5500,2.5500,2.5500,2.5499,2.5498,2.5493,2.5482,2.5455,2.5396,2.5276,2.5049,2.4647,2.3984,2.2958,2.1458,1.9375,1.6590
1200,2.5500,2.5500,2.5500,2.5500,2.5500,2.5500,2.5500,2.5499,2.5498,2.5493,2.5482,2.5455,2.5396,2.5275,2.5048,2.4646,2.3982,2.2955,2.1455,1.9372,1.6588
1201,2.5500,2.5500,2.5500,2.5500,2.5500,2.5500,2.5500,2.5499,2.5497,2.5493,2.5481,2.5454,2.5395,2.5275,2.5047,2.4644,2.3980,2.2953,2.1452,1.9369,1.6585
1202,2.5500,2.5500,2.5500,2.5500,2.5500,2.5500,2.5500,2.5499,2.5497,2.5493,2.5481,2.5454,2.5395,2.5274,2.5046,2.4643,2.3979,2.2950,2.1449,1.9366,1.6582
1203,2.5500,2.5500,2.5500,2.5500,2.5500,2.5500,2.5500,2.5499,2.5497,2.5493,2.5481,2.5454,2.5395,2.5274,2.5045,2.4642,2.3977,2.2948,2.1446,1.9363,1.6579
1204,2.5500,2.5500,2.5500,2.5500,2.5500,2.5500,2.5500,2.5499,2.5497,2.5493,2.5481,2.5454,2.5394,2.5273,2.5044,2.4640,2.3975,2.2945,2.1443,1.9360,1.6576
1205,2.5500,2.5500,2.5500,2.5500,2.5500,2.5500,2.5500,2.5499,2.5497,2.5493,2.5481,2.5454,2.5394,2.5272,2.5043,2.4639,2.3973,2.2943,2.1440,1.9357,1.6573
1206,2.5500,2.5500,2.5500,2.5500,2.5500,2.5500,2.5500,2.5499,2.5497,2.5493,2.5481,2.5454,2.5394,2.5272,2.5042,2.4637,2.3971,2.2940,2.1438,1.9354,1.6570
1207,2.5500,2.5500,2.5500,2.5500,2.5500,2.5500,2.5500,2.5499,2.5497,2.5493,2.5481,2.5453,2.5393,2.5271,2.5041,2.4636,2.3969,2.2938,2.1435,1.9351,1.6567
1208,2.5500,2.5500,2.5500,2.5500,2.5500,2.5500,2.5500,2.5499,2.5497,2.5493,2.5481,2.5453,2.5393,2.5271,2.5040,2.4634,2.3967,2.2935,2.1432,1.9348,1.6564
1209,2.5500,2.5500,2.5500,2.5500,2.5500,2.5500,2.5500,2.5499,2.5497,2.5493,2.5481,2.5453,2.5393,2.5270,2.5039,2.4633,2.3965,2.2933,2.1429,1.9345,1.6562
1210,2.5500,2.5500,2.5500,2.5500,2.5500,2.5500,2.5500,2.5499,2.5497,2.5493,2.5481,2.5453,2.5392,2.5270,2.5038,2.4632,2.3963,2.2930,2.1426,1.9342,1.6559
1211,2.5500,2.5500,2.5500,2.5500,2.5500,2.5500,2.5500,2.5499,2.5497,2.5493,2.5481,2.5453,2.5392,2.5269,2.5037,2.4630,2.3961,2.2928,2.1423,1.9339,1.6556
1212,2.5500,2.5500,2.5500,2.5500,2.5500,2.5500,2.5500,2.5499,2.5497,2.5493,2.5481,2.5452,2.5392,2.5268,2.5036,2.4629,2.3959,2.2925,2.1420,1.9336,1.6553
1213,2.5500,2.5500,2.5500,2.5500,2.5500,2.5500,2.5500,2.5499,2.5497,2.5493,2.5480,2.5452,2.5391,2.5268,2.5035,2.4627,2.3957,2.2923,2.1418,1.9333,1.6550
1214,2.5500,2.5500,2.5500,2.5500,2.5500,2.5500,2.5500,2.5499,2.5497,2.5492,2.5480,2.5452,2.5391,2.5267,2.5034,2.4626,2.3955,2.2921,2.1415,1.9330,1.6547
1215,2.5500,2.5500,2.5500,2.5500,2.5500,2.5500,2.5500,2.5499,2.5497,2.5492,2.5480,2.5452,2.5391,2.5267,2.5033,2.4625,2.3953,2.2918,2.1412,1.9327,1.6544
1216,2.5500,2.5500,2.5500,2.5500,2.5500,2.5500,2.5500,2.5499,2.5497,2.5492,2.5480,2.5452,2.5390,2.5266,2.5033,2.4623,2.3951,2.2916,2.1409,1.9324,1.6541
1217,2.5500,2.5500,2.5500,2.5500,2.5500,2.5500,2.5500,2.5499,2.5497,2.5492,2.5480,2.5452,2.5390,2.5265,2.5032,2.4622,2.3949,2.2913,2.1406,1.9321,1.6539
1218,2.5500,2.5500,2.5500,2.5500,2.5500,2.5500,2.5500,2.5499,2.5497,2.5492,2.5480,2.5451,2.5390,2.5265,2.5031,2.4620,2.3947,2.2911,2.1403,1.9318,1.6536
1219,2.5500,2.5500,2.5500,2.5500,2.5500,2.5500,2.5500,2.5499,2.5497,2.5492,2.5480,2.5451,2.5389,2.5264,2.5030,2.4619,2.3945,2.2908,2.1400,1.9315,1.6533
1220,2.5500,2.5500,2.5500,2.5500,2.5500,2.5500,2.5500,2.5499,2.5497,2.5492,2.5480,2.5451,2.5389,2.5264,2.5029,2.4617,2.3943,2.2906,2.1398,1.9312,1.6530
1221,2.5500,2.5500,2.5500,2.5500,2.5500,2.5500,2.5500,2.5499,2.5497,2.5492,2.5480,2.5451,2.5389,2.5263,2.5028,2.4616,2.3941,2.2903,2.1395,1.9309,1.6527
1222,2.5500,2.5500,2.5500,2.5500,2.5500,2.5500,2.5500,2.5499,2.5497,2.5492,2.5480,2.5451,2.5388,2.5262,2.5027,2.4615,2.3939,2.2901,2.1392,1.9306,1.6524
1223,2.5500,2.5500,2.5500,2.5500,2.5500,2.5500,2.5500,2.5499,2.5497,2.5492,2.5480,2.5451,2.5388,2.5262,2.5026,2.4613,2.3938,2.2898,2.1389,1.9303,1.6521
1224,2.5500,2.5500,2.5500,2.5500,2.5500,2.5500,2.5500,2.5499,2.5497,2.5492,2.5479,2.5450,2.5387,2.5261,2.5025,2.4612,2.3936,2.2896,2.1386,1.9300,1.6519
1225,2.5500,2.5500,2.5500,2.5500,2.5500,2.5500,2.5500,2.5499,2.5497,2.5492,2.5479,2.5450,2.5387,2.5261,2.5024,2.4610,2.3934,2.2894,2.1383,1.9297,1.6516
1226,2.5500,2.5500,2.5500,2.5500,2.5500,2.5500,2.5500,2.5499,2.5497,2.5492,2.5479,2.5450,2.5387,2.5260,2.5023,2.4609,2.3932,2.2891,2.1381,1.9294,1.6513
1227,2.5500,2.5500,2.5500,2.5500,2.5500,2.5500,2.5500,2.5499,2.5497,2.5492,2.5479,2.5450,2.5386,2.5259,2.5022,2.4607,2.3930,2.2889,2.1378,1.9291,1.6510
1228,2.5500,2.5500,2.5500,2.5500,2.5500,2.5500,2.5500,2.5499,2.5497,2.5492,2.5479,2.5450,2.5386,2.5259,2.5021,2.4606,2.3928,2.2886,2.1375,1.9288,1.6507
1229,2.5500,2.5500,2.5500,2.5500,2.5500,2.5500,2.5500,2.5499,2.5497,2.5492,2.5479,2.5449,2.5386,2.5258,2.5020,2.4605,2.3926,2.2884,2.1372,1.9285,1.6504
1230,2.5500,2.5500,2.5500,2.5500,2.5500,2.5500,2.5500,2.5499,2.5497,2.5492,2.5479,2.5449,2.5385,2.5258,2.5019,2.4603,2.3924,2.2881,2.1369,1.9282,1.6501
1231,2.5500,2.5500,2.5500,2.5500,2.5500,2.5500,2.5500,2.5499,2.5497,2.5492,2.5479,2.5449,2.5385,2.5257,2.5018,2.4602,2.3922,2.2879,2.1367,1.9279,1.6499
1232,2.5500,2.5500,2.5500,2.5500,2.5500,2.5500,2.5500,2.5499,2.5497,2.5492,2.5479,2.5449,2.5385,2.5256,2.5017,2.4600,2.3920,2.2876,2.1364,1.9276,1.6496
1233,2.5500,2.5500,2.5500,2.5500,2.5500,2.5500,2.5500,2.5499,2.5497,2.5492,2.5479,2.5449,2.5384,2.5256,2.5016,2.4599,2.3918,2.2874,2.1361,1.9273,1.6493
1234,2.5500,2.5500,2.5500,2.5500,2.5500,2.5500,2.5500,2.5499,2.5497,2.5492,2.5479,2.5449,2.5384,2.5255,2.5015,2.4597,2.3916,2.2871,2.1358,1.9270,1.6490
1235,2.5500,2.5500,2.5500,2.5500,2.5500,2.5500,2.5500,2.5499,2.5497,2.5492,2.5479,2.5448,2.5384,2.5255,2.5014,2.4596,2.3914,2.2869,2.1355,1.9267,1.6487
1236,2.5500,2.5500,2.5500,2.5500,2.5500,2.5500,2.5500,2.5499,2.5497,2.5492,2.5478,2.5448,2.5383,2.5254,2.5013,2.4595,2.3912,2.2867,2.1352,1.9264,1.6484
1237,2.5500,2.5500,2.5500,2.5500,2.5500,2.5500,2.5500,2.5499,2.5497,2.5492,2.5478,2.5448,2.5383,2.5253,2.5012,2.4593,2.3910,2.2864,2.1350,1.9261,1.6481
1238,2.5500,2.5500,2.5500,2.5500,2.5500,2.5500,2.5500,2.5499,2.5497,2.5492,2.5478,2.5448,2.5383,2.5253,2.5011,2.4592,2.3908,2.2862,2.1347,1.9258,1.6479
1239,2.5500,2.5500,2.5500,2.5500,2.5500,2.5500,2.5500,2.5499,2.5497,2.5491,2.5478,2.5448,2.5382,2.5252,2.5010,2.4590,2.3906,2.2859,2.1344,1.9255,1.6476
1240,2.5500,2.5500,2.5500,2.5500,2.5500,2.5500,2.5500,2.5499,2.5497,2.5491,2.5478,2.5447,2.5382,2.5252,2.5009,2.4589,2.3904,2.2857,2.1341,1.9252,1.6473
1241,2.5500,2.5500,2.5500,2.5500,2.5500,2.5500,2.5500,2.5499,2.5497,2.5491,2.5478,2.5447,2.5382,2.5251,2.5008,2.4587,2.3902,2.2854,2.1338,1.9249,1.6470
1242,2.5500,2.5500,2.5500,2.5500,2.5500,2.5500,2.5500,2.5499,2.5497,2.5491,2.5478,2.5447,2.5381,2.5250,2.5007,2.4586,2.3900,2.2852,2.1336,1.9246,1.6467
1243,2.5500,2.5500,2.5500,2.5500,2.5500,2.5500,2.5500,2.5499,2.5497,2.5491,2.5478,2.5447,2.5381,2.5250,2.5006,2.4584,2.3898,2.2849,2.1333,1.9243,1.6465
1244,2.5500,2.5500,2.5500,2.5500,2.5500,2.5500,2.5500,2.5499,2.5497,2.5491,2.5478,2.5447,2.5381,2.5249,2.5005,2.4583,2.3897,2.2847,2.1330,1.9240,1.6462
1245,2.5500,2.5500,2.5500,2.5500,2.5500,2.5500,2.5500,2.5499,2.5497,2.5491,2.5478,2.5446,2.5380,2.5249,2.5005,2.4582,2.3895,2.2845,2.1327,1.9237,1.6459
1246,2.5500,2.5500,2.5500,2.5500,2.5500,2.5500,2.5500,2.5499,2.5497,2.5491,2.5477,2.5446,2.5380,2.5248,2.5004,2.4580,2.3893,2.2842,2.1324,1.9234,1.6456
1247,2.5500,2.5500,2.5500,2.5500,2.5500,2.5500,2.5500,2.5499,2.5497,2.5491,2.5477,2.5446,2.5379,2.5247,2.5003,2.4579,2.3891,2.2840,2.1322,1.9231,1.6453
1248,2.5500,2.5500,2.5500,2.5500,2.5500,2.5500,2.5500,2.5499,2.5497,2.5491,2.5477,2.5446,2.5379,2.5247,2.5002,2.4577,2.3889,2.2837,2.1319,1.9228,1.6450
1249,2.5500,2.5500,2.5500,2.5500,2.5500,2.5500,2.5500,2.5499,2.5497,2.5491,2.5477,2.5446,2.5379,2.5246,2.5001,2.4576,2.3887,2.2835,2.1316,1.9226,1.6448
1250,2.5500,2.5500,2.5500,2.5500,2.5500,2.5500,2.5500,2.5499,2.5497,2.5491,2.5477,2.5446,2.5378,2.5245,2.5000,2.4574,2.3885,2.2832,2.1313,1.9223,1.6445
1251,2.5500,2.5500,2.5500,2.5500,2.5500,2.5500,2.5500,2.5499,2.5497,2.5491,2.5477,2.5445,2.5378,2.5245,2.4999,2.4573,2.3883,2.2830,2.1310,1.9220,1.6442
1252,2.5500,2.5500,2.5500,2.5500,2.5500,2.5500,2.5500,2.5499,2.5497,2.5491,2.5477,2.5445,2.5378,2.5244,2.4998,2.4572,2.3881,2.2828,2.1308,1.9217,1.6439
1253,2.5500,2.5500,2.5500,2.5500,2.5500,2.5500,2.5500,2.5499,2.5497,2.5491,2.5477,2.5445,2.5377,2.5244,2.4997,2.4570,2.3879,2.2825,2.1305,1.9214,1.6436
1254,2.5500,2.5500,2.5500,2.5500,2.5500,2.5500,2.5500,2.5499,2.5497,2.5491,2.5477,2.5445,2.5377,2.5243,2.4996,2.4569,2.3877,2.2823,2.1302,1.9211,1.6434
1255,2.5500,2.5500,2.5500,2.5500,2.5500,2.5500,2.5500,2.5499,2.5497,2.5491,2.5477,2.5445,2.5377,2.5242,2.4995,2.4567,2.3875,2.2820,2.1299,1.9208,1.6431
1256,2.5500,2.5500,2.5500,2.5500,2.5500,2.5500,2.5500,2.5499,2.5497,2.5491,2.5477,2.5444,2.5376,2.5242,2.4994,2.4566,2.3873,2.2818,2.1296,1.9205,1.6428
1257,2.5500,2.5500,2.5500,2.5500,2.5500,2.5500,2.5500,2.5499,2.5497,2.5491,2.5476,2.5444,2.5376,2.5241,2.4993,2.4564,2.3871,2.2815,2.1294,1.9202,1.6425
1258,2.5500,2.5500,2.5500,2.5500,2.5500,2.5500,2.5500,2.5499,2.5497,2.5491,2.5476,2.5444,2.5376,2.5241,2.4992,2.4563,2.3869,2.2813,2.1291,1.9199,1.6422
1259,2.5500,2.5500,2.5500,2.5500,2.5500,2.5500,2.5500,2.5499,2.5497,2.5491,2.5476,2.5444,2.5375,2.5240,2.4991,2.4561,2.3867,2.2811,2.1288,1.9196,1.6420
1260,2.5500,2.5500,2.5500,2.5500,2.5500,2.5500,2.5500,2.5499,2.5496,2.5491,2.5476,2.5444,2.5375,2.5239,2.4990,2.4560,2.3865,2.2808,2.1285,1.9193,1.6417
1261,2.5500,2.5500,2.5500,2.5500,2.5500,2.5500,2.5500,2.5499,2.5496,2.5491,2.5476,2.5443,2.5374,2.5239,2.4989,2.4559,2.3863,2.2806,2.1282,1.9190,1.6414
1262,2.5500,2.5500,2.5500,2.5500,2.5500,2.5500,2.5500,2.5499,2.5496,2.5490,2.5476,2.5443,2.5374,2.5238,2.4988,2.4557,2.3861,2.2803,2.1280,1.9187,1.6411
1263,2.5500,2.5500,2.5500,2.5500,2.5500,2.5500,2.5500,2.5499,2.5496,2.5490,2.5476,2.5443,2.5374,2.5237,2.4987,2.4556,2.3859,2.2801,2.1277,1.9184,1.6408
1264,2.5500,2.5500,2.5500,2.5500,2.5500,2.5500,2.5500,2.5499,2.5496,2.5490,2.5476,2.5443,2.5373,2.5237,2.4986,2.4554,2.3858,2.2798,2.1274,1.9182,1.6406
1265,2.5500,2.5500,2.5500,2.5500,2.5500,2.5500,2.5500,2.5499,2.5496,2.5490,2.5476,2.5443,2.5373,2.5236,2.4985,2.4553,2.3856,2.2796,2.1271,1.9179,1.6403
1266,2.5500,2.5500,2.5500,2.5500,2.5500,2.5500,2.5500,2.5499,2.5496,2.5490,2.5476,2.5442,2.5373,2.5236,2.4984,2.4551,2.3854,2.2794,2.1268,1.9176,1.6400
1267,2.5500,2.5500,2.5500,2.5500,2.5500,2.5500,2.5500,2.5499,2.5496,2.5490,2.5475,2.5442,2.5372,2.5235,2.4983,2.4550,2.3852,2.2791,2.1266,1.9173,1.6397
1268,2.5500,2.5500,2.5500,2.5500,2.5500,2.5500,2.5500,2.5499,2.5496,2.5490,2.5475,2.5442,2.5372,2.5234,2.4982,2.4548,2.3850,2.2789,2.1263,1.9170,1.6394
1269,2.5500,2.5500,2.5500,2.5500,2.5500,2.5500,2.5500,2.5499,2.5496,2.5490,2.5475,2.5442,2.5372,2.5234,2.4981,2.4547,2.3848,2.2786,2.1260,1.9167,1.6392
1270,2.5500,2.5500,2.5500,2.5500,2.5500,2.5500,2.5500,2.5499,2.5496,2.5490,2.5475,2.5442,2.5371,2.5233,2.4980,2.4546,2.3846,2.2784,2.1257,1.9164,1.6389
1271,2.5500,2.5500,2.5500,2.5500,2.5500,2.5500,2.5500,2.5499,2.5496,2.5490,2.5475,2.5441,2.5371,2.5232,2.4979,2.4544,2.3844,2.2781,2.1255,1.9161,1.6386
1272,2.5500,2.5500,2.5500,2.5500,2.5500,2.5500,2.5500,2.5499,2.5496,2.5490,2.5475,2.5441,2.5370,2.5232,2.4978,2.4543,2.3842,2.2779,2.1252,1.9158,1.6383
1273,2.5500,2.5500,2.5500,2.5500,2.5500,2.5500,2.5500,2.5499,2.5496,2.5490,2.5475,2.5441,2.5370,2.5231,2.4977,2.4541,2.3840,2.2777,2.1249,1.9155,1.6380
1274,2.5500,2.5500,2.5500,2.5500,2.5500,2.5500,2.5500,2.5499,2.5496,2.5490,2.5475,2.5441,2.5370,2.5231,2.4976,2.4540,2.3838,2.2774,2.1246,1.9152,1.6378
1275,2.5500,2.5500,2.5500,2.5500,2.5500,2.5500,2.5500,2.5499,2.5496,2.5490,2.5475,2.5441,2.5369,2.5230,2.4975,2.4538,2.3836,2.2772,2.1244,1.9149,1.6375
1276,2.5500,2.5500,2.5500,2.5500,2.5500,2.5500,2.5500,2.5499,2.5496,2.5490,2.5475,2.5440,2.5369,2.5229,2.4974,2.4537,2.3834,2.2769,2.1241,1.9147,1.6372
1277,2.5500,2.5500,2.5500,2.5500,2.5500,2.5500,2.5500,2.5499,2.5496,2.5490,2.5474,2.5440,2.5369,2.5229,2.4973,2.4535,2.3832,2.2767,2.1238,1.9144,1.6369
1278,2.5500,2.5500,2.5500,2.5500,2.5500,2.5500,2.5500,2.5499,2.5496,2.5490,2.5474,2.5440,2.5368,2.5228,2.4972,2.4534,2.3830,2.2764,2.1235,1.9141,1.6367
1279,2.5500,2.5500,2.5500,2.5500,2.5500,2.5500,2.5500,2.5499,2.5496,2.5490,2.5474,2.5440,2.5368,2.5227,2.4971,2.4533,2.3828,2.2762,2.1232,1.9138,1.6364
1280,2.5500,2.5500,2.5500,2.5500,2.5500,2.5500,2.5500,2.5499,2.5496,2.5490,2.5474,2.5440,2.5368,2.5227,2.4970,2.4531,2.3826,2.2760,2.1230,1.9135,1.6361
1281,2.5500,2.5500,2.5500,2.5500,2.5500,2.5500,2.5500,2.5499,2.5496,2.5490,2.5474,2.5439,2.5367,2.5226,2.4969,2.4530,2.3824,2.2757,2.1227,1.9132,1.6358
1282,2.5500,2.5500,2.5500,2.5500,2.5500,2.5500,2.5500,2.5499,2.5496,2.5490,2.5474,2.5439,2.5367,2.5226,2.4968,2.4528,2.3822,2.2755,2.1224,1.9129,1.6356
1283,2.5500,2.5500,2.5500,2.5500,2.5500,2.5500,2.5500,2.5499,2.5496,2.5489,2.5474,2.5439,2.5366,2.5225,2.4967,2.4527,2.3821,2.2752,2.1221,1.9126,1.6353
1284,2.5500,2.5500,2.5500,2.5500,2.5500,2.5500,2.5500,2.5499,2.5496,2.5489,2.5474,2.5439,2.5366,2.5224,2.4966,2.4525,2.3819,2.2750,2.1219,1.9123,1.6350
1285,2.5500,2.5500,2.5500,2.5500,2.5500,2.5500,2.5500,2.5499,2.5496,2.5489,2.5474,2.5439,2.5366,2.5224,2.4965,2.4524,2.3817,2.2748,2.1216,1.9121,1.6347
1286,2.5500,2.5500,2.5500,2.5500,2.5500,2.5500,2.5500,2.5499,2.5496,2.5489,2.5474,2.5438,2.5365,2.5223,2.4964,2.4522,2.3815,2.2745,2.1213,1.9118,1.6345
1287,2.5500,2.5500,2.5500,2.5500,2.5500,2.5500,2.5500,2.5499,2.5496,2.5489,2.5473,2.5438,2.5365,2.5222,2.4963,2.4521,2.3813,2.2743,2.1210,1.9115,1.6342
1288,2.5500,2.5500,2.5500,2.5500,2.5500,2.5500,2.5500,2.5499,2.5496,2.5489,2.5473,2.5438,2.5365,2.5222,2.4962,2.4520,2.3811,2.2740,2.1208,1.9112,1.6339
1289,2.5500,2.5500,2.5500,2.5500,2.5500,2.5500,2.5500,2.5499,2.5496,2.5489,2.5473,2.5438,2.5364,2.5221,2.4961,2.4518,2.3809,2.2738,2.1205,1.9109,1.6336
1290,2.5500,2.5500,2.5500,2.5500,2.5500,2.5500,2.5500,2.5499,2.5496,2.5489,2.5473,2.5438,2.5364,2.5220,2.4960,2.4517,2.3807,2.2735,2.1202,1.9106,1.6334
1291,2.5500,2.5500,2.5500,2.5500,2.5500,2.5500,2.5499,2.5499,2.5496,2.5489,2.5473,2.5437,2.5363,2.5220,2.4959,2.4515,2.3805,2.2733,2.1199,1.9103,1.6331
1292,2.5500,2.5500,2.5500,2.5500,2.5500,2.5500,2.5499,2.5499,2.5496,2.5489,2.5473,2.5437,2.5363,2.5219,2.4958,2.4514,2.3803,2.2731,2.1197,1.9100,1.6328
1293,2.5500,2.5500,2.5500,2.5500,2.5500,2.5500,2.5499,2.5498,2.5496,2.5489,2.5473,2.5437,2.5363,2.5219,2.4957,2.4512,2.3801,2.2728,2.1194,1.9097,1.6325
1294,2.5500,2.5500,2.5500,2.5500,2.5500,2.5500,2.5499,2.5498,2.5496,2.5489,2.5473,2.5437,2.5362,2.5218,2.4956,2.4511,2.3799,2.2726,2.1191,1.9095,1.6323
1295,2.5500,2.5500,2.5500,2.5500,2.5500,2.5500,2.5499,2.5498,2.5496,2.5489,2.5473,2.5437,2.5362,2.5217,2.4955,2.4509,2.3797,2.2723,2.1188,1.9092,1.6320
1296,2.5500,2.5500,2.5500,2.5500,2.5500,2.5500,2.5499,2.5498,2.5496,2.5489,2.5473,2.5436,2.5361,2.5217,2.4954,2.4508,2.3795,2.2721,2.1186,1.9089,1.6317
1297,2.5500,2.5500,2.5500,2.5500,2.5500,2.5500,2.5499,2.5498,2.5496,2.5489,2.5472,2.5436,2.5361,2.5216,2.4953,2.4506,2.3793,2.2719,2.1183,1.9086,1.6314
1298,2.5500,2.5500,2.5500,2.5500,2.5500,2.5500,2.5499,2.5498,2.5496,2.5489,2.5472,2.5436,2.5361,2.5215,2.4952,2.4505,2.3791,2.2716,2.1180,1.9083,1.6312
1299,2.5500,2.5500,2.5500,2.5500,2.5500,2.5500,2.5499,2.5498,2.5496,2.5489,2.5472,2.5436,2.5360,2.5215,2.4951,2.4504,2.3789,2.2714,2.1177,1.9080,1.6309
1300,2.5500,2.5500,2.5500,2.5500,2.5500,2.5500,2.5499,2.5498,2.5496,2.5489,2.5472,2.5435,2.5360,2.5214,2.4950,2.4502,2.3787,2.2711,2.1175,1.9077,1.6306
1301,2.5500,2.5500,2.5500,2.5500,2.5500,2.5500,2.5499,2.5498,2.5496,2.5489,2.5472,2.5435,2.5360,2.5213,2.4949,2.4501,2.3786,2.2709,2.1172,1.9075,1.6303
1302,2.5500,2.5500,2.5500,2.5500,2.5500,2.5500,2.5499,2.5498,2.5496,2.5489,2.5472,2.5435,2.5359,2.5213,2.4948,2.4499,2.3784,2.2707,2.1169,1.9072,1.6301
1303,2.5500,2.5500,2.5500,2.5500,2.5500,2.5500,2.5499,2.5498,2.5496,2.5488,2.5472,2.5435,2.5359,2.5212,2.4947,2.4498,2.3782,2.2704,2.1167,1.9069,1.6298
1304,2.5500,2.5500,2.5500,2.5500,2.5500,2.5500,2.5499,2.5498,2.5496,2.5488,2.5472,2.5435,2.5358,2.5211,2.4946,2.4496,2.3780,2.2702,2.1164,1.9066,1.6295
1305,2.5500,2.5500,2.5500,2.5500,2.5500,2.5500,2.5499,2.5498,2.5496,2.5488,2.5472,2.5434,2.5358,2.5211,2.4945,2.4495,2.3778,2.2699,2.1161,1.9063,1.6292
1306,2.5500,2.5500,2.5500,2.5500,2.5500,2.5500,2.5499,2.5498,2.5496,2.5488,2.5471,2.5434,2.5358,2.5210,2.4944,2.4493,2.3776,2.2697,2.1158,1.9060,1.6290
1307,2.5500,2.5500,2.5500,2.5500,2.5500,2.5500,2.5499,2.5498,2.5495,2.5488,2.5471,2.5434,2.5357,2.5209,2.4943,2.4492,2.3774,2.2695,2.1156,1.9057,1.6287
1308,2.5500,2.5500,2.5500,2.5500,2.5500,2.5500,2.5499,2.5498,2.5495,2.5488,2.5471,2.5434,2.5357,2.5209,2.4942,2.4490,2.3772,2.2692,2.1153,1.9055,1.6284
1309,2.5500,2.5500,2.5500,2.5500,2.5500,2.5500,2.5499,2.5498,2.5495,2.5488,2.5471,2.5434,2.5356,2.5208,2.4941,2.4489,2.3770,2.2690,2.1150,1.9052,1.6282
1310,2.5500,2.5500,2.5500,2.5500,2.5500,2.5500,2.5499,2.5498,2.5495,2.5488,2.5471,2.5433,2.5356,2.5208,2.4940,2.4488,2.3768,2.2687,2.1147,1.9049,1.6279
1311,2.5500,2.5500,2.5500,2.5500,2.5500,2.5500,2.5499,2.5498,2.5495,2.5488,2.5471,2.5433,2.5356,2.5207,2.4939,2.4486,2.3766,2.2685,2.1145,1.9046,1.6276
1312,2.5500,2.5500,2.5500,2.5500,2.5500,2.5500,2.5499,2.5498,2.5495,2.5488,2.5471,2.5433,2.5355,2.5206,2.4938,2.4485,2.3764,2.2683,2.1142,1.9043,1.6273
1313,2.5500,2.5500,2.5500,2.5500,2.5500,2.5500,2.5499,2.5498,2.5495,2.5488,2.5471,2.5433,2.5355,2.5206,2.4937,2.4483,2.3762,2.2680,2.1139,1.9040,1.6271
1314,2.5500,2.5500,2.5500,2.5500,2.5500,2.5500,2.5499,2.5498,2.5495,2.5488,2.5471,2.5433,2.5355,2.5205,2.4936,2.4482,2.3760,2.2678,2.1137,1.9037,1.6268
1315,2.5500,2.5500,2.5500,2.5500,2.5500,2.5500,2.5499,2.5498,2.5495,2.5488,2.5470,2.5432,2.5354,2.5204,2.4935,2.4480,2.3758,2.2675,2.1134,1.9035,1.6265
1316,2.5500,2.5500,2.5500,2.5500,2.5500,2.5500,2.5499,2.5498,2.5495,2.5488,2.5470,2.5432,2.5354,2.5204,2.4934,2.4479,2.3756,2.2673,2.1131,1.9032,1.6263
1317,2.5500,2.5500,2.5500,2.5500,2.5500,2.5500,2.5499,2.5498,2.5495,2.5488,2.5470,2.5432,2.5353,2.5203,2.4933,2.4477,2.3754,2.2671,2.1128,1.9029,1.6260
1318,2.5500,2.5500,2.5500,2.5500,2.5500,2.5500,2.5499,2.5498,2.5495,2.5488,2.5470,2.5432,2.5353,2.5202,2.4932,2.4476,2.3752,2.2668,2.1126,1.9026,1.6257
1319,2.5500,2.5500,2.5500,2.5500,2.5500,2.5500,2.5499,2.5498,2.5495,2.5488,2.5470,2.5431,2.5353,2.5202,2.4931,2.4474,2.3751,2.2666,2.1123,1.9023,1.6254
1320,2.5500,2.5500,2.5500,2.5500,2.5500,2.5500,2.5499,2.5498,2.5495,2.5488,2.5470,2.5431,2.5352,2.5201,2.4930,2.4473,2.3749,2.2664,2.1120,1.9020,1.6252
1321,2.5500,2.5500,2.5500,2.5500,2.5500,2.5500,2.5499,2.5498,2.5495,2.5488,2.5470,2.5431,2.5352,2.5200,2.4929,2.4471,2.3747,2.2661,2.1117,1.9018,1.6249
1322,2.5500,2.5500,2.5500,2.5500,2.5500,2.5500,2.5499,2.5498,2.5495,2.5487,2.5470,2.5431,2.5351,2.5200,2.4928,2.4470,2.3745,2.2659,2.1115,1.9015,1.6246
1323,2.5500,2.5500,2.5500,2.5500,2.5500,2.5500,2.5499,2.5498,2.5495,2.5487,2.5470,2.5431,2.5351,2.5199,2.4927,2.4469,2.3743,2.2656,2.1112,1.9012,1.6244
1324,2.5500,2.5500,2.5500,2.5500,2.5500,2.5500,2.5499,2.5498,2.5495,2.5487,2.5469,2.5430,2.5351,2.5198,2.4926,2.4467,2.3741,2.2654,2.1109,1.9009,1.6241
1325,2.5500,2.5500,2.5500,2.5500,2.5500,2.5500,2.5499,2.5498,2.5495,2.5487,2.5469,2.5430,2.5350,2.5198,2.4925,2.4466,2.3739,2.2652,2.1107,1.9006,1.6238
1326,2.5500,2.5500,2.5500,2.5500,2.5500,2.5500,2.5499,2.5498,2.5495,2.5487,2.5469,2.5430,2.5350,2.5197,2.4924,2.4464,2.3737,2.2649,2.1104,1.9003,1.6236
1327,2.5500,2.5500,2.5500,2.5500,2.5500,2.5500,2.5499,2.5498,2.5495,2.5487,2.5469,2.5430,2.5349,2.5196,2.4923,2.4463,2.3735,2.2647,2.1101,1.9001,1.6233
1328,2.5500,2.5500,2.5500,2.5500,2.5500,2.5500,2.5499,2.5498,2.5495,2.5487,2.5469,2.5429,2.5349,2.5196,2.4922,2.4461,2.3733,2.2644,2.1099,1.8998,1.6230
1329,2.5500,2.5500,2.5500,2.5500,2.5500,2.5500,2.5499,2.5498,2.5495,2.5487,2.5469,2.5429,2.5349,2.5195,2.4921,2.4460,2.3731,2.2642,2.1096,1.8995,1.6227
1330,2.5500,2.5500,2.5500,2.5500,2.5500,2.5500,2.5499,2.5498,2.5495,2.5487,2.5469,2.5429,2.5348,2.5194,2.4920,2.4458,2.3729,2.2640,2.1093,1.8992,1.6225
1331,2.5500,2.5500,2.5500,2.5500,2.5500,2.5500,2.5499,2.5498,2.5495,2.5487,2.5469,2.5429,2.5348,2.5194,2.4919,2.4457,2.3727,2.2637,2.1090,1.8989,1.6222
1332,2.5500,2.5500,2.5500,2.5500,2.5500,2.5500,2.5499,2.5498,2.5495,2.5487,2.5468,2.5429,2.5347,2.5193,2.4918,2.4455,2.3725,2.2635,2.1088,1.8987,1.6219
1333,2.5500,2.5500,2.5500,2.5500,2.5500,2.5500,2.5499,2.5498,2.5495,2.5487,2.5468,2.5428,2.5347,2.5192,2.4916,2.4454,2.3723,2.2633,2.1085,1.8984,1.6217
1334,2.5500,2.5500,2.5500,2.5500,2.5500,2.5500,2.5499,2.5498,2.5495,2.5487,2.5468,2.5428,2.5347,2.5192,2.4915,2.4452,2.3721,2.2630,2.1082,1.8981,1.6214
1335,2.5500,2.5500,2.5500,2.5500,2.5500,2.5500,2.5499,2.5498,2.5495,2.5487,2.5468,2.5428,2.5346,2.5191,2.4914,2.4451,2.3719,2.2628,2.1080,1.8978,1.6211
1336,2.5500,2.5500,2.5500,2.5500,2.5500,2.5500,2.5499,2.5498,2.5495,2.5487,2.5468,2.5428,2.5346,2.5190,2.4913,2.4450,2.3718,2.2625,2.1077,1.8975,1.6209
1337,2.5500,2.5500,2.5500,2.5500,2.5500,2.5500,2.5499,2.5498,2.5495,2.5487,2.5468,2.5427,2.5345,2.5190,2.4912,2.4448,2.3716,2.2623,2.1074,1.8972,1.6206
1338,2.5500,2.5500,2.5500,2.5500,2.5500,2.5500,2.5499,2.5498,2.5495,2.5487,2.5468,2.5427,2.5345,2.5189,2.4911,2.4447,2.3714,2.2621,2.1072,1.8970,1.6203
1339,2.5500,2.5500,2.5500,2.5500,2.5500,2.5500,2.5499,2.5498,2.5495,2.5487,2.5468,2.5427,2.5345,2.5188,2.4910,2.4445,2.3712,2.2618,2.1069,1.8967,1.6201
1340,2.5500,2.5500,2.5500,2.5500,2.5500,2.5500,2.5499,2.5498,2.5495,2.5486,2.5468,2.5427,2.5344,2.5188,2.4909,2.4444,2.3710,2.2616,2.1066,1.8964,1.6198
1341,2.5500,2.5500,2.5500,2.5500,2.5500,2.5500,2.5499,2.5498,2.5495,2.5486,2.5467,2.5427,2.5344,2.5187,2.4908,2.4442,2.3708,2.2614,2.1063,1.8961,1.6195
1342,2.5500,2.5500,2.5500,2.5500,2.5500,2.5500,2.5499,2.5498,2.5495,2.5486,2.5467,2.5426,2.5343,2.5186,2.4907,2.4441,2.3706,2.2611,2.1061,1.8958,1.6193
1343,2.5500,2.5500,2.5500,2.5500,2.5500,2.5500,2.5499,2.5498,2.5495,2.5486,2.5467,2.5426,2.5343,2.5186,2.4906,2.4439,2.3704,2.2609,2.1058,1.8956,1.6190
1344,2.5500,2.5500,2.5500,2.5500,2.5500,2.5500,2.5499,2.5498,2.5495,2.5486,2.5467,2.5426,2.5343,2.5185,2.4905,2.4438,2.3702,2.2606,2.1055,1.8953,1.6187
1345,2.5500,2.5500,2.5500,2.5500,2.5500,2.5500,2.5499,2.5498,2.5495,2.5486,2.5467,2.5426,2.5342,2.5184,2.4904,2.4436,2.3700,2.2604,2.1053,1.8950,1.6185
1346,2.5500,2.5500,2.5500,2.5500,2.5500,2.5500,2.5499,2.5498,2.5495,2.5486,2.5467,2.5425,2.5342,2.5184,2.4903,2.4435,2.3698,2.2602,2.1050,1.8947,1.6182
1347,2.5500,2.5500,2.5500,2.5500,2.5500,2.5500,2.5499,2.5498,2.5494,2.5486,2.5467,2.5425,2.5341,2.5183,2.4902,2.4433,2.3696,2.2599,2.1047,1.8944,1.6179
1348,2.5500,2.5500,2.5500,2.5500,2.5500,2.5500,2.5499,2.5498,2.5494,2.5486,2.5467,2.5425,2.5341,2.5182,2.4901,2.4432,2.3694,2.2597,2.1045,1.8942,1.6177
1349,2.5500,2.5500,2.5500,2.5500,2.5500,2.5500,2.5499,2.5498,2.5494,2.5486,2.5466,2.5425,2.5341,2.5182,2.4900,2.4430,2.3692,2.2595,2.1042,1.8939,1.6174
1350,2.5500,2.5500,2.5500,2.5500,2.5500,2.5500,2.5499,2.5498,2.5494,2.5486,2.5466,2.5424,2.5340,2.5181,2.4899,2.4429,2.3690,2.2592,2.1039,1.8936,1.6171
1351,2.5500,2.5500,2.5500,2.5500,2.5500,2.5500,2.5499,2.5498,2.5494,2.5486,2.5466,2.5424,2.5340,2.5180,2.4898,2.4428,2.3688,2.2590,2.1037,1.8933,1.6169
1352,2.5500,2.5500,2.5500,2.5500,2.5500,2.5500,2.5499,2.5498,2.5494,2.5486,2.5466,2.5424,2.5339,2.5180,2.4897,2.4426,2.3687,2.2587,2.1034,1.8930,1.6166
1353,2.5500,2.5500,2.5500,2.5500,2.5500,2.5500,2.5499,2.5498,2.5494,2.5486,2.5466,2.5424,2.5339,2.5179,2.4896,2.4425,2.3685,2.2585,2.1031,1.8928,1.6163
1354,2.5500,2.5500,2.5500,2.5500,2.5500,2.5500,2.5499,2.5498,2.5494,2.5486,2.5466,2.5424,2.5339,2.5178,2.4895,2.4423,2.3683,2.2583,2.1029,1.8925,1.6161
1355,2.5500,2.5500,2.5500,2.5500,2.5500,2.5500,2.5499,2.5498,2.5494,2.5486,2.5466,2.5423,2.5338,2.5178,2.4894,2.4422,2.3681,2.2580,2.1026,1.8922,1.6158
1356,2.5500,2.5500,2.5500,2.5500,2.5500,2.5500,2.5499,2.5498,2.5494,2.5486,2.5466,2.5423,2.5338,2.5177,2.4893,2.4420,2.3679,2.2578,2.1023,1.8919,1.6156
1357,2.5500,2.5500,2.5500,2.5500,2.5500,2.5500,2.5499,2.5498,2.5494,2.5485,2.5466,2.5423,2.5337,2.5176,2.4892,2.4419,2.3677,2.2576,2.1021,1.8917,1.6153
1358,2.5500,2.5500,2.5500,2.5500,2.5500,2.5500,2.5499,2.5498,2.5494,2.5485,2.5465,2.5423,2.5337,2.5176,2.4891,2.4417,2.3675,2.2573,2.1018,1.8914,1.6150
1359,2.5500,2.5500,2.5500,2.5500,2.5500,2.5500,2.5499,2.5498,2.5494,2.5485,2.5465,2.5422,2.5336,2.5175,2.4890,2.4416,2.3673,2.2571,2.1015,1.8911,1.6148
1360,2.5500,2.5500,2.5500,2.5500,2.5500,2.5500,2.5499,2.5498,2.5494,2.5485,2.5465,2.5422,2.5336,2.5174,2.4889,2.4414,2.3671,2.2569,2.1013,1.8908,1.6145
1361,2.5500,2.5500,2.5500,2.5500,2.5500,2.5500,2.5499,2.5498,2.5494,2.5485,2.5465,2.5422,2.5336,2.5174,2.4888,2.4413,2.3669,2.2566,2.1010,1.8905,1.6142
1362,2.5500,2.5500,2.5500,2.5500,2.5500,2.5500,2.5499,2.5498,2.5494,2.5485,2.5465,2.5422,2.5335,2.5173,2.4887,2.4411,2.3667,2.2564,2.1007,1.8903,1.6140
1363,2.5500,2.5500,2.5500,2.5500,2.5500,2.5500,2.5499,2.5498,2.5494,2.5485,2.5465,2.5421,2.5335,2.5172,2.4886,2.4410,2.3665,2.2561,2.1005,1.8900,1.6137
1364,2.5500,2.5500,2.5500,2.5500,2.5500,2.5500,2.5499,2.5498,2.5494,2.5485,2.5465,2.5421,2.5334,2.5172,2.4885,2.4408,2.3663,2.2559,2.1002,1.8897,1.6134
1365,2.5500,2.5500,2.5500,2.5500,2.5500,2.5500,2.5499,2.5498,2.5494,2.5485,2.5465,2.5421,2.5334,2.5171,2.4883,2.4407,2.3661,2.2557,2.0999,1.8894,1.6132
1366,2.5500,2.5500,2.5500,2.5500,2.5500,2.5500,2.5499,2.5498,2.5494,2.5485,2.5464,2.5421,2.5334,2.5170,2.4882,2.4405,2.3659,2.2554,2.0997,1.8892,1.6129
1367,2.5500,2.5500,2.5500,2.5500,2.5500,2.5500,2.5499,2.5498,2.5494,2.5485,2.5464,2.5420,2.5333,2.5169,2.4881,2.4404,2.3658,2.2552,2.0994,1.8889,1.6126
1368,2.5500,2.5500,2.5500,2.5500,2.5500,2.5500,2.5499,2.5498,2.5494,2.5485,2.5464,2.5420,2.5333,2.5169,2.4880,2.4403,2.3656,2.2550,2.0991,1.8886,1.6124
1369,2.5500,2.5500,2.5500,2.5500,2.5500,2.5500,2.5499,2.5498,2.5494,2.5485,2.5464,2.5420,2.5332,2.5168,2.4879,2.4401,2.3654,2.2547,2.0989,1.8883,1.6121
1370,2.5500,2.5500,2.5500,2.5500,2.5500,2.5500,2.5499,2.5498,2.5494,2.5485,2.5464,2.5420,2.5332,2.5167,2.4878,2.4400,2.3652,2.2545,2.0986,1.8881,1.6119
1371,2.5500,2.5500,2.5500,2.5500,2.5500,2.5500,2.5499,2.5498,2.5494,2.5485,2.5464,2.5420,2.5331,2.5167,2.4877,2.4398,2.3650,2.2543,2.0983,1.8878,1.6116
1372,2.5500,2.5500,2.5500,2.5500,2.5500,2.5500,2.5499,2.5498,2.5494,2.5485,2.5464,2.5419,2.5331,2.5166,2.4876,2.4397,2.3648,2.2540,2.0981,1.8875,1.6113
1373,2.5500,2.5500,2.5500,2.5500,2.5500,2.5500,2.5499,2.5498,2.5494,2.5484,2.5463,2.5419,2.5331,2.5165,2.4875,2.4395,2.3646,2.2538,2.0978,1.8872,1.6111
1374,2.5500,2.5500,2.5500,2.5500,2.5500,2.5500,2.5499,2.5498,2.5494,2.5484,2.5463,2.5419,2.5330,2.5165,2.4874,2.4394,2.3644,2.2536,2.0975,1.8870,1.6108
1375,2.5500,2.5500,2.5500,2.5500,2.5500,2.5500,2.5499,2.5498,2.5494,2.5484,2.5463,2.5419,2.5330,2.5164,2.4873,2.4392,2.3642,2.2533,2.0973,1.8867,1.6106
1376,2.5500,2.5500,2.5500,2.5500,2.5500,2.5500,2.5499,2.5498,2.5494,2.5484,2.5463,2.5418,2.5329,2.5163,2.4872,2.4391,2.3640,2.2531,2.0970,1.8864,1.6103
1377,2.5500,2.5500,2.5500,2.5500,2.5500,2.5500,2.5499,2.5498,2.5494,2.5484,2.5463,2.5418,2.5329,2.5163,2.4871,2.4389,2.3638,2.2528,2.0967,1.8861,1.6100
1378,2.5500,2.5500,2.5500,2.5500,2.5500,2.5500,2.5499,2.5498,2.5494,2.5484,2.5463,2.5418,2.5328,2.5162,2.4870,2.4388,2.3636,2.2526,2.0965,1.8859,1.6098
1379,2.5500,2.5500,2.5500,2.5500,2.5500,2.5500,2.5499,2.5498,2.5494,2.5484,2.5463,2.5418,2.5328,2.5161,2.4869,2.4386,2.3634,2.2524,2.0962,1.8856,1.6095
1380,2.5500,2.5500,2.5500,2.5500,2.5500,2.5500,2.5499,2.5498,2.5494,2.5484,2.5463,2.5417,2.5328,2.5161,2.4868,2.4385,2.3632,2.2521,2.0960,1.8853,1.6092
1381,2.5500,2.5500,2.5500,2.5500,2.5500,2.5500,2.5499,2.5498,2.5494,2.5484,2.5462,2.5417,2.5327,2.5160,2.4867,2.4383,2.3630,2.2519,2.0957,1.8850,1.6090
1382,2.5500,2.5500,2.5500,2.5500,2.5500,2.5500,2.5499,2.5498,2.5493,2.5484,2.5462,2.5417,2.5327,2.5159,2.4866,2.4382,2.3629,2.2517,2.0954,1.8848,1.6087
1383,2.5500,2.5500,2.5500,2.5500,2.5500,2.5500,2.5499,2.5498,2.5493,2.5484,2.5462,2.5417,2.5326,2.5158,2.4865,2.4380,2.3627,2.2514,2.0952,1.8845,1.6085
1384,2.5500,2.5500,2.5500,2.5500,2.5500,2.5500,2.5499,2.5497,2.5493,2.5484,2.5462,2.5416,2.5326,2.5158,2.4864,2.4379,2.3625,2.2512,2.0949,1.8842,1.6082
1385,2.5500,2.5500,2.5500,2.5500,2.5500,2.5500,2.5499,2.5497,2.5493,2.5484,2.5462,2.5416,2.5326,2.5157,2.4863,2.4377,2.3623,2.2510,2.0946,1.8839,1.6079
1386,2.5500,2.5500,2.5500,2.5500,2.5500,2.5500,2.5499,2.5497,2.5493,2.5484,2.5462,2.5416,2.5325,2.5156,2.4862,2.4376,2.3621,2.2507,2.0944,1.8837,1.6077
1387,2.5500,2.5500,2.5500,2.5500,2.5500,2.5500,2.5499,2.5497,2.5493,2.5484,2.5462,2.5416,2.5325,2.5156,2.4860,2.4375,2.3619,2.2505,2.0941,1.8834,1.6074
1388,2.5500,2.5500,2.5500,2.5500,2.5500,2.5500,2.5499,2.5497,2.5493,2.5484,2.5462,2.5415,2.5324,2.5155,2.4859,2.4373,2.3617,2.2503,2.0938,1.8831,1.6072
1389,2.5500,2.5500,2.5500,2.5500,2.5500,2.5500,2.5499,2.5497,2.5493,2.5483,2.5461,2.5415,2.5324,2.5154,2.4858,2.4372,2.3615,2.2500,2.0936,1.8828,1.6069
1390,2.5500,2.5500,2.5500,2.5500,2.5500,2.5500,2.5499,2.5497,2.5493,2.5483,2.5461,2.5415,2.5323,2.5154,2.4857,2.4370,2.3613,2.2498,2.0933,1.8826,1.6066
1391,2.5500,2.5500,2.5500,2.5500,2.5500,2.5500,2.5499,2.5497,2.5493,2.5483,2.5461,2.5415,2.5323,2.5153,2.4856,2.4369,2.3611,2.2496,2.0930,1.8823,1.6064
1392,2.5500,2.5500,2.5500,2.5500,2.5500,2.5500,2.5499,2.5497,2.5493,2.5483,2.5461,2.5414,2.5323,2.5152,2.4855,2.4367,2.3609,2.2493,2.0928,1.8820,1.6061
1393,2.5500,2.5500,2.5500,2.5500,2.5500,2.5500,2.5499,2.5497,2.5493,2.5483,2.5461,2.5414,2.5322,2.5152,2.4854,2.4366,2.3607,2.2491,2.0925,1.8817,1.6059
1394,2.5500,2.5500,2.5500,2.5500,2.5500,2.5500,2.5499,2.5497,2.5493,2.5483,2.5461,2.5414,2.5322,2.5151,2.4853,2.4364,2.3605,2.2489,2.0923,1.8815,1.6056
1395,2.5500,2.5500,2.5500,2.5500,2.5500,2.5500,2.5499,2.5497,2.5493,2.5483,2.5461,2.5414,2.5321,2.5150,2.4852,2.4363,2.3603,2.2486,2.0920,1.8812,1.6053
1396,2.5500,2.5500,2.5500,2.5500,2.5500,2.5500,2.5499,2.5497,2.5493,2.5483,2.5460,2.5413,2.5321,2.5149,2.4851,2.4361,2.3602,2.2484,2.0917,1.8809,1.6051
1397,2.5500,2.5500,2.5500,2.5500,2.5500,2.5500,2.5499,2.5497,2.5493,2.5483,2.5460,2.5413,2.5320,2.5149,2.4850,2.4360,2.3600,2.2482,2.0915,1.8807,1.6048
1398,2.5500,2.5500,2.5500,2.5500,2.5500,2.5500,2.5499,2.5497,2.5493,2.5483,2.5460,2.5413,2.5320,2.5148,2.4849,2.4358,2.3598,2.2479,2.0912,1.8804,1.6046
1399,2.5500,2.5500,2.5500,2.5500,2.5500,2.5500,2.5499,2.5497,2.5493,2.5483,2.5460,2.5413,2.5319,2.5147,2.4848,2.4357,2.3596,2.2477,2.0909,1.8801,1.6043
1400,2.5500,2.5500,2.5500,2.5500,2.5500,2.5500,2.5499,2.5497,2.5493,2.5483,2.5460,2.5412,2.5319,2.5147,2.4847,2.4355,2.3594,2.2475,2.0907,1.8798,1.6040
1401,2.5500,2.5500,2.5500,2.5500,2.5500,2.5500,2.5499,2.5497,2.5493,2.5483,2.5460,2.5412,2.5319,2.5146,2.4846,2.4354,2.3592,2.2472,2.0904,1.8796,1.6038
1402,2.5500,2.5500,2.5500,2.5500,2.5500,2.5500,2.5499,2.5497,2.5493,2.5483,2.5460,2.5412,2.5318,2.5145,2.4845,2.4352,2.3590,2.2470,2.0902,1.8793,1.6035
1403,2.5500,2.5500,2.5500,2.5500,2.5500,2.5500,2.5499,2.5497,2.5493,2.5483,2.5460,2.5412,2.5318,2.5145,2.4844,2.4351,2.3588,2.2468,2.0899,1.8790,1.6033
1404,2.5500,2.5500,2.5500,2.5500,2.5500,2.5500,2.5499,2.5497,2.5493,2.5482,2.5459,2.5411,2.5317,2.5144,2.4843,2.4349,2.3586,2.2465,2.0896,1.8788,1.6030
1405,2.5500,2.5500,2.5500,2.5500,2.5500,2.5500,2.5499,2.5497,2.5493,2.5482,2.5459,2.5411,2.5317,2.5143,2.4842,2.4348,2.3584,2.2463,2.0894,1.8785,1.6028
1406,2.5500,2.5500,2.5500,2.5500,2.5500,2.5500,2.5499,2.5497,2.5493,2.5482,2.5459,2.5411,2.5316,2.5142,2.4840,2.4346,2.3582,2.2461,2.0891,1.8782,1.6025
1407,2.5500,2.5500,2.5500,2.5500,2.5500,2.5500,2.5499,2.5497,2.5493,2.5482,2.5459,2.5411,2.5316,2.5142,2.4839,2.4345,2.3580,2.2458,2.0889,1.8779,1.6022
1408,2.5500,2.5500,2.5500,2.5500,2.5500,2.5500,2.5499,2.5497,2.5493,2.5482,2.5459,2.5410,2.5316,2.5141,2.4838,2.4343,2.3578,2.2456,2.0886,1.8777,1.6020
1409,2.5500,2.5500,2.5500,2.5500,2.5500,2.5500,2.5499,2.5497,2.5493,2.5482,2.5459,2.5410,2.5315,2.5140,2.4837,2.4342,2.3576,2.2454,2.0883,1.8774,1.6017
1410,2.5500,2.5500,2.5500,2.5500,2.5500,2.5500,2.5499,2.5497,2.5493,2.5482,2.5459,2.5410,2.5315,2.5140,2.4836,2.4341,2.3575,2.2451,2.0881,1.8771,1.6015
1411,2.5500,2.5500,2.5500,2.5500,2.5500,2.5500,2.5499,2.5497,2.5493,2.5482,2.5458,2.5410,2.5314,2.5139,2.4835,2.4339,2.3573,2.2449,2.0878,1.8769,1.6012
1412,2.5500,2.5500,2.5500,2.5500,2.5500,2.5500,2.5499,2.5497,2.5493,2.5482,2.5458,2.5409,2.5314,2.5138,2.4834,2.4338,2.3571,2.2447,2.0875,1.8766,1.6010
1413,2.5500,2.5500,2.5500,2.5500,2.5500,2.5500,2.5499,2.5497,2.5493,2.5482,2.5458,2.5409,2.5313,2.5137,2.4833,2.4336,2.3569,2.2444,2.0873,1.8763,1.6007
1414,2.5500,2.5500,2.5500,2.5500,2.5500,2.5500,2.5499,2.5497,2.5492,2.5482,2.5458,2.5409,2.5313,2.5137,2.4832,2.4335,2.3567,2.2442,2.0870,1.8760,1.6004
1415,2.5500,2.5500,2.5500,2.5500,2.5500,2.5500,2.5499,2.5497,2.5492,2.5482,2.5458,2.5409,2.5312,2.5136,2.4831,2.4333,2.3565,2.2440,2.0868,1.8758,1.6002
1416,2.5500,2.5500,2.5500,2.5500,2.5500,2.5500,2.5499,2.5497,2.5492,2.5482,2.5458,2.5408,2.5312,2.5135,2.4830,2.4332,2.3563,2.2437,2.0865,1.8755,1.5999
1417,2.5500,2.5500,2.5500,2.5500,2.5500,2.5500,2.5499,2.5497,2.5492,2.5482,2.5458,2.5408,2.5312,2.5135,2.4829,2.4330,2.3561,2.2435,2.0862,1.8752,1.5997
1418,2.5500,2.5500,2.5500,2.5500,2.5500,2.5500,2.5499,2.5497,2.5492,2.5481,2.5457,2.5408,2.5311,2.5134,2.4828,2.4329,2.3559,2.2433,2.0860,1.8750,1.5994
1419,2.5500,2.5500,2.5500,2.5500,2.5500,2.5500,2.5499,2.5497,2.5492,2.5481,2.5457,2.5408,2.5311,2.5133,2.4827,2.4327,2.3557,2.2430,2.0857,1.8747,1.5992
1420,2.5500,2.5500,2.5500,2.5500,2.5500,2.5500,2.5499,2.5497,2.5492,2.5481,2.5457,2.5407,2.5310,2.5132,2.4826,2.4326,2.3555,2.2428,2.0855,1.8744,1.5989
1421,2.5500,2.5500,2.5500,2.5500,2.5500,2.5500,2.5499,2.5497,2.5492,2.5481,2.5457,2.5407,2.5310,2.5132,2.4825,2.4324,2.3553,2.2426,2.0852,1.8742,1.5987
1422,2.5500,2.5500,2.5500,2.5500,2.5500,2.5500,2.5499,2.5497,2.5492,2.5481,2.5457,2.5407,2.5309,2.5131,2.4823,2.4323,2.3551,2.2423,2.0849,1.8739,1.5984
1423,2.5500,2.5500,2.5500,2.5500,2.5500,2.5500,2.5499,2.5497,2.5492,2.5481,2.5457,2.5407,2.5309,2.5130,2.4822,2.4321,2.3550,2.2421,2.0847,1.8736,1.5981
1424,2.5500,2.5500,2.5500,2.5500,2.5500,2.5500,2.5499,2.5497,2.5492,2.5481,2.5457,2.5406,2.5308,2.5130,2.4821,2.4320,2.3548,2.2419,2.0844,1.8734,1.5979
1425,2.5500,2.5500,2.5500,2.5500,2.5500,2.5500,2.5499,2.5497,2.5492,2.5481,2.5456,2.5406,2.5308,2.5129,2.4820,2.4318,2.3546,2.2416,2.0842,1.8731,1.5976
1426,2.5500,2.5500,2.5500,2.5500,2.5500,2.5500,2.5499,2.5497,2.5492,2.5481,2.5456,2.5406,2.5308,2.5128,2.4819,2.4317,2.3544,2.2414,2.0839,1.8728,1.5974
1427,2.5500,2.5500,2.5500,2.5500,2.5500,2.5500,2.5499,2.5497,2.5492,2.5481,2.5456,2.5406,2.5307,2.5127,2.4818,2.4315,2.3542,2.2412,2.0836,1.8726,1.5971
1428,2.5500,2.5500,2.5500,2.5500,2.5500,2.5500,2.5499,2.5497,2.5492,2.5481,2.5456,2.5405,2.5307,2.5127,2.4817,2.4314,2.3540,2.2410,2.0834,1.8723,1.5969
1429,2.5500,2.5500,2.5500,2.5500,2.5500,2.5500,2.5499,2.5497,2.5492,2.5481,2.5456,2.5405,2.5306,2.5126,2.4816,2.4312,2.3538,2.2407,2.0831,1.8720,1.5966
1430,2.5500,2.5500,2.5500,2.5500,2.5500,2.5500,2.5499,2.5497,2.5492,2.5481,2.5456,2.5405,2.5306,2.5125,2.4815,2.4311,2.3536,2.2405,2.0829,1.8717,1.5964
1431,2.5500,2.5500,2.5500,2.5500,2.5500,2.5500,2.5499,2.5497,2.5492,2.5481,2.5456,2.5404,2.5305,2.5125,2.4814,2.4309,2.3534,2.2403,2.0826,1.8715,1.5961
1432,2.5500,2.5500,2.5500,2.5500,2.5500,2.5500,2.5499,2.5497,2.5492,2.5480,2.5455,2.5404,2.5305,2.5124,2.4813,2.4308,2.3532,2.2400,2.0824,1.8712,1.5958
1433,2.5500,2.5500,2.5500,2.5500,2.5500,2.5500,2.5499,2.5497,2.5492,2.5480,2.5455,2.5404,2.5304,2.5123,2.4812,2.4306,2.3530,2.2398,2.0821,1.8709,1.5956
1434,2.5500,2.5500,2.5500,2.5500,2.5500,2.5500,2.5499,2.5497,2.5492,2.5480,2.5455,2.5404,2.5304,2.5122,2.4811,2.4305,2.3528,2.2396,2.0818,1.8707,1.5953
1435,2.5500,2.5500,2.5500,2.5500,2.5500,2.5500,2.5499,2.5497,2.5492,2.5480,2.5455,2.5403,2.5304,2.5122,2.4810,2.4303,2.3526,2.2393,2.0816,1.8704,1.5951
1436,2.5500,2.5500,2.5500,2.5500,2.5500,2.5500,2.5499,2.5497,2.5492,2.5480,2.5455,2.5403,2.5303,2.5121,2.4808,2.4302,2.3525,2.2391,2.0813,1.8701,1.5948
1437,2.5500,2.5500,2.5500,2.5500,2.5500,2.5500,2.5499,2.5497,2.5492,2.5480,2.5455,2.5403,2.5303,2.5120,2.4807,2.4300,2.3523,2.2389,2.0811,1.8699,1.5946
1438,2.5500,2.5500,2.5500,2.5500,2.5500,2.5500,2.5499,2.5497,2.5492,2.5480,2.5455,2.5403,2.5302,2.5120,2.4806,2.4299,2.3521,2.2386,2.0808,1.8696,1.5943
1439,2.5500,2.5500,2.5500,2.5500,2.5500,2.5500,2.5499,2.5497,2.5492,2.5480,2.5454,2.5402,2.5302,2.5119,2.4805,2.4297,2.3519,2.2384,2.0805,1.8693,1.5941
1440,2.5500,2.5500,2.5500,2.5500,2.5500,2.5500,2.5499,2.5497,2.5492,2.5480,2.5454,2.5402,2.5301,2.5118,2.4804,2.4296,2.3517,2.2382,2.0803,1.8691,1.5938
1441,2.5500,2.5500,2.5500,2.5500,2.5500,2.5500,2.5499,2.5497,2.5492,2.5480,2.5454,2.5402,2.5301,2.5117,2.4803,2.4295,2.3515,2.2379,2.0800,1.8688,1.5936
1442,2.5500,2.5500,2.5500,2.5500,2.5500,2.5500,2.5499,2.5497,2.5492,2.5480,2.5454,2.5402,2.5300,2.5117,2.4802,2.4293,2.3513,2.2377,2.0798,1.8685,1.5933
1443,2.5500,2.5500,2.5500,2.5500,2.5500,2.5500,2.5499,2.5497,2.5491,2.5480,2.5454,2.5401,2.5300,2.5116,2.4801,2.4292,2.3511,2.2375,2.0795,1.8683,1.5931
1444,2.5500,2.5500,2.5500,2.5500,2.5500,2.5500,2.5499,2.5497,2.5491,2.5480,2.5454,2.5401,2.5299,2.5115,2.4800,2.4290,2.3509,2.2373,2.0793,1.8680,1.5928
1445,2.5500,2.5500,2.5500,2.5500,2.5500,2.5500,2.5499,2.5497,2.5491,2.5479,2.5454,2.5401,2.5299,2.5114,2.4799,2.4289,2.3507,2.2370,2.0790,1.8677,1.5925
1446,2.5500,2.5500,2.5500,2.5500,2.5500,2.5500,2.5499,2.5497,2.5491,2.5479,2.5453,2.5400,2.5299,2.5114,2.4798,2.4287,2.3505,2.2368,2.0787,1.8675,1.5923
1447,2.5500,2.5500,2.5500,2.5500,2.5500,2.5500,2.5499,2.5497,2.5491,2.5479,2.5453,2.5400,2.5298,2.5113,2.4797,2.4286,2.3503,2.2366,2.0785,1.8672,1.5920
1448,2.5500,2.5500,2.5500,2.5500,2.5500,2.5500,2.5499,2.5497,2.5491,2.5479,2.5453,2.5400,2.5298,2.5112,2.4796,2.4284,2.3502,2.2363,2.0782,1.8670,1.5918
1449,2.5500,2.5500,2.5500,2.5500,2.5500,2.5500,2.5499,2.5497,2.5491,2.5479,2.5453,2.5400,2.5297,2.5112,2.4795,2.4283,2.3500,2.2361,2.0780,1.8667,1.5915
1450,2.5500,2.5500,2.5500,2.5500,2.5500,2.5500,2.5499,2.5496,2.5491,2.5479,2.5453,2.5399,2.5297,2.5111,2.4793,2.4281,2.3498,2.2359,2.0777,1.8664,1.5913
1451,2.5500,2.5500,2.5500,2.5500,2.5500,2.5500,2.5499,2.5496,2.5491,2.5479,2.5453,2.5399,2.5296,2.5110,2.4792,2.4280,2.3496,2.2356,2.0775,1.8662,1.5910
1452,2.5500,2.5500,2.5500,2.5500,2.5500,2.5500,2.5499,2.5496,2.5491,2.5479,2.5453,2.5399,2.5296,2.5109,2.4791,2.4278,2.3494,2.2354,2.0772,1.8659,1.5908
1453,2.5500,2.5500,2.5500,2.5500,2.5500,2.5500,2.5499,2.5496,2.5491,2.5479,2.5452,2.5399,2.5295,2.5109,2.4790,2.4277,2.3492,2.2352,2.0769,1.8656,1.5905
1454,2.5500,2.5500,2.5500,2.5500,2.5500,2.5500,2.5499,2.5496,2.5491,2.5479,2.5452,2.5398,2.5295,2.5108,2.4789,2.4275,2.3490,2.2350,2.0767,1.8654,1.5903
1455,2.5500,2.5500,2.5500,2.5500,2.5500,2.5500,2.5499,2.5496,2.5491,2.5479,2.5452,2.5398,2.5294,2.5107,2.4788,2.4274,2.3488,2.2347,2.0764,1.8651,1.5900
1456,2.5500,2.5500,2.5500,2.5500,2.5500,2.5500,2.5499,2.5496,2.5491,2.5479,2.5452,2.5398,2.5294,2.5106,2.4787,2.4272,2.3486,2.2345,2.0762,1.8648,1.5898
1457,2.5500,2.5500,2.5500,2.5500,2.5500,2.5499,2.5499,2.5496,2.5491,2.5479,2.5452,2.5397,2.5293,2.5106,2.4786,2.4271,2.3484,2.2343,2.0759,1.8646,1.5895
1458,2.5500,2.5500,2.5500,2.5500,2.5500,2.5499,2.5499,2.5496,2.5491,2.5478,2.5452,2.5397,2.5293,2.5105,2.4785,2.4269,2.3482,2.2340,2.0757,1.8643,1.5893
1459,2.5500,2.5500,2.5500,2.5500,2.5500,2.5499,2.5499,2.5496,2.5491,2.5478,2.5451,2.5397,2.5293,2.5104,2.4784,2.4268,2.3480,2.2338,2.0754,1.8640,1.5890
1460,2.5500,2.5500,2.5500,2.5500,2.5500,2.5499,2.5499,2.5496,2.5491,2.5478,2.5451,2.5397,2.5292,2.5104,2.4783,2.4266,2.3479,2.2336,2.0752,1.8638,1.5888
1461,2.5500,2.5500,2.5500,2.5500,2.5500,2.5499,2.5499,2.5496,2.5491,2.5478,2.5451,2.5396,2.5292,2.5103,2.4782,2.4265,2.3477,2.2333,2.0749,1.8635,1.5885
1462,2.5500,2.5500,2.5500,2.5500,2.5500,2.5499,2.5499,2.5496,2.5491,2.5478,2.5451,2.5396,2.5291,2.5102,2.4780,2.4263,2.3475,2.2331,2.0746,1.8633,1.5883
1463,2.5500,2.5500,2.5500,2.5500,2.5500,2.5499,2.5499,2.5496,2.5491,2.5478,2.5451,2.5396,2.5291,2.5101,2.4779,2.4262,2.3473,2.2329,2.0744,1.8630,1.5880
1464,2.5500,2.5500,2.5500,2.5500,2.5500,2.5499,2.5499,2.5496,2.5491,2.5478,2.5451,2.5396,2.5290,2.5101,2.4778,2.4260,2.3471,2.2327,2.0741,1.8627,1.5878
1465,2.5500,2.5500,2.5500,2.5500,2.5500,2.5499,2.5499,2.5496,2.5491,2.5478,2.5451,2.5395,2.5290,2.5100,2.4777,2.4259,2.3469,2.2324,2.0739,1.8625,1.5875
1466,2.5500,2.5500,2.5500,2.5500,2.5500,2.5499,2.5499,2.5496,2.5491,2.5478,2.5450,2.5395,2.5289,2.5099,2.4776,2.4257,2.3467,2.2322,2.0736,1.8622,1.5873
1467,2.5500,2.5500,2.5500,2.5500,2.5500,2.5499,2.5499,2.5496,2.5491,2.5478,2.5450,2.5395,2.5289,2.5098,2.4775,2.4256,2.3465,2.2320,2.0734,1.8619,1.5870
1468,2.5500,2.5500,2.5500,2.5500,2.5500,2.5499,2.5499,2.5496,2.5491,2.5478,2.5450,2.5394,2.5288,2.5098,2.4774,2.4254,2.3463,2.2317,2.0731,1.8617,1.5868
1469,2.5500,2.5500,2.5500,2.5500,2.5500,2.5499,2.5499,2.5496,2.5490,2.5478,2.5450,2.5394,2.5288,2.5097,2.4773,2.4253,2.3461,2.2315,2.0729,1.8614,1.5865
1470,2.5500,2.5500,2.5500,2.5500,2.5500,2.5499,2.5499,2.5496,2.5490,2.5478,2.5450,2.5394,2.5287,2.5096,2.4772,2.4251,2.3459,2.2313,2.0726,1.8611,1.5863
1471,2.5500,2.5500,2.5500,2.5500,2.5500,2.5499,2.5499,2.5496,2.5490,2.5477,2.5450,2.5394,2.5287,2.5095,2.4771,2.4250,2.3457,2.2311,2.0724,1.8609,1.5860
1472,2.5500,2.5500,2.5500,2.5500,2.5500,2.5499,2.5499,2.5496,2.5490,2.5477,2.5449,2.5393,2.5286,2.5095,2.4770,2.4248,2.3456,2.2308,2.0721,1.8606,1.5858
1473,2.5500,2.5500,2.5500,2.5500,2.5500,2.5499,2.5498,2.5496,2.5490,2.5477,2.5449,2.5393,2.5286,2.5094,2.4769,2.4247,2.3454,2.2306,2.0718,1.8604,1.5855
1474,2.5500,2.5500,2.5500,2.5500,2.5500,2.5499,2.5498,2.5496,2.5490,2.5477,2.5449,2.5393,2.5286,2.5093,2.4767,2.4245,2.3452,2.2304,2.0716,1.8601,1.5853
1475,2.5500,2.5500,2.5500,2.5500,2.5500,2.5499,2.5498,2.5496,2.5490,2.5477,2.5449,2.5392,2.5285,2.5093,2.4766,2.4244,2.3450,2.2301,2.0713,1.8598,1.5850
1476,2.5500,2.5500,2.5500,2.5500,2.5500,2.5499,2.5498,2.5496,2.5490,2.5477,2.5449,2.5392,2.5285,2.5092,2.4765,2.4242,2.3448,2.2299,2.0711,1.8596,1.5848
1477,2.5500,2.5500,2.5500,2.5500,2.5500,2.5499,2.5498,2.5496,2.5490,2.5477,2.5449,2.5392,2.5284,2.5091,2.4764,2.4241,2.3446,2.2297,2.0708,1.8593,1.5845
1478,2.5500,2.5500,2.5500,2.5500,2.5500,2.5499,2.5498,2.5496,2.5490,2.5477,2.5449,2.5392,2.5284,2.5090,2.4763,2.4239,2.3444,2.2295,2.0706,1.8591,1.5843
1479,2.5500,2.5500,2.5500,2.5500,2.5500,2.5499,2.5498,2.5496,2.5490,2.5477,2.5448,2.5391,2.5283,2.5090,2.4762,2.4238,2.3442,2.2292,2.0703,1.8588,1.5840
1480,2.5500,2.5500,2.5500,2.5500,2.5500,2.5499,2.5498,2.5496,2.5490,2.5477,2.5448,2.5391,2.5283,2.5089,2.4761,2.4236,2.3440,2.2290,2.0701,1.8585,1.5838
1481,2.5500,2.5500,2.5500,2.5500,2.5500,2.5499,2.5498,2.5496,2.5490,2.5477,2.5448,2.5391,2.5282,2.5088,2.4760,2.4235,2.3438,2.2288,2.0698,1.8583,1.5835
1482,2.5500,2.5500,2.5500,2.5500,2.5500,2.5499,2.5498,2.5496,2.5490,2.5477,2.5448,2.5391,2.5282,2.5087,2.4759,2.4233,2.3436,2.2285,2.0696,1.8580,1.5833
1483,2.5500,2.5500,2.5500,2.5500,2.5500,2.5499,2.5498,2.5496,2.5490,2.5476,2.5448,2.5390,2.5281,2.5087,2.4758,2.4232,2.3435,2.2283,2.0693,1.8577,1.5831
1484,2.5500,2.5500,2.5500,2.5500,2.5500,2.5499,2.5498,2.5496,2.5490,2.5476,2.5448,2.5390,2.5281,2.5086,2.4757,2.4230,2.3433,2.2281,2.0691,1.8575,1.5828
1485,2.5500,2.5500,2.5500,2.5500,2.5500,2.5499,2.5498,2.5496,2.5490,2.5476,2.5447,2.5390,2.5280,2.5085,2.4756,2.4229,2.3431,2.2279,2.0688,1.8572,1.5826
1486,2.5500,2.5500,2.5500,2.5500,2.5500,2.5499,2.5498,2.5496,2.5490,2.5476,2.5447,2.5389,2.5280,2.5084,2.4754,2.4227,2.3429,2.2276,2.0685,1.8570,1.5823
1487,2.5500,2.5500,2.5500,2.5500,2.5500,2.5499,2.5498,2.5496,2.5490,2.5476,2.5447,2.5389,2.5279,2.5084,2.4753,2.4226,2.3427,2.2274,2.0683,1.8567,1.5821
1488,2.5500,2.5500,2.5500,2.5500,2.5500,2.5499,2.5498,2.5496,2.5490,2.5476,2.5447,2.5389,2.5279,2.5083,2.4752,2.4224,2.3425,2.2272,2.0680,1.8564,1.5818
1489,2.5500,2.5500,2.5500,2.5500,2.5500,2.5499,2.5498,2.5496,2.5490,2.5476,2.5447,2.5389,2.5278,2.5082,2.4751,2.4223,2.3423,2.2270,2.0678,1.8562,1.5816
1490,2.5500,2.5500,2.5500,2.5500,2.5500,2.5499,2.5498,2.5496,2.5490,2.5476,2.5447,2.5388,2.5278,2.5081,2.4750,2.4221,2.3421,2.2267,2.0675,1.8559,1.5813
1491,2.5500,2.5500,2.5500,2.5500,2.5500,2.5499,2.5498,2.5496,2.5490,2.5476,2.5446,2.5388,2.5277,2.5081,2.4749,2.4220,2.3419,2.2265,2.0673,1.8557,1.5811
1492,2.5500,2.5500,2.5500,2.5500,2.5500,2.5499,2.5498,2.5496,2.5490,2.5476,2.5446,2.5388,2.5277,2.5080,2.4748,2.4219,2.3417,2.2263,2.0670,1.8554,1.5808
1493,2.5500,2.5500,2.5500,2.5500,2.5500,2.5499,2.5498,2.5496,2.5489,2.5476,2.5446,2.5387,2.5277,2.5079,2.4747,2.4217,2.3415,2.2260,2.0668,1.8551,1.5806
1494,2.5500,2.5500,2.5500,2.5500,2.5500,2.5499,2.5498,2.5496,2.5489,2.5476,2.5446,2.5387,2.5276,2.5078,2.4746,2.4216,2.3414,2.2258,2.0665,1.8549,1.5803
1495,2.5500,2.5500,2.5500,2.5500,2.5500,2.5499,2.5498,2.5496,2.5489,2.5475,2.5446,2.5387,2.5276,2.5078,2.4745,2.4214,2.3412,2.2256,2.0663,1.8546,1.5801
1496,2.5500,2.5500,2.5500,2.5500,2.5500,2.5499,2.5498,2.5496,2.5489,2.5475,2.5446,2.5387,2.5275,2.5077,2.4743,2.4213,2.3410,2.2254,2.0660,1.8544,1.5798
1497,2.5500,2.5500,2.5500,2.5500,2.5500,2.5499,2.5498,2.5496,2.5489,2.5475,2.5446,2.5386,2.5275,2.5076,2.4742,2.4211,2.3408,2.2251,2.0658,1.8541,1.5796
1498,2.5500,2.5500,2.5500,2.5500,2.5500,2.5499,2.5498,2.5496,2.5489,2.5475,2.5445,2.5386,2.5274,2.5075,2.4741,2.4210,2.3406,2.2249,2.0655,1.8538,1.5794
1499,2.5500,2.5500,2.5500,2.5500,2.5500,2.5499,2.5498,2.5496,2.5489,2.5475,2.5445,2.5386,2.5274,2.5075,2.4740,2.4208,2.3404,2.2247,2.0653,1.8536,1.5791
1500,2.5500,2.5500,2.5500,2.5500,2.5500,2.5499,2.5498,2.5496,2.5489,2.5475,2.5445,2.5385,2.5273,2.5074,2.4739,2.4207,2.3402,2.2245,2.0650,1.8533,1.5789
1501,2.5500,2.5500,2.5500,2.5500,2.5500,2.5499,2.5498,2.5496,2.5489,2.5475,2.5445,2.5385,2.5273,2.5073,2.4738,2.4205,2.3400,2.2242,2.0648,1.8531,1.5786
1502,2.5500,2.5500,2.5500,2.5500,2.5500,2.5499,2.5498,2.5496,2.5489,2.5475,2.5445,2.5385,2.5272,2.5072,2.4737,2.4204,2.3398,2.2240,2.0645,1.8528,1.5784
1503,2.5500,2.5500,2.5500,2.5500,2.5500,2.5499,2.5498,2.5496,2.5489,2.5475,2.5445,2.5384,2.5272,2.5072,2.4736,2.4202,2.3396,2.2238,2.0643,1.8526,1.5781
1504,2.5500,2.5500,2.5500,2.5500,2.5500,2.5499,2.5498,2.5495,2.5489,2.5475,2.5444,2.5384,2.5271,2.5071,2.4735,2.4201,2.3394,2.2235,2.0640,1.8523,1.5779
1505,2.5500,2.5500,2.5500,2.5500,2.5500,2.5499,2.5498,2.5495,2.5489,2.5475,2.5444,2.5384,2.5271,2.5070,2.4734,2.4199,2.3393,2.2233,2.0638,1.8520,1.5776
1506,2.5500,2.5500,2.5500,2.5500,2.5500,2.5499,2.5498,2.5495,2.5489,2.5474,2.5444,2.5384,2.5270,2.5069,2.4733,2.4198,2.3391,2.2231,2.0635,1.8518,1.5774
1507,2.5500,2.5500,2.5500,2.5500,2.5500,2.5499,2.5498,2.5495,2.5489,2.5474,2.5444,2.5383,2.5270,2.5069,2.4731,2.4196,2.3389,2.2229,2.0633,1.8515,1.5771
1508,2.5500,2.5500,2.5500,2.5500,2.5500,2.5499,2.5498,2.5495,2.5489,2.5474,2.5444,2.5383,2.5269,2.5068,2.4730,2.4195,2.3387,2.2226,2.0630,1.8513,1.5769
1509,2.5500,2.5500,2.5500,2.5500,2.5500,2.5499,2.5498,2.5495,2.5489,2.5474,2.5444,2.5383,2.5269,2.5067,2.4729,2.4193,2.3385,2.2224,2.0628,1.8510,1.5767
1510,2.5500,2.5500,2.5500,2.5500,2.5500,2.5499,2.5498,2.5495,2.5489,2.5474,2.5443,2.5382,2.5268,2.5066,2.4728,2.4192,2.3383,2.2222,2.0625,1.8508,1.5764
1511,2.5500,2.5500,2.5500,2.5500,2.5500,2.5499,2.5498,2.5495,2.5489,2.5474,2.5443,2.5382,2.5268,2.5066,2.4727,2.4190,2.3381,2.2220,2.0623,1.8505,1.5762
1512,2.5500,2.5500,2.5500,2.5500,2.5500,2.5499,2.5498,2.5495,2.5489,2.5474,2.5443,2.5382,2.5267,2.5065,2.4726,2.4189,2.3379,2.2217,2.0620,1.8502,1.5759
1513,2.5500,2.5500,2.5500,2.5500,2.5500,2.5499,2.5498,2.5495,2.5489,2.5474,2.5443,2.5382,2.5267,2.5064,2.4725,2.4187,2.3377,2.2215,2.0618,1.8500,1.5757
1514,2.5500,2.5500,2.5500,2.5500,2.5500,2.5499,2.5498,2.5495,2.5489,2.5474,2.5443,2.5381,2.5266,2.5063,2.4724,2.4186,2.3375,2.2213,2.0615,1.8497,1.5754
1515,2.5500,2.5500,2.5500,2.5500,2.5500,2.5499,2.5498,2.5495,2.5489,2.5474,2.5443,2.5381,2.5266,2.5063,2.4723,2.4184,2.3374,2.2211,2.0613,1.8495,1.5752
1516,2.5500,2.5500,2.5500,2.5500,2.5500,2.5499,2.5498,2.5495,2.5488,2.5474,2.5442,2.5381,2.5265,2.5062,2.4722,2.4183,2.3372,2.2208,2.0610,1.8492,1.5750
1517,2.5500,2.5500,2.5500,2.5500,2.5500,2.5499,2.5498,2.5495,2.5488,2.5473,2.5442,2.5380,2.5265,2.5061,2.4720,2.4181,2.3370,2.2206,2.0608,1.8490,1.5747
1518,2.5500,2.5500,2.5500,2.5500,2.5500,2.5499,2.5498,2.5495,2.5488,2.5473,2.5442,2.5380,2.5264,2.5060,2.4719,2.4180,2.3368,2.2204,2.0605,1.8487,1.5745
1519,2.5500,2.5500,2.5500,2.5500,2.5500,2.5499,2.5498,2.5495,2.5488,2.5473,2.5442,2.5380,2.5264,2.5059,2.4718,2.4178,2.3366,2.2202,2.0603,1.8484,1.5742
1520,2.5500,2.5500,2.5500,2.5500,2.5500,2.5499,2.5498,2.5495,2.5488,2.5473,2.5442,2.5379,2.5263,2.5059,2.4717,2.4177,2.3364,2.2199,2.0600,1.8482,1.5740
1521,2.5500,2.5500,2.5500,2.5500,2.5500,2.5499,2.5498,2.5495,2.5488,2.5473,2.5442,2.5379,2.5263,2.5058,2.4716,2.4175,2.3362,2.2197,2.0598,1.8479,1.5737
1522,2.5500,2.5500,2.5500,2.5500,2.5500,2.5499,2.5498,2.5495,2.5488,2.5473,2.5441,2.5379,2.5262,2.5057,2.4715,2.4174,2.3360,2.2195,2.0595,1.8477,1.5735
1523,2.5500,2.5500,2.5500,2.5500,2.5500,2.5499,2.5498,2.5495,2.5488,2.5473,2.5441,2.5379,2.5262,2.5056,2.4714,2.4172,2.3358,2.2193,2.0593,1.8474,1.5733
1524,2.5500,2.5500,2.5500,2.5500,2.5500,2.5499,2.5498,2.5495,2.5488,2.5473,2.5441,2.5378,2.5261,2.5056,2.4713,2.4171,2.3356,2.2190,2.0590,1.8472,1.5730
1525,2.5500,2.5500,2.5500,2.5500,2.5500,2.5499,2.5498,2.5495,2.5488,2.5473,2.5441,2.5378,2.5261,2.5055,2.4712,2.4169,2.3355,2.2188,2.0588,1.8469,1.5728
1526,2.5500,2.5500,2.5500,2.5500,2.5500,2.5499,2.5498,2.5495,2.5488,2.5473,2.5441,2.5378,2.5260,2.5054,2.4710,2.4168,2.3353,2.2186,2.0585,1.8466,1.5725
1527,2.5500,2.5500,2.5500,2.5500,2.5500,2.5499,2.5498,2.5495,2.5488,2.5473,2.5440,2.5377,2.5260,2.5053,2.4709,2.4166,2.3351,2.2184,2.0583,1.8464,1.5723
1528,2.5500,2.5500,2.5500,2.5500,2.5500,2.5499,2.5498,2.5495,2.5488,2.5472,2.5440,2.5377,2.5259,2.5053,2.4708,2.4165,2.3349,2.2181,2.0580,1.8461,1.5720
1529,2.5500,2.5500,2.5500,2.5500,2.5500,2.5499,2.5498,2.5495,2.5488,2.5472,2.5440,2.5377,2.5259,2.5052,2.4707,2.4163,2.3347,2.2179,2.0578,1.8459,1.5718
1530,2.5500,2.5500,2.5500,2.5500,2.5500,2.5499,2.5498,2.5495,2.5488,2.5472,2.5440,2.5376,2.5258,2.5051,2.4706,2.4162,2.3345,2.2177,2.0575,1.8456,1.5716
1531,2.5500,2.5500,2.5500,2.5500,2.5500,2.5499,2.5498,2.5495,2.5488,2.5472,2.5440,2.5376,2.5258,2.5050,2.4705,2.4160,2.3343,2.2175,2.0573,1.8454,1.5713
1532,2.5500,2.5500,2.5500,2.5500,2.5500,2.5499,2.5498,2.5495,2.5488,2.5472,2.5440,2.5376,2.5257,2.5050,2.4704,2.4159,2.3341,2.2172,2.0570,1.8451,1.5711
1533,2.5500,2.5500,2.5500,2.5500,2.5500,2.5499,2.5498,2.5495,2.5488,2.5472,2.5439,2.5376,2.5257,2.5049,2.4703,2.4157,2.3339,2.2170,2.0568,1.8449,1.5708
1534,2.5500,2.5500,2.5500,2.5500,2.5500,2.5499,2.5498,2.5495,2.5488,2.5472,2.5439,2.5375,2.5256,2.5048,2.4702,2.4156,2.3337,2.2168,2.0565,1.8446,1.5706
1535,2.5500,2.5500,2.5500,2.5500,2.5500,2.5499,2.5498,2.5495,2.5488,2.5472,2.5439,2.5375,2.5256,2.5047,2.4701,2.4154,2.3336,2.2166,2.0563,1.8444,1.5704
1536,2.5500,2.5500,2.5500,2.5500,2.5500,2.5499,2.5498,2.5495,2.5488,2.5472,2.5439,2.5375,2.5255,2.5046,2.4699,2.4153,2.3334,2.2163,2.0560,1.8441,1.5701
1537,2.5500,2.5500,2.5500,2.5500,2.5500,2.5499,2.5498,2.5495,2.5488,2.5472,2.5439,2.5374,2.5255,2.5046,2.4698,2.4151,2.3332,2.2161,2.0558,1.8438,1.5699
1538,2.5500,2.5500,2.5500,2.5500,2.5500,2.5499,2.5498,2.5495,2.5487,2.5472,2.5439,2.5374,2.5254,2.5045,2.4697,2.4150,2.3330,2.2159,2.0555,1.8436,1.5696
1539,2.5500,2.5500,2.5500,2.5500,2.5500,2.5499,2.5498,2.5495,2.5487,2.5471,2.5438,2.5374,2.5254,2.5044,2.4696,2.4148,2.3328,2.2157,2.0553,1.8433,1.5694
1540,2.5500,2.5500,2.5500,2.5500,2.5500,2.5499,2.5498,2.5495,2.5487,2.5471,2.5438,2.5373,2.5253,2.5043,2.4695,2.4147,2.3326,2.2154,2.0550,1.8431,1.5691
1541,2.5500,2.5500,2.5500,2.5500,2.5500,2.5499,2.5498,2.5495,2.5487,2.5471,2.5438,2.5373,2.5253,2.5043,2.4694,2.4145,2.3324,2.2152,2.0548,1.8428,1.5689
1542,2.5500,2.5500,2.5500,2.5500,2.5500,2.5499,2.5498,2.5495,2.5487,2.5471,2.5438,2.5373,2.5252,2.5042,2.4693,2.4144,2.3322,2.2150,2.0545,1.8426,1.5687
1543,2.5500,2.5500,2.5500,2.5500,2.5500,2.5499,2.5498,2.5495,2.5487,2.5471,2.5438,2.5373,2.5252,2.5041,2.4692,2.4142,2.3320,2.2148,2.0543,1.8423,1.5684
1544,2.5500,2.5500,2.5500,2.5500,2.5500,2.5499,2.5498,2.5495,2.5487,2.5471,2.5438,2.5372,2.5251,2.5040,2.4691,2.4141,2.3319,2.2145,2.0541,1.8421,1.5682
1545,2.5500,2.5500,2.5500,2.5500,2.5500,2.5499,2.5498,2.5495,2.5487,2.5471,2.5437,2.5372,2.5251,2.5040,2.4689,2.4139,2.3317,2.2143,2.0538,1.8418,1.5679
1546,2.5500,2.5500,2.5500,2.5500,2.5500,2.5499,2.5498,2.5495,2.5487,2.5471,2.5437,2.5372,2.5250,2.5039,2.4688,2.4138,2.3315,2.2141,2.0536,1.8416,1.5677
1547,2.5500,2.5500,2.5500,2.5500,2.5500,2.5499,2.5498,2.5495,2.5487,2.5471,2.5437,2.5371,2.5250,2.5038,2.4687,2.4136,2.3313,2.2139,2.0533,1.8413,1.5675
1548,2.5500,2.5500,2.5500,2.5500,2.5500,2.5499,2.5498,2.5495,2.5487,2.5471,2.5437,2.5371,2.5249,2.5037,2.4686,2.4135,2.3311,2.2136,2.0531,1.8411,1.5672
1549,2.5500,2.5500,2.5500,2.5500,2.5500,2.5499,2.5498,2.5494,2.5487,2.5471,2.5437,2.5371,2.5249,2.5036,2.4685,2.4133,2.3309,2.2134,2.0528,1.8408,1.5670
1550,2.5500,2.5500,2.5500,2.5500,2.5500,2.5499,2.5498,2.5494,2.5487,2.5470,2.5436,2.5370,2.5248,2.5036,2.4684,2.4132,2.3307,2.2132,2.0526,1.8406,1.5667
1551,2.5500,2.5500,2.5500,2.5500,2.5500,2.5499,2.5498,2.5494,2.5487,2.5470,2.5436,2.5370,2.5248,2.5035,2.4683,2.4130,2.3305,2.2130,2.0523,1.8403,1.5665
1552,2.5500,2.5500,2.5500,2.5500,2.5500,2.5499,2.5498,2.5494,2.5487,2.5470,2.5436,2.5370,2.5247,2.5034,2.4682,2.4129,2.3303,2.2127,2.0521,1.8400,1.5663
1553,2.5500,2.5500,2.5500,2.5500,2.5500,2.5499,2.5498,2.5494,2.5487,2.5470,2.5436,2.5369,2.5247,2.5033,2.4680,2.4127,2.3301,2.2125,2.0518,1.8398,1.5660
1554,2.5500,2.5500,2.5500,2.5500,2.5500,2.5499,2.5498,2.5494,2.5487,2.5470,2.5436,2.5369,2.5246,2.5033,2.4679,2.4126,2.3300,2.2123,2.0516,1.8395,1.5658
1555,2.5500,2.5500,2.5500,2.5500,2.5500,2.5499,2.5498,2.5494,2.5487,2.5470,2.5436,2.5369,2.5246,2.5032,2.4678,2.4124,2.3298,2.2121,2.0513,1.8393,1.5656
1556,2.5500,2.5500,2.5500,2.5500,2.5500,2.5499,2.5498,2.5494,2.5487,2.5470,2.5435,2.5368,2.5245,2.5031,2.4677,2.4123,2.3296,2.2119,2.0511,1.8390,1.5653
1557,2.5500,2.5500,2.5500,2.5500,2.5500,2.5499,2.5498,2.5494,2.5487,2.5470,2.5435,2.5368,2.5245,2.5030,2.4676,2.4121,2.3294,2.2116,2.0509,1.8388,1.5651
1558,2.5500,2.5500,2.5500,2.5500,2.5500,2.5499,2.5498,2.5494,2.5486,2.5470,2.5435,2.5368,2.5244,2.5029,2.4675,2.4120,2.3292,2.2114,2.0506,1.8385,1.5648
1559,2.5500,2.5500,2.5500,2.5500,2.5500,2.5499,2.5498,2.5494,2.5486,2.5470,2.5435,2.5368,2.5244,2.5029,2.4674,2.4118,2.3290,2.2112,2.0504,1.8383,1.5646
1560,2.5500,2.5500,2.5500,2.5500,2.5500,2.5499,2.5498,2.5494,2.5486,2.5469,2.5435,2.5367,2.5243,2.5028,2.4673,2.4117,2.3288,2.2110,2.0501,1.8380,1.5644
1561,2.5500,2.5500,2.5500,2.5500,2.5500,2.5499,2.5498,2.5494,2.5486,2.5469,2.5434,2.5367,2.5243,2.5027,2.4672,2.4115,2.3286,2.2107,2.0499,1.8378,1.5641
1562,2.5500,2.5500,2.5500,2.5500,2.5500,2.5499,2.5498,2.5494,2.5486,2.5469,2.5434,2.5367,2.5242,2.5026,2.4670,2.4114,2.3284,2.2105,2.0496,1.8375,1.5639
1563,2.5500,2.5500,2.5500,2.5500,2.5500,2.5499,2.5498,2.5494,2.5486,2.5469,2.5434,2.5366,2.5242,2.5026,2.4669,2.4112,2.3283,2.2103,2.0494,1.8373,1.5636
1564,2.5500,2.5500,2.5500,2.5500,2.5500,2.5499,2.5498,2.5494,2.5486,2.5469,2.5434,2.5366,2.5241,2.5025,2.4668,2.4111,2.3281,2.2101,2.0491,1.8370,1.5634
1565,2.5500,2.5500,2.5500,2.5500,2.5500,2.5499,2.5498,2.5494,2.5486,2.5469,2.5434,2.5366,2.5241,2.5024,2.4667,2.4109,2.3279,2.2099,2.0489,1.8368,1.5632
1566,2.5500,2.5500,2.5500,2.5500,2.5500,2.5499,2.5498,2.5494,2.5486,2.5469,2.5434,2.5365,2.5240,2.5023,2.4666,2.4108,2.3277,2.2096,2.0486,1.8365,1.5629
1567,2.5500,2.5500,2.5500,2.5500,2.5500,2.5499,2.5498,2.5494,2.5486,2.5469,2.5433,2.5365,2.5240,2.5022,2.4665,2.4106,2.3275,2.2094,2.0484,1.8363,1.5627
1568,2.5500,2.5500,2.5500,2.5500,2.5500,2.5499,2.5498,2.5494,2.5486,2.5469,2.5433,2.5365,2.5239,2.5022,2.4664,2.4105,2.3273,2.2092,2.0482,1.8360,1.5625
1569,2.5500,2.5500,2.5500,2.5500,2.5500,2.5499,2.5498,2.5494,2.5486,2.5469,2.5433,2.5364,2.5239,2.5021,2.4663,2.4103,2.3271,2.2090,2.0479,1.8358,1.5622
1570,2.5500,2.5500,2.5500,2.5500,2.5500,2.5499,2.5498,2.5494,2.5486,2.5468,2.5433,2.5364,2.5238,2.5020,2.4662,2.4102,2.3269,2.2087,2.0477,1.8355,1.5620
1571,2.5500,2.5500,2.5500,2.5500,2.5500,2.5499,2.5498,2.5494,2.5486,2.5468,2.5433,2.5364,2.5238,2.5019,2.4660,2.4100,2.3267,2.2085,2.0474,1.8353,1.5617
1572,2.5500,2.5500,2.5500,2.5500,2.5500,2.5499,2.5498,2.5494,2.5486,2.5468,2.5432,2.5363,2.5237,2.5019,2.4659,2.4099,2.3266,2.2083,2.0472,1.8350,1.5615
1573,2.5500,2.5500,2.5500,2.5500,2.5500,2.5499,2.5498,2.5494,2.5486,2.5468,2.5432,2.5363,2.5237,2.5018,2.4658,2.4097,2.3264,2.2081,2.0469,1.8348,1.5613
1574,2.5500,2.5500,2.5500,2.5500,2.5500,2.5499,2.5498,2.5494,2.5486,2.5468,2.5432,2.5363,2.5236,2.5017,2.4657,2.4096,2.3262,2.2078,2.0467,1.8345,1.5610
1575,2.5500,2.5500,2.5500,2.5500,2.5500,2.5499,2.5497,2.5494,2.5486,2.5468,2.5432,2.5362,2.5236,2.5016,2.4656,2.4094,2.3260,2.2076,2.0464,1.8343,1.5608
1576,2.5500,2.5500,2.5500,2.5500,2.5500,2.5499,2.5497,2.5494,2.5486,2.5468,2.5432,2.5362,2.5235,2.5015,2.4655,2.4093,2.3258,2.2074,2.0462,1.8340,1.5606
1577,2.5500,2.5500,2.5500,2.5500,2.5500,2.5499,2.5497,2.5494,2.5486,2.5468,2.5432,2.5362,2.5235,2.5015,2.4654,2.4091,2.3256,2.2072,2.0460,1.8338,1.5603
1578,2.5500,2.5500,2.5500,2.5500,2.5500,2.5499,2.5497,2.5494,2.5485,2.5468,2.5431,2.5362,2.5234,2.5014,2.4653,2.4090,2.3254,2.2070,2.0457,1.8335,1.5601
1579,2.5500,2.5500,2.5500,2.5500,2.5500,2.5499,2.5497,2.5494,2.5485,2.5468,2.5431,2.5361,2.5234,2.5013,2.4651,2.4088,2.3252,2.2067,2.0455,1.8333,1.5599
1580,2.5500,2.5500,2.5500,2.5500,2.5500,2.5499,2.5497,2.5494,2.5485,2.5467,2.5431,2.5361,2.5233,2.5012,2.4650,2.4087,2.3250,2.2065,2.0452,1.8330,1.5596
1581,2.5500,2.5500,2.5500,2.5500,2.5500,2.5499,2.5497,2.5494,2.5485,2.5467,2.5431,2.5361,2.5233,2.5011,2.4649,2.4085,2.3249,2.2063,2.0450,1.8328,1.5594
1582,2.5500,2.5500,2.5500,2.5500,2.5500,2.5499,2.5497,2.5494,2.5485,2.5467,2.5431,2.5360,2.5232,2.5011,2.4648,2.4084,2.3247,2.2061,2.0447,1.8325,1.5591
1583,2.5500,2.5500,2.5500,2.5500,2.5500,2.5499,2.5497,2.5494,2.5485,2.5467,2.5430,2.5360,2.5231,2.5010,2.4647,2.4082,2.3245,2.2059,2.0445,1.8323,1.5589
1584,2.5500,2.5500,2.5500,2.5500,2.5500,2.5499,2.5497,2.5494,2.5485,2.5467,2.5430,2.5360,2.5231,2.5009,2.4646,2.4081,2.3243,2.2056,2.0443,1.8320,1.5587
1585,2.5500,2.5500,2.5500,2.5500,2.5500,2.5499,2.5497,2.5494,2.5485,2.5467,2.5430,2.5359,2.5230,2.5008,2.4645,2.4079,2.3241,2.2054,2.0440,1.8318,1.5584
1586,2.5500,2.5500,2.5500,2.5500,2.5500,2.5499,2.5497,2.5494,2.5485,2.5467,2.5430,2.5359,2.5230,2.5007,2.4644,2.4078,2.3239,2.2052,2.0438,1.8315,1.5582
1587,2.5500,2.5500,2.5500,2.5500,2.5500,2.5499,2.5497,2.5494,2.5485,2.5467,2.5430,2.5359,2.5229,2.5007,2.4642,2.4076,2.3237,2.2050,2.0435,1.8313,1.5580
1588,2.5500,2.5500,2.5500,2.5500,2.5500,2.5499,2.5497,2.5494,2.5485,2.5467,2.5429,2.5358,2.5229,2.5006,2.4641,2.4075,2.3235,2.2047,2.0433,1.8310,1.5577
1589,2.5500,2.5500,2.5500,2.5500,2.5500,2.5499,2.5497,2.5493,2.5485,2.5466,2.5429,2.5358,2.5228,2.5005,2.4640,2.4073,2.3234,2.2045,2.0430,1.8308,1.5575
1590,2.5500,2.5500,2.5500,2.5500,2.5500,2.5499,2.5497,2.5493,2.5485,2.5466,2.5429,2.5358,2.5228,2.5004,2.4639,2.4072,2.3232,2.2043,2.0428,1.8305,1.5573
1591,2.5500,2.5500,2.5500,2.5500,2.5500,2.5499,2.5497,2.5493,2.5485,2.5466,2.5429,2.5357,2.5227,2.5004,2.4638,2.4070,2.3230,2.2041,2.0426,1.8303,1.5570
1592,2.5500,2.5500,2.5500,2.5500,2.5500,2.5499,2.5497,2.5493,2.5485,2.5466,2.5429,2.5357,2.5227,2.5003,2.4637,2.4069,2.3228,2.2039,2.0423,1.8301,1.5568
1593,2.5500,2.5500,2.5500,2.5500,2.5500,2.5499,2.5497,2.5493,2.5485,2.5466,2.5429,2.5357,2.5226,2.5002,2.4636,2.4067,2.3226,2.2036,2.0421,1.8298,1.5566
1594,2.5500,2.5500,2.5500,2.5500,2.5500,2.5499,2.5497,2.5493,2.5485,2.5466,2.5428,2.5356,2.5226,2.5001,2.4635,2.4066,2.3224,2.2034,2.0418,1.8296,1.5563
1595,2.5500,2.5500,2.5500,2.5500,2.5500,2.5499,2.5497,2.5493,2.5485,2.5466,2.5428,2.5356,2.5225,2.5000,2.4633,2.4064,2.3222,2.2032,2.0416,1.8293,1.5561
1596,2.5500,2.5500,2.5500,2.5500,2.5500,2.5499,2.5497,2.5493,2.5484,2.5466,2.5428,2.5356,2.5225,2.5000,2.4632,2.4063,2.3220,2.2030,2.0413,1.8291,1.5559
1597,2.5500,2.5500,2.5500,2.5500,2.5500,2.5499,2.5497,2.5493,2.5484,2.5466,2.5428,2.5355,2.5224,2.4999,2.4631,2.4061,2.3218,2.2028,2.0411,1.8288,1.5556
1598,2.5500,2.5500,2.5500,2.5500,2.5500,2.5499,2.5497,2.5493,2.5484,2.5466,2.5428,2.5355,2.5224,2.4998,2.4630,2.4060,2.3217,2.2025,2.0409,1.8286,1.5554
1599,2.5500,2.5500,2.5500,2.5500,2.5500,2.5499,2.5497,2.5493,2.5484,2.5465,2.5427,2.5355,2.5223,2.4997,2.4629,2.4058,2.3215,2.2023,2.0406,1.8283,1.5552
1600,2.5500,2.5500,2.5500,2.5500,2.5500,2.5499,2.5497,2.5493,2.5484,2.5465,2.5427,2.5354,2.5223,2.4996,2.4628,2.4057,2.3213,2.2021,2.0404,1.8281,1.5549
1601,2.5500,2.5500,2.5500,2.5500,2.5500,2.5499,2.5497,2.5493,2.5484,2.5465,2.5427,2.5354,2.5222,2.4996,2.4627,2.4055,2.3211,2.2019,2.0401,1.8278,1.5547
1602,2.5500,2.5500,2.5500,2.5500,2.5500,2.5499,2.5497,2.5493,2.5484,2.5465,2.5427,2.5354,2.5222,2.4995,2.4626,2.4054,2.3209,2.2017,2.0399,1.8276,1.5545
1603,2.5500,2.5500,2.5500,2.5500,2.5500,2.5499,2.5497,2.5493,2.5484,2.5465,2.5427,2.5353,2.5221,2.4994,2.4624,2.4052,2.3207,2.2014,2.0397,1.8273,1.5542
1604,2.5500,2.5500,2.5500,2.5500,2.5500,2.5499,2.5497,2.5493,2.5484,2.5465,2.5426,2.5353,2.5220,2.4993,2.4623,2.4051,2.3205,2.2012,2.0394,1.8271,1.5540
1605,2.5500,2.5500,2.5500,2.5500,2.5500,2.5499,2.5497,2.5493,2.5484,2.5465,2.5426,2.5353,2.5220,2.4992,2.4622,2.4049,2.3203,2.2010,2.0392,1.8268,1.5538
1606,2.5500,2.5500,2.5500,2.5500,2.5500,2.5499,2.5497,2.5493,2.5484,2.5465,2.5426,2.5352,2.5219,2.4992,2.4621,2.4048,2.3202,2.2008,2.0389,1.8266,1.5535
1607,2.5500,2.5500,2.5500,2.5500,2.5500,2.5499,2.5497,2.5493,2.5484,2.5465,2.5426,2.5352,2.5219,2.4991,2.4620,2.4046,2.3200,2.2006,2.0387,1.8263,1.5533
1608,2.5500,2.5500,2.5500,2.5500,2.5500,2.5499,2.5497,2.5493,2.5484,2.5464,2.5426,2.5352,2.5218,2.4990,2.4619,2.4045,2.3198,2.2003,2.0384,1.8261,1.5531
1609,2.5500,2.5500,2.5500,2.5500,2.5500,2.5499,2.5497,2.5493,2.5484,2.5464,2.5425,2.5351,2.5218,2.4989,2.4618,2.4043,2.3196,2.2001,2.0382,1.8259,1.5528
1610,2.5500,2.5500,2.5500,2.5500,2.5500,2.5499,2.5497,2.5493,2.5484,2.5464,2.5425,2.5351,2.5217,2.4988,2.4616,2.4042,2.3194,2.1999,2.0380,1.8256,1.5526
1611,2.5500,2.5500,2.5500,2.5500,2.5500,2.5499,2.5497,2.5493,2.5484,2.5464,2.5425,2.5351,2.5217,2.4988,2.4615,2.4040,2.3192,2.1997,2.0377,1.8254,1.5524
1612,2.5500,2.5500,2.5500,2.5500,2.5500,2.5499,2.5497,2.5493,2.5484,2.5464,2.5425,2.5350,2.5216,2.4987,2.4614,2.4039,2.3190,2.1995,2.0375,1.8251,1.5521
1613,2.5500,2.5500,2.5500,2.5500,2.5500,2.5499,2.5497,2.5493,2.5484,2.5464,2.5425,2.5350,2.5216,2.4986,2.4613,2.4037,2.3188,2.1992,2.0372,1.8249,1.5519
1614,2.5500,2.5500,2.5500,2.5500,2.5500,2.5499,2.5497,2.5493,2.5483,2.5464,2.5424,2.5350,2.5215,2.4985,2.4612,2.4035,2.3187,2.1990,2.0370,1.8246,1.5517
1615,2.5500,2.5500,2.5500,2.5500,2.5500,2.5499,2.5497,2.5493,2.5483,2.5464,2.5424,2.5349,2.5215,2.4984,2.4611,2.4034,2.3185,2.1988,2.0368,1.8244,1.5514
1616,2.5500,2.5500,2.5500,2.5500,2.5500,2.5499,2.5497,2.5493,2.5483,2.5464,2.5424,2.5349,2.5214,2.4984,2.4610,2.4032,2.3183,2.1986,2.0365,1.8241,1.5512
1617,2.5500,2.5500,2.5500,2.5500,2.5500,2.5499,2.5497,2.5493,2.5483,2.5463,2.5424,2.5349,2.5214,2.4983,2.4609,2.4031,2.3181,2.1984,2.0363,1.8239,1.5510
1618,2.5500,2.5500,2.5500,2.5500,2.5500,2.5499,2.5497,2.5493,2.5483,2.5463,2.5424,2.5348,2.5213,2.4982,2.4607,2.4029,2.3179,2.1981,2.0360,1.8237,1.5507
1619,2.5500,2.5500,2.5500,2.5500,2.5500,2.5499,2.5497,2.5493,2.5483,2.5463,2.5423,2.5348,2.5212,2.4981,2.4606,2.4028,2.3177,2.1979,2.0358,1.8234,1.5505
1620,2.5500,2.5500,2.5500,2.5500,2.5500,2.5499,2.5497,2.5493,2.5483,2.5463,2.5423,2.5348,2.5212,2.4980,2.4605,2.4026,2.3175,2.1977,2.0356,1.8232,1.5503
1621,2.5500,2.5500,2.5500,2.5500,2.5500,2.5499,2.5497,2.5493,2.5483,2.5463,2.5423,2.5347,2.5211,2.4980,2.4604,2.4025,2.3173,2.1975,2.0353,1.8229,1.5500
1622,2.5500,2.5500,2.5500,2.5500,2.5500,2.5499,2.5497,2.5493,2.5483,2.5463,2.5423,2.5347,2.5211,2.4979,2.4603,2.4023,2.3172,2.1973,2.0351,1.8227,1.5498
1623,2.5500,2.5500,2.5500,2.5500,2.5500,2.5499,2.5497,2.5493,2.5483,2.5463,2.5423,2.5347,2.5210,2.4978,2.4602,2.4022,2.3170,2.1971,2.0348,1.8224,1.5496
1624,2.5500,2.5500,2.5500,2.5500,2.5500,2.5499,2.5497,2.5493,2.5483,2.5463,2.5422,2.5346,2.5210,2.4977,2.4601,2.4020,2.3168,2.1968,2.0346,1.8222,1.5494
1625,2.5500,2.5500,2.5500,2.5500,2.5500,2.5499,2.5497,2.5492,2.5483,2.5463,2.5422,2.5346,2.5209,2.4976,2.4599,2.4019,2.3166,2.1966,2.0344,1.8219,1.5491
1626,2.5500,2.5500,2.5500,2.5500,2.5500,2.5499,2.5497,2.5492,2.5483,2.5462,2.5422,2.5346,2.5209,2.4976,2.4598,2.4017,2.3164,2.1964,2.0341,1.8217,1.5489
1627,2.5500,2.5500,2.5500,2.5500,2.5499,2.5499,2.5497,2.5492,2.5483,2.5462,2.5422,2.5345,2.5208,2.4975,2.4597,2.4016,2.3162,2.1962,2.0339,1.8215,1.5487
1628,2.5500,2.5500,2.5500,2.5500,2.5499,2.5499,2.5497,2.5492,2.5483,2.5462,2.5422,2.5345,2.5208,2.4974,2.4596,2.4014,2.3160,2.1960,2.0337,1.8212,1.5484
1629,2.5500,2.5500,2.5500,2.5500,2.5499,2.5499,2.5497,2.5492,2.5483,2.5462,2.5421,2.5345,2.5207,2.4973,2.4595,2.4013,2.3158,2.1957,2.0334,1.8210,1.5482
1630,2.5500,2.5500,2.5500,2.5500,2.5499,2.5499,2.5497,2.5492,2.5483,2.5462,2.5421,2.5344,2.5207,2.4972,2.4594,2.4011,2.3157,2.1955,2.0332,1.8207,1.5480
1631,2.5500,2.5500,2.5500,2.5500,2.5499,2.5499,2.5497,2.5492,2.5482,2.5462,2.5421,2.5344,2.5206,2.4971,2.4593,2.4010,2.3155,2.1953,2.0329,1.8205,1.5477
1632,2.5500,2.5500,2.5500,2.5500,2.5499,2.5499,2.5497,2.5492,2.5482,2.5462,2.5421,2.5344,2.5205,2.4971,2.4591,2.4008,2.3153,2.1951,2.0327,1.8202,1.5475
1633,2.5500,2.5500,2.5500,2.5500,2.5499,2.5499,2.5497,2.5492,2.5482,2.5462,2.5421,2.5343,2.5205,2.4970,2.4590,2.4007,2.3151,2.1949,2.0325,1.8200,1.5473
1634,2.5500,2.5500,2.5500,2.5500,2.5499,2.5499,2.5497,2.5492,2.5482,2.5462,2.5420,2.5343,2.5204,2.4969,2.4589,2.4005,2.3149,2.1946,2.0322,1.8198,1.5471
1635,2.5500,2.5500,2.5500,2.5500,2.5499,2.5499,2.5497,2.5492,2.5482,2.5461,2.5420,2.5343,2.5204,2.4968,2.4588,2.4004,2.3147,2.1944,2.0320,1.8195,1.5468
1636,2.5500,2.5500,2.5500,2.5500,2.5499,2.5499,2.5497,2.5492,2.5482,2.5461,2.5420,2.5342,2.5203,2.4967,2.4587,2.4002,2.3145,2.1942,2.0317,1.8193,1.5466
1637,2.5500,2.5500,2.5500,2.5500,2.5499,2.5499,2.5497,2.5492,2.5482,2.5461,2.5420,2.5342,2.5203,2.4967,2.4586,2.4001,2.3143,2.1940,2.0315,1.8190,1.5464
1638,2.5500,2.5500,2.5500,2.5500,2.5499,2.5499,2.5497,2.5492,2.5482,2.5461,2.5420,2.5342,2.5202,2.4966,2.4585,2.3999,2.3142,2.1938,2.0313,1.8188,1.5461
1639,2.5500,2.5500,2.5500,2.5500,2.5499,2.5499,2.5497,2.5492,2.5482,2.5461,2.5419,2.5341,2.5202,2.4965,2.4584,2.3998,2.3140,2.1936,2.0310,1.8185,1.5459
1640,2.5500,2.5500,2.5500,2.5500,2.5499,2.5499,2.5497,2.5492,2.5482,2.5461,2.5419,2.5341,2.5201,2.4964,2.4582,2.3996,2.3138,2.1933,2.0308,1.8183,1.5457
1641,2.5500,2.5500,2.5500,2.5500,2.5499,2.5499,2.5497,2.5492,2.5482,2.5461,2.5419,2.5341,2.5201,2.4963,2.4581,2.3995,2.3136,2.1931,2.0306,1.8181,1.5454
1642,2.5500,2.5500,2.5500,2.5500,2.5499,2.5499,2.5497,2.5492,2.5482,2.5461,2.5419,2.5340,2.5200,2.4963,2.4580,2.3993,2.3134,2.1929,2.0303,1.8178,1.5452
1643,2.5500,2.5500,2.5500,2.5500,2.5499,2.5499,2.5497,2.5492,2.5482,2.5461,2.5419,2.5340,2.5199,2.4962,2.4579,2.3992,2.3132,2.1927,2.0301,1.8176,1.5450
1644,2.5500,2.5500,2.5500,2.5500,2.5499,2.5499,2.5497,2.5492,2.5482,2.5460,2.5418,2.5339,2.5199,2.4961,2.4578,2.3990,2.3130,2.1925,2.0298,1.8173,1.5448
1645,2.5500,2.5500,2.5500,2.5500,2.5499,2.5499,2.5497,2.5492,2.5482,2.5460,2.5418,2.5339,2.5198,2.4960,2.4577,2.3989,2.3128,2.1923,2.0296,1.8171,1.5445
1646,2.5500,2.5500,2.5500,2.5500,2.5499,2.5499,2.5497,2.5492,2.5482,2.5460,2.5418,2.5339,2.5198,2.4959,2.4576,2.3987,2.3127,2.1920,2.0294,1.8168,1.5443
1647,2.5500,2.5500,2.5500,2.5500,2.5499,2.5499,2.5497,2.5492,2.5481,2.5460,2.5418,2.5338,2.5197,2.4958,2.4574,2.3986,2.3125,2.1918,2.0291,1.8166,1.5441
1648,2.5500,2.5500,2.5500,2.5500,2.5499,2.5499,2.5497,2.5492,2.5481,2.5460,2.5418,2.5338,2.5197,2.4958,2.4573,2.3984,2.3123,2.1916,2.0289,1.8164,1.5438
1649,2.5500,2.5500,2.5500,2.5500,2.5499,2.5499,2.5496,2.5492,2.5481,2.5460,2.5417,2.5338,2.5196,2.4957,2.4572,2.3983,2.3121,2.1914,2.0287,1.8161,1.5436
1650,2.5500,2.5500,2.5500,2.5500,2.5499,2.5499,2.5496,2.5492,2.5481,2.5460,2.5417,2.5337,2.5196,2.4956,2.4571,2.3981,2.3119,2.1912,2.0284,1.8159,1.5434
1651,2.5500,2.5500,2.5500,2.5500,2.5499,2.5499,2.5496,2.5492,2.5481,2.5460,2.5417,2.5337,2.5195,2.4955,2.4570,2.3980,2.3117,2.1909,2.0282,1.8156,1.5432
1652,2.5500,2.5500,2.5500,2.5500,2.5499,2.5499,2.5496,2.5492,2.5481,2.5459,2.5417,2.5337,2.5195,2.4954,2.4569,2.3978,2.3115,2.1907,2.0279,1.8154,1.5429
1653,2.5500,2.5500,2.5500,2.5500,2.5499,2.5499,2.5496,2.5492,2.5481,2.5459,2.5417,2.5336,2.5194,2.4954,2.4568,2.3977,2.3114,2.1905,2.0277,1.8152,1.5427
1654,2.5500,2.5500,2.5500,2.5500,2.5499,2.5499,2.5496,2.5492,2.5481,2.5459,2.5416,2.5336,2.5193,2.4953,2.4566,2.3975,2.3112,2.1903,2.0275,1.8149,1.5425
1655,2.5500,2.5500,2.5500,2.5500,2.5499,2.5499,2.5496,2.5492,2.5481,2.5459,2.5416,2.5336,2.5193,2.4952,2.4565,2.3974,2.3110,2.1901,2.0272,1.8147,1.5422
1656,2.5500,2.5500,2.5500,2.5500,2.5499,2.5499,2.5496,2.5492,2.5481,2.5459,2.5416,2.5335,2.5192,2.4951,2.4564,2.3972,2.3108,2.1899,2.0270,1.8144,1.5420
1657,2.5500,2.5500,2.5500,2.5500,2.5499,2.5499,2.5496,2.5491,2.5481,2.5459,2.5416,2.5335,2.5192,2.4950,2.4563,2.3971,2.3106,2.1896,2.0268,1.8142,1.5418
1658,2.5500,2.5500,2.5500,2.5500,2.5499,2.5499,2.5496,2.5491,2.5481,2.5459,2.5415,2.5335,2.5191,2.4949,2.4562,2.3969,2.3104,2.1894,2.0265,1.8140,1.5416
1659,2.5500,2.5500,2.5500,2.5500,2.5499,2.5498,2.5496,2.5491,2.5481,2.5459,2.5415,2.5334,2.5191,2.4949,2.4561,2.3968,2.3102,2.1892,2.0263,1.8137,1.5413
1660,2.5500,2.5500,2.5500,2.5500,2.5499,2.5498,2.5496,2.5491,2.5481,2.5459,2.5415,2.5334,2.5190,2.4948,2.4560,2.3966,2.3101,2.1890,2.0261,1.8135,1.5411
1661,2.5500,2.5500,2.5500,2.5500,2.5499,2.5498,2.5496,2.5491,2.5481,2.5458,2.5415,2.5334,2.5190,2.4947,2.4558,2.3965,2.3099,2.1888,2.0258,1.8132,1.5409
1662,2.5500,2.5500,2.5500,2.5500,2.5499,2.5498,2.5496,2.5491,2.5481,2.5458,2.5415,2.5333,2.5189,2.4946,2.4557,2.3963,2.3097,2.1886,2.0256,1.8130,1.5407
1663,2.5500,2.5500,2.5500,2.5500,2.5499,2.5498,2.5496,2.5491,2.5480,2.5458,2.5414,2.5333,2.5188,2.4945,2.4556,2.3962,2.3095,2.1883,2.0253,1.8128,1.5404
1664,2.5500,2.5500,2.5500,2.5500,2.5499,2.5498,2.5496,2.5491,2.5480,2.5458,2.5414,2.5332,2.5188,2.4945,2.4555,2.3960,2.3093,2.1881,2.0251,1.8125,1.5402
1665,2.5500,2.5500,2.5500,2.5500,2.5499,2.5498,2.5496,2.5491,2.5480,2.5458,2.5414,2.5332,2.5187,2.4944,2.4554,2.3959,2.3091,2.1879,2.0249,1.8123,1.5400
1666,2.5500,2.5500,2.5500,2.5500,2.5499,2.5498,2.5496,2.5491,2.5480,2.5458,2.5414,2.5332,2.5187,2.4943,2.4553,2.3957,2.3089,2.1877,2.0246,1.8120,1.5398
1667,2.5500,2.5500,2.5500,2.5500,2.5499,2.5498,2.5496,2.5491,2.5480,2.5458,2.5414,2.5331,2.5186,2.4942,2.4551,2.3956,2.3087,2.1875,2.0244,1.8118,1.5395
1668,2.5500,2.5500,2.5500,2.5500,2.5499,2.5498,2.5496,2.5491,2.5480,2.5458,2.5413,2.5331,2.5186,2.4941,2.4550,2.3954,2.3086,2.1873,2.0242,1.8116,1.5393
1669,2.5500,2.5500,2.5500,2.5500,2.5499,2.5498,2.5496,2.5491,2.5480,2.5457,2.5413,2.5331,2.5185,2.4940,2.4549,2.3953,2.3084,2.1870,2.0239,1.8113,1.5391
1670,2.5500,2.5500,2.5500,2.5500,2.5499,2.5498,2.5496,2.5491,2.5480,2.5457,2.5413,2.5330,2.5185,2.4940,2.4548,2.3951,2.3082,2.1868,2.0237,1.8111,1.5388
1671,2.5500,2.5500,2.5500,2.5500,2.5499,2.5498,2.5496,2.5491,2.5480,2.5457,2.5413,2.5330,2.5184,2.4939,2.4547,2.3950,2.3080,2.1866,2.0235,1.8108,1.5386
1672,2.5500,2.5500,2.5500,2.5500,2.5499,2.5498,2.5496,2.5491,2.5480,2.5457,2.5412,2.5330,2.5183,2.4938,2.4546,2.3948,2.3078,2.1864,2.0232,1.8106,1.5384
1673,2.5500,2.5500,2.5500,2.5500,2.5499,2.5498,2.5496,2.5491,2.5480,2.5457,2.5412,2.5329,2.5183,2.4937,2.4545,2.3947,2.3076,2.1862,2.0230,1.8104,1.5382
1674,2.5500,2.5500,2.5500,2.5500,2.5499,2.5498,2.5496,2.5491,2.5480,2.5457,2.5412,2.5329,2.5182,2.4936,2.4543,2.3945,2.3074,2.1860,2.0228,1.8101,1.5379
1675,2.5500,2.5500,2.5500,2.5500,2.5499,2.5498,2.5496,2.5491,2.5480,2.5457,2.5412,2.5329,2.5182,2.4935,2.4542,2.3944,2.3073,2.1858,2.0225,1.8099,1.5377
1676,2.5500,2.5500,2.5500,2.5500,2.5499,2.5498,2.5496,2.5491,2.5480,2.5457,2.5412,2.5328,2.5181,2.4935,2.4541,2.3942,2.3071,2.1855,2.0223,1.8096,1.5375
1677,2.5500,2.5500,2.5500,2.5500,2.5499,2.5498,2.5496,2.5491,2.5480,2.5456,2.5411,2.5328,2.5181,2.4934,2.4540,2.3941,2.3069,2.1853,2.0221,1.8094,1.5373
1678,2.5500,2.5500,2.5500,2.5500,2.5499,2.5498,2.5496,2.5491,2.5479,2.5456,2.5411,2.5328,2.5180,2.4933,2.4539,2.3939,2.3067,2.1851,2.0218,1.8092,1.5370
1679,2.5500,2.5500,2.5500,2.5500,2.5499,2.5498,2.5496,2.5491,2.5479,2.5456,2.5411,2.5327,2.5180,2.4932,2.4538,2.3938,2.3065,2.1849,2.0216,1.8089,1.5368
1680,2.5500,2.5500,2.5500,2.5500,2.5499,2.5498,2.5496,2.5491,2.5479,2.5456,2.5411,2.5327,2.5179,2.4931,2.4537,2.3936,2.3063,2.1847,2.0214,1.8087,1.5366
1681,2.5500,2.5500,2.5500,2.5500,2.5499,2.5498,2.5496,2.5491,2.5479,2.5456,2.5411,2.5326,2.5178,2.4931,2.4535,2.3935,2.3061,2.1845,2.0211,1.8085,1.5364
1682,2.5500,2.5500,2.5500,2.5500,2.5499,2.5498,2.5496,2.5491,2.5479,2.5456,2.5410,2.5326,2.5178,2.4930,2.4534,2.3933,2.3060,2.1842,2.0209,1.8082,1.5361
1683,2.5500,2.5500,2.5500,2.5500,2.5499,2.5498,2.5496,2.5491,2.5479,2.5456,2.5410,2.5326,2.5177,2.4929,2.4533,2.3932,2.3058,2.1840,2.0207,1.8080,1.5359
1684,2.5500,2.5500,2.5500,2.5500,2.5499,2.5498,2.5496,2.5491,2.5479,2.5456,2.5410,2.5325,2.5177,2.4928,2.4532,2.3930,2.3056,2.1838,2.0204,1.8077,1.5357
1685,2.5500,2.5500,2.5500,2.5500,2.5499,2.5498,2.5496,2.5491,2.5479,2.5455,2.5410,2.5325,2.5176,2.4927,2.4531,2.3929,2.3054,2.1836,2.0202,1.8075,1.5355
1686,2.5500,2.5500,2.5500,2.5500,2.5499,2.5498,2.5496,2.5491,2.5479,2.5455,2.5409,2.5325,2.5176,2.4926,2.4530,2.3927,2.3052,2.1834,2.0200,1.8073,1.5352
1687,2.5500,2.5500,2.5500,2.5500,2.5499,2.5498,2.5496,2.5490,2.5479,2.5455,2.5409,2.5324,2.5175,2.4926,2.4528,2.3926,2.3050,2.1832,2.0197,1.8070,1.5350
1688,2.5500,2.5500,2.5500,2.5500,2.5499,2.5498,2.5496,2.5490,2.5479,2.5455,2.5409,2.5324,2.5174,2.4925,2.4527,2.3924,2.3048,2.1830,2.0195,1.8068,1.5348
1689,2.5500,2.5500,2.5500,2.5500,2.5499,2.5498,2.5496,2.5490,2.5479,2.5455,2.5409,2.5324,2.5174,2.4924,2.4526,2.3923,2.3047,2.1827,2.0193,1.8066,1.5346
1690,2.5500,2.5500,2.5500,2.5500,2.5499,2.5498,2.5496,2.5490,2.5479,2.5455,2.5409,2.5323,2.5173,2.4923,2.4525,2.3921,2.3045,2.1825,2.0190,1.8063,1.5344
1691,2.5500,2.5500,2.5500,2.5500,2.5499,2.5498,2.5496,2.5490,2.5479,2.5455,2.5408,2.5323,2.5173,2.4922,2.4524,2.3920,2.3043,2.1823,2.0188,1.8061,1.5341
1692,2.5500,2.5500,2.5500,2.5500,2.5499,2.5498,2.5496,2.5490,2.5479,2.5455,2.5408,2.5322,2.5172,2.4921,2.4523,2.3918,2.3041,2.1821,2.0186,1.8058,1.5339
1693,2.5500,2.5500,2.5500,2.5500,2.5499,2.5498,2.5496,2.5490,2.5478,2.5454,2.5408,2.5322,2.5172,2.4921,2.4522,2.3917,2.3039,2.1819,2.0183,1.8056,1.5337
1694,2.5500,2.5500,2.5500,2.5500,2.5499,2.5498,2.5496,2.5490,2.5478,2.5454,2.5408,2.5322,2.5171,2.4920,2.4520,2.3915,2.3037,2.1817,2.0181,1.8054,1.5335
1695,2.5500,2.5500,2.5500,2.5500,2.5499,2.5498,2.5496,2.5490,2.5478,2.5454,2.5407,2.5321,2.5170,2.4919,2.4519,2.3914,2.3035,2.1815,2.0179,1.8051,1.5332
1696,2.5500,2.5500,2.5500,2.5500,2.5499,2.5498,2.5496,2.5490,2.5478,2.5454,2.5407,2.5321,2.5170,2.4918,2.4518,2.3912,2.3034,2.1812,2.0176,1.8049,1.5330
1697,2.5500,2.5500,2.5500,2.5500,2.5499,2.5498,2.5496,2.5490,2.5478,2.5454,2.5407,2.5321,2.5169,2.4917,2.4517,2.3910,2.3032,2.1810,2.0174,1.8047,1.5328
1698,2.5500,2.5500,2.5500,2.5500,2.5499,2.5498,2.5496,2.5490,2.5478,2.5454,2.5407,2.5320,2.5169,2.4916,2.4516,2.3909,2.3030,2.1808,2.0172,1.8044,1.5326
1699,2.5500,2.5500,2.5500,2.5500,2.5499,2.5498,2.5496,2.5490,2.5478,2.5454,2.5407,2.5320,2.5168,2.4916,2.4515,2.3907,2.3028,2.1806,2.0169,1.8042,1.5323
1700,2.5500,2.5500,2.5500,2.5500,2.5499,2.5498,2.5496,2.5490,2.5478,2.5454,2.5406,2.5320,2.5168,2.4915,2.4513,2.3906,2.3026,2.1804,2.0167,1.8040,1.5321
1701,2.5500,2.5500,2.5500,2.5500,2.5499,2.5498,2.5496,2.5490,2.5478,2.5453,2.5406,2.5319,2.5167,2.4914,2.4512,2.3904,2.3024,2.1802,2.0165,1.8037,1.5319
1702,2.5500,2.5500,2.5500,2.5500,2.5499,2.5498,2.5496,2.5490,2.5478,2.5453,2.5406,2.5319,2.5167,2.4913,2.4511,2.3903,2.3023,2.1800,2.0162,1.8035,1.5317
1703,2.5500,2.5500,2.5500,2.5500,2.5499,2.5498,2.5496,2.5490,2.5478,2.5453,2.5406,2.5318,2.5166,2.4912,2.4510,2.3901,2.3021,2.1797,2.0160,1.8032,1.5314
1704,2.5500,2.5500,2.5500,2.5500,2.5499,2.5498,2.5496,2.5490,2.5478,2.5453,2.5405,2.5318,2.5165,2.4911,2.4509,2.3900,2.3019,2.1795,2.0158,1.8030,1.5312
1705,2.5500,2.5500,2.5500,2.5500,2.5499,2.5498,2.5496,2.5490,2.5478,2.5453,2.5405,2.5318,2.5165,2.4911,2.4508,2.3898,2.3017,2.1793,2.0155,1.8028,1.5310
1706,2.5500,2.5500,2.5500,2.5500,2.5499,2.5498,2.5496,2.5490,2.5478,2.5453,2.5405,2.5317,2.5164,2.4910,2.4507,2.3897,2.3015,2.1791,2.0153,1.8025,1.5308
1707,2.5500,2.5500,2.5500,2.5500,2.5499,2.5498,2.5496,2.5490,2.5477,2.5453,2.5405,2.5317,2.5164,2.4909,2.4505,2.3895,2.3013,2.1789,2.0151,1.8023,1.5306
1708,2.5500,2.5500,2.5500,2.5500,2.5499,2.5498,2.5496,2.5490,2.5477,2.5453,2.5405,2.5317,2.5163,2.4908,2.4504,2.3894,2.3011,2.1787,2.0148,1.8021,1.5303
1709,2.5500,2.5500,2.5500,2.5500,2.5499,2.5498,2.5495,2.5490,2.5477,2.5452,2.5404,2.5316,2.5163,2.4907,2.4503,2.3892,2.3010,2.1785,2.0146,1.8018,1.5301
1710,2.5500,2.5500,2.5500,2.5500,2.5499,2.5498,2.5495,2.5490,2.5477,2.5452,2.5404,2.5316,2.5162,2.4906,2.4502,2.3891,2.3008,2.1782,2.0144,1.8016,1.5299
1711,2.5500,2.5500,2.5500,2.5500,2.5499,2.5498,2.5495,2.5490,2.5477,2.5452,2.5404,2.5315,2.5161,2.4906,2.4501,2.3889,2.3006,2.1780,2.0141,1.8014,1.5297
1712,2.5500,2.5500,2.5500,2.5500,2.5499,2.5498,2.5495,2.5490,2.5477,2.5452,2.5404,2.5315,2.5161,2.4905,2.4500,2.3888,2.3004,2.1778,2.0139,1.8011,1.5295
1713,2.5500,2.5500,2.5500,2.5500,2.5499,2.5498,2.5495,2.5490,2.5477,2.5452,2.5403,2.5315,2.5160,2.4904,2.4498,2.3886,2.3002,2.1776,2.0137,1.8009,1.5292
1714,2.5500,2.5500,2.5500,2.5500,2.5499,2.5498,2.5495,2.5489,2.5477,2.5452,2.5403,2.5314,2.5160,2.4903,2.4497,2.3885,2.3000,2.1774,2.0134,1.8007,1.5290
1715,2.5500,2.5500,2.5500,2.5500,2.5499,2.5498,2.5495,2.5489,2.5477,2.5452,2.5403,2.5314,2.5159,2.4902,2.4496,2.3883,2.2998,2.1772,2.0132,1.8004,1.5288
1716,2.5500,2.5500,2.5500,2.5500,2.5499,2.5498,2.5495,2.5489,2.5477,2.5451,2.5403,2.5314,2.5158,2.4901,2.4495,2.3882,2.2997,2.1770,2.0130,1.8002,1.5286
1717,2.5500,2.5500,2.5500,2.5500,2.5499,2.5498,2.5495,2.5489,2.5477,2.5451,2.5403,2.5313,2.5158,2.4900,2.4494,2.3880,2.2995,2.1768,2.0128,1.8000,1.5283
1718,2.5500,2.5500,2.5500,2.5500,2.5499,2.5498,2.5495,2.5489,2.5477,2.5451,2.5402,2.5313,2.5157,2.4900,2.4493,2.3879,2.2993,2.1765,2.0125,1.7997,1.5281
1719,2.5500,2.5500,2.5500,2.5500,2.5499,2.5498,2.5495,2.5489,2.5477,2.5451,2.5402,2.5312,2.5157,2.4899,2.4491,2.3877,2.2991,2.1763,2.0123,1.7995,1.5279
1720,2.5500,2.5500,2.5500,2.5500,2.5499,2.5498,2.5495,2.5489,2.5477,2.5451,2.5402,2.5312,2.5156,2.4898,2.4490,2.3876,2.2989,2.1761,2.0121,1.7993,1.5277
1721,2.5500,2.5500,2.5500,2.5500,2.5499,2.5498,2.5495,2.5489,2.5476,2.5451,2.5402,2.5312,2.5156,2.4897,2.4489,2.3874,2.2987,2.1759,2.0118,1.7990,1.5275
1722,2.5500,2.5500,2.5500,2.5500,2.5499,2.5498,2.5495,2.5489,2.5476,2.5451,2.5401,2.5311,2.5155,2.4896,2.4488,2.3873,2.2986,2.1757,2.0116,1.7988,1.5272
1723,2.5500,2.5500,2.5500,2.5500,2.5499,2.5498,2.5495,2.5489,2.5476,2.5451,2.5401,2.5311,2.5154,2.4895,2.4487,2.3871,2.2984,2.1755,2.0114,1.7986,1.5270
1724,2.5500,2.5500,2.5500,2.5500,2.5499,2.5498,2.5495,2.5489,2.5476,2.5450,2.5401,2.5311,2.5154,2.4895,2.4486,2.3870,2.2982,2.1753,2.0111,1.7983,1.5268
1725,2.5500,2.5500,2.5500,2.5500,2.5499,2.5498,2.5495,2.5489,2.5476,2.5450,2.5401,2.5310,2.5153,2.4894,2.4485,2.3868,2.2980,2.1751,2.0109,1.7981,1.5266
1726,2.5500,2.5500,2.5500,2.5500,2.5499,2.5498,2.5495,2.5489,2.5476,2.5450,2.5400,2.5310,2.5153,2.4893,2.4483,2.3867,2.2978,2.1748,2.0107,1.7979,1.5264
1727,2.5500,2.5500,2.5500,2.5500,2.5499,2.5498,2.5495,2.5489,2.5476,2.5450,2.5400,2.5309,2.5152,2.4892,2.4482,2.3865,2.2976,2.1746,2.0104,1.7976,1.5261
1728,2.5500,2.5500,2.5500,2.5500,2.5499,2.5498,2.5495,2.5489,2.5476,2.5450,2.5400,2.5309,2.5152,2.4891,2.4481,2.3864,2.2974,2.1744,2.0102,1.7974,1.5259
1729,2.5500,2.5500,2.5500,2.5500,2.5499,2.5498,2.5495,2.5489,2.5476,2.5450,2.5400,2.5309,2.5151,2.4890,2.4480,2.3862,2.2973,2.1742,2.0100,1.7972,1.5257
1730,2.5500,2.5500,2.5500,2.5500,2.5499,2.5498,2.5495,2.5489,2.5476,2.5450,2.5400,2.5308,2.5150,2.4890,2.4479,2.3861,2.2971,2.1740,2.0098,1.7969,1.5255
1731,2.5500,2.5500,2.5500,2.5500,2.5499,2.5498,2.5495,2.5489,2.5476,2.5449,2.5399,2.5308,2.5150,2.4889,2.4478,2.3859,2.2969,2.1738,2.0095,1.7967,1.5253
1732,2.5500,2.5500,2.5500,2.5500,2.5499,2.5498,2.5495,2.5489,2.5476,2.5449,2.5399,2.5308,2.5149,2.4888,2.4476,2.3858,2.2967,2.1736,2.0093,1.7965,1.5250
1733,2.5500,2.5500,2.5500,2.5500,2.5499,2.5498,2.5495,2.5489,2.5476,2.5449,2.5399,2.5307,2.5149,2.4887,2.4475,2.3856,2.2965,2.1734,2.0091,1.7962,1.5248
1734,2.5500,2.5500,2.5500,2.5500,2.5499,2.5498,2.5495,2.5489,2.5476,2.5449,2.5399,2.5307,2.5148,2.4886,2.4474,2.3855,2.2963,2.1731,2.0088,1.7960,1.5246
1735,2.5500,2.5500,2.5500,2.5500,2.5499,2.5498,2.5495,2.5489,2.5475,2.5449,2.5398,2.5306,2.5147,2.4885,2.4473,2.3853,2.2962,2.1729,2.0086,1.7958,1.5244
1736,2.5500,2.5500,2.5500,2.5500,2.5499,2.5498,2.5495,2.5489,2.5475,2.5449,2.5398,2.5306,2.5147,2.4884,2.4472,2.3852,2.2960,2.1727,2.0084,1.7955,1.5242
1737,2.5500,2.5500,2.5500,2.5500,2.5499,2.5498,2.5495,2.5489,2.5475,2.5449,2.5398,2.5306,2.5146,2.4884,2.4471,2.3850,2.2958,2.1725,2.0082,1.7953,1.5239
1738,2.5500,2.5500,2.5500,2.5500,2.5499,2.5498,2.5495,2.5489,2.5475,2.5449,2.5398,2.5305,2.5146,2.4883,2.4469,2.3849,2.2956,2.1723,2.0079,1.7951,1.5237
1739,2.5500,2.5500,2.5500,2.5500,2.5499,2.5498,2.5495,2.5489,2.5475,2.5448,2.5397,2.5305,2.5145,2.4882,2.4468,2.3847,2.2954,2.1721,2.0077,1.7948,1.5235
1740,2.5500,2.5500,2.5500,2.5500,2.5499,2.5498,2.5495,2.5488,2.5475,2.5448,2.5397,2.5305,2.5145,2.4881,2.4467,2.3846,2.2952,2.1719,2.0075,1.7946,1.5233
1741,2.5500,2.5500,2.5500,2.5500,2.5499,2.5498,2.5495,2.5488,2.5475,2.5448,2.5397,2.5304,2.5144,2.4880,2.4466,2.3844,2.2951,2.1717,2.0072,1.7944,1.5231
1742,2.5500,2.5500,2.5500,2.5500,2.5499,2.5498,2.5495,2.5488,2.5475,2.5448,2.5397,2.5304,2.5143,2.4879,2.4465,2.3843,2.2949,2.1714,2.0070,1.7941,1.5228
1743,2.5500,2.5500,2.5500,2.5500,2.5499,2.5498,2.5495,2.5488,2.5475,2.5448,2.5396,2.5303,2.5143,2.4878,2.4464,2.3841,2.2947,2.1712,2.0068,1.7939,1.5226
1744,2.5500,2.5500,2.5500,2.5500,2.5499,2.5498,2.5495,2.5488,2.5475,2.5448,2.5396,2.5303,2.5142,2.4878,2.4462,2.3840,2.2945,2.1710,2.0066,1.7937,1.5224
1745,2.5500,2.5500,2.5500,2.5500,2.5499,2.5498,2.5495,2.5488,2.5475,2.5448,2.5396,2.5303,2.5142,2.4877,2.4461,2.3838,2.2943,2.1708,2.0063,1.7934,1.5222
1746,2.5500,2.5500,2.5500,2.5500,2.5499,2.5498,2.5495,2.5488,2.5475,2.5447,2.5396,2.5302,2.5141,2.4876,2.4460,2.3837,2.2941,2.1706,2.0061,1.7932,1.5220
1747,2.5500,2.5500,2.5500,2.5500,2.5499,2.5498,2.5495,2.5488,2.5475,2.5447,2.5396,2.5302,2.5140,2.4875,2.4459,2.3835,2.2940,2.1704,2.0059,1.7930,1.5218
1748,2.5500,2.5500,2.5500,2.5500,2.5499,2.5498,2.5495,2.5488,2.5474,2.5447,2.5395,2.5302,2.5140,2.4874,2.4458,2.3834,2.2938,2.1702,2.0056,1.7927,1.5215
1749,2.5500,2.5500,2.5500,2.5500,2.5499,2.5498,2.5495,2.5488,2.5474,2.5447,2.5395,2.5301,2.5139,2.4873,2.4457,2.3832,2.2936,2.1700,2.0054,1.7925,1.5213
1750,2.5500,2.5500,2.5500,2.5500,2.5499,2.5498,2.5495,2.5488,2.5474,2.5447,2.5395,2.5301,2.5139,2.4873,2.4455,2.3831,2.2934,2.1698,2.0052,1.7923,1.5211
1751,2.5500,2.5500,2.5500,2.5500,2.5499,2.5498,2.5495,2.5488,2.5474,2.5447,2.5395,2.5300,2.5138,2.4872,2.4454,2.3829,2.2932,2.1695,2.0050,1.7921,1.5209
1752,2.5500,2.5500,2.5500,2.5500,2.5499,2.5498,2.5495,2.5488,2.5474,2.5447,2.5394,2.5300,2.5137,2.4871,2.4453,2.3828,2.2930,2.1693,2.0047,1.7918,1.5207
1753,2.5500,2.5500,2.5500,2.5500,2.5499,2.5498,2.5495,2.5488,2.5474,2.5446,2.5394,2.5300,2.5137,2.4870,2.4452,2.3826,2.2929,2.1691,2.0045,1.7916,1.5204
1754,2.5500,2.5500,2.5500,2.5500,2.5499,2.5498,2.5495,2.5488,2.5474,2.5446,2.5394,2.5299,2.5136,2.4869,2.4451,2.3825,2.2927,2.1689,2.0043,1.7914,1.5202
1755,2.5500,2.5500,2.5500,2.5500,2.5499,2.5498,2.5495,2.5488,2.5474,2.5446,2.5394,2.5299,2.5136,2.4868,2.4450,2.3823,2.2925,2.1687,2.0040,1.7911,1.5200
1756,2.5500,2.5500,2.5500,2.5500,2.5499,2.5498,2.5495,2.5488,2.5474,2.5446,2.5393,2.5298,2.5135,2.4867,2.4448,2.3822,2.2923,2.1685,2.0038,1.7909,1.5198
1757,2.5500,2.5500,2.5500,2.5500,2.5499,2.5498,2.5495,2.5488,2.5474,2.5446,2.5393,2.5298,2.5135,2.4867,2.4447,2.3820,2.2921,2.1683,2.0036,1.7907,1.5196
1758,2.5500,2.5500,2.5500,2.5500,2.5499,2.5498,2.5495,2.5488,2.5474,2.5446,2.5393,2.5298,2.5134,2.4866,2.4446,2.3819,2.2919,2.1681,2.0034,1.7904,1.5194
1759,2.5500,2.5500,2.5500,2.5500,2.5499,2.5498,2.5494,2.5488,2.5474,2.5446,2.5393,2.5297,2.5133,2.4865,2.4445,2.3817,2.2917,2.1679,2.0031,1.7902,1.5191
1760,2.5500,2.5500,2.5500,2.5500,2.5499,2.5498,2.5494,2.5488,2.5474,2.5445,2.5392,2.5297,2.5133,2.4864,2.4444,2.3816,2.2916,2.1676,2.0029,1.7900,1.5189
1761,2.5500,2.5500,2.5500,2.5500,2.5499,2.5498,2.5494,2.5488,2.5473,2.5445,2.5392,2.5296,2.5132,2.4863,2.4443,2.3814,2.2914,2.1674,2.0027,1.7898,1.5187
1762,2.5500,2.5500,2.5500,2.5500,2.5499,2.5498,2.5494,2.5488,2.5473,2.5445,2.5392,2.5296,2.5132,2.4862,2.4441,2.3813,2.2912,2.1672,2.0025,1.7895,1.5185
1763,2.5500,2.5500,2.5500,2.5500,2.5499,2.5498,2.5494,2.5488,2.5473,2.5445,2.5392,2.5296,2.5131,2.4861,2.4440,2.3811,2.2910,2.1670,2.0022,1.7893,1.5183
1764,2.5500,2.5500,2.5500,2.5500,2.5499,2.5498,2.5494,2.5487,2.5473,2.5445,2.5391,2.5295,2.5130,2.4861,2.4439,2.3810,2.2908,2.1668,2.0020,1.7891,1.5181
1765,2.5500,2.5500,2.5500,2.5500,2.5499,2.5498,2.5494,2.5487,2.5473,2.5445,2.5391,2.5295,2.5130,2.4860,2.4438,2.3808,2.2906,2.1666,2.0018,1.7888,1.5178
1766,2.5500,2.5500,2.5500,2.5500,2.5499,2.5498,2.5494,2.5487,2.5473,2.5445,2.5391,2.5295,2.5129,2.4859,2.4437,2.3807,2.2905,2.1664,2.0015,1.7886,1.5176
1767,2.5500,2.5500,2.5500,2.5500,2.5499,2.5498,2.5494,2.5487,2.5473,2.5444,2.5391,2.5294,2.5129,2.4858,2.4436,2.3805,2.2903,2.1662,2.0013,1.7884,1.5174
1768,2.5500,2.5500,2.5500,2.5500,2.5499,2.5498,2.5494,2.5487,2.5473,2.5444,2.5390,2.5294,2.5128,2.4857,2.4434,2.3804,2.2901,2.1660,2.0011,1.7881,1.5172
1769,2.5500,2.5500,2.5500,2.5500,2.5499,2.5498,2.5494,2.5487,2.5473,2.5444,2.5390,2.5293,2.5127,2.4856,2.4433,2.3802,2.2899,2.1658,2.0009,1.7879,1.5170
1770,2.5500,2.5500,2.5500,2.5500,2.5499,2.5498,2.5494,2.5487,2.5473,2.5444,2.5390,2.5293,2.5127,2.4855,2.4432,2.3801,2.2897,2.1655,2.0006,1.7877,1.5168
1771,2.5500,2.5500,2.5500,2.5500,2.5499,2.5497,2.5494,2.5487,2.5473,2.5444,2.5390,2.5293,2.5126,2.4855,2.4431,2.3799,2.2896,2.1653,2.0004,1.7875,1.5165
1772,2.5500,2.5500,2.5500,2.5500,2.5499,2.5497,2.5494,2.5487,2.5473,2.5444,2.5390,2.5292,2.5126,2.4854,2.4430,2.3797,2.2894,2.1651,2.0002,1.7872,1.5163
1773,2.5500,2.5500,2.5500,2.5500,2.5499,2.5497,2.5494,2.5487,2.5472,2.5444,2.5389,2.5292,2.5125,2.4853,2.4429,2.3796,2.2892,2.1649,2.0000,1.7870,1.5161
1774,2.5500,2.5500,2.5500,2.5500,2.5499,2.5497,2.5494,2.5487,2.5472,2.5443,2.5389,2.5291,2.5124,2.4852,2.4427,2.3794,2.2890,2.1647,1.9997,1.7868,1.5159
1775,2.5500,2.5500,2.5500,2.5500,2.5499,2.5497,2.5494,2.5487,2.5472,2.5443,2.5389,2.5291,2.5124,2.4851,2.4426,2.3793,2.2888,2.1645,1.9995,1.7865,1.5157
1776,2.5500,2.5500,2.5500,2.5500,2.5499,2.5497,2.5494,2.5487,2.5472,2.5443,2.5389,2.5291,2.5123,2.4850,2.4425,2.3791,2.2886,2.1643,1.9993,1.7863,1.5155
1777,2.5500,2.5500,2.5500,2.5500,2.5499,2.5497,2.5494,2.5487,2.5472,2.5443,2.5388,2.5290,2.5123,2.4849,2.4424,2.3790,2.2885,2.1641,1.9991,1.7861,1.5153
1778,2.5500,2.5500,2.5500,2.5500,2.5499,2.5497,2.5494,2.5487,2.5472,2.5443,2.5388,2.5290,2.5122,2.4849,2.4423,2.3788,2.2883,2.1639,1.9988,1.7859,1.5150
1779,2.5500,2.5500,2.5500,2.5500,2.5499,2.5497,2.5494,2.5487,2.5472,2.5443,2.5388,2.5289,2.5121,2.4848,2.4422,2.3787,2.2881,2.1637,1.9986,1.7856,1.5148
1780,2.5500,2.5500,2.5500,2.5500,2.5499,2.5497,2.5494,2.5487,2.5472,2.5443,2.5388,2.5289,2.5121,2.4847,2.4420,2.3785,2.2879,2.1635,1.9984,1.7854,1.5146
1781,2.5500,2.5500,2.5500,2.5500,2.5499,2.5497,2.5494,2.5487,2.5472,2.5442,2.5387,2.5289,2.5120,2.4846,2.4419,2.3784,2.2877,2.1632,1.9982,1.7852,1.5144
1782,2.5500,2.5500,2.5500,2.5500,2.5499,2.5497,2.5494,2.5487,2.5472,2.5442,2.5387,2.5288,2.5120,2.4845,2.4418,2.3782,2.2875,2.1630,1.9979,1.7849,1.5142
1783,2.5500,2.5500,2.5500,2.5500,2.5499,2.5497,2.5494,2.5487,2.5472,2.5442,2.5387,2.5288,2.5119,2.4844,2.4417,2.3781,2.2874,2.1628,1.9977,1.7847,1.5140
1784,2.5500,2.5500,2.5500,2.5500,2.5499,2.5497,2.5494,2.5487,2.5472,2.5442,2.5387,2.5287,2.5118,2.4843,2.4416,2.3779,2.2872,2.1626,1.9975,1.7845,1.5138
1785,2.5500,2.5500,2.5500,2.5500,2.5499,2.5497,2.5494,2.5487,2.5471,2.5442,2.5386,2.5287,2.5118,2.4842,2.4414,2.3778,2.2870,2.1624,1.9973,1.7843,1.5135
1786,2.5500,2.5500,2.5500,2.5500,2.5499,2.5497,2.5494,2.5487,2.5471,2.5442,2.5386,2.5287,2.5117,2.4842,2.4413,2.3776,2.2868,2.1622,1.9970,1.7840,1.5133
1787,2.5500,2.5500,2.5500,2.5500,2.5499,2.5497,2.5494,2.5486,2.5471,2.5442,2.5386,2.5286,2.5117,2.4841,2.4412,2.3775,2.2866,2.1620,1.9968,1.7838,1.5131
1788,2.5500,2.5500,2.5500,2.5500,2.5499,2.5497,2.5494,2.5486,2.5471,2.5441,2.5386,2.5286,2.5116,2.4840,2.4411,2.3773,2.2864,2.1618,1.9966,1.7836,1.5129
1789,2.5500,2.5500,2.5500,2.5500,2.5499,2.5497,2.5494,2.5486,2.5471,2.5441,2.5385,2.5285,2.5115,2.4839,2.4410,2.3772,2.2863,2.1616,1.9964,1.7834,1.5127
1790,2.5500,2.5500,2.5500,2.5500,2.5499,2.5497,2.5494,2.5486,2.5471,2.5441,2.5385,2.5285,2.5115,2.4838,2.4409,2.3770,2.2861,2.1614,1.9961,1.7831,1.5125
1791,2.5500,2.5500,2.5500,2.5500,2.5499,2.5497,2.5494,2.5486,2.5471,2.5441,2.5385,2.5285,2.5114,2.4837,2.4407,2.3769,2.2859,2.1612,1.9959,1.7829,1.5123
1792,2.5500,2.5500,2.5500,2.5500,2.5499,2.5497,2.5494,2.5486,2.5471,2.5441,2.5385,2.5284,2.5114,2.4836,2.4406,2.3767,2.2857,2.1609,1.9957,1.7827,1.5120
1793,2.5500,2.5500,2.5500,2.5500,2.5499,2.5497,2.5494,2.5486,2.5471,2.5441,2.5384,2.5284,2.5113,2.4836,2.4405,2.3766,2.2855,2.1607,1.9955,1.7825,1.5118
1794,2.5500,2.5500,2.5500,2.5500,2.5499,2.5497,2.5494,2.5486,2.5471,2.5441,2.5384,2.5283,2.5112,2.4835,2.4404,2.3764,2.2853,2.1605,1.9952,1.7822,1.5116
1795,2.5500,2.5500,2.5500,2.5500,2.5499,2.5497,2.5494,2.5486,2.5471,2.5440,2.5384,2.5283,2.5112,2.4834,2.4403,2.3763,2.2852,2.1603,1.9950,1.7820,1.5114
1796,2.5500,2.5500,2.5500,2.5499,2.5499,2.5497,2.5494,2.5486,2.5471,2.5440,2.5384,2.5283,2.5111,2.4833,2.4402,2.3761,2.2850,2.1601,1.9948,1.7818,1.5112
1797,2.5500,2.5500,2.5500,2.5499,2.5499,2.5497,2.5494,2.5486,2.5470,2.5440,2.5383,2.5282,2.5111,2.4832,2.4400,2.3760,2.2848,2.1599,1.9946,1.7815,1.5110
1798,2.5500,2.5500,2.5500,2.5499,2.5499,2.5497,2.5494,2.5486,2.5470,2.5440,2.5383,2.5282,2.5110,2.4831,2.4399,2.3758,2.2846,2.1597,1.9943,1.7813,1.5108
1799,2.5500,2.5500,2.5500,2.5499,2.5499,2.5497,2.5494,2.5486,2.5470,2.5440,2.5383,2.5281,2.5109,2.4830,2.4398,2.3757,2.2844,2.1595,1.9941,1.7811,1.5105
1800,2.5500,2.5500,2.5500,2.5499,2.5499,2.5497,2.5494,2.5486,2.5470,2.5440,2.5383,2.5281,2.5109,2.4829,2.4397,2.3755,2.2843,2.1593,1.9939,1.7809,1.5103
