time_s,T_center,T_surface,C_center,C_surface
1,28.0,28.0001,2.55,2.5352
2,28.0,28.0004,2.55,2.5227
3,28.0,28.0007,2.55,2.5119
4,28.0,28.001,2.55,2.5026
5,28.0,28.0014,2.55,2.4943
6,28.0,28.0019,2.55,2.4869
7,28.0,28.0024,2.55,2.4802
8,28.0,28.0029,2.55,2.4741
9,28.0,28.0034,2.55,2.4684
10,28.0,28.004,2.55,2.4631
11,28.0,28.0046,2.55,2.4582
12,28.0,28.0053,2.55,2.4535
13,28.0,28.006,2.55,2.449
14,28.0,28.0067,2.55,2.4448
15,28.0,28.0074,2.55,2.4408
16,28.0,28.0081,2.55,2.4369
17,28.0,28.0089,2.55,2.4331
18,28.0,28.0097,2.55,2.4295
19,28.0,28.0105,2.55,2.426
20,28.0,28.0113,2.55,2.4226
21,28.0,28.0122,2.55,2.4193
22,28.0,28.0131,2.55,2.4161
23,28.0,28.014,2.55,2.413
24,28.0,28.0149,2.55,2.41
25,28.0,28.0158,2.55,2.407
26,28.0,28.0168,2.55,2.4041
27,28.0,28.0177,2.55,2.4013
28,28.0,28.0187,2.55,2.3985
29,28.0,28.0197,2.55,2.3958
30,28.0,28.0207,2.55,2.3931
31,28.0,28.0218,2.55,2.3905
32,28.0,28.0228,2.55,2.388
33,28.0,28.0239,2.55,2.3854
34,28.0,28.025,2.55,2.383
35,28.0,28.0261,2.55,2.3805
36,28.0,28.0272,2.55,2.3781
37,28.0,28.0283,2.55,2.3758
38,28.0,28.0295,2.55,2.3735
39,28.0,28.0306,2.55,2.3712
40,28.0,28.0318,2.55,2.3689
41,28.0,28.033,2.55,2.3667
42,28.0,28.0342,2.55,2.3645
43,28.0,28.0354,2.55,2.3623
44,28.0,28.0366,2.55,2.3602
45,28.0,28.0379,2.55,2.3581
46,28.0,28.0391,2.55,2.356
47,28.0,28.0404,2.55,2.3539
48,28.0,28.0417,2.55,2.3519
49,28.0,28.043,2.55,2.3499
50,28.0,28.0443,2.55,2.3479
51,28.0,28.0456,2.55,2.346
52,28.0,28.0469,2.55,2.344
53,28.0,28.0483,2.55,2.3421
54,28.0,28.0496,2.55,2.3402
55,28.0,28.051,2.55,2.3383
56,28.0,28.0524,2.55,2.3365
57,28.0,28.0538,2.55,2.3346
58,28.0,28.0552,2.55,2.3328
59,28.0,28.0566,2.55,2.331
60,28.0,28.058,2.55,2.3292
61,28.0,28.0595,2.55,2.3274
62,28.0,28.061,2.55,2.3257
63,28.0,28.0625,2.55,2.324
64,28.0,28.0641,2.55,2.3222
65,28.0,28.0657,2.55,2.3205
66,28.0,28.0673,2.55,2.3188
67,28.0,28.0689,2.55,2.3172
68,28.0,28.0706,2.55,2.3155
69,28.0,28.0723,2.55,2.3139
70,28.0,28.0739,2.55,2.3122
71,28.0,28.0756,2.55,2.3106
72,28.0,28.0774,2.55,2.309
73,28.0,28.0791,2.55,2.3074
74,28.0,28.0809,2.55,2.3058
75,28.0,28.0826,2.55,2.3043
76,28.0,28.0844,2.55,2.3027
77,28.0,28.0862,2.55,2.3011
78,28.0,28.0881,2.55,2.2996
79,28.0,28.0899,2.55,2.2981
80,28.0,28.0917,2.55,2.2966
81,28.0,28.0936,2.55,2.2951
82,28.0,28.0955,2.55,2.2936
83,28.0,28.0974,2.55,2.2921
84,28.0,28.0993,2.55,2.2906
85,28.0,28.1012,2.55,2.2892
86,28.0,28.1032,2.55,2.2877
87,28.0,28.1051,2.55,2.2863
88,28.0,28.1071,2.55,2.2849
89,28.0,28.1091,2.55,2.2834
90,28.0,28.1111,2.55,2.282
91,28.0,28.1131,2.55,2.2806
92,28.0,28.1151,2.55,2.2792
93,28.0,28.1171,2.55,2.2779
94,28.0,28.1192,2.55,2.2765
95,28.0,28.1212,2.55,2.2751
96,28.0,28.1233,2.55,2.2738
97,28.0,28.1254,2.55,2.2724
98,28.0,28.1275,2.55,2.2711
99,28.0,28.1296,2.55,2.2697
100,28.0,28.1317,2.55,2.2684
101,28.0,28.1338,2.55,2.2671
102,28.0,28.136,2.55,2.2658
103,28.0,28.1381,2.55,2.2645
104,28.0,28.1403,2.55,2.2632
105,28.0,28.1425,2.55,2.2619
106,28.0,28.1447,2.55,2.2606
107,28.0,28.1469,2.55,2.2593
108,28.0,28.1491,2.55,2.2581
109,28.0,28.1513,2.55,2.2568
110,28.0,28.1535,2.55,2.2556
111,28.0,28.1558,2.55,2.2543
112,28.0,28.158,2.55,2.2531
113,28.0,28.1603,2.55,2.2519
114,28.0,28.1626,2.55,2.2506
115,28.0,28.1649,2.55,2.2494
116,28.0,28.1672,2.55,2.2482
117,28.0001,28.1695,2.55,2.247
118,28.0001,28.1718,2.55,2.2458
119,28.0001,28.1742,2.55,2.2446
120,28.0001,28.1765,2.55,2.2434
121,28.0001,28.1788,2.55,2.2422
122,28.0001,28.1811,2.55,2.241
123,28.0001,28.1834,2.55,2.2399
124,28.0001,28.1857,2.55,2.2387
125,28.0001,28.1879,2.55,2.2375
126,28.0001,28.1902,2.55,2.2364
127,28.0001,28.1924,2.55,2.2352
128,28.0001,28.1947,2.55,2.2341
129,28.0001,28.197,2.55,2.233
130,28.0001,28.1992,2.55,2.2318
131,28.0001,28.2015,2.55,2.2307
132,28.0001,28.2037,2.55,2.2296
133,28.0001,28.206,2.55,2.2285
134,28.0001,28.2082,2.55,2.2273
135,28.0002,28.2105,2.55,2.2262
136,28.0002,28.2127,2.55,2.2251
137,28.0002,28.215,2.55,2.224
138,28.0002,28.2173,2.55,2.2229
139,28.0002,28.2195,2.55,2.2219
140,28.0002,28.2218,2.55,2.2208
141,28.0002,28.2241,2.55,2.2197
142,28.0002,28.2264,2.55,2.2186
143,28.0002,28.2286,2.55,2.2176
144,28.0003,28.2309,2.55,2.2165
145,28.0003,28.2332,2.55,2.2154
146,28.0003,28.2355,2.55,2.2144
147,28.0003,28.2378,2.55,2.2133
148,28.0003,28.2401,2.55,2.2123
149,28.0003,28.2424,2.55,2.2112
150,28.0003,28.2447,2.55,2.2102
151,28.0004,28.247,2.55,2.2092
152,28.0004,28.2493,2.55,2.2081
153,28.0004,28.2516,2.55,2.2071
154,28.0004,28.2539,2.55,2.2061
155,28.0004,28.2563,2.55,2.2051
156,28.0005,28.2586,2.55,2.204
157,28.0005,28.2609,2.55,2.203
158,28.0005,28.2632,2.55,2.202
159,28.0005,28.2656,2.55,2.201
160,28.0005,28.2679,2.55,2.2
161,28.0006,28.2703,2.55,2.199
162,28.0006,28.2726,2.55,2.198
163,28.0006,28.275,2.55,2.197
164,28.0006,28.2773,2.55,2.1961
165,28.0007,28.2797,2.55,2.1951
166,28.0007,28.2821,2.55,2.1941
167,28.0007,28.2844,2.55,2.1931
168,28.0007,28.2868,2.55,2.1922
169,28.0008,28.2892,2.55,2.1912
170,28.0008,28.2916,2.55,2.1902
171,28.0008,28.294,2.55,2.1893
172,28.0009,28.2964,2.55,2.1883
173,28.0009,28.2987,2.55,2.1874
174,28.0009,28.3011,2.55,2.1864
175,28.001,28.3036,2.55,2.1855
176,28.001,28.306,2.55,2.1845
177,28.001,28.3084,2.55,2.1836
178,28.0011,28.3108,2.55,2.1827
179,28.0011,28.3132,2.55,2.1817
180,28.0012,28.3156,2.55,2.1808
181,28.0012,28.318,2.55,2.1799
182,28.0013,28.3204,2.55,2.1789
183,28.0013,28.3228,2.55,2.178
184,28.0013,28.3251,2.55,2.1771
185,28.0014,28.3275,2.55,2.1762
186,28.0014,28.3298,2.55,2.1753
187,28.0015,28.3321,2.55,2.1744
188,28.0015,28.3344,2.55,2.1735
189,28.0016,28.3367,2.55,2.1726
190,28.0016,28.3391,2.55,2.1717
191,28.0017,28.3414,2.55,2.1708
192,28.0017,28.3437,2.55,2.1699
193,28.0018,28.346,2.55,2.169
194,28.0019,28.3483,2.55,2.1681
195,28.0019,28.3506,2.55,2.1672
196,28.002,28.3529,2.55,2.1663
197,28.002,28.3552,2.55,2.1655
198,28.0021,28.3574,2.55,2.1646
199,28.0022,28.3597,2.55,2.1637
200,28.0022,28.362,2.55,2.1628
201,28.0023,28.3643,2.55,2.162
202,28.0024,28.3666,2.55,2.1611
203,28.0024,28.3689,2.55,2.1602
204,28.0025,28.3712,2.55,2.1594
205,28.0026,28.3735,2.55,2.1585
206,28.0027,28.3757,2.55,2.1577
207,28.0027,28.378,2.55,2.1568
208,28.0028,28.3803,2.55,2.156
209,28.0029,28.3826,2.55,2.1551
210,28.003,28.3849,2.55,2.1543
211,28.0031,28.3872,2.55,2.1534
212,28.0032,28.3894,2.55,2.1526
213,28.0032,28.3917,2.55,2.1518
214,28.0033,28.394,2.55,2.1509
215,28.0034,28.3963,2.55,2.1501
216,28.0035,28.3986,2.55,2.1493
217,28.0036,28.4009,2.55,2.1484
218,28.0037,28.4032,2.55,2.1476
219,28.0038,28.4054,2.55,2.1468
220,28.0039,28.4077,2.55,2.146
221,28.004,28.41,2.55,2.1452
222,28.0041,28.4123,2.55,2.1443
223,28.0042,28.4146,2.55,2.1435
224,28.0043,28.4169,2.55,2.1427
225,28.0044,28.4192,2.55,2.1419
226,28.0045,28.4215,2.55,2.1411
227,28.0046,28.4238,2.55,2.1403
228,28.0048,28.4261,2.55,2.1395
229,28.0049,28.4283,2.55,2.1387
230,28.005,28.4306,2.55,2.1379
231,28.0051,28.4329,2.55,2.1371
232,28.0052,28.4352,2.55,2.1363
233,28.0054,28.4375,2.55,2.1355
234,28.0055,28.4398,2.55,2.1347
235,28.0056,28.4421,2.55,2.1339
236,28.0057,28.4444,2.55,2.1332
237,28.0059,28.4467,2.55,2.1324
238,28.006,28.449,2.55,2.1316
239,28.0061,28.4513,2.55,2.1308
240,28.0063,28.4537,2.55,2.13
241,28.0064,28.4561,2.55,2.1293
242,28.0066,28.4586,2.55,2.1285
243,28.0067,28.4612,2.55,2.1277
244,28.0069,28.4638,2.55,2.127
245,28.007,28.4665,2.55,2.1262
246,28.0072,28.4692,2.55,2.1254
247,28.0073,28.4719,2.55,2.1247
248,28.0075,28.4747,2.55,2.1239
249,28.0076,28.4775,2.55,2.1231
250,28.0078,28.4803,2.55,2.1224
251,28.008,28.4832,2.55,2.1216
252,28.0081,28.4861,2.55,2.1209
253,28.0083,28.489,2.55,2.1201
254,28.0085,28.4919,2.55,2.1194
255,28.0086,28.4948,2.55,2.1186
256,28.0088,28.4978,2.55,2.1179
257,28.009,28.5008,2.55,2.1172
258,28.0092,28.5038,2.55,2.1164
259,28.0094,28.5069,2.55,2.1157
260,28.0095,28.5099,2.55,2.1149
261,28.0097,28.513,2.55,2.1142
262,28.0099,28.5161,2.55,2.1135
263,28.0101,28.5192,2.55,2.1127
264,28.0103,28.5223,2.55,2.112
265,28.0105,28.5255,2.55,2.1113
266,28.0107,28.5287,2.55,2.1106
267,28.0109,28.5318,2.55,2.1098
268,28.0111,28.535,2.55,2.1091
269,28.0113,28.5382,2.55,2.1084
270,28.0115,28.5415,2.55,2.1077
271,28.0117,28.5447,2.55,2.107
272,28.012,28.548,2.55,2.1063
273,28.0122,28.5513,2.55,2.1055
274,28.0124,28.5545,2.55,2.1048
275,28.0126,28.5579,2.55,2.1041
276,28.0128,28.5612,2.55,2.1034
277,28.0131,28.5645,2.55,2.1027
278,28.0133,28.5679,2.55,2.102
279,28.0135,28.5712,2.55,2.1013
280,28.0138,28.5746,2.55,2.1006
281,28.014,28.578,2.55,2.0999
282,28.0143,28.5814,2.55,2.0992
283,28.0145,28.5848,2.55,2.0985
284,28.0148,28.5882,2.55,2.0978
285,28.015,28.5917,2.55,2.0971
286,28.0153,28.5951,2.55,2.0964
287,28.0155,28.5986,2.55,2.0958
288,28.0158,28.6021,2.55,2.0951
289,28.016,28.6056,2.55,2.0944
290,28.0163,28.6091,2.55,2.0937
291,28.0166,28.6126,2.55,2.093
292,28.0168,28.6161,2.55,2.0923
293,28.0171,28.6197,2.55,2.0917
294,28.0174,28.6232,2.55,2.091
295,28.0177,28.6268,2.55,2.0903
296,28.0179,28.6304,2.55,2.0896
297,28.0182,28.634,2.55,2.089
298,28.0185,28.6376,2.55,2.0883
299,28.0188,28.6412,2.55,2.0876
300,28.0191,28.6448,2.55,2.087
301,28.0194,28.6484,2.55,2.0863
302,28.0197,28.6518,2.55,2.0856
303,28.02,28.6553,2.55,2.085
304,28.0203,28.6587,2.55,2.0843
305,28.0206,28.6621,2.55,2.0836
306,28.0209,28.6655,2.55,2.083
307,28.0212,28.6689,2.55,2.0823
308,28.0215,28.6723,2.55,2.0817
309,28.0219,28.6756,2.55,2.081
310,28.0222,28.679,2.55,2.0804
311,28.0225,28.6823,2.55,2.0797
312,28.0228,28.6856,2.55,2.0791
313,28.0232,28.6889,2.55,2.0784
314,28.0235,28.6923,2.55,2.0778
315,28.0238,28.6956,2.55,2.0771
316,28.0242,28.6989,2.55,2.0765
317,28.0245,28.7022,2.55,2.0758
318,28.0249,28.7055,2.55,2.0752
319,28.0252,28.7087,2.55,2.0746
320,28.0256,28.712,2.55,2.0739
321,28.0259,28.7153,2.55,2.0733
322,28.0263,28.7186,2.55,2.0726
323,28.0266,28.7219,2.55,2.072
324,28.027,28.7251,2.55,2.0714
325,28.0274,28.7284,2.55,2.0707
326,28.0278,28.7317,2.55,2.0701
327,28.0281,28.7349,2.55,2.0695
328,28.0285,28.7382,2.55,2.0689
329,28.0289,28.7415,2.55,2.0682
330,28.0293,28.7447,2.55,2.0676
331,28.0296,28.748,2.55,2.067
332,28.03,28.7513,2.55,2.0664
333,28.0304,28.7545,2.55,2.0657
334,28.0308,28.7578,2.55,2.0651
335,28.0312,28.761,2.55,2.0645
336,28.0316,28.7643,2.55,2.0639
337,28.032,28.7676,2.55,2.0633
338,28.0324,28.7708,2.55,2.0626
339,28.0328,28.7741,2.55,2.062
340,28.0333,28.7773,2.55,2.0614
341,28.0337,28.7806,2.55,2.0608
342,28.0341,28.7838,2.55,2.0602
343,28.0345,28.7871,2.55,2.0596
344,28.0349,28.7904,2.55,2.059
345,28.0354,28.7936,2.55,2.0584
346,28.0358,28.7969,2.55,2.0577
347,28.0362,28.8001,2.55,2.0571
348,28.0367,28.8034,2.55,2.0565
349,28.0371,28.8066,2.55,2.0559
350,28.0376,28.8099,2.55,2.0553
351,28.038,28.8132,2.55,2.0547
352,28.0385,28.8164,2.55,2.0541
353,28.0389,28.8197,2.55,2.0535
354,28.0394,28.823,2.55,2.0529
355,28.0399,28.8262,2.55,2.0523
356,28.0403,28.8295,2.55,2.0517
357,28.0408,28.8328,2.55,2.0512
358,28.0413,28.836,2.55,2.0506
359,28.0417,28.8393,2.55,2.05
360,28.0422,28.8426,2.55,2.0494
361,28.0427,28.8459,2.55,2.0488
362,28.0432,28.8492,2.55,2.0482
363,28.0437,28.8525,2.55,2.0476
364,28.0442,28.8558,2.55,2.047
365,28.0447,28.8591,2.55,2.0464
366,28.0452,28.8625,2.55,2.0459
367,28.0457,28.8658,2.55,2.0453
368,28.0462,28.8692,2.55,2.0447
369,28.0467,28.8725,2.55,2.0441
370,28.0472,28.8759,2.55,2.0435
371,28.0477,28.8792,2.55,2.043
372,28.0482,28.8826,2.55,2.0424
373,28.0487,28.886,2.55,2.0418
374,28.0493,28.8894,2.55,2.0412
375,28.0498,28.8928,2.55,2.0407
376,28.0503,28.8962,2.55,2.0401
377,28.0509,28.8996,2.55,2.0395
378,28.0514,28.903,2.55,2.0389
379,28.0519,28.9064,2.55,2.0384
380,28.0525,28.9098,2.55,2.0378
381,28.053,28.9132,2.55,2.0372
382,28.0536,28.9166,2.55,2.0367
383,28.0542,28.92,2.55,2.0361
384,28.0547,28.9235,2.55,2.0355
385,28.0553,28.9269,2.55,2.035
386,28.0558,28.9303,2.55,2.0344
387,28.0564,28.9338,2.55,2.0339
388,28.057,28.9372,2.55,2.0333
389,28.0576,28.9407,2.55,2.0327
390,28.0582,28.9441,2.55,2.0322
391,28.0587,28.9476,2.55,2.0316
392,28.0593,28.951,2.55,2.0311
393,28.0599,28.9545,2.55,2.0305
394,28.0605,28.958,2.55,2.03
395,28.0611,28.9614,2.55,2.0294
396,28.0617,28.9649,2.55,2.0289
397,28.0623,28.9684,2.55,2.0283
398,28.0629,28.9719,2.55,2.0278
399,28.0636,28.9754,2.55,2.0272
400,28.0642,28.9788,2.55,2.0267
401,28.0648,28.9823,2.55,2.0261
402,28.0654,28.9858,2.55,2.0256
403,28.0661,28.9893,2.55,2.025
404,28.0667,28.9929,2.55,2.0245
405,28.0673,28.9964,2.55,2.0239
406,28.068,28.9999,2.55,2.0234
407,28.0686,29.0034,2.55,2.0228
408,28.0693,29.0069,2.55,2.0223
409,28.0699,29.0104,2.55,2.0218
410,28.0706,29.014,2.55,2.0212
411,28.0712,29.0175,2.55,2.0207
412,28.0719,29.021,2.55,2.0202
413,28.0726,29.0246,2.55,2.0196
414,28.0732,29.0281,2.55,2.0191
415,28.0739,29.0317,2.55,2.0185
416,28.0746,29.0352,2.55,2.018
417,28.0753,29.0388,2.55,2.0175
418,28.076,29.0423,2.55,2.0169
419,28.0767,29.0459,2.55,2.0164
420,28.0773,29.0495,2.55,2.0159
421,28.078,29.053,2.55,2.0154
422,28.0787,29.0564,2.55,2.0148
423,28.0795,29.0599,2.55,2.0143
424,28.0802,29.0633,2.55,2.0138
425,28.0809,29.0667,2.55,2.0133
426,28.0816,29.0701,2.55,2.0127
427,28.0823,29.0735,2.55,2.0122
428,28.083,29.0768,2.55,2.0117
429,28.0838,29.0802,2.55,2.0112
430,28.0845,29.0835,2.55,2.0106
431,28.0852,29.0868,2.55,2.0101
432,28.086,29.0901,2.55,2.0096
433,28.0867,29.0934,2.55,2.0091
434,28.0875,29.0968,2.55,2.0086
435,28.0882,29.1,2.55,2.0081
436,28.089,29.1033,2.55,2.0075
437,28.0898,29.1066,2.55,2.007
438,28.0905,29.1099,2.55,2.0065
439,28.0913,29.1132,2.55,2.006
440,28.0921,29.1164,2.55,2.0055
441,28.0928,29.1197,2.55,2.005
442,28.0936,29.1229,2.55,2.0045
443,28.0944,29.1262,2.55,2.0039
444,28.0952,29.1294,2.55,2.0034
445,28.096,29.1327,2.55,2.0029
446,28.0968,29.1359,2.55,2.0024
447,28.0976,29.1391,2.55,2.0019
448,28.0984,29.1424,2.55,2.0014
449,28.0992,29.1456,2.55,2.0009
450,28.1,29.1488,2.55,2.0004
451,28.1008,29.152,2.55,1.9999
452,28.1016,29.1552,2.55,1.9994
453,28.1025,29.1584,2.55,1.9989
454,28.1033,29.1616,2.55,1.9984
455,28.1041,29.1648,2.55,1.9979
456,28.105,29.168,2.55,1.9974
457,28.1058,29.1712,2.55,1.9969
458,28.1067,29.1744,2.55,1.9964
459,28.1075,29.1776,2.55,1.9959
460,28.1084,29.1808,2.55,1.9954
461,28.1092,29.184,2.55,1.9949
462,28.1101,29.1872,2.55,1.9944
463,28.1109,29.1903,2.55,1.9939
464,28.1118,29.1935,2.55,1.9934
465,28.1127,29.1967,2.55,1.9929
466,28.1136,29.1999,2.55,1.9924
467,28.1144,29.203,2.55,1.9919
468,28.1153,29.2062,2.55,1.9914
469,28.1162,29.2094,2.55,1.9909
470,28.1171,29.2125,2.55,1.9905
471,28.118,29.2157,2.55,1.99
472,28.1189,29.2188,2.55,1.9895
473,28.1198,29.222,2.55,1.989
474,28.1207,29.2251,2.55,1.9885
475,28.1216,29.2283,2.55,1.988
476,28.1226,29.2315,2.55,1.9875
477,28.1235,29.2346,2.55,1.987
478,28.1244,29.2377,2.55,1.9866
479,28.1253,29.2409,2.55,1.9861
480,28.1263,29.244,2.55,1.9856
481,28.1272,29.2473,2.55,1.9851
482,28.1281,29.2505,2.55,1.9846
483,28.1291,29.2539,2.55,1.9841
484,28.13,29.2572,2.55,1.9837
485,28.131,29.2606,2.55,1.9832
486,28.132,29.264,2.55,1.9827
487,28.1329,29.2675,2.55,1.9822
488,28.1339,29.2709,2.55,1.9818
489,28.1349,29.2744,2.55,1.9813
490,28.1358,29.2779,2.55,1.9808
491,28.1368,29.2814,2.55,1.9803
492,28.1378,29.2849,2.55,1.9799
493,28.1388,29.2885,2.55,1.9794
494,28.1398,29.292,2.55,1.9789
495,28.1408,29.2956,2.55,1.9784
496,28.1418,29.2992,2.55,1.978
497,28.1428,29.3028,2.55,1.9775
498,28.1438,29.3064,2.55,1.977
499,28.1448,29.31,2.55,1.9766
500,28.1458,29.3137,2.55,1.9761
501,28.1468,29.3173,2.55,1.9756
502,28.1479,29.321,2.55,1.9752
503,28.1489,29.3246,2.55,1.9747
504,28.1499,29.3283,2.55,1.9742
505,28.151,29.332,2.55,1.9738
506,28.152,29.3357,2.55,1.9733
507,28.153,29.3394,2.55,1.9728
508,28.1541,29.3431,2.55,1.9724
509,28.1551,29.3468,2.55,1.9719
510,28.1562,29.3506,2.55,1.9715
511,28.1573,29.3543,2.55,1.971
512,28.1583,29.3581,2.55,1.9705
513,28.1594,29.3618,2.55,1.9701
514,28.1605,29.3656,2.55,1.9696
515,28.1616,29.3694,2.55,1.9692
516,28.1626,29.3732,2.55,1.9687
517,28.1637,29.377,2.55,1.9683
518,28.1648,29.3808,2.55,1.9678
519,28.1659,29.3846,2.55,1.9673
520,28.167,29.3884,2.55,1.9669
521,28.1681,29.3922,2.55,1.9664
522,28.1692,29.3961,2.55,1.966
523,28.1703,29.3999,2.55,1.9655
524,28.1714,29.4038,2.55,1.9651
525,28.1726,29.4076,2.55,1.9646
526,28.1737,29.4115,2.55,1.9642
527,28.1748,29.4154,2.55,1.9637
528,28.1759,29.4192,2.55,1.9633
529,28.1771,29.4231,2.55,1.9628
530,28.1782,29.427,2.55,1.9624
531,28.1794,29.4309,2.55,1.9619
532,28.1805,29.4348,2.55,1.9615
533,28.1817,29.4387,2.55,1.9611
534,28.1828,29.4427,2.55,1.9606
535,28.184,29.4466,2.55,1.9602
536,28.1851,29.4505,2.55,1.9597
537,28.1863,29.4545,2.55,1.9593
538,28.1875,29.4584,2.55,1.9588
539,28.1887,29.4624,2.55,1.9584
540,28.1898,29.4663,2.55,1.958
541,28.191,29.4703,2.55,1.9575
542,28.1922,29.4742,2.55,1.9571
543,28.1934,29.4781,2.55,1.9566
544,28.1946,29.482,2.55,1.9562
545,28.1958,29.4859,2.55,1.9558
546,28.197,29.4897,2.55,1.9553
547,28.1982,29.4936,2.55,1.9549
548,28.1994,29.4975,2.55,1.9545
549,28.2006,29.5014,2.55,1.954
550,28.2019,29.5052,2.55,1.9536
551,28.2031,29.5091,2.55,1.9532
552,28.2043,29.5129,2.55,1.9527
553,28.2055,29.5168,2.55,1.9523
554,28.2068,29.5207,2.55,1.9519
555,28.208,29.5245,2.55,1.9514
556,28.2093,29.5284,2.55,1.951
557,28.2105,29.5322,2.55,1.9506
558,28.2118,29.5361,2.55,1.9501
559,28.213,29.5399,2.55,1.9497
560,28.2143,29.5438,2.55,1.9493
561,28.2155,29.5477,2.55,1.9488
562,28.2168,29.5515,2.55,1.9484
563,28.2181,29.5554,2.55,1.948
564,28.2194,29.5592,2.55,1.9476
565,28.2206,29.5631,2.55,1.9471
566,28.2219,29.567,2.55,1.9467
567,28.2232,29.5708,2.55,1.9463
568,28.2245,29.5747,2.55,1.9459
569,28.2258,29.5785,2.55,1.9454
570,28.2271,29.5824,2.55,1.945
571,28.2284,29.5863,2.55,1.9446
572,28.2297,29.5901,2.55,1.9442
573,28.231,29.594,2.55,1.9438
574,28.2323,29.5979,2.55,1.9433
575,28.2336,29.6017,2.55,1.9429
576,28.235,29.6056,2.55,1.9425
577,28.2363,29.6095,2.55,1.9421
578,28.2376,29.6134,2.55,1.9417
579,28.239,29.6172,2.55,1.9412
580,28.2403,29.6211,2.55,1.9408
581,28.2416,29.625,2.55,1.9404
582,28.243,29.6289,2.55,1.94
583,28.2443,29.6328,2.55,1.9396
584,28.2457,29.6366,2.55,1.9392
585,28.247,29.6405,2.55,1.9388
586,28.2484,29.6444,2.55,1.9383
587,28.2498,29.6483,2.55,1.9379
588,28.2511,29.6522,2.55,1.9375
589,28.2525,29.6561,2.55,1.9371
590,28.2539,29.66,2.55,1.9367
591,28.2553,29.6639,2.55,1.9363
592,28.2567,29.6678,2.55,1.9359
593,28.258,29.6717,2.55,1.9355
594,28.2594,29.6756,2.55,1.9351
595,28.2608,29.6795,2.55,1.9346
596,28.2622,29.6834,2.55,1.9342
597,28.2636,29.6873,2.55,1.9338
598,28.265,29.6912,2.55,1.9334
599,28.2665,29.6951,2.55,1.933
600,28.2679,29.699,2.55,1.9326
601,28.2693,29.703,2.55,1.9322
602,28.2707,29.707,2.55,1.9318
603,28.2721,29.711,2.55,1.9314
604,28.2736,29.7151,2.55,1.931
605,28.275,29.7192,2.55,1.9306
606,28.2764,29.7233,2.55,1.9302
607,28.2779,29.7274,2.55,1.9298
608,28.2793,29.7316,2.55,1.9294
609,28.2808,29.7358,2.55,1.929
610,28.2822,29.7399,2.55,1.9286
611,28.2837,29.7441,2.55,1.9282
612,28.2851,29.7483,2.55,1.9278
613,28.2866,29.7525,2.55,1.9274
614,28.2881,29.7568,2.55,1.927
615,28.2896,29.761,2.55,1.9266
616,28.291,29.7653,2.55,1.9262
617,28.2925,29.7695,2.55,1.9258
618,28.294,29.7738,2.55,1.9254
619,28.2955,29.7781,2.55,1.925
620,28.297,29.7824,2.55,1.9246
621,28.2985,29.7867,2.55,1.9242
622,28.3,29.791,2.55,1.9238
623,28.3015,29.7953,2.55,1.9234
624,28.303,29.7997,2.55,1.923
625,28.3045,29.804,2.55,1.9226
626,28.306,29.8084,2.55,1.9222
627,28.3075,29.8127,2.55,1.9218
628,28.309,29.8171,2.55,1.9215
629,28.3106,29.8215,2.55,1.9211
630,28.3121,29.8259,2.55,1.9207
631,28.3136,29.8303,2.55,1.9203
632,28.3152,29.8347,2.55,1.9199
633,28.3167,29.8391,2.55,1.9195
634,28.3182,29.8435,2.55,1.9191
635,28.3198,29.8479,2.55,1.9187
636,28.3213,29.8524,2.55,1.9183
637,28.3229,29.8568,2.55,1.918
638,28.3245,29.8613,2.55,1.9176
639,28.326,29.8657,2.55,1.9172
640,28.3276,29.8702,2.55,1.9168
641,28.3292,29.8747,2.55,1.9164
642,28.3307,29.8792,2.55,1.916
643,28.3323,29.8837,2.55,1.9157
644,28.3339,29.8882,2.55,1.9153
645,28.3355,29.8927,2.55,1.9149
646,28.3371,29.8972,2.55,1.9145
647,28.3387,29.9017,2.55,1.9141
648,28.3403,29.9063,2.55,1.9138
649,28.3419,29.9108,2.55,1.9134
650,28.3435,29.9154,2.55,1.913
651,28.3451,29.9199,2.55,1.9126
652,28.3467,29.9245,2.55,1.9122
653,28.3483,29.929,2.55,1.9119
654,28.3499,29.9336,2.55,1.9115
655,28.3515,29.9382,2.55,1.9111
656,28.3532,29.9428,2.55,1.9107
657,28.3548,29.9474,2.55,1.9103
658,28.3564,29.952,2.55,1.91
659,28.3581,29.9566,2.55,1.9096
660,28.3597,29.9612,2.55,1.9092
661,28.3614,29.9657,2.55,1.9089
662,28.363,29.9702,2.55,1.9085
663,28.3647,29.9747,2.55,1.9081
664,28.3663,29.9791,2.55,1.9077
665,28.368,29.9835,2.55,1.9074
666,28.3696,29.9879,2.55,1.907
667,28.3713,29.9923,2.55,1.9066
668,28.373,29.9967,2.55,1.9062
669,28.3747,30.001,2.55,1.9059
670,28.3763,30.0053,2.55,1.9055
671,28.378,30.0097,2.55,1.9051
672,28.3797,30.014,2.55,1.9048
673,28.3814,30.0183,2.55,1.9044
674,28.3831,30.0226,2.55,1.904
675,28.3848,30.0269,2.55,1.9037
676,28.3865,30.0312,2.55,1.9033
677,28.3882,30.0354,2.55,1.9029
678,28.3899,30.0397,2.55,1.9026
679,28.3916,30.044,2.55,1.9022
680,28.3933,30.0482,2.55,1.9018
681,28.3951,30.0525,2.55,1.9015
682,28.3968,30.0567,2.55,1.9011
683,28.3985,30.061,2.55,1.9007
684,28.4002,30.0652,2.55,1.9004
685,28.402,30.0694,2.55,1.9
686,28.4037,30.0737,2.55,1.8996
687,28.4055,30.0779,2.55,1.8993
688,28.4072,30.0821,2.55,1.8989
689,28.409,30.0863,2.55,1.8986
690,28.4107,30.0906,2.55,1.8982
691,28.4125,30.0948,2.55,1.8978
692,28.4142,30.099,2.55,1.8975
693,28.416,30.1032,2.55,1.8971
694,28.4178,30.1074,2.55,1.8967
695,28.4195,30.1116,2.55,1.8964
696,28.4213,30.1158,2.55,1.896
697,28.4231,30.12,2.55,1.8957
698,28.4249,30.1241,2.55,1.8953
699,28.4267,30.1283,2.55,1.895
700,28.4285,30.1325,2.55,1.8946
701,28.4303,30.1367,2.55,1.8942
702,28.4321,30.1409,2.55,1.8939
703,28.4339,30.1451,2.55,1.8935
704,28.4357,30.1492,2.55,1.8932
705,28.4375,30.1534,2.55,1.8928
706,28.4393,30.1576,2.55,1.8925
707,28.4411,30.1618,2.55,1.8921
708,28.4429,30.1659,2.55,1.8917
709,28.4448,30.1701,2.55,1.8914
710,28.4466,30.1743,2.55,1.891
711,28.4484,30.1784,2.55,1.8907
712,28.4503,30.1826,2.55,1.8903
713,28.4521,30.1867,2.55,1.89
714,28.454,30.1909,2.55,1.8896
715,28.4558,30.1951,2.55,1.8893
716,28.4577,30.1992,2.55,1.8889
717,28.4595,30.2034,2.55,1.8886
718,28.4614,30.2075,2.55,1.8882
719,28.4632,30.2117,2.55,1.8879
720,28.4651,30.2158,2.55,1.8875
721,28.467,30.22,2.55,1.8872
722,28.4689,30.2242,2.55,1.8868
723,28.4707,30.2285,2.55,1.8865
724,28.4726,30.2327,2.55,1.8861
725,28.4745,30.237,2.55,1.8858
726,28.4764,30.2413,2.55,1.8854
727,28.4783,30.2456,2.55,1.8851
728,28.4802,30.2499,2.55,1.8847
729,28.4821,30.2542,2.55,1.8844
730,28.484,30.2585,2.55,1.884
731,28.4859,30.2629,2.55,1.8837
732,28.4878,30.2672,2.55,1.8834
733,28.4897,30.2715,2.55,1.883
734,28.4917,30.2759,2.55,1.8827
735,28.4936,30.2803,2.55,1.8823
736,28.4955,30.2846,2.55,1.882
737,28.4974,30.289,2.55,1.8816
738,28.4994,30.2934,2.55,1.8813
739,28.5013,30.2978,2.55,1.881
740,28.5033,30.3022,2.55,1.8806
741,28.5052,30.3065,2.55,1.8803
742,28.5072,30.311,2.55,1.8799
743,28.5091,30.3154,2.55,1.8796
744,28.5111,30.3198,2.55,1.8793
745,28.513,30.3242,2.55,1.8789
746,28.515,30.3286,2.55,1.8786
747,28.517,30.333,2.55,1.8782
748,28.519,30.3375,2.55,1.8779
749,28.5209,30.3419,2.55,1.8776
750,28.5229,30.3463,2.55,1.8772
751,28.5249,30.3508,2.55,1.8769
752,28.5269,30.3552,2.55,1.8765
753,28.5289,30.3597,2.55,1.8762
754,28.5309,30.3642,2.55,1.8759
755,28.5329,30.3686,2.55,1.8755
756,28.5349,30.3731,2.55,1.8752
757,28.5369,30.3776,2.55,1.8749
758,28.5389,30.382,2.55,1.8745
759,28.5409,30.3865,2.55,1.8742
760,28.5429,30.391,2.55,1.8739
761,28.545,30.3955,2.55,1.8735
762,28.547,30.4,2.55,1.8732
763,28.549,30.4045,2.55,1.8729
764,28.5511,30.409,2.55,1.8725
765,28.5531,30.4135,2.55,1.8722
766,28.5552,30.418,2.55,1.8719
767,28.5572,30.4225,2.55,1.8715
768,28.5593,30.427,2.55,1.8712
769,28.5613,30.4316,2.55,1.8709
770,28.5634,30.4361,2.55,1.8705
771,28.5654,30.4406,2.55,1.8702
772,28.5675,30.4452,2.55,1.8699
773,28.5696,30.4497,2.55,1.8696
774,28.5717,30.4542,2.55,1.8692
775,28.5737,30.4588,2.55,1.8689
776,28.5758,30.4633,2.55,1.8686
777,28.5779,30.4679,2.55,1.8682
778,28.58,30.4724,2.55,1.8679
779,28.5821,30.477,2.55,1.8676
780,28.5842,30.4816,2.55,1.8673
781,28.5863,30.4861,2.55,1.8669
782,28.5884,30.4905,2.55,1.8666
783,28.5905,30.495,2.55,1.8663
784,28.5926,30.4994,2.55,1.866
785,28.5947,30.5038,2.55,1.8656
786,28.5969,30.5082,2.55,1.8653
787,28.599,30.5126,2.55,1.865
788,28.6011,30.517,2.55,1.8647
789,28.6032,30.5213,2.55,1.8643
790,28.6054,30.5257,2.55,1.864
791,28.6075,30.53,2.55,1.8637
792,28.6097,30.5344,2.55,1.8634
793,28.6118,30.5387,2.55,1.8631
794,28.614,30.543,2.55,1.8627
795,28.6161,30.5474,2.55,1.8624
796,28.6183,30.5517,2.55,1.8621
797,28.6204,30.556,2.55,1.8618
798,28.6226,30.5603,2.55,1.8614
799,28.6248,30.5646,2.55,1.8611
800,28.627,30.5689,2.55,1.8608
801,28.6291,30.5732,2.55,1.8605
802,28.6313,30.5774,2.55,1.8602
803,28.6335,30.5817,2.55,1.8599
804,28.6357,30.586,2.55,1.8595
805,28.6379,30.5903,2.55,1.8592
806,28.6401,30.5945,2.55,1.8589
807,28.6423,30.5988,2.55,1.8586
808,28.6445,30.603,2.55,1.8583
809,28.6467,30.6073,2.55,1.8579
810,28.6489,30.6115,2.55,1.8576
811,28.6511,30.6158,2.55,1.8573
812,28.6534,30.62,2.55,1.857
813,28.6556,30.6243,2.55,1.8567
814,28.6578,30.6285,2.55,1.8564
815,28.66,30.6327,2.55,1.8561
816,28.6623,30.637,2.55,1.8557
817,28.6645,30.6412,2.55,1.8554
818,28.6668,30.6454,2.55,1.8551
819,28.669,30.6497,2.55,1.8548
820,28.6713,30.6539,2.55,1.8545
821,28.6735,30.6581,2.55,1.8542
822,28.6758,30.6623,2.55,1.8539
823,28.678,30.6665,2.55,1.8535
824,28.6803,30.6707,2.55,1.8532
825,28.6826,30.6749,2.55,1.8529
826,28.6848,30.6792,2.55,1.8526
827,28.6871,30.6834,2.55,1.8523
828,28.6894,30.6876,2.55,1.852
829,28.6917,30.6918,2.55,1.8517
830,28.694,30.696,2.55,1.8514
831,28.6963,30.7002,2.55,1.8511
832,28.6986,30.7044,2.55,1.8507
833,28.7009,30.7086,2.55,1.8504
834,28.7032,30.7128,2.55,1.8501
835,28.7055,30.7169,2.55,1.8498
836,28.7078,30.7211,2.55,1.8495
837,28.7101,30.7253,2.55,1.8492
838,28.7124,30.7295,2.55,1.8489
839,28.7148,30.7337,2.55,1.8486
840,28.7171,30.7379,2.55,1.8483
841,28.7194,30.7421,2.55,1.848
842,28.7217,30.7463,2.55,1.8477
843,28.7241,30.7505,2.55,1.8474
844,28.7264,30.7547,2.55,1.8471
845,28.7288,30.7589,2.55,1.8467
846,28.7311,30.7631,2.55,1.8464
847,28.7335,30.7674,2.55,1.8461
848,28.7358,30.7716,2.55,1.8458
849,28.7382,30.7758,2.55,1.8455
850,28.7405,30.78,2.55,1.8452
851,28.7429,30.7843,2.55,1.8449
852,28.7453,30.7885,2.55,1.8446
853,28.7477,30.7927,2.55,1.8443
854,28.75,30.797,2.55,1.844
855,28.7524,30.8012,2.55,1.8437
856,28.7548,30.8054,2.55,1.8434
857,28.7572,30.8097,2.55,1.8431
858,28.7596,30.8139,2.55,1.8428
859,28.762,30.8182,2.55,1.8425
860,28.7644,30.8224,2.55,1.8422
861,28.7668,30.8266,2.55,1.8419
862,28.7692,30.8309,2.55,1.8416
863,28.7716,30.8351,2.55,1.8413
864,28.774,30.8394,2.55,1.841
865,28.7764,30.8436,2.55,1.8407
866,28.7789,30.8479,2.55,1.8404
867,28.7813,30.8521,2.55,1.8401
868,28.7837,30.8564,2.55,1.8398
869,28.7861,30.8606,2.55,1.8395
870,28.7886,30.8649,2.55,1.8392
871,28.791,30.8691,2.55,1.8389
872,28.7935,30.8734,2.55,1.8386
873,28.7959,30.8776,2.55,1.8383
874,28.7984,30.8819,2.55,1.838
875,28.8008,30.8861,2.55,1.8377
876,28.8033,30.8904,2.55,1.8374
877,28.8057,30.8946,2.55,1.8371
878,28.8082,30.8989,2.55,1.8368
879,28.8107,30.9031,2.55,1.8365
880,28.8131,30.9074,2.55,1.8362
881,28.8156,30.9117,2.55,1.8359
882,28.8181,30.9159,2.55,1.8356
883,28.8206,30.9202,2.55,1.8353
884,28.8231,30.9244,2.55,1.835
885,28.8256,30.9287,2.55,1.8348
886,28.8281,30.933,2.55,1.8345
887,28.8305,30.9372,2.55,1.8342
888,28.8331,30.9415,2.55,1.8339
889,28.8356,30.9458,2.55,1.8336
890,28.8381,30.95,2.55,1.8333
891,28.8406,30.9543,2.55,1.833
892,28.8431,30.9586,2.55,1.8327
893,28.8456,30.9628,2.55,1.8324
894,28.8481,30.9671,2.55,1.8321
895,28.8507,30.9714,2.55,1.8318
896,28.8532,30.9756,2.55,1.8315
897,28.8557,30.9799,2.55,1.8312
898,28.8583,30.9842,2.55,1.831
899,28.8608,30.9885,2.55,1.8307
900,28.8633,30.9927,2.55,1.8304
901,28.8659,30.9971,2.55,1.8301
902,28.8684,31.0014,2.55,1.8298
903,28.871,31.0058,2.55,1.8295
904,28.8736,31.0102,2.55,1.8292
905,28.8761,31.0147,2.55,1.8289
906,28.8787,31.0191,2.55,1.8286
907,28.8812,31.0236,2.55,1.8284
908,28.8838,31.0281,2.55,1.8281
909,28.8864,31.0326,2.55,1.8278
910,28.889,31.0371,2.55,1.8275
911,28.8916,31.0416,2.55,1.8272
912,28.8941,31.0461,2.55,1.8269
913,28.8967,31.0507,2.55,1.8266
914,28.8993,31.0552,2.55,1.8263
915,28.9019,31.0598,2.55,1.8261
916,28.9045,31.0643,2.55,1.8258
917,28.9071,31.0689,2.55,1.8255
918,28.9097,31.0735,2.55,1.8252
919,28.9123,31.0781,2.55,1.8249
920,28.9149,31.0827,2.55,1.8246
921,28.9176,31.0873,2.55,1.8244
922,28.9202,31.0919,2.55,1.8241
923,28.9228,31.0966,2.55,1.8238
924,28.9254,31.1012,2.55,1.8235
925,28.9281,31.1059,2.55,1.8232
926,28.9307,31.1105,2.55,1.8229
927,28.9333,31.1152,2.55,1.8227
928,28.936,31.1198,2.55,1.8224
929,28.9386,31.1245,2.55,1.8221
930,28.9413,31.1292,2.55,1.8218
931,28.9439,31.1339,2.55,1.8215
932,28.9466,31.1386,2.55,1.8213
933,28.9492,31.1433,2.55,1.821
934,28.9519,31.148,2.55,1.8207
935,28.9545,31.1527,2.55,1.8204
936,28.9572,31.1574,2.55,1.8201
937,28.9599,31.1621,2.55,1.8199
938,28.9625,31.1669,2.55,1.8196
939,28.9652,31.1716,2.55,1.8193
940,28.9679,31.1764,2.55,1.819
941,28.9706,31.1811,2.55,1.8187
942,28.9733,31.1859,2.55,1.8185
943,28.976,31.1906,2.55,1.8182
944,28.9787,31.1954,2.55,1.8179
945,28.9813,31.2002,2.55,1.8176
946,28.984,31.2049,2.55,1.8174
947,28.9867,31.2097,2.55,1.8171
948,28.9895,31.2145,2.55,1.8168
949,28.9922,31.2193,2.55,1.8165
950,28.9949,31.2241,2.55,1.8163
951,28.9976,31.2289,2.55,1.816
952,29.0003,31.2337,2.55,1.8157
953,29.003,31.2386,2.55,1.8154
954,29.0058,31.2434,2.55,1.8152
955,29.0085,31.2482,2.55,1.8149
956,29.0112,31.253,2.55,1.8146
957,29.0139,31.2579,2.55,1.8143
958,29.0167,31.2627,2.55,1.8141
959,29.0194,31.2676,2.55,1.8138
960,29.0222,31.2724,2.55,1.8135
961,29.0249,31.2772,2.55,1.8133
962,29.0277,31.2819,2.55,1.813
963,29.0304,31.2866,2.55,1.8127
964,29.0332,31.2912,2.55,1.8124
965,29.0359,31.2959,2.55,1.8122
966,29.0387,31.3005,2.55,1.8119
967,29.0415,31.305,2.55,1.8116
968,29.0442,31.3096,2.55,1.8114
969,29.047,31.3142,2.55,1.8111
970,29.0498,31.3187,2.55,1.8108
971,29.0525,31.3232,2.55,1.8105
972,29.0553,31.3277,2.55,1.8103
973,29.0581,31.3322,2.55,1.81
974,29.0609,31.3367,2.55,1.8097
975,29.0637,31.3412,2.55,1.8095
976,29.0665,31.3456,2.55,1.8092
977,29.0693,31.3501,2.55,1.8089
978,29.0721,31.3545,2.55,1.8087
979,29.0749,31.359,2.55,1.8084
980,29.0777,31.3634,2.55,1.8081
981,29.0805,31.3678,2.55,1.8079
982,29.0833,31.3722,2.55,1.8076
983,29.0861,31.3766,2.55,1.8073
984,29.0889,31.381,2.55,1.8071
985,29.0918,31.3854,2.55,1.8068
986,29.0946,31.3898,2.55,1.8065
987,29.0974,31.3942,2.55,1.8063
988,29.1002,31.3986,2.55,1.806
989,29.1031,31.4029,2.55,1.8057
990,29.1059,31.4073,2.55,1.8055
991,29.1087,31.4117,2.55,1.8052
992,29.1116,31.416,2.55,1.8049
993,29.1144,31.4203,2.55,1.8047
994,29.1173,31.4247,2.55,1.8044
995,29.1201,31.429,2.55,1.8041
996,29.123,31.4333,2.55,1.8039
997,29.1258,31.4377,2.55,1.8036
998,29.1287,31.442,2.55,1.8033
999,29.1316,31.4463,2.55,1.8031
1000,29.1344,31.4506,2.55,1.8028
1001,29.1373,31.4549,2.55,1.8026
1002,29.1402,31.4592,2.55,1.8023
1003,29.143,31.4635,2.55,1.802
1004,29.1459,31.4678,2.55,1.8018
1005,29.1488,31.4721,2.55,1.8015
1006,29.1517,31.4764,2.55,1.8012
1007,29.1545,31.4807,2.55,1.801
1008,29.1574,31.485,2.55,1.8007
1009,29.1603,31.4892,2.55,1.8005
1010,29.1632,31.4935,2.55,1.8002
1011,29.1661,31.4978,2.55,1.7999
1012,29.169,31.502,2.55,1.7997
1013,29.1719,31.5063,2.55,1.7994
1014,29.1748,31.5106,2.55,1.7991
1015,29.1777,31.5148,2.55,1.7989
1016,29.1806,31.5191,2.55,1.7986
1017,29.1836,31.5233,2.55,1.7984
1018,29.1865,31.5276,2.55,1.7981
1019,29.1894,31.5318,2.55,1.7979
1020,29.1923,31.536,2.55,1.7976
1021,29.1952,31.5404,2.55,1.7973
1022,29.1982,31.5448,2.55,1.7971
1023,29.2011,31.5494,2.55,1.7968
1024,29.204,31.5539,2.55,1.7966
1025,29.207,31.5585,2.55,1.7963
1026,29.2099,31.5632,2.55,1.796
1027,29.2129,31.5678,2.55,1.7958
1028,29.2158,31.5726,2.55,1.7955
1029,29.2187,31.5773,2.55,1.7953
1030,29.2217,31.582,2.55,1.795
1031,29.2247,31.5868,2.55,1.7948
1032,29.2276,31.5916,2.55,1.7945
1033,29.2306,31.5965,2.55,1.7942
1034,29.2335,31.6013,2.55,1.794
1035,29.2365,31.6062,2.55,1.7937
1036,29.2395,31.6111,2.55,1.7935
1037,29.2424,31.616,2.55,1.7932
1038,29.2454,31.6209,2.55,1.793
1039,29.2484,31.6258,2.55,1.7927
1040,29.2514,31.6308,2.55,1.7925
1041,29.2543,31.6358,2.55,1.7922
1042,29.2573,31.6408,2.55,1.792
1043,29.2603,31.6458,2.55,1.7917
1044,29.2633,31.6508,2.55,1.7915
1045,29.2663,31.6558,2.55,1.7912
1046,29.2693,31.6609,2.55,1.791
1047,29.2723,31.6659,2.55,1.7907
1048,29.2753,31.671,2.55,1.7905
1049,29.2783,31.6761,2.55,1.7902
1050,29.2813,31.6812,2.55,1.79
1051,29.2843,31.6863,2.55,1.7897
1052,29.2873,31.6914,2.55,1.7895
1053,29.2904,31.6966,2.55,1.7892
1054,29.2934,31.7017,2.55,1.789
1055,29.2964,31.7069,2.55,1.7887
1056,29.2994,31.7121,2.55,1.7885
1057,29.3025,31.7173,2.55,1.7882
1058,29.3055,31.7225,2.55,1.788
1059,29.3085,31.7277,2.55,1.7877
1060,29.3116,31.7329,2.55,1.7875
1061,29.3146,31.7381,2.55,1.7872
1062,29.3176,31.7434,2.55,1.787
1063,29.3207,31.7486,2.55,1.7867
1064,29.3237,31.7539,2.55,1.7865
1065,29.3268,31.7592,2.55,1.7862
1066,29.3298,31.7644,2.55,1.786
1067,29.3329,31.7697,2.55,1.7857
1068,29.3359,31.775,2.55,1.7855
1069,29.339,31.7803,2.55,1.7852
1070,29.3421,31.7857,2.55,1.785
1071,29.3451,31.791,2.55,1.7848
1072,29.3482,31.7963,2.55,1.7845
1073,29.3513,31.8017,2.55,1.7843
1074,29.3543,31.807,2.55,1.784
1075,29.3574,31.8124,2.55,1.7838
1076,29.3605,31.8178,2.55,1.7835
1077,29.3636,31.8232,2.55,1.7833
1078,29.3667,31.8286,2.55,1.7831
1079,29.3698,31.834,2.55,1.7828
1080,29.3729,31.8394,2.55,1.7826
1081,29.3759,31.8447,2.55,1.7823
1082,29.379,31.85,2.55,1.7821
1083,29.3821,31.8552,2.55,1.7818
1084,29.3852,31.8604,2.55,1.7816
1085,29.3883,31.8655,2.55,1.7814
1086,29.3915,31.8706,2.55,1.7811
1087,29.3946,31.8757,2.55,1.7809
1088,29.3977,31.8808,2.55,1.7806
1089,29.4008,31.8859,2.55,1.7804
1090,29.4039,31.8909,2.55,1.7802
1091,29.407,31.896,2.55,1.7799
1092,29.4102,31.901,2.55,1.7797
1093,29.4133,31.906,2.55,1.7794
1094,29.4164,31.911,2.55,1.7792
1095,29.4195,31.916,2.55,1.779
1096,29.4227,31.921,2.55,1.7787
1097,29.4258,31.926,2.55,1.7785
1098,29.429,31.931,2.55,1.7782
1099,29.4321,31.9359,2.55,1.778
1100,29.4352,31.9409,2.55,1.7778
1101,29.4384,31.9458,2.55,1.7775
1102,29.4415,31.9508,2.55,1.7773
1103,29.4447,31.9557,2.55,1.777
1104,29.4479,31.9606,2.55,1.7768
1105,29.451,31.9655,2.55,1.7766
1106,29.4542,31.9705,2.55,1.7763
1107,29.4573,31.9754,2.55,1.7761
1108,29.4605,31.9803,2.55,1.7759
1109,29.4637,31.9852,2.55,1.7756
1110,29.4668,31.9901,2.55,1.7754
1111,29.47,31.9949,2.55,1.7752
1112,29.4732,31.9998,2.55,1.7749
1113,29.4764,32.0047,2.55,1.7747
1114,29.4796,32.0096,2.55,1.7744
1115,29.4827,32.0144,2.55,1.7742
1116,29.4859,32.0193,2.55,1.774
1117,29.4891,32.0242,2.55,1.7737
1118,29.4923,32.029,2.55,1.7735
1119,29.4955,32.0339,2.55,1.7733
1120,29.4987,32.0387,2.55,1.773
1121,29.5019,32.0436,2.55,1.7728
1122,29.5051,32.0484,2.55,1.7726
1123,29.5083,32.0533,2.55,1.7723
1124,29.5115,32.0581,2.55,1.7721
1125,29.5147,32.0629,2.55,1.7719
1126,29.5179,32.0678,2.55,1.7716
1127,29.5212,32.0726,2.55,1.7714
1128,29.5244,32.0774,2.55,1.7712
1129,29.5276,32.0823,2.55,1.7709
1130,29.5308,32.0871,2.55,1.7707
1131,29.5341,32.0919,2.55,1.7705
1132,29.5373,32.0967,2.55,1.7702
1133,29.5405,32.1015,2.55,1.77
1134,29.5437,32.1063,2.55,1.7698
1135,29.547,32.1111,2.55,1.7695
1136,29.5502,32.116,2.55,1.7693
1137,29.5535,32.1208,2.55,1.7691
1138,29.5567,32.1256,2.55,1.7688
1139,29.56,32.1304,2.55,1.7686
1140,29.5632,32.1352,2.55,1.7684
1141,29.5665,32.14,2.55,1.7681
1142,29.5697,32.1448,2.55,1.7679
1143,29.573,32.1497,2.55,1.7677
1144,29.5762,32.1546,2.55,1.7675
1145,29.5795,32.1595,2.55,1.7672
1146,29.5828,32.1643,2.55,1.767
1147,29.586,32.1692,2.55,1.7668
1148,29.5893,32.1742,2.55,1.7665
1149,29.5926,32.1791,2.55,1.7663
1150,29.5958,32.184,2.55,1.7661
1151,29.5991,32.1889,2.55,1.7659
1152,29.6024,32.1938,2.55,1.7656
1153,29.6057,32.1988,2.55,1.7654
1154,29.609,32.2037,2.55,1.7652
1155,29.6123,32.2086,2.55,1.7649
1156,29.6155,32.2136,2.55,1.7647
1157,29.6188,32.2185,2.55,1.7645
1158,29.6221,32.2235,2.55,1.7643
1159,29.6254,32.2284,2.55,1.764
1160,29.6287,32.2334,2.55,1.7638
1161,29.632,32.2384,2.55,1.7636
1162,29.6353,32.2433,2.55,1.7633
1163,29.6387,32.2483,2.55,1.7631
1164,29.642,32.2533,2.55,1.7629
1165,29.6453,32.2582,2.55,1.7627
1166,29.6486,32.2632,2.55,1.7624
1167,29.6519,32.2682,2.55,1.7622
1168,29.6552,32.2732,2.55,1.762
1169,29.6586,32.2782,2.55,1.7618
1170,29.6619,32.2832,2.55,1.7615
1171,29.6652,32.2881,2.55,1.7613
1172,29.6686,32.2931,2.55,1.7611
1173,29.6719,32.2981,2.55,1.7609
1174,29.6752,32.3031,2.55,1.7606
1175,29.6786,32.3081,2.55,1.7604
1176,29.6819,32.3131,2.55,1.7602
1177,29.6853,32.3182,2.55,1.76
1178,29.6886,32.3232,2.55,1.7598
1179,29.692,32.3282,2.55,1.7595
1180,29.6953,32.3332,2.55,1.7593
1181,29.6987,32.3382,2.55,1.7591
1182,29.702,32.3432,2.55,1.7589
1183,29.7054,32.3482,2.55,1.7586
1184,29.7088,32.3533,2.55,1.7584
1185,29.7121,32.3583,2.55,1.7582
1186,29.7155,32.3633,2.55,1.758
1187,29.7189,32.3684,2.55,1.7578
1188,29.7222,32.3734,2.55,1.7575
1189,29.7256,32.3784,2.55,1.7573
1190,29.729,32.3835,2.55,1.7571
1191,29.7324,32.3885,2.55,1.7569
1192,29.7358,32.3935,2.55,1.7567
1193,29.7392,32.3986,2.55,1.7564
1194,29.7426,32.4036,2.55,1.7562
1195,29.746,32.4087,2.55,1.756
1196,29.7493,32.4137,2.55,1.7558
1197,29.7527,32.4188,2.55,1.7556
1198,29.7561,32.4238,2.55,1.7553
1199,29.7596,32.4289,2.55,1.7551
1200,29.763,32.434,2.55,1.7549
1201,29.7664,32.439,2.55,1.7547
1202,29.7698,32.4439,2.55,1.7545
1203,29.7732,32.4488,2.55,1.7542
1204,29.7766,32.4538,2.55,1.754
1205,29.78,32.4586,2.55,1.7538
1206,29.7835,32.4635,2.55,1.7536
1207,29.7869,32.4684,2.55,1.7534
1208,29.7903,32.4732,2.55,1.7531
1209,29.7937,32.4781,2.55,1.7529
1210,29.7972,32.4829,2.55,1.7527
1211,29.8006,32.4877,2.55,1.7525
1212,29.8041,32.4925,2.55,1.7523
1213,29.8075,32.4973,2.55,1.7521
1214,29.8109,32.5021,2.55,1.7518
1215,29.8144,32.5068,2.55,1.7516
1216,29.8178,32.5116,2.55,1.7514
1217,29.8213,32.5163,2.55,1.7512
1218,29.8248,32.5211,2.55,1.751
1219,29.8282,32.5258,2.55,1.7508
1220,29.8317,32.5306,2.55,1.7505
1221,29.8351,32.5353,2.55,1.7503
1222,29.8386,32.54,2.55,1.7501
1223,29.8421,32.5447,2.55,1.7499
1224,29.8455,32.5494,2.55,1.7497
1225,29.849,32.5541,2.55,1.7495
1226,29.8525,32.5588,2.55,1.7493
1227,29.856,32.5635,2.55,1.749
1228,29.8595,32.5682,2.55,1.7488
1229,29.8629,32.5729,2.55,1.7486
1230,29.8664,32.5776,2.55,1.7484
1231,29.8699,32.5823,2.55,1.7482
1232,29.8734,32.5869,2.55,1.748
1233,29.8769,32.5916,2.55,1.7478
1234,29.8804,32.5962,2.55,1.7475
1235,29.8839,32.6009,2.55,1.7473
1236,29.8874,32.6055,2.55,1.7471
1237,29.8909,32.6102,2.55,1.7469
1238,29.8944,32.6148,2.55,1.7467
1239,29.8979,32.6195,2.55,1.7465
1240,29.9015,32.6241,2.55,1.7463
1241,29.905,32.6287,2.55,1.746
1242,29.9085,32.6333,2.55,1.7458
1243,29.912,32.638,2.55,1.7456
1244,29.9155,32.6426,2.55,1.7454
1245,29.9191,32.6472,2.55,1.7452
1246,29.9226,32.6518,2.55,1.745
1247,29.9261,32.6564,2.55,1.7448
1248,29.9297,32.661,2.55,1.7446
1249,29.9332,32.6656,2.55,1.7443
1250,29.9367,32.6702,2.55,1.7441
1251,29.9403,32.6748,2.55,1.7439
1252,29.9438,32.6794,2.55,1.7437
1253,29.9474,32.684,2.55,1.7435
1254,29.9509,32.6885,2.55,1.7433
1255,29.9545,32.6931,2.55,1.7431
1256,29.958,32.6977,2.55,1.7429
1257,29.9616,32.7023,2.55,1.7427
1258,29.9652,32.7068,2.55,1.7424
1259,29.9687,32.7114,2.55,1.7422
1260,29.9723,32.716,2.55,1.742
1261,29.9759,32.7206,2.55,1.7418
1262,29.9794,32.7254,2.55,1.7416
1263,29.983,32.7302,2.55,1.7414
1264,29.9866,32.735,2.55,1.7412
1265,29.9902,32.7399,2.55,1.741
1266,29.9937,32.7448,2.55,1.7408
1267,29.9973,32.7497,2.55,1.7406
1268,30.0009,32.7547,2.55,1.7403
1269,30.0045,32.7596,2.55,1.7401
1270,30.0081,32.7647,2.55,1.7399
1271,30.0117,32.7697,2.55,1.7397
1272,30.0153,32.7747,2.55,1.7395
1273,30.0189,32.7798,2.55,1.7393
1274,30.0225,32.7849,2.55,1.7391
1275,30.0261,32.79,2.55,1.7389
1276,30.0297,32.7951,2.55,1.7387
1277,30.0333,32.8002,2.55,1.7385
1278,30.0369,32.8053,2.55,1.7383
1279,30.0405,32.8105,2.55,1.7381
1280,30.0441,32.8157,2.55,1.7379
1281,30.0478,32.8208,2.55,1.7376
1282,30.0514,32.826,2.55,1.7374
1283,30.055,32.8312,2.55,1.7372
1284,30.0586,32.8365,2.55,1.737
1285,30.0623,32.8417,2.55,1.7368
1286,30.0659,32.8469,2.55,1.7366
1287,30.0695,32.8522,2.55,1.7364
1288,30.0732,32.8575,2.55,1.7362
1289,30.0768,32.8627,2.55,1.736
1290,30.0805,32.868,2.55,1.7358
1291,30.0841,32.8733,2.55,1.7356
1292,30.0878,32.8786,2.55,1.7354
1293,30.0914,32.884,2.55,1.7352
1294,30.0951,32.8893,2.55,1.735
1295,30.0987,32.8946,2.55,1.7348
1296,30.1024,32.9,2.55,1.7346
1297,30.106,32.9053,2.55,1.7344
1298,30.1097,32.9107,2.55,1.7342
1299,30.1134,32.9161,2.55,1.734
1300,30.117,32.9215,2.55,1.7338
1301,30.1207,32.9269,2.55,1.7336
1302,30.1244,32.9323,2.55,1.7334
1303,30.128,32.9377,2.55,1.7332
1304,30.1317,32.9431,2.55,1.733
1305,30.1354,32.9485,2.55,1.7328
1306,30.1391,32.9539,2.55,1.7326
1307,30.1428,32.9594,2.55,1.7324
1308,30.1465,32.9648,2.55,1.7322
1309,30.1501,32.9703,2.55,1.732
1310,30.1538,32.9758,2.55,1.7318
1311,30.1575,32.9812,2.55,1.7316
1312,30.1612,32.9867,2.55,1.7314
1313,30.1649,32.9922,2.55,1.7312
1314,30.1686,32.9977,2.55,1.731
1315,30.1723,33.0032,2.55,1.7308
1316,30.176,33.0087,2.55,1.7306
1317,30.1797,33.0143,2.55,1.7304
1318,30.1835,33.0198,2.55,1.7302
1319,30.1872,33.0253,2.55,1.73
1320,30.1909,33.0309,2.55,1.7298
1321,30.1946,33.0363,2.55,1.7296
1322,30.1983,33.0417,2.55,1.7294
1323,30.202,33.0471,2.55,1.7292
1324,30.2058,33.0525,2.55,1.729
1325,30.2095,33.0578,2.55,1.7288
1326,30.2132,33.0631,2.55,1.7286
1327,30.217,33.0685,2.55,1.7284
1328,30.2207,33.0737,2.55,1.7282
1329,30.2244,33.079,2.55,1.728
1330,30.2282,33.0843,2.55,1.7278
1331,30.2319,33.0896,2.55,1.7276
1332,30.2357,33.0948,2.55,1.7274
1333,30.2394,33.1,2.55,1.7272
1334,30.2432,33.1053,2.55,1.727
1335,30.2469,33.1105,2.55,1.7268
1336,30.2507,33.1157,2.55,1.7266
1337,30.2544,33.1209,2.55,1.7264
1338,30.2582,33.1261,2.55,1.7262
1339,30.2619,33.1313,2.55,1.726
1340,30.2657,33.1365,2.55,1.7258
1341,30.2695,33.1417,2.55,1.7257
1342,30.2732,33.1469,2.55,1.7255
1343,30.277,33.1521,2.55,1.7253
1344,30.2808,33.1572,2.55,1.7251
1345,30.2845,33.1624,2.55,1.7249
1346,30.2883,33.1676,2.55,1.7247
1347,30.2921,33.1727,2.55,1.7245
1348,30.2959,33.1779,2.55,1.7243
1349,30.2997,33.183,2.55,1.7241
1350,30.3034,33.1882,2.55,1.7239
1351,30.3072,33.1933,2.55,1.7237
1352,30.311,33.1985,2.55,1.7235
1353,30.3148,33.2036,2.55,1.7233
1354,30.3186,33.2087,2.55,1.7231
1355,30.3224,33.2139,2.55,1.7229
1356,30.3262,33.219,2.55,1.7227
1357,30.33,33.2241,2.55,1.7226
1358,30.3338,33.2293,2.55,1.7224
1359,30.3376,33.2344,2.55,1.7222
1360,30.3414,33.2395,2.55,1.722
1361,30.3452,33.2446,2.55,1.7218
1362,30.349,33.2497,2.55,1.7216
1363,30.3528,33.2548,2.55,1.7214
1364,30.3566,33.2599,2.55,1.7212
1365,30.3605,33.265,2.55,1.721
1366,30.3643,33.2702,2.55,1.7208
1367,30.3681,33.2753,2.55,1.7206
1368,30.3719,33.2804,2.55,1.7204
1369,30.3758,33.2855,2.55,1.7203
1370,30.3796,33.2906,2.55,1.7201
1371,30.3834,33.2956,2.55,1.7199
1372,30.3872,33.3007,2.55,1.7197
1373,30.3911,33.3058,2.55,1.7195
1374,30.3949,33.3109,2.55,1.7193
1375,30.3987,33.316,2.55,1.7191
1376,30.4026,33.3211,2.55,1.7189
1377,30.4064,33.3262,2.55,1.7187
1378,30.4103,33.3313,2.55,1.7185
1379,30.4141,33.3364,2.55,1.7184
1380,30.418,33.3414,2.55,1.7182
1381,30.4218,33.3465,2.55,1.718
1382,30.4257,33.3516,2.55,1.7178
1383,30.4295,33.3566,2.55,1.7176
1384,30.4334,33.3617,2.55,1.7174
1385,30.4372,33.3667,2.55,1.7172
1386,30.4411,33.3718,2.55,1.717
1387,30.445,33.3768,2.55,1.7168
1388,30.4488,33.3819,2.55,1.7167
1389,30.4527,33.3869,2.55,1.7165
1390,30.4566,33.392,2.55,1.7163
1391,30.4604,33.397,2.55,1.7161
1392,30.4643,33.402,2.55,1.7159
1393,30.4682,33.4071,2.55,1.7157
1394,30.4721,33.4121,2.55,1.7155
1395,30.476,33.4171,2.55,1.7153
1396,30.4798,33.4222,2.55,1.7151
1397,30.4837,33.4272,2.55,1.715
1398,30.4876,33.4322,2.55,1.7148
1399,30.4915,33.4372,2.55,1.7146
1400,30.4954,33.4422,2.55,1.7144
1401,30.4993,33.4473,2.55,1.7142
1402,30.5032,33.4523,2.55,1.714
1403,30.5071,33.4573,2.55,1.7138
1404,30.511,33.4623,2.55,1.7137
1405,30.5149,33.4673,2.55,1.7135
1406,30.5188,33.4723,2.55,1.7133
1407,30.5227,33.4773,2.55,1.7131
1408,30.5266,33.4823,2.55,1.7129
1409,30.5305,33.4873,2.55,1.7127
1410,30.5344,33.4923,2.55,1.7125
1411,30.5383,33.4973,2.55,1.7123
1412,30.5422,33.5023,2.55,1.7122
1413,30.5462,33.5073,2.55,1.712
1414,30.5501,33.5123,2.55,1.7118
1415,30.554,33.5173,2.55,1.7116
1416,30.5579,33.5223,2.55,1.7114
1417,30.5619,33.5273,2.55,1.7112
1418,30.5658,33.5323,2.55,1.7111
1419,30.5697,33.5373,2.55,1.7109
1420,30.5737,33.5423,2.55,1.7107
1421,30.5776,33.5473,2.55,1.7105
1422,30.5815,33.5522,2.55,1.7103
1423,30.5855,33.5572,2.55,1.7101
1424,30.5894,33.5622,2.55,1.7099
1425,30.5934,33.5672,2.55,1.7098
1426,30.5973,33.5722,2.55,1.7096
1427,30.6013,33.5772,2.55,1.7094
1428,30.6052,33.5821,2.55,1.7092
1429,30.6092,33.5871,2.55,1.709
1430,30.6131,33.5921,2.55,1.7088
1431,30.6171,33.5971,2.55,1.7087
1432,30.621,33.6021,2.55,1.7085
1433,30.625,33.607,2.55,1.7083
1434,30.629,33.612,2.55,1.7081
1435,30.6329,33.617,2.55,1.7079
1436,30.6369,33.622,2.55,1.7077
1437,30.6409,33.6269,2.55,1.7076
1438,30.6448,33.6319,2.55,1.7074
1439,30.6488,33.6369,2.55,1.7072
1440,30.6528,33.6419,2.55,1.707
1441,30.6568,33.6468,2.55,1.7068
1442,30.6607,33.6516,2.55,1.7067
1443,30.6647,33.6565,2.55,1.7065
1444,30.6687,33.6613,2.55,1.7063
1445,30.6727,33.6661,2.55,1.7061
1446,30.6767,33.6709,2.55,1.7059
1447,30.6807,33.6757,2.55,1.7057
1448,30.6847,33.6804,2.55,1.7056
1449,30.6887,33.6851,2.55,1.7054
1450,30.6927,33.6899,2.55,1.7052
1451,30.6967,33.6946,2.55,1.705
1452,30.7007,33.6993,2.55,1.7048
1453,30.7047,33.704,2.55,1.7047
1454,30.7087,33.7086,2.55,1.7045
1455,30.7127,33.7133,2.55,1.7043
1456,30.7167,33.718,2.55,1.7041
1457,30.7207,33.7226,2.55,1.7039
1458,30.7247,33.7272,2.55,1.7038
1459,30.7287,33.7319,2.55,1.7036
1460,30.7327,33.7365,2.55,1.7034
1461,30.7368,33.7411,2.55,1.7032
1462,30.7408,33.7457,2.55,1.703
1463,30.7448,33.7503,2.55,1.7029
1464,30.7488,33.7549,2.55,1.7027
1465,30.7529,33.7594,2.55,1.7025
1466,30.7569,33.764,2.55,1.7023
1467,30.7609,33.7686,2.55,1.7021
1468,30.765,33.7731,2.55,1.702
1469,30.769,33.7777,2.55,1.7018
1470,30.773,33.7822,2.55,1.7016
1471,30.7771,33.7868,2.55,1.7014
1472,30.7811,33.7913,2.55,1.7012
1473,30.7852,33.7958,2.55,1.7011
1474,30.7892,33.8003,2.55,1.7009
1475,30.7933,33.8048,2.55,1.7007
1476,30.7973,33.8093,2.55,1.7005
1477,30.8014,33.8138,2.55,1.7004
1478,30.8054,33.8183,2.55,1.7002
1479,30.8095,33.8228,2.55,1.7
1480,30.8136,33.8273,2.55,1.6998
1481,30.8176,33.8318,2.55,1.6996
1482,30.8217,33.8362,2.55,1.6995
1483,30.8257,33.8407,2.55,1.6993
1484,30.8298,33.8452,2.55,1.6991
1485,30.8339,33.8496,2.55,1.6989
1486,30.838,33.854,2.55,1.6987
1487,30.842,33.8585,2.55,1.6986
1488,30.8461,33.8629,2.55,1.6984
1489,30.8502,33.8674,2.55,1.6982
1490,30.8543,33.8718,2.55,1.698
1491,30.8584,33.8762,2.55,1.6979
1492,30.8624,33.8806,2.55,1.6977
1493,30.8665,33.885,2.55,1.6975
1494,30.8706,33.8894,2.55,1.6973
1495,30.8747,33.8938,2.55,1.6972
1496,30.8788,33.8982,2.55,1.697
1497,30.8829,33.9026,2.55,1.6968
1498,30.887,33.907,2.55,1.6966
1499,30.8911,33.9114,2.55,1.6964
1500,30.8952,33.9158,2.55,1.6963
1501,30.8993,33.9202,2.55,1.6961
1502,30.9034,33.9248,2.55,1.6959
1503,30.9075,33.9293,2.55,1.6957
1504,30.9116,33.9339,2.55,1.6956
1505,30.9157,33.9386,2.55,1.6954
1506,30.9198,33.9432,2.55,1.6952
1507,30.924,33.9479,2.55,1.695
1508,30.9281,33.9526,2.55,1.6949
1509,30.9322,33.9574,2.55,1.6947
1510,30.9363,33.9621,2.55,1.6945
1511,30.9404,33.9669,2.55,1.6943
1512,30.9446,33.9716,2.55,1.6942
1513,30.9487,33.9764,2.55,1.694
1514,30.9528,33.9812,2.55,1.6938
1515,30.9569,33.986,2.55,1.6936
1516,30.9611,33.9908,2.55,1.6935
1517,30.9652,33.9957,2.55,1.6933
1518,30.9693,34.0005,2.55,1.6931
1519,30.9735,34.0054,2.55,1.6929
1520,30.9776,34.0103,2.55,1.6928
1521,30.9818,34.0151,2.55,1.6926
1522,30.9859,34.02,2.55,1.6924
1523,30.9901,34.0249,2.55,1.6922
1524,30.9942,34.0298,2.55,1.6921
1525,30.9984,34.0347,2.55,1.6919
1526,31.0025,34.0397,2.55,1.6917
1527,31.0067,34.0446,2.55,1.6916
1528,31.0108,34.0495,2.55,1.6914
1529,31.015,34.0545,2.55,1.6912
1530,31.0191,34.0594,2.55,1.691
1531,31.0233,34.0644,2.55,1.6909
1532,31.0274,34.0693,2.55,1.6907
1533,31.0316,34.0743,2.55,1.6905
1534,31.0358,34.0793,2.55,1.6904
1535,31.0399,34.0843,2.55,1.6902
1536,31.0441,34.0893,2.55,1.69
1537,31.0483,34.0943,2.55,1.6898
1538,31.0525,34.0993,2.55,1.6897
1539,31.0566,34.1043,2.55,1.6895
1540,31.0608,34.1093,2.55,1.6893
1541,31.065,34.1144,2.55,1.6892
1542,31.0692,34.1194,2.55,1.689
1543,31.0734,34.1244,2.55,1.6888
1544,31.0775,34.1295,2.55,1.6886
1545,31.0817,34.1345,2.55,1.6885
1546,31.0859,34.1396,2.55,1.6883
1547,31.0901,34.1446,2.55,1.6881
1548,31.0943,34.1497,2.55,1.688
1549,31.0985,34.1548,2.55,1.6878
1550,31.1027,34.1598,2.55,1.6876
1551,31.1069,34.1649,2.55,1.6875
1552,31.1111,34.17,2.55,1.6873
1553,31.1153,34.1751,2.55,1.6871
1554,31.1195,34.1802,2.55,1.6869
1555,31.1237,34.1853,2.55,1.6868
1556,31.1279,34.1904,2.55,1.6866
1557,31.1321,34.1955,2.55,1.6864
1558,31.1363,34.2006,2.55,1.6863
1559,31.1405,34.2057,2.55,1.6861
1560,31.1447,34.2109,2.55,1.6859
1561,31.1489,34.2159,2.55,1.6858
1562,31.1531,34.2209,2.55,1.6856
1563,31.1574,34.2259,2.55,1.6854
1564,31.1616,34.2308,2.55,1.6853
1565,31.1658,34.2357,2.55,1.6851
1566,31.17,34.2405,2.55,1.6849
1567,31.1742,34.2454,2.55,1.6848
1568,31.1785,34.2502,2.55,1.6846
1569,31.1827,34.2551,2.55,1.6844
1570,31.1869,34.2599,2.55,1.6843
1571,31.1911,34.2647,2.55,1.6841
1572,31.1954,34.2694,2.55,1.6839
1573,31.1996,34.2742,2.55,1.6838
1574,31.2038,34.279,2.55,1.6836
1575,31.2081,34.2837,2.55,1.6834
1576,31.2123,34.2884,2.55,1.6833
1577,31.2165,34.2932,2.55,1.6831
1578,31.2208,34.2979,2.55,1.6829
1579,31.225,34.3026,2.55,1.6828
1580,31.2293,34.3073,2.55,1.6826
1581,31.2335,34.312,2.55,1.6824
1582,31.2378,34.3167,2.55,1.6823
1583,31.242,34.3213,2.55,1.6821
1584,31.2462,34.326,2.55,1.6819
1585,31.2505,34.3307,2.55,1.6818
1586,31.2547,34.3353,2.55,1.6816
1587,31.259,34.34,2.55,1.6814
1588,31.2633,34.3446,2.55,1.6813
1589,31.2675,34.3493,2.55,1.6811
1590,31.2718,34.3539,2.55,1.6809
1591,31.276,34.3585,2.55,1.6808
1592,31.2803,34.3631,2.55,1.6806
1593,31.2845,34.3677,2.55,1.6804
1594,31.2888,34.3723,2.55,1.6803
1595,31.2931,34.3769,2.55,1.6801
1596,31.2973,34.3815,2.55,1.6799
1597,31.3016,34.3861,2.55,1.6798
1598,31.3059,34.3907,2.55,1.6796
1599,31.3101,34.3953,2.55,1.6794
1600,31.3144,34.3998,2.55,1.6793
1601,31.3187,34.4044,2.55,1.6791
1602,31.3229,34.409,2.55,1.679
1603,31.3272,34.4135,2.55,1.6788
1604,31.3315,34.4181,2.55,1.6786
1605,31.3358,34.4226,2.55,1.6785
1606,31.34,34.4272,2.55,1.6783
1607,31.3443,34.4317,2.55,1.6781
1608,31.3486,34.4362,2.55,1.678
1609,31.3529,34.4408,2.55,1.6778
1610,31.3572,34.4453,2.55,1.6776
1611,31.3614,34.4498,2.55,1.6775
1612,31.3657,34.4543,2.55,1.6773
1613,31.37,34.4589,2.55,1.6772
1614,31.3743,34.4634,2.55,1.677
1615,31.3786,34.4679,2.55,1.6768
1616,31.3829,34.4724,2.55,1.6767
1617,31.3872,34.4769,2.55,1.6765
1618,31.3915,34.4814,2.55,1.6763
1619,31.3958,34.4859,2.55,1.6762
1620,31.4001,34.4903,2.55,1.676
1621,31.4043,34.4949,2.55,1.6758
1622,31.4086,34.4995,2.55,1.6757
1623,31.4129,34.5041,2.55,1.6755
1624,31.4172,34.5087,2.55,1.6754
1625,31.4215,34.5134,2.55,1.6752
1626,31.4258,34.518,2.55,1.675
1627,31.4301,34.5227,2.55,1.6749
1628,31.4344,34.5274,2.55,1.6747
1629,31.4388,34.5321,2.55,1.6745
1630,31.4431,34.5368,2.55,1.6744
1631,31.4474,34.5415,2.55,1.6742
1632,31.4517,34.5462,2.55,1.6741
1633,31.456,34.551,2.55,1.6739
1634,31.4603,34.5557,2.55,1.6737
1635,31.4646,34.5605,2.55,1.6736
1636,31.4689,34.5652,2.55,1.6734
1637,31.4732,34.57,2.55,1.6733
1638,31.4776,34.5748,2.55,1.6731
1639,31.4819,34.5795,2.55,1.6729
1640,31.4862,34.5843,2.55,1.6728
1641,31.4905,34.5891,2.55,1.6726
1642,31.4948,34.5939,2.55,1.6725
1643,31.4991,34.5987,2.55,1.6723
1644,31.5035,34.6035,2.55,1.6721
1645,31.5078,34.6083,2.55,1.672
1646,31.5121,34.6131,2.55,1.6718
1647,31.5164,34.6179,2.55,1.6717
1648,31.5208,34.6228,2.55,1.6715
1649,31.5251,34.6276,2.55,1.6713
1650,31.5294,34.6324,2.55,1.6712
1651,31.5338,34.6373,2.55,1.671
1652,31.5381,34.6421,2.55,1.6709
1653,31.5424,34.6469,2.55,1.6707
1654,31.5467,34.6518,2.55,1.6705
1655,31.5511,34.6566,2.55,1.6704
1656,31.5554,34.6615,2.55,1.6702
1657,31.5598,34.6664,2.55,1.6701
1658,31.5641,34.6712,2.55,1.6699
1659,31.5684,34.6761,2.55,1.6697
1660,31.5728,34.6809,2.55,1.6696
1661,31.5771,34.6858,2.55,1.6694
1662,31.5815,34.6907,2.55,1.6693
1663,31.5858,34.6956,2.55,1.6691
1664,31.5901,34.7005,2.55,1.669
1665,31.5945,34.7053,2.55,1.6688
1666,31.5988,34.7102,2.55,1.6686
1667,31.6032,34.7151,2.55,1.6685
1668,31.6075,34.72,2.55,1.6683
1669,31.6119,34.7249,2.55,1.6682
1670,31.6162,34.7298,2.55,1.668
1671,31.6206,34.7347,2.55,1.6678
1672,31.6249,34.7396,2.55,1.6677
1673,31.6293,34.7445,2.55,1.6675
1674,31.6336,34.7494,2.55,1.6674
1675,31.638,34.7544,2.55,1.6672
1676,31.6423,34.7593,2.55,1.6671
1677,31.6467,34.7642,2.55,1.6669
1678,31.6511,34.7691,2.55,1.6668
1679,31.6554,34.774,2.55,1.6666
1680,31.6598,34.779,2.55,1.6664
1681,31.6641,34.7839,2.55,1.6663
1682,31.6685,34.7889,2.55,1.6661
1683,31.6729,34.794,2.55,1.666
1684,31.6772,34.799,2.55,1.6658
1685,31.6816,34.8041,2.55,1.6657
1686,31.686,34.8092,2.55,1.6655
1687,31.6903,34.8143,2.55,1.6654
1688,31.6947,34.8195,2.55,1.6652
1689,31.6991,34.8246,2.55,1.665
1690,31.7034,34.8298,2.55,1.6649
1691,31.7078,34.8349,2.55,1.6647
1692,31.7122,34.8401,2.55,1.6646
1693,31.7166,34.8453,2.55,1.6644
1694,31.7209,34.8505,2.55,1.6643
1695,31.7253,34.8557,2.55,1.6641
1696,31.7297,34.8609,2.55,1.664
1697,31.7341,34.8661,2.55,1.6638
1698,31.7384,34.8714,2.55,1.6637
1699,31.7428,34.8766,2.55,1.6635
1700,31.7472,34.8819,2.55,1.6633
1701,31.7516,34.8871,2.55,1.6632
1702,31.756,34.8924,2.55,1.663
1703,31.7603,34.8977,2.55,1.6629
1704,31.7647,34.903,2.55,1.6627
1705,31.7691,34.9083,2.55,1.6626
1706,31.7735,34.9136,2.55,1.6624
1707,31.7779,34.9189,2.55,1.6623
1708,31.7823,34.9242,2.55,1.6621
1709,31.7867,34.9295,2.55,1.662
1710,31.791,34.9349,2.55,1.6618
1711,31.7954,34.9402,2.55,1.6617
1712,31.7998,34.9456,2.55,1.6615
1713,31.8042,34.9509,2.55,1.6614
1714,31.8086,34.9563,2.55,1.6612
1715,31.813,34.9616,2.55,1.6611
1716,31.8174,34.967,2.55,1.6609
1717,31.8218,34.9724,2.55,1.6608
1718,31.8262,34.9778,2.55,1.6606
1719,31.8306,34.9832,2.55,1.6605
1720,31.835,34.9886,2.55,1.6603
1721,31.8394,34.994,2.55,1.6602
1722,31.8438,34.9994,2.55,1.66
1723,31.8482,35.0048,2.55,1.6599
1724,31.8526,35.0103,2.55,1.6597
1725,31.857,35.0157,2.55,1.6596
1726,31.8614,35.0211,2.55,1.6594
1727,31.8658,35.0266,2.55,1.6593
1728,31.8702,35.032,2.55,1.6591
1729,31.8746,35.0375,2.55,1.659
1730,31.879,35.0429,2.55,1.6588
1731,31.8834,35.0484,2.55,1.6587
1732,31.8878,35.0539,2.55,1.6585
1733,31.8922,35.0594,2.55,1.6584
1734,31.8966,35.0648,2.55,1.6582
1735,31.901,35.0703,2.55,1.6581
1736,31.9054,35.0758,2.55,1.6579
1737,31.9098,35.0813,2.55,1.6578
1738,31.9143,35.0868,2.55,1.6576
1739,31.9187,35.0923,2.55,1.6575
1740,31.9231,35.0979,2.55,1.6573
1741,31.9275,35.1033,2.55,1.6572
1742,31.9319,35.1087,2.55,1.657
1743,31.9363,35.1141,2.55,1.6569
1744,31.9407,35.1195,2.55,1.6567
1745,31.9452,35.1249,2.55,1.6566
1746,31.9496,35.1303,2.55,1.6564
1747,31.954,35.1356,2.55,1.6563
1748,31.9584,35.1409,2.55,1.6561
1749,31.9628,35.1463,2.55,1.656
1750,31.9673,35.1516,2.55,1.6558
1751,31.9717,35.1569,2.55,1.6557
1752,31.9761,35.1622,2.5499,1.6556
1753,31.9805,35.1675,2.5499,1.6554
1754,31.985,35.1728,2.5499,1.6553
1755,31.9894,35.1781,2.5499,1.6551
1756,31.9938,35.1834,2.5499,1.655
1757,31.9982,35.1886,2.5499,1.6548
1758,32.0027,35.1939,2.5499,1.6547
1759,32.0071,35.1992,2.5499,1.6545
1760,32.0115,35.2044,2.5499,1.6544
1761,32.0159,35.2097,2.5499,1.6542
1762,32.0204,35.2149,2.5499,1.6541
1763,32.0248,35.2202,2.5499,1.6539
1764,32.0292,35.2254,2.5499,1.6538
1765,32.0337,35.2307,2.5499,1.6536
1766,32.0381,35.2359,2.5499,1.6535
1767,32.0425,35.2412,2.5499,1.6534
1768,32.047,35.2464,2.5499,1.6532
1769,32.0514,35.2517,2.5499,1.6531
1770,32.0558,35.2569,2.5499,1.6529
1771,32.0603,35.2621,2.5499,1.6528
1772,32.0647,35.2673,2.5499,1.6526
1773,32.0692,35.2726,2.5499,1.6525
1774,32.0736,35.2778,2.5499,1.6523
1775,32.078,35.283,2.5499,1.6522
1776,32.0825,35.2882,2.5499,1.6521
1777,32.0869,35.2935,2.5499,1.6519
1778,32.0914,35.2987,2.5499,1.6518
1779,32.0958,35.3039,2.5499,1.6516
1780,32.1003,35.3091,2.5499,1.6515
1781,32.1047,35.3143,2.5499,1.6513
1782,32.1091,35.3195,2.5499,1.6512
1783,32.1136,35.3247,2.5499,1.651
1784,32.118,35.3299,2.5499,1.6509
1785,32.1225,35.3351,2.5499,1.6508
1786,32.1269,35.3403,2.5499,1.6506
1787,32.1314,35.3455,2.5499,1.6505
1788,32.1358,35.3508,2.5499,1.6503
1789,32.1403,35.356,2.5499,1.6502
1790,32.1447,35.3611,2.5499,1.65
1791,32.1492,35.3663,2.5499,1.6499
1792,32.1536,35.3715,2.5499,1.6497
1793,32.1581,35.3767,2.5499,1.6496
1794,32.1625,35.3819,2.5499,1.6495
1795,32.167,35.3871,2.5499,1.6493
1796,32.1715,35.3923,2.5499,1.6492
1797,32.1759,35.3975,2.5499,1.649
1798,32.1804,35.4027,2.5499,1.6489
1799,32.1848,35.4079,2.5499,1.6487
1800,32.1893,35.4131,2.5499,1.6486
1801,32.1938,35.4183,2.5499,1.6485
1802,32.1982,35.4235,2.5499,1.6483
1803,32.2027,35.4287,2.5499,1.6482
1804,32.2071,35.434,2.5499,1.648
1805,32.2116,35.4392,2.5499,1.6479
1806,32.2161,35.4444,2.5499,1.6478
1807,32.2205,35.4497,2.5499,1.6476
1808,32.225,35.4549,2.5499,1.6475
1809,32.2295,35.4602,2.5499,1.6473
1810,32.2339,35.4654,2.5499,1.6472
1811,32.2384,35.4707,2.5499,1.647
1812,32.2429,35.476,2.5499,1.6469
1813,32.2473,35.4812,2.5499,1.6468
1814,32.2518,35.4865,2.5499,1.6466
1815,32.2563,35.4918,2.5499,1.6465
1816,32.2608,35.497,2.5499,1.6463
1817,32.2652,35.5023,2.5499,1.6462
1818,32.2697,35.5076,2.5499,1.6461
1819,32.2742,35.5129,2.5499,1.6459
1820,32.2787,35.5181,2.5499,1.6458
1821,32.2831,35.5234,2.5499,1.6456
1822,32.2876,35.5287,2.5499,1.6455
1823,32.2921,35.534,2.5499,1.6454
1824,32.2966,35.5393,2.5499,1.6452
1825,32.3011,35.5446,2.5499,1.6451
1826,32.3056,35.5499,2.5499,1.6449
1827,32.31,35.5552,2.5499,1.6448
1828,32.3145,35.5605,2.5499,1.6447
1829,32.319,35.5658,2.5499,1.6445
1830,32.3235,35.5711,2.5499,1.6444
1831,32.328,35.5764,2.5499,1.6442
1832,32.3325,35.5817,2.5499,1.6441
1833,32.337,35.587,2.5499,1.644
1834,32.3414,35.5923,2.5499,1.6438
1835,32.3459,35.5976,2.5499,1.6437
1836,32.3504,35.6029,2.5499,1.6435
1837,32.3549,35.6082,2.5499,1.6434
1838,32.3594,35.6135,2.5499,1.6433
1839,32.3639,35.6188,2.5499,1.6431
1840,32.3684,35.6241,2.5499,1.643
1841,32.3729,35.6294,2.5499,1.6428
1842,32.3774,35.6348,2.5499,1.6427
1843,32.3819,35.6401,2.5499,1.6426
1844,32.3864,35.6454,2.5499,1.6424
1845,32.3909,35.6507,2.5499,1.6423
1846,32.3954,35.656,2.5499,1.6422
1847,32.3999,35.6614,2.5499,1.642
1848,32.4044,35.6667,2.5499,1.6419
1849,32.4089,35.672,2.5499,1.6417
1850,32.4134,35.6773,2.5499,1.6416
1851,32.4179,35.6827,2.5499,1.6415
1852,32.4224,35.688,2.5499,1.6413
1853,32.427,35.6933,2.5499,1.6412
1854,32.4315,35.6987,2.5499,1.6411
1855,32.436,35.704,2.5499,1.6409
1856,32.4405,35.7093,2.5499,1.6408
1857,32.445,35.7147,2.5499,1.6406
1858,32.4495,35.72,2.5499,1.6405
1859,32.454,35.7254,2.5499,1.6404
1860,32.4585,35.7307,2.5499,1.6402
1861,32.4631,35.7359,2.5499,1.6401
1862,32.4676,35.7411,2.5499,1.64
1863,32.4721,35.7462,2.5499,1.6398
1864,32.4766,35.7513,2.5499,1.6397
1865,32.4812,35.7563,2.5499,1.6395
1866,32.4857,35.7613,2.5499,1.6394
1867,32.4902,35.7663,2.5499,1.6393
1868,32.4947,35.7712,2.5499,1.6391
1869,32.4993,35.7761,2.5499,1.639
1870,32.5038,35.781,2.5499,1.6389
1871,32.5083,35.7859,2.5499,1.6387
1872,32.5128,35.7907,2.5499,1.6386
1873,32.5174,35.7955,2.5499,1.6385
1874,32.5219,35.8003,2.5499,1.6383
1875,32.5264,35.8051,2.5499,1.6382
1876,32.531,35.8099,2.5499,1.638
1877,32.5355,35.8147,2.5499,1.6379
1878,32.54,35.8194,2.5499,1.6378
1879,32.5446,35.8242,2.5499,1.6376
1880,32.5491,35.8289,2.5499,1.6375
1881,32.5537,35.8336,2.5499,1.6374
1882,32.5582,35.8383,2.5499,1.6372
1883,32.5627,35.8429,2.5499,1.6371
1884,32.5673,35.8476,2.5499,1.637
1885,32.5718,35.8522,2.5499,1.6368
1886,32.5764,35.8569,2.5499,1.6367
1887,32.5809,35.8615,2.5499,1.6366
1888,32.5855,35.8661,2.5499,1.6364
1889,32.59,35.8707,2.5499,1.6363
1890,32.5946,35.8753,2.5499,1.6361
1891,32.5991,35.8799,2.5499,1.636
1892,32.6037,35.8844,2.5499,1.6359
1893,32.6082,35.889,2.5499,1.6357
1894,32.6128,35.8935,2.5499,1.6356
1895,32.6173,35.8981,2.5499,1.6355
1896,32.6219,35.9026,2.5499,1.6353
1897,32.6264,35.9071,2.5499,1.6352
1898,32.631,35.9116,2.5499,1.6351
1899,32.6356,35.9161,2.5499,1.6349
1900,32.6401,35.9206,2.5499,1.6348
1901,32.6447,35.9251,2.5499,1.6347
1902,32.6493,35.9295,2.5499,1.6345
1903,32.6538,35.934,2.5499,1.6344
1904,32.6584,35.9384,2.5499,1.6342
1905,32.663,35.9429,2.5499,1.6341
1906,32.6675,35.9473,2.5499,1.634
1907,32.6721,35.9517,2.5499,1.6338
1908,32.6767,35.9561,2.5499,1.6337
1909,32.6812,35.9605,2.5499,1.6336
1910,32.6858,35.9649,2.5499,1.6334
1911,32.6904,35.9693,2.5499,1.6333
1912,32.695,35.9737,2.5499,1.6332
1913,32.6995,35.9781,2.5499,1.633
1914,32.7041,35.9824,2.5499,1.6329
1915,32.7087,35.9868,2.5499,1.6328
1916,32.7133,35.9912,2.5499,1.6326
1917,32.7178,35.9955,2.5499,1.6325
1918,32.7224,35.9998,2.5499,1.6324
1919,32.727,36.0042,2.5499,1.6322
1920,32.7316,36.0085,2.5499,1.6321
1921,32.7362,36.0129,2.5499,1.632
1922,32.7408,36.0173,2.5499,1.6318
1923,32.7454,36.0218,2.5499,1.6317
1924,32.7499,36.0263,2.5499,1.6316
1925,32.7545,36.0308,2.5499,1.6314
1926,32.7591,36.0354,2.5499,1.6313
1927,32.7637,36.0399,2.5499,1.6312
1928,32.7683,36.0445,2.5499,1.631
1929,32.7729,36.0491,2.5499,1.6309
1930,32.7775,36.0537,2.5499,1.6308
1931,32.7821,36.0583,2.5499,1.6306
1932,32.7867,36.0629,2.5499,1.6305
1933,32.7913,36.0676,2.5499,1.6303
1934,32.7959,36.0722,2.5498,1.6302
1935,32.8005,36.0769,2.5498,1.6301
1936,32.8051,36.0815,2.5498,1.6299
1937,32.8097,36.0862,2.5498,1.6298
1938,32.8143,36.0908,2.5498,1.6297
1939,32.8189,36.0955,2.5498,1.6295
1940,32.8235,36.1002,2.5498,1.6294
1941,32.8281,36.1049,2.5498,1.6293
1942,32.8328,36.1096,2.5498,1.6292
1943,32.8374,36.1143,2.5498,1.629
1944,32.842,36.119,2.5498,1.6289
1945,32.8466,36.1237,2.5498,1.6288
1946,32.8512,36.1284,2.5498,1.6286
1947,32.8558,36.1331,2.5498,1.6285
1948,32.8604,36.1378,2.5498,1.6284
1949,32.8651,36.1425,2.5498,1.6282
1950,32.8697,36.1473,2.5498,1.6281
1951,32.8743,36.152,2.5498,1.628
1952,32.8789,36.1567,2.5498,1.6278
1953,32.8835,36.1615,2.5498,1.6277
1954,32.8882,36.1662,2.5498,1.6276
1955,32.8928,36.1709,2.5498,1.6274
1956,32.8974,36.1757,2.5498,1.6273
1957,32.902,36.1804,2.5498,1.6272
1958,32.9067,36.1852,2.5498,1.627
1959,32.9113,36.1899,2.5498,1.6269
1960,32.9159,36.1947,2.5498,1.6268
1961,32.9206,36.1995,2.5498,1.6266
1962,32.9252,36.2042,2.5498,1.6265
1963,32.9298,36.209,2.5498,1.6264
1964,32.9345,36.2138,2.5498,1.6262
1965,32.9391,36.2185,2.5498,1.6261
1966,32.9437,36.2233,2.5498,1.626
1967,32.9484,36.2281,2.5498,1.6259
1968,32.953,36.2329,2.5498,1.6257
1969,32.9576,36.2376,2.5498,1.6256
1970,32.9623,36.2424,2.5498,1.6255
1971,32.9669,36.2472,2.5498,1.6253
1972,32.9716,36.252,2.5498,1.6252
1973,32.9762,36.2568,2.5498,1.6251
1974,32.9809,36.2616,2.5498,1.6249
1975,32.9855,36.2664,2.5498,1.6248
1976,32.9902,36.2712,2.5498,1.6247
1977,32.9948,36.276,2.5498,1.6246
1978,32.9995,36.2808,2.5498,1.6244
1979,33.0041,36.2856,2.5498,1.6243
1980,33.0088,36.2904,2.5498,1.6242
1981,33.0134,36.2952,2.5498,1.624
1982,33.0181,36.3,2.5498,1.6239
1983,33.0227,36.3048,2.5498,1.6238
1984,33.0274,36.3096,2.5498,1.6236
1985,33.032,36.3144,2.5498,1.6235
1986,33.0367,36.3193,2.5498,1.6234
1987,33.0413,36.3241,2.5498,1.6233
1988,33.046,36.3289,2.5498,1.6231
1989,33.0507,36.3337,2.5498,1.623
1990,33.0553,36.3386,2.5498,1.6229
1991,33.06,36.3434,2.5498,1.6227
1992,33.0647,36.3483,2.5498,1.6226
1993,33.0693,36.3531,2.5498,1.6225
1994,33.074,36.3579,2.5498,1.6224
1995,33.0786,36.3628,2.5498,1.6222
1996,33.0833,36.3676,2.5498,1.6221
1997,33.088,36.3725,2.5498,1.622
1998,33.0926,36.3773,2.5498,1.6218
1999,33.0973,36.3822,2.5498,1.6217
2000,33.102,36.3871,2.5498,1.6216
2001,33.1067,36.3919,2.5498,1.6215
2002,33.1113,36.3968,2.5498,1.6213
2003,33.116,36.4016,2.5498,1.6212
2004,33.1207,36.4065,2.5498,1.6211
2005,33.1254,36.4114,2.5498,1.6209
2006,33.13,36.4162,2.5498,1.6208
2007,33.1347,36.4211,2.5498,1.6207
2008,33.1394,36.426,2.5498,1.6206
2009,33.1441,36.4308,2.5498,1.6204
2010,33.1487,36.4357,2.5498,1.6203
2011,33.1534,36.4406,2.5498,1.6202
2012,33.1581,36.4455,2.5498,1.62
2013,33.1628,36.4503,2.5498,1.6199
2014,33.1675,36.4552,2.5498,1.6198
2015,33.1721,36.4601,2.5498,1.6197
2016,33.1768,36.465,2.5498,1.6195
2017,33.1815,36.4699,2.5498,1.6194
2018,33.1862,36.4747,2.5498,1.6193
2019,33.1909,36.4796,2.5498,1.6192
2020,33.1956,36.4845,2.5498,1.619
2021,33.2002,36.4894,2.5498,1.6189
2022,33.2049,36.4943,2.5498,1.6188
2023,33.2096,36.4992,2.5498,1.6186
2024,33.2143,36.5041,2.5498,1.6185
2025,33.219,36.509,2.5498,1.6184
2026,33.2237,36.5139,2.5498,1.6183
2027,33.2284,36.5188,2.5498,1.6181
2028,33.2331,36.5237,2.5498,1.618
2029,33.2378,36.5286,2.5498,1.6179
2030,33.2424,36.5335,2.5498,1.6178
2031,33.2471,36.5384,2.5497,1.6176
2032,33.2518,36.5433,2.5497,1.6175
2033,33.2565,36.5482,2.5497,1.6174
2034,33.2612,36.5531,2.5497,1.6173
2035,33.2659,36.558,2.5497,1.6171
2036,33.2706,36.5629,2.5497,1.617
2037,33.2753,36.5678,2.5497,1.6169
2038,33.28,36.5727,2.5497,1.6168
2039,33.2847,36.5776,2.5497,1.6166
2040,33.2894,36.5825,2.5497,1.6165
2041,33.2941,36.5874,2.5497,1.6164
2042,33.2988,36.5922,2.5497,1.6163
2043,33.3035,36.597,2.5497,1.6161
2044,33.3082,36.6018,2.5497,1.616
2045,33.3129,36.6066,2.5497,1.6159
2046,33.3176,36.6113,2.5497,1.6158
2047,33.3223,36.6161,2.5497,1.6156
2048,33.327,36.6208,2.5497,1.6155
2049,33.3317,36.6255,2.5497,1.6154
2050,33.3364,36.6302,2.5497,1.6153
2051,33.3411,36.6349,2.5497,1.6151
2052,33.3458,36.6396,2.5497,1.615
2053,33.3505,36.6443,2.5497,1.6149
2054,33.3552,36.6489,2.5497,1.6148
2055,33.3599,36.6536,2.5497,1.6146
2056,33.3646,36.6583,2.5497,1.6145
2057,33.3693,36.6629,2.5497,1.6144
2058,33.374,36.6676,2.5497,1.6143
2059,33.3787,36.6722,2.5497,1.6141
2060,33.3834,36.6768,2.5497,1.614
2061,33.3882,36.6814,2.5497,1.6139
2062,33.3929,36.6861,2.5497,1.6138
2063,33.3976,36.6907,2.5497,1.6136
2064,33.4023,36.6953,2.5497,1.6135
2065,33.407,36.6999,2.5497,1.6134
2066,33.4117,36.7045,2.5497,1.6133
2067,33.4164,36.7091,2.5497,1.6131
2068,33.4211,36.7136,2.5497,1.613
2069,33.4258,36.7182,2.5497,1.6129
2070,33.4305,36.7228,2.5497,1.6128
2071,33.4352,36.7274,2.5497,1.6126
2072,33.44,36.7319,2.5497,1.6125
2073,33.4447,36.7365,2.5497,1.6124
2074,33.4494,36.741,2.5497,1.6123
2075,33.4541,36.7456,2.5497,1.6121
2076,33.4588,36.7501,2.5497,1.612
2077,33.4635,36.7547,2.5497,1.6119
2078,33.4682,36.7592,2.5497,1.6118
2079,33.4729,36.7638,2.5497,1.6117
2080,33.4777,36.7683,2.5497,1.6115
2081,33.4824,36.7728,2.5497,1.6114
2082,33.4871,36.7773,2.5497,1.6113
2083,33.4918,36.7819,2.5497,1.6112
2084,33.4965,36.7864,2.5497,1.611
2085,33.5012,36.7909,2.5497,1.6109
2086,33.506,36.7954,2.5497,1.6108
2087,33.5107,36.7999,2.5497,1.6107
2088,33.5154,36.8044,2.5497,1.6105
2089,33.5201,36.8089,2.5497,1.6104
2090,33.5248,36.8134,2.5497,1.6103
2091,33.5295,36.8179,2.5497,1.6102
2092,33.5343,36.8224,2.5497,1.61
2093,33.539,36.8268,2.5497,1.6099
2094,33.5437,36.8313,2.5497,1.6098
2095,33.5484,36.8358,2.5497,1.6097
2096,33.5531,36.8403,2.5497,1.6096
2097,33.5579,36.8447,2.5497,1.6094
2098,33.5626,36.8492,2.5497,1.6093
2099,33.5673,36.8537,2.5497,1.6092
2100,33.572,36.8581,2.5496,1.6091
2101,33.5767,36.8626,2.5496,1.6089
2102,33.5815,36.8671,2.5496,1.6088
2103,33.5862,36.8716,2.5496,1.6087
2104,33.5909,36.8761,2.5496,1.6086
2105,33.5956,36.8806,2.5496,1.6085
2106,33.6004,36.8851,2.5496,1.6083
2107,33.6051,36.8897,2.5496,1.6082
2108,33.6098,36.8942,2.5496,1.6081
2109,33.6145,36.8987,2.5496,1.608
2110,33.6192,36.9033,2.5496,1.6078
2111,33.624,36.9078,2.5496,1.6077
2112,33.6287,36.9123,2.5496,1.6076
2113,33.6334,36.9169,2.5496,1.6075
2114,33.6381,36.9214,2.5496,1.6074
2115,33.6429,36.926,2.5496,1.6072
2116,33.6476,36.9305,2.5496,1.6071
2117,33.6523,36.9351,2.5496,1.607
2118,33.657,36.9396,2.5496,1.6069
2119,33.6618,36.9442,2.5496,1.6068
2120,33.6665,36.9487,2.5496,1.6066
2121,33.6712,36.9533,2.5496,1.6065
2122,33.676,36.9578,2.5496,1.6064
2123,33.6807,36.9624,2.5496,1.6063
2124,33.6854,36.9669,2.5496,1.6061
2125,33.6901,36.9715,2.5496,1.606
2126,33.6949,36.976,2.5496,1.6059
2127,33.6996,36.9806,2.5496,1.6058
2128,33.7043,36.9852,2.5496,1.6057
2129,33.709,36.9897,2.5496,1.6055
2130,33.7138,36.9943,2.5496,1.6054
2131,33.7185,36.9988,2.5496,1.6053
2132,33.7232,37.0034,2.5496,1.6052
2133,33.728,37.008,2.5496,1.6051
2134,33.7327,37.0125,2.5496,1.6049
2135,33.7374,37.0171,2.5496,1.6048
2136,33.7422,37.0216,2.5496,1.6047
2137,33.7469,37.0262,2.5496,1.6046
2138,33.7516,37.0308,2.5496,1.6045
2139,33.7563,37.0353,2.5496,1.6043
2140,33.7611,37.0399,2.5496,1.6042
2141,33.7658,37.0444,2.5496,1.6041
2142,33.7705,37.049,2.5496,1.604
2143,33.7753,37.0536,2.5496,1.6039
2144,33.78,37.0581,2.5496,1.6037
2145,33.7847,37.0627,2.5496,1.6036
2146,33.7895,37.0672,2.5496,1.6035
2147,33.7942,37.0718,2.5496,1.6034
2148,33.7989,37.0764,2.5496,1.6033
2149,33.8037,37.0809,2.5496,1.6031
2150,33.8084,37.0855,2.5496,1.603
2151,33.8131,37.0901,2.5496,1.6029
2152,33.8179,37.0946,2.5496,1.6028
2153,33.8226,37.0992,2.5496,1.6027
2154,33.8273,37.1037,2.5495,1.6025
2155,33.8321,37.1083,2.5495,1.6024
2156,33.8368,37.1129,2.5495,1.6023
2157,33.8415,37.1174,2.5495,1.6022
2158,33.8463,37.122,2.5495,1.6021
2159,33.851,37.1265,2.5495,1.6019
2160,33.8558,37.1311,2.5495,1.6018
2161,33.8605,37.1357,2.5495,1.6017
2162,33.8652,37.1404,2.5495,1.6016
2163,33.87,37.145,2.5495,1.6015
2164,33.8747,37.1497,2.5495,1.6014
2165,33.8794,37.1544,2.5495,1.6012
2166,33.8842,37.1592,2.5495,1.6011
2167,33.8889,37.1639,2.5495,1.601
2168,33.8936,37.1686,2.5495,1.6009
2169,33.8984,37.1734,2.5495,1.6008
2170,33.9031,37.1782,2.5495,1.6006
2171,33.9079,37.183,2.5495,1.6005
2172,33.9126,37.1877,2.5495,1.6004
2173,33.9173,37.1925,2.5495,1.6003
2174,33.9221,37.1974,2.5495,1.6002
2175,33.9268,37.2022,2.5495,1.6001
2176,33.9315,37.207,2.5495,1.5999
2177,33.9363,37.2118,2.5495,1.5998
2178,33.941,37.2167,2.5495,1.5997
2179,33.9458,37.2215,2.5495,1.5996
2180,33.9505,37.2264,2.5495,1.5995
2181,33.9552,37.2312,2.5495,1.5993
2182,33.96,37.2361,2.5495,1.5992
2183,33.9647,37.241,2.5495,1.5991
2184,33.9695,37.2459,2.5495,1.599
2185,33.9742,37.2508,2.5495,1.5989
2186,33.9789,37.2556,2.5495,1.5988
2187,33.9837,37.2605,2.5495,1.5986
2188,33.9884,37.2655,2.5495,1.5985
2189,33.9932,37.2704,2.5495,1.5984
2190,33.9979,37.2753,2.5495,1.5983
2191,34.0026,37.2802,2.5495,1.5982
2192,34.0074,37.2851,2.5495,1.5981
2193,34.0121,37.2901,2.5495,1.598
2194,34.0169,37.295,2.5495,1.5978
2195,34.0216,37.2999,2.5495,1.5977
2196,34.0263,37.3049,2.5495,1.5976
2197,34.0311,37.3098,2.5495,1.5975
2198,34.0358,37.3148,2.5495,1.5974
2199,34.0406,37.3198,2.5495,1.5973
2200,34.0453,37.3247,2.5494,1.5971
2201,34.05,37.3297,2.5494,1.597
2202,34.0548,37.3347,2.5494,1.5969
2203,34.0595,37.3397,2.5494,1.5968
2204,34.0643,37.3446,2.5494,1.5967
2205,34.069,37.3496,2.5494,1.5966
2206,34.0737,37.3546,2.5494,1.5964
2207,34.0785,37.3596,2.5494,1.5963
2208,34.0832,37.3646,2.5494,1.5962
2209,34.088,37.3696,2.5494,1.5961
2210,34.0927,37.3746,2.5494,1.596
2211,34.0974,37.3796,2.5494,1.5959
2212,34.1022,37.3847,2.5494,1.5958
2213,34.1069,37.3897,2.5494,1.5956
2214,34.1117,37.3947,2.5494,1.5955
2215,34.1164,37.3997,2.5494,1.5954
2216,34.1211,37.4048,2.5494,1.5953
2217,34.1259,37.4098,2.5494,1.5952
2218,34.1306,37.4148,2.5494,1.5951
2219,34.1354,37.4199,2.5494,1.595
2220,34.1401,37.4249,2.5494,1.5948
2221,34.1448,37.4299,2.5494,1.5947
2222,34.1496,37.4348,2.5494,1.5946
2223,34.1543,37.4397,2.5494,1.5945
2224,34.1591,37.4445,2.5494,1.5944
2225,34.1638,37.4494,2.5494,1.5943
2226,34.1686,37.4542,2.5494,1.5942
2227,34.1733,37.459,2.5494,1.5941
2228,34.178,37.4637,2.5494,1.5939
2229,34.1828,37.4685,2.5494,1.5938
2230,34.1875,37.4732,2.5494,1.5937
2231,34.1923,37.478,2.5494,1.5936
2232,34.197,37.4827,2.5494,1.5935
2233,34.2017,37.4874,2.5494,1.5934
2234,34.2065,37.4921,2.5494,1.5933
2235,34.2112,37.4968,2.5494,1.5931
2236,34.216,37.5014,2.5494,1.593
2237,34.2207,37.5061,2.5494,1.5929
2238,34.2254,37.5107,2.5494,1.5928
2239,34.2302,37.5154,2.5493,1.5927
2240,34.2349,37.52,2.5493,1.5926
2241,34.2397,37.5247,2.5493,1.5925
2242,34.2444,37.5293,2.5493,1.5923
2243,34.2491,37.5339,2.5493,1.5922
2244,34.2539,37.5385,2.5493,1.5921
2245,34.2586,37.5431,2.5493,1.592
2246,34.2634,37.5477,2.5493,1.5919
2247,34.2681,37.5523,2.5493,1.5918
2248,34.2728,37.5568,2.5493,1.5917
2249,34.2776,37.5614,2.5493,1.5916
2250,34.2823,37.566,2.5493,1.5914
2251,34.287,37.5705,2.5493,1.5913
2252,34.2918,37.5751,2.5493,1.5912
2253,34.2965,37.5796,2.5493,1.5911
2254,34.3013,37.5841,2.5493,1.591
2255,34.306,37.5887,2.5493,1.5909
2256,34.3107,37.5932,2.5493,1.5908
2257,34.3155,37.5977,2.5493,1.5907
2258,34.3202,37.6022,2.5493,1.5905
2259,34.325,37.6068,2.5493,1.5904
2260,34.3297,37.6113,2.5493,1.5903
2261,34.3344,37.6158,2.5493,1.5902
2262,34.3392,37.6203,2.5493,1.5901
2263,34.3439,37.6247,2.5493,1.59
2264,34.3486,37.6292,2.5493,1.5899
2265,34.3534,37.6337,2.5493,1.5898
2266,34.3581,37.6382,2.5493,1.5896
2267,34.3629,37.6427,2.5493,1.5895
2268,34.3676,37.6471,2.5493,1.5894
2269,34.3723,37.6516,2.5493,1.5893
2270,34.3771,37.6561,2.5493,1.5892
2271,34.3818,37.6605,2.5493,1.5891
2272,34.3865,37.665,2.5493,1.589
2273,34.3913,37.6694,2.5492,1.5889
2274,34.396,37.6738,2.5492,1.5887
2275,34.4008,37.6783,2.5492,1.5886
2276,34.4055,37.6827,2.5492,1.5885
2277,34.4102,37.6871,2.5492,1.5884
2278,34.415,37.6916,2.5492,1.5883
2279,34.4197,37.696,2.5492,1.5882
2280,34.4244,37.7004,2.5492,1.5881
2281,34.4292,37.7049,2.5492,1.588
2282,34.4339,37.7095,2.5492,1.5879
2283,34.4386,37.7141,2.5492,1.5877
2284,34.4434,37.7187,2.5492,1.5876
2285,34.4481,37.7234,2.5492,1.5875
2286,34.4529,37.728,2.5492,1.5874
2287,34.4576,37.7327,2.5492,1.5873
2288,34.4623,37.7375,2.5492,1.5872
2289,34.4671,37.7422,2.5492,1.5871
2290,34.4718,37.747,2.5492,1.587
2291,34.4765,37.7517,2.5492,1.5868
2292,34.4813,37.7565,2.5492,1.5867
2293,34.486,37.7613,2.5492,1.5866
2294,34.4907,37.7661,2.5492,1.5865
2295,34.4955,37.7709,2.5492,1.5864
2296,34.5002,37.7758,2.5492,1.5863
2297,34.505,37.7806,2.5492,1.5862
2298,34.5097,37.7855,2.5492,1.5861
2299,34.5144,37.7903,2.5492,1.586
2300,34.5192,37.7952,2.5492,1.5859
2301,34.5239,37.8001,2.5492,1.5857
2302,34.5286,37.805,2.5492,1.5856
2303,34.5334,37.8099,2.5492,1.5855
2304,34.5381,37.8148,2.5491,1.5854
2305,34.5428,37.8197,2.5491,1.5853
2306,34.5476,37.8247,2.5491,1.5852
2307,34.5523,37.8296,2.5491,1.5851
2308,34.557,37.8345,2.5491,1.585
2309,34.5618,37.8395,2.5491,1.5849
2310,34.5665,37.8444,2.5491,1.5848
2311,34.5713,37.8494,2.5491,1.5846
2312,34.576,37.8544,2.5491,1.5845
2313,34.5807,37.8593,2.5491,1.5844
2314,34.5855,37.8643,2.5491,1.5843
2315,34.5902,37.8693,2.5491,1.5842
2316,34.5949,37.8743,2.5491,1.5841
2317,34.5997,37.8793,2.5491,1.584
2318,34.6044,37.8843,2.5491,1.5839
2319,34.6091,37.8893,2.5491,1.5838
2320,34.6139,37.8944,2.5491,1.5837
2321,34.6186,37.8994,2.5491,1.5835
2322,34.6233,37.9044,2.5491,1.5834
2323,34.6281,37.9095,2.5491,1.5833
2324,34.6328,37.9145,2.5491,1.5832
2325,34.6375,37.9196,2.5491,1.5831
2326,34.6423,37.9246,2.5491,1.583
2327,34.647,37.9297,2.5491,1.5829
2328,34.6518,37.9347,2.5491,1.5828
2329,34.6565,37.9398,2.5491,1.5827
2330,34.6612,37.9449,2.5491,1.5826
2331,34.666,37.95,2.5491,1.5825
2332,34.6707,37.955,2.5491,1.5824
2333,34.6754,37.9601,2.549,1.5822
2334,34.6802,37.9652,2.549,1.5821
2335,34.6849,37.9703,2.549,1.582
2336,34.6896,37.9754,2.549,1.5819
2337,34.6944,37.9805,2.549,1.5818
2338,34.6991,37.9856,2.549,1.5817
2339,34.7038,37.9908,2.549,1.5816
2340,34.7086,37.9959,2.549,1.5815
2341,34.7133,38.0009,2.549,1.5814
2342,34.718,38.0059,2.549,1.5813
2343,34.7228,38.0108,2.549,1.5812
2344,34.7275,38.0157,2.549,1.5811
2345,34.7323,38.0206,2.549,1.581
2346,34.737,38.0255,2.549,1.5808
2347,34.7417,38.0303,2.549,1.5807
2348,34.7465,38.0351,2.549,1.5806
2349,34.7512,38.0399,2.549,1.5805
2350,34.7559,38.0447,2.549,1.5804
2351,34.7607,38.0494,2.549,1.5803
2352,34.7654,38.0542,2.549,1.5802
2353,34.7701,38.0589,2.549,1.5801
2354,34.7749,38.0636,2.549,1.58
2355,34.7796,38.0684,2.549,1.5799
2356,34.7843,38.0731,2.549,1.5798
2357,34.7891,38.0777,2.549,1.5797
2358,34.7938,38.0824,2.549,1.5796
2359,34.7986,38.0871,2.5489,1.5795
2360,34.8033,38.0917,2.5489,1.5794
2361,34.808,38.0964,2.5489,1.5792
2362,34.8128,38.101,2.5489,1.5791
2363,34.8175,38.1057,2.5489,1.579
2364,34.8222,38.1103,2.5489,1.5789
2365,34.827,38.1149,2.5489,1.5788
2366,34.8317,38.1195,2.5489,1.5787
2367,34.8364,38.1241,2.5489,1.5786
2368,34.8412,38.1287,2.5489,1.5785
2369,34.8459,38.1333,2.5489,1.5784
2370,34.8506,38.1379,2.5489,1.5783
2371,34.8554,38.1424,2.5489,1.5782
2372,34.8601,38.147,2.5489,1.5781
2373,34.8649,38.1516,2.5489,1.578
2374,34.8696,38.1561,2.5489,1.5779
2375,34.8743,38.1607,2.5489,1.5778
2376,34.8791,38.1652,2.5489,1.5777
2377,34.8838,38.1697,2.5489,1.5775
2378,34.8885,38.1742,2.5489,1.5774
2379,34.8933,38.1788,2.5489,1.5773
2380,34.898,38.1833,2.5489,1.5772
2381,34.9027,38.1878,2.5489,1.5771
2382,34.9075,38.1923,2.5489,1.577
2383,34.9122,38.1968,2.5488,1.5769
2384,34.9169,38.2013,2.5488,1.5768
2385,34.9217,38.2058,2.5488,1.5767
2386,34.9264,38.2103,2.5488,1.5766
2387,34.9311,38.2147,2.5488,1.5765
2388,34.9359,38.2192,2.5488,1.5764
2389,34.9406,38.2237,2.5488,1.5763
2390,34.9454,38.2281,2.5488,1.5762
2391,34.9501,38.2326,2.5488,1.5761
2392,34.9548,38.237,2.5488,1.576
2393,34.9596,38.2415,2.5488,1.5759
2394,34.9643,38.2459,2.5488,1.5757
2395,34.969,38.2504,2.5488,1.5756
2396,34.9738,38.2548,2.5488,1.5755
2397,34.9785,38.2592,2.5488,1.5754
2398,34.9832,38.2637,2.5488,1.5753
2399,34.988,38.2681,2.5488,1.5752
2400,34.9927,38.2725,2.5488,1.5751
2401,34.9974,38.277,2.5488,1.575
2402,35.0022,38.2815,2.5488,1.5749
2403,35.0069,38.2861,2.5488,1.5748
2404,35.0116,38.2907,2.5488,1.5747
2405,35.0164,38.2954,2.5487,1.5746
2406,35.0211,38.3,2.5487,1.5745
2407,35.0259,38.3047,2.5487,1.5744
2408,35.0306,38.3094,2.5487,1.5743
2409,35.0353,38.3141,2.5487,1.5742
2410,35.0401,38.3188,2.5487,1.5741
2411,35.0448,38.3236,2.5487,1.574
2412,35.0495,38.3283,2.5487,1.5739
2413,35.0543,38.3331,2.5487,1.5737
2414,35.059,38.3378,2.5487,1.5736
2415,35.0637,38.3426,2.5487,1.5735
2416,35.0685,38.3474,2.5487,1.5734
2417,35.0732,38.3522,2.5487,1.5733
2418,35.0779,38.357,2.5487,1.5732
2419,35.0827,38.3618,2.5487,1.5731
2420,35.0874,38.3666,2.5487,1.573
2421,35.0921,38.3715,2.5487,1.5729
2422,35.0969,38.3763,2.5487,1.5728
2423,35.1016,38.3811,2.5487,1.5727
2424,35.1064,38.386,2.5487,1.5726
2425,35.1111,38.3909,2.5487,1.5725
2426,35.1158,38.3957,2.5486,1.5724
2427,35.1206,38.4006,2.5486,1.5723
2428,35.1253,38.4055,2.5486,1.5722
2429,35.13,38.4104,2.5486,1.5721
2430,35.1348,38.4153,2.5486,1.572
2431,35.1395,38.4202,2.5486,1.5719
2432,35.1442,38.4251,2.5486,1.5718
2433,35.149,38.43,2.5486,1.5717
2434,35.1537,38.4349,2.5486,1.5716
2435,35.1585,38.4398,2.5486,1.5715
2436,35.1632,38.4447,2.5486,1.5714
2437,35.1679,38.4497,2.5486,1.5713
2438,35.1727,38.4546,2.5486,1.5712
2439,35.1774,38.4595,2.5486,1.5711
2440,35.1821,38.4645,2.5486,1.571
2441,35.1869,38.4694,2.5486,1.5708
2442,35.1916,38.4744,2.5486,1.5707
2443,35.1963,38.4794,2.5486,1.5706
2444,35.2011,38.4843,2.5486,1.5705
2445,35.2058,38.4893,2.5486,1.5704
2446,35.2106,38.4943,2.5485,1.5703
2447,35.2153,38.4992,2.5485,1.5702
2448,35.22,38.5042,2.5485,1.5701
2449,35.2248,38.5092,2.5485,1.57
2450,35.2295,38.5142,2.5485,1.5699
2451,35.2342,38.5192,2.5485,1.5698
2452,35.239,38.5242,2.5485,1.5697
2453,35.2437,38.5292,2.5485,1.5696
2454,35.2485,38.5342,2.5485,1.5695
2455,35.2532,38.5392,2.5485,1.5694
2456,35.2579,38.5442,2.5485,1.5693
2457,35.2627,38.5493,2.5485,1.5692
2458,35.2674,38.5543,2.5485,1.5691
2459,35.2722,38.5593,2.5485,1.569
2460,35.2769,38.5643,2.5485,1.5689
2461,35.2816,38.5693,2.5485,1.5688
2462,35.2864,38.5742,2.5485,1.5687
2463,35.2911,38.5791,2.5485,1.5686
2464,35.2958,38.5839,2.5485,1.5685
2465,35.3006,38.5888,2.5484,1.5684
2466,35.3053,38.5936,2.5484,1.5683
2467,35.3101,38.5984,2.5484,1.5682
2468,35.3148,38.6032,2.5484,1.5681
2469,35.3195,38.6079,2.5484,1.568
2470,35.3243,38.6127,2.5484,1.5679
2471,35.329,38.6174,2.5484,1.5678
2472,35.3338,38.6222,2.5484,1.5677
2473,35.3385,38.6269,2.5484,1.5676
2474,35.3432,38.6316,2.5484,1.5675
2475,35.348,38.6363,2.5484,1.5674
2476,35.3527,38.641,2.5484,1.5673
2477,35.3575,38.6457,2.5484,1.5672
2478,35.3622,38.6504,2.5484,1.5671
2479,35.3669,38.655,2.5484,1.567
2480,35.3717,38.6597,2.5484,1.5669
2481,35.3764,38.6644,2.5484,1.5668
2482,35.3812,38.669,2.5484,1.5667
2483,35.3859,38.6737,2.5483,1.5666
2484,35.3906,38.6783,2.5483,1.5665
2485,35.3954,38.6829,2.5483,1.5664
2486,35.4001,38.6875,2.5483,1.5663
2487,35.4049,38.6922,2.5483,1.5662
2488,35.4096,38.6968,2.5483,1.5661
2489,35.4143,38.7014,2.5483,1.566
2490,35.4191,38.706,2.5483,1.5659
2491,35.4238,38.7106,2.5483,1.5658
2492,35.4286,38.7151,2.5483,1.5657
2493,35.4333,38.7197,2.5483,1.5656
2494,35.438,38.7243,2.5483,1.5655
2495,35.4428,38.7289,2.5483,1.5654
2496,35.4475,38.7334,2.5483,1.5653
2497,35.4523,38.738,2.5483,1.5652
2498,35.457,38.7426,2.5483,1.5651
2499,35.4617,38.7471,2.5483,1.565
2500,35.4665,38.7517,2.5482,1.5649
2501,35.4712,38.7562,2.5482,1.5648
2502,35.476,38.7608,2.5482,1.5647
2503,35.4807,38.7653,2.5482,1.5646
2504,35.4854,38.7698,2.5482,1.5645
2505,35.4902,38.7744,2.5482,1.5644
2506,35.4949,38.7789,2.5482,1.5643
2507,35.4997,38.7834,2.5482,1.5642
2508,35.5044,38.7879,2.5482,1.5641
2509,35.5091,38.7924,2.5482,1.564
2510,35.5139,38.7969,2.5482,1.5639
2511,35.5186,38.8014,2.5482,1.5638
2512,35.5234,38.8059,2.5482,1.5637
2513,35.5281,38.8104,2.5482,1.5636
2514,35.5328,38.8149,2.5482,1.5635
2515,35.5376,38.8194,2.5482,1.5634
2516,35.5423,38.8239,2.5482,1.5633
2517,35.5471,38.8284,2.5481,1.5632
2518,35.5518,38.8329,2.5481,1.5631
2519,35.5566,38.8373,2.5481,1.563
2520,35.5613,38.8418,2.5481,1.5629
2521,35.566,38.8463,2.5481,1.5628
2522,35.5708,38.8507,2.5481,1.5627
2523,35.5755,38.855,2.5481,1.5626
2524,35.5803,38.8594,2.5481,1.5625
2525,35.585,38.8638,2.5481,1.5624
2526,35.5897,38.8681,2.5481,1.5623
2527,35.5945,38.8724,2.5481,1.5622
2528,35.5992,38.8767,2.5481,1.5621
2529,35.604,38.881,2.5481,1.562
2530,35.6087,38.8853,2.5481,1.5619
2531,35.6135,38.8896,2.5481,1.5618
2532,35.6182,38.8938,2.548,1.5617
2533,35.6229,38.8981,2.548,1.5616
2534,35.6277,38.9023,2.548,1.5615
2535,35.6324,38.9066,2.548,1.5614
2536,35.6372,38.9108,2.548,1.5613
2537,35.6419,38.915,2.548,1.5612
2538,35.6466,38.9192,2.548,1.5611
2539,35.6514,38.9234,2.548,1.561
2540,35.6561,38.9276,2.548,1.5609
2541,35.6609,38.9318,2.548,1.5608
2542,35.6656,38.936,2.548,1.5607
2543,35.6704,38.9402,2.548,1.5606
2544,35.6751,38.9444,2.548,1.5605
2545,35.6798,38.9485,2.548,1.5604
2546,35.6846,38.9527,2.548,1.5603
2547,35.6893,38.9568,2.5479,1.5602
2548,35.6941,38.9609,2.5479,1.5601
2549,35.6988,38.9651,2.5479,1.56
2550,35.7035,38.9692,2.5479,1.5599
2551,35.7083,38.9733,2.5479,1.5598
2552,35.713,38.9774,2.5479,1.5597
2553,35.7178,38.9815,2.5479,1.5596
2554,35.7225,38.9856,2.5479,1.5595
2555,35.7273,38.9897,2.5479,1.5594
2556,35.732,38.9938,2.5479,1.5593
2557,35.7367,38.9979,2.5479,1.5592
2558,35.7415,39.002,2.5479,1.5591
2559,35.7462,39.006,2.5479,1.559
2560,35.751,39.0101,2.5479,1.5589
2561,35.7557,39.0141,2.5479,1.5588
2562,35.7605,39.0182,2.5478,1.5587
2563,35.7652,39.0222,2.5478,1.5586
2564,35.7699,39.0263,2.5478,1.5585
2565,35.7747,39.0303,2.5478,1.5584
2566,35.7794,39.0343,2.5478,1.5583
2567,35.7842,39.0384,2.5478,1.5582
2568,35.7889,39.0424,2.5478,1.5581
2569,35.7937,39.0464,2.5478,1.558
2570,35.7984,39.0504,2.5478,1.5579
2571,35.8032,39.0544,2.5478,1.5578
2572,35.8079,39.0584,2.5478,1.5577
2573,35.8126,39.0624,2.5478,1.5576
2574,35.8174,39.0664,2.5478,1.5575
2575,35.8221,39.0704,2.5478,1.5574
2576,35.8269,39.0743,2.5477,1.5574
2577,35.8316,39.0783,2.5477,1.5573
2578,35.8364,39.0823,2.5477,1.5572
2579,35.8411,39.0862,2.5477,1.5571
2580,35.8459,39.0902,2.5477,1.557
2581,35.8506,39.0943,2.5477,1.5569
2582,35.8553,39.0984,2.5477,1.5568
2583,35.8601,39.1026,2.5477,1.5567
2584,35.8648,39.1069,2.5477,1.5566
2585,35.8696,39.1112,2.5477,1.5565
2586,35.8743,39.1155,2.5477,1.5564
2587,35.8791,39.1198,2.5477,1.5563
2588,35.8838,39.1242,2.5477,1.5562
2589,35.8886,39.1286,2.5477,1.5561
2590,35.8933,39.133,2.5476,1.556
2591,35.898,39.1375,2.5476,1.5559
2592,35.9028,39.1419,2.5476,1.5558
2593,35.9075,39.1464,2.5476,1.5557
2594,35.9123,39.1509,2.5476,1.5556
2595,35.917,39.1554,2.5476,1.5555
2596,35.9218,39.1599,2.5476,1.5554
2597,35.9265,39.1645,2.5476,1.5553
2598,35.9313,39.169,2.5476,1.5552
2599,35.936,39.1736,2.5476,1.5551
2600,35.9407,39.1782,2.5476,1.555
2601,35.9455,39.1828,2.5476,1.5549
2602,35.9502,39.1874,2.5476,1.5548
2603,35.955,39.192,2.5475,1.5547
2604,35.9597,39.1967,2.5475,1.5546
2605,35.9645,39.2013,2.5475,1.5545
2606,35.9692,39.206,2.5475,1.5544
2607,35.974,39.2106,2.5475,1.5543
2608,35.9787,39.2153,2.5475,1.5542
2609,35.9835,39.22,2.5475,1.5541
2610,35.9882,39.2247,2.5475,1.554
2611,35.9929,39.2294,2.5475,1.5539
2612,35.9977,39.2341,2.5475,1.5538
2613,36.0024,39.2388,2.5475,1.5537
2614,36.0072,39.2436,2.5475,1.5536
2615,36.0119,39.2483,2.5474,1.5535
2616,36.0167,39.2531,2.5474,1.5535
2617,36.0214,39.2578,2.5474,1.5534
2618,36.0262,39.2626,2.5474,1.5533
2619,36.0309,39.2674,2.5474,1.5532
2620,36.0357,39.2721,2.5474,1.5531
2621,36.0404,39.2769,2.5474,1.553
2622,36.0451,39.2817,2.5474,1.5529
2623,36.0499,39.2865,2.5474,1.5528
2624,36.0546,39.2913,2.5474,1.5527
2625,36.0594,39.2962,2.5474,1.5526
2626,36.0641,39.301,2.5474,1.5525
2627,36.0689,39.3058,2.5474,1.5524
2628,36.0736,39.3107,2.5473,1.5523
2629,36.0784,39.3155,2.5473,1.5522
2630,36.0831,39.3204,2.5473,1.5521
2631,36.0878,39.3252,2.5473,1.552
2632,36.0926,39.3301,2.5473,1.5519
2633,36.0973,39.335,2.5473,1.5518
2634,36.1021,39.3399,2.5473,1.5517
2635,36.1068,39.3447,2.5473,1.5516
2636,36.1116,39.3496,2.5473,1.5515
2637,36.1163,39.3545,2.5473,1.5515
2638,36.121,39.3594,2.5473,1.5514
2639,36.1258,39.3644,2.5473,1.5513
2640,36.1305,39.3693,2.5472,1.5512
2641,36.1353,39.3741,2.5472,1.5511
2642,36.14,39.3789,2.5472,1.551
2643,36.1448,39.3837,2.5472,1.5509
2644,36.1495,39.3884,2.5472,1.5508
2645,36.1542,39.3931,2.5472,1.5507
2646,36.159,39.3978,2.5472,1.5506
2647,36.1637,39.4025,2.5472,1.5505
2648,36.1685,39.4072,2.5472,1.5504
2649,36.1732,39.4119,2.5472,1.5503
2650,36.1779,39.4165,2.5472,1.5502
2651,36.1827,39.4212,2.5471,1.5501
2652,36.1874,39.4258,2.5471,1.55
2653,36.1922,39.4304,2.5471,1.5499
2654,36.1969,39.435,2.5471,1.5498
2655,36.2016,39.4396,2.5471,1.5498
2656,36.2064,39.4442,2.5471,1.5497
2657,36.2111,39.4488,2.5471,1.5496
2658,36.2159,39.4534,2.5471,1.5495
2659,36.2206,39.4579,2.5471,1.5494
2660,36.2253,39.4625,2.5471,1.5493
2661,36.2301,39.4671,2.5471,1.5492
2662,36.2348,39.4716,2.5471,1.5491
2663,36.2396,39.4762,2.547,1.549
2664,36.2443,39.4807,2.547,1.5489
2665,36.249,39.4853,2.547,1.5488
2666,36.2538,39.4898,2.547,1.5487
2667,36.2585,39.4943,2.547,1.5486
2668,36.2632,39.4988,2.547,1.5485
2669,36.268,39.5034,2.547,1.5484
2670,36.2727,39.5079,2.547,1.5483
2671,36.2774,39.5124,2.547,1.5483
2672,36.2822,39.5169,2.547,1.5482
2673,36.2869,39.5214,2.547,1.5481
2674,36.2916,39.5259,2.5469,1.548
2675,36.2964,39.5304,2.5469,1.5479
2676,36.3011,39.5349,2.5469,1.5478
2677,36.3058,39.5394,2.5469,1.5477
2678,36.3106,39.5438,2.5469,1.5476
2679,36.3153,39.5483,2.5469,1.5475
2680,36.32,39.5528,2.5469,1.5474
2681,36.3248,39.5573,2.5469,1.5473
2682,36.3295,39.5617,2.5469,1.5472
2683,36.3342,39.5662,2.5469,1.5471
2684,36.339,39.5707,2.5468,1.547
2685,36.3437,39.5751,2.5468,1.5469
2686,36.3484,39.5796,2.5468,1.5469
2687,36.3531,39.584,2.5468,1.5468
2688,36.3579,39.5885,2.5468,1.5467
2689,36.3626,39.5929,2.5468,1.5466
2690,36.3673,39.5974,2.5468,1.5465
2691,36.3721,39.6018,2.5468,1.5464
2692,36.3768,39.6062,2.5468,1.5463
2693,36.3815,39.6107,2.5468,1.5462
2694,36.3862,39.6151,2.5468,1.5461
2695,36.391,39.6195,2.5467,1.546
2696,36.3957,39.624,2.5467,1.5459
2697,36.4004,39.6284,2.5467,1.5458
2698,36.4051,39.6328,2.5467,1.5457
2699,36.4099,39.6372,2.5467,1.5456
2700,36.4146,39.6417,2.5467,1.5456
2701,36.4193,39.646,2.5467,1.5455
2702,36.424,39.6503,2.5467,1.5454
2703,36.4287,39.6546,2.5467,1.5453
2704,36.4335,39.6589,2.5467,1.5452
2705,36.4382,39.6631,2.5466,1.5451
2706,36.4429,39.6674,2.5466,1.545
2707,36.4476,39.6716,2.5466,1.5449
2708,36.4524,39.6758,2.5466,1.5448
2709,36.4571,39.6799,2.5466,1.5447
2710,36.4618,39.6841,2.5466,1.5446
2711,36.4665,39.6882,2.5466,1.5445
2712,36.4712,39.6924,2.5466,1.5444
2713,36.4759,39.6965,2.5466,1.5443
2714,36.4807,39.7006,2.5466,1.5443
2715,36.4854,39.7047,2.5465,1.5442
2716,36.4901,39.7088,2.5465,1.5441
2717,36.4948,39.7129,2.5465,1.544
2718,36.4995,39.7169,2.5465,1.5439
2719,36.5042,39.721,2.5465,1.5438
2720,36.509,39.725,2.5465,1.5437
2721,36.5137,39.7291,2.5465,1.5436
2722,36.5184,39.7331,2.5465,1.5435
2723,36.5231,39.7371,2.5465,1.5434
2724,36.5278,39.7411,2.5465,1.5433
2725,36.5325,39.7451,2.5464,1.5432
2726,36.5372,39.7491,2.5464,1.5431
2727,36.542,39.7531,2.5464,1.5431
2728,36.5467,39.7571,2.5464,1.543
2729,36.5514,39.761,2.5464,1.5429
2730,36.5561,39.765,2.5464,1.5428
2731,36.5608,39.7689,2.5464,1.5427
2732,36.5655,39.7729,2.5464,1.5426
2733,36.5702,39.7768,2.5464,1.5425
2734,36.5749,39.7807,2.5464,1.5424
2735,36.5796,39.7847,2.5463,1.5423
2736,36.5844,39.7886,2.5463,1.5422
2737,36.5891,39.7925,2.5463,1.5421
2738,36.5938,39.7964,2.5463,1.542
2739,36.5985,39.8003,2.5463,1.5419
2740,36.6032,39.8042,2.5463,1.5419
2741,36.6079,39.808,2.5463,1.5418
2742,36.6126,39.8119,2.5463,1.5417
2743,36.6173,39.8158,2.5463,1.5416
2744,36.622,39.8196,2.5462,1.5415
2745,36.6267,39.8235,2.5462,1.5414
2746,36.6314,39.8273,2.5462,1.5413
2747,36.6361,39.8312,2.5462,1.5412
2748,36.6408,39.835,2.5462,1.5411
2749,36.6455,39.8388,2.5462,1.541
2750,36.6503,39.8426,2.5462,1.5409
2751,36.655,39.8465,2.5462,1.5408
2752,36.6597,39.8503,2.5462,1.5407
2753,36.6644,39.8541,2.5461,1.5407
2754,36.6691,39.8579,2.5461,1.5406
2755,36.6738,39.8616,2.5461,1.5405
2756,36.6785,39.8654,2.5461,1.5404
2757,36.6832,39.8692,2.5461,1.5403
2758,36.6879,39.873,2.5461,1.5402
2759,36.6926,39.8767,2.5461,1.5401
2760,36.6973,39.8805,2.5461,1.54
2761,36.702,39.8843,2.5461,1.5399
2762,36.7067,39.8881,2.5461,1.5398
2763,36.7114,39.892,2.546,1.5397
2764,36.7161,39.8958,2.546,1.5396
2765,36.7208,39.8997,2.546,1.5395
2766,36.7255,39.9035,2.546,1.5395
2767,36.7302,39.9074,2.546,1.5394
2768,36.7349,39.9113,2.546,1.5393
2769,36.7396,39.9151,2.546,1.5392
2770,36.7443,39.919,2.546,1.5391
2771,36.749,39.9229,2.5459,1.539
2772,36.7537,39.9268,2.5459,1.5389
2773,36.7584,39.9307,2.5459,1.5388
2774,36.7631,39.9346,2.5459,1.5387
2775,36.7678,39.9385,2.5459,1.5386
2776,36.7725,39.9424,2.5459,1.5385
2777,36.7772,39.9463,2.5459,1.5384
2778,36.7819,39.9502,2.5459,1.5383
2779,36.7866,39.9541,2.5459,1.5383
2780,36.7912,39.958,2.5458,1.5382
2781,36.7959,39.9619,2.5458,1.5381
2782,36.8006,39.9658,2.5458,1.538
2783,36.8053,39.9697,2.5458,1.5379
2784,36.81,39.9736,2.5458,1.5378
2785,36.8147,39.9776,2.5458,1.5377
2786,36.8194,39.9815,2.5458,1.5376
2787,36.8241,39.9854,2.5458,1.5375
2788,36.8288,39.9893,2.5458,1.5374
2789,36.8335,39.9932,2.5457,1.5373
2790,36.8382,39.9971,2.5457,1.5372
2791,36.8429,40.001,2.5457,1.5372
2792,36.8476,40.0049,2.5457,1.5371
2793,36.8523,40.0088,2.5457,1.537
2794,36.857,40.0128,2.5457,1.5369
2795,36.8616,40.0167,2.5457,1.5368
2796,36.8663,40.0206,2.5457,1.5367
2797,36.871,40.0245,2.5456,1.5366
2798,36.8757,40.0284,2.5456,1.5365
2799,36.8804,40.0323,2.5456,1.5364
2800,36.8851,40.0362,2.5456,1.5363
2801,36.8898,40.0401,2.5456,1.5362
2802,36.8945,40.0441,2.5456,1.5362
2803,36.8992,40.048,2.5456,1.5361
2804,36.9038,40.0519,2.5456,1.536
2805,36.9085,40.0558,2.5455,1.5359
2806,36.9132,40.0597,2.5455,1.5358
2807,36.9179,40.0636,2.5455,1.5357
2808,36.9226,40.0675,2.5455,1.5356
2809,36.9273,40.0714,2.5455,1.5355
2810,36.932,40.0753,2.5455,1.5354
2811,36.9367,40.0792,2.5455,1.5353
2812,36.9413,40.0832,2.5455,1.5352
2813,36.946,40.0871,2.5455,1.5352
2814,36.9507,40.091,2.5454,1.5351
2815,36.9554,40.0949,2.5454,1.535
2816,36.9601,40.0988,2.5454,1.5349
2817,36.9648,40.1027,2.5454,1.5348
2818,36.9694,40.1066,2.5454,1.5347
2819,36.9741,40.1105,2.5454,1.5346
2820,36.9788,40.1144,2.5454,1.5345
2821,36.9835,40.1184,2.5454,1.5344
2822,36.9882,40.1224,2.5453,1.5343
2823,36.9928,40.1264,2.5453,1.5342
2824,36.9975,40.1305,2.5453,1.5342
2825,37.0022,40.1346,2.5453,1.5341
2826,37.0069,40.1387,2.5453,1.534
2827,37.0116,40.1428,2.5453,1.5339
2828,37.0162,40.147,2.5453,1.5338
2829,37.0209,40.1511,2.5452,1.5337
2830,37.0256,40.1553,2.5452,1.5336
2831,37.0303,40.1595,2.5452,1.5335
2832,37.035,40.1637,2.5452,1.5334
2833,37.0396,40.1679,2.5452,1.5333
2834,37.0443,40.1721,2.5452,1.5333
2835,37.049,40.1764,2.5452,1.5332
2836,37.0537,40.1806,2.5452,1.5331
2837,37.0583,40.1849,2.5451,1.533
2838,37.063,40.1891,2.5451,1.5329
2839,37.0677,40.1934,2.5451,1.5328
2840,37.0724,40.1977,2.5451,1.5327
2841,37.077,40.202,2.5451,1.5326
2842,37.0817,40.2063,2.5451,1.5325
2843,37.0864,40.2106,2.5451,1.5324
2844,37.091,40.2149,2.5451,1.5324
2845,37.0957,40.2192,2.545,1.5323
2846,37.1004,40.2235,2.545,1.5322
2847,37.105,40.2279,2.545,1.5321
2848,37.1097,40.2322,2.545,1.532
2849,37.1144,40.2365,2.545,1.5319
2850,37.119,40.2409,2.545,1.5318
2851,37.1237,40.2453,2.545,1.5317
2852,37.1284,40.2496,2.5449,1.5316
2853,37.133,40.254,2.5449,1.5315
2854,37.1377,40.2584,2.5449,1.5315
2855,37.1424,40.2628,2.5449,1.5314
2856,37.147,40.2672,2.5449,1.5313
2857,37.1517,40.2716,2.5449,1.5312
2858,37.1564,40.276,2.5449,1.5311
2859,37.161,40.2804,2.5449,1.531
2860,37.1657,40.2848,2.5448,1.5309
2861,37.1703,40.2892,2.5448,1.5308
2862,37.175,40.2936,2.5448,1.5308
2863,37.1797,40.2981,2.5448,1.5307
2864,37.1843,40.3025,2.5448,1.5306
2865,37.189,40.3069,2.5448,1.5305
2866,37.1936,40.3114,2.5448,1.5304
2867,37.1983,40.3158,2.5447,1.5303
2868,37.203,40.3203,2.5447,1.5302
2869,37.2076,40.3247,2.5447,1.5301
2870,37.2123,40.3292,2.5447,1.53
2871,37.2169,40.3337,2.5447,1.53
2872,37.2216,40.3381,2.5447,1.5299
2873,37.2262,40.3426,2.5447,1.5298
2874,37.2309,40.3471,2.5446,1.5297
2875,37.2355,40.3516,2.5446,1.5296
2876,37.2402,40.3561,2.5446,1.5295
2877,37.2448,40.3606,2.5446,1.5294
2878,37.2495,40.3651,2.5446,1.5293
2879,37.2541,40.3696,2.5446,1.5293
2880,37.2588,40.3741,2.5446,1.5292
2881,37.2634,40.3785,2.5445,1.5291
2882,37.2681,40.3828,2.5445,1.529
2883,37.2727,40.387,2.5445,1.5289
2884,37.2773,40.3912,2.5445,1.5288
2885,37.282,40.3953,2.5445,1.5287
2886,37.2866,40.3994,2.5445,1.5286
2887,37.2913,40.4035,2.5445,1.5286
2888,37.2959,40.4075,2.5444,1.5285
2889,37.3006,40.4115,2.5444,1.5284
2890,37.3052,40.4155,2.5444,1.5283
2891,37.3098,40.4195,2.5444,1.5282
2892,37.3145,40.4234,2.5444,1.5281
2893,37.3191,40.4273,2.5444,1.528
2894,37.3237,40.4312,2.5444,1.5279
2895,37.3284,40.4351,2.5443,1.5278
2896,37.333,40.439,2.5443,1.5278
2897,37.3376,40.4428,2.5443,1.5277
2898,37.3423,40.4467,2.5443,1.5276
2899,37.3469,40.4505,2.5443,1.5275
2900,37.3515,40.4543,2.5443,1.5274
2901,37.3562,40.4581,2.5443,1.5273
2902,37.3608,40.4618,2.5442,1.5272
2903,37.3654,40.4656,2.5442,1.5271
2904,37.3701,40.4693,2.5442,1.5271
2905,37.3747,40.473,2.5442,1.527
2906,37.3793,40.4767,2.5442,1.5269
2907,37.3839,40.4804,2.5442,1.5268
2908,37.3886,40.4841,2.5442,1.5267
2909,37.3932,40.4878,2.5441,1.5266
2910,37.3978,40.4914,2.5441,1.5265
2911,37.4024,40.4951,2.5441,1.5264
2912,37.4071,40.4987,2.5441,1.5264
2913,37.4117,40.5024,2.5441,1.5263
2914,37.4163,40.506,2.5441,1.5262
2915,37.4209,40.5096,2.5441,1.5261
2916,37.4255,40.5132,2.544,1.526
2917,37.4301,40.5167,2.544,1.5259
2918,37.4348,40.5203,2.544,1.5258
2919,37.4394,40.5239,2.544,1.5257
2920,37.444,40.5274,2.544,1.5257
2921,37.4486,40.531,2.544,1.5256
2922,37.4532,40.5345,2.5439,1.5255
2923,37.4578,40.538,2.5439,1.5254
2924,37.4624,40.5415,2.5439,1.5253
2925,37.467,40.545,2.5439,1.5252
2926,37.4716,40.5485,2.5439,1.5251
2927,37.4763,40.552,2.5439,1.525
2928,37.4809,40.5555,2.5439,1.525
2929,37.4855,40.559,2.5438,1.5249
2930,37.4901,40.5624,2.5438,1.5248
2931,37.4947,40.5659,2.5438,1.5247
2932,37.4993,40.5693,2.5438,1.5246
2933,37.5039,40.5728,2.5438,1.5245
2934,37.5085,40.5762,2.5438,1.5244
2935,37.5131,40.5796,2.5437,1.5243
2936,37.5177,40.583,2.5437,1.5243
2937,37.5223,40.5864,2.5437,1.5242
2938,37.5269,40.5898,2.5437,1.5241
2939,37.5315,40.5932,2.5437,1.524
2940,37.5361,40.5966,2.5437,1.5239
2941,37.5407,40.6,2.5436,1.5238
2942,37.5453,40.6035,2.5436,1.5237
2943,37.5499,40.6071,2.5436,1.5236
2944,37.5545,40.6106,2.5436,1.5236
2945,37.559,40.6142,2.5436,1.5235
2946,37.5636,40.6178,2.5436,1.5234
2947,37.5682,40.6214,2.5436,1.5233
2948,37.5728,40.6251,2.5435,1.5232
2949,37.5774,40.6287,2.5435,1.5231
2950,37.582,40.6324,2.5435,1.523
2951,37.5866,40.636,2.5435,1.5229
2952,37.5912,40.6397,2.5435,1.5229
2953,37.5958,40.6434,2.5435,1.5228
2954,37.6003,40.6471,2.5434,1.5227
2955,37.6049,40.6508,2.5434,1.5226
2956,37.6095,40.6545,2.5434,1.5225
2957,37.6141,40.6582,2.5434,1.5224
2958,37.6187,40.6619,2.5434,1.5223
2959,37.6232,40.6656,2.5434,1.5222
2960,37.6278,40.6694,2.5433,1.5222
2961,37.6324,40.6731,2.5433,1.5221
2962,37.637,40.6768,2.5433,1.522
2963,37.6416,40.6806,2.5433,1.5219
2964,37.6461,40.6843,2.5433,1.5218
2965,37.6507,40.6881,2.5433,1.5217
2966,37.6553,40.6918,2.5432,1.5216
2967,37.6599,40.6956,2.5432,1.5215
2968,37.6644,40.6994,2.5432,1.5215
2969,37.669,40.7031,2.5432,1.5214
2970,37.6736,40.7069,2.5432,1.5213
2971,37.6781,40.7107,2.5432,1.5212
2972,37.6827,40.7145,2.5431,1.5211
2973,37.6873,40.7182,2.5431,1.521
2974,37.6919,40.722,2.5431,1.5209
2975,37.6964,40.7258,2.5431,1.5208
2976,37.701,40.7296,2.5431,1.5208
2977,37.7055,40.7334,2.5431,1.5207
2978,37.7101,40.7372,2.543,1.5206
2979,37.7147,40.741,2.543,1.5205
2980,37.7192,40.7448,2.543,1.5204
2981,37.7238,40.7486,2.543,1.5203
2982,37.7284,40.7524,2.543,1.5202
2983,37.7329,40.7562,2.543,1.5201
2984,37.7375,40.76,2.5429,1.5201
2985,37.742,40.7638,2.5429,1.52
2986,37.7466,40.7676,2.5429,1.5199
2987,37.7512,40.7714,2.5429,1.5198
2988,37.7557,40.7753,2.5429,1.5197
2989,37.7603,40.7791,2.5429,1.5196
2990,37.7648,40.7829,2.5428,1.5195
2991,37.7694,40.7867,2.5428,1.5195
2992,37.7739,40.7906,2.5428,1.5194
2993,37.7785,40.7944,2.5428,1.5193
2994,37.783,40.7982,2.5428,1.5192
2995,37.7876,40.802,2.5427,1.5191
2996,37.7921,40.8059,2.5427,1.519
2997,37.7967,40.8097,2.5427,1.5189
2998,37.8012,40.8135,2.5427,1.5188
2999,37.8058,40.8174,2.5427,1.5188
3000,37.8103,40.8212,2.5427,1.5187
3001,37.8149,40.825,2.5426,1.5186
3002,37.8194,40.8288,2.5426,1.5185
3003,37.824,40.8325,2.5426,1.5184
3004,37.8285,40.8363,2.5426,1.5183
3005,37.8331,40.84,2.5426,1.5182
3006,37.8376,40.8437,2.5426,1.5182
3007,37.8421,40.8474,2.5425,1.5181
3008,37.8467,40.8512,2.5425,1.518
3009,37.8512,40.8548,2.5425,1.5179
3010,37.8558,40.8585,2.5425,1.5178
3011,37.8603,40.8622,2.5425,1.5177
3012,37.8648,40.8659,2.5424,1.5176
3013,37.8694,40.8696,2.5424,1.5176
3014,37.8739,40.8732,2.5424,1.5175
3015,37.8784,40.8769,2.5424,1.5174
3016,37.883,40.8806,2.5424,1.5173
3017,37.8875,40.8842,2.5424,1.5172
3018,37.892,40.8878,2.5423,1.5171
3019,37.8966,40.8915,2.5423,1.517
3020,37.9011,40.8951,2.5423,1.517
3021,37.9056,40.8988,2.5423,1.5169
3022,37.9102,40.9024,2.5423,1.5168
3023,37.9147,40.906,2.5422,1.5167
3024,37.9192,40.9096,2.5422,1.5166
3025,37.9237,40.9132,2.5422,1.5165
3026,37.9283,40.9168,2.5422,1.5164
3027,37.9328,40.9204,2.5422,1.5164
3028,37.9373,40.9241,2.5422,1.5163
3029,37.9418,40.9277,2.5421,1.5162
3030,37.9464,40.9312,2.5421,1.5161
3031,37.9509,40.9348,2.5421,1.516
3032,37.9554,40.9384,2.5421,1.5159
3033,37.9599,40.942,2.5421,1.5158
3034,37.9644,40.9456,2.542,1.5158
3035,37.969,40.9492,2.542,1.5157
3036,37.9735,40.9527,2.542,1.5156
3037,37.978,40.9563,2.542,1.5155
3038,37.9825,40.9599,2.542,1.5154
3039,37.987,40.9635,2.542,1.5153
3040,37.9915,40.967,2.5419,1.5152
3041,37.996,40.9706,2.5419,1.5152
3042,38.0005,40.9741,2.5419,1.5151
3043,38.005,40.9777,2.5419,1.515
3044,38.0096,40.9812,2.5419,1.5149
3045,38.0141,40.9848,2.5418,1.5148
3046,38.0186,40.9883,2.5418,1.5147
3047,38.0231,40.9919,2.5418,1.5146
3048,38.0276,40.9954,2.5418,1.5146
3049,38.0321,40.9989,2.5418,1.5145
3050,38.0366,41.0025,2.5417,1.5144
3051,38.0411,41.006,2.5417,1.5143
3052,38.0456,41.0095,2.5417,1.5142
3053,38.0501,41.0131,2.5417,1.5141
3054,38.0546,41.0166,2.5417,1.514
3055,38.0591,41.0201,2.5416,1.514
3056,38.0636,41.0236,2.5416,1.5139
3057,38.0681,41.0271,2.5416,1.5138
3058,38.0726,41.0306,2.5416,1.5137
3059,38.0771,41.0341,2.5416,1.5136
3060,38.0815,41.0377,2.5415,1.5135
3061,38.086,41.0413,2.5415,1.5135
3062,38.0905,41.045,2.5415,1.5134
3063,38.095,41.0488,2.5415,1.5133
3064,38.0995,41.0527,2.5415,1.5132
3065,38.104,41.0565,2.5415,1.5131
3066,38.1085,41.0605,2.5414,1.513
3067,38.113,41.0644,2.5414,1.5129
3068,38.1174,41.0684,2.5414,1.5129
3069,38.1219,41.0725,2.5414,1.5128
3070,38.1264,41.0765,2.5414,1.5127
3071,38.1309,41.0806,2.5413,1.5126
3072,38.1354,41.0847,2.5413,1.5125
3073,38.1398,41.0888,2.5413,1.5124
3074,38.1443,41.093,2.5413,1.5123
3075,38.1488,41.0971,2.5413,1.5123
3076,38.1533,41.1013,2.5412,1.5122
3077,38.1577,41.1055,2.5412,1.5121
3078,38.1622,41.1098,2.5412,1.512
3079,38.1667,41.114,2.5412,1.5119
3080,38.1712,41.1183,2.5412,1.5118
3081,38.1756,41.1226,2.5411,1.5118
3082,38.1801,41.1268,2.5411,1.5117
3083,38.1846,41.1312,2.5411,1.5116
3084,38.189,41.1355,2.5411,1.5115
3085,38.1935,41.1398,2.5411,1.5114
3086,38.1979,41.1442,2.541,1.5113
3087,38.2024,41.1486,2.541,1.5113
3088,38.2069,41.1529,2.541,1.5112
3089,38.2113,41.1573,2.541,1.5111
3090,38.2158,41.1617,2.5409,1.511
3091,38.2203,41.1662,2.5409,1.5109
3092,38.2247,41.1706,2.5409,1.5108
3093,38.2292,41.1751,2.5409,1.5108
3094,38.2336,41.1795,2.5409,1.5107
3095,38.2381,41.184,2.5408,1.5106
3096,38.2425,41.1885,2.5408,1.5105
3097,38.247,41.193,2.5408,1.5104
3098,38.2514,41.1975,2.5408,1.5103
3099,38.2559,41.202,2.5408,1.5103
3100,38.2603,41.2065,2.5407,1.5102
3101,38.2648,41.2111,2.5407,1.5101
3102,38.2692,41.2156,2.5407,1.51
3103,38.2737,41.2202,2.5407,1.5099
3104,38.2781,41.2247,2.5407,1.5098
3105,38.2826,41.2293,2.5406,1.5098
3106,38.287,41.2339,2.5406,1.5097
3107,38.2914,41.2385,2.5406,1.5096
3108,38.2959,41.2431,2.5406,1.5095
3109,38.3003,41.2478,2.5406,1.5094
3110,38.3047,41.2524,2.5405,1.5094
3111,38.3092,41.257,2.5405,1.5093
3112,38.3136,41.2617,2.5405,1.5092
3113,38.3181,41.2663,2.5405,1.5091
3114,38.3225,41.271,2.5404,1.509
3115,38.3269,41.2757,2.5404,1.5089
3116,38.3313,41.2804,2.5404,1.5089
3117,38.3358,41.2851,2.5404,1.5088
3118,38.3402,41.2898,2.5404,1.5087
3119,38.3446,41.2945,2.5403,1.5086
3120,38.3491,41.2992,2.5403,1.5085
3121,38.3535,41.3038,2.5403,1.5085
3122,38.3579,41.3083,2.5403,1.5084
3123,38.3623,41.3128,2.5403,1.5083
3124,38.3667,41.3172,2.5402,1.5082
3125,38.3712,41.3216,2.5402,1.5081
3126,38.3756,41.3259,2.5402,1.5081
3127,38.38,41.3302,2.5402,1.508
3128,38.3844,41.3345,2.5401,1.5079
3129,38.3888,41.3388,2.5401,1.5078
3130,38.3932,41.3431,2.5401,1.5077
3131,38.3977,41.3473,2.5401,1.5076
3132,38.4021,41.3515,2.5401,1.5076
3133,38.4065,41.3557,2.54,1.5075
3134,38.4109,41.3599,2.54,1.5074
3135,38.4153,41.364,2.54,1.5073
3136,38.4197,41.3682,2.54,1.5072
3137,38.4241,41.3723,2.5399,1.5072
3138,38.4285,41.3765,2.5399,1.5071
3139,38.4329,41.3806,2.5399,1.507
3140,38.4373,41.3847,2.5399,1.5069
3141,38.4417,41.3888,2.5399,1.5068
3142,38.4461,41.3929,2.5398,1.5068
3143,38.4505,41.3969,2.5398,1.5067
3144,38.4549,41.401,2.5398,1.5066
3145,38.4593,41.405,2.5398,1.5065
3146,38.4637,41.4091,2.5397,1.5064
3147,38.4681,41.4131,2.5397,1.5064
3148,38.4725,41.4171,2.5397,1.5063
3149,38.4769,41.4211,2.5397,1.5062
3150,38.4813,41.4251,2.5397,1.5061
3151,38.4857,41.4291,2.5396,1.506
3152,38.4901,41.4331,2.5396,1.5059
3153,38.4944,41.4371,2.5396,1.5059
3154,38.4988,41.4411,2.5396,1.5058
3155,38.5032,41.445,2.5395,1.5057
3156,38.5076,41.449,2.5395,1.5056
3157,38.512,41.4529,2.5395,1.5055
3158,38.5164,41.4569,2.5395,1.5055
3159,38.5207,41.4608,2.5395,1.5054
3160,38.5251,41.4648,2.5394,1.5053
3161,38.5295,41.4687,2.5394,1.5052
3162,38.5339,41.4726,2.5394,1.5051
3163,38.5383,41.4765,2.5394,1.5051
3164,38.5426,41.4804,2.5393,1.505
3165,38.547,41.4843,2.5393,1.5049
3166,38.5514,41.4882,2.5393,1.5048
3167,38.5558,41.4921,2.5393,1.5047
3168,38.5601,41.496,2.5392,1.5047
3169,38.5645,41.4999,2.5392,1.5046
3170,38.5689,41.5037,2.5392,1.5045
3171,38.5732,41.5076,2.5392,1.5044
3172,38.5776,41.5115,2.5392,1.5043
3173,38.582,41.5153,2.5391,1.5043
3174,38.5863,41.5192,2.5391,1.5042
3175,38.5907,41.523,2.5391,1.5041
3176,38.595,41.5269,2.5391,1.504
3177,38.5994,41.5307,2.539,1.5039
3178,38.6038,41.5345,2.539,1.5039
3179,38.6081,41.5384,2.539,1.5038
3180,38.6125,41.5422,2.539,1.5037
3181,38.6168,41.546,2.5389,1.5036
3182,38.6212,41.5499,2.5389,1.5035
3183,38.6256,41.5537,2.5389,1.5035
3184,38.6299,41.5576,2.5389,1.5034
3185,38.6343,41.5614,2.5389,1.5033
3186,38.6386,41.5653,2.5388,1.5032
3187,38.643,41.5692,2.5388,1.5031
3188,38.6473,41.573,2.5388,1.5031
3189,38.6517,41.5769,2.5388,1.503
3190,38.656,41.5808,2.5387,1.5029
3191,38.6604,41.5846,2.5387,1.5028
3192,38.6647,41.5885,2.5387,1.5027
3193,38.669,41.5924,2.5387,1.5027
3194,38.6734,41.5963,2.5386,1.5026
3195,38.6777,41.6001,2.5386,1.5025
3196,38.6821,41.604,2.5386,1.5024
3197,38.6864,41.6079,2.5386,1.5023
3198,38.6908,41.6117,2.5385,1.5023
3199,38.6951,41.6156,2.5385,1.5022
3200,38.6994,41.6195,2.5385,1.5021
3201,38.7038,41.6233,2.5385,1.502
3202,38.7081,41.6272,2.5384,1.5019
3203,38.7124,41.6311,2.5384,1.5019
3204,38.7168,41.6349,2.5384,1.5018
3205,38.7211,41.6388,2.5384,1.5017
3206,38.7255,41.6426,2.5383,1.5016
3207,38.7298,41.6465,2.5383,1.5015
3208,38.7341,41.6504,2.5383,1.5015
3209,38.7384,41.6542,2.5383,1.5014
3210,38.7428,41.6581,2.5382,1.5013
3211,38.7471,41.6619,2.5382,1.5012
3212,38.7514,41.6658,2.5382,1.5011
3213,38.7558,41.6697,2.5382,1.5011
3214,38.7601,41.6735,2.5381,1.501
3215,38.7644,41.6774,2.5381,1.5009
3216,38.7687,41.6812,2.5381,1.5008
3217,38.7731,41.6851,2.5381,1.5007
3218,38.7774,41.6889,2.538,1.5007
3219,38.7817,41.6928,2.538,1.5006
3220,38.786,41.6966,2.538,1.5005
3221,38.7904,41.7005,2.538,1.5004
3222,38.7947,41.7043,2.5379,1.5003
3223,38.799,41.7082,2.5379,1.5003
3224,38.8033,41.712,2.5379,1.5002
3225,38.8077,41.7159,2.5379,1.5001
3226,38.812,41.7197,2.5378,1.5
3227,38.8163,41.7235,2.5378,1.4999
3228,38.8206,41.7274,2.5378,1.4999
3229,38.8249,41.7312,2.5378,1.4998
3230,38.8292,41.7351,2.5377,1.4997
3231,38.8336,41.7389,2.5377,1.4996
3232,38.8379,41.7427,2.5377,1.4995
3233,38.8422,41.7466,2.5377,1.4995
3234,38.8465,41.7504,2.5376,1.4994
3235,38.8508,41.7542,2.5376,1.4993
3236,38.8551,41.7581,2.5376,1.4992
3237,38.8594,41.7619,2.5376,1.4991
3238,38.8638,41.7657,2.5375,1.4991
3239,38.8681,41.7696,2.5375,1.499
3240,38.8724,41.7734,2.5375,1.4989
3241,38.8767,41.7772,2.5375,1.4988
3242,38.881,41.7811,2.5374,1.4987
3243,38.8853,41.7849,2.5374,1.4987
3244,38.8896,41.7887,2.5374,1.4986
3245,38.8939,41.7926,2.5374,1.4985
3246,38.8982,41.7964,2.5373,1.4984
3247,38.9025,41.8002,2.5373,1.4984
3248,38.9068,41.8041,2.5373,1.4983
3249,38.9111,41.8079,2.5373,1.4982
3250,38.9154,41.8117,2.5372,1.4981
3251,38.9197,41.8156,2.5372,1.498
3252,38.9241,41.8194,2.5372,1.498
3253,38.9284,41.8233,2.5372,1.4979
3254,38.9327,41.8271,2.5371,1.4978
3255,38.937,41.8309,2.5371,1.4977
3256,38.9413,41.8348,2.5371,1.4976
3257,38.9456,41.8386,2.537,1.4976
3258,38.9499,41.8424,2.537,1.4975
3259,38.9542,41.8463,2.537,1.4974
3260,38.9585,41.8501,2.537,1.4973
3261,38.9628,41.8539,2.5369,1.4972
3262,38.9671,41.8578,2.5369,1.4972
3263,38.9714,41.8616,2.5369,1.4971
3264,38.9757,41.8654,2.5369,1.497
3265,38.98,41.8693,2.5368,1.4969
3266,38.9842,41.8731,2.5368,1.4969
3267,38.9885,41.8769,2.5368,1.4968
3268,38.9928,41.8807,2.5368,1.4967
3269,38.9971,41.8846,2.5367,1.4966
3270,39.0014,41.8884,2.5367,1.4965
3271,39.0057,41.8922,2.5367,1.4965
3272,39.01,41.8961,2.5366,1.4964
3273,39.0143,41.8999,2.5366,1.4963
3274,39.0186,41.9037,2.5366,1.4962
3275,39.0229,41.9075,2.5366,1.4961
3276,39.0272,41.9114,2.5365,1.4961
3277,39.0315,41.9152,2.5365,1.496
3278,39.0358,41.919,2.5365,1.4959
3279,39.0401,41.9228,2.5365,1.4958
3280,39.0443,41.9267,2.5364,1.4958
3281,39.0486,41.9305,2.5364,1.4957
3282,39.0529,41.9343,2.5364,1.4956
3283,39.0572,41.9381,2.5363,1.4955
3284,39.0615,41.9419,2.5363,1.4954
3285,39.0658,41.9458,2.5363,1.4954
3286,39.0701,41.9496,2.5363,1.4953
3287,39.0744,41.9534,2.5362,1.4952
3288,39.0786,41.9572,2.5362,1.4951
3289,39.0829,41.961,2.5362,1.4951
3290,39.0872,41.9649,2.5362,1.495
3291,39.0915,41.9687,2.5361,1.4949
3292,39.0958,41.9725,2.5361,1.4948
3293,39.1001,41.9763,2.5361,1.4947
3294,39.1043,41.9801,2.536,1.4947
3295,39.1086,41.9839,2.536,1.4946
3296,39.1129,41.9878,2.536,1.4945
3297,39.1172,41.9916,2.536,1.4944
3298,39.1215,41.9954,2.5359,1.4943
3299,39.1257,41.9992,2.5359,1.4943
3300,39.13,42.003,2.5359,1.4942
3301,39.1343,42.0068,2.5359,1.4941
3302,39.1386,42.0105,2.5358,1.494
3303,39.1429,42.0142,2.5358,1.494
3304,39.1471,42.0178,2.5358,1.4939
3305,39.1514,42.0215,2.5357,1.4938
3306,39.1557,42.0251,2.5357,1.4937
3307,39.16,42.0287,2.5357,1.4936
3308,39.1642,42.0323,2.5357,1.4936
3309,39.1685,42.0358,2.5356,1.4935
3310,39.1728,42.0394,2.5356,1.4934
3311,39.1771,42.0429,2.5356,1.4933
3312,39.1813,42.0465,2.5355,1.4933
3313,39.1856,42.05,2.5355,1.4932
3314,39.1899,42.0535,2.5355,1.4931
3315,39.1941,42.057,2.5355,1.493
3316,39.1984,42.0605,2.5354,1.4929
3317,39.2027,42.064,2.5354,1.4929
3318,39.207,42.0674,2.5354,1.4928
3319,39.2112,42.0709,2.5353,1.4927
3320,39.2155,42.0743,2.5353,1.4926
3321,39.2198,42.0778,2.5353,1.4926
3322,39.224,42.0812,2.5353,1.4925
3323,39.2283,42.0846,2.5352,1.4924
3324,39.2326,42.0881,2.5352,1.4923
3325,39.2368,42.0915,2.5352,1.4922
3326,39.2411,42.0949,2.5351,1.4922
3327,39.2454,42.0983,2.5351,1.4921
3328,39.2496,42.1016,2.5351,1.492
3329,39.2539,42.105,2.5351,1.4919
3330,39.2582,42.1084,2.535,1.4918
3331,39.2624,42.1118,2.535,1.4918
3332,39.2667,42.1151,2.535,1.4917
3333,39.2709,42.1185,2.5349,1.4916
3334,39.2752,42.1218,2.5349,1.4915
3335,39.2795,42.1251,2.5349,1.4915
3336,39.2837,42.1285,2.5348,1.4914
3337,39.288,42.1318,2.5348,1.4913
3338,39.2922,42.1351,2.5348,1.4912
3339,39.2965,42.1384,2.5348,1.4911
3340,39.3008,42.1417,2.5347,1.4911
3341,39.305,42.145,2.5347,1.491
3342,39.3093,42.1483,2.5347,1.4909
3343,39.3135,42.1516,2.5346,1.4908
3344,39.3178,42.1549,2.5346,1.4908
3345,39.322,42.1581,2.5346,1.4907
3346,39.3263,42.1614,2.5346,1.4906
3347,39.3306,42.1647,2.5345,1.4905
3348,39.3348,42.1679,2.5345,1.4904
3349,39.3391,42.1712,2.5345,1.4904
3350,39.3433,42.1744,2.5344,1.4903
3351,39.3476,42.1777,2.5344,1.4902
3352,39.3518,42.1809,2.5344,1.4901
3353,39.3561,42.1841,2.5343,1.49
3354,39.3603,42.1874,2.5343,1.49
3355,39.3646,42.1906,2.5343,1.4899
3356,39.3688,42.1938,2.5343,1.4898
3357,39.3731,42.197,2.5342,1.4897
3358,39.3773,42.2002,2.5342,1.4897
3359,39.3816,42.2034,2.5342,1.4896
3360,39.3858,42.2066,2.5341,1.4895
3361,39.3901,42.2098,2.5341,1.4894
3362,39.3943,42.2131,2.5341,1.4893
3363,39.3985,42.2164,2.534,1.4893
3364,39.4028,42.2198,2.534,1.4892
3365,39.407,42.2231,2.534,1.4891
3366,39.4113,42.2265,2.5339,1.489
3367,39.4155,42.2298,2.5339,1.489
3368,39.4198,42.2332,2.5339,1.4889
3369,39.424,42.2366,2.5339,1.4888
3370,39.4282,42.24,2.5338,1.4887
3371,39.4325,42.2434,2.5338,1.4886
3372,39.4367,42.2468,2.5338,1.4886
3373,39.441,42.2503,2.5337,1.4885
3374,39.4452,42.2537,2.5337,1.4884
3375,39.4494,42.2571,2.5337,1.4883
3376,39.4537,42.2606,2.5336,1.4883
3377,39.4579,42.264,2.5336,1.4882
3378,39.4622,42.2675,2.5336,1.4881
3379,39.4664,42.2709,2.5335,1.488
3380,39.4706,42.2744,2.5335,1.4879
3381,39.4749,42.2778,2.5335,1.4879
3382,39.4791,42.2813,2.5335,1.4878
3383,39.4833,42.2848,2.5334,1.4877
3384,39.4876,42.2883,2.5334,1.4876
3385,39.4918,42.2917,2.5334,1.4876
3386,39.496,42.2952,2.5333,1.4875
3387,39.5003,42.2987,2.5333,1.4874
3388,39.5045,42.3022,2.5333,1.4873
3389,39.5087,42.3057,2.5332,1.4872
3390,39.5129,42.3092,2.5332,1.4872
3391,39.5172,42.3127,2.5332,1.4871
3392,39.5214,42.3162,2.5331,1.487
3393,39.5256,42.3197,2.5331,1.4869
3394,39.5299,42.3232,2.5331,1.4869
3395,39.5341,42.3267,2.533,1.4868
3396,39.5383,42.3302,2.533,1.4867
3397,39.5425,42.3337,2.533,1.4866
3398,39.5468,42.3373,2.533,1.4865
3399,39.551,42.3408,2.5329,1.4865
3400,39.5552,42.3443,2.5329,1.4864
3401,39.5594,42.3478,2.5329,1.4863
3402,39.5637,42.3513,2.5328,1.4862
3403,39.5679,42.3549,2.5328,1.4862
3404,39.5721,42.3584,2.5328,1.4861
3405,39.5763,42.3619,2.5327,1.486
3406,39.5805,42.3655,2.5327,1.4859
3407,39.5848,42.369,2.5327,1.4858
3408,39.589,42.3725,2.5326,1.4858
3409,39.5932,42.3761,2.5326,1.4857
3410,39.5974,42.3796,2.5326,1.4856
3411,39.6016,42.3831,2.5325,1.4855
3412,39.6058,42.3867,2.5325,1.4855
3413,39.61,42.3902,2.5325,1.4854
3414,39.6143,42.3937,2.5324,1.4853
3415,39.6185,42.3973,2.5324,1.4852
3416,39.6227,42.4008,2.5324,1.4852
3417,39.6269,42.4044,2.5323,1.4851
3418,39.6311,42.4079,2.5323,1.485
3419,39.6353,42.4115,2.5323,1.4849
3420,39.6395,42.415,2.5322,1.4848
3421,39.6437,42.4185,2.5322,1.4848
3422,39.6479,42.4219,2.5322,1.4847
3423,39.6522,42.4253,2.5321,1.4846
3424,39.6564,42.4287,2.5321,1.4845
3425,39.6606,42.432,2.5321,1.4845
3426,39.6648,42.4353,2.532,1.4844
3427,39.669,42.4385,2.532,1.4843
3428,39.6732,42.4418,2.532,1.4842
3429,39.6774,42.4451,2.5319,1.4842
3430,39.6816,42.4483,2.5319,1.4841
3431,39.6858,42.4515,2.5319,1.484
3432,39.69,42.4547,2.5318,1.4839
3433,39.6942,42.4579,2.5318,1.4838
3434,39.6984,42.461,2.5318,1.4838
3435,39.7026,42.4642,2.5317,1.4837
3436,39.7068,42.4673,2.5317,1.4836
3437,39.711,42.4705,2.5317,1.4835
3438,39.7152,42.4736,2.5316,1.4835
3439,39.7194,42.4767,2.5316,1.4834
3440,39.7236,42.4798,2.5316,1.4833
3441,39.7278,42.4829,2.5315,1.4832
3442,39.7319,42.4859,2.5315,1.4831
3443,39.7361,42.489,2.5315,1.4831
3444,39.7403,42.4921,2.5314,1.483
3445,39.7445,42.4951,2.5314,1.4829
3446,39.7487,42.4982,2.5314,1.4828
3447,39.7529,42.5012,2.5313,1.4828
3448,39.7571,42.5042,2.5313,1.4827
3449,39.7613,42.5072,2.5313,1.4826
3450,39.7655,42.5102,2.5312,1.4825
3451,39.7696,42.5132,2.5312,1.4825
3452,39.7738,42.5162,2.5312,1.4824
3453,39.778,42.5192,2.5311,1.4823
3454,39.7822,42.5222,2.5311,1.4822
3455,39.7864,42.5251,2.5311,1.4821
3456,39.7906,42.5281,2.531,1.4821
3457,39.7947,42.531,2.531,1.482
3458,39.7989,42.534,2.531,1.4819
3459,39.8031,42.5369,2.5309,1.4818
3460,39.8073,42.5398,2.5309,1.4818
3461,39.8114,42.5427,2.5309,1.4817
3462,39.8156,42.5457,2.5308,1.4816
3463,39.8198,42.5486,2.5308,1.4815
3464,39.824,42.5515,2.5308,1.4814
3465,39.8281,42.5543,2.5307,1.4814
3466,39.8323,42.5572,2.5307,1.4813
3467,39.8365,42.5601,2.5307,1.4812
3468,39.8406,42.563,2.5306,1.4811
3469,39.8448,42.5658,2.5306,1.4811
3470,39.849,42.5687,2.5306,1.481
3471,39.8531,42.5716,2.5305,1.4809
3472,39.8573,42.5744,2.5305,1.4808
3473,39.8615,42.5772,2.5305,1.4808
3474,39.8656,42.5801,2.5304,1.4807
3475,39.8698,42.5829,2.5304,1.4806
3476,39.874,42.5857,2.5303,1.4805
3477,39.8781,42.5886,2.5303,1.4804
3478,39.8823,42.5914,2.5303,1.4804
3479,39.8864,42.5942,2.5302,1.4803
3480,39.8906,42.597,2.5302,1.4802
3481,39.8948,42.5998,2.5302,1.4801
3482,39.8989,42.6027,2.5301,1.4801
3483,39.9031,42.6056,2.5301,1.48
3484,39.9072,42.6085,2.5301,1.4799
3485,39.9114,42.6115,2.53,1.4798
3486,39.9155,42.6144,2.53,1.4797
3487,39.9197,42.6174,2.53,1.4797
3488,39.9238,42.6203,2.5299,1.4796
3489,39.928,42.6233,2.5299,1.4795
3490,39.9321,42.6263,2.5299,1.4794
3491,39.9363,42.6293,2.5298,1.4794
3492,39.9404,42.6323,2.5298,1.4793
3493,39.9446,42.6353,2.5297,1.4792
3494,39.9487,42.6383,2.5297,1.4791
3495,39.9529,42.6413,2.5297,1.479
3496,39.957,42.6443,2.5296,1.479
3497,39.9611,42.6473,2.5296,1.4789
3498,39.9653,42.6504,2.5296,1.4788
3499,39.9694,42.6534,2.5295,1.4787
3500,39.9736,42.6564,2.5295,1.4787
3501,39.9777,42.6594,2.5295,1.4786
3502,39.9818,42.6625,2.5294,1.4785
3503,39.986,42.6655,2.5294,1.4784
3504,39.9901,42.6686,2.5294,1.4783
3505,39.9942,42.6716,2.5293,1.4783
3506,39.9984,42.6746,2.5293,1.4782
3507,40.0025,42.6777,2.5292,1.4781
3508,40.0066,42.6807,2.5292,1.478
3509,40.0107,42.6838,2.5292,1.478
3510,40.0149,42.6869,2.5291,1.4779
3511,40.019,42.6899,2.5291,1.4778
3512,40.0231,42.693,2.5291,1.4777
3513,40.0273,42.696,2.529,1.4777
3514,40.0314,42.6991,2.529,1.4776
3515,40.0355,42.7021,2.529,1.4775
3516,40.0396,42.7052,2.5289,1.4774
3517,40.0437,42.7083,2.5289,1.4773
3518,40.0479,42.7113,2.5288,1.4773
3519,40.052,42.7144,2.5288,1.4772
3520,40.0561,42.7175,2.5288,1.4771
3521,40.0602,42.7205,2.5287,1.477
3522,40.0643,42.7236,2.5287,1.477
3523,40.0684,42.7267,2.5287,1.4769
3524,40.0725,42.7297,2.5286,1.4768
3525,40.0767,42.7328,2.5286,1.4767
3526,40.0808,42.7359,2.5285,1.4767
3527,40.0849,42.739,2.5285,1.4766
3528,40.089,42.742,2.5285,1.4765
3529,40.0931,42.7451,2.5284,1.4764
3530,40.0972,42.7482,2.5284,1.4763
3531,40.1013,42.7513,2.5284,1.4763
3532,40.1054,42.7543,2.5283,1.4762
3533,40.1095,42.7574,2.5283,1.4761
3534,40.1136,42.7605,2.5282,1.476
3535,40.1177,42.7636,2.5282,1.476
3536,40.1218,42.7666,2.5282,1.4759
3537,40.1259,42.7697,2.5281,1.4758
3538,40.13,42.7728,2.5281,1.4757
3539,40.1341,42.7759,2.5281,1.4757
3540,40.1382,42.779,2.528,1.4756
3541,40.1423,42.7821,2.528,1.4755
3542,40.1464,42.7853,2.5279,1.4754
3543,40.1505,42.7886,2.5279,1.4754
3544,40.1546,42.7919,2.5279,1.4753
3545,40.1587,42.7952,2.5278,1.4752
3546,40.1627,42.7986,2.5278,1.4751
3547,40.1668,42.802,2.5278,1.475
3548,40.1709,42.8053,2.5277,1.475
3549,40.175,42.8088,2.5277,1.4749
3550,40.1791,42.8122,2.5276,1.4748
3551,40.1832,42.8156,2.5276,1.4747
3552,40.1872,42.8191,2.5276,1.4747
3553,40.1913,42.8226,2.5275,1.4746
3554,40.1954,42.8261,2.5275,1.4745
3555,40.1995,42.8296,2.5275,1.4744
3556,40.2035,42.8331,2.5274,1.4744
3557,40.2076,42.8367,2.5274,1.4743
3558,40.2117,42.8402,2.5273,1.4742
3559,40.2158,42.8438,2.5273,1.4741
3560,40.2198,42.8474,2.5273,1.4741
3561,40.2239,42.8509,2.5272,1.474
3562,40.228,42.8545,2.5272,1.4739
3563,40.232,42.8581,2.5271,1.4738
3564,40.2361,42.8618,2.5271,1.4738
3565,40.2402,42.8654,2.5271,1.4737
3566,40.2442,42.869,2.527,1.4736
3567,40.2483,42.8727,2.527,1.4735
3568,40.2524,42.8763,2.527,1.4735
3569,40.2564,42.88,2.5269,1.4734
3570,40.2605,42.8837,2.5269,1.4733
3571,40.2645,42.8874,2.5268,1.4732
3572,40.2686,42.8911,2.5268,1.4731
3573,40.2726,42.8948,2.5268,1.4731
3574,40.2767,42.8985,2.5267,1.473
3575,40.2807,42.9022,2.5267,1.4729
3576,40.2848,42.906,2.5266,1.4728
3577,40.2888,42.9097,2.5266,1.4728
3578,40.2929,42.9134,2.5266,1.4727
3579,40.2969,42.9172,2.5265,1.4726
3580,40.301,42.921,2.5265,1.4725
3581,40.305,42.9247,2.5264,1.4725
3582,40.3091,42.9285,2.5264,1.4724
3583,40.3131,42.9323,2.5264,1.4723
3584,40.3171,42.9361,2.5263,1.4722
3585,40.3212,42.9399,2.5263,1.4722
3586,40.3252,42.9437,2.5262,1.4721
3587,40.3292,42.9475,2.5262,1.472
3588,40.3333,42.9513,2.5262,1.4719
3589,40.3373,42.9551,2.5261,1.4719
3590,40.3413,42.959,2.5261,1.4718
3591,40.3454,42.9628,2.526,1.4717
3592,40.3494,42.9667,2.526,1.4717
3593,40.3534,42.9705,2.526,1.4716
3594,40.3575,42.9744,2.5259,1.4715
3595,40.3615,42.9782,2.5259,1.4714
3596,40.3655,42.9821,2.5258,1.4714
3597,40.3695,42.986,2.5258,1.4713
3598,40.3735,42.9899,2.5258,1.4712
3599,40.3776,42.9938,2.5257,1.4711
3600,40.3816,42.9977,2.5257,1.4711
3601,40.3856,43.0015,2.5256,1.471
3602,40.3896,43.0052,2.5256,1.4709
3603,40.3936,43.0089,2.5256,1.4708
3604,40.3976,43.0125,2.5255,1.4708
3605,40.4016,43.0161,2.5255,1.4707
3606,40.4056,43.0196,2.5254,1.4706
3607,40.4096,43.0232,2.5254,1.4705
3608,40.4137,43.0267,2.5254,1.4705
3609,40.4177,43.0302,2.5253,1.4704
3610,40.4217,43.0337,2.5253,1.4703
3611,40.4257,43.0372,2.5252,1.4702
3612,40.4297,43.0406,2.5252,1.4702
3613,40.4337,43.044,2.5252,1.4701
3614,40.4377,43.0475,2.5251,1.47
3615,40.4416,43.0509,2.5251,1.4699
3616,40.4456,43.0542,2.525,1.4699
3617,40.4496,43.0576,2.525,1.4698
3618,40.4536,43.061,2.525,1.4697
3619,40.4576,43.0643,2.5249,1.4697
3620,40.4616,43.0677,2.5249,1.4696
3621,40.4656,43.071,2.5248,1.4695
3622,40.4696,43.0743,2.5248,1.4694
3623,40.4736,43.0776,2.5247,1.4694
3624,40.4775,43.0809,2.5247,1.4693
3625,40.4815,43.0842,2.5247,1.4692
3626,40.4855,43.0875,2.5246,1.4691
3627,40.4895,43.0908,2.5246,1.4691
3628,40.4935,43.0941,2.5245,1.469
3629,40.4974,43.0973,2.5245,1.4689
3630,40.5014,43.1006,2.5245,1.4688
3631,40.5054,43.1038,2.5244,1.4688
3632,40.5093,43.107,2.5244,1.4687
3633,40.5133,43.1103,2.5243,1.4686
3634,40.5173,43.1135,2.5243,1.4685
3635,40.5212,43.1167,2.5243,1.4685
3636,40.5252,43.1199,2.5242,1.4684
3637,40.5292,43.1231,2.5242,1.4683
3638,40.5331,43.1263,2.5241,1.4682
3639,40.5371,43.1294,2.5241,1.4682
3640,40.5411,43.1326,2.524,1.4681
3641,40.545,43.1358,2.524,1.468
3642,40.549,43.1389,2.524,1.468
3643,40.5529,43.1421,2.5239,1.4679
3644,40.5569,43.1452,2.5239,1.4678
3645,40.5608,43.1484,2.5238,1.4677
3646,40.5648,43.1515,2.5238,1.4677
3647,40.5687,43.1547,2.5237,1.4676
3648,40.5727,43.1578,2.5237,1.4675
3649,40.5766,43.1609,2.5237,1.4674
3650,40.5806,43.164,2.5236,1.4674
3651,40.5845,43.1671,2.5236,1.4673
3652,40.5885,43.1702,2.5235,1.4672
3653,40.5924,43.1733,2.5235,1.4671
3654,40.5963,43.1764,2.5235,1.4671
3655,40.6003,43.1795,2.5234,1.467
3656,40.6042,43.1826,2.5234,1.4669
3657,40.6081,43.1857,2.5233,1.4668
3658,40.6121,43.1887,2.5233,1.4668
3659,40.616,43.1918,2.5232,1.4667
3660,40.6199,43.1949,2.5232,1.4666
3661,40.6239,43.198,2.5232,1.4665
3662,40.6278,43.2011,2.5231,1.4665
3663,40.6317,43.2042,2.5231,1.4664
3664,40.6357,43.2074,2.523,1.4663
3665,40.6396,43.2106,2.523,1.4663
3666,40.6435,43.2137,2.5229,1.4662
3667,40.6474,43.2169,2.5229,1.4661
3668,40.6513,43.2201,2.5228,1.466
3669,40.6553,43.2233,2.5228,1.466
3670,40.6592,43.2265,2.5228,1.4659
3671,40.6631,43.2297,2.5227,1.4658
3672,40.667,43.2329,2.5227,1.4657
3673,40.6709,43.2361,2.5226,1.4657
3674,40.6748,43.2393,2.5226,1.4656
3675,40.6788,43.2425,2.5225,1.4655
3676,40.6827,43.2457,2.5225,1.4654
3677,40.6866,43.2489,2.5225,1.4654
3678,40.6905,43.2521,2.5224,1.4653
3679,40.6944,43.2554,2.5224,1.4652
3680,40.6983,43.2586,2.5223,1.4651
3681,40.7022,43.2618,2.5223,1.4651
3682,40.7061,43.265,2.5222,1.465
3683,40.71,43.2683,2.5222,1.4649
3684,40.7139,43.2715,2.5222,1.4649
3685,40.7178,43.2747,2.5221,1.4648
3686,40.7217,43.278,2.5221,1.4647
3687,40.7256,43.2812,2.522,1.4646
3688,40.7295,43.2844,2.522,1.4646
3689,40.7334,43.2877,2.5219,1.4645
3690,40.7373,43.2909,2.5219,1.4644
3691,40.7412,43.2941,2.5218,1.4643
3692,40.7451,43.2974,2.5218,1.4643
3693,40.749,43.3006,2.5218,1.4642
3694,40.7529,43.3039,2.5217,1.4641
3695,40.7567,43.3071,2.5217,1.464
3696,40.7606,43.3104,2.5216,1.464
3697,40.7645,43.3136,2.5216,1.4639
3698,40.7684,43.3169,2.5215,1.4638
3699,40.7723,43.3201,2.5215,1.4637
3700,40.7762,43.3233,2.5214,1.4637
3701,40.7801,43.3266,2.5214,1.4636
3702,40.7839,43.3298,2.5214,1.4635
3703,40.7878,43.3331,2.5213,1.4635
3704,40.7917,43.3363,2.5213,1.4634
3705,40.7956,43.3396,2.5212,1.4633
3706,40.7994,43.3428,2.5212,1.4632
3707,40.8033,43.3461,2.5211,1.4632
3708,40.8072,43.3493,2.5211,1.4631
3709,40.8111,43.3526,2.521,1.463
3710,40.8149,43.3559,2.521,1.4629
3711,40.8188,43.3591,2.521,1.4629
3712,40.8227,43.3624,2.5209,1.4628
3713,40.8266,43.3656,2.5209,1.4627
3714,40.8304,43.3689,2.5208,1.4627
3715,40.8343,43.3721,2.5208,1.4626
3716,40.8382,43.3754,2.5207,1.4625
3717,40.842,43.3786,2.5207,1.4624
3718,40.8459,43.3819,2.5206,1.4624
3719,40.8498,43.3851,2.5206,1.4623
3720,40.8536,43.3884,2.5205,1.4622
3721,40.8575,43.3917,2.5205,1.4621
3722,40.8613,43.3949,2.5205,1.4621
3723,40.8652,43.3982,2.5204,1.462
3724,40.8691,43.4015,2.5204,1.4619
3725,40.8729,43.4048,2.5203,1.4618
3726,40.8768,43.4081,2.5203,1.4618
3727,40.8806,43.4114,2.5202,1.4617
3728,40.8845,43.4147,2.5202,1.4616
3729,40.8883,43.418,2.5201,1.4616
3730,40.8922,43.4214,2.5201,1.4615
3731,40.896,43.4247,2.52,1.4614
3732,40.8999,43.428,2.52,1.4613
3733,40.9037,43.4313,2.52,1.4613
3734,40.9076,43.4347,2.5199,1.4612
3735,40.9114,43.438,2.5199,1.4611
3736,40.9153,43.4413,2.5198,1.461
3737,40.9191,43.4447,2.5198,1.461
3738,40.923,43.448,2.5197,1.4609
3739,40.9268,43.4513,2.5197,1.4608
3740,40.9307,43.4547,2.5196,1.4608
3741,40.9345,43.458,2.5196,1.4607
3742,40.9383,43.4614,2.5195,1.4606
3743,40.9422,43.4647,2.5195,1.4605
3744,40.946,43.4681,2.5194,1.4605
3745,40.9499,43.4714,2.5194,1.4604
3746,40.9537,43.4748,2.5193,1.4603
3747,40.9575,43.4781,2.5193,1.4603
3748,40.9614,43.4815,2.5193,1.4602
3749,40.9652,43.4848,2.5192,1.4601
3750,40.969,43.4882,2.5192,1.46
3751,40.9729,43.4915,2.5191,1.46
3752,40.9767,43.4949,2.5191,1.4599
3753,40.9805,43.4983,2.519,1.4598
3754,40.9844,43.5016,2.519,1.4597
3755,40.9882,43.505,2.5189,1.4597
3756,40.992,43.5084,2.5189,1.4596
3757,40.9959,43.5117,2.5188,1.4595
3758,40.9997,43.5151,2.5188,1.4595
3759,41.0035,43.5185,2.5187,1.4594
3760,41.0073,43.5218,2.5187,1.4593
3761,41.0112,43.5252,2.5186,1.4592
3762,41.015,43.5286,2.5186,1.4592
3763,41.0188,43.532,2.5185,1.4591
3764,41.0226,43.5353,2.5185,1.459
3765,41.0264,43.5387,2.5185,1.459
3766,41.0303,43.5421,2.5184,1.4589
3767,41.0341,43.5455,2.5184,1.4588
3768,41.0379,43.5489,2.5183,1.4587
3769,41.0417,43.5522,2.5183,1.4587
3770,41.0455,43.5556,2.5182,1.4586
3771,41.0493,43.559,2.5182,1.4585
3772,41.0531,43.5624,2.5181,1.4585
3773,41.057,43.5658,2.5181,1.4584
3774,41.0608,43.5692,2.518,1.4583
3775,41.0646,43.5725,2.518,1.4582
3776,41.0684,43.5759,2.5179,1.4582
3777,41.0722,43.5793,2.5179,1.4581
3778,41.076,43.5827,2.5178,1.458
3779,41.0798,43.5861,2.5178,1.458
3780,41.0836,43.5895,2.5177,1.4579
3781,41.0874,43.5928,2.5177,1.4578
3782,41.0912,43.5962,2.5176,1.4577
3783,41.095,43.5994,2.5176,1.4577
3784,41.0988,43.6027,2.5175,1.4576
3785,41.1026,43.606,2.5175,1.4575
3786,41.1064,43.6092,2.5174,1.4575
3787,41.1102,43.6124,2.5174,1.4574
3788,41.114,43.6156,2.5174,1.4573
3789,41.1178,43.6188,2.5173,1.4572
3790,41.1216,43.622,2.5173,1.4572
3791,41.1254,43.6252,2.5172,1.4571
3792,41.1292,43.6284,2.5172,1.457
3793,41.133,43.6315,2.5171,1.4569
3794,41.1368,43.6347,2.5171,1.4569
3795,41.1406,43.6378,2.517,1.4568
3796,41.1444,43.641,2.517,1.4567
3797,41.1482,43.6441,2.5169,1.4567
3798,41.152,43.6472,2.5169,1.4566
3799,41.1558,43.6504,2.5168,1.4565
3800,41.1595,43.6535,2.5168,1.4564
3801,41.1633,43.6566,2.5167,1.4564
3802,41.1671,43.6597,2.5167,1.4563
3803,41.1709,43.6628,2.5166,1.4562
3804,41.1747,43.6659,2.5166,1.4562
3805,41.1785,43.6689,2.5165,1.4561
3806,41.1822,43.672,2.5165,1.456
3807,41.186,43.6751,2.5164,1.4559
3808,41.1898,43.6782,2.5164,1.4559
3809,41.1936,43.6812,2.5163,1.4558
3810,41.1974,43.6843,2.5163,1.4557
3811,41.2011,43.6873,2.5162,1.4557
3812,41.2049,43.6904,2.5162,1.4556
3813,41.2087,43.6934,2.5161,1.4555
3814,41.2125,43.6964,2.5161,1.4554
3815,41.2162,43.6995,2.516,1.4554
3816,41.22,43.7025,2.516,1.4553
3817,41.2238,43.7055,2.5159,1.4552
3818,41.2276,43.7085,2.5159,1.4552
3819,41.2313,43.7116,2.5158,1.4551
3820,41.2351,43.7146,2.5158,1.455
3821,41.2389,43.7176,2.5157,1.4549
3822,41.2426,43.7206,2.5157,1.4549
3823,41.2464,43.7236,2.5156,1.4548
3824,41.2502,43.7266,2.5156,1.4547
3825,41.2539,43.7296,2.5155,1.4547
3826,41.2577,43.7325,2.5155,1.4546
3827,41.2615,43.7355,2.5154,1.4545
3828,41.2652,43.7385,2.5154,1.4544
3829,41.269,43.7415,2.5153,1.4544
3830,41.2727,43.7444,2.5153,1.4543
3831,41.2765,43.7474,2.5152,1.4542
3832,41.2803,43.7504,2.5152,1.4542
3833,41.284,43.7533,2.5151,1.4541
3834,41.2878,43.7563,2.5151,1.454
3835,41.2915,43.7592,2.515,1.4539
3836,41.2953,43.7622,2.515,1.4539
3837,41.299,43.7651,2.5149,1.4538
3838,41.3028,43.7681,2.5149,1.4537
3839,41.3065,43.771,2.5148,1.4536
3840,41.3103,43.774,2.5148,1.4536
3841,41.314,43.7769,2.5147,1.4535
3842,41.3178,43.7798,2.5147,1.4534
3843,41.3215,43.7828,2.5146,1.4534
3844,41.3253,43.7857,2.5146,1.4533
3845,41.329,43.7886,2.5145,1.4532
3846,41.3328,43.7916,2.5145,1.4531
3847,41.3365,43.7945,2.5144,1.4531
3848,41.3403,43.7974,2.5144,1.453
3849,41.344,43.8004,2.5143,1.4529
3850,41.3478,43.8033,2.5143,1.4529
3851,41.3515,43.8062,2.5142,1.4528
3852,41.3552,43.8092,2.5142,1.4527
3853,41.359,43.8121,2.5141,1.4526
3854,41.3627,43.815,2.5141,1.4526
3855,41.3665,43.8179,2.514,1.4525
3856,41.3702,43.8209,2.514,1.4524
3857,41.3739,43.8238,2.5139,1.4524
3858,41.3777,43.8267,2.5138,1.4523
3859,41.3814,43.8296,2.5138,1.4522
3860,41.3851,43.8325,2.5137,1.4521
3861,41.3889,43.8354,2.5137,1.4521
3862,41.3926,43.8383,2.5136,1.452
3863,41.3963,43.8412,2.5136,1.4519
3864,41.4001,43.8441,2.5135,1.4519
3865,41.4038,43.847,2.5135,1.4518
3866,41.4075,43.8499,2.5134,1.4517
3867,41.4112,43.8528,2.5134,1.4516
3868,41.415,43.8557,2.5133,1.4516
3869,41.4187,43.8586,2.5133,1.4515
3870,41.4224,43.8615,2.5132,1.4514
3871,41.4262,43.8644,2.5132,1.4514
3872,41.4299,43.8673,2.5131,1.4513
3873,41.4336,43.8702,2.5131,1.4512
3874,41.4373,43.8731,2.513,1.4511
3875,41.441,43.8759,2.513,1.4511
3876,41.4448,43.8788,2.5129,1.451
3877,41.4485,43.8817,2.5129,1.4509
3878,41.4522,43.8846,2.5128,1.4509
3879,41.4559,43.8874,2.5128,1.4508
3880,41.4596,43.8903,2.5127,1.4507
3881,41.4634,43.8932,2.5126,1.4506
3882,41.4671,43.8961,2.5126,1.4506
3883,41.4708,43.8989,2.5125,1.4505
3884,41.4745,43.9018,2.5125,1.4504
3885,41.4782,43.9047,2.5124,1.4504
3886,41.4819,43.9075,2.5124,1.4503
3887,41.4856,43.9104,2.5123,1.4502
3888,41.4894,43.9132,2.5123,1.4501
3889,41.4931,43.9161,2.5122,1.4501
3890,41.4968,43.9189,2.5122,1.45
3891,41.5005,43.9218,2.5121,1.4499
3892,41.5042,43.9246,2.5121,1.4499
3893,41.5079,43.9275,2.512,1.4498
3894,41.5116,43.9303,2.512,1.4497
3895,41.5153,43.9332,2.5119,1.4496
3896,41.519,43.936,2.5119,1.4496
3897,41.5227,43.9389,2.5118,1.4495
3898,41.5264,43.9417,2.5117,1.4494
3899,41.5301,43.9445,2.5117,1.4494
3900,41.5338,43.9474,2.5116,1.4493
3901,41.5375,43.9502,2.5116,1.4492
3902,41.5412,43.9531,2.5115,1.4491
3903,41.5449,43.9559,2.5115,1.4491
3904,41.5486,43.9588,2.5114,1.449
3905,41.5523,43.9617,2.5114,1.4489
3906,41.556,43.9645,2.5113,1.4489
3907,41.5597,43.9674,2.5113,1.4488
3908,41.5634,43.9702,2.5112,1.4487
3909,41.5671,43.9731,2.5112,1.4486
3910,41.5708,43.976,2.5111,1.4486
3911,41.5745,43.9788,2.5111,1.4485
3912,41.5782,43.9817,2.511,1.4484
3913,41.5819,43.9846,2.5109,1.4484
3914,41.5856,43.9874,2.5109,1.4483
3915,41.5892,43.9903,2.5108,1.4482
3916,41.5929,43.9932,2.5108,1.4481
3917,41.5966,43.9961,2.5107,1.4481
3918,41.6003,43.9989,2.5107,1.448
3919,41.604,44.0018,2.5106,1.4479
3920,41.6077,44.0047,2.5106,1.4479
3921,41.6114,44.0075,2.5105,1.4478
3922,41.615,44.0104,2.5105,1.4477
3923,41.6187,44.0133,2.5104,1.4476
3924,41.6224,44.0161,2.5103,1.4476
3925,41.6261,44.019,2.5103,1.4475
3926,41.6298,44.0219,2.5102,1.4474
3927,41.6334,44.0247,2.5102,1.4474
3928,41.6371,44.0276,2.5101,1.4473
3929,41.6408,44.0305,2.5101,1.4472
3930,41.6445,44.0333,2.51,1.4471
3931,41.6482,44.0362,2.51,1.4471
3932,41.6518,44.0391,2.5099,1.447
3933,41.6555,44.0419,2.5099,1.4469
3934,41.6592,44.0448,2.5098,1.4469
3935,41.6628,44.0477,2.5097,1.4468
3936,41.6665,44.0505,2.5097,1.4467
3937,41.6702,44.0534,2.5096,1.4466
3938,41.6739,44.0563,2.5096,1.4466
3939,41.6775,44.0591,2.5095,1.4465
3940,41.6812,44.062,2.5095,1.4464
3941,41.6849,44.0649,2.5094,1.4464
3942,41.6885,44.0677,2.5094,1.4463
3943,41.6922,44.0706,2.5093,1.4462
3944,41.6959,44.0734,2.5092,1.4461
3945,41.6995,44.0763,2.5092,1.4461
3946,41.7032,44.0792,2.5091,1.446
3947,41.7068,44.082,2.5091,1.4459
3948,41.7105,44.0849,2.509,1.4459
3949,41.7142,44.0877,2.509,1.4458
3950,41.7178,44.0906,2.5089,1.4457
3951,41.7215,44.0935,2.5089,1.4457
3952,41.7251,44.0963,2.5088,1.4456
3953,41.7288,44.0992,2.5087,1.4455
3954,41.7324,44.102,2.5087,1.4454
3955,41.7361,44.1049,2.5086,1.4454
3956,41.7398,44.1077,2.5086,1.4453
3957,41.7434,44.1106,2.5085,1.4452
3958,41.7471,44.1134,2.5085,1.4452
3959,41.7507,44.1163,2.5084,1.4451
3960,41.7544,44.1191,2.5084,1.445
3961,41.758,44.122,2.5083,1.4449
3962,41.7617,44.1247,2.5082,1.4449
3963,41.7653,44.1275,2.5082,1.4448
3964,41.7689,44.1302,2.5081,1.4447
3965,41.7726,44.133,2.5081,1.4447
3966,41.7762,44.1357,2.508,1.4446
3967,41.7799,44.1384,2.508,1.4445
3968,41.7835,44.1411,2.5079,1.4444
3969,41.7872,44.1438,2.5078,1.4444
3970,41.7908,44.1465,2.5078,1.4443
3971,41.7944,44.1491,2.5077,1.4442
3972,41.7981,44.1518,2.5077,1.4442
3973,41.8017,44.1544,2.5076,1.4441
3974,41.8054,44.1571,2.5076,1.444
3975,41.809,44.1597,2.5075,1.4439
3976,41.8126,44.1623,2.5074,1.4439
3977,41.8163,44.165,2.5074,1.4438
3978,41.8199,44.1676,2.5073,1.4437
3979,41.8235,44.1702,2.5073,1.4437
3980,41.8271,44.1728,2.5072,1.4436
3981,41.8308,44.1754,2.5072,1.4435
3982,41.8344,44.178,2.5071,1.4435
3983,41.838,44.1805,2.507,1.4434
3984,41.8417,44.1831,2.507,1.4433
3985,41.8453,44.1857,2.5069,1.4432
3986,41.8489,44.1883,2.5069,1.4432
3987,41.8525,44.1908,2.5068,1.4431
3988,41.8562,44.1934,2.5068,1.443
3989,41.8598,44.1959,2.5067,1.443
3990,41.8634,44.1985,2.5066,1.4429
3991,41.867,44.201,2.5066,1.4428
3992,41.8706,44.2035,2.5065,1.4427
3993,41.8742,44.2061,2.5065,1.4427
3994,41.8779,44.2086,2.5064,1.4426
3995,41.8815,44.2111,2.5064,1.4425
3996,41.8851,44.2136,2.5063,1.4425
3997,41.8887,44.2161,2.5062,1.4424
3998,41.8923,44.2186,2.5062,1.4423
3999,41.8959,44.2211,2.5061,1.4422
4000,41.8995,44.2236,2.5061,1.4422
4001,41.9031,44.2261,2.506,1.4421
4002,41.9068,44.2286,2.506,1.442
4003,41.9104,44.2311,2.5059,1.442
4004,41.914,44.2336,2.5058,1.4419
4005,41.9176,44.236,2.5058,1.4418
4006,41.9212,44.2385,2.5057,1.4417
4007,41.9248,44.241,2.5057,1.4417
4008,41.9284,44.2434,2.5056,1.4416
4009,41.932,44.2459,2.5055,1.4415
4010,41.9356,44.2483,2.5055,1.4415
4011,41.9392,44.2508,2.5054,1.4414
4012,41.9428,44.2532,2.5054,1.4413
4013,41.9464,44.2557,2.5053,1.4412
4014,41.95,44.2581,2.5053,1.4412
4015,41.9536,44.2605,2.5052,1.4411
4016,41.9571,44.263,2.5051,1.441
4017,41.9607,44.2654,2.5051,1.441
4018,41.9643,44.2678,2.505,1.4409
4019,41.9679,44.2702,2.505,1.4408
4020,41.9715,44.2726,2.5049,1.4407
4021,41.9751,44.275,2.5048,1.4407
4022,41.9787,44.2774,2.5048,1.4406
4023,41.9823,44.2798,2.5047,1.4405
4024,41.9859,44.2822,2.5047,1.4405
4025,41.9894,44.2846,2.5046,1.4404
4026,41.993,44.287,2.5045,1.4403
4027,41.9966,44.2894,2.5045,1.4402
4028,42.0002,44.2917,2.5044,1.4402
4029,42.0038,44.2941,2.5044,1.4401
4030,42.0073,44.2965,2.5043,1.44
4031,42.0109,44.2988,2.5042,1.44
4032,42.0145,44.3012,2.5042,1.4399
4033,42.0181,44.3035,2.5041,1.4398
4034,42.0216,44.3059,2.5041,1.4397
4035,42.0252,44.3082,2.504,1.4397
4036,42.0288,44.3105,2.504,1.4396
4037,42.0324,44.3129,2.5039,1.4395
4038,42.0359,44.3152,2.5038,1.4395
4039,42.0395,44.3175,2.5038,1.4394
4040,42.0431,44.3198,2.5037,1.4393
4041,42.0466,44.3222,2.5037,1.4392
4042,42.0502,44.3245,2.5036,1.4392
4043,42.0537,44.3268,2.5035,1.4391
4044,42.0573,44.3291,2.5035,1.439
4045,42.0609,44.3314,2.5034,1.439
4046,42.0644,44.3337,2.5034,1.4389
4047,42.068,44.336,2.5033,1.4388
4048,42.0715,44.3383,2.5032,1.4387
4049,42.0751,44.3406,2.5032,1.4387
4050,42.0787,44.3429,2.5031,1.4386
4051,42.0822,44.3451,2.5031,1.4385
4052,42.0858,44.3474,2.503,1.4385
4053,42.0893,44.3497,2.5029,1.4384
4054,42.0929,44.352,2.5029,1.4383
4055,42.0964,44.3542,2.5028,1.4382
4056,42.1,44.3565,2.5028,1.4382
4057,42.1035,44.3588,2.5027,1.4381
4058,42.1071,44.361,2.5026,1.438
4059,42.1106,44.3633,2.5026,1.438
4060,42.1142,44.3655,2.5025,1.4379
4061,42.1177,44.3678,2.5024,1.4378
4062,42.1212,44.37,2.5024,1.4377
4063,42.1248,44.3722,2.5023,1.4377
4064,42.1283,44.3745,2.5023,1.4376
4065,42.1319,44.3767,2.5022,1.4375
4066,42.1354,44.379,2.5021,1.4375
4067,42.1389,44.3812,2.5021,1.4374
4068,42.1425,44.3834,2.502,1.4373
4069,42.146,44.3856,2.502,1.4372
4070,42.1495,44.3878,2.5019,1.4372
4071,42.1531,44.3901,2.5018,1.4371
4072,42.1566,44.3923,2.5018,1.437
4073,42.1601,44.3945,2.5017,1.4369
4074,42.1637,44.3967,2.5017,1.4369
4075,42.1672,44.3989,2.5016,1.4368
4076,42.1707,44.4011,2.5015,1.4367
4077,42.1742,44.4033,2.5015,1.4367
4078,42.1778,44.4055,2.5014,1.4366
4079,42.1813,44.4077,2.5013,1.4365
4080,42.1848,44.4099,2.5013,1.4364
4081,42.1883,44.4121,2.5012,1.4364
4082,42.1918,44.4145,2.5012,1.4363
4083,42.1953,44.4169,2.5011,1.4362
4084,42.1989,44.4193,2.501,1.4362
4085,42.2024,44.4218,2.501,1.4361
4086,42.2059,44.4243,2.5009,1.436
4087,42.2094,44.4268,2.5009,1.4359
4088,42.2129,44.4293,2.5008,1.4359
4089,42.2164,44.4319,2.5007,1.4358
4090,42.2199,44.4345,2.5007,1.4357
4091,42.2234,44.4371,2.5006,1.4357
4092,42.2269,44.4397,2.5005,1.4356
4093,42.2305,44.4423,2.5005,1.4355
4094,42.234,44.445,2.5004,1.4354
4095,42.2375,44.4477,2.5004,1.4354
4096,42.241,44.4503,2.5003,1.4353
4097,42.2445,44.453,2.5002,1.4352
4098,42.248,44.4557,2.5002,1.4352
4099,42.2515,44.4584,2.5001,1.4351
4100,42.255,44.4612,2.5,1.435
4101,42.2584,44.4639,2.5,1.4349
4102,42.2619,44.4667,2.4999,1.4349
4103,42.2654,44.4694,2.4999,1.4348
4104,42.2689,44.4722,2.4998,1.4347
4105,42.2724,44.475,2.4997,1.4347
4106,42.2759,44.4777,2.4997,1.4346
4107,42.2794,44.4805,2.4996,1.4345
4108,42.2829,44.4834,2.4995,1.4345
4109,42.2864,44.4862,2.4995,1.4344
4110,42.2898,44.489,2.4994,1.4343
4111,42.2933,44.4918,2.4994,1.4342
4112,42.2968,44.4947,2.4993,1.4342
4113,42.3003,44.4975,2.4992,1.4341
4114,42.3038,44.5004,2.4992,1.434
4115,42.3072,44.5033,2.4991,1.434
4116,42.3107,44.5061,2.499,1.4339
4117,42.3142,44.509,2.499,1.4338
4118,42.3177,44.5119,2.4989,1.4337
4119,42.3211,44.5148,2.4989,1.4337
4120,42.3246,44.5177,2.4988,1.4336
4121,42.3281,44.5206,2.4987,1.4335
4122,42.3315,44.5235,2.4987,1.4335
4123,42.335,44.5264,2.4986,1.4334
4124,42.3385,44.5294,2.4985,1.4333
4125,42.3419,44.5323,2.4985,1.4333
4126,42.3454,44.5353,2.4984,1.4332
4127,42.3488,44.5382,2.4983,1.4331
4128,42.3523,44.5412,2.4983,1.433
4129,42.3558,44.5441,2.4982,1.433
4130,42.3592,44.5471,2.4982,1.4329
4131,42.3627,44.5501,2.4981,1.4328
4132,42.3661,44.553,2.498,1.4328
4133,42.3696,44.556,2.498,1.4327
4134,42.373,44.559,2.4979,1.4326
4135,42.3765,44.562,2.4978,1.4326
4136,42.3799,44.565,2.4978,1.4325
4137,42.3834,44.568,2.4977,1.4324
4138,42.3868,44.571,2.4976,1.4323
4139,42.3903,44.574,2.4976,1.4323
4140,42.3937,44.5771,2.4975,1.4322
4141,42.3971,44.58,2.4974,1.4321
4142,42.4006,44.5829,2.4974,1.4321
4143,42.404,44.5857,2.4973,1.432
4144,42.4075,44.5885,2.4973,1.4319
4145,42.4109,44.5913,2.4972,1.4319
4146,42.4143,44.594,2.4971,1.4318
4147,42.4178,44.5967,2.4971,1.4317
4148,42.4212,44.5994,2.497,1.4317
4149,42.4246,44.6021,2.4969,1.4316
4150,42.428,44.6048,2.4969,1.4315
4151,42.4315,44.6074,2.4968,1.4314
4152,42.4349,44.6101,2.4967,1.4314
4153,42.4383,44.6127,2.4967,1.4313
4154,42.4417,44.6153,2.4966,1.4312
4155,42.4451,44.6179,2.4965,1.4312
4156,42.4486,44.6205,2.4965,1.4311
4157,42.452,44.6231,2.4964,1.431
4158,42.4554,44.6256,2.4964,1.431
4159,42.4588,44.6282,2.4963,1.4309
4160,42.4622,44.6308,2.4962,1.4308
4161,42.4656,44.6333,2.4962,1.4307
4162,42.469,44.6358,2.4961,1.4307
4163,42.4725,44.6383,2.496,1.4306
4164,42.4759,44.6409,2.496,1.4305
4165,42.4793,44.6434,2.4959,1.4305
4166,42.4827,44.6459,2.4958,1.4304
4167,42.4861,44.6483,2.4958,1.4303
4168,42.4895,44.6508,2.4957,1.4303
4169,42.4929,44.6533,2.4956,1.4302
4170,42.4963,44.6558,2.4956,1.4301
4171,42.4997,44.6582,2.4955,1.43
4172,42.503,44.6607,2.4954,1.43
4173,42.5064,44.6631,2.4954,1.4299
4174,42.5098,44.6656,2.4953,1.4298
4175,42.5132,44.668,2.4952,1.4298
4176,42.5166,44.6704,2.4952,1.4297
4177,42.52,44.6728,2.4951,1.4296
4178,42.5234,44.6753,2.495,1.4296
4179,42.5268,44.6777,2.495,1.4295
4180,42.5301,44.6801,2.4949,1.4294
4181,42.5335,44.6825,2.4948,1.4293
4182,42.5369,44.6849,2.4948,1.4293
4183,42.5403,44.6872,2.4947,1.4292
4184,42.5437,44.6896,2.4946,1.4291
4185,42.547,44.692,2.4946,1.4291
4186,42.5504,44.6944,2.4945,1.429
4187,42.5538,44.6967,2.4944,1.4289
4188,42.5571,44.6991,2.4944,1.4289
4189,42.5605,44.7015,2.4943,1.4288
4190,42.5639,44.7038,2.4942,1.4287
4191,42.5672,44.7061,2.4942,1.4286
4192,42.5706,44.7085,2.4941,1.4286
4193,42.574,44.7108,2.494,1.4285
4194,42.5773,44.7132,2.494,1.4284
4195,42.5807,44.7155,2.4939,1.4284
4196,42.584,44.7178,2.4938,1.4283
4197,42.5874,44.7201,2.4938,1.4282
4198,42.5907,44.7224,2.4937,1.4282
4199,42.5941,44.7247,2.4936,1.4281
4200,42.5974,44.727,2.4936,1.428
4201,42.6008,44.7294,2.4935,1.4279
4202,42.6041,44.7318,2.4934,1.4279
4203,42.6075,44.7342,2.4934,1.4278
4204,42.6108,44.7367,2.4933,1.4277
4205,42.6142,44.7391,2.4932,1.4277
4206,42.6175,44.7416,2.4932,1.4276
4207,42.6209,44.7441,2.4931,1.4275
4208,42.6242,44.7466,2.493,1.4275
4209,42.6275,44.7491,2.493,1.4274
4210,42.6309,44.7516,2.4929,1.4273
4211,42.6342,44.7542,2.4928,1.4272
4212,42.6375,44.7567,2.4928,1.4272
4213,42.6409,44.7593,2.4927,1.4271
4214,42.6442,44.7618,2.4926,1.427
4215,42.6475,44.7644,2.4926,1.427
4216,42.6509,44.767,2.4925,1.4269
4217,42.6542,44.7695,2.4924,1.4268
4218,42.6575,44.7721,2.4924,1.4268
4219,42.6608,44.7747,2.4923,1.4267
4220,42.6641,44.7773,2.4922,1.4266
4221,42.6675,44.7799,2.4922,1.4265
4222,42.6708,44.7825,2.4921,1.4265
4223,42.6741,44.7851,2.492,1.4264
4224,42.6774,44.7877,2.492,1.4263
4225,42.6807,44.7903,2.4919,1.4263
4226,42.684,44.7929,2.4918,1.4262
4227,42.6874,44.7956,2.4918,1.4261
4228,42.6907,44.7982,2.4917,1.4261
4229,42.694,44.8008,2.4916,1.426
4230,42.6973,44.8035,2.4916,1.4259
4231,42.7006,44.8061,2.4915,1.4258
4232,42.7039,44.8087,2.4914,1.4258
4233,42.7072,44.8114,2.4914,1.4257
4234,42.7105,44.814,2.4913,1.4256
4235,42.7138,44.8167,2.4912,1.4256
4236,42.7171,44.8193,2.4911,1.4255
4237,42.7204,44.822,2.4911,1.4254
4238,42.7237,44.8247,2.491,1.4254
4239,42.727,44.8273,2.4909,1.4253
4240,42.7303,44.83,2.4909,1.4252
4241,42.7336,44.8327,2.4908,1.4252
4242,42.7369,44.8353,2.4907,1.4251
4243,42.7401,44.838,2.4907,1.425
4244,42.7434,44.8407,2.4906,1.4249
4245,42.7467,44.8434,2.4905,1.4249
4246,42.75,44.846,2.4905,1.4248
4247,42.7533,44.8487,2.4904,1.4247
4248,42.7566,44.8514,2.4903,1.4247
4249,42.7599,44.8541,2.4903,1.4246
4250,42.7631,44.8568,2.4902,1.4245
4251,42.7664,44.8595,2.4901,1.4245
4252,42.7697,44.8622,2.49,1.4244
4253,42.773,44.8649,2.49,1.4243
4254,42.7762,44.8676,2.4899,1.4242
4255,42.7795,44.8703,2.4898,1.4242
4256,42.7828,44.873,2.4898,1.4241
4257,42.7861,44.8757,2.4897,1.424
4258,42.7893,44.8784,2.4896,1.424
4259,42.7926,44.8811,2.4896,1.4239
4260,42.7959,44.8838,2.4895,1.4238
4261,42.7991,44.8866,2.4894,1.4238
4262,42.8024,44.8894,2.4894,1.4237
4263,42.8057,44.8922,2.4893,1.4236
4264,42.8089,44.895,2.4892,1.4236
4265,42.8122,44.8978,2.4891,1.4235
4266,42.8154,44.9006,2.4891,1.4234
4267,42.8187,44.9035,2.489,1.4234
4268,42.8219,44.9064,2.4889,1.4233
4269,42.8252,44.9092,2.4889,1.4232
4270,42.8285,44.9121,2.4888,1.4231
4271,42.8317,44.915,2.4887,1.4231
4272,42.835,44.9179,2.4887,1.423
4273,42.8382,44.9208,2.4886,1.4229
4274,42.8415,44.9238,2.4885,1.4229
4275,42.8447,44.9267,2.4884,1.4228
4276,42.848,44.9296,2.4884,1.4227
4277,42.8512,44.9326,2.4883,1.4227
4278,42.8544,44.9355,2.4882,1.4226
4279,42.8577,44.9385,2.4882,1.4225
4280,42.8609,44.9414,2.4881,1.4225
4281,42.8642,44.9444,2.488,1.4224
4282,42.8674,44.9474,2.488,1.4223
4283,42.8706,44.9504,2.4879,1.4223
4284,42.8739,44.9534,2.4878,1.4222
4285,42.8771,44.9564,2.4877,1.4221
4286,42.8804,44.9594,2.4877,1.422
4287,42.8836,44.9624,2.4876,1.422
4288,42.8868,44.9654,2.4875,1.4219
4289,42.89,44.9684,2.4875,1.4218
4290,42.8933,44.9714,2.4874,1.4218
4291,42.8965,44.9744,2.4873,1.4217
4292,42.8997,44.9775,2.4872,1.4216
4293,42.903,44.9805,2.4872,1.4216
4294,42.9062,44.9836,2.4871,1.4215
4295,42.9094,44.9866,2.487,1.4214
4296,42.9126,44.9897,2.487,1.4214
4297,42.9158,44.9927,2.4869,1.4213
4298,42.9191,44.9958,2.4868,1.4212
4299,42.9223,44.9989,2.4868,1.4212
4300,42.9255,45.0019,2.4867,1.4211
4301,42.9287,45.005,2.4866,1.421
4302,42.9319,45.0081,2.4865,1.421
4303,42.9351,45.0112,2.4865,1.4209
4304,42.9383,45.0143,2.4864,1.4208
4305,42.9416,45.0174,2.4863,1.4208
4306,42.9448,45.0205,2.4863,1.4207
4307,42.948,45.0236,2.4862,1.4206
4308,42.9512,45.0267,2.4861,1.4206
4309,42.9544,45.0298,2.486,1.4205
4310,42.9576,45.0329,2.486,1.4204
4311,42.9608,45.036,2.4859,1.4204
4312,42.964,45.0391,2.4858,1.4203
4313,42.9672,45.0423,2.4858,1.4202
4314,42.9704,45.0454,2.4857,1.4201
4315,42.9736,45.0485,2.4856,1.4201
4316,42.9768,45.0517,2.4855,1.42
4317,42.98,45.0548,2.4855,1.4199
4318,42.9832,45.058,2.4854,1.4199
4319,42.9864,45.0611,2.4853,1.4198
4320,42.9896,45.0643,2.4852,1.4197
4321,42.9928,45.0673,2.4852,1.4197
4322,42.9959,45.0702,2.4851,1.4196
4323,42.9991,45.073,2.485,1.4195
4324,43.0023,45.0757,2.485,1.4195
4325,43.0055,45.0784,2.4849,1.4194
4326,43.0087,45.0811,2.4848,1.4193
4327,43.0119,45.0837,2.4847,1.4193
4328,43.0151,45.0862,2.4847,1.4192
4329,43.0182,45.0888,2.4846,1.4191
4330,43.0214,45.0913,2.4845,1.4191
4331,43.0246,45.0938,2.4845,1.419
4332,43.0278,45.0962,2.4844,1.4189
4333,43.031,45.0986,2.4843,1.4189
4334,43.0341,45.101,2.4842,1.4188
4335,43.0373,45.1034,2.4842,1.4187
4336,43.0405,45.1057,2.4841,1.4187
4337,43.0436,45.1081,2.484,1.4186
4338,43.0468,45.1104,2.4839,1.4185
4339,43.05,45.1127,2.4839,1.4185
4340,43.0532,45.1149,2.4838,1.4184
4341,43.0563,45.1172,2.4837,1.4183
4342,43.0595,45.1194,2.4837,1.4183
4343,43.0627,45.1216,2.4836,1.4182
4344,43.0658,45.1238,2.4835,1.4181
4345,43.069,45.1259,2.4834,1.4181
4346,43.0721,45.1281,2.4834,1.418
4347,43.0753,45.1302,2.4833,1.4179
4348,43.0785,45.1323,2.4832,1.4178
4349,43.0816,45.1344,2.4831,1.4178
4350,43.0848,45.1365,2.4831,1.4177
4351,43.0879,45.1386,2.483,1.4176
4352,43.0911,45.1407,2.4829,1.4176
4353,43.0942,45.1427,2.4828,1.4175
4354,43.0974,45.1447,2.4828,1.4174
4355,43.1005,45.1467,2.4827,1.4174
4356,43.1037,45.1487,2.4826,1.4173
4357,43.1068,45.1507,2.4826,1.4172
4358,43.11,45.1527,2.4825,1.4172
4359,43.1131,45.1547,2.4824,1.4171
4360,43.1163,45.1566,2.4823,1.417
4361,43.1194,45.1585,2.4823,1.417
4362,43.1226,45.1605,2.4822,1.4169
4363,43.1257,45.1624,2.4821,1.4168
4364,43.1289,45.1643,2.482,1.4168
4365,43.132,45.1662,2.482,1.4167
4366,43.1351,45.168,2.4819,1.4166
4367,43.1383,45.1699,2.4818,1.4165
4368,43.1414,45.1717,2.4817,1.4165
4369,43.1446,45.1736,2.4817,1.4164
4370,43.1477,45.1754,2.4816,1.4163
4371,43.1508,45.1772,2.4815,1.4163
4372,43.154,45.179,2.4814,1.4162
4373,43.1571,45.1808,2.4814,1.4161
4374,43.1602,45.1826,2.4813,1.4161
4375,43.1634,45.1844,2.4812,1.416
4376,43.1665,45.1862,2.4812,1.4159
4377,43.1696,45.1879,2.4811,1.4159
4378,43.1727,45.1897,2.481,1.4158
4379,43.1759,45.1914,2.4809,1.4157
4380,43.179,45.1931,2.4809,1.4157
4381,43.1821,45.1949,2.4808,1.4156
4382,43.1853,45.1967,2.4807,1.4155
4383,43.1884,45.1986,2.4806,1.4154
4384,43.1915,45.2004,2.4806,1.4154
4385,43.1946,45.2023,2.4805,1.4153
4386,43.1977,45.2042,2.4804,1.4152
4387,43.2009,45.2061,2.4803,1.4152
4388,43.204,45.208,2.4803,1.4151
4389,43.2071,45.2099,2.4802,1.415
4390,43.2102,45.2118,2.4801,1.415
4391,43.2133,45.2137,2.48,1.4149
4392,43.2164,45.2156,2.48,1.4148
4393,43.2196,45.2175,2.4799,1.4148
4394,43.2227,45.2195,2.4798,1.4147
4395,43.2258,45.2214,2.4797,1.4146
4396,43.2289,45.2233,2.4797,1.4145
4397,43.232,45.2252,2.4796,1.4145
4398,43.2351,45.2272,2.4795,1.4144
4399,43.2382,45.2291,2.4794,1.4143
4400,43.2413,45.2311,2.4794,1.4143
4401,43.2445,45.233,2.4793,1.4142
4402,43.2476,45.2349,2.4792,1.4141
4403,43.2507,45.2369,2.4791,1.4141
4404,43.2538,45.2388,2.4791,1.414
4405,43.2569,45.2408,2.479,1.4139
4406,43.26,45.2427,2.4789,1.4139
4407,43.2631,45.2447,2.4788,1.4138
4408,43.2662,45.2466,2.4787,1.4137
4409,43.2693,45.2485,2.4787,1.4136
4410,43.2724,45.2505,2.4786,1.4136
4411,43.2755,45.2524,2.4785,1.4135
4412,43.2786,45.2544,2.4784,1.4134
4413,43.2817,45.2563,2.4784,1.4134
4414,43.2848,45.2583,2.4783,1.4133
4415,43.2879,45.2602,2.4782,1.4132
4416,43.291,45.2622,2.4781,1.4132
4417,43.2941,45.2641,2.4781,1.4131
4418,43.2972,45.266,2.478,1.413
4419,43.3003,45.268,2.4779,1.4129
4420,43.3034,45.2699,2.4778,1.4129
4421,43.3064,45.2719,2.4778,1.4128
4422,43.3095,45.2738,2.4777,1.4127
4423,43.3126,45.2757,2.4776,1.4127
4424,43.3157,45.2777,2.4775,1.4126
4425,43.3188,45.2796,2.4775,1.4125
4426,43.3219,45.2815,2.4774,1.4125
4427,43.325,45.2835,2.4773,1.4124
4428,43.3281,45.2854,2.4772,1.4123
4429,43.3312,45.2873,2.4772,1.4123
4430,43.3342,45.2893,2.4771,1.4122
4431,43.3373,45.2912,2.477,1.4121
4432,43.3404,45.2931,2.4769,1.412
4433,43.3435,45.2951,2.4768,1.412
4434,43.3466,45.297,2.4768,1.4119
4435,43.3497,45.2989,2.4767,1.4118
4436,43.3527,45.3008,2.4766,1.4118
4437,43.3558,45.3028,2.4765,1.4117
4438,43.3589,45.3047,2.4765,1.4116
4439,43.362,45.3066,2.4764,1.4116
4440,43.3651,45.3085,2.4763,1.4115
4441,43.3681,45.3105,2.4762,1.4114
4442,43.3712,45.3125,2.4762,1.4114
4443,43.3743,45.3146,2.4761,1.4113
4444,43.3774,45.3166,2.476,1.4112
4445,43.3804,45.3187,2.4759,1.4111
4446,43.3835,45.3208,2.4758,1.4111
4447,43.3866,45.3229,2.4758,1.411
4448,43.3897,45.3251,2.4757,1.4109
4449,43.3927,45.3272,2.4756,1.4109
4450,43.3958,45.3294,2.4755,1.4108
4451,43.3989,45.3315,2.4755,1.4107
4452,43.4019,45.3337,2.4754,1.4107
4453,43.405,45.3359,2.4753,1.4106
4454,43.4081,45.3381,2.4752,1.4105
4455,43.4111,45.3403,2.4751,1.4105
4456,43.4142,45.3425,2.4751,1.4104
4457,43.4173,45.3448,2.475,1.4103
4458,43.4203,45.347,2.4749,1.4102
4459,43.4234,45.3492,2.4748,1.4102
4460,43.4265,45.3515,2.4748,1.4101
4461,43.4295,45.3537,2.4747,1.41
4462,43.4326,45.356,2.4746,1.41
4463,43.4356,45.3583,2.4745,1.4099
4464,43.4387,45.3605,2.4744,1.4098
4465,43.4417,45.3628,2.4744,1.4098
4466,43.4448,45.3651,2.4743,1.4097
4467,43.4479,45.3674,2.4742,1.4096
4468,43.4509,45.3697,2.4741,1.4096
4469,43.454,45.372,2.4741,1.4095
4470,43.457,45.3743,2.474,1.4094
4471,43.4601,45.3766,2.4739,1.4094
4472,43.4631,45.3789,2.4738,1.4093
4473,43.4662,45.3812,2.4737,1.4092
4474,43.4692,45.3836,2.4737,1.4091
4475,43.4723,45.3859,2.4736,1.4091
4476,43.4753,45.3882,2.4735,1.409
4477,43.4784,45.3906,2.4734,1.4089
4478,43.4814,45.3929,2.4734,1.4089
4479,43.4844,45.3953,2.4733,1.4088
4480,43.4875,45.3976,2.4732,1.4087
4481,43.4905,45.4,2.4731,1.4087
4482,43.4936,45.4023,2.473,1.4086
4483,43.4966,45.4047,2.473,1.4085
4484,43.4996,45.4071,2.4729,1.4085
4485,43.5027,45.4094,2.4728,1.4084
4486,43.5057,45.4118,2.4727,1.4083
4487,43.5087,45.4142,2.4726,1.4083
4488,43.5118,45.4166,2.4726,1.4082
4489,43.5148,45.419,2.4725,1.4081
4490,43.5178,45.4213,2.4724,1.408
4491,43.5209,45.4237,2.4723,1.408
4492,43.5239,45.4261,2.4722,1.4079
4493,43.5269,45.4285,2.4722,1.4078
4494,43.53,45.4309,2.4721,1.4078
4495,43.533,45.4334,2.472,1.4077
4496,43.536,45.4358,2.4719,1.4076
4497,43.539,45.4382,2.4719,1.4076
4498,43.5421,45.4406,2.4718,1.4075
4499,43.5451,45.443,2.4717,1.4074
4500,43.5481,45.4454,2.4716,1.4074
4501,43.5511,45.4478,2.4715,1.4073
4502,43.5541,45.4502,2.4715,1.4072
4503,43.5572,45.4526,2.4714,1.4072
4504,43.5602,45.4549,2.4713,1.4071
4505,43.5632,45.4572,2.4712,1.407
4506,43.5662,45.4596,2.4711,1.407
4507,43.5692,45.4619,2.4711,1.4069
4508,43.5722,45.4642,2.471,1.4068
4509,43.5752,45.4665,2.4709,1.4068
4510,43.5782,45.4689,2.4708,1.4067
4511,43.5812,45.4712,2.4707,1.4066
4512,43.5842,45.4735,2.4707,1.4065
4513,43.5872,45.4758,2.4706,1.4065
4514,43.5903,45.4781,2.4705,1.4064
4515,43.5933,45.4803,2.4704,1.4063
4516,43.5963,45.4826,2.4703,1.4063
4517,43.5993,45.4849,2.4703,1.4062
4518,43.6022,45.4872,2.4702,1.4061
4519,43.6052,45.4895,2.4701,1.4061
4520,43.6082,45.4918,2.47,1.406
4521,43.6112,45.494,2.4699,1.4059
4522,43.6142,45.4963,2.4699,1.4059
4523,43.6172,45.4986,2.4698,1.4058
4524,43.6202,45.5009,2.4697,1.4057
4525,43.6232,45.5031,2.4696,1.4057
4526,43.6262,45.5054,2.4695,1.4056
4527,43.6292,45.5076,2.4695,1.4055
4528,43.6322,45.5099,2.4694,1.4055
4529,43.6351,45.5122,2.4693,1.4054
4530,43.6381,45.5144,2.4692,1.4053
4531,43.6411,45.5167,2.4691,1.4053
4532,43.6441,45.5189,2.4691,1.4052
4533,43.6471,45.5212,2.469,1.4051
4534,43.65,45.5234,2.4689,1.4051
4535,43.653,45.5257,2.4688,1.405
4536,43.656,45.5279,2.4687,1.4049
4537,43.659,45.5302,2.4686,1.4048
4538,43.6619,45.5324,2.4686,1.4048
4539,43.6649,45.5347,2.4685,1.4047
4540,43.6679,45.5369,2.4684,1.4046
4541,43.6708,45.5392,2.4683,1.4046
4542,43.6738,45.5414,2.4682,1.4045
4543,43.6768,45.5436,2.4682,1.4044
4544,43.6797,45.5459,2.4681,1.4044
4545,43.6827,45.5481,2.468,1.4043
4546,43.6857,45.5503,2.4679,1.4042
4547,43.6886,45.5526,2.4678,1.4042
4548,43.6916,45.5548,2.4678,1.4041
4549,43.6945,45.557,2.4677,1.404
4550,43.6975,45.5593,2.4676,1.404
4551,43.7004,45.5615,2.4675,1.4039
4552,43.7034,45.5637,2.4674,1.4038
4553,43.7063,45.566,2.4673,1.4038
4554,43.7093,45.5682,2.4673,1.4037
4555,43.7122,45.5704,2.4672,1.4036
4556,43.7152,45.5726,2.4671,1.4036
4557,43.7181,45.5749,2.467,1.4035
4558,43.7211,45.5771,2.4669,1.4034
4559,43.724,45.5793,2.4669,1.4034
4560,43.727,45.5815,2.4668,1.4033
4561,43.7299,45.5838,2.4667,1.4032
4562,43.7328,45.5861,2.4666,1.4032
4563,43.7358,45.5884,2.4665,1.4031
4564,43.7387,45.5908,2.4664,1.403
4565,43.7416,45.5931,2.4664,1.4029
4566,43.7446,45.5955,2.4663,1.4029
4567,43.7475,45.5979,2.4662,1.4028
4568,43.7504,45.6003,2.4661,1.4027
4569,43.7534,45.6028,2.466,1.4027
4570,43.7563,45.6052,2.466,1.4026
4571,43.7592,45.6077,2.4659,1.4025
4572,43.7621,45.6101,2.4658,1.4025
4573,43.7651,45.6126,2.4657,1.4024
4574,43.768,45.615,2.4656,1.4023
4575,43.7709,45.6175,2.4655,1.4023
4576,43.7738,45.62,2.4655,1.4022
4577,43.7767,45.6225,2.4654,1.4021
4578,43.7797,45.625,2.4653,1.4021
4579,43.7826,45.6275,2.4652,1.402
4580,43.7855,45.63,2.4651,1.4019
4581,43.7884,45.6326,2.465,1.4019
4582,43.7913,45.6351,2.465,1.4018
4583,43.7942,45.6376,2.4649,1.4017
4584,43.7971,45.6402,2.4648,1.4017
4585,43.8,45.6427,2.4647,1.4016
4586,43.8029,45.6453,2.4646,1.4015
4587,43.8058,45.6478,2.4646,1.4015
4588,43.8087,45.6504,2.4645,1.4014
4589,43.8116,45.653,2.4644,1.4013
4590,43.8145,45.6556,2.4643,1.4013
4591,43.8174,45.6581,2.4642,1.4012
4592,43.8203,45.6607,2.4641,1.4011
4593,43.8232,45.6633,2.4641,1.4011
4594,43.8261,45.6659,2.464,1.401
4595,43.829,45.6685,2.4639,1.4009
4596,43.8319,45.6711,2.4638,1.4009
4597,43.8348,45.6737,2.4637,1.4008
4598,43.8377,45.6763,2.4636,1.4007
4599,43.8406,45.679,2.4636,1.4007
4600,43.8435,45.6816,2.4635,1.4006
4601,43.8464,45.6842,2.4634,1.4005
4602,43.8492,45.6868,2.4633,1.4005
4603,43.8521,45.6895,2.4632,1.4004
4604,43.855,45.6921,2.4631,1.4003
4605,43.8579,45.6948,2.4631,1.4003
4606,43.8608,45.6974,2.463,1.4002
4607,43.8637,45.7001,2.4629,1.4001
4608,43.8665,45.7027,2.4628,1.4001
4609,43.8694,45.7054,2.4627,1.4
4610,43.8723,45.708,2.4626,1.3999
4611,43.8752,45.7107,2.4626,1.3999
4612,43.878,45.7134,2.4625,1.3998
4613,43.8809,45.7161,2.4624,1.3997
4614,43.8838,45.7187,2.4623,1.3997
4615,43.8866,45.7214,2.4622,1.3996
4616,43.8895,45.7241,2.4621,1.3995
4617,43.8924,45.7268,2.462,1.3995
4618,43.8952,45.7295,2.462,1.3994
4619,43.8981,45.7322,2.4619,1.3993
4620,43.901,45.7349,2.4618,1.3993
4621,43.9038,45.7375,2.4617,1.3992
4622,43.9067,45.7401,2.4616,1.3991
4623,43.9095,45.7426,2.4615,1.3991
4624,43.9124,45.7452,2.4615,1.399
4625,43.9152,45.7477,2.4614,1.3989
4626,43.9181,45.7501,2.4613,1.3989
4627,43.921,45.7526,2.4612,1.3988
4628,43.9238,45.7551,2.4611,1.3987
4629,43.9267,45.7575,2.461,1.3987
4630,43.9295,45.7599,2.461,1.3986
4631,43.9324,45.7623,2.4609,1.3985
4632,43.9352,45.7647,2.4608,1.3985
4633,43.938,45.7671,2.4607,1.3984
4634,43.9409,45.7695,2.4606,1.3983
4635,43.9437,45.7719,2.4605,1.3983
4636,43.9466,45.7742,2.4604,1.3982
4637,43.9494,45.7766,2.4604,1.3981
4638,43.9523,45.7789,2.4603,1.3981
4639,43.9551,45.7812,2.4602,1.398
4640,43.9579,45.7836,2.4601,1.3979
4641,43.9608,45.7859,2.46,1.3979
4642,43.9636,45.7882,2.4599,1.3978
4643,43.9664,45.7905,2.4599,1.3977
4644,43.9693,45.7928,2.4598,1.3977
4645,43.9721,45.7951,2.4597,1.3976
4646,43.9749,45.7974,2.4596,1.3975
4647,43.9778,45.7996,2.4595,1.3975
4648,43.9806,45.8019,2.4594,1.3974
4649,43.9834,45.8042,2.4593,1.3973
4650,43.9863,45.8064,2.4593,1.3973
4651,43.9891,45.8087,2.4592,1.3972
4652,43.9919,45.8109,2.4591,1.3971
4653,43.9947,45.8132,2.459,1.3971
4654,43.9975,45.8154,2.4589,1.397
4655,44.0004,45.8176,2.4588,1.3969
4656,44.0032,45.8199,2.4587,1.3969
4657,44.006,45.8221,2.4587,1.3968
4658,44.0088,45.8243,2.4586,1.3967
4659,44.0116,45.8265,2.4585,1.3967
4660,44.0145,45.8287,2.4584,1.3966
4661,44.0173,45.8309,2.4583,1.3965
4662,44.0201,45.8331,2.4582,1.3965
4663,44.0229,45.8353,2.4581,1.3964
4664,44.0257,45.8375,2.4581,1.3963
4665,44.0285,45.8397,2.458,1.3963
4666,44.0313,45.8419,2.4579,1.3962
4667,44.0341,45.8441,2.4578,1.3961
4668,44.0369,45.8462,2.4577,1.3961
4669,44.0397,45.8484,2.4576,1.396
4670,44.0425,45.8506,2.4575,1.3959
4671,44.0453,45.8527,2.4575,1.3959
4672,44.0481,45.8549,2.4574,1.3958
4673,44.051,45.857,2.4573,1.3957
4674,44.0538,45.8592,2.4572,1.3957
4675,44.0566,45.8613,2.4571,1.3956
4676,44.0593,45.8635,2.457,1.3955
4677,44.0621,45.8656,2.4569,1.3955
4678,44.0649,45.8677,2.4569,1.3954
4679,44.0677,45.8699,2.4568,1.3953
4680,44.0705,45.872,2.4567,1.3953
4681,44.0733,45.8742,2.4566,1.3952
4682,44.0761,45.8764,2.4565,1.3951
4683,44.0789,45.8786,2.4564,1.3951
4684,44.0817,45.8808,2.4563,1.395
4685,44.0845,45.8831,2.4562,1.3949
4686,44.0873,45.8854,2.4562,1.3949
4687,44.0901,45.8876,2.4561,1.3948
4688,44.0928,45.8899,2.456,1.3947
4689,44.0956,45.8922,2.4559,1.3947
4690,44.0984,45.8945,2.4558,1.3946
4691,44.1012,45.8968,2.4557,1.3945
4692,44.104,45.8991,2.4556,1.3945
4693,44.1068,45.9015,2.4556,1.3944
4694,44.1095,45.9038,2.4555,1.3943
4695,44.1123,45.9061,2.4554,1.3943
4696,44.1151,45.9085,2.4553,1.3942
4697,44.1179,45.9108,2.4552,1.3941
4698,44.1207,45.9132,2.4551,1.3941
4699,44.1234,45.9155,2.455,1.394
4700,44.1262,45.9179,2.4549,1.3939
4701,44.129,45.9203,2.4549,1.3939
4702,44.1318,45.9226,2.4548,1.3938
4703,44.1345,45.925,2.4547,1.3937
4704,44.1373,45.9274,2.4546,1.3937
4705,44.1401,45.9297,2.4545,1.3936
4706,44.1428,45.9321,2.4544,1.3935
4707,44.1456,45.9345,2.4543,1.3935
4708,44.1484,45.9369,2.4542,1.3934
4709,44.1512,45.9393,2.4542,1.3933
4710,44.1539,45.9417,2.4541,1.3933
4711,44.1567,45.9441,2.454,1.3932
4712,44.1595,45.9465,2.4539,1.3931
4713,44.1622,45.9489,2.4538,1.3931
4714,44.165,45.9513,2.4537,1.393
4715,44.1677,45.9537,2.4536,1.3929
4716,44.1705,45.9561,2.4535,1.3929
4717,44.1733,45.9585,2.4535,1.3928
4718,44.176,45.9609,2.4534,1.3927
4719,44.1788,45.9634,2.4533,1.3927
4720,44.1815,45.9658,2.4532,1.3926
4721,44.1843,45.9682,2.4531,1.3925
4722,44.1871,45.9706,2.453,1.3925
4723,44.1898,45.9731,2.4529,1.3924
4724,44.1926,45.9755,2.4528,1.3923
4725,44.1953,45.9779,2.4528,1.3923
4726,44.1981,45.9804,2.4527,1.3922
4727,44.2008,45.9828,2.4526,1.3922
4728,44.2036,45.9852,2.4525,1.3921
4729,44.2063,45.9877,2.4524,1.392
4730,44.2091,45.9901,2.4523,1.392
4731,44.2118,45.9926,2.4522,1.3919
4732,44.2146,45.995,2.4521,1.3918
4733,44.2173,45.9974,2.4521,1.3918
4734,44.2201,45.9999,2.452,1.3917
4735,44.2228,46.0023,2.4519,1.3916
4736,44.2256,46.0048,2.4518,1.3916
4737,44.2283,46.0072,2.4517,1.3915
4738,44.2311,46.0097,2.4516,1.3914
4739,44.2338,46.0122,2.4515,1.3914
4740,44.2366,46.0146,2.4514,1.3913
4741,44.2393,46.017,2.4513,1.3912
4742,44.242,46.0194,2.4513,1.3912
4743,44.2448,46.0218,2.4512,1.3911
4744,44.2475,46.0241,2.4511,1.391
4745,44.2503,46.0264,2.451,1.391
4746,44.253,46.0287,2.4509,1.3909
4747,44.2557,46.031,2.4508,1.3908
4748,44.2585,46.0332,2.4507,1.3908
4749,44.2612,46.0355,2.4506,1.3907
4750,44.2639,46.0377,2.4505,1.3906
4751,44.2667,46.04,2.4505,1.3906
4752,44.2694,46.0422,2.4504,1.3905
4753,44.2721,46.0444,2.4503,1.3904
4754,44.2749,46.0466,2.4502,1.3904
4755,44.2776,46.0488,2.4501,1.3903
4756,44.2803,46.051,2.45,1.3902
4757,44.2831,46.0532,2.4499,1.3902
4758,44.2858,46.0554,2.4498,1.3901
4759,44.2885,46.0576,2.4497,1.39
4760,44.2913,46.0598,2.4497,1.39
4761,44.294,46.0619,2.4496,1.3899
4762,44.2967,46.0641,2.4495,1.3898
4763,44.2994,46.0662,2.4494,1.3898
4764,44.3022,46.0684,2.4493,1.3897
4765,44.3049,46.0705,2.4492,1.3896
4766,44.3076,46.0727,2.4491,1.3896
4767,44.3103,46.0748,2.449,1.3895
4768,44.3131,46.0769,2.4489,1.3894
4769,44.3158,46.079,2.4488,1.3894
4770,44.3185,46.0811,2.4488,1.3893
4771,44.3212,46.0832,2.4487,1.3892
4772,44.324,46.0853,2.4486,1.3892
4773,44.3267,46.0874,2.4485,1.3891
4774,44.3294,46.0895,2.4484,1.3891
4775,44.3321,46.0916,2.4483,1.389
4776,44.3348,46.0937,2.4482,1.3889
4777,44.3375,46.0958,2.4481,1.3889
4778,44.3403,46.0979,2.448,1.3888
4779,44.343,46.0999,2.448,1.3887
4780,44.3457,46.102,2.4479,1.3887
4781,44.3484,46.1041,2.4478,1.3886
4782,44.3511,46.1061,2.4477,1.3885
4783,44.3538,46.1082,2.4476,1.3885
4784,44.3565,46.1103,2.4475,1.3884
4785,44.3593,46.1123,2.4474,1.3883
4786,44.362,46.1143,2.4473,1.3883
4787,44.3647,46.1164,2.4472,1.3882
4788,44.3674,46.1184,2.4471,1.3881
4789,44.3701,46.1205,2.447,1.3881
4790,44.3728,46.1225,2.447,1.388
4791,44.3755,46.1245,2.4469,1.3879
4792,44.3782,46.1265,2.4468,1.3879
4793,44.3809,46.1286,2.4467,1.3878
4794,44.3836,46.1306,2.4466,1.3877
4795,44.3863,46.1326,2.4465,1.3877
4796,44.389,46.1346,2.4464,1.3876
4797,44.3917,46.1366,2.4463,1.3875
4798,44.3944,46.1386,2.4462,1.3875
4799,44.3971,46.1406,2.4461,1.3874
4800,44.3998,46.1426,2.4461,1.3873
4801,44.4025,46.1446,2.446,1.3873
4802,44.4052,46.1465,2.4459,1.3872
4803,44.4079,46.1485,2.4458,1.3871
4804,44.4106,46.1504,2.4457,1.3871
4805,44.4133,46.1523,2.4456,1.387
4806,44.416,46.1542,2.4455,1.3869
4807,44.4187,46.1561,2.4454,1.3869
4808,44.4214,46.158,2.4453,1.3868
4809,44.4241,46.1599,2.4452,1.3867
4810,44.4268,46.1617,2.4451,1.3867
4811,44.4295,46.1636,2.4451,1.3866
4812,44.4322,46.1655,2.445,1.3865
4813,44.4349,46.1673,2.4449,1.3865
4814,44.4376,46.1692,2.4448,1.3864
4815,44.4403,46.171,2.4447,1.3863
4816,44.443,46.1728,2.4446,1.3863
4817,44.4456,46.1747,2.4445,1.3862
4818,44.4483,46.1765,2.4444,1.3861
4819,44.451,46.1783,2.4443,1.3861
4820,44.4537,46.1801,2.4442,1.386
4821,44.4564,46.1819,2.4441,1.3859
4822,44.4591,46.1837,2.444,1.3859
4823,44.4618,46.1855,2.444,1.3858
4824,44.4645,46.1873,2.4439,1.3857
4825,44.4671,46.189,2.4438,1.3857
4826,44.4698,46.1908,2.4437,1.3856
4827,44.4725,46.1926,2.4436,1.3855
4828,44.4752,46.1944,2.4435,1.3855
4829,44.4779,46.1961,2.4434,1.3854
4830,44.4805,46.1979,2.4433,1.3853
4831,44.4832,46.1996,2.4432,1.3853
4832,44.4859,46.2014,2.4431,1.3852
4833,44.4886,46.2031,2.443,1.3851
4834,44.4913,46.2048,2.4429,1.3851
4835,44.4939,46.2066,2.4429,1.385
4836,44.4966,46.2083,2.4428,1.3849
4837,44.4993,46.21,2.4427,1.3849
4838,44.502,46.2117,2.4426,1.3848
4839,44.5046,46.2134,2.4425,1.3847
4840,44.5073,46.2151,2.4424,1.3847
4841,44.51,46.2168,2.4423,1.3846
4842,44.5127,46.2185,2.4422,1.3845
4843,44.5153,46.2202,2.4421,1.3845
4844,44.518,46.2219,2.442,1.3844
4845,44.5207,46.2236,2.4419,1.3843
4846,44.5234,46.2253,2.4418,1.3843
4847,44.526,46.227,2.4418,1.3842
4848,44.5287,46.2286,2.4417,1.3841
4849,44.5314,46.2303,2.4416,1.3841
4850,44.534,46.232,2.4415,1.384
4851,44.5367,46.2336,2.4414,1.3839
4852,44.5394,46.2353,2.4413,1.3839
4853,44.542,46.2369,2.4412,1.3838
4854,44.5447,46.2386,2.4411,1.3837
4855,44.5474,46.2402,2.441,1.3837
4856,44.55,46.2419,2.4409,1.3836
4857,44.5527,46.2435,2.4408,1.3835
4858,44.5554,46.2451,2.4407,1.3835
4859,44.558,46.2468,2.4406,1.3834
4860,44.5607,46.2484,2.4405,1.3833
4861,44.5633,46.2501,2.4405,1.3833
4862,44.566,46.2519,2.4404,1.3832
4863,44.5687,46.2537,2.4403,1.3831
4864,44.5713,46.2556,2.4402,1.3831
4865,44.574,46.2575,2.4401,1.383
4866,44.5766,46.2594,2.44,1.3829
4867,44.5793,46.2614,2.4399,1.3829
4868,44.5819,46.2634,2.4398,1.3828
4869,44.5846,46.2654,2.4397,1.3827
4870,44.5873,46.2674,2.4396,1.3827
4871,44.5899,46.2694,2.4395,1.3826
4872,44.5926,46.2715,2.4394,1.3825
4873,44.5952,46.2735,2.4393,1.3825
4874,44.5979,46.2756,2.4392,1.3824
4875,44.6005,46.2777,2.4392,1.3823
4876,44.6032,46.2798,2.4391,1.3823
4877,44.6058,46.2819,2.439,1.3822
4878,44.6085,46.2841,2.4389,1.3821
4879,44.6111,46.2862,2.4388,1.3821
4880,44.6138,46.2884,2.4387,1.382
4881,44.6164,46.2905,2.4386,1.3819
4882,44.6191,46.2927,2.4385,1.3819
4883,44.6217,46.2949,2.4384,1.3818
4884,44.6243,46.2971,2.4383,1.3817
4885,44.627,46.2993,2.4382,1.3817
4886,44.6296,46.3015,2.4381,1.3816
4887,44.6323,46.3037,2.438,1.3815
4888,44.6349,46.306,2.4379,1.3815
4889,44.6376,46.3082,2.4378,1.3814
4890,44.6402,46.3105,2.4378,1.3813
4891,44.6428,46.3127,2.4377,1.3813
4892,44.6455,46.315,2.4376,1.3812
4893,44.6481,46.3173,2.4375,1.3811
4894,44.6508,46.3195,2.4374,1.3811
4895,44.6534,46.3218,2.4373,1.381
4896,44.656,46.3241,2.4372,1.3809
4897,44.6587,46.3264,2.4371,1.3809
4898,44.6613,46.3287,2.437,1.3808
4899,44.6639,46.3311,2.4369,1.3807
4900,44.6666,46.3334,2.4368,1.3807
4901,44.6692,46.3357,2.4367,1.3806
4902,44.6718,46.3381,2.4366,1.3805
4903,44.6745,46.3404,2.4365,1.3805
4904,44.6771,46.3427,2.4364,1.3804
4905,44.6797,46.3451,2.4363,1.3803
4906,44.6824,46.3475,2.4362,1.3803
4907,44.685,46.3498,2.4362,1.3802
4908,44.6876,46.3522,2.4361,1.3802
4909,44.6902,46.3546,2.436,1.3801
4910,44.6929,46.357,2.4359,1.38
4911,44.6955,46.3594,2.4358,1.38
4912,44.6981,46.3618,2.4357,1.3799
4913,44.7007,46.3642,2.4356,1.3798
4914,44.7034,46.3666,2.4355,1.3798
4915,44.706,46.369,2.4354,1.3797
4916,44.7086,46.3714,2.4353,1.3796
4917,44.7112,46.3738,2.4352,1.3796
4918,44.7138,46.3762,2.4351,1.3795
4919,44.7165,46.3787,2.435,1.3794
4920,44.7191,46.3811,2.4349,1.3794
4921,44.7217,46.3834,2.4348,1.3793
4922,44.7243,46.3856,2.4347,1.3792
4923,44.7269,46.3877,2.4346,1.3792
4924,44.7295,46.3897,2.4345,1.3791
4925,44.7322,46.3917,2.4344,1.379
4926,44.7348,46.3936,2.4344,1.379
4927,44.7374,46.3955,2.4343,1.3789
4928,44.74,46.3974,2.4342,1.3788
4929,44.7426,46.3992,2.4341,1.3788
4930,44.7452,46.401,2.434,1.3787
4931,44.7478,46.4028,2.4339,1.3786
4932,44.7504,46.4045,2.4338,1.3786
4933,44.753,46.4062,2.4337,1.3785
4934,44.7556,46.4079,2.4336,1.3784
4935,44.7582,46.4096,2.4335,1.3784
4936,44.7608,46.4112,2.4334,1.3783
4937,44.7634,46.4128,2.4333,1.3783
4938,44.766,46.4144,2.4332,1.3782
4939,44.7686,46.416,2.4331,1.3781
4940,44.7712,46.4176,2.433,1.3781
4941,44.7738,46.4191,2.4329,1.378
4942,44.7764,46.4206,2.4328,1.3779
4943,44.779,46.4221,2.4327,1.3779
4944,44.7816,46.4236,2.4326,1.3778
4945,44.7842,46.4251,2.4325,1.3777
4946,44.7868,46.4265,2.4324,1.3777
4947,44.7894,46.4279,2.4324,1.3776
4948,44.792,46.4294,2.4323,1.3775
4949,44.7946,46.4308,2.4322,1.3775
4950,44.7972,46.4322,2.4321,1.3774
4951,44.7998,46.4335,2.432,1.3773
4952,44.8024,46.4349,2.4319,1.3773
4953,44.8049,46.4362,2.4318,1.3772
4954,44.8075,46.4376,2.4317,1.3771
4955,44.8101,46.4389,2.4316,1.3771
4956,44.8127,46.4402,2.4315,1.377
4957,44.8153,46.4415,2.4314,1.3769
4958,44.8179,46.4427,2.4313,1.3769
4959,44.8204,46.444,2.4312,1.3768
4960,44.823,46.4453,2.4311,1.3767
4961,44.8256,46.4465,2.431,1.3767
4962,44.8282,46.4477,2.4309,1.3766
4963,44.8308,46.4489,2.4308,1.3765
4964,44.8333,46.4502,2.4307,1.3765
4965,44.8359,46.4513,2.4306,1.3764
4966,44.8385,46.4525,2.4305,1.3763
4967,44.8411,46.4537,2.4304,1.3763
4968,44.8436,46.4549,2.4303,1.3762
4969,44.8462,46.456,2.4302,1.3761
4970,44.8488,46.4571,2.4301,1.3761
4971,44.8513,46.4583,2.43,1.376
4972,44.8539,46.4594,2.43,1.3759
4973,44.8565,46.4605,2.4299,1.3759
4974,44.859,46.4616,2.4298,1.3758
4975,44.8616,46.4627,2.4297,1.3757
4976,44.8642,46.4638,2.4296,1.3757
4977,44.8667,46.4648,2.4295,1.3756
4978,44.8693,46.4659,2.4294,1.3755
4979,44.8719,46.4669,2.4293,1.3755
4980,44.8744,46.468,2.4292,1.3754
4981,44.877,46.4691,2.4291,1.3753
4982,44.8795,46.4702,2.429,1.3753
4983,44.8821,46.4714,2.4289,1.3752
4984,44.8847,46.4726,2.4288,1.3751
4985,44.8872,46.4738,2.4287,1.3751
4986,44.8898,46.475,2.4286,1.375
4987,44.8923,46.4763,2.4285,1.3749
4988,44.8949,46.4775,2.4284,1.3749
4989,44.8974,46.4788,2.4283,1.3748
4990,44.9,46.4801,2.4282,1.3747
4991,44.9025,46.4813,2.4281,1.3747
4992,44.9051,46.4826,2.428,1.3746
4993,44.9076,46.4839,2.4279,1.3745
4994,44.9102,46.4852,2.4278,1.3744
4995,44.9127,46.4865,2.4277,1.3744
4996,44.9152,46.4878,2.4276,1.3743
4997,44.9178,46.4891,2.4275,1.3742
4998,44.9203,46.4904,2.4274,1.3742
4999,44.9229,46.4918,2.4273,1.3741
5000,44.9254,46.4931,2.4272,1.374
5001,44.928,46.4944,2.4271,1.374
5002,44.9305,46.4957,2.427,1.3739
5003,44.933,46.4971,2.4269,1.3738
5004,44.9356,46.4984,2.4268,1.3738
5005,44.9381,46.4997,2.4268,1.3737
5006,44.9406,46.5011,2.4267,1.3736
5007,44.9432,46.5024,2.4266,1.3736
5008,44.9457,46.5037,2.4265,1.3735
5009,44.9482,46.5051,2.4264,1.3734
5010,44.9508,46.5064,2.4263,1.3734
5011,44.9533,46.5078,2.4262,1.3733
5012,44.9558,46.5091,2.4261,1.3732
5013,44.9584,46.5105,2.426,1.3732
5014,44.9609,46.5118,2.4259,1.3731
5015,44.9634,46.5131,2.4258,1.373
5016,44.9659,46.5145,2.4257,1.373
5017,44.9685,46.5158,2.4256,1.3729
5018,44.971,46.5172,2.4255,1.3728
5019,44.9735,46.5185,2.4254,1.3728
5020,44.976,46.5199,2.4253,1.3727
5021,44.9786,46.5212,2.4252,1.3726
5022,44.9811,46.5226,2.4251,1.3726
5023,44.9836,46.5239,2.425,1.3725
5024,44.9861,46.5253,2.4249,1.3724
5025,44.9886,46.5266,2.4248,1.3724
5026,44.9911,46.528,2.4247,1.3723
5027,44.9937,46.5293,2.4246,1.3722
5028,44.9962,46.5307,2.4245,1.3722
5029,44.9987,46.532,2.4244,1.3721
5030,45.0012,46.5334,2.4243,1.372
5031,45.0037,46.5348,2.4242,1.372
5032,45.0062,46.5361,2.4241,1.3719
5033,45.0087,46.5375,2.424,1.3718
5034,45.0112,46.5388,2.4239,1.3718
5035,45.0138,46.5402,2.4238,1.3717
5036,45.0163,46.5415,2.4237,1.3716
5037,45.0188,46.5429,2.4236,1.3715
5038,45.0213,46.5442,2.4235,1.3715
5039,45.0238,46.5456,2.4234,1.3714
5040,45.0263,46.5469,2.4233,1.3713
5041,45.0288,46.5483,2.4232,1.3713
5042,45.0313,46.5497,2.4231,1.3712
5043,45.0338,46.5511,2.423,1.3711
5044,45.0363,46.5525,2.4229,1.3711
5045,45.0388,46.554,2.4228,1.371
5046,45.0413,46.5554,2.4227,1.3709
5047,45.0438,46.5569,2.4226,1.3709
5048,45.0463,46.5584,2.4225,1.3708
5049,45.0488,46.5598,2.4224,1.3707
5050,45.0512,46.5613,2.4223,1.3707
5051,45.0537,46.5628,2.4222,1.3706
5052,45.0562,46.5643,2.4221,1.3705
5053,45.0587,46.5658,2.422,1.3705
5054,45.0612,46.5673,2.4219,1.3704
5055,45.0637,46.5688,2.4218,1.3703
5056,45.0662,46.5703,2.4217,1.3703
5057,45.0687,46.5718,2.4216,1.3702
5058,45.0711,46.5734,2.4215,1.3701
5059,45.0736,46.5749,2.4214,1.3701
5060,45.0761,46.5764,2.4213,1.37
5061,45.0786,46.578,2.4212,1.3699
5062,45.0811,46.5795,2.4211,1.3699
5063,45.0835,46.581,2.421,1.3698
5064,45.086,46.5826,2.4209,1.3697
5065,45.0885,46.5841,2.4208,1.3697
5066,45.091,46.5857,2.4207,1.3696
5067,45.0934,46.5872,2.4206,1.3695
5068,45.0959,46.5888,2.4205,1.3695
5069,45.0984,46.5904,2.4204,1.3694
5070,45.1009,46.5919,2.4203,1.3693
5071,45.1033,46.5935,2.4203,1.3693
5072,45.1058,46.5951,2.4202,1.3692
5073,45.1083,46.5966,2.4201,1.3691
5074,45.1107,46.5982,2.42,1.3691
5075,45.1132,46.5998,2.4199,1.369
5076,45.1156,46.6014,2.4198,1.3689
5077,45.1181,46.6029,2.4197,1.3689
5078,45.1206,46.6045,2.4196,1.3688
5079,45.123,46.6061,2.4195,1.3687
5080,45.1255,46.6077,2.4194,1.3687
5081,45.1279,46.6093,2.4193,1.3686
5082,45.1304,46.6109,2.4192,1.3685
5083,45.1328,46.6125,2.4191,1.3685
5084,45.1353,46.6141,2.419,1.3684
5085,45.1378,46.6157,2.4189,1.3683
5086,45.1402,46.6173,2.4188,1.3682
5087,45.1427,46.6189,2.4187,1.3682
5088,45.1451,46.6205,2.4186,1.3681
5089,45.1475,46.6221,2.4185,1.368
5090,45.15,46.6237,2.4184,1.368
5091,45.1524,46.6253,2.4183,1.3679
5092,45.1549,46.6269,2.4182,1.3678
5093,45.1573,46.6285,2.4181,1.3678
5094,45.1598,46.6301,2.418,1.3677
5095,45.1622,46.6318,2.4179,1.3676
5096,45.1646,46.6334,2.4178,1.3676
5097,45.1671,46.635,2.4177,1.3675
5098,45.1695,46.6366,2.4176,1.3674
5099,45.1719,46.6382,2.4175,1.3674
5100,45.1744,46.6399,2.4174,1.3673
5101,45.1768,46.6416,2.4173,1.3672
5102,45.1792,46.6433,2.4172,1.3672
5103,45.1816,46.6452,2.4171,1.3671
5104,45.1841,46.647,2.417,1.367
5105,45.1865,46.6489,2.4168,1.367
5106,45.1889,46.6508,2.4167,1.3669
5107,45.1913,46.6527,2.4166,1.3668
5108,45.1938,46.6547,2.4165,1.3668
5109,45.1962,46.6567,2.4164,1.3667
5110,45.1986,46.6587,2.4163,1.3666
5111,45.201,46.6607,2.4162,1.3666
5112,45.2034,46.6627,2.4161,1.3665
5113,45.2058,46.6648,2.416,1.3664
5114,45.2082,46.6669,2.4159,1.3664
5115,45.2106,46.669,2.4158,1.3663
5116,45.2131,46.6711,2.4157,1.3662
5117,45.2155,46.6732,2.4156,1.3662
5118,45.2179,46.6753,2.4155,1.3661
5119,45.2203,46.6775,2.4154,1.366
5120,45.2227,46.6796,2.4153,1.366
5121,45.2251,46.6818,2.4152,1.3659
5122,45.2275,46.684,2.4151,1.3658
5123,45.2299,46.6862,2.415,1.3658
5124,45.2323,46.6884,2.4149,1.3657
5125,45.2347,46.6906,2.4148,1.3656
5126,45.237,46.6929,2.4147,1.3656
5127,45.2394,46.6951,2.4146,1.3655
5128,45.2418,46.6974,2.4145,1.3654
5129,45.2442,46.6996,2.4144,1.3654
5130,45.2466,46.7019,2.4143,1.3653
5131,45.249,46.7042,2.4142,1.3652
5132,45.2514,46.7065,2.4141,1.3652
5133,45.2538,46.7088,2.414,1.3651
5134,45.2561,46.7111,2.4139,1.3651
5135,45.2585,46.7135,2.4138,1.365
5136,45.2609,46.7158,2.4137,1.3649
5137,45.2633,46.7182,2.4136,1.3649
5138,45.2656,46.7205,2.4135,1.3648
5139,45.268,46.7229,2.4134,1.3647
5140,45.2704,46.7253,2.4133,1.3647
5141,45.2728,46.7277,2.4132,1.3646
5142,45.2751,46.73,2.4131,1.3645
5143,45.2775,46.7324,2.413,1.3645
5144,45.2799,46.7349,2.4129,1.3644
5145,45.2822,46.7373,2.4128,1.3643
5146,45.2846,46.7397,2.4127,1.3643
5147,45.2869,46.7421,2.4126,1.3642
5148,45.2893,46.7446,2.4125,1.3641
5149,45.2917,46.747,2.4124,1.3641
5150,45.294,46.7495,2.4123,1.364
5151,45.2964,46.752,2.4122,1.3639
5152,45.2987,46.7544,2.4121,1.3639
5153,45.3011,46.7569,2.412,1.3638
5154,45.3034,46.7594,2.4119,1.3637
5155,45.3058,46.7619,2.4118,1.3637
5156,45.3081,46.7644,2.4117,1.3636
5157,45.3105,46.7669,2.4116,1.3635
5158,45.3128,46.7695,2.4115,1.3635
5159,45.3151,46.772,2.4114,1.3634
5160,45.3175,46.7745,2.4113,1.3634
5161,45.3198,46.7769,2.4112,1.3633
5162,45.3222,46.7792,2.4111,1.3632
5163,45.3245,46.7815,2.411,1.3632
5164,45.3268,46.7837,2.4109,1.3631
5165,45.3292,46.7859,2.4108,1.363
5166,45.3315,46.788,2.4107,1.363
5167,45.3338,46.7901,2.4106,1.3629
5168,45.3361,46.7921,2.4105,1.3628
5169,45.3385,46.7942,2.4104,1.3628
5170,45.3408,46.7962,2.4103,1.3627
5171,45.3431,46.7982,2.4102,1.3626
5172,45.3454,46.8002,2.4101,1.3626
5173,45.3478,46.8021,2.4099,1.3625
5174,45.3501,46.804,2.4098,1.3624
5175,45.3524,46.806,2.4097,1.3624
5176,45.3547,46.8079,2.4096,1.3623
5177,45.357,46.8097,2.4095,1.3622
5178,45.3593,46.8116,2.4094,1.3622
5179,45.3617,46.8135,2.4093,1.3621
5180,45.364,46.8153,2.4092,1.3621
5181,45.3663,46.8171,2.4091,1.362
5182,45.3686,46.8189,2.409,1.3619
5183,45.3709,46.8207,2.4089,1.3619
5184,45.3732,46.8225,2.4088,1.3618
5185,45.3755,46.8243,2.4087,1.3617
5186,45.3778,46.8261,2.4086,1.3617
5187,45.3801,46.8278,2.4085,1.3616
5188,45.3824,46.8295,2.4084,1.3615
5189,45.3847,46.8313,2.4083,1.3615
5190,45.387,46.833,2.4082,1.3614
5191,45.3893,46.8347,2.4081,1.3613
5192,45.3916,46.8364,2.408,1.3613
5193,45.3939,46.8381,2.4079,1.3612
5194,45.3961,46.8398,2.4078,1.3611
5195,45.3984,46.8414,2.4077,1.3611
5196,45.4007,46.8431,2.4076,1.361
5197,45.403,46.8448,2.4075,1.3609
5198,45.4053,46.8464,2.4074,1.3609
5199,45.4076,46.848,2.4073,1.3608
5200,45.4098,46.8497,2.4072,1.3607
5201,45.4121,46.8513,2.4071,1.3607
5202,45.4144,46.8529,2.407,1.3606
5203,45.4167,46.8545,2.4069,1.3605
5204,45.419,46.8561,2.4068,1.3605
5205,45.4212,46.8577,2.4067,1.3604
5206,45.4235,46.8593,2.4066,1.3604
5207,45.4258,46.8608,2.4065,1.3603
5208,45.428,46.8624,2.4063,1.3602
5209,45.4303,46.864,2.4062,1.3602
5210,45.4326,46.8655,2.4061,1.3601
5211,45.4348,46.8671,2.406,1.36
5212,45.4371,46.8686,2.4059,1.36
5213,45.4394,46.8701,2.4058,1.3599
5214,45.4416,46.8717,2.4057,1.3598
5215,45.4439,46.8732,2.4056,1.3598
5216,45.4461,46.8747,2.4055,1.3597
5217,45.4484,46.8762,2.4054,1.3596
5218,45.4507,46.8777,2.4053,1.3596
5219,45.4529,46.8792,2.4052,1.3595
5220,45.4552,46.8807,2.4051,1.3594
5221,45.4574,46.8822,2.405,1.3594
5222,45.4597,46.8836,2.4049,1.3593
5223,45.4619,46.8851,2.4048,1.3592
5224,45.4642,46.8865,2.4047,1.3592
5225,45.4664,46.888,2.4046,1.3591
5226,45.4687,46.8894,2.4045,1.359
5227,45.4709,46.8908,2.4044,1.359
5228,45.4732,46.8923,2.4043,1.3589
5229,45.4754,46.8937,2.4042,1.3588
5230,45.4776,46.8951,2.4041,1.3588
5231,45.4799,46.8965,2.404,1.3587
5232,45.4821,46.8979,2.4039,1.3586
5233,45.4844,46.8992,2.4038,1.3586
5234,45.4866,46.9006,2.4037,1.3585
5235,45.4888,46.902,2.4035,1.3584
5236,45.4911,46.9034,2.4034,1.3584
5237,45.4933,46.9047,2.4033,1.3583
5238,45.4956,46.9061,2.4032,1.3582
5239,45.4978,46.9074,2.4031,1.3582
5240,45.5,46.9088,2.403,1.3581
5241,45.5022,46.9101,2.4029,1.358
5242,45.5045,46.9114,2.4028,1.358
5243,45.5067,46.9128,2.4027,1.3579
5244,45.5089,46.9141,2.4026,1.3578
5245,45.5112,46.9154,2.4025,1.3578
5246,45.5134,46.9167,2.4024,1.3577
5247,45.5156,46.918,2.4023,1.3576
5248,45.5178,46.9193,2.4022,1.3576
5249,45.5201,46.9206,2.4021,1.3575
5250,45.5223,46.9219,2.402,1.3575
5251,45.5245,46.9232,2.4019,1.3574
5252,45.5267,46.9245,2.4018,1.3573
5253,45.5289,46.9258,2.4017,1.3573
5254,45.5312,46.927,2.4016,1.3572
5255,45.5334,46.9283,2.4015,1.3571
5256,45.5356,46.9295,2.4014,1.3571
5257,45.5378,46.9308,2.4013,1.357
5258,45.54,46.9321,2.4011,1.3569
5259,45.5422,46.9333,2.401,1.3569
5260,45.5445,46.9345,2.4009,1.3568
5261,45.5467,46.9358,2.4008,1.3567
5262,45.5489,46.937,2.4007,1.3567
5263,45.5511,46.9382,2.4006,1.3566
5264,45.5533,46.9395,2.4005,1.3565
5265,45.5555,46.9407,2.4004,1.3565
5266,45.5577,46.9419,2.4003,1.3564
5267,45.5599,46.9431,2.4002,1.3563
5268,45.5621,46.9443,2.4001,1.3563
5269,45.5643,46.9455,2.4,1.3562
5270,45.5665,46.9467,2.3999,1.3561
5271,45.5688,46.9479,2.3998,1.3561
5272,45.571,46.9491,2.3997,1.356
5273,45.5732,46.9503,2.3996,1.3559
5274,45.5754,46.9514,2.3995,1.3559
5275,45.5776,46.9526,2.3994,1.3558
5276,45.5798,46.9538,2.3993,1.3557
5277,45.582,46.955,2.3992,1.3557
5278,45.5842,46.9561,2.399,1.3556
5279,45.5864,46.9573,2.3989,1.3555
5280,45.5886,46.9584,2.3988,1.3555
5281,45.5908,46.9597,2.3987,1.3554
5282,45.593,46.961,2.3986,1.3553
5283,45.5952,46.9624,2.3985,1.3553
5284,45.5973,46.9638,2.3984,1.3552
5285,45.5995,46.9652,2.3983,1.3551
5286,45.6017,46.9666,2.3982,1.3551
5287,45.6039,46.9681,2.3981,1.355
5288,45.6061,46.9696,2.398,1.3549
5289,45.6083,46.9711,2.3979,1.3549
5290,45.6105,46.9727,2.3978,1.3548
5291,45.6127,46.9742,2.3977,1.3547
5292,45.6149,46.9758,2.3976,1.3547
5293,45.6171,46.9774,2.3975,1.3546
5294,45.6193,46.979,2.3974,1.3545
5295,45.6214,46.9806,2.3973,1.3545
5296,45.6236,46.9822,2.3971,1.3544
5297,45.6258,46.9838,2.397,1.3543
5298,45.628,46.9855,2.3969,1.3543
5299,45.6302,46.9871,2.3968,1.3542
5300,45.6324,46.9888,2.3967,1.3541
5301,45.6346,46.9905,2.3966,1.3541
5302,45.6367,46.9922,2.3965,1.354
5303,45.6389,46.9939,2.3964,1.3539
5304,45.6411,46.9956,2.3963,1.3539
5305,45.6433,46.9973,2.3962,1.3538
5306,45.6455,46.999,2.3961,1.3537
5307,45.6476,47.0008,2.396,1.3537
5308,45.6498,47.0025,2.3959,1.3536
5309,45.652,47.0042,2.3958,1.3535
5310,45.6542,47.006,2.3957,1.3535
5311,45.6564,47.0078,2.3956,1.3534
5312,45.6585,47.0095,2.3955,1.3533
5313,45.6607,47.0113,2.3953,1.3533
5314,45.6629,47.0131,2.3952,1.3532
5315,45.665,47.0149,2.3951,1.3531
5316,45.6672,47.0167,2.395,1.3531
5317,45.6694,47.0185,2.3949,1.353
5318,45.6716,47.0203,2.3948,1.3529
5319,45.6737,47.0222,2.3947,1.3529
5320,45.6759,47.024,2.3946,1.3528
5321,45.6781,47.0258,2.3945,1.3527
5322,45.6802,47.0277,2.3944,1.3527
5323,45.6824,47.0295,2.3943,1.3526
5324,45.6846,47.0314,2.3942,1.3525
5325,45.6867,47.0332,2.3941,1.3525
5326,45.6889,47.0351,2.394,1.3524
5327,45.6911,47.037,2.3939,1.3524
5328,45.6932,47.0388,2.3938,1.3523
5329,45.6954,47.0407,2.3936,1.3522
5330,45.6976,47.0426,2.3935,1.3522
5331,45.6997,47.0445,2.3934,1.3521
5332,45.7019,47.0464,2.3933,1.352
5333,45.704,47.0483,2.3932,1.352
5334,45.7062,47.0502,2.3931,1.3519
5335,45.7084,47.0521,2.393,1.3518
5336,45.7105,47.054,2.3929,1.3518
5337,45.7127,47.0559,2.3928,1.3517
5338,45.7148,47.0579,2.3927,1.3516
5339,45.717,47.0598,2.3926,1.3516
5340,45.7191,47.0617,2.3925,1.3515
5341,45.7213,47.0636,2.3924,1.3514
5342,45.7234,47.0653,2.3923,1.3514
5343,45.7256,47.067,2.3922,1.3513
5344,45.7277,47.0687,2.392,1.3512
5345,45.7299,47.0703,2.3919,1.3512
5346,45.732,47.0719,2.3918,1.3511
5347,45.7342,47.0735,2.3917,1.351
5348,45.7363,47.0751,2.3916,1.351
5349,45.7385,47.0766,2.3915,1.3509
5350,45.7406,47.0781,2.3914,1.3508
5351,45.7428,47.0796,2.3913,1.3508
5352,45.7449,47.0811,2.3912,1.3507
5353,45.7471,47.0826,2.3911,1.3507
5354,45.7492,47.084,2.391,1.3506
5355,45.7513,47.0855,2.3909,1.3505
5356,45.7535,47.0869,2.3908,1.3505
5357,45.7556,47.0883,2.3907,1.3504
5358,45.7578,47.0897,2.3906,1.3503
5359,45.7599,47.0911,2.3904,1.3503
5360,45.762,47.0925,2.3903,1.3502
5361,45.7642,47.0938,2.3902,1.3501
5362,45.7663,47.0952,2.3901,1.3501
5363,45.7684,47.0965,2.39,1.35
5364,45.7706,47.0978,2.3899,1.3499
5365,45.7727,47.0991,2.3898,1.3499
5366,45.7748,47.1004,2.3897,1.3498
5367,45.777,47.1017,2.3896,1.3497
5368,45.7791,47.103,2.3895,1.3497
5369,45.7812,47.1043,2.3894,1.3496
5370,45.7834,47.1056,2.3893,1.3495
5371,45.7855,47.1068,2.3892,1.3495
5372,45.7876,47.1081,2.389,1.3494
5373,45.7897,47.1093,2.3889,1.3493
5374,45.7919,47.1106,2.3888,1.3493
5375,45.794,47.1118,2.3887,1.3492
5376,45.7961,47.113,2.3886,1.3491
5377,45.7982,47.1142,2.3885,1.3491
5378,45.8003,47.1154,2.3884,1.349
5379,45.8025,47.1166,2.3883,1.3489
5380,45.8046,47.1178,2.3882,1.3489
5381,45.8067,47.119,2.3881,1.3488
5382,45.8088,47.1201,2.388,1.3487
5383,45.8109,47.1213,2.3879,1.3487
5384,45.813,47.1225,2.3878,1.3486
5385,45.8152,47.1236,2.3876,1.3485
5386,45.8173,47.1248,2.3875,1.3485
5387,45.8194,47.1259,2.3874,1.3484
5388,45.8215,47.127,2.3873,1.3483
5389,45.8236,47.1281,2.3872,1.3483
5390,45.8257,47.1293,2.3871,1.3482
5391,45.8278,47.1304,2.387,1.3481
5392,45.8299,47.1315,2.3869,1.3481
5393,45.832,47.1326,2.3868,1.348
5394,45.8341,47.1337,2.3867,1.3479
5395,45.8362,47.1348,2.3866,1.3479
5396,45.8383,47.1358,2.3865,1.3478
5397,45.8404,47.1369,2.3864,1.3477
5398,45.8425,47.138,2.3862,1.3477
5399,45.8446,47.139,2.3861,1.3476
5400,45.8467,47.1401,2.386,1.3475
5401,45.8488,47.1413,2.3859,1.3475
5402,45.8509,47.1426,2.3858,1.3474
5403,45.853,47.1439,2.3857,1.3473
5404,45.8551,47.1453,2.3856,1.3473
5405,45.8572,47.1467,2.3855,1.3472
5406,45.8593,47.1482,2.3854,1.3471
5407,45.8614,47.1497,2.3853,1.3471
5408,45.8635,47.1513,2.3852,1.347
5409,45.8656,47.1528,2.3851,1.3469
5410,45.8677,47.1544,2.3849,1.3469
5411,45.8698,47.156,2.3848,1.3468
5412,45.8718,47.1577,2.3847,1.3467
5413,45.8739,47.1593,2.3846,1.3467
5414,45.876,47.161,2.3845,1.3466
5415,45.8781,47.1627,2.3844,1.3465
5416,45.8802,47.1644,2.3843,1.3465
5417,45.8823,47.1662,2.3842,1.3464
5418,45.8843,47.1679,2.3841,1.3463
5419,45.8864,47.1697,2.384,1.3463
5420,45.8885,47.1715,2.3839,1.3462
5421,45.8906,47.1733,2.3838,1.3462
5422,45.8927,47.1751,2.3836,1.3461
5423,45.8947,47.1769,2.3835,1.346
5424,45.8968,47.1787,2.3834,1.346
5425,45.8989,47.1806,2.3833,1.3459
5426,45.901,47.1824,2.3832,1.3458
5427,45.903,47.1843,2.3831,1.3458
5428,45.9051,47.1862,2.383,1.3457
5429,45.9072,47.1881,2.3829,1.3456
5430,45.9093,47.19,2.3828,1.3456
5431,45.9113,47.1919,2.3827,1.3455
5432,45.9134,47.1939,2.3826,1.3454
5433,45.9155,47.1958,2.3824,1.3454
5434,45.9175,47.1978,2.3823,1.3453
5435,45.9196,47.1997,2.3822,1.3452
5436,45.9217,47.2017,2.3821,1.3452
5437,45.9237,47.2037,2.382,1.3451
5438,45.9258,47.2057,2.3819,1.345
5439,45.9278,47.2077,2.3818,1.345
5440,45.9299,47.2097,2.3817,1.3449
5441,45.932,47.2117,2.3816,1.3448
5442,45.934,47.2138,2.3815,1.3448
5443,45.9361,47.2158,2.3814,1.3447
5444,45.9381,47.2179,2.3813,1.3447
5445,45.9402,47.2199,2.3811,1.3446
5446,45.9422,47.222,2.381,1.3445
5447,45.9443,47.224,2.3809,1.3445
5448,45.9464,47.2261,2.3808,1.3444
5449,45.9484,47.2282,2.3807,1.3443
5450,45.9505,47.2303,2.3806,1.3443
5451,45.9525,47.2324,2.3805,1.3442
5452,45.9546,47.2345,2.3804,1.3441
5453,45.9566,47.2367,2.3803,1.3441
5454,45.9587,47.2388,2.3802,1.344
5455,45.9607,47.2409,2.38,1.3439
5456,45.9628,47.2431,2.3799,1.3439
5457,45.9648,47.2452,2.3798,1.3438
5458,45.9668,47.2474,2.3797,1.3437
5459,45.9689,47.2495,2.3796,1.3437
5460,45.9709,47.2517,2.3795,1.3436
5461,45.973,47.2538,2.3794,1.3436
5462,45.975,47.2557,2.3793,1.3435
5463,45.9771,47.2577,2.3792,1.3434
5464,45.9791,47.2595,2.3791,1.3434
5465,45.9811,47.2614,2.379,1.3433
5466,45.9832,47.2632,2.3788,1.3432
5467,45.9852,47.265,2.3787,1.3432
5468,45.9872,47.2667,2.3786,1.3431
5469,45.9893,47.2684,2.3785,1.343
5470,45.9913,47.2701,2.3784,1.343
5471,45.9933,47.2718,2.3783,1.3429
5472,45.9954,47.2735,2.3782,1.3428
5473,45.9974,47.2752,2.3781,1.3428
5474,45.9994,47.2768,2.378,1.3427
5475,46.0015,47.2784,2.3779,1.3426
5476,46.0035,47.28,2.3777,1.3426
5477,46.0055,47.2816,2.3776,1.3425
5478,46.0075,47.2832,2.3775,1.3425
5479,46.0096,47.2848,2.3774,1.3424
5480,46.0116,47.2863,2.3773,1.3423
5481,46.0136,47.2879,2.3772,1.3423
5482,46.0156,47.2894,2.3771,1.3422
5483,46.0177,47.2909,2.377,1.3421
5484,46.0197,47.2924,2.3769,1.3421
5485,46.0217,47.2939,2.3768,1.342
5486,46.0237,47.2954,2.3766,1.3419
5487,46.0257,47.2969,2.3765,1.3419
5488,46.0277,47.2983,2.3764,1.3418
5489,46.0298,47.2998,2.3763,1.3417
5490,46.0318,47.3012,2.3762,1.3417
5491,46.0338,47.3027,2.3761,1.3416
5492,46.0358,47.3041,2.376,1.3415
5493,46.0378,47.3055,2.3759,1.3415
5494,46.0398,47.3069,2.3758,1.3414
5495,46.0418,47.3084,2.3757,1.3414
5496,46.0438,47.3098,2.3755,1.3413
5497,46.0458,47.3111,2.3754,1.3412
5498,46.0479,47.3125,2.3753,1.3412
5499,46.0499,47.3139,2.3752,1.3411
5500,46.0519,47.3153,2.3751,1.341
5501,46.0539,47.3166,2.375,1.341
5502,46.0559,47.318,2.3749,1.3409
5503,46.0579,47.3193,2.3748,1.3408
5504,46.0599,47.3207,2.3747,1.3408
5505,46.0619,47.322,2.3746,1.3407
5506,46.0639,47.3233,2.3744,1.3406
5507,46.0659,47.3247,2.3743,1.3406
5508,46.0679,47.326,2.3742,1.3405
5509,46.0699,47.3273,2.3741,1.3404
5510,46.0719,47.3286,2.374,1.3404
5511,46.0739,47.3299,2.3739,1.3403
5512,46.0758,47.3312,2.3738,1.3402
5513,46.0778,47.3324,2.3737,1.3402
5514,46.0798,47.3337,2.3736,1.3401
5515,46.0818,47.335,2.3734,1.3401
5516,46.0838,47.3363,2.3733,1.34
5517,46.0858,47.3375,2.3732,1.3399
5518,46.0878,47.3388,2.3731,1.3399
5519,46.0898,47.34,2.373,1.3398
5520,46.0918,47.3413,2.3729,1.3397
5521,46.0937,47.3425,2.3728,1.3397
5522,46.0957,47.3438,2.3727,1.3396
5523,46.0977,47.3451,2.3726,1.3395
5524,46.0997,47.3464,2.3725,1.3395
5525,46.1017,47.3477,2.3723,1.3394
5526,46.1037,47.349,2.3722,1.3393
5527,46.1056,47.3503,2.3721,1.3393
5528,46.1076,47.3516,2.372,1.3392
5529,46.1096,47.3529,2.3719,1.3391
5530,46.1116,47.3543,2.3718,1.3391
5531,46.1136,47.3556,2.3717,1.339
5532,46.1155,47.3569,2.3716,1.3389
5533,46.1175,47.3582,2.3715,1.3389
5534,46.1195,47.3595,2.3713,1.3388
5535,46.1215,47.3609,2.3712,1.3387
5536,46.1234,47.3622,2.3711,1.3387
5537,46.1254,47.3635,2.371,1.3386
5538,46.1274,47.3648,2.3709,1.3385
5539,46.1293,47.3661,2.3708,1.3385
5540,46.1313,47.3674,2.3707,1.3384
5541,46.1333,47.3688,2.3706,1.3384
5542,46.1352,47.3701,2.3705,1.3383
5543,46.1372,47.3714,2.3703,1.3382
5544,46.1392,47.3727,2.3702,1.3382
5545,46.1411,47.374,2.3701,1.3381
5546,46.1431,47.3754,2.37,1.338
5547,46.1451,47.3767,2.3699,1.338
5548,46.147,47.378,2.3698,1.3379
5549,46.149,47.3793,2.3697,1.3378
5550,46.151,47.3806,2.3696,1.3378
5551,46.1529,47.3819,2.3695,1.3377
5552,46.1549,47.3832,2.3693,1.3376
5553,46.1568,47.3845,2.3692,1.3376
5554,46.1588,47.3859,2.3691,1.3375
5555,46.1608,47.3872,2.369,1.3374
5556,46.1627,47.3885,2.3689,1.3374
5557,46.1647,47.3898,2.3688,1.3373
5558,46.1666,47.3911,2.3687,1.3372
5559,46.1686,47.3924,2.3686,1.3372
5560,46.1705,47.3937,2.3684,1.3371
5561,46.1725,47.395,2.3683,1.337
5562,46.1745,47.3963,2.3682,1.337
5563,46.1764,47.3976,2.3681,1.3369
5564,46.1784,47.3989,2.368,1.3368
5565,46.1803,47.4002,2.3679,1.3368
5566,46.1823,47.4015,2.3678,1.3367
5567,46.1842,47.4028,2.3677,1.3366
5568,46.1862,47.4041,2.3676,1.3366
5569,46.1881,47.4054,2.3674,1.3365
5570,46.1901,47.4067,2.3673,1.3364
5571,46.192,47.408,2.3672,1.3364
5572,46.194,47.4093,2.3671,1.3363
5573,46.1959,47.4106,2.367,1.3362
5574,46.1978,47.4119,2.3669,1.3362
5575,46.1998,47.4132,2.3668,1.3361
5576,46.2017,47.4145,2.3667,1.3361
5577,46.2037,47.4157,2.3665,1.336
5578,46.2056,47.417,2.3664,1.3359
5579,46.2076,47.4183,2.3663,1.3359
5580,46.2095,47.4196,2.3662,1.3358
5581,46.2114,47.4209,2.3661,1.3357
5582,46.2134,47.4222,2.366,1.3357
5583,46.2153,47.4234,2.3659,1.3356
5584,46.2173,47.4247,2.3658,1.3355
5585,46.2192,47.426,2.3657,1.3355
5586,46.2211,47.4273,2.3655,1.3354
5587,46.2231,47.4285,2.3654,1.3353
5588,46.225,47.4298,2.3653,1.3353
5589,46.227,47.4311,2.3652,1.3352
5590,46.2289,47.4323,2.3651,1.3351
5591,46.2308,47.4336,2.365,1.3351
5592,46.2328,47.4348,2.3649,1.335
5593,46.2347,47.4361,2.3648,1.3349
5594,46.2366,47.4374,2.3646,1.3349
5595,46.2386,47.4386,2.3645,1.3348
5596,46.2405,47.4399,2.3644,1.3347
5597,46.2424,47.4411,2.3643,1.3347
5598,46.2444,47.4424,2.3642,1.3346
5599,46.2463,47.4436,2.3641,1.3345
5600,46.2482,47.4449,2.364,1.3345
5601,46.2501,47.4461,2.3639,1.3344
5602,46.2521,47.4473,2.3637,1.3343
5603,46.254,47.4486,2.3636,1.3343
5604,46.2559,47.4498,2.3635,1.3342
5605,46.2578,47.4511,2.3634,1.3341
5606,46.2598,47.4523,2.3633,1.3341
5607,46.2617,47.4535,2.3632,1.334
5608,46.2636,47.4548,2.3631,1.334
5609,46.2655,47.456,2.363,1.3339
5610,46.2675,47.4572,2.3628,1.3338
5611,46.2694,47.4585,2.3627,1.3338
5612,46.2713,47.4597,2.3626,1.3337
5613,46.2732,47.4609,2.3625,1.3336
5614,46.2751,47.4622,2.3624,1.3336
5615,46.2771,47.4634,2.3623,1.3335
5616,46.279,47.4646,2.3622,1.3334
5617,46.2809,47.4658,2.3621,1.3334
5618,46.2828,47.4671,2.3619,1.3333
5619,46.2847,47.4683,2.3618,1.3332
5620,46.2867,47.4695,2.3617,1.3332
5621,46.2886,47.4707,2.3616,1.3331
5622,46.2905,47.4719,2.3615,1.333
5623,46.2924,47.4731,2.3614,1.333
5624,46.2943,47.4744,2.3613,1.3329
5625,46.2962,47.4756,2.3612,1.3328
5626,46.2981,47.4768,2.361,1.3328
5627,46.3,47.478,2.3609,1.3327
5628,46.302,47.4792,2.3608,1.3326
5629,46.3039,47.4804,2.3607,1.3326
5630,46.3058,47.4816,2.3606,1.3325
5631,46.3077,47.4828,2.3605,1.3324
5632,46.3096,47.484,2.3604,1.3324
5633,46.3115,47.4852,2.3603,1.3323
5634,46.3134,47.4864,2.3601,1.3322
5635,46.3153,47.4876,2.36,1.3322
5636,46.3172,47.4888,2.3599,1.3321
5637,46.3191,47.49,2.3598,1.3321
5638,46.321,47.4912,2.3597,1.332
5639,46.3229,47.4924,2.3596,1.3319
5640,46.3248,47.4936,2.3595,1.3319
5641,46.3267,47.4948,2.3593,1.3318
5642,46.3286,47.4961,2.3592,1.3317
5643,46.3305,47.4975,2.3591,1.3317
5644,46.3324,47.4988,2.359,1.3316
5645,46.3343,47.5002,2.3589,1.3315
5646,46.3362,47.5016,2.3588,1.3315
5647,46.3381,47.503,2.3587,1.3314
5648,46.34,47.5044,2.3586,1.3313
5649,46.3419,47.5059,2.3584,1.3313
5650,46.3438,47.5073,2.3583,1.3312
5651,46.3457,47.5088,2.3582,1.3311
5652,46.3476,47.5103,2.3581,1.3311
5653,46.3495,47.5117,2.358,1.331
5654,46.3514,47.5132,2.3579,1.3309
5655,46.3533,47.5147,2.3578,1.3309
5656,46.3551,47.5162,2.3577,1.3308
5657,46.357,47.5178,2.3575,1.3307
5658,46.3589,47.5193,2.3574,1.3307
5659,46.3608,47.5208,2.3573,1.3306
5660,46.3627,47.5224,2.3572,1.3305
5661,46.3646,47.5239,2.3571,1.3305
5662,46.3665,47.5255,2.357,1.3304
5663,46.3684,47.5271,2.3569,1.3303
5664,46.3702,47.5287,2.3567,1.3303
5665,46.3721,47.5302,2.3566,1.3302
5666,46.374,47.5318,2.3565,1.3302
5667,46.3759,47.5334,2.3564,1.3301
5668,46.3778,47.535,2.3563,1.33
5669,46.3796,47.5366,2.3562,1.33
5670,46.3815,47.5383,2.3561,1.3299
5671,46.3834,47.5399,2.3559,1.3298
5672,46.3853,47.5415,2.3558,1.3298
5673,46.3872,47.5431,2.3557,1.3297
5674,46.389,47.5448,2.3556,1.3296
5675,46.3909,47.5464,2.3555,1.3296
5676,46.3928,47.5481,2.3554,1.3295
5677,46.3946,47.5497,2.3553,1.3294
5678,46.3965,47.5514,2.3552,1.3294
5679,46.3984,47.5531,2.355,1.3293
5680,46.4003,47.5547,2.3549,1.3292
5681,46.4021,47.5564,2.3548,1.3292
5682,46.404,47.5581,2.3547,1.3291
5683,46.4059,47.5598,2.3546,1.329
5684,46.4077,47.5615,2.3545,1.329
5685,46.4096,47.5632,2.3544,1.3289
5686,46.4115,47.5649,2.3542,1.3288
5687,46.4133,47.5666,2.3541,1.3288
5688,46.4152,47.5683,2.354,1.3287
5689,46.4171,47.57,2.3539,1.3287
5690,46.4189,47.5717,2.3538,1.3286
5691,46.4208,47.5734,2.3537,1.3285
5692,46.4226,47.5751,2.3536,1.3285
5693,46.4245,47.5769,2.3534,1.3284
5694,46.4264,47.5786,2.3533,1.3283
5695,46.4282,47.5803,2.3532,1.3283
5696,46.4301,47.5821,2.3531,1.3282
5697,46.4319,47.5838,2.353,1.3281
5698,46.4338,47.5856,2.3529,1.3281
5699,46.4356,47.5873,2.3528,1.328
5700,46.4375,47.5891,2.3526,1.3279
5701,46.4394,47.5908,2.3525,1.3279
5702,46.4412,47.5924,2.3524,1.3278
5703,46.4431,47.5939,2.3523,1.3277
5704,46.4449,47.5955,2.3522,1.3277
5705,46.4468,47.597,2.3521,1.3276
5706,46.4486,47.5984,2.352,1.3276
5707,46.4504,47.5999,2.3518,1.3275
5708,46.4523,47.6013,2.3517,1.3274
5709,46.4541,47.6027,2.3516,1.3274
5710,46.456,47.6041,2.3515,1.3273
5711,46.4578,47.6055,2.3514,1.3272
5712,46.4597,47.6068,2.3513,1.3272
5713,46.4615,47.6082,2.3512,1.3271
5714,46.4634,47.6095,2.351,1.327
5715,46.4652,47.6109,2.3509,1.327
5716,46.467,47.6122,2.3508,1.3269
5717,46.4689,47.6135,2.3507,1.3268
5718,46.4707,47.6147,2.3506,1.3268
5719,46.4725,47.616,2.3505,1.3267
5720,46.4744,47.6173,2.3504,1.3266
5721,46.4762,47.6185,2.3502,1.3266
5722,46.4781,47.6198,2.3501,1.3265
5723,46.4799,47.621,2.35,1.3264
5724,46.4817,47.6222,2.3499,1.3264
5725,46.4836,47.6235,2.3498,1.3263
5726,46.4854,47.6247,2.3497,1.3263
5727,46.4872,47.6259,2.3496,1.3262
5728,46.489,47.627,2.3494,1.3261
5729,46.4909,47.6282,2.3493,1.3261
5730,46.4927,47.6294,2.3492,1.326
5731,46.4945,47.6306,2.3491,1.3259
5732,46.4963,47.6317,2.349,1.3259
5733,46.4982,47.6329,2.3489,1.3258
5734,46.5,47.634,2.3488,1.3257
5735,46.5018,47.6352,2.3486,1.3257
5736,46.5036,47.6363,2.3485,1.3256
5737,46.5055,47.6374,2.3484,1.3255
5738,46.5073,47.6385,2.3483,1.3255
5739,46.5091,47.6396,2.3482,1.3254
5740,46.5109,47.6407,2.3481,1.3253
5741,46.5127,47.6418,2.348,1.3253
5742,46.5145,47.6429,2.3478,1.3252
5743,46.5164,47.644,2.3477,1.3252
5744,46.5182,47.6451,2.3476,1.3251
5745,46.52,47.6462,2.3475,1.325
5746,46.5218,47.6472,2.3474,1.325
5747,46.5236,47.6483,2.3473,1.3249
5748,46.5254,47.6493,2.3471,1.3248
5749,46.5272,47.6504,2.347,1.3248
5750,46.529,47.6514,2.3469,1.3247
5751,46.5309,47.6525,2.3468,1.3246
5752,46.5327,47.6535,2.3467,1.3246
5753,46.5345,47.6545,2.3466,1.3245
5754,46.5363,47.6556,2.3465,1.3244
5755,46.5381,47.6566,2.3463,1.3244
5756,46.5399,47.6576,2.3462,1.3243
5757,46.5417,47.6586,2.3461,1.3242
5758,46.5435,47.6596,2.346,1.3242
5759,46.5453,47.6606,2.3459,1.3241
5760,46.5471,47.6616,2.3458,1.324
5761,46.5489,47.6626,2.3457,1.324
5762,46.5507,47.6635,2.3455,1.3239
5763,46.5525,47.6645,2.3454,1.3238
5764,46.5543,47.6655,2.3453,1.3238
5765,46.5561,47.6665,2.3452,1.3237
5766,46.5579,47.6674,2.3451,1.3237
5767,46.5597,47.6684,2.345,1.3236
5768,46.5615,47.6693,2.3448,1.3235
5769,46.5633,47.6703,2.3447,1.3235
5770,46.5651,47.6712,2.3446,1.3234
5771,46.5668,47.6721,2.3445,1.3233
5772,46.5686,47.6731,2.3444,1.3233
5773,46.5704,47.674,2.3443,1.3232
5774,46.5722,47.6749,2.3442,1.3231
5775,46.574,47.6758,2.344,1.3231
5776,46.5758,47.6767,2.3439,1.323
5777,46.5776,47.6777,2.3438,1.3229
5778,46.5794,47.6786,2.3437,1.3229
5779,46.5811,47.6795,2.3436,1.3228
5780,46.5829,47.6804,2.3435,1.3227
5781,46.5847,47.6812,2.3433,1.3227
5782,46.5865,47.6821,2.3432,1.3226
5783,46.5883,47.683,2.3431,1.3225
5784,46.5901,47.6839,2.343,1.3225
5785,46.5918,47.6848,2.3429,1.3224
5786,46.5936,47.6856,2.3428,1.3223
5787,46.5954,47.6865,2.3427,1.3223
5788,46.5972,47.6874,2.3425,1.3222
5789,46.599,47.6882,2.3424,1.3221
5790,46.6007,47.6891,2.3423,1.3221
5791,46.6025,47.6899,2.3422,1.322
5792,46.6043,47.6908,2.3421,1.3219
5793,46.6061,47.6916,2.342,1.3219
5794,46.6078,47.6925,2.3418,1.3218
5795,46.6096,47.6933,2.3417,1.3217
5796,46.6114,47.6942,2.3416,1.3217
5797,46.6132,47.695,2.3415,1.3216
5798,46.6149,47.6958,2.3414,1.3215
5799,46.6167,47.6966,2.3413,1.3215
5800,46.6185,47.6975,2.3411,1.3214
5801,46.6202,47.6983,2.341,1.3213
5802,46.622,47.6991,2.3409,1.3213
5803,46.6238,47.6999,2.3408,1.3212
5804,46.6255,47.7007,2.3407,1.3211
5805,46.6273,47.7015,2.3406,1.3211
5806,46.6291,47.7023,2.3405,1.321
5807,46.6308,47.7031,2.3403,1.321
5808,46.6326,47.7039,2.3402,1.3209
5809,46.6344,47.7047,2.3401,1.3208
5810,46.6361,47.7055,2.34,1.3208
5811,46.6379,47.7062,2.3399,1.3207
5812,46.6397,47.707,2.3398,1.3206
5813,46.6414,47.7078,2.3396,1.3206
5814,46.6432,47.7086,2.3395,1.3205
5815,46.6449,47.7093,2.3394,1.3204
5816,46.6467,47.7101,2.3393,1.3204
5817,46.6485,47.7109,2.3392,1.3203
5818,46.6502,47.7116,2.3391,1.3202
5819,46.652,47.7124,2.3389,1.3202
5820,46.6537,47.7131,2.3388,1.3201
5821,46.6555,47.7139,2.3387,1.32
5822,46.6572,47.7147,2.3386,1.32
5823,46.659,47.7156,2.3385,1.3199
5824,46.6607,47.7165,2.3384,1.3198
5825,46.6625,47.7173,2.3383,1.3198
5826,46.6642,47.7182,2.3381,1.3197
5827,46.666,47.7191,2.338,1.3196
5828,46.6677,47.72,2.3379,1.3196
5829,46.6695,47.7209,2.3378,1.3195
5830,46.6712,47.7219,2.3377,1.3194
5831,46.673,47.7228,2.3376,1.3194
5832,46.6747,47.7237,2.3374,1.3193
5833,46.6765,47.7247,2.3373,1.3192
5834,46.6782,47.7256,2.3372,1.3192
5835,46.68,47.7266,2.3371,1.3191
5836,46.6817,47.7275,2.337,1.319
5837,46.6835,47.7285,2.3369,1.319
5838,46.6852,47.7295,2.3367,1.3189
5839,46.687,47.7304,2.3366,1.3188
5840,46.6887,47.7314,2.3365,1.3188
5841,46.6904,47.7324,2.3364,1.3187
5842,46.6922,47.7334,2.3363,1.3186
5843,46.6939,47.7344,2.3362,1.3186
5844,46.6957,47.7354,2.336,1.3185
5845,46.6974,47.7363,2.3359,1.3184
5846,46.6991,47.7373,2.3358,1.3184
5847,46.7009,47.7383,2.3357,1.3183
5848,46.7026,47.7393,2.3356,1.3182
5849,46.7043,47.7404,2.3355,1.3182
5850,46.7061,47.7414,2.3353,1.3181
5851,46.7078,47.7424,2.3352,1.318
5852,46.7095,47.7434,2.3351,1.318
5853,46.7113,47.7444,2.335,1.3179
5854,46.713,47.7454,2.3349,1.3178
5855,46.7147,47.7464,2.3348,1.3178
5856,46.7165,47.7475,2.3346,1.3177
5857,46.7182,47.7485,2.3345,1.3176
5858,46.7199,47.7495,2.3344,1.3176
5859,46.7216,47.7505,2.3343,1.3175
5860,46.7234,47.7516,2.3342,1.3174
5861,46.7251,47.7526,2.3341,1.3174
5862,46.7268,47.7536,2.3339,1.3173
5863,46.7285,47.7547,2.3338,1.3173
5864,46.7303,47.7557,2.3337,1.3172
5865,46.732,47.7568,2.3336,1.3171
5866,46.7337,47.7578,2.3335,1.3171
5867,46.7354,47.7588,2.3334,1.317
5868,46.7372,47.7599,2.3332,1.3169
5869,46.7389,47.7609,2.3331,1.3169
5870,46.7406,47.762,2.333,1.3168
5871,46.7423,47.763,2.3329,1.3167
5872,46.744,47.7641,2.3328,1.3167
5873,46.7457,47.7651,2.3327,1.3166
5874,46.7475,47.7662,2.3325,1.3165
5875,46.7492,47.7672,2.3324,1.3165
5876,46.7509,47.7683,2.3323,1.3164
5877,46.7526,47.7693,2.3322,1.3163
5878,46.7543,47.7704,2.3321,1.3163
5879,46.756,47.7715,2.332,1.3162
5880,46.7577,47.7725,2.3318,1.3161
5881,46.7594,47.7737,2.3317,1.3161
5882,46.7611,47.775,2.3316,1.316
5883,46.7628,47.7763,2.3315,1.3159
5884,46.7645,47.7777,2.3314,1.3159
5885,46.7663,47.7792,2.3313,1.3158
5886,46.768,47.7806,2.3311,1.3157
5887,46.7697,47.7822,2.331,1.3157
5888,46.7714,47.7837,2.3309,1.3156
5889,46.7731,47.7853,2.3308,1.3155
5890,46.7748,47.7869,2.3307,1.3155
5891,46.7765,47.7885,2.3306,1.3154
5892,46.7782,47.7902,2.3304,1.3153
5893,46.7799,47.7919,2.3303,1.3153
5894,46.7816,47.7936,2.3302,1.3152
5895,46.7832,47.7953,2.3301,1.3152
5896,46.7849,47.7971,2.33,1.3151
5897,46.7866,47.7989,2.3299,1.315
5898,46.7883,47.8007,2.3297,1.315
5899,46.79,47.8025,2.3296,1.3149
5900,46.7917,47.8043,2.3295,1.3148
5901,46.7934,47.8062,2.3294,1.3148
5902,46.7951,47.8081,2.3293,1.3147
5903,46.7968,47.8099,2.3291,1.3146
5904,46.7985,47.8119,2.329,1.3146
5905,46.8001,47.8138,2.3289,1.3145
5906,46.8018,47.8157,2.3288,1.3144
5907,46.8035,47.8177,2.3287,1.3144
5908,46.8052,47.8197,2.3286,1.3143
5909,46.8069,47.8216,2.3284,1.3142
5910,46.8086,47.8236,2.3283,1.3142
5911,46.8102,47.8257,2.3282,1.3141
5912,46.8119,47.8277,2.3281,1.314
5913,46.8136,47.8297,2.328,1.314
5914,46.8153,47.8318,2.3279,1.3139
5915,46.8169,47.8339,2.3277,1.3139
5916,46.8186,47.836,2.3276,1.3138
5917,46.8203,47.8381,2.3275,1.3137
5918,46.822,47.8402,2.3274,1.3137
5919,46.8236,47.8423,2.3273,1.3136
5920,46.8253,47.8445,2.3272,1.3135
5921,46.827,47.8466,2.327,1.3135
5922,46.8286,47.8488,2.3269,1.3134
5923,46.8303,47.851,2.3268,1.3133
5924,46.832,47.8531,2.3267,1.3133
5925,46.8336,47.8554,2.3266,1.3132
5926,46.8353,47.8576,2.3264,1.3131
5927,46.837,47.8598,2.3263,1.3131
5928,46.8386,47.862,2.3262,1.313
5929,46.8403,47.8643,2.3261,1.313
5930,46.8419,47.8665,2.326,1.3129
5931,46.8436,47.8688,2.3259,1.3128
5932,46.8452,47.8711,2.3257,1.3128
5933,46.8469,47.8734,2.3256,1.3127
5934,46.8486,47.8757,2.3255,1.3126
5935,46.8502,47.878,2.3254,1.3126
5936,46.8519,47.8803,2.3253,1.3125
5937,46.8535,47.8826,2.3252,1.3124
5938,46.8552,47.885,2.325,1.3124
5939,46.8568,47.8873,2.3249,1.3123
5940,46.8585,47.8897,2.3248,1.3123
5941,46.8601,47.8919,2.3247,1.3122
5942,46.8618,47.8941,2.3246,1.3121
5943,46.8634,47.8962,2.3244,1.3121
5944,46.865,47.8982,2.3243,1.312
5945,46.8667,47.9002,2.3242,1.3119
5946,46.8683,47.9022,2.3241,1.3119
5947,46.87,47.9041,2.324,1.3118
5948,46.8716,47.906,2.3239,1.3117
5949,46.8732,47.9079,2.3237,1.3117
5950,46.8749,47.9097,2.3236,1.3116
5951,46.8765,47.9116,2.3235,1.3116
5952,46.8781,47.9134,2.3234,1.3115
5953,46.8798,47.9152,2.3233,1.3114
5954,46.8814,47.917,2.3232,1.3114
5955,46.883,47.9187,2.323,1.3113
5956,46.8847,47.9205,2.3229,1.3112
5957,46.8863,47.9222,2.3228,1.3112
5958,46.8879,47.9239,2.3227,1.3111
5959,46.8896,47.9257,2.3226,1.3111
5960,46.8912,47.9274,2.3224,1.311
5961,46.8928,47.929,2.3223,1.3109
5962,46.8944,47.9307,2.3222,1.3109
5963,46.896,47.9324,2.3221,1.3108
5964,46.8977,47.934,2.322,1.3107
5965,46.8993,47.9357,2.3219,1.3107
5966,46.9009,47.9373,2.3217,1.3106
5967,46.9025,47.9389,2.3216,1.3105
5968,46.9041,47.9406,2.3215,1.3105
5969,46.9058,47.9422,2.3214,1.3104
5970,46.9074,47.9438,2.3213,1.3104
5971,46.909,47.9454,2.3211,1.3103
5972,46.9106,47.9469,2.321,1.3102
5973,46.9122,47.9485,2.3209,1.3102
5974,46.9138,47.9501,2.3208,1.3101
5975,46.9154,47.9516,2.3207,1.31
5976,46.917,47.9532,2.3206,1.31
5977,46.9186,47.9547,2.3204,1.3099
5978,46.9202,47.9563,2.3203,1.3098
5979,46.9219,47.9578,2.3202,1.3098
5980,46.9235,47.9593,2.3201,1.3097
5981,46.9251,47.9609,2.32,1.3097
5982,46.9267,47.9624,2.3198,1.3096
5983,46.9283,47.9639,2.3197,1.3095
5984,46.9299,47.9654,2.3196,1.3095
5985,46.9315,47.9669,2.3195,1.3094
5986,46.9331,47.9684,2.3194,1.3093
5987,46.9347,47.9699,2.3193,1.3093
5988,46.9363,47.9713,2.3191,1.3092
5989,46.9378,47.9728,2.319,1.3092
5990,46.9394,47.9743,2.3189,1.3091
5991,46.941,47.9757,2.3188,1.309
5992,46.9426,47.9772,2.3187,1.309
5993,46.9442,47.9787,2.3185,1.3089
5994,46.9458,47.9801,2.3184,1.3088
5995,46.9474,47.9816,2.3183,1.3088
5996,46.949,47.983,2.3182,1.3087
5997,46.9506,47.9844,2.3181,1.3086
5998,46.9522,47.9859,2.318,1.3086
5999,46.9538,47.9873,2.3178,1.3085
6000,46.9553,47.9887,2.3177,1.3085
6001,46.9569,47.9901,2.3176,1.3084
6002,46.9585,47.9915,2.3175,1.3083
6003,46.9601,47.9928,2.3174,1.3083
6004,46.9617,47.9942,2.3172,1.3082
6005,46.9633,47.9955,2.3171,1.3081
6006,46.9648,47.9968,2.317,1.3081
6007,46.9664,47.9981,2.3169,1.308
6008,46.968,47.9994,2.3168,1.3079
6009,46.9696,48.0007,2.3166,1.3079
6010,46.9712,48.002,2.3165,1.3078
6011,46.9727,48.0032,2.3164,1.3078
6012,46.9743,48.0045,2.3163,1.3077
6013,46.9759,48.0058,2.3162,1.3076
6014,46.9775,48.007,2.3161,1.3076
6015,46.979,48.0082,2.3159,1.3075
6016,46.9806,48.0095,2.3158,1.3074
6017,46.9822,48.0107,2.3157,1.3074
6018,46.9838,48.0119,2.3156,1.3073
6019,46.9853,48.0131,2.3155,1.3072
6020,46.9869,48.0143,2.3153,1.3072
6021,46.9885,48.0155,2.3152,1.3071
6022,46.9901,48.0167,2.3151,1.3071
6023,46.9916,48.0179,2.315,1.307
6024,46.9932,48.0191,2.3149,1.3069
6025,46.9948,48.0202,2.3147,1.3069
6026,46.9963,48.0214,2.3146,1.3068
6027,46.9979,48.0225,2.3145,1.3067
6028,46.9995,48.0237,2.3144,1.3067
6029,47.001,48.0248,2.3143,1.3066
6030,47.0026,48.026,2.3142,1.3065
6031,47.0042,48.0271,2.314,1.3065
6032,47.0057,48.0282,2.3139,1.3064
6033,47.0073,48.0294,2.3138,1.3064
6034,47.0089,48.0305,2.3137,1.3063
6035,47.0104,48.0316,2.3136,1.3062
6036,47.012,48.0327,2.3134,1.3062
6037,47.0136,48.0338,2.3133,1.3061
6038,47.0151,48.0349,2.3132,1.306
6039,47.0167,48.036,2.3131,1.306
6040,47.0183,48.0371,2.313,1.3059
6041,47.0198,48.0382,2.3128,1.3058
6042,47.0214,48.0392,2.3127,1.3058
6043,47.023,48.0403,2.3126,1.3057
6044,47.0245,48.0414,2.3125,1.3056
6045,47.0261,48.0424,2.3124,1.3056
6046,47.0276,48.0435,2.3123,1.3055
6047,47.0292,48.0446,2.3121,1.3055
6048,47.0308,48.0456,2.312,1.3054
6049,47.0323,48.0466,2.3119,1.3053
6050,47.0339,48.0477,2.3118,1.3053
6051,47.0355,48.0487,2.3117,1.3052
6052,47.037,48.0498,2.3115,1.3051
6053,47.0386,48.0508,2.3114,1.3051
6054,47.0401,48.0518,2.3113,1.305
6055,47.0417,48.0528,2.3112,1.3049
6056,47.0433,48.0538,2.3111,1.3049
6057,47.0448,48.0548,2.3109,1.3048
6058,47.0464,48.0558,2.3108,1.3048
6059,47.0479,48.0569,2.3107,1.3047
6060,47.0495,48.0578,2.3106,1.3046
6061,47.0511,48.0588,2.3105,1.3046
6062,47.0526,48.0597,2.3103,1.3045
6063,47.0542,48.0606,2.3102,1.3044
6064,47.0557,48.0615,2.3101,1.3044
6065,47.0573,48.0624,2.31,1.3043
6066,47.0588,48.0633,2.3099,1.3042
6067,47.0604,48.0641,2.3098,1.3042
6068,47.062,48.0649,2.3096,1.3041
6069,47.0635,48.0657,2.3095,1.304
6070,47.0651,48.0666,2.3094,1.304
6071,47.0666,48.0673,2.3093,1.3039
6072,47.0682,48.0681,2.3092,1.3038
6073,47.0698,48.0689,2.309,1.3038
6074,47.0713,48.0697,2.3089,1.3037
6075,47.0729,48.0704,2.3088,1.3037
6076,47.0744,48.0712,2.3087,1.3036
6077,47.076,48.0719,2.3086,1.3035
6078,47.0775,48.0726,2.3084,1.3035
6079,47.0791,48.0733,2.3083,1.3034
6080,47.0807,48.074,2.3082,1.3033
6081,47.0822,48.0747,2.3081,1.3033
6082,47.0838,48.0754,2.308,1.3032
6083,47.0853,48.0761,2.3078,1.3031
6084,47.0869,48.0768,2.3077,1.3031
6085,47.0884,48.0775,2.3076,1.303
6086,47.09,48.0781,2.3075,1.3029
6087,47.0916,48.0788,2.3074,1.3029
6088,47.0931,48.0794,2.3072,1.3028
6089,47.0947,48.08,2.3071,1.3027
6090,47.0962,48.0807,2.307,1.3027
6091,47.0978,48.0813,2.3069,1.3026
6092,47.0993,48.0819,2.3068,1.3026
6093,47.1009,48.0825,2.3066,1.3025
6094,47.1025,48.0831,2.3065,1.3024
6095,47.104,48.0837,2.3064,1.3024
6096,47.1056,48.0843,2.3063,1.3023
6097,47.1071,48.0849,2.3062,1.3022
6098,47.1087,48.0855,2.306,1.3022
6099,47.1102,48.086,2.3059,1.3021
6100,47.1118,48.0866,2.3058,1.302
6101,47.1134,48.0871,2.3057,1.302
6102,47.1149,48.0877,2.3056,1.3019
6103,47.1165,48.0882,2.3055,1.3018
6104,47.118,48.0888,2.3053,1.3018
6105,47.1196,48.0893,2.3052,1.3017
6106,47.1211,48.0898,2.3051,1.3016
6107,47.1227,48.0903,2.305,1.3016
6108,47.1242,48.0908,2.3049,1.3015
6109,47.1258,48.0913,2.3047,1.3014
6110,47.1274,48.0918,2.3046,1.3014
6111,47.1289,48.0923,2.3045,1.3013
6112,47.1305,48.0928,2.3044,1.3012
6113,47.132,48.0933,2.3043,1.3012
6114,47.1336,48.0938,2.3041,1.3011
6115,47.1351,48.0942,2.304,1.301
6116,47.1367,48.0947,2.3039,1.301
6117,47.1382,48.0952,2.3038,1.3009
6118,47.1398,48.0956,2.3037,1.3009
6119,47.1414,48.0961,2.3035,1.3008
6120,47.1429,48.0965,2.3034,1.3007
6121,47.1445,48.0971,2.3033,1.3007
6122,47.146,48.0978,2.3032,1.3006
6123,47.1476,48.0987,2.3031,1.3005
6124,47.1491,48.0996,2.3029,1.3005
6125,47.1507,48.1005,2.3028,1.3004
6126,47.1522,48.1015,2.3027,1.3003
6127,47.1538,48.1025,2.3026,1.3003
6128,47.1553,48.1036,2.3025,1.3002
6129,47.1569,48.1047,2.3023,1.3001
6130,47.1584,48.1059,2.3022,1.3001
6131,47.16,48.1071,2.3021,1.3
6132,47.1616,48.1083,2.302,1.2999
6133,47.1631,48.1095,2.3019,1.2999
6134,47.1647,48.1108,2.3017,1.2998
6135,47.1662,48.1121,2.3016,1.2997
6136,47.1678,48.1134,2.3015,1.2997
6137,47.1693,48.1148,2.3014,1.2996
6138,47.1709,48.1161,2.3013,1.2995
6139,47.1724,48.1175,2.3011,1.2995
6140,47.174,48.1189,2.301,1.2994
6141,47.1755,48.1204,2.3009,1.2994
6142,47.1771,48.1218,2.3008,1.2993
6143,47.1786,48.1233,2.3007,1.2992
6144,47.1802,48.1248,2.3005,1.2992
6145,47.1817,48.1263,2.3004,1.2991
6146,47.1833,48.1278,2.3003,1.299
6147,47.1848,48.1294,2.3002,1.299
6148,47.1864,48.1309,2.3001,1.2989
6149,47.1879,48.1325,2.2999,1.2988
6150,47.1895,48.1341,2.2998,1.2988
6151,47.191,48.1357,2.2997,1.2987
6152,47.1926,48.1373,2.2996,1.2986
6153,47.1941,48.139,2.2995,1.2986
6154,47.1957,48.1406,2.2993,1.2985
6155,47.1972,48.1423,2.2992,1.2984
6156,47.1988,48.144,2.2991,1.2984
6157,47.2003,48.1456,2.299,1.2983
6158,47.2019,48.1474,2.2989,1.2983
6159,47.2034,48.1491,2.2987,1.2982
6160,47.2049,48.1508,2.2986,1.2981
6161,47.2065,48.1526,2.2985,1.2981
6162,47.208,48.1543,2.2984,1.298
6163,47.2096,48.1561,2.2983,1.2979
6164,47.2111,48.1579,2.2981,1.2979
6165,47.2127,48.1597,2.298,1.2978
6166,47.2142,48.1615,2.2979,1.2977
6167,47.2158,48.1633,2.2978,1.2977
6168,47.2173,48.1651,2.2977,1.2976
6169,47.2188,48.167,2.2975,1.2976
6170,47.2204,48.1688,2.2974,1.2975
6171,47.2219,48.1707,2.2973,1.2974
6172,47.2235,48.1726,2.2972,1.2974
6173,47.225,48.1745,2.2971,1.2973
6174,47.2265,48.1764,2.2969,1.2972
6175,47.2281,48.1783,2.2968,1.2972
6176,47.2296,48.1802,2.2967,1.2971
6177,47.2312,48.1821,2.2966,1.297
6178,47.2327,48.184,2.2965,1.297
6179,47.2342,48.186,2.2963,1.2969
6180,47.2358,48.1879,2.2962,1.2969
6181,47.2373,48.1898,2.2961,1.2968
6182,47.2388,48.1915,2.296,1.2967
6183,47.2404,48.1932,2.2959,1.2967
6184,47.2419,48.1948,2.2957,1.2966
6185,47.2434,48.1964,2.2956,1.2965
6186,47.245,48.1979,2.2955,1.2965
6187,47.2465,48.1995,2.2954,1.2964
6188,47.248,48.2009,2.2952,1.2963
6189,47.2496,48.2024,2.2951,1.2963
6190,47.2511,48.2039,2.295,1.2962
6191,47.2526,48.2053,2.2949,1.2962
6192,47.2542,48.2067,2.2948,1.2961
6193,47.2557,48.2081,2.2946,1.296
6194,47.2572,48.2095,2.2945,1.296
6195,47.2588,48.2108,2.2944,1.2959
6196,47.2603,48.2121,2.2943,1.2958
6197,47.2618,48.2135,2.2942,1.2958
6198,47.2633,48.2148,2.294,1.2957
6199,47.2649,48.2161,2.2939,1.2956
6200,47.2664,48.2174,2.2938,1.2956
6201,47.2679,48.2186,2.2937,1.2955
6202,47.2694,48.2199,2.2936,1.2955
6203,47.2709,48.2211,2.2934,1.2954
6204,47.2725,48.2224,2.2933,1.2953
6205,47.274,48.2236,2.2932,1.2953
6206,47.2755,48.2248,2.2931,1.2952
6207,47.277,48.226,2.293,1.2951
6208,47.2785,48.2272,2.2928,1.2951
6209,47.2801,48.2284,2.2927,1.295
6210,47.2816,48.2296,2.2926,1.2949
6211,47.2831,48.2308,2.2925,1.2949
6212,47.2846,48.2319,2.2924,1.2948
6213,47.2861,48.2331,2.2922,1.2948
6214,47.2876,48.2342,2.2921,1.2947
6215,47.2892,48.2354,2.292,1.2946
6216,47.2907,48.2365,2.2919,1.2946
6217,47.2922,48.2376,2.2918,1.2945
6218,47.2937,48.2387,2.2916,1.2944
6219,47.2952,48.2398,2.2915,1.2944
6220,47.2967,48.2409,2.2914,1.2943
6221,47.2982,48.242,2.2913,1.2942
6222,47.2997,48.2431,2.2911,1.2942
6223,47.3012,48.2442,2.291,1.2941
6224,47.3027,48.2453,2.2909,1.2941
6225,47.3042,48.2463,2.2908,1.294
6226,47.3057,48.2474,2.2907,1.2939
6227,47.3072,48.2484,2.2905,1.2939
6228,47.3088,48.2495,2.2904,1.2938
6229,47.3103,48.2505,2.2903,1.2937
6230,47.3118,48.2516,2.2902,1.2937
6231,47.3133,48.2526,2.2901,1.2936
6232,47.3148,48.2536,2.2899,1.2935
6233,47.3163,48.2546,2.2898,1.2935
6234,47.3178,48.2557,2.2897,1.2934
6235,47.3192,48.2567,2.2896,1.2934
6236,47.3207,48.2577,2.2895,1.2933
6237,47.3222,48.2587,2.2893,1.2932
6238,47.3237,48.2597,2.2892,1.2932
6239,47.3252,48.2606,2.2891,1.2931
6240,47.3267,48.2616,2.289,1.293
6241,47.3282,48.2626,2.2889,1.293
6242,47.3297,48.2636,2.2887,1.2929
6243,47.3312,48.2646,2.2886,1.2928
6244,47.3327,48.2657,2.2885,1.2928
6245,47.3342,48.2667,2.2884,1.2927
6246,47.3357,48.2677,2.2882,1.2926
6247,47.3372,48.2687,2.2881,1.2926
6248,47.3386,48.2697,2.288,1.2925
6249,47.3401,48.2708,2.2879,1.2925
6250,47.3416,48.2718,2.2878,1.2924
6251,47.3431,48.2728,2.2876,1.2923
6252,47.3446,48.2738,2.2875,1.2923
6253,47.3461,48.2749,2.2874,1.2922
6254,47.3476,48.2759,2.2873,1.2921
6255,47.349,48.2769,2.2872,1.2921
6256,47.3505,48.2779,2.287,1.292
6257,47.352,48.2789,2.2869,1.2919
6258,47.3535,48.28,2.2868,1.2919
6259,47.355,48.281,2.2867,1.2918
6260,47.3564,48.282,2.2866,1.2918
6261,47.3579,48.283,2.2864,1.2917
6262,47.3594,48.284,2.2863,1.2916
6263,47.3609,48.285,2.2862,1.2916
6264,47.3624,48.286,2.2861,1.2915
6265,47.3638,48.2871,2.2859,1.2914
6266,47.3653,48.2881,2.2858,1.2914
6267,47.3668,48.2891,2.2857,1.2913
6268,47.3683,48.2901,2.2856,1.2912
6269,47.3697,48.2911,2.2855,1.2912
6270,47.3712,48.2921,2.2853,1.2911
6271,47.3727,48.2931,2.2852,1.291
6272,47.3742,48.2941,2.2851,1.291
6273,47.3756,48.2951,2.285,1.2909
6274,47.3771,48.2961,2.2849,1.2909
6275,47.3786,48.2971,2.2847,1.2908
6276,47.38,48.2981,2.2846,1.2907
6277,47.3815,48.2991,2.2845,1.2907
6278,47.383,48.3001,2.2844,1.2906
6279,47.3844,48.3011,2.2843,1.2905
6280,47.3859,48.3021,2.2841,1.2905
6281,47.3874,48.3031,2.284,1.2904
6282,47.3888,48.304,2.2839,1.2903
6283,47.3903,48.305,2.2838,1.2903
6284,47.3918,48.306,2.2836,1.2902
6285,47.3932,48.307,2.2835,1.2902
6286,47.3947,48.308,2.2834,1.2901
6287,47.3962,48.309,2.2833,1.29
6288,47.3976,48.31,2.2832,1.29
6289,47.3991,48.3109,2.283,1.2899
6290,47.4006,48.3119,2.2829,1.2898
6291,47.402,48.3129,2.2828,1.2898
6292,47.4035,48.3139,2.2827,1.2897
6293,47.4049,48.3148,2.2826,1.2896
6294,47.4064,48.3158,2.2824,1.2896
6295,47.4079,48.3168,2.2823,1.2895
6296,47.4093,48.3178,2.2822,1.2894
6297,47.4108,48.3187,2.2821,1.2894
6298,47.4123,48.3197,2.2819,1.2893
6299,47.4137,48.3207,2.2818,1.2893
6300,47.4152,48.3216,2.2817,1.2892
6301,47.4166,48.3226,2.2816,1.2891
6302,47.4181,48.3235,2.2815,1.2891
6303,47.4195,48.3244,2.2813,1.289
6304,47.421,48.3252,2.2812,1.2889
6305,47.4225,48.3261,2.2811,1.2889
6306,47.4239,48.327,2.281,1.2888
6307,47.4254,48.3278,2.2809,1.2887
6308,47.4268,48.3286,2.2807,1.2887
6309,47.4283,48.3294,2.2806,1.2886
6310,47.4297,48.3303,2.2805,1.2885
6311,47.4312,48.3311,2.2804,1.2885
6312,47.4326,48.3319,2.2802,1.2884
6313,47.4341,48.3327,2.2801,1.2884
6314,47.4355,48.3334,2.28,1.2883
6315,47.437,48.3342,2.2799,1.2882
6316,47.4384,48.335,2.2798,1.2882
6317,47.4399,48.3357,2.2796,1.2881
6318,47.4413,48.3365,2.2795,1.288
6319,47.4428,48.3373,2.2794,1.288
6320,47.4442,48.338,2.2793,1.2879
6321,47.4457,48.3387,2.2792,1.2878
6322,47.4471,48.3395,2.279,1.2878
6323,47.4486,48.3402,2.2789,1.2877
6324,47.45,48.3409,2.2788,1.2876
6325,47.4515,48.3416,2.2787,1.2876
6326,47.4529,48.3424,2.2785,1.2875
6327,47.4544,48.3431,2.2784,1.2874
6328,47.4558,48.3438,2.2783,1.2874
6329,47.4573,48.3445,2.2782,1.2873
6330,47.4587,48.3452,2.2781,1.2873
6331,47.4602,48.3458,2.2779,1.2872
6332,47.4616,48.3465,2.2778,1.2871
6333,47.4631,48.3472,2.2777,1.2871
6334,47.4645,48.3479,2.2776,1.287
6335,47.4659,48.3485,2.2774,1.2869
6336,47.4674,48.3492,2.2773,1.2869
6337,47.4688,48.3499,2.2772,1.2868
6338,47.4703,48.3505,2.2771,1.2867
6339,47.4717,48.3512,2.277,1.2867
6340,47.4732,48.3518,2.2768,1.2866
6341,47.4746,48.3525,2.2767,1.2865
6342,47.476,48.3531,2.2766,1.2865
6343,47.4775,48.3537,2.2765,1.2864
6344,47.4789,48.3544,2.2764,1.2863
6345,47.4804,48.355,2.2762,1.2863
6346,47.4818,48.3556,2.2761,1.2862
6347,47.4832,48.3562,2.276,1.2861
6348,47.4847,48.3568,2.2759,1.2861
6349,47.4861,48.3574,2.2757,1.286
6350,47.4875,48.3581,2.2756,1.286
6351,47.489,48.3587,2.2755,1.2859
6352,47.4904,48.3593,2.2754,1.2858
6353,47.4919,48.3598,2.2753,1.2858
6354,47.4933,48.3604,2.2751,1.2857
6355,47.4947,48.361,2.275,1.2856
6356,47.4962,48.3616,2.2749,1.2856
6357,47.4976,48.3622,2.2748,1.2855
6358,47.499,48.3628,2.2746,1.2854
6359,47.5005,48.3633,2.2745,1.2854
6360,47.5019,48.3639,2.2744,1.2853
6361,47.5033,48.3645,2.2743,1.2852
6362,47.5048,48.3651,2.2742,1.2852
6363,47.5062,48.3657,2.274,1.2851
6364,47.5076,48.3663,2.2739,1.285
6365,47.509,48.3668,2.2738,1.285
6366,47.5105,48.3674,2.2737,1.2849
6367,47.5119,48.368,2.2736,1.2848
6368,47.5133,48.3686,2.2734,1.2848
6369,47.5148,48.3692,2.2733,1.2847
6370,47.5162,48.3698,2.2732,1.2846
6371,47.5176,48.3704,2.2731,1.2846
6372,47.519,48.371,2.2729,1.2845
6373,47.5205,48.3716,2.2728,1.2844
6374,47.5219,48.3722,2.2727,1.2844
6375,47.5233,48.3728,2.2726,1.2843
6376,47.5247,48.3734,2.2725,1.2843
6377,47.5262,48.374,2.2723,1.2842
6378,47.5276,48.3746,2.2722,1.2841
6379,47.529,48.3752,2.2721,1.2841
6380,47.5304,48.3758,2.272,1.284
6381,47.5319,48.3763,2.2718,1.2839
6382,47.5333,48.3769,2.2717,1.2839
6383,47.5347,48.3775,2.2716,1.2838
6384,47.5361,48.3781,2.2715,1.2837
6385,47.5375,48.3787,2.2714,1.2837
6386,47.539,48.3793,2.2712,1.2836
6387,47.5404,48.3798,2.2711,1.2835
6388,47.5418,48.3804,2.271,1.2835
6389,47.5432,48.381,2.2709,1.2834
6390,47.5446,48.3816,2.2707,1.2833
6391,47.5461,48.3822,2.2706,1.2833
6392,47.5475,48.3827,2.2705,1.2832
6393,47.5489,48.3833,2.2704,1.2831
6394,47.5503,48.3839,2.2703,1.2831
6395,47.5517,48.3844,2.2701,1.283
6396,47.5531,48.385,2.27,1.2829
6397,47.5545,48.3856,2.2699,1.2829
6398,47.556,48.3862,2.2698,1.2828
6399,47.5574,48.3867,2.2696,1.2828
6400,47.5588,48.3873,2.2695,1.2827
6401,47.5602,48.3878,2.2694,1.2826
6402,47.5616,48.3884,2.2693,1.2826
6403,47.563,48.389,2.2692,1.2825
6404,47.5644,48.3895,2.269,1.2824
6405,47.5658,48.3901,2.2689,1.2824
6406,47.5672,48.3906,2.2688,1.2823
6407,47.5686,48.3912,2.2687,1.2822
6408,47.57,48.3917,2.2685,1.2822
6409,47.5715,48.3923,2.2684,1.2821
6410,47.5729,48.3928,2.2683,1.282
6411,47.5743,48.3934,2.2682,1.282
6412,47.5757,48.3939,2.2681,1.2819
6413,47.5771,48.3945,2.2679,1.2818
6414,47.5785,48.395,2.2678,1.2818
6415,47.5799,48.3956,2.2677,1.2817
6416,47.5813,48.3961,2.2676,1.2816
6417,47.5827,48.3967,2.2674,1.2816
6418,47.5841,48.3972,2.2673,1.2815
6419,47.5855,48.3977,2.2672,1.2814
6420,47.5869,48.3983,2.2671,1.2814
6421,47.5883,48.3988,2.267,1.2813
6422,47.5897,48.3993,2.2668,1.2813
6423,47.5911,48.3999,2.2667,1.2812
6424,47.5925,48.4004,2.2666,1.2811
6425,47.5939,48.4009,2.2665,1.2811
6426,47.5953,48.4014,2.2663,1.281
6427,47.5966,48.402,2.2662,1.2809
6428,47.598,48.4025,2.2661,1.2809
6429,47.5994,48.403,2.266,1.2808
6430,47.6008,48.4035,2.2659,1.2807
6431,47.6022,48.404,2.2657,1.2807
6432,47.6036,48.4046,2.2656,1.2806
6433,47.605,48.4051,2.2655,1.2805
6434,47.6064,48.4056,2.2654,1.2805
6435,47.6078,48.4061,2.2652,1.2804
6436,47.6092,48.4066,2.2651,1.2803
6437,47.6105,48.4071,2.265,1.2803
6438,47.6119,48.4076,2.2649,1.2802
6439,47.6133,48.4081,2.2648,1.2801
6440,47.6147,48.4086,2.2646,1.2801
6441,47.6161,48.4091,2.2645,1.28
6442,47.6175,48.4097,2.2644,1.2799
6443,47.6188,48.4102,2.2643,1.2799
6444,47.6202,48.4106,2.2641,1.2798
6445,47.6216,48.4111,2.264,1.2797
6446,47.623,48.4116,2.2639,1.2797
6447,47.6244,48.4121,2.2638,1.2796
6448,47.6257,48.4126,2.2637,1.2795
6449,47.6271,48.4131,2.2635,1.2795
6450,47.6285,48.4136,2.2634,1.2794
6451,47.6299,48.4141,2.2633,1.2793
6452,47.6312,48.4146,2.2632,1.2793
6453,47.6326,48.4151,2.263,1.2792
6454,47.634,48.4156,2.2629,1.2791
6455,47.6354,48.416,2.2628,1.2791
6456,47.6367,48.4165,2.2627,1.279
6457,47.6381,48.417,2.2626,1.279
6458,47.6395,48.4175,2.2624,1.2789
6459,47.6408,48.418,2.2623,1.2788
6460,47.6422,48.4184,2.2622,1.2788
6461,47.6436,48.4189,2.2621,1.2787
6462,47.6449,48.4194,2.2619,1.2786
6463,47.6463,48.4199,2.2618,1.2786
6464,47.6477,48.4203,2.2617,1.2785
6465,47.649,48.4208,2.2616,1.2784
6466,47.6504,48.4213,2.2615,1.2784
6467,47.6517,48.4217,2.2613,1.2783
6468,47.6531,48.4222,2.2612,1.2782
6469,47.6545,48.4227,2.2611,1.2782
6470,47.6558,48.4231,2.261,1.2781
6471,47.6572,48.4236,2.2608,1.278
6472,47.6585,48.424,2.2607,1.278
6473,47.6599,48.4245,2.2606,1.2779
6474,47.6612,48.4249,2.2605,1.2778
6475,47.6626,48.4254,2.2604,1.2778
6476,47.664,48.4259,2.2602,1.2777
6477,47.6653,48.4263,2.2601,1.2776
6478,47.6667,48.4268,2.26,1.2776
6479,47.668,48.4272,2.2599,1.2775
6480,47.6694,48.4277,2.2597,1.2774
6481,47.6707,48.4282,2.2596,1.2774
6482,47.672,48.429,2.2595,1.2773
6483,47.6734,48.4297,2.2594,1.2772
6484,47.6747,48.4306,2.2592,1.2772
6485,47.6761,48.4315,2.2591,1.2771
6486,47.6774,48.4324,2.259,1.277
6487,47.6788,48.4334,2.2589,1.277
6488,47.6801,48.4345,2.2588,1.2769
6489,47.6814,48.4355,2.2586,1.2768
6490,47.6828,48.4366,2.2585,1.2768
6491,47.6841,48.4377,2.2584,1.2767
6492,47.6855,48.4389,2.2583,1.2766
6493,47.6868,48.4401,2.2581,1.2766
6494,47.6881,48.4413,2.258,1.2765
6495,47.6895,48.4425,2.2579,1.2764
6496,47.6908,48.4438,2.2578,1.2764
6497,47.6921,48.4451,2.2577,1.2763
6498,47.6934,48.4464,2.2575,1.2763
6499,47.6948,48.4477,2.2574,1.2762
6500,47.6961,48.4491,2.2573,1.2761
6501,47.6974,48.4504,2.2572,1.2761
6502,47.6988,48.4518,2.257,1.276
6503,47.7001,48.4532,2.2569,1.2759
6504,47.7014,48.4547,2.2568,1.2759
6505,47.7027,48.4561,2.2567,1.2758
6506,47.7041,48.4576,2.2565,1.2757
6507,47.7054,48.4591,2.2564,1.2757
6508,47.7067,48.4606,2.2563,1.2756
6509,47.708,48.4621,2.2562,1.2755
6510,47.7093,48.4636,2.2561,1.2755
6511,47.7106,48.4652,2.2559,1.2754
6512,47.712,48.4667,2.2558,1.2753
6513,47.7133,48.4683,2.2557,1.2753
6514,47.7146,48.4699,2.2556,1.2752
6515,47.7159,48.4715,2.2554,1.2752
6516,47.7172,48.4731,2.2553,1.2751
6517,47.7185,48.4748,2.2552,1.275
6518,47.7198,48.4764,2.2551,1.275
6519,47.7211,48.4781,2.255,1.2749
6520,47.7224,48.4798,2.2548,1.2748
6521,47.7237,48.4815,2.2547,1.2748
6522,47.725,48.4832,2.2546,1.2747
6523,47.7263,48.4849,2.2545,1.2746
6524,47.7276,48.4867,2.2543,1.2746
6525,47.7289,48.4884,2.2542,1.2745
6526,47.7302,48.4902,2.2541,1.2744
6527,47.7315,48.4919,2.254,1.2744
6528,47.7328,48.4937,2.2538,1.2743
6529,47.7341,48.4955,2.2537,1.2743
6530,47.7354,48.4973,2.2536,1.2742
6531,47.7367,48.4991,2.2535,1.2741
6532,47.738,48.501,2.2534,1.2741
6533,47.7393,48.5028,2.2532,1.274
6534,47.7406,48.5047,2.2531,1.2739
6535,47.7419,48.5065,2.253,1.2739
6536,47.7432,48.5084,2.2529,1.2738
6537,47.7445,48.5103,2.2527,1.2738
6538,47.7457,48.5122,2.2526,1.2737
6539,47.747,48.5141,2.2525,1.2736
6540,47.7483,48.516,2.2524,1.2736
6541,47.7496,48.5178,2.2523,1.2735
6542,47.7509,48.5194,2.2521,1.2734
6543,47.7522,48.5209,2.252,1.2734
6544,47.7534,48.5223,2.2519,1.2733
6545,47.7547,48.5237,2.2518,1.2732
6546,47.756,48.525,2.2516,1.2732
6547,47.7573,48.5263,2.2515,1.2731
6548,47.7585,48.5276,2.2514,1.2731
6549,47.7598,48.5288,2.2513,1.273
6550,47.7611,48.5299,2.2511,1.2729
6551,47.7623,48.5311,2.251,1.2729
6552,47.7636,48.5322,2.2509,1.2728
6553,47.7649,48.5333,2.2508,1.2727
6554,47.7661,48.5343,2.2507,1.2727
6555,47.7674,48.5354,2.2505,1.2726
6556,47.7687,48.5364,2.2504,1.2725
6557,47.7699,48.5374,2.2503,1.2725
6558,47.7712,48.5383,2.2502,1.2724
6559,47.7725,48.5393,2.25,1.2724
6560,47.7737,48.5402,2.2499,1.2723
6561,47.775,48.5411,2.2498,1.2722
6562,47.7762,48.542,2.2497,1.2722
6563,47.7775,48.5428,2.2495,1.2721
6564,47.7787,48.5437,2.2494,1.272
6565,47.78,48.5445,2.2493,1.272
6566,47.7812,48.5453,2.2492,1.2719
6567,47.7825,48.5461,2.2491,1.2718
6568,47.7837,48.5469,2.2489,1.2718
6569,47.785,48.5477,2.2488,1.2717
6570,47.7862,48.5484,2.2487,1.2716
6571,47.7875,48.5491,2.2486,1.2716
6572,47.7887,48.5499,2.2484,1.2715
6573,47.79,48.5506,2.2483,1.2715
6574,47.7912,48.5513,2.2482,1.2714
6575,47.7925,48.552,2.2481,1.2713
6576,47.7937,48.5526,2.2479,1.2713
6577,47.7949,48.5533,2.2478,1.2712
6578,47.7962,48.5539,2.2477,1.2711
6579,47.7974,48.5546,2.2476,1.2711
6580,47.7986,48.5552,2.2475,1.271
6581,47.7999,48.5558,2.2473,1.2709
6582,47.8011,48.5564,2.2472,1.2709
6583,47.8023,48.557,2.2471,1.2708
6584,47.8036,48.5575,2.247,1.2707
6585,47.8048,48.5581,2.2468,1.2707
6586,47.806,48.5587,2.2467,1.2706
6587,47.8073,48.5592,2.2466,1.2706
6588,47.8085,48.5597,2.2465,1.2705
6589,47.8097,48.5603,2.2463,1.2704
6590,47.8109,48.5608,2.2462,1.2704
6591,47.8122,48.5613,2.2461,1.2703
6592,47.8134,48.5618,2.246,1.2702
6593,47.8146,48.5623,2.2459,1.2702
6594,47.8158,48.5627,2.2457,1.2701
6595,47.817,48.5632,2.2456,1.27
6596,47.8183,48.5637,2.2455,1.27
6597,47.8195,48.5641,2.2454,1.2699
6598,47.8207,48.5646,2.2452,1.2698
6599,47.8219,48.565,2.2451,1.2698
6600,47.8231,48.5654,2.245,1.2697
6601,47.8243,48.5659,2.2449,1.2696
6602,47.8256,48.5663,2.2447,1.2696
6603,47.8268,48.5668,2.2446,1.2695
6604,47.828,48.5673,2.2445,1.2695
6605,47.8292,48.5677,2.2444,1.2694
6606,47.8304,48.5682,2.2443,1.2693
6607,47.8316,48.5687,2.2441,1.2693
6608,47.8328,48.5692,2.244,1.2692
6609,47.834,48.5696,2.2439,1.2691
6610,47.8352,48.5701,2.2438,1.2691
6611,47.8364,48.5706,2.2436,1.269
6612,47.8376,48.571,2.2435,1.2689
6613,47.8388,48.5715,2.2434,1.2689
6614,47.84,48.572,2.2433,1.2688
6615,47.8412,48.5724,2.2431,1.2687
6616,47.8425,48.5729,2.243,1.2687
6617,47.8437,48.5734,2.2429,1.2686
6618,47.8449,48.5738,2.2428,1.2685
6619,47.8461,48.5743,2.2427,1.2685
6620,47.8472,48.5747,2.2425,1.2684
6621,47.8484,48.5752,2.2424,1.2683
6622,47.8496,48.5756,2.2423,1.2683
6623,47.8508,48.5761,2.2422,1.2682
6624,47.852,48.5765,2.242,1.2682
6625,47.8532,48.577,2.2419,1.2681
6626,47.8544,48.5774,2.2418,1.268
6627,47.8556,48.5778,2.2417,1.268
6628,47.8568,48.5783,2.2415,1.2679
6629,47.858,48.5787,2.2414,1.2678
6630,47.8592,48.5791,2.2413,1.2678
6631,47.8604,48.5796,2.2412,1.2677
6632,47.8616,48.58,2.2411,1.2676
6633,47.8628,48.5804,2.2409,1.2676
6634,47.864,48.5808,2.2408,1.2675
6635,47.8651,48.5812,2.2407,1.2674
6636,47.8663,48.5817,2.2406,1.2674
6637,47.8675,48.5821,2.2404,1.2673
6638,47.8687,48.5825,2.2403,1.2672
6639,47.8699,48.5829,2.2402,1.2672
6640,47.8711,48.5833,2.2401,1.2671
6641,47.8723,48.5837,2.2399,1.267
6642,47.8735,48.5841,2.2398,1.267
6643,47.8746,48.5845,2.2397,1.2669
6644,47.8758,48.5848,2.2396,1.2668
6645,47.877,48.5852,2.2394,1.2668
6646,47.8782,48.5856,2.2393,1.2667
6647,47.8794,48.586,2.2392,1.2667
6648,47.8806,48.5864,2.2391,1.2666
6649,47.8817,48.5868,2.239,1.2665
6650,47.8829,48.5871,2.2388,1.2665
6651,47.8841,48.5875,2.2387,1.2664
6652,47.8853,48.5879,2.2386,1.2663
6653,47.8865,48.5882,2.2385,1.2663
6654,47.8876,48.5886,2.2383,1.2662
6655,47.8888,48.589,2.2382,1.2661
6656,47.89,48.5893,2.2381,1.2661
6657,47.8912,48.5897,2.238,1.266
6658,47.8924,48.59,2.2378,1.2659
6659,47.8935,48.5904,2.2377,1.2659
6660,47.8947,48.5907,2.2376,1.2658
6661,47.8959,48.5911,2.2375,1.2657
6662,47.8971,48.5916,2.2374,1.2657
6663,47.8982,48.592,2.2372,1.2656
6664,47.8994,48.5925,2.2371,1.2655
6665,47.9006,48.593,2.237,1.2655
6666,47.9018,48.5935,2.2369,1.2654
6667,47.9029,48.5941,2.2367,1.2653
6668,47.9041,48.5946,2.2366,1.2653
6669,47.9053,48.5951,2.2365,1.2652
6670,47.9065,48.5957,2.2364,1.2652
6671,47.9076,48.5963,2.2362,1.2651
6672,47.9088,48.5969,2.2361,1.265
6673,47.91,48.5975,2.236,1.265
6674,47.9111,48.5981,2.2359,1.2649
6675,47.9123,48.5987,2.2358,1.2648
6676,47.9135,48.5993,2.2356,1.2648
6677,47.9147,48.5999,2.2355,1.2647
6678,47.9158,48.6005,2.2354,1.2646
6679,47.917,48.6011,2.2353,1.2646
6680,47.9182,48.6018,2.2351,1.2645
6681,47.9193,48.6024,2.235,1.2644
6682,47.9205,48.6031,2.2349,1.2644
6683,47.9217,48.6037,2.2348,1.2643
6684,47.9228,48.6044,2.2346,1.2642
6685,47.924,48.605,2.2345,1.2642
6686,47.9252,48.6057,2.2344,1.2641
6687,47.9263,48.6064,2.2343,1.264
6688,47.9275,48.6071,2.2341,1.264
6689,47.9287,48.6077,2.234,1.2639
6690,47.9298,48.6084,2.2339,1.2638
6691,47.931,48.6091,2.2338,1.2638
6692,47.9321,48.6098,2.2337,1.2637
6693,47.9333,48.6105,2.2335,1.2637
6694,47.9345,48.6112,2.2334,1.2636
6695,47.9356,48.6119,2.2333,1.2635
6696,47.9368,48.6126,2.2332,1.2635
6697,47.938,48.6133,2.233,1.2634
6698,47.9391,48.614,2.2329,1.2633
6699,47.9403,48.6148,2.2328,1.2633
6700,47.9414,48.6155,2.2327,1.2632
6701,47.9426,48.6162,2.2325,1.2631
6702,47.9437,48.6169,2.2324,1.2631
6703,47.9449,48.6177,2.2323,1.263
6704,47.9461,48.6184,2.2322,1.2629
6705,47.9472,48.6191,2.232,1.2629
6706,47.9484,48.6199,2.2319,1.2628
6707,47.9495,48.6206,2.2318,1.2627
6708,47.9507,48.6213,2.2317,1.2627
6709,47.9518,48.6221,2.2316,1.2626
6710,47.953,48.6228,2.2314,1.2625
6711,47.9541,48.6236,2.2313,1.2625
6712,47.9553,48.6243,2.2312,1.2624
6713,47.9564,48.6251,2.2311,1.2623
6714,47.9576,48.6259,2.2309,1.2623
6715,47.9588,48.6266,2.2308,1.2622
6716,47.9599,48.6274,2.2307,1.2622
6717,47.9611,48.6282,2.2306,1.2621
6718,47.9622,48.6289,2.2304,1.262
6719,47.9633,48.6297,2.2303,1.262
6720,47.9645,48.6305,2.2302,1.2619
6721,47.9656,48.6313,2.2301,1.2618
6722,47.9668,48.6321,2.2299,1.2618
6723,47.9679,48.6329,2.2298,1.2617
6724,47.9691,48.6338,2.2297,1.2616
6725,47.9702,48.6346,2.2296,1.2616
6726,47.9714,48.6355,2.2295,1.2615
6727,47.9725,48.6364,2.2293,1.2614
6728,47.9737,48.6373,2.2292,1.2614
6729,47.9748,48.6382,2.2291,1.2613
6730,47.9759,48.6391,2.229,1.2612
6731,47.9771,48.64,2.2288,1.2612
6732,47.9782,48.6409,2.2287,1.2611
6733,47.9794,48.6418,2.2286,1.261
6734,47.9805,48.6428,2.2285,1.261
6735,47.9816,48.6437,2.2283,1.2609
6736,47.9828,48.6447,2.2282,1.2609
6737,47.9839,48.6456,2.2281,1.2608
6738,47.985,48.6466,2.228,1.2607
6739,47.9862,48.6475,2.2278,1.2607
6740,47.9873,48.6485,2.2277,1.2606
6741,47.9884,48.6495,2.2276,1.2605
6742,47.9896,48.6505,2.2275,1.2605
6743,47.9907,48.6515,2.2274,1.2604
6744,47.9918,48.6524,2.2272,1.2603
6745,47.993,48.6534,2.2271,1.2603
6746,47.9941,48.6544,2.227,1.2602
6747,47.9952,48.6555,2.2269,1.2601
6748,47.9964,48.6565,2.2267,1.2601
6749,47.9975,48.6575,2.2266,1.26
6750,47.9986,48.6585,2.2265,1.2599
6751,47.9997,48.6595,2.2264,1.2599
6752,48.0009,48.6605,2.2262,1.2598
6753,48.002,48.6616,2.2261,1.2598
6754,48.0031,48.6626,2.226,1.2597
6755,48.0042,48.6637,2.2259,1.2596
6756,48.0054,48.6647,2.2257,1.2596
6757,48.0065,48.6657,2.2256,1.2595
6758,48.0076,48.6668,2.2255,1.2594
6759,48.0087,48.6679,2.2254,1.2594
6760,48.0098,48.6689,2.2253,1.2593
6761,48.011,48.67,2.2251,1.2592
6762,48.0121,48.671,2.225,1.2592
6763,48.0132,48.6721,2.2249,1.2591
6764,48.0143,48.6732,2.2248,1.259
6765,48.0154,48.6743,2.2246,1.259
6766,48.0165,48.6753,2.2245,1.2589
6767,48.0176,48.6764,2.2244,1.2589
6768,48.0188,48.6775,2.2243,1.2588
6769,48.0199,48.6786,2.2241,1.2587
6770,48.021,48.6797,2.224,1.2587
6771,48.0221,48.6808,2.2239,1.2586
6772,48.0232,48.6819,2.2238,1.2585
6773,48.0243,48.683,2.2236,1.2585
6774,48.0254,48.6841,2.2235,1.2584
6775,48.0265,48.6852,2.2234,1.2583
6776,48.0276,48.6864,2.2233,1.2583
6777,48.0287,48.6875,2.2232,1.2582
6778,48.0298,48.6886,2.223,1.2581
6779,48.0309,48.6897,2.2229,1.2581
6780,48.032,48.6908,2.2228,1.258
6781,48.0331,48.6919,2.2227,1.258
6782,48.0342,48.6928,2.2225,1.2579
6783,48.0353,48.6937,2.2224,1.2578
6784,48.0364,48.6946,2.2223,1.2578
6785,48.0375,48.6954,2.2222,1.2577
6786,48.0386,48.6962,2.222,1.2576
6787,48.0397,48.697,2.2219,1.2576
6788,48.0408,48.6977,2.2218,1.2575
6789,48.0419,48.6984,2.2217,1.2574
6790,48.043,48.6991,2.2215,1.2574
6791,48.0441,48.6998,2.2214,1.2573
6792,48.0452,48.7004,2.2213,1.2572
6793,48.0463,48.7011,2.2212,1.2572
6794,48.0474,48.7017,2.2211,1.2571
6795,48.0485,48.7023,2.2209,1.2571
6796,48.0496,48.7029,2.2208,1.257
6797,48.0506,48.7035,2.2207,1.2569
6798,48.0517,48.704,2.2206,1.2569
6799,48.0528,48.7046,2.2204,1.2568
6800,48.0539,48.7051,2.2203,1.2567
6801,48.055,48.7056,2.2202,1.2567
6802,48.0561,48.7062,2.2201,1.2566
6803,48.0571,48.7067,2.2199,1.2565
6804,48.0582,48.7071,2.2198,1.2565
6805,48.0593,48.7076,2.2197,1.2564
6806,48.0604,48.7081,2.2196,1.2563
6807,48.0615,48.7085,2.2194,1.2563
6808,48.0625,48.709,2.2193,1.2562
6809,48.0636,48.7094,2.2192,1.2561
6810,48.0647,48.7098,2.2191,1.2561
6811,48.0658,48.7103,2.219,1.256
6812,48.0669,48.7107,2.2188,1.256
6813,48.0679,48.7111,2.2187,1.2559
6814,48.069,48.7114,2.2186,1.2558
6815,48.0701,48.7118,2.2185,1.2558
6816,48.0711,48.7122,2.2183,1.2557
6817,48.0722,48.7125,2.2182,1.2556
6818,48.0733,48.7129,2.2181,1.2556
6819,48.0744,48.7132,2.218,1.2555
6820,48.0754,48.7136,2.2178,1.2554
6821,48.0765,48.7139,2.2177,1.2554
6822,48.0776,48.7142,2.2176,1.2553
6823,48.0786,48.7145,2.2175,1.2552
6824,48.0797,48.7148,2.2173,1.2552
6825,48.0808,48.7151,2.2172,1.2551
6826,48.0818,48.7154,2.2171,1.255
6827,48.0829,48.7157,2.217,1.255
6828,48.084,48.716,2.2169,1.2549
6829,48.085,48.7162,2.2167,1.2548
6830,48.0861,48.7165,2.2166,1.2548
6831,48.0871,48.7167,2.2165,1.2547
6832,48.0882,48.717,2.2164,1.2547
6833,48.0893,48.7172,2.2162,1.2546
6834,48.0903,48.7174,2.2161,1.2545
6835,48.0914,48.7177,2.216,1.2545
6836,48.0924,48.7179,2.2159,1.2544
6837,48.0935,48.7181,2.2157,1.2543
6838,48.0945,48.7183,2.2156,1.2543
6839,48.0956,48.7185,2.2155,1.2542
6840,48.0967,48.7187,2.2154,1.2541
6841,48.0977,48.719,2.2152,1.2541
6842,48.0988,48.7195,2.2151,1.254
6843,48.0998,48.7201,2.215,1.2539
6844,48.1009,48.7207,2.2149,1.2539
6845,48.1019,48.7214,2.2147,1.2538
6846,48.103,48.7221,2.2146,1.2537
6847,48.104,48.7228,2.2145,1.2537
6848,48.1051,48.7236,2.2144,1.2536
6849,48.1061,48.7245,2.2143,1.2535
6850,48.1072,48.7253,2.2141,1.2535
6851,48.1082,48.7262,2.214,1.2534
6852,48.1093,48.7272,2.2139,1.2533
6853,48.1103,48.7281,2.2138,1.2533
6854,48.1113,48.7291,2.2136,1.2532
6855,48.1124,48.7301,2.2135,1.2532
6856,48.1134,48.7311,2.2134,1.2531
6857,48.1145,48.7322,2.2133,1.253
6858,48.1155,48.7333,2.2131,1.253
6859,48.1166,48.7344,2.213,1.2529
6860,48.1176,48.7355,2.2129,1.2528
6861,48.1186,48.7366,2.2128,1.2528
6862,48.1197,48.7378,2.2126,1.2527
6863,48.1207,48.7389,2.2125,1.2526
6864,48.1218,48.7401,2.2124,1.2526
6865,48.1228,48.7413,2.2123,1.2525
6866,48.1238,48.7425,2.2122,1.2524
6867,48.1249,48.7438,2.212,1.2524
6868,48.1259,48.745,2.2119,1.2523
6869,48.127,48.7463,2.2118,1.2522
6870,48.128,48.7476,2.2117,1.2522
6871,48.129,48.7489,2.2115,1.2521
6872,48.1301,48.7502,2.2114,1.2521
6873,48.1311,48.7515,2.2113,1.252
6874,48.1321,48.7528,2.2112,1.2519
6875,48.1332,48.7542,2.211,1.2519
6876,48.1342,48.7556,2.2109,1.2518
6877,48.1352,48.7569,2.2108,1.2517
6878,48.1363,48.7583,2.2107,1.2517
6879,48.1373,48.7597,2.2105,1.2516
6880,48.1383,48.7612,2.2104,1.2515
6881,48.1393,48.7626,2.2103,1.2515
6882,48.1404,48.764,2.2102,1.2514
6883,48.1414,48.7655,2.21,1.2514
6884,48.1424,48.7669,2.2099,1.2513
6885,48.1435,48.7684,2.2098,1.2512
6886,48.1445,48.7699,2.2097,1.2512
6887,48.1455,48.7714,2.2096,1.2511
6888,48.1465,48.7729,2.2094,1.251
6889,48.1476,48.7744,2.2093,1.251
6890,48.1486,48.7759,2.2092,1.2509
6891,48.1496,48.7775,2.2091,1.2508
6892,48.1506,48.779,2.2089,1.2508
6893,48.1517,48.7806,2.2088,1.2507
6894,48.1527,48.7822,2.2087,1.2507
6895,48.1537,48.7837,2.2086,1.2506
6896,48.1547,48.7853,2.2084,1.2505
6897,48.1558,48.7869,2.2083,1.2505
6898,48.1568,48.7885,2.2082,1.2504
6899,48.1578,48.7901,2.2081,1.2503
6900,48.1588,48.7918,2.2079,1.2503
6901,48.1598,48.7933,2.2078,1.2502
6902,48.1609,48.7947,2.2077,1.2501
6903,48.1619,48.7961,2.2076,1.2501
6904,48.1629,48.7974,2.2074,1.25
6905,48.1639,48.7987,2.2073,1.25
6906,48.1649,48.8,2.2072,1.2499
6907,48.1659,48.8012,2.2071,1.2498
6908,48.167,48.8025,2.207,1.2498
6909,48.168,48.8037,2.2068,1.2497
6910,48.169,48.8048,2.2067,1.2496
6911,48.17,48.806,2.2066,1.2496
6912,48.171,48.8071,2.2065,1.2495
6913,48.172,48.8083,2.2063,1.2495
6914,48.173,48.8094,2.2062,1.2494
6915,48.1741,48.8105,2.2061,1.2493
6916,48.1751,48.8116,2.206,1.2493
6917,48.1761,48.8127,2.2058,1.2492
6918,48.1771,48.8137,2.2057,1.2491
6919,48.1781,48.8148,2.2056,1.2491
6920,48.1791,48.8158,2.2055,1.249
6921,48.1801,48.8169,2.2053,1.2489
6922,48.1811,48.8179,2.2052,1.2489
6923,48.1821,48.8189,2.2051,1.2488
6924,48.1831,48.8199,2.205,1.2488
6925,48.1841,48.8209,2.2049,1.2487
6926,48.1851,48.8219,2.2047,1.2486
6927,48.1861,48.8228,2.2046,1.2486
6928,48.1871,48.8238,2.2045,1.2485
6929,48.1882,48.8248,2.2044,1.2484
6930,48.1892,48.8257,2.2042,1.2484
6931,48.1902,48.8267,2.2041,1.2483
6932,48.1912,48.8276,2.204,1.2482
6933,48.1922,48.8286,2.2039,1.2482
6934,48.1932,48.8295,2.2037,1.2481
6935,48.1942,48.8304,2.2036,1.2481
6936,48.1952,48.8313,2.2035,1.248
6937,48.1962,48.8322,2.2034,1.2479
6938,48.1972,48.8331,2.2032,1.2479
6939,48.1982,48.834,2.2031,1.2478
6940,48.1992,48.8349,2.203,1.2477
6941,48.2001,48.8358,2.2029,1.2477
6942,48.2011,48.8367,2.2027,1.2476
6943,48.2021,48.8376,2.2026,1.2476
6944,48.2031,48.8384,2.2025,1.2475
6945,48.2041,48.8393,2.2024,1.2474
6946,48.2051,48.8402,2.2023,1.2474
6947,48.2061,48.841,2.2021,1.2473
6948,48.2071,48.8419,2.202,1.2472
6949,48.2081,48.8427,2.2019,1.2472
6950,48.2091,48.8435,2.2018,1.2471
6951,48.2101,48.8444,2.2016,1.247
6952,48.2111,48.8452,2.2015,1.247
6953,48.2121,48.846,2.2014,1.2469
6954,48.2131,48.8469,2.2013,1.2469
6955,48.214,48.8477,2.2011,1.2468
6956,48.215,48.8485,2.201,1.2467
6957,48.216,48.8493,2.2009,1.2467
6958,48.217,48.8501,2.2008,1.2466
6959,48.218,48.8509,2.2006,1.2465
6960,48.219,48.8517,2.2005,1.2465
6961,48.22,48.8525,2.2004,1.2464
6962,48.221,48.8533,2.2003,1.2463
6963,48.2219,48.8541,2.2002,1.2463
6964,48.2229,48.8549,2.2,1.2462
6965,48.2239,48.8557,2.1999,1.2462
6966,48.2249,48.8565,2.1998,1.2461
6967,48.2259,48.8573,2.1997,1.246
6968,48.2269,48.8582,2.1995,1.246
6969,48.2278,48.859,2.1994,1.2459
6970,48.2288,48.8598,2.1993,1.2458
6971,48.2298,48.8606,2.1992,1.2458
6972,48.2308,48.8614,2.199,1.2457
6973,48.2318,48.8622,2.1989,1.2456
6974,48.2327,48.863,2.1988,1.2456
6975,48.2337,48.8637,2.1987,1.2455
6976,48.2347,48.8645,2.1985,1.2454
6977,48.2357,48.8653,2.1984,1.2454
6978,48.2367,48.8661,2.1983,1.2453
6979,48.2376,48.8669,2.1982,1.2453
6980,48.2386,48.8677,2.198,1.2452
6981,48.2396,48.8685,2.1979,1.2451
6982,48.2406,48.8693,2.1978,1.2451
6983,48.2416,48.87,2.1977,1.245
6984,48.2425,48.8708,2.1976,1.2449
6985,48.2435,48.8716,2.1974,1.2449
6986,48.2445,48.8724,2.1973,1.2448
6987,48.2455,48.8732,2.1972,1.2447
6988,48.2464,48.8739,2.1971,1.2447
6989,48.2474,48.8747,2.1969,1.2446
6990,48.2484,48.8755,2.1968,1.2446
6991,48.2494,48.8762,2.1967,1.2445
6992,48.2503,48.877,2.1966,1.2444
6993,48.2513,48.8778,2.1964,1.2444
6994,48.2523,48.8785,2.1963,1.2443
6995,48.2533,48.8793,2.1962,1.2442
6996,48.2542,48.8801,2.1961,1.2442
6997,48.2552,48.8808,2.1959,1.2441
6998,48.2562,48.8816,2.1958,1.244
6999,48.2572,48.8823,2.1957,1.244
7000,48.2581,48.8831,2.1956,1.2439
7001,48.2591,48.8838,2.1954,1.2439
7002,48.2601,48.8846,2.1953,1.2438
7003,48.2611,48.8853,2.1952,1.2437
7004,48.262,48.8861,2.1951,1.2437
7005,48.263,48.8868,2.195,1.2436
7006,48.264,48.8876,2.1948,1.2435
7007,48.2649,48.8883,2.1947,1.2435
7008,48.2659,48.8891,2.1946,1.2434
7009,48.2669,48.8898,2.1945,1.2433
7010,48.2679,48.8906,2.1943,1.2433
7011,48.2688,48.8913,2.1942,1.2432
7012,48.2698,48.892,2.1941,1.2432
7013,48.2708,48.8928,2.194,1.2431
7014,48.2717,48.8935,2.1938,1.243
7015,48.2727,48.8942,2.1937,1.243
7016,48.2737,48.895,2.1936,1.2429
7017,48.2747,48.8957,2.1935,1.2428
7018,48.2756,48.8964,2.1933,1.2428
7019,48.2766,48.8972,2.1932,1.2427
7020,48.2776,48.8979,2.1931,1.2426
7021,48.2785,48.8986,2.193,1.2426
7022,48.2795,48.8992,2.1929,1.2425
7023,48.2805,48.8999,2.1927,1.2424
7024,48.2815,48.9005,2.1926,1.2424
7025,48.2824,48.9011,2.1925,1.2423
7026,48.2834,48.9017,2.1924,1.2423
7027,48.2844,48.9023,2.1922,1.2422
7028,48.2853,48.9028,2.1921,1.2421
7029,48.2863,48.9034,2.192,1.2421
7030,48.2873,48.9039,2.1919,1.242
7031,48.2883,48.9045,2.1917,1.2419
7032,48.2892,48.905,2.1916,1.2419
7033,48.2902,48.9055,2.1915,1.2418
7034,48.2912,48.906,2.1914,1.2417
7035,48.2921,48.9065,2.1912,1.2417
7036,48.2931,48.907,2.1911,1.2416
7037,48.2941,48.9075,2.191,1.2416
7038,48.295,48.908,2.1909,1.2415
7039,48.296,48.9085,2.1907,1.2414
7040,48.297,48.9089,2.1906,1.2414
7041,48.298,48.9094,2.1905,1.2413
7042,48.2989,48.9098,2.1904,1.2412
7043,48.2999,48.9103,2.1903,1.2412
7044,48.3009,48.9107,2.1901,1.2411
7045,48.3018,48.9111,2.19,1.241
7046,48.3028,48.9116,2.1899,1.241
7047,48.3038,48.912,2.1898,1.2409
7048,48.3047,48.9124,2.1896,1.2408
7049,48.3057,48.9128,2.1895,1.2408
7050,48.3067,48.9132,2.1894,1.2407
7051,48.3076,48.9136,2.1893,1.2407
7052,48.3086,48.914,2.1891,1.2406
7053,48.3096,48.9144,2.189,1.2405
7054,48.3106,48.9148,2.1889,1.2405
7055,48.3115,48.9152,2.1888,1.2404
7056,48.3125,48.9155,2.1886,1.2403
7057,48.3135,48.9159,2.1885,1.2403
7058,48.3144,48.9163,2.1884,1.2402
7059,48.3154,48.9166,2.1883,1.2401
7060,48.3164,48.917,2.1882,1.2401
7061,48.3173,48.9173,2.188,1.24
7062,48.3183,48.9177,2.1879,1.2399
7063,48.3193,48.918,2.1878,1.2399
7064,48.3202,48.9183,2.1877,1.2398
7065,48.3212,48.9187,2.1875,1.2398
7066,48.3222,48.919,2.1874,1.2397
7067,48.3232,48.9193,2.1873,1.2396
7068,48.3241,48.9196,2.1872,1.2396
7069,48.3251,48.9199,2.187,1.2395
7070,48.3261,48.9202,2.1869,1.2394
7071,48.327,48.9205,2.1868,1.2394
7072,48.328,48.9208,2.1867,1.2393
7073,48.329,48.9211,2.1865,1.2392
7074,48.3299,48.9214,2.1864,1.2392
7075,48.3309,48.9217,2.1863,1.2391
7076,48.3319,48.922,2.1862,1.239
7077,48.3328,48.9223,2.1861,1.239
7078,48.3338,48.9225,2.1859,1.2389
7079,48.3348,48.9228,2.1858,1.2388
7080,48.3357,48.9231,2.1857,1.2388
7081,48.3367,48.9234,2.1856,1.2387
7082,48.3377,48.9238,2.1854,1.2387
7083,48.3386,48.9242,2.1853,1.2386
7084,48.3396,48.9247,2.1852,1.2385
7085,48.3406,48.9251,2.1851,1.2385
7086,48.3415,48.9256,2.1849,1.2384
7087,48.3425,48.9261,2.1848,1.2383
7088,48.3435,48.9267,2.1847,1.2383
7089,48.3444,48.9272,2.1846,1.2382
7090,48.3454,48.9278,2.1844,1.2381
7091,48.3464,48.9283,2.1843,1.2381
7092,48.3473,48.9289,2.1842,1.238
7093,48.3483,48.9295,2.1841,1.2379
7094,48.3493,48.9301,2.1839,1.2379
7095,48.3502,48.9307,2.1838,1.2378
7096,48.3512,48.9313,2.1837,1.2377
7097,48.3522,48.9319,2.1836,1.2377
7098,48.3531,48.9326,2.1835,1.2376
7099,48.3541,48.9332,2.1833,1.2376
7100,48.3551,48.9339,2.1832,1.2375
7101,48.356,48.9345,2.1831,1.2374
7102,48.357,48.9352,2.183,1.2374
7103,48.358,48.9359,2.1828,1.2373
7104,48.3589,48.9366,2.1827,1.2372
7105,48.3599,48.9373,2.1826,1.2372
7106,48.3609,48.9379,2.1825,1.2371
7107,48.3618,48.9386,2.1823,1.237
7108,48.3628,48.9394,2.1822,1.237
7109,48.3638,48.9401,2.1821,1.2369
7110,48.3647,48.9408,2.182,1.2368
7111,48.3657,48.9415,2.1818,1.2368
7112,48.3667,48.9422,2.1817,1.2367
7113,48.3676,48.943,2.1816,1.2367
7114,48.3686,48.9437,2.1815,1.2366
7115,48.3695,48.9444,2.1814,1.2365
7116,48.3705,48.9452,2.1812,1.2365
7117,48.3715,48.9459,2.1811,1.2364
7118,48.3724,48.9467,2.181,1.2363
7119,48.3734,48.9475,2.1809,1.2363
7120,48.3744,48.9482,2.1807,1.2362
7121,48.3753,48.949,2.1806,1.2361
7122,48.3763,48.9498,2.1805,1.2361
7123,48.3772,48.9506,2.1804,1.236
7124,48.3782,48.9513,2.1802,1.236
7125,48.3792,48.9521,2.1801,1.2359
7126,48.3801,48.9529,2.18,1.2358
7127,48.3811,48.9537,2.1799,1.2358
7128,48.3821,48.9545,2.1797,1.2357
7129,48.383,48.9553,2.1796,1.2356
7130,48.384,48.9561,2.1795,1.2356
7131,48.3849,48.9569,2.1794,1.2355
7132,48.3859,48.9577,2.1793,1.2354
7133,48.3869,48.9586,2.1791,1.2354
7134,48.3878,48.9594,2.179,1.2353
7135,48.3888,48.9602,2.1789,1.2352
7136,48.3897,48.961,2.1788,1.2352
7137,48.3907,48.9619,2.1786,1.2351
7138,48.3916,48.9627,2.1785,1.2351
7139,48.3926,48.9635,2.1784,1.235
7140,48.3936,48.9644,2.1783,1.2349
7141,48.3945,48.9652,2.1781,1.2349
7142,48.3955,48.9659,2.178,1.2348
7143,48.3964,48.9667,2.1779,1.2347
7144,48.3974,48.9675,2.1778,1.2347
7145,48.3983,48.9682,2.1776,1.2346
7146,48.3993,48.9689,2.1775,1.2345
7147,48.4003,48.9697,2.1774,1.2345
7148,48.4012,48.9704,2.1773,1.2344
7149,48.4022,48.9711,2.1772,1.2344
7150,48.4031,48.9718,2.177,1.2343
7151,48.4041,48.9725,2.1769,1.2342
7152,48.405,48.9732,2.1768,1.2342
7153,48.406,48.9739,2.1767,1.2341
7154,48.4069,48.9746,2.1765,1.234
7155,48.4079,48.9752,2.1764,1.234
7156,48.4088,48.9759,2.1763,1.2339
7157,48.4098,48.9766,2.1762,1.2338
7158,48.4107,48.9773,2.176,1.2338
7159,48.4117,48.9779,2.1759,1.2337
7160,48.4126,48.9786,2.1758,1.2336
7161,48.4136,48.9792,2.1757,1.2336
7162,48.4145,48.9799,2.1755,1.2335
7163,48.4155,48.9806,2.1754,1.2335
7164,48.4164,48.9812,2.1753,1.2334
7165,48.4174,48.9819,2.1752,1.2333
7166,48.4183,48.9825,2.1751,1.2333
7167,48.4193,48.9831,2.1749,1.2332
7168,48.4202,48.9838,2.1748,1.2331
7169,48.4212,48.9844,2.1747,1.2331
7170,48.4221,48.9851,2.1746,1.233
7171,48.423,48.9857,2.1744,1.2329
7172,48.424,48.9863,2.1743,1.2329
7173,48.4249,48.987,2.1742,1.2328
7174,48.4259,48.9876,2.1741,1.2327
7175,48.4268,48.9882,2.1739,1.2327
7176,48.4278,48.9888,2.1738,1.2326
7177,48.4287,48.9895,2.1737,1.2326
7178,48.4296,48.9901,2.1736,1.2325
7179,48.4306,48.9907,2.1734,1.2324
7180,48.4315,48.9913,2.1733,1.2324
7181,48.4325,48.9919,2.1732,1.2323
7182,48.4334,48.9925,2.1731,1.2322
7183,48.4343,48.9932,2.173,1.2322
7184,48.4353,48.9938,2.1728,1.2321
7185,48.4362,48.9944,2.1727,1.232
7186,48.4372,48.995,2.1726,1.232
7187,48.4381,48.9956,2.1725,1.2319
7188,48.439,48.9962,2.1723,1.2318
7189,48.44,48.9968,2.1722,1.2318
7190,48.4409,48.9974,2.1721,1.2317
7191,48.4418,48.998,2.172,1.2317
7192,48.4428,48.9986,2.1718,1.2316
7193,48.4437,48.9992,2.1717,1.2315
7194,48.4446,48.9998,2.1716,1.2315
7195,48.4456,49.0004,2.1715,1.2314
7196,48.4465,49.001,2.1713,1.2313
7197,48.4474,49.0016,2.1712,1.2313
7198,48.4484,49.0022,2.1711,1.2312
7199,48.4493,49.0027,2.171,1.2311
7200,48.4502,49.0033,2.1709,1.2311
7201,48.4512,49.0039,2.1707,1.231
7202,48.4521,49.0046,2.1706,1.2309
7203,48.453,49.0052,2.1705,1.2309
7204,48.4539,49.0058,2.1704,1.2308
7205,48.4549,49.0064,2.1702,1.2308
7206,48.4558,49.0071,2.1701,1.2307
7207,48.4567,49.0077,2.17,1.2306
7208,48.4576,49.0084,2.1699,1.2306
7209,48.4586,49.009,2.1697,1.2305
7210,48.4595,49.0097,2.1696,1.2304
7211,48.4604,49.0103,2.1695,1.2304
7212,48.4613,49.011,2.1694,1.2303
7213,48.4623,49.0116,2.1692,1.2302
7214,48.4632,49.0123,2.1691,1.2302
7215,48.4641,49.0129,2.169,1.2301
7216,48.465,49.0136,2.1689,1.23
7217,48.4659,49.0143,2.1688,1.23
7218,48.4669,49.0149,2.1686,1.2299
7219,48.4678,49.0156,2.1685,1.2298
7220,48.4687,49.0163,2.1684,1.2298
7221,48.4696,49.0169,2.1683,1.2297
7222,48.4705,49.0176,2.1681,1.2297
7223,48.4715,49.0183,2.168,1.2296
7224,48.4724,49.019,2.1679,1.2295
7225,48.4733,49.0196,2.1678,1.2295
7226,48.4742,49.0203,2.1676,1.2294
7227,48.4751,49.021,2.1675,1.2293
7228,48.476,49.0217,2.1674,1.2293
7229,48.4769,49.0224,2.1673,1.2292
7230,48.4779,49.023,2.1671,1.2291
7231,48.4788,49.0237,2.167,1.2291
7232,48.4797,49.0244,2.1669,1.229
7233,48.4806,49.0251,2.1668,1.229
7234,48.4815,49.0258,2.1667,1.2289
7235,48.4824,49.0265,2.1665,1.2288
7236,48.4833,49.0272,2.1664,1.2288
7237,48.4842,49.0278,2.1663,1.2287
7238,48.4851,49.0285,2.1662,1.2286
7239,48.4861,49.0292,2.166,1.2286
7240,48.487,49.0299,2.1659,1.2285
7241,48.4879,49.0306,2.1658,1.2284
7242,48.4888,49.0313,2.1657,1.2284
7243,48.4897,49.032,2.1655,1.2283
7244,48.4906,49.0327,2.1654,1.2282
7245,48.4915,49.0334,2.1653,1.2282
7246,48.4924,49.0341,2.1652,1.2281
7247,48.4933,49.0348,2.165,1.2281
7248,48.4942,49.0355,2.1649,1.228
7249,48.4951,49.0362,2.1648,1.2279
7250,48.496,49.0369,2.1647,1.2279
7251,48.4969,49.0376,2.1646,1.2278
7252,48.4978,49.0383,2.1644,1.2277
7253,48.4987,49.039,2.1643,1.2277
7254,48.4996,49.0397,2.1642,1.2276
7255,48.5005,49.0404,2.1641,1.2275
7256,48.5014,49.0411,2.1639,1.2275
7257,48.5023,49.0418,2.1638,1.2274
7258,48.5032,49.0425,2.1637,1.2273
7259,48.5041,49.0432,2.1636,1.2273
7260,48.505,49.0439,2.1634,1.2272
7261,48.5059,49.0445,2.1633,1.2272
7262,48.5068,49.045,2.1632,1.2271
7263,48.5077,49.0455,2.1631,1.227
7264,48.5086,49.0459,2.163,1.227
7265,48.5095,49.0463,2.1628,1.2269
7266,48.5104,49.0467,2.1627,1.2268
7267,48.5113,49.047,2.1626,1.2268
7268,48.5122,49.0474,2.1625,1.2267
7269,48.5131,49.0477,2.1623,1.2266
7270,48.514,49.0479,2.1622,1.2266
7271,48.5149,49.0482,2.1621,1.2265
7272,48.5158,49.0484,2.162,1.2264
7273,48.5167,49.0486,2.1618,1.2264
7274,48.5175,49.0488,2.1617,1.2263
7275,48.5184,49.049,2.1616,1.2263
7276,48.5193,49.0492,2.1615,1.2262
7277,48.5202,49.0493,2.1613,1.2261
7278,48.5211,49.0495,2.1612,1.2261
7279,48.522,49.0496,2.1611,1.226
7280,48.5229,49.0497,2.161,1.2259
7281,48.5238,49.0498,2.1609,1.2259
7282,48.5247,49.0499,2.1607,1.2258
7283,48.5255,49.0499,2.1606,1.2257
7284,48.5264,49.05,2.1605,1.2257
7285,48.5273,49.05,2.1604,1.2256
7286,48.5282,49.05,2.1602,1.2255
7287,48.5291,49.0501,2.1601,1.2255
7288,48.53,49.0501,2.16,1.2254
7289,48.5309,49.05,2.1599,1.2254
7290,48.5317,49.05,2.1597,1.2253
7291,48.5326,49.05,2.1596,1.2252
7292,48.5335,49.0499,2.1595,1.2252
7293,48.5344,49.0499,2.1594,1.2251
7294,48.5353,49.0498,2.1593,1.225
7295,48.5362,49.0498,2.1591,1.225
7296,48.537,49.0497,2.159,1.2249
7297,48.5379,49.0496,2.1589,1.2248
7298,48.5388,49.0495,2.1588,1.2248
7299,48.5397,49.0494,2.1586,1.2247
7300,48.5406,49.0492,2.1585,1.2246
7301,48.5414,49.0491,2.1584,1.2246
7302,48.5423,49.049,2.1583,1.2245
7303,48.5432,49.0488,2.1581,1.2244
7304,48.5441,49.0486,2.158,1.2244
7305,48.5449,49.0485,2.1579,1.2243
7306,48.5458,49.0483,2.1578,1.2242
7307,48.5467,49.0481,2.1577,1.2242
7308,48.5476,49.0479,2.1575,1.2241
7309,48.5485,49.0477,2.1574,1.224
7310,48.5493,49.0475,2.1573,1.224
7311,48.5502,49.0473,2.1572,1.2239
7312,48.5511,49.0471,2.157,1.2239
7313,48.5519,49.0468,2.1569,1.2238
7314,48.5528,49.0466,2.1568,1.2237
7315,48.5537,49.0463,2.1567,1.2237
7316,48.5546,49.0461,2.1565,1.2236
7317,48.5554,49.0458,2.1564,1.2235
7318,48.5563,49.0455,2.1563,1.2235
7319,48.5572,49.0452,2.1562,1.2234
7320,48.558,49.0449,2.156,1.2233
7321,48.5589,49.0448,2.1559,1.2233
7322,48.5598,49.0447,2.1558,1.2232
7323,48.5607,49.0447,2.1557,1.2231
7324,48.5615,49.0448,2.1556,1.2231
7325,48.5624,49.0449,2.1554,1.223
7326,48.5633,49.045,2.1553,1.2229
7327,48.5641,49.0452,2.1552,1.2229
7328,48.565,49.0454,2.1551,1.2228
7329,48.5659,49.0456,2.1549,1.2227
7330,48.5667,49.0459,2.1548,1.2227
7331,48.5676,49.0462,2.1547,1.2226
7332,48.5685,49.0465,2.1546,1.2225
7333,48.5693,49.0468,2.1544,1.2225
7334,48.5702,49.0471,2.1543,1.2224
7335,48.571,49.0475,2.1542,1.2223
7336,48.5719,49.0479,2.1541,1.2223
7337,48.5728,49.0483,2.154,1.2222
7338,48.5736,49.0487,2.1538,1.2222
7339,48.5745,49.0491,2.1537,1.2221
7340,48.5754,49.0495,2.1536,1.222
7341,48.5762,49.05,2.1535,1.222
7342,48.5771,49.0505,2.1533,1.2219
7343,48.5779,49.0509,2.1532,1.2218
7344,48.5788,49.0514,2.1531,1.2218
7345,48.5797,49.0519,2.153,1.2217
7346,48.5805,49.0525,2.1528,1.2216
7347,48.5814,49.053,2.1527,1.2216
7348,48.5822,49.0535,2.1526,1.2215
7349,48.5831,49.0541,2.1525,1.2214
7350,48.5839,49.0546,2.1524,1.2214
7351,48.5848,49.0552,2.1522,1.2213
7352,48.5857,49.0558,2.1521,1.2212
7353,48.5865,49.0564,2.152,1.2212
7354,48.5874,49.057,2.1519,1.2211
7355,48.5882,49.0576,2.1517,1.2211
7356,48.5891,49.0582,2.1516,1.221
7357,48.5899,49.0589,2.1515,1.2209
7358,48.5908,49.0595,2.1514,1.2209
7359,48.5916,49.0601,2.1512,1.2208
7360,48.5925,49.0608,2.1511,1.2207
7361,48.5933,49.0615,2.151,1.2207
7362,48.5942,49.0621,2.1509,1.2206
7363,48.595,49.0628,2.1508,1.2205
7364,48.5959,49.0635,2.1506,1.2205
7365,48.5967,49.0642,2.1505,1.2204
7366,48.5976,49.0649,2.1504,1.2203
7367,48.5984,49.0656,2.1503,1.2203
7368,48.5993,49.0663,2.1501,1.2202
7369,48.6001,49.0671,2.15,1.2201
7370,48.601,49.0678,2.1499,1.2201
7371,48.6018,49.0685,2.1498,1.22
7372,48.6027,49.0693,2.1496,1.22
7373,48.6035,49.07,2.1495,1.2199
7374,48.6044,49.0708,2.1494,1.2198
7375,48.6052,49.0716,2.1493,1.2198
7376,48.606,49.0723,2.1492,1.2197
7377,48.6069,49.0731,2.149,1.2196
7378,48.6077,49.0739,2.1489,1.2196
7379,48.6086,49.0747,2.1488,1.2195
7380,48.6094,49.0755,2.1487,1.2194
7381,48.6102,49.0762,2.1485,1.2194
7382,48.6111,49.0768,2.1484,1.2193
7383,48.6119,49.0773,2.1483,1.2192
7384,48.6128,49.0779,2.1482,1.2192
7385,48.6136,49.0784,2.148,1.2191
7386,48.6144,49.0788,2.1479,1.2191
7387,48.6153,49.0792,2.1478,1.219
7388,48.6161,49.0796,2.1477,1.2189
7389,48.6169,49.08,2.1476,1.2189
7390,48.6178,49.0804,2.1474,1.2188
7391,48.6186,49.0807,2.1473,1.2187
7392,48.6194,49.0811,2.1472,1.2187
7393,48.6203,49.0814,2.1471,1.2186
7394,48.6211,49.0817,2.1469,1.2185
7395,48.6219,49.082,2.1468,1.2185
7396,48.6228,49.0822,2.1467,1.2184
7397,48.6236,49.0825,2.1466,1.2183
7398,48.6244,49.0827,2.1464,1.2183
7399,48.6253,49.083,2.1463,1.2182
7400,48.6261,49.0832,2.1462,1.2182
7401,48.6269,49.0834,2.1461,1.2181
7402,48.6277,49.0836,2.146,1.218
7403,48.6286,49.0838,2.1458,1.218
7404,48.6294,49.084,2.1457,1.2179
7405,48.6302,49.0841,2.1456,1.2178
7406,48.631,49.0843,2.1455,1.2178
7407,48.6319,49.0844,2.1453,1.2177
7408,48.6327,49.0846,2.1452,1.2176
7409,48.6335,49.0847,2.1451,1.2176
7410,48.6343,49.0848,2.145,1.2175
7411,48.6351,49.0849,2.1448,1.2174
7412,48.636,49.085,2.1447,1.2174
7413,48.6368,49.0851,2.1446,1.2173
7414,48.6376,49.0852,2.1445,1.2172
7415,48.6384,49.0853,2.1444,1.2172
7416,48.6392,49.0853,2.1442,1.2171
7417,48.64,49.0854,2.1441,1.217
7418,48.6408,49.0855,2.144,1.217
7419,48.6417,49.0855,2.1439,1.2169
7420,48.6425,49.0855,2.1437,1.2169
7421,48.6433,49.0856,2.1436,1.2168
7422,48.6441,49.0856,2.1435,1.2167
7423,48.6449,49.0856,2.1434,1.2167
7424,48.6457,49.0856,2.1432,1.2166
7425,48.6465,49.0856,2.1431,1.2165
7426,48.6473,49.0856,2.143,1.2165
7427,48.6481,49.0856,2.1429,1.2164
7428,48.6489,49.0856,2.1428,1.2163
7429,48.6497,49.0856,2.1426,1.2163
7430,48.6505,49.0856,2.1425,1.2162
7431,48.6513,49.0855,2.1424,1.2161
7432,48.6521,49.0855,2.1423,1.2161
7433,48.6529,49.0855,2.1421,1.216
7434,48.6537,49.0854,2.142,1.2159
7435,48.6545,49.0854,2.1419,1.2159
7436,48.6553,49.0853,2.1418,1.2158
7437,48.6561,49.0852,2.1417,1.2157
7438,48.6569,49.0852,2.1415,1.2157
7439,48.6577,49.0851,2.1414,1.2156
7440,48.6585,49.085,2.1413,1.2155
7441,48.6593,49.085,2.1412,1.2155
7442,48.6601,49.0852,2.141,1.2154
7443,48.6609,49.0854,2.1409,1.2154
7444,48.6617,49.0856,2.1408,1.2153
7445,48.6625,49.0859,2.1407,1.2152
7446,48.6633,49.0862,2.1405,1.2152
7447,48.6641,49.0866,2.1404,1.2151
7448,48.6648,49.087,2.1403,1.215
7449,48.6656,49.0874,2.1402,1.215
7450,48.6664,49.0878,2.1401,1.2149
7451,48.6672,49.0883,2.1399,1.2148
7452,48.668,49.0888,2.1398,1.2148
7453,48.6688,49.0893,2.1397,1.2147
7454,48.6695,49.0898,2.1396,1.2146
7455,48.6703,49.0904,2.1394,1.2146
7456,48.6711,49.0909,2.1393,1.2145
7457,48.6719,49.0915,2.1392,1.2144
7458,48.6727,49.0921,2.1391,1.2144
7459,48.6734,49.0927,2.1389,1.2143
7460,48.6742,49.0933,2.1388,1.2142
7461,48.675,49.094,2.1387,1.2142
7462,48.6758,49.0946,2.1386,1.2141
7463,48.6765,49.0953,2.1385,1.2141
7464,48.6773,49.0959,2.1383,1.214
7465,48.6781,49.0966,2.1382,1.2139
7466,48.6789,49.0973,2.1381,1.2139
7467,48.6796,49.0981,2.138,1.2138
7468,48.6804,49.0988,2.1378,1.2137
7469,48.6812,49.0995,2.1377,1.2137
7470,48.6819,49.1003,2.1376,1.2136
7471,48.6827,49.101,2.1375,1.2135
7472,48.6835,49.1018,2.1374,1.2135
7473,48.6843,49.1026,2.1372,1.2134
7474,48.685,49.1034,2.1371,1.2133
7475,48.6858,49.1042,2.137,1.2133
7476,48.6865,49.105,2.1369,1.2132
7477,48.6873,49.1058,2.1367,1.2131
7478,48.6881,49.1067,2.1366,1.2131
7479,48.6888,49.1075,2.1365,1.213
7480,48.6896,49.1084,2.1364,1.213
7481,48.6904,49.1092,2.1362,1.2129
7482,48.6911,49.1101,2.1361,1.2128
7483,48.6919,49.111,2.136,1.2128
7484,48.6926,49.1119,2.1359,1.2127
7485,48.6934,49.1128,2.1358,1.2126
7486,48.6941,49.1137,2.1356,1.2126
7487,48.6949,49.1146,2.1355,1.2125
7488,48.6957,49.1155,2.1354,1.2124
7489,48.6964,49.1164,2.1353,1.2124
7490,48.6972,49.1173,2.1351,1.2123
7491,48.6979,49.1183,2.135,1.2123
7492,48.6987,49.1192,2.1349,1.2122
7493,48.6994,49.1202,2.1348,1.2121
7494,48.7002,49.1212,2.1347,1.2121
7495,48.7009,49.1221,2.1345,1.212
7496,48.7017,49.1231,2.1344,1.2119
7497,48.7024,49.1241,2.1343,1.2119
7498,48.7032,49.1251,2.1342,1.2118
7499,48.7039,49.1261,2.134,1.2117
7500,48.7047,49.1271,2.1339,1.2117
7501,48.7054,49.128,2.1338,1.2116
7502,48.7061,49.1289,2.1337,1.2115
7503,48.7069,49.1297,2.1336,1.2115
7504,48.7076,49.1304,2.1334,1.2114
7505,48.7084,49.1312,2.1333,1.2114
7506,48.7091,49.1319,2.1332,1.2113
7507,48.7099,49.1326,2.1331,1.2112
7508,48.7106,49.1333,2.1329,1.2112
7509,48.7113,49.1339,2.1328,1.2111
7510,48.7121,49.1346,2.1327,1.211
7511,48.7128,49.1352,2.1326,1.211
7512,48.7135,49.1358,2.1324,1.2109
7513,48.7143,49.1364,2.1323,1.2108
7514,48.715,49.137,2.1322,1.2108
7515,48.7157,49.1376,2.1321,1.2107
7516,48.7165,49.1382,2.132,1.2107
7517,48.7172,49.1387,2.1318,1.2106
7518,48.7179,49.1393,2.1317,1.2105
7519,48.7187,49.1398,2.1316,1.2105
7520,48.7194,49.1404,2.1315,1.2104
7521,48.7201,49.1409,2.1313,1.2103
7522,48.7209,49.1414,2.1312,1.2103
7523,48.7216,49.1419,2.1311,1.2102
7524,48.7223,49.1424,2.131,1.2101
7525,48.723,49.1429,2.1309,1.2101
7526,48.7238,49.1434,2.1307,1.21
7527,48.7245,49.1438,2.1306,1.2099
7528,48.7252,49.1443,2.1305,1.2099
7529,48.7259,49.1448,2.1304,1.2098
7530,48.7266,49.1452,2.1302,1.2098
7531,48.7274,49.1457,2.1301,1.2097
7532,48.7281,49.1461,2.13,1.2096
7533,48.7288,49.1466,2.1299,1.2096
7534,48.7295,49.147,2.1298,1.2095
7535,48.7302,49.1474,2.1296,1.2094
7536,48.731,49.1478,2.1295,1.2094
7537,48.7317,49.1482,2.1294,1.2093
7538,48.7324,49.1487,2.1293,1.2092
7539,48.7331,49.1491,2.1291,1.2092
7540,48.7338,49.1495,2.129,1.2091
7541,48.7345,49.1498,2.1289,1.209
7542,48.7352,49.1502,2.1288,1.209
7543,48.7359,49.1506,2.1286,1.2089
7544,48.7367,49.151,2.1285,1.2089
7545,48.7374,49.1514,2.1284,1.2088
7546,48.7381,49.1518,2.1283,1.2087
7547,48.7388,49.1521,2.1282,1.2087
7548,48.7395,49.1525,2.128,1.2086
7549,48.7402,49.1528,2.1279,1.2085
7550,48.7409,49.1532,2.1278,1.2085
7551,48.7416,49.1535,2.1277,1.2084
7552,48.7423,49.1539,2.1275,1.2083
7553,48.743,49.1542,2.1274,1.2083
7554,48.7437,49.1546,2.1273,1.2082
7555,48.7444,49.1549,2.1272,1.2081
7556,48.7451,49.1552,2.1271,1.2081
7557,48.7458,49.1556,2.1269,1.208
7558,48.7465,49.1559,2.1268,1.208
7559,48.7472,49.1562,2.1267,1.2079
7560,48.7479,49.1565,2.1266,1.2078
7561,48.7486,49.1568,2.1264,1.2078
7562,48.7493,49.1571,2.1263,1.2077
7563,48.75,49.1574,2.1262,1.2076
7564,48.7507,49.1577,2.1261,1.2076
7565,48.7514,49.158,2.126,1.2075
7566,48.7521,49.1583,2.1258,1.2074
7567,48.7528,49.1586,2.1257,1.2074
7568,48.7535,49.1589,2.1256,1.2073
7569,48.7542,49.1591,2.1255,1.2072
7570,48.7549,49.1594,2.1253,1.2072
7571,48.7556,49.1597,2.1252,1.2071
7572,48.7562,49.1599,2.1251,1.2071
7573,48.7569,49.1602,2.125,1.207
7574,48.7576,49.1604,2.1249,1.2069
7575,48.7583,49.1607,2.1247,1.2069
7576,48.759,49.1609,2.1246,1.2068
7577,48.7597,49.1612,2.1245,1.2067
7578,48.7604,49.1614,2.1244,1.2067
7579,48.7611,49.1616,2.1242,1.2066
7580,48.7617,49.1619,2.1241,1.2065
7581,48.7624,49.1621,2.124,1.2065
7582,48.7631,49.1623,2.1239,1.2064
7583,48.7638,49.1626,2.1238,1.2063
7584,48.7645,49.1628,2.1236,1.2063
7585,48.7652,49.163,2.1235,1.2062
7586,48.7658,49.1632,2.1234,1.2061
7587,48.7665,49.1634,2.1233,1.2061
7588,48.7672,49.1636,2.1231,1.206
7589,48.7679,49.1638,2.123,1.206
7590,48.7686,49.164,2.1229,1.2059
7591,48.7692,49.1642,2.1228,1.2058
7592,48.7699,49.1644,2.1227,1.2058
7593,48.7706,49.1646,2.1225,1.2057
7594,48.7713,49.1648,2.1224,1.2056
7595,48.772,49.165,2.1223,1.2056
7596,48.7726,49.1652,2.1222,1.2055
7597,48.7733,49.1654,2.122,1.2054
7598,48.774,49.1655,2.1219,1.2054
7599,48.7747,49.1657,2.1218,1.2053
7600,48.7753,49.1659,2.1217,1.2052
7601,48.776,49.1661,2.1216,1.2052
7602,48.7767,49.1662,2.1214,1.2051
7603,48.7774,49.1664,2.1213,1.205
7604,48.778,49.1666,2.1212,1.205
7605,48.7787,49.1667,2.1211,1.2049
7606,48.7794,49.1669,2.1209,1.2049
7607,48.78,49.167,2.1208,1.2048
7608,48.7807,49.1672,2.1207,1.2047
7609,48.7814,49.1673,2.1206,1.2047
7610,48.7821,49.1675,2.1205,1.2046
7611,48.7827,49.1676,2.1203,1.2045
7612,48.7834,49.1678,2.1202,1.2045
7613,48.7841,49.1679,2.1201,1.2044
7614,48.7847,49.168,2.12,1.2043
7615,48.7854,49.1682,2.1198,1.2043
7616,48.7861,49.1683,2.1197,1.2042
7617,48.7867,49.1685,2.1196,1.2041
7618,48.7874,49.1686,2.1195,1.2041
7619,48.7881,49.1687,2.1194,1.204
7620,48.7887,49.1688,2.1192,1.2039
7621,48.7894,49.169,2.1191,1.2039
7622,48.7901,49.1691,2.119,1.2038
7623,48.7907,49.1693,2.1189,1.2037
7624,48.7914,49.1695,2.1187,1.2037
7625,48.7921,49.1697,2.1186,1.2036
7626,48.7927,49.1699,2.1185,1.2036
7627,48.7934,49.1701,2.1184,1.2035
7628,48.7941,49.1703,2.1183,1.2034
7629,48.7947,49.1705,2.1181,1.2034
7630,48.7954,49.1707,2.118,1.2033
7631,48.796,49.1709,2.1179,1.2032
7632,48.7967,49.1711,2.1178,1.2032
7633,48.7974,49.1713,2.1176,1.2031
7634,48.798,49.1715,2.1175,1.203
7635,48.7987,49.1717,2.1174,1.203
7636,48.7993,49.1719,2.1173,1.2029
7637,48.8,49.1722,2.1172,1.2028
7638,48.8007,49.1724,2.117,1.2028
7639,48.8013,49.1726,2.1169,1.2027
7640,48.802,49.1728,2.1168,1.2026
7641,48.8026,49.173,2.1167,1.2026
7642,48.8033,49.1733,2.1165,1.2025
7643,48.804,49.1735,2.1164,1.2025
7644,48.8046,49.1737,2.1163,1.2024
7645,48.8053,49.174,2.1162,1.2023
7646,48.8059,49.1742,2.1161,1.2023
7647,48.8066,49.1744,2.1159,1.2022
7648,48.8072,49.1747,2.1158,1.2021
7649,48.8079,49.1749,2.1157,1.2021
7650,48.8085,49.1751,2.1156,1.202
7651,48.8092,49.1754,2.1155,1.2019
7652,48.8099,49.1756,2.1153,1.2019
7653,48.8105,49.1758,2.1152,1.2018
7654,48.8112,49.1761,2.1151,1.2017
7655,48.8118,49.1763,2.115,1.2017
7656,48.8125,49.1766,2.1148,1.2016
7657,48.8131,49.1768,2.1147,1.2015
7658,48.8138,49.177,2.1146,1.2015
7659,48.8144,49.1773,2.1145,1.2014
7660,48.8151,49.1775,2.1144,1.2014
7661,48.8157,49.1778,2.1142,1.2013
7662,48.8164,49.178,2.1141,1.2012
7663,48.817,49.1783,2.114,1.2012
7664,48.8177,49.1785,2.1139,1.2011
7665,48.8183,49.1787,2.1137,1.201
7666,48.819,49.179,2.1136,1.201
7667,48.8196,49.1792,2.1135,1.2009
7668,48.8203,49.1795,2.1134,1.2008
7669,48.8209,49.1797,2.1133,1.2008
7670,48.8216,49.18,2.1131,1.2007
7671,48.8222,49.1802,2.113,1.2006
7672,48.8229,49.1805,2.1129,1.2006
7673,48.8235,49.1807,2.1128,1.2005
7674,48.8241,49.1809,2.1126,1.2004
7675,48.8248,49.1812,2.1125,1.2004
7676,48.8254,49.1814,2.1124,1.2003
7677,48.8261,49.1817,2.1123,1.2003
7678,48.8267,49.1819,2.1122,1.2002
7679,48.8274,49.1822,2.112,1.2001
7680,48.828,49.1824,2.1119,1.2001
7681,48.8287,49.1828,2.1118,1.2
7682,48.8293,49.1831,2.1117,1.1999
7683,48.8299,49.1836,2.1116,1.1999
7684,48.8306,49.1841,2.1114,1.1998
7685,48.8312,49.1846,2.1113,1.1997
7686,48.8319,49.1851,2.1112,1.1997
7687,48.8325,49.1856,2.1111,1.1996
7688,48.8331,49.1862,2.1109,1.1995
7689,48.8338,49.1868,2.1108,1.1995
7690,48.8344,49.1874,2.1107,1.1994
7691,48.8351,49.188,2.1106,1.1993
7692,48.8357,49.1887,2.1105,1.1993
7693,48.8363,49.1893,2.1103,1.1992
7694,48.837,49.19,2.1102,1.1992
7695,48.8376,49.1907,2.1101,1.1991
7696,48.8382,49.1914,2.11,1.199
7697,48.8389,49.1921,2.1098,1.199
7698,48.8395,49.1929,2.1097,1.1989
7699,48.8401,49.1936,2.1096,1.1988
7700,48.8408,49.1943,2.1095,1.1988
7701,48.8414,49.1951,2.1094,1.1987
7702,48.842,49.1959,2.1092,1.1986
7703,48.8427,49.1967,2.1091,1.1986
7704,48.8433,49.1975,2.109,1.1985
7705,48.8439,49.1983,2.1089,1.1984
7706,48.8446,49.1991,2.1088,1.1984
7707,48.8452,49.2,2.1086,1.1983
7708,48.8458,49.2008,2.1085,1.1983
7709,48.8465,49.2017,2.1084,1.1982
7710,48.8471,49.2025,2.1083,1.1981
7711,48.8477,49.2034,2.1081,1.1981
7712,48.8483,49.2043,2.108,1.198
7713,48.849,49.2052,2.1079,1.1979
7714,48.8496,49.2061,2.1078,1.1979
7715,48.8502,49.207,2.1077,1.1978
7716,48.8508,49.2079,2.1075,1.1977
7717,48.8515,49.2088,2.1074,1.1977
7718,48.8521,49.2097,2.1073,1.1976
7719,48.8527,49.2107,2.1072,1.1976
7720,48.8533,49.2116,2.107,1.1975
7721,48.854,49.2126,2.1069,1.1974
7722,48.8546,49.2136,2.1068,1.1974
7723,48.8552,49.2145,2.1067,1.1973
7724,48.8558,49.2155,2.1066,1.1972
7725,48.8564,49.2165,2.1064,1.1972
7726,48.8571,49.2175,2.1063,1.1971
7727,48.8577,49.2185,2.1062,1.197
7728,48.8583,49.2195,2.1061,1.197
7729,48.8589,49.2205,2.106,1.1969
7730,48.8595,49.2216,2.1058,1.1968
7731,48.8602,49.2226,2.1057,1.1968
7732,48.8608,49.2236,2.1056,1.1967
7733,48.8614,49.2247,2.1055,1.1967
7734,48.862,49.2257,2.1053,1.1966
7735,48.8626,49.2268,2.1052,1.1965
7736,48.8632,49.2278,2.1051,1.1965
7737,48.8638,49.2289,2.105,1.1964
7738,48.8645,49.23,2.1049,1.1963
7739,48.8651,49.2311,2.1047,1.1963
7740,48.8657,49.2322,2.1046,1.1962
7741,48.8663,49.2331,2.1045,1.1962
7742,48.8669,49.234,2.1044,1.1961
7743,48.8675,49.2348,2.1043,1.196
7744,48.8681,49.2355,2.1041,1.196
7745,48.8687,49.2362,2.104,1.1959
7746,48.8693,49.2368,2.1039,1.1958
7747,48.8699,49.2374,2.1038,1.1958
7748,48.8706,49.238,2.1036,1.1957
7749,48.8712,49.2386,2.1035,1.1956
7750,48.8718,49.2391,2.1034,1.1956
7751,48.8724,49.2396,2.1033,1.1955
7752,48.873,49.2401,2.1032,1.1955
7753,48.8736,49.2405,2.103,1.1954
7754,48.8742,49.241,2.1029,1.1953
7755,48.8748,49.2414,2.1028,1.1953
7756,48.8754,49.2418,2.1027,1.1952
7757,48.876,49.2422,2.1026,1.1951
7758,48.8766,49.2425,2.1024,1.1951
7759,48.8772,49.2429,2.1023,1.195
7760,48.8778,49.2432,2.1022,1.1949
7761,48.8784,49.2435,2.1021,1.1949
7762,48.879,49.2438,2.1019,1.1948
7763,48.8796,49.2441,2.1018,1.1947
7764,48.8802,49.2444,2.1017,1.1947
7765,48.8808,49.2446,2.1016,1.1946
7766,48.8814,49.2449,2.1015,1.1946
7767,48.882,49.2451,2.1013,1.1945
7768,48.8826,49.2453,2.1012,1.1944
7769,48.8832,49.2455,2.1011,1.1944
7770,48.8838,49.2457,2.101,1.1943
7771,48.8843,49.2459,2.1009,1.1942
7772,48.8849,49.2461,2.1007,1.1942
7773,48.8855,49.2462,2.1006,1.1941
7774,48.8861,49.2464,2.1005,1.194
7775,48.8867,49.2465,2.1004,1.194
7776,48.8873,49.2466,2.1002,1.1939
7777,48.8879,49.2467,2.1001,1.1939
7778,48.8885,49.2468,2.1,1.1938
7779,48.8891,49.2469,2.0999,1.1937
7780,48.8897,49.247,2.0998,1.1937
7781,48.8903,49.2471,2.0996,1.1936
7782,48.8908,49.2472,2.0995,1.1935
7783,48.8914,49.2472,2.0994,1.1935
7784,48.892,49.2473,2.0993,1.1934
7785,48.8926,49.2473,2.0992,1.1933
7786,48.8932,49.2474,2.099,1.1933
7787,48.8938,49.2474,2.0989,1.1932
7788,48.8944,49.2474,2.0988,1.1931
7789,48.8949,49.2474,2.0987,1.1931
7790,48.8955,49.2474,2.0986,1.193
7791,48.8961,49.2474,2.0984,1.1929
7792,48.8967,49.2474,2.0983,1.1929
7793,48.8973,49.2474,2.0982,1.1928
7794,48.8979,49.2473,2.0981,1.1928
7795,48.8984,49.2473,2.0979,1.1927
7796,48.899,49.2472,2.0978,1.1926
7797,48.8996,49.2472,2.0977,1.1926
7798,48.9002,49.2471,2.0976,1.1925
7799,48.9008,49.2471,2.0975,1.1924
7800,48.9013,49.247,2.0973,1.1924
7801,48.9019,49.2471,2.0972,1.1923
7802,48.9025,49.2473,2.0971,1.1922
7803,48.9031,49.2476,2.097,1.1922
7804,48.9036,49.248,2.0969,1.1921
7805,48.9042,49.2485,2.0967,1.192
7806,48.9048,49.249,2.0966,1.192
7807,48.9054,49.2495,2.0965,1.1919
7808,48.906,49.2501,2.0964,1.1918
7809,48.9065,49.2508,2.0962,1.1918
7810,48.9071,49.2514,2.0961,1.1917
7811,48.9077,49.2521,2.096,1.1917
7812,48.9083,49.2529,2.0959,1.1916
7813,48.9088,49.2536,2.0958,1.1915
7814,48.9094,49.2544,2.0956,1.1915
7815,48.91,49.2552,2.0955,1.1914
7816,48.9106,49.2561,2.0954,1.1913
7817,48.9111,49.2569,2.0953,1.1913
7818,48.9117,49.2578,2.0952,1.1912
7819,48.9123,49.2587,2.095,1.1911
7820,48.9128,49.2597,2.0949,1.1911
7821,48.9134,49.2606,2.0948,1.191
7822,48.914,49.2616,2.0947,1.1909
7823,48.9146,49.2626,2.0946,1.1909
7824,48.9151,49.2636,2.0944,1.1908
7825,48.9157,49.2647,2.0943,1.1908
7826,48.9163,49.2657,2.0942,1.1907
7827,48.9168,49.2668,2.0941,1.1906
7828,48.9174,49.2679,2.0939,1.1906
7829,48.918,49.269,2.0938,1.1905
7830,48.9186,49.2701,2.0937,1.1904
7831,48.9191,49.2712,2.0936,1.1904
7832,48.9197,49.2724,2.0935,1.1903
7833,48.9203,49.2735,2.0933,1.1902
7834,48.9208,49.2747,2.0932,1.1902
7835,48.9214,49.2759,2.0931,1.1901
7836,48.922,49.2771,2.093,1.1901
7837,48.9225,49.2784,2.0929,1.19
7838,48.9231,49.2796,2.0927,1.1899
7839,48.9237,49.2809,2.0926,1.1899
7840,48.9242,49.2821,2.0925,1.1898
7841,48.9248,49.2834,2.0924,1.1897
7842,48.9254,49.2847,2.0923,1.1897
7843,48.9259,49.286,2.0921,1.1896
7844,48.9265,49.2873,2.092,1.1896
7845,48.9271,49.2887,2.0919,1.1895
7846,48.9276,49.29,2.0918,1.1894
7847,48.9282,49.2914,2.0917,1.1894
7848,48.9288,49.2927,2.0915,1.1893
7849,48.9293,49.2941,2.0914,1.1892
7850,48.9299,49.2955,2.0913,1.1892
7851,48.9305,49.2969,2.0912,1.1891
7852,48.931,49.2983,2.091,1.1891
7853,48.9316,49.2997,2.0909,1.189
7854,48.9322,49.3012,2.0908,1.1889
7855,48.9327,49.3026,2.0907,1.1889
7856,48.9333,49.3041,2.0906,1.1888
7857,48.9339,49.3055,2.0904,1.1887
7858,48.9344,49.307,2.0903,1.1887
7859,48.935,49.3085,2.0902,1.1886
7860,48.9356,49.31,2.0901,1.1886
7861,48.9361,49.3113,2.09,1.1885
7862,48.9367,49.3126,2.0898,1.1884
7863,48.9373,49.3137,2.0897,1.1884
7864,48.9378,49.3148,2.0896,1.1883
7865,48.9384,49.3158,2.0895,1.1882
7866,48.939,49.3167,2.0894,1.1882
7867,48.9395,49.3177,2.0892,1.1881
7868,48.9401,49.3186,2.0891,1.1881
7869,48.9406,49.3194,2.089,1.188
7870,48.9412,49.3203,2.0889,1.1879
7871,48.9418,49.3211,2.0888,1.1879
7872,48.9423,49.3218,2.0886,1.1878
7873,48.9429,49.3226,2.0885,1.1877
7874,48.9435,49.3233,2.0884,1.1877
7875,48.944,49.324,2.0883,1.1876
7876,48.9446,49.3247,2.0881,1.1875
7877,48.9451,49.3254,2.088,1.1875
7878,48.9457,49.326,2.0879,1.1874
7879,48.9463,49.3267,2.0878,1.1874
7880,48.9468,49.3273,2.0877,1.1873
7881,48.9474,49.3279,2.0875,1.1872
7882,48.9479,49.3284,2.0874,1.1872
7883,48.9485,49.329,2.0873,1.1871
7884,48.9491,49.3296,2.0872,1.187
7885,48.9496,49.3301,2.0871,1.187
7886,48.9502,49.3306,2.0869,1.1869
7887,48.9507,49.3311,2.0868,1.1869
7888,48.9513,49.3316,2.0867,1.1868
7889,48.9519,49.3321,2.0866,1.1867
7890,48.9524,49.3325,2.0865,1.1867
7891,48.953,49.333,2.0863,1.1866
7892,48.9535,49.3334,2.0862,1.1865
7893,48.9541,49.3339,2.0861,1.1865
7894,48.9547,49.3343,2.086,1.1864
7895,48.9552,49.3347,2.0859,1.1864
7896,48.9558,49.3351,2.0857,1.1863
7897,48.9563,49.3355,2.0856,1.1862
7898,48.9569,49.3358,2.0855,1.1862
7899,48.9575,49.3362,2.0854,1.1861
7900,48.958,49.3365,2.0853,1.186
7901,48.9586,49.3369,2.0851,1.186
7902,48.9591,49.3372,2.085,1.1859
7903,48.9597,49.3375,2.0849,1.1858
7904,48.9602,49.3378,2.0848,1.1858
7905,48.9608,49.3382,2.0846,1.1857
7906,48.9614,49.3384,2.0845,1.1857
7907,48.9619,49.3387,2.0844,1.1856
7908,48.9625,49.339,2.0843,1.1855
7909,48.963,49.3393,2.0842,1.1855
7910,48.9636,49.3395,2.084,1.1854
7911,48.9641,49.3398,2.0839,1.1853
7912,48.9647,49.34,2.0838,1.1853
7913,48.9652,49.3403,2.0837,1.1852
7914,48.9658,49.3405,2.0836,1.1852
7915,48.9664,49.3407,2.0834,1.1851
7916,48.9669,49.3409,2.0833,1.185
7917,48.9675,49.3411,2.0832,1.185
7918,48.968,49.3413,2.0831,1.1849
7919,48.9686,49.3415,2.083,1.1848
7920,48.9691,49.3417,2.0828,1.1848
7921,48.9697,49.3419,2.0827,1.1847
7922,48.9702,49.3421,2.0826,1.1846
7923,48.9708,49.3423,2.0825,1.1846
7924,48.9714,49.3425,2.0824,1.1845
7925,48.9719,49.3427,2.0822,1.1845
7926,48.9725,49.3429,2.0821,1.1844
7927,48.973,49.3431,2.082,1.1843
7928,48.9736,49.3433,2.0819,1.1843
7929,48.9741,49.3435,2.0818,1.1842
7930,48.9747,49.3437,2.0816,1.1841
7931,48.9752,49.3439,2.0815,1.1841
7932,48.9758,49.344,2.0814,1.184
7933,48.9763,49.3442,2.0813,1.1839
7934,48.9769,49.3444,2.0812,1.1839
7935,48.9775,49.3446,2.081,1.1838
7936,48.978,49.3448,2.0809,1.1838
7937,48.9786,49.3449,2.0808,1.1837
7938,48.9791,49.3451,2.0807,1.1836
7939,48.9797,49.3453,2.0806,1.1836
7940,48.9802,49.3454,2.0804,1.1835
7941,48.9808,49.3456,2.0803,1.1834
7942,48.9813,49.3457,2.0802,1.1834
7943,48.9819,49.3459,2.0801,1.1833
7944,48.9825,49.346,2.08,1.1832
7945,48.983,49.3462,2.0798,1.1832
7946,48.9836,49.3463,2.0797,1.1831
7947,48.9841,49.3465,2.0796,1.183
7948,48.9847,49.3466,2.0795,1.183
7949,48.9852,49.3467,2.0794,1.1829
7950,48.9858,49.3469,2.0792,1.1829
7951,48.9864,49.347,2.0791,1.1828
7952,48.9869,49.3471,2.079,1.1827
7953,48.9875,49.3472,2.0789,1.1827
7954,48.988,49.3473,2.0787,1.1826
7955,48.9886,49.3475,2.0786,1.1825
7956,48.9891,49.3476,2.0785,1.1825
7957,48.9897,49.3477,2.0784,1.1824
7958,48.9903,49.3478,2.0783,1.1823
7959,48.9908,49.3479,2.0781,1.1823
7960,48.9914,49.348,2.078,1.1822
7961,48.9919,49.3481,2.0779,1.1822
7962,48.9925,49.3482,2.0778,1.1821
7963,48.9931,49.3483,2.0777,1.182
7964,48.9936,49.3483,2.0775,1.182
7965,48.9942,49.3484,2.0774,1.1819
7966,48.9947,49.3485,2.0773,1.1818
7967,48.9953,49.3486,2.0772,1.1818
7968,48.9959,49.3487,2.0771,1.1817
7969,48.9964,49.3487,2.0769,1.1816
7970,48.997,49.3488,2.0768,1.1816
7971,48.9975,49.3489,2.0767,1.1815
7972,48.9981,49.3489,2.0766,1.1814
7973,48.9987,49.349,2.0765,1.1814
7974,48.9992,49.349,2.0763,1.1813
7975,48.9998,49.3491,2.0762,1.1813
7976,49.0003,49.3491,2.0761,1.1812
7977,49.0009,49.3492,2.076,1.1811
7978,49.0015,49.3492,2.0759,1.1811
7979,49.002,49.3493,2.0757,1.181
7980,49.0026,49.3493,2.0756,1.1809
7981,49.0032,49.3494,2.0755,1.1809
7982,49.0037,49.3496,2.0754,1.1808
7983,49.0043,49.3498,2.0753,1.1807
7984,49.0049,49.35,2.0751,1.1807
7985,49.0054,49.3503,2.075,1.1806
7986,49.006,49.3506,2.0749,1.1806
7987,49.0066,49.3509,2.0748,1.1805
7988,49.0071,49.3512,2.0747,1.1804
7989,49.0077,49.3515,2.0745,1.1804
7990,49.0082,49.3519,2.0744,1.1803
7991,49.0088,49.3522,2.0743,1.1802
7992,49.0094,49.3526,2.0742,1.1802
7993,49.0099,49.353,2.0741,1.1801
7994,49.0105,49.3534,2.0739,1.18
7995,49.0111,49.3538,2.0738,1.18
7996,49.0116,49.3542,2.0737,1.1799
7997,49.0122,49.3546,2.0736,1.1798
7998,49.0128,49.3551,2.0735,1.1798
7999,49.0134,49.3555,2.0733,1.1797
8000,49.0139,49.3559,2.0732,1.1797
8001,49.0145,49.3564,2.0731,1.1796
8002,49.0151,49.3569,2.073,1.1795
8003,49.0156,49.3574,2.0729,1.1795
8004,49.0162,49.3578,2.0727,1.1794
8005,49.0168,49.3583,2.0726,1.1793
8006,49.0173,49.3588,2.0725,1.1793
8007,49.0179,49.3593,2.0724,1.1792
8008,49.0185,49.3599,2.0723,1.1791
8009,49.019,49.3604,2.0721,1.1791
8010,49.0196,49.3609,2.072,1.179
8011,49.0202,49.3614,2.0719,1.179
8012,49.0208,49.362,2.0718,1.1789
8013,49.0213,49.3625,2.0717,1.1788
8014,49.0219,49.3631,2.0715,1.1788
8015,49.0225,49.3636,2.0714,1.1787
8016,49.023,49.3642,2.0713,1.1786
8017,49.0236,49.3648,2.0712,1.1786
8018,49.0242,49.3653,2.0711,1.1785
8019,49.0247,49.3659,2.0709,1.1784
8020,49.0253,49.3665,2.0708,1.1784
8021,49.0259,49.3671,2.0707,1.1783
8022,49.0265,49.3677,2.0706,1.1783
8023,49.027,49.3683,2.0705,1.1782
8024,49.0276,49.3689,2.0703,1.1781
8025,49.0282,49.3695,2.0702,1.1781
8026,49.0287,49.3701,2.0701,1.178
8027,49.0293,49.3707,2.07,1.1779
8028,49.0299,49.3714,2.0699,1.1779
8029,49.0305,49.372,2.0697,1.1778
8030,49.031,49.3726,2.0696,1.1777
8031,49.0316,49.3732,2.0695,1.1777
8032,49.0322,49.3739,2.0694,1.1776
8033,49.0327,49.3745,2.0693,1.1776
8034,49.0333,49.3752,2.0691,1.1775
8035,49.0339,49.3758,2.069,1.1774
8036,49.0345,49.3765,2.0689,1.1774
8037,49.035,49.3771,2.0688,1.1773
8038,49.0356,49.3778,2.0687,1.1772
8039,49.0362,49.3785,2.0685,1.1772
8040,49.0367,49.3791,2.0684,1.1771
8041,49.0373,49.3797,2.0683,1.177
8042,49.0379,49.3802,2.0682,1.177
8043,49.0385,49.3805,2.0681,1.1769
8044,49.039,49.3809,2.068,1.1769
8045,49.0396,49.3812,2.0678,1.1768
8046,49.0402,49.3814,2.0677,1.1767
8047,49.0407,49.3817,2.0676,1.1767
8048,49.0413,49.3819,2.0675,1.1766
8049,49.0419,49.382,2.0674,1.1765
8050,49.0425,49.3822,2.0672,1.1765
8051,49.043,49.3823,2.0671,1.1764
8052,49.0436,49.3824,2.067,1.1763
8053,49.0442,49.3825,2.0669,1.1763
8054,49.0447,49.3825,2.0668,1.1762
8055,49.0453,49.3825,2.0666,1.1762
8056,49.0459,49.3826,2.0665,1.1761
8057,49.0464,49.3826,2.0664,1.176
8058,49.047,49.3825,2.0663,1.176
8059,49.0476,49.3825,2.0662,1.1759
8060,49.0482,49.3824,2.066,1.1758
8061,49.0487,49.3824,2.0659,1.1758
8062,49.0493,49.3823,2.0658,1.1757
8063,49.0499,49.3822,2.0657,1.1757
8064,49.0504,49.3821,2.0656,1.1756
8065,49.051,49.3819,2.0654,1.1755
8066,49.0516,49.3818,2.0653,1.1755
8067,49.0521,49.3816,2.0652,1.1754
8068,49.0527,49.3815,2.0651,1.1753
8069,49.0533,49.3813,2.065,1.1753
8070,49.0538,49.3811,2.0648,1.1752
8071,49.0544,49.3809,2.0647,1.1751
8072,49.055,49.3807,2.0646,1.1751
8073,49.0555,49.3804,2.0645,1.175
8074,49.0561,49.3802,2.0644,1.1749
8075,49.0567,49.3799,2.0642,1.1749
8076,49.0572,49.3797,2.0641,1.1748
8077,49.0578,49.3794,2.064,1.1748
8078,49.0584,49.3791,2.0639,1.1747
8079,49.0589,49.3788,2.0638,1.1746
8080,49.0595,49.3785,2.0636,1.1746
8081,49.06,49.3782,2.0635,1.1745
8082,49.0606,49.3779,2.0634,1.1744
8083,49.0612,49.3775,2.0633,1.1744
8084,49.0617,49.3772,2.0632,1.1743
8085,49.0623,49.3768,2.063,1.1742
8086,49.0629,49.3765,2.0629,1.1742
8087,49.0634,49.3761,2.0628,1.1741
8088,49.064,49.3757,2.0627,1.1741
8089,49.0646,49.3753,2.0626,1.174
8090,49.0651,49.3749,2.0625,1.1739
8091,49.0657,49.3745,2.0623,1.1739
8092,49.0662,49.3741,2.0622,1.1738
8093,49.0668,49.3737,2.0621,1.1737
8094,49.0674,49.3732,2.062,1.1737
8095,49.0679,49.3728,2.0619,1.1736
8096,49.0685,49.3724,2.0617,1.1735
8097,49.069,49.3719,2.0616,1.1735
8098,49.0696,49.3714,2.0615,1.1734
8099,49.0702,49.371,2.0614,1.1733
8100,49.0707,49.3705,2.0613,1.1733
8101,49.0713,49.3702,2.0611,1.1732
8102,49.0718,49.3701,2.061,1.1732
8103,49.0724,49.3702,2.0609,1.1731
8104,49.0729,49.3703,2.0608,1.173
8105,49.0735,49.3705,2.0607,1.173
8106,49.0741,49.3708,2.0605,1.1729
8107,49.0746,49.3711,2.0604,1.1728
8108,49.0752,49.3715,2.0603,1.1728
8109,49.0757,49.372,2.0602,1.1727
8110,49.0763,49.3724,2.0601,1.1726
8111,49.0768,49.373,2.0599,1.1726
8112,49.0774,49.3735,2.0598,1.1725
8113,49.0779,49.3742,2.0597,1.1724
8114,49.0785,49.3748,2.0596,1.1724
8115,49.0791,49.3755,2.0595,1.1723
8116,49.0796,49.3762,2.0593,1.1723
8117,49.0802,49.377,2.0592,1.1722
8118,49.0807,49.3778,2.0591,1.1721
8119,49.0813,49.3786,2.059,1.1721
8120,49.0818,49.3794,2.0589,1.172
8121,49.0824,49.3803,2.0588,1.1719
8122,49.0829,49.3812,2.0586,1.1719
8123,49.0835,49.3821,2.0585,1.1718
8124,49.084,49.3831,2.0584,1.1717
8125,49.0846,49.384,2.0583,1.1717
8126,49.0851,49.385,2.0582,1.1716
8127,49.0857,49.3861,2.058,1.1715
8128,49.0862,49.3871,2.0579,1.1715
8129,49.0868,49.3882,2.0578,1.1714
8130,49.0873,49.3893,2.0577,1.1714
8131,49.0879,49.3904,2.0576,1.1713
8132,49.0884,49.3915,2.0574,1.1712
8133,49.089,49.3927,2.0573,1.1712
8134,49.0895,49.3939,2.0572,1.1711
8135,49.0901,49.3951,2.0571,1.171
8136,49.0906,49.3963,2.057,1.171
8137,49.0912,49.3975,2.0568,1.1709
8138,49.0917,49.3988,2.0567,1.1709
8139,49.0923,49.4,2.0566,1.1708
8140,49.0928,49.4013,2.0565,1.1707
8141,49.0933,49.4026,2.0564,1.1707
8142,49.0939,49.4039,2.0563,1.1706
8143,49.0944,49.4053,2.0561,1.1705
8144,49.095,49.4066,2.056,1.1705
8145,49.0955,49.408,2.0559,1.1704
8146,49.0961,49.4094,2.0558,1.1703
8147,49.0966,49.4108,2.0557,1.1703
8148,49.0972,49.4122,2.0555,1.1702
8149,49.0977,49.4137,2.0554,1.1702
8150,49.0982,49.4151,2.0553,1.1701
8151,49.0988,49.4166,2.0552,1.17
8152,49.0993,49.4181,2.0551,1.17
8153,49.0999,49.4196,2.0549,1.1699
8154,49.1004,49.4211,2.0548,1.1698
8155,49.1009,49.4226,2.0547,1.1698
8156,49.1015,49.4242,2.0546,1.1697
8157,49.102,49.4257,2.0545,1.1697
8158,49.1026,49.4273,2.0543,1.1696
8159,49.1031,49.4289,2.0542,1.1695
8160,49.1036,49.4305,2.0541,1.1695
8161,49.1042,49.4319,2.054,1.1694
8162,49.1047,49.4331,2.0539,1.1693
8163,49.1053,49.4342,2.0538,1.1693
8164,49.1058,49.4353,2.0536,1.1692
8165,49.1063,49.4362,2.0535,1.1692
8166,49.1069,49.4371,2.0534,1.1691
8167,49.1074,49.438,2.0533,1.169
8168,49.1079,49.4388,2.0532,1.169
8169,49.1085,49.4396,2.053,1.1689
8170,49.109,49.4404,2.0529,1.1689
8171,49.1095,49.4411,2.0528,1.1688
8172,49.1101,49.4417,2.0527,1.1687
8173,49.1106,49.4424,2.0526,1.1687
8174,49.1111,49.443,2.0524,1.1686
8175,49.1117,49.4436,2.0523,1.1685
8176,49.1122,49.4441,2.0522,1.1685
8177,49.1127,49.4446,2.0521,1.1684
8178,49.1132,49.4451,2.052,1.1684
8179,49.1138,49.4456,2.0518,1.1683
8180,49.1143,49.4461,2.0517,1.1682
8181,49.1148,49.4465,2.0516,1.1682
8182,49.1154,49.4469,2.0515,1.1681
8183,49.1159,49.4473,2.0514,1.168
8184,49.1164,49.4477,2.0513,1.168
8185,49.1169,49.4481,2.0511,1.1679
8186,49.1175,49.4484,2.051,1.1679
8187,49.118,49.4487,2.0509,1.1678
8188,49.1185,49.449,2.0508,1.1677
8189,49.119,49.4493,2.0507,1.1677
8190,49.1196,49.4496,2.0505,1.1676
8191,49.1201,49.4498,2.0504,1.1675
8192,49.1206,49.4501,2.0503,1.1675
8193,49.1211,49.4503,2.0502,1.1674
8194,49.1216,49.4505,2.0501,1.1673
8195,49.1222,49.4507,2.0499,1.1673
8196,49.1227,49.4509,2.0498,1.1672
8197,49.1232,49.451,2.0497,1.1672
8198,49.1237,49.4512,2.0496,1.1671
8199,49.1242,49.4513,2.0495,1.167
8200,49.1248,49.4515,2.0494,1.167
8201,49.1253,49.4516,2.0492,1.1669
8202,49.1258,49.4517,2.0491,1.1668
8203,49.1263,49.4518,2.049,1.1668
8204,49.1268,49.4519,2.0489,1.1667
8205,49.1273,49.4519,2.0488,1.1667
8206,49.1278,49.452,2.0486,1.1666
8207,49.1284,49.452,2.0485,1.1665
8208,49.1289,49.4521,2.0484,1.1665
8209,49.1294,49.4521,2.0483,1.1664
8210,49.1299,49.4521,2.0482,1.1663
8211,49.1304,49.4521,2.048,1.1663
8212,49.1309,49.4521,2.0479,1.1662
8213,49.1314,49.4521,2.0478,1.1661
8214,49.1319,49.452,2.0477,1.1661
8215,49.1324,49.452,2.0476,1.166
8216,49.133,49.452,2.0475,1.166
8217,49.1335,49.4519,2.0473,1.1659
8218,49.134,49.4518,2.0472,1.1658
8219,49.1345,49.4518,2.0471,1.1658
8220,49.135,49.4517,2.047,1.1657
8221,49.1355,49.4517,2.0469,1.1656
8222,49.136,49.4518,2.0467,1.1656
8223,49.1365,49.452,2.0466,1.1655
8224,49.137,49.4522,2.0465,1.1654
8225,49.1375,49.4524,2.0464,1.1654
8226,49.138,49.4527,2.0463,1.1653
8227,49.1385,49.453,2.0462,1.1653
8228,49.139,49.4534,2.046,1.1652
8229,49.1395,49.4537,2.0459,1.1651
8230,49.14,49.4541,2.0458,1.1651
8231,49.1405,49.4545,2.0457,1.165
8232,49.141,49.4549,2.0456,1.1649
8233,49.1415,49.4553,2.0454,1.1649
8234,49.142,49.4557,2.0453,1.1648
8235,49.1426,49.4562,2.0452,1.1648
8236,49.1431,49.4566,2.0451,1.1647
8237,49.1436,49.4571,2.045,1.1646
8238,49.1441,49.4576,2.0448,1.1646
8239,49.1446,49.4581,2.0447,1.1645
8240,49.1451,49.4586,2.0446,1.1644
8241,49.1456,49.4591,2.0445,1.1644
8242,49.1461,49.4597,2.0444,1.1643
8243,49.1466,49.4602,2.0443,1.1642
8244,49.1471,49.4608,2.0441,1.1642
8245,49.1476,49.4613,2.044,1.1641
8246,49.1481,49.4619,2.0439,1.1641
8247,49.1486,49.4625,2.0438,1.164
8248,49.1491,49.4631,2.0437,1.1639
8249,49.1496,49.4637,2.0435,1.1639
8250,49.1501,49.4643,2.0434,1.1638
8251,49.1506,49.4649,2.0433,1.1637
8252,49.1511,49.4655,2.0432,1.1637
8253,49.1516,49.4661,2.0431,1.1636
8254,49.1521,49.4668,2.043,1.1636
8255,49.1526,49.4674,2.0428,1.1635
8256,49.1531,49.4681,2.0427,1.1634
8257,49.1536,49.4687,2.0426,1.1634
8258,49.1541,49.4694,2.0425,1.1633
8259,49.1546,49.4701,2.0424,1.1632
8260,49.155,49.4707,2.0422,1.1632
8261,49.1555,49.4714,2.0421,1.1631
8262,49.156,49.4721,2.042,1.1631
8263,49.1565,49.4728,2.0419,1.163
8264,49.157,49.4735,2.0418,1.1629
8265,49.1575,49.4742,2.0417,1.1629
8266,49.158,49.4749,2.0415,1.1628
8267,49.1585,49.4756,2.0414,1.1627
8268,49.159,49.4763,2.0413,1.1627
8269,49.1595,49.4771,2.0412,1.1626
8270,49.16,49.4778,2.0411,1.1626
8271,49.1605,49.4785,2.0409,1.1625
8272,49.161,49.4793,2.0408,1.1624
8273,49.1615,49.48,2.0407,1.1624
8274,49.162,49.4808,2.0406,1.1623
8275,49.1625,49.4815,2.0405,1.1622
8276,49.163,49.4823,2.0404,1.1622
8277,49.1635,49.483,2.0402,1.1621
8278,49.164,49.4838,2.0401,1.1621
8279,49.1645,49.4846,2.04,1.162
8280,49.165,49.4854,2.0399,1.1619
8281,49.1655,49.486,2.0398,1.1619
8282,49.166,49.4865,2.0396,1.1618
8283,49.1665,49.4869,2.0395,1.1617
8284,49.167,49.4873,2.0394,1.1617
8285,49.1675,49.4876,2.0393,1.1616
8286,49.168,49.4878,2.0392,1.1616
8287,49.1685,49.4881,2.0391,1.1615
8288,49.169,49.4883,2.0389,1.1614
8289,49.1695,49.4884,2.0388,1.1614
8290,49.17,49.4885,2.0387,1.1613
8291,49.1705,49.4886,2.0386,1.1612
8292,49.171,49.4887,2.0385,1.1612
8293,49.1715,49.4887,2.0383,1.1611
8294,49.172,49.4887,2.0382,1.1611
8295,49.1725,49.4887,2.0381,1.161
8296,49.173,49.4887,2.038,1.1609
8297,49.1735,49.4886,2.0379,1.1609
8298,49.174,49.4885,2.0378,1.1608
8299,49.1745,49.4884,2.0376,1.1607
8300,49.175,49.4883,2.0375,1.1607
8301,49.1755,49.4881,2.0374,1.1606
8302,49.176,49.4879,2.0373,1.1605
8303,49.1765,49.4878,2.0372,1.1605
8304,49.177,49.4876,2.037,1.1604
8305,49.1775,49.4873,2.0369,1.1604
8306,49.178,49.4871,2.0368,1.1603
8307,49.1785,49.4868,2.0367,1.1602
8308,49.179,49.4866,2.0366,1.1602
8309,49.1795,49.4863,2.0365,1.1601
8310,49.18,49.486,2.0363,1.16
8311,49.1805,49.4857,2.0362,1.16
8312,49.181,49.4853,2.0361,1.1599
8313,49.1815,49.485,2.036,1.1598
8314,49.182,49.4846,2.0359,1.1598
8315,49.1825,49.4842,2.0357,1.1597
8316,49.183,49.4838,2.0356,1.1597
8317,49.1835,49.4834,2.0355,1.1596
8318,49.184,49.483,2.0354,1.1595
8319,49.1845,49.4826,2.0353,1.1595
8320,49.185,49.4821,2.0352,1.1594
8321,49.1855,49.4817,2.035,1.1593
8322,49.186,49.4812,2.0349,1.1593
8323,49.1865,49.4807,2.0348,1.1592
8324,49.187,49.4802,2.0347,1.1591
8325,49.1875,49.4797,2.0346,1.1591
8326,49.188,49.4792,2.0345,1.159
8327,49.1885,49.4787,2.0343,1.159
8328,49.189,49.4782,2.0342,1.1589
8329,49.1895,49.4776,2.0341,1.1588
8330,49.19,49.477,2.034,1.1588
8331,49.1905,49.4765,2.0339,1.1587
8332,49.191,49.4759,2.0337,1.1586
8333,49.1915,49.4753,2.0336,1.1586
8334,49.192,49.4747,2.0335,1.1585
8335,49.1925,49.4741,2.0334,1.1584
8336,49.193,49.4734,2.0333,1.1584
8337,49.1935,49.4728,2.0332,1.1583
8338,49.194,49.4721,2.033,1.1582
8339,49.1945,49.4715,2.0329,1.1582
8340,49.195,49.4708,2.0328,1.1581
8341,49.1955,49.4703,2.0327,1.1581
8342,49.196,49.4699,2.0326,1.158
8343,49.1965,49.4696,2.0324,1.1579
8344,49.197,49.4694,2.0323,1.1579
8345,49.1975,49.4692,2.0322,1.1578
8346,49.198,49.4691,2.0321,1.1577
8347,49.1985,49.469,2.032,1.1577
8348,49.199,49.469,2.0319,1.1576
8349,49.1995,49.4689,2.0317,1.1575
8350,49.2,49.469,2.0316,1.1575
8351,49.2005,49.469,2.0315,1.1574
8352,49.201,49.4691,2.0314,1.1573
8353,49.2015,49.4691,2.0313,1.1573
8354,49.202,49.4693,2.0312,1.1572
8355,49.2025,49.4694,2.031,1.1572
8356,49.203,49.4696,2.0309,1.1571
8357,49.2035,49.4697,2.0308,1.157
8358,49.2039,49.4699,2.0307,1.157
8359,49.2044,49.4702,2.0306,1.1569
8360,49.2049,49.4704,2.0304,1.1568
8361,49.2054,49.4707,2.0303,1.1568
8362,49.2059,49.4709,2.0302,1.1567
8363,49.2064,49.4712,2.0301,1.1566
8364,49.2069,49.4715,2.03,1.1566
8365,49.2074,49.4718,2.0299,1.1565
8366,49.2079,49.4722,2.0297,1.1565
8367,49.2084,49.4725,2.0296,1.1564
8368,49.2089,49.4729,2.0295,1.1563
8369,49.2094,49.4733,2.0294,1.1563
8370,49.2099,49.4736,2.0293,1.1562
8371,49.2104,49.474,2.0292,1.1561
8372,49.2109,49.4745,2.029,1.1561
8373,49.2114,49.4749,2.0289,1.156
8374,49.2119,49.4753,2.0288,1.1559
8375,49.2124,49.4758,2.0287,1.1559
8376,49.2129,49.4762,2.0286,1.1558
8377,49.2134,49.4767,2.0284,1.1558
8378,49.2139,49.4772,2.0283,1.1557
8379,49.2144,49.4777,2.0282,1.1556
8380,49.2149,49.4782,2.0281,1.1556
8381,49.2154,49.4787,2.028,1.1555
8382,49.2159,49.4792,2.0279,1.1554
8383,49.2164,49.4798,2.0277,1.1554
8384,49.2169,49.4803,2.0276,1.1553
8385,49.2174,49.4808,2.0275,1.1552
8386,49.2179,49.4814,2.0274,1.1552
8387,49.2184,49.482,2.0273,1.1551
8388,49.2189,49.4826,2.0272,1.1551
8389,49.2194,49.4831,2.027,1.155
8390,49.2199,49.4837,2.0269,1.1549
8391,49.2204,49.4843,2.0268,1.1549
8392,49.2208,49.485,2.0267,1.1548
8393,49.2213,49.4856,2.0266,1.1547
8394,49.2218,49.4862,2.0265,1.1547
8395,49.2223,49.4868,2.0263,1.1546
8396,49.2228,49.4875,2.0262,1.1545
8397,49.2233,49.4881,2.0261,1.1545
8398,49.2238,49.4888,2.026,1.1544
8399,49.2243,49.4895,2.0259,1.1544
8400,49.2248,49.4901,2.0257,1.1543
8401,49.2253,49.4908,2.0256,1.1542
8402,49.2258,49.4913,2.0255,1.1542
8403,49.2263,49.4919,2.0254,1.1541
8404,49.2268,49.4924,2.0253,1.154
8405,49.2273,49.4929,2.0252,1.154
8406,49.2278,49.4934,2.025,1.1539
8407,49.2282,49.4939,2.0249,1.1539
8408,49.2287,49.4944,2.0248,1.1538
8409,49.2292,49.4949,2.0247,1.1537
8410,49.2297,49.4953,2.0246,1.1537
8411,49.2302,49.4958,2.0245,1.1536
8412,49.2307,49.4963,2.0243,1.1535
8413,49.2312,49.4967,2.0242,1.1535
8414,49.2317,49.4971,2.0241,1.1534
8415,49.2322,49.4976,2.024,1.1534
8416,49.2327,49.498,2.0239,1.1533
8417,49.2331,49.4984,2.0238,1.1532
8418,49.2336,49.4988,2.0236,1.1532
8419,49.2341,49.4992,2.0235,1.1531
8420,49.2346,49.4997,2.0234,1.153
8421,49.2351,49.5001,2.0233,1.153
8422,49.2356,49.5005,2.0232,1.1529
8423,49.2361,49.5009,2.0231,1.1528
8424,49.2365,49.5013,2.0229,1.1528
8425,49.237,49.5017,2.0228,1.1527
8426,49.2375,49.5021,2.0227,1.1527
8427,49.238,49.5024,2.0226,1.1526
8428,49.2385,49.5028,2.0225,1.1525
8429,49.239,49.5032,2.0223,1.1525
8430,49.2394,49.5036,2.0222,1.1524
8431,49.2399,49.504,2.0221,1.1523
8432,49.2404,49.5044,2.022,1.1523
8433,49.2409,49.5047,2.0219,1.1522
8434,49.2414,49.5051,2.0218,1.1522
8435,49.2418,49.5055,2.0216,1.1521
8436,49.2423,49.5058,2.0215,1.152
8437,49.2428,49.5062,2.0214,1.152
8438,49.2433,49.5066,2.0213,1.1519
8439,49.2438,49.5069,2.0212,1.1518
8440,49.2442,49.5073,2.0211,1.1518
8441,49.2447,49.5077,2.0209,1.1517
8442,49.2452,49.508,2.0208,1.1517
8443,49.2457,49.5084,2.0207,1.1516
8444,49.2461,49.5087,2.0206,1.1515
8445,49.2466,49.5091,2.0205,1.1515
8446,49.2471,49.5095,2.0204,1.1514
8447,49.2475,49.5098,2.0202,1.1513
8448,49.248,49.5102,2.0201,1.1513
8449,49.2485,49.5105,2.02,1.1512
8450,49.249,49.5109,2.0199,1.1511
8451,49.2494,49.5112,2.0198,1.1511
8452,49.2499,49.5116,2.0197,1.151
8453,49.2504,49.5119,2.0195,1.151
8454,49.2508,49.5123,2.0194,1.1509
8455,49.2513,49.5126,2.0193,1.1508
8456,49.2518,49.5129,2.0192,1.1508
8457,49.2522,49.5133,2.0191,1.1507
8458,49.2527,49.5136,2.019,1.1506
8459,49.2532,49.514,2.0188,1.1506
8460,49.2536,49.5143,2.0187,1.1505
8461,49.2541,49.5147,2.0186,1.1505
8462,49.2546,49.5152,2.0185,1.1504
8463,49.255,49.5157,2.0184,1.1503
8464,49.2555,49.5162,2.0183,1.1503
8465,49.2559,49.5168,2.0181,1.1502
8466,49.2564,49.5173,2.018,1.1501
8467,49.2569,49.5179,2.0179,1.1501
8468,49.2573,49.5185,2.0178,1.15
8469,49.2578,49.5192,2.0177,1.1499
8470,49.2582,49.5198,2.0176,1.1499
8471,49.2587,49.5205,2.0174,1.1498
8472,49.2592,49.5211,2.0173,1.1498
8473,49.2596,49.5218,2.0172,1.1497
8474,49.2601,49.5225,2.0171,1.1496
8475,49.2605,49.5232,2.017,1.1496
8476,49.261,49.524,2.0169,1.1495
8477,49.2614,49.5247,2.0167,1.1494
8478,49.2619,49.5254,2.0166,1.1494
8479,49.2623,49.5262,2.0165,1.1493
8480,49.2628,49.527,2.0164,1.1493
8481,49.2633,49.5277,2.0163,1.1492
8482,49.2637,49.5285,2.0161,1.1491
8483,49.2642,49.5293,2.016,1.1491
8484,49.2646,49.5301,2.0159,1.149
8485,49.2651,49.5309,2.0158,1.1489
8486,49.2655,49.5317,2.0157,1.1489
8487,49.266,49.5326,2.0156,1.1488
8488,49.2664,49.5334,2.0154,1.1488
8489,49.2669,49.5342,2.0153,1.1487
8490,49.2673,49.5351,2.0152,1.1486
8491,49.2677,49.5359,2.0151,1.1486
8492,49.2682,49.5368,2.015,1.1485
8493,49.2686,49.5377,2.0149,1.1484
8494,49.2691,49.5386,2.0147,1.1484
8495,49.2695,49.5395,2.0146,1.1483
8496,49.27,49.5404,2.0145,1.1483
8497,49.2704,49.5413,2.0144,1.1482
8498,49.2709,49.5422,2.0143,1.1481
8499,49.2713,49.5431,2.0142,1.1481
8500,49.2718,49.544,2.014,1.148
8501,49.2722,49.5449,2.0139,1.1479
8502,49.2726,49.5459,2.0138,1.1479
8503,49.2731,49.5468,2.0137,1.1478
8504,49.2735,49.5478,2.0136,1.1478
8505,49.274,49.5487,2.0135,1.1477
8506,49.2744,49.5497,2.0133,1.1476
8507,49.2748,49.5506,2.0132,1.1476
8508,49.2753,49.5516,2.0131,1.1475
8509,49.2757,49.5526,2.013,1.1474
8510,49.2762,49.5536,2.0129,1.1474
8511,49.2766,49.5546,2.0128,1.1473
8512,49.277,49.5556,2.0126,1.1473
8513,49.2775,49.5566,2.0125,1.1472
8514,49.2779,49.5576,2.0124,1.1471
8515,49.2783,49.5586,2.0123,1.1471
8516,49.2788,49.5596,2.0122,1.147
8517,49.2792,49.5606,2.0121,1.147
8518,49.2796,49.5616,2.012,1.1469
8519,49.2801,49.5627,2.0118,1.1468
8520,49.2805,49.5637,2.0117,1.1468
8521,49.2809,49.5646,2.0116,1.1467
8522,49.2814,49.5654,2.0115,1.1466
8523,49.2818,49.5662,2.0114,1.1466
8524,49.2822,49.5669,2.0113,1.1465
8525,49.2827,49.5676,2.0111,1.1465
8526,49.2831,49.5682,2.011,1.1464
8527,49.2835,49.5688,2.0109,1.1463
8528,49.284,49.5694,2.0108,1.1463
8529,49.2844,49.5699,2.0107,1.1462
8530,49.2848,49.5704,2.0106,1.1461
8531,49.2853,49.5709,2.0104,1.1461
8532,49.2857,49.5714,2.0103,1.146
8533,49.2861,49.5718,2.0102,1.146
8534,49.2866,49.5723,2.0101,1.1459
8535,49.287,49.5727,2.01,1.1458
8536,49.2874,49.5731,2.0099,1.1458
8537,49.2878,49.5734,2.0097,1.1457
8538,49.2883,49.5738,2.0096,1.1456
8539,49.2887,49.5741,2.0095,1.1456
8540,49.2891,49.5745,2.0094,1.1455
8541,49.2896,49.5748,2.0093,1.1455
8542,49.29,49.5751,2.0092,1.1454
8543,49.2904,49.5754,2.009,1.1453
8544,49.2908,49.5757,2.0089,1.1453
8545,49.2913,49.5759,2.0088,1.1452
8546,49.2917,49.5762,2.0087,1.1451
8547,49.2921,49.5764,2.0086,1.1451
8548,49.2925,49.5766,2.0085,1.145
8549,49.293,49.5768,2.0083,1.145
8550,49.2934,49.577,2.0082,1.1449
8551,49.2938,49.5772,2.0081,1.1448
8552,49.2942,49.5774,2.008,1.1448
8553,49.2947,49.5776,2.0079,1.1447
8554,49.2951,49.5777,2.0078,1.1447
8555,49.2955,49.5779,2.0076,1.1446
8556,49.2959,49.578,2.0075,1.1445
8557,49.2964,49.5782,2.0074,1.1445
8558,49.2968,49.5783,2.0073,1.1444
8559,49.2972,49.5784,2.0072,1.1443
8560,49.2976,49.5785,2.0071,1.1443
8561,49.298,49.5786,2.0069,1.1442
8562,49.2985,49.5787,2.0068,1.1441
8563,49.2989,49.5787,2.0067,1.1441
8564,49.2993,49.5788,2.0066,1.144
8565,49.2997,49.5789,2.0065,1.144
8566,49.3002,49.5789,2.0064,1.1439
8567,49.3006,49.579,2.0063,1.1438
8568,49.301,49.579,2.0061,1.1438
8569,49.3014,49.579,2.006,1.1437
8570,49.3018,49.579,2.0059,1.1436
8571,49.3023,49.579,2.0058,1.1436
8572,49.3027,49.579,2.0057,1.1435
8573,49.3031,49.579,2.0056,1.1435
8574,49.3035,49.579,2.0054,1.1434
8575,49.3039,49.579,2.0053,1.1433
8576,49.3044,49.579,2.0052,1.1433
8577,49.3048,49.579,2.0051,1.1432
8578,49.3052,49.5789,2.005,1.1431
8579,49.3056,49.5789,2.0049,1.1431
8580,49.306,49.5788,2.0047,1.143
8581,49.3065,49.5788,2.0046,1.143
8582,49.3069,49.5788,2.0045,1.1429
8583,49.3073,49.5788,2.0044,1.1428
8584,49.3077,49.5789,2.0043,1.1428
8585,49.3082,49.5789,2.0042,1.1427
8586,49.3086,49.579,2.004,1.1426
8587,49.309,49.579,2.0039,1.1426
8588,49.3094,49.5791,2.0038,1.1425
8589,49.3098,49.5792,2.0037,1.1425
8590,49.3103,49.5792,2.0036,1.1424
8591,49.3107,49.5793,2.0035,1.1423
8592,49.3111,49.5794,2.0033,1.1423
8593,49.3115,49.5795,2.0032,1.1422
8594,49.3119,49.5796,2.0031,1.1421
8595,49.3124,49.5797,2.003,1.1421
8596,49.3128,49.5797,2.0029,1.142
8597,49.3132,49.5798,2.0028,1.142
8598,49.3136,49.5799,2.0027,1.1419
8599,49.314,49.58,2.0025,1.1418
8600,49.3145,49.5801,2.0024,1.1418
8601,49.3149,49.5802,2.0023,1.1417
8602,49.3153,49.5803,2.0022,1.1416
8603,49.3157,49.5804,2.0021,1.1416
8604,49.3161,49.5805,2.002,1.1415
8605,49.3166,49.5806,2.0018,1.1414
8606,49.317,49.5807,2.0017,1.1414
8607,49.3174,49.5808,2.0016,1.1413
8608,49.3178,49.5809,2.0015,1.1413
8609,49.3183,49.581,2.0014,1.1412
8610,49.3187,49.5811,2.0013,1.1411
8611,49.3191,49.5812,2.0011,1.1411
8612,49.3195,49.5813,2.001,1.141
8613,49.3199,49.5814,2.0009,1.1409
8614,49.3204,49.5815,2.0008,1.1409
8615,49.3208,49.5816,2.0007,1.1408
8616,49.3212,49.5817,2.0006,1.1408
8617,49.3216,49.5818,2.0005,1.1407
8618,49.3221,49.5818,2.0003,1.1406
8619,49.3225,49.5819,2.0002,1.1406
8620,49.3229,49.582,2.0001,1.1405
8621,49.3233,49.5821,2.0,1.1404
8622,49.3238,49.5822,1.9999,1.1404
8623,49.3242,49.5823,1.9998,1.1403
8624,49.3246,49.5824,1.9996,1.1403
8625,49.325,49.5825,1.9995,1.1402
8626,49.3255,49.5826,1.9994,1.1401
8627,49.3259,49.5827,1.9993,1.1401
8628,49.3263,49.5828,1.9992,1.14
8629,49.3267,49.5829,1.9991,1.1399
8630,49.3272,49.583,1.9989,1.1399
8631,49.3276,49.5831,1.9988,1.1398
8632,49.328,49.5832,1.9987,1.1398
8633,49.3284,49.5833,1.9986,1.1397
8634,49.3289,49.5833,1.9985,1.1396
8635,49.3293,49.5834,1.9984,1.1396
8636,49.3297,49.5835,1.9983,1.1395
8637,49.3301,49.5836,1.9981,1.1394
8638,49.3306,49.5837,1.998,1.1394
8639,49.331,49.5838,1.9979,1.1393
8640,49.3314,49.5839,1.9978,1.1393
8641,49.3319,49.5839,1.9977,1.1392
8642,49.3323,49.584,1.9976,1.1391
8643,49.3327,49.584,1.9974,1.1391
8644,49.3331,49.5841,1.9973,1.139
8645,49.3336,49.5841,1.9972,1.1389
8646,49.334,49.5841,1.9971,1.1389
8647,49.3344,49.5841,1.997,1.1388
8648,49.3348,49.5842,1.9969,1.1388
8649,49.3353,49.5842,1.9968,1.1387
8650,49.3357,49.5842,1.9966,1.1386
8651,49.3361,49.5842,1.9965,1.1386
8652,49.3366,49.5842,1.9964,1.1385
8653,49.337,49.5842,1.9963,1.1384
8654,49.3374,49.5841,1.9962,1.1384
8655,49.3379,49.5841,1.9961,1.1383
8656,49.3383,49.5841,1.9959,1.1382
8657,49.3387,49.5841,1.9958,1.1382
8658,49.3391,49.5841,1.9957,1.1381
8659,49.3396,49.584,1.9956,1.1381
8660,49.34,49.584,1.9955,1.138
8661,49.3404,49.584,1.9954,1.1379
8662,49.3409,49.5839,1.9952,1.1379
8663,49.3413,49.5839,1.9951,1.1378
8664,49.3417,49.5838,1.995,1.1377
8665,49.3421,49.5838,1.9949,1.1377
8666,49.3426,49.5837,1.9948,1.1376
8667,49.343,49.5837,1.9947,1.1376
8668,49.3434,49.5836,1.9946,1.1375
8669,49.3439,49.5835,1.9944,1.1374
8670,49.3443,49.5835,1.9943,1.1374
8671,49.3447,49.5834,1.9942,1.1373
8672,49.3452,49.5833,1.9941,1.1372
8673,49.3456,49.5833,1.994,1.1372
8674,49.346,49.5832,1.9939,1.1371
8675,49.3464,49.5831,1.9937,1.137
8676,49.3469,49.583,1.9936,1.137
8677,49.3473,49.5829,1.9935,1.1369
8678,49.3477,49.5829,1.9934,1.1369
8679,49.3482,49.5828,1.9933,1.1368
8680,49.3486,49.5827,1.9932,1.1367
8681,49.349,49.5826,1.9931,1.1367
8682,49.3495,49.5825,1.9929,1.1366
8683,49.3499,49.5824,1.9928,1.1365
8684,49.3503,49.5823,1.9927,1.1365
8685,49.3508,49.5822,1.9926,1.1364
8686,49.3512,49.5821,1.9925,1.1364
8687,49.3516,49.582,1.9924,1.1363
8688,49.352,49.5819,1.9923,1.1362
8689,49.3525,49.5818,1.9921,1.1362
8690,49.3529,49.5816,1.992,1.1361
8691,49.3533,49.5815,1.9919,1.136
8692,49.3538,49.5814,1.9918,1.136
8693,49.3542,49.5813,1.9917,1.1359
8694,49.3546,49.5812,1.9916,1.1358
8695,49.355,49.581,1.9914,1.1358
8696,49.3555,49.5809,1.9913,1.1357
8697,49.3559,49.5808,1.9912,1.1357
8698,49.3563,49.5807,1.9911,1.1356
8699,49.3568,49.5805,1.991,1.1355
8700,49.3572,49.5804,1.9909,1.1355
8701,49.3576,49.5803,1.9908,1.1354
8702,49.358,49.5802,1.9906,1.1353
8703,49.3585,49.5802,1.9905,1.1353
8704,49.3589,49.5802,1.9904,1.1352
8705,49.3593,49.5801,1.9903,1.1351
8706,49.3598,49.5801,1.9902,1.1351
8707,49.3602,49.5802,1.9901,1.135
8708,49.3606,49.5802,1.9899,1.135
8709,49.361,49.5802,1.9898,1.1349
8710,49.3615,49.5802,1.9897,1.1348
8711,49.3619,49.5803,1.9896,1.1348
8712,49.3623,49.5803,1.9895,1.1347
8713,49.3627,49.5804,1.9894,1.1346
8714,49.3632,49.5804,1.9893,1.1346
8715,49.3636,49.5805,1.9891,1.1345
8716,49.364,49.5806,1.989,1.1345
8717,49.3644,49.5807,1.9889,1.1344
8718,49.3649,49.5807,1.9888,1.1343
8719,49.3653,49.5808,1.9887,1.1343
8720,49.3657,49.5809,1.9886,1.1342
8721,49.3661,49.581,1.9885,1.1341
8722,49.3666,49.5811,1.9883,1.1341
8723,49.367,49.5812,1.9882,1.134
8724,49.3674,49.5813,1.9881,1.1339
8725,49.3678,49.5814,1.988,1.1339
8726,49.3683,49.5816,1.9879,1.1338
8727,49.3687,49.5817,1.9878,1.1338
8728,49.3691,49.5818,1.9876,1.1337
8729,49.3695,49.5819,1.9875,1.1336
8730,49.3699,49.5821,1.9874,1.1336
8731,49.3704,49.5822,1.9873,1.1335
8732,49.3708,49.5823,1.9872,1.1334
8733,49.3712,49.5825,1.9871,1.1334
8734,49.3716,49.5826,1.987,1.1333
8735,49.372,49.5828,1.9868,1.1333
8736,49.3725,49.5829,1.9867,1.1332
8737,49.3729,49.5831,1.9866,1.1331
8738,49.3733,49.5832,1.9865,1.1331
8739,49.3737,49.5834,1.9864,1.133
8740,49.3741,49.5835,1.9863,1.1329
8741,49.3746,49.5837,1.9862,1.1329
8742,49.375,49.5839,1.986,1.1328
8743,49.3754,49.584,1.9859,1.1327
8744,49.3758,49.5842,1.9858,1.1327
8745,49.3762,49.5844,1.9857,1.1326
8746,49.3766,49.5845,1.9856,1.1326
8747,49.3771,49.5847,1.9855,1.1325
8748,49.3775,49.5849,1.9853,1.1324
8749,49.3779,49.5851,1.9852,1.1324
8750,49.3783,49.5853,1.9851,1.1323
8751,49.3787,49.5854,1.985,1.1322
8752,49.3791,49.5856,1.9849,1.1322
8753,49.3795,49.5858,1.9848,1.1321
8754,49.38,49.586,1.9847,1.1321
8755,49.3804,49.5862,1.9845,1.132
8756,49.3808,49.5864,1.9844,1.1319
8757,49.3812,49.5866,1.9843,1.1319
8758,49.3816,49.5868,1.9842,1.1318
8759,49.382,49.587,1.9841,1.1317
8760,49.3824,49.5872,1.984,1.1317
8761,49.3828,49.5874,1.9839,1.1316
8762,49.3832,49.5877,1.9837,1.1315
8763,49.3836,49.5879,1.9836,1.1315
8764,49.3841,49.5882,1.9835,1.1314
8765,49.3845,49.5884,1.9834,1.1314
8766,49.3849,49.5887,1.9833,1.1313
8767,49.3853,49.589,1.9832,1.1312
8768,49.3857,49.5893,1.9831,1.1312
8769,49.3861,49.5896,1.9829,1.1311
8770,49.3865,49.5899,1.9828,1.131
8771,49.3869,49.5902,1.9827,1.131
8772,49.3873,49.5905,1.9826,1.1309
8773,49.3877,49.5909,1.9825,1.1309
8774,49.3881,49.5912,1.9824,1.1308
8775,49.3885,49.5915,1.9823,1.1307
8776,49.3889,49.5919,1.9821,1.1307
8777,49.3893,49.5922,1.982,1.1306
8778,49.3897,49.5925,1.9819,1.1305
8779,49.3901,49.5929,1.9818,1.1305
8780,49.3905,49.5932,1.9817,1.1304
8781,49.3909,49.5936,1.9816,1.1304
8782,49.3913,49.594,1.9814,1.1303
8783,49.3917,49.5943,1.9813,1.1302
8784,49.3921,49.5947,1.9812,1.1302
8785,49.3925,49.5951,1.9811,1.1301
8786,49.3929,49.5955,1.981,1.13
8787,49.3933,49.5958,1.9809,1.13
8788,49.3937,49.5962,1.9808,1.1299
8789,49.3941,49.5966,1.9806,1.1298
8790,49.3945,49.597,1.9805,1.1298
8791,49.3949,49.5974,1.9804,1.1297
8792,49.3953,49.5978,1.9803,1.1297
8793,49.3957,49.5982,1.9802,1.1296
8794,49.3961,49.5986,1.9801,1.1295
8795,49.3965,49.599,1.98,1.1295
8796,49.3968,49.5995,1.9798,1.1294
8797,49.3972,49.5999,1.9797,1.1293
8798,49.3976,49.6003,1.9796,1.1293
8799,49.398,49.6007,1.9795,1.1292
8800,49.3984,49.6011,1.9794,1.1292
8801,49.3988,49.6016,1.9793,1.1291
8802,49.3992,49.602,1.9792,1.129
8803,49.3996,49.6024,1.979,1.129
8804,49.3999,49.6029,1.9789,1.1289
8805,49.4003,49.6033,1.9788,1.1288
8806,49.4007,49.6038,1.9787,1.1288
8807,49.4011,49.6042,1.9786,1.1287
8808,49.4015,49.6047,1.9785,1.1287
8809,49.4019,49.6051,1.9784,1.1286
8810,49.4023,49.6056,1.9782,1.1285
8811,49.4026,49.606,1.9781,1.1285
8812,49.403,49.6065,1.978,1.1284
8813,49.4034,49.6069,1.9779,1.1283
8814,49.4038,49.6074,1.9778,1.1283
8815,49.4042,49.6079,1.9777,1.1282
8816,49.4045,49.6083,1.9776,1.1281
8817,49.4049,49.6088,1.9774,1.1281
8818,49.4053,49.6093,1.9773,1.128
8819,49.4057,49.6098,1.9772,1.128
8820,49.4061,49.6103,1.9771,1.1279
8821,49.4064,49.6107,1.977,1.1278
8822,49.4068,49.6111,1.9769,1.1278
8823,49.4072,49.6115,1.9768,1.1277
8824,49.4076,49.6119,1.9766,1.1276
8825,49.4079,49.6122,1.9765,1.1276
8826,49.4083,49.6126,1.9764,1.1275
8827,49.4087,49.6129,1.9763,1.1275
8828,49.409,49.6132,1.9762,1.1274
8829,49.4094,49.6136,1.9761,1.1273
8830,49.4098,49.6139,1.976,1.1273
8831,49.4102,49.6142,1.9758,1.1272
8832,49.4105,49.6145,1.9757,1.1271
8833,49.4109,49.6148,1.9756,1.1271
8834,49.4113,49.6151,1.9755,1.127
8835,49.4116,49.6153,1.9754,1.127
8836,49.412,49.6156,1.9753,1.1269
8837,49.4124,49.6159,1.9752,1.1268
8838,49.4127,49.6162,1.975,1.1268
8839,49.4131,49.6164,1.9749,1.1267
8840,49.4135,49.6167,1.9748,1.1266
8841,49.4138,49.6169,1.9747,1.1266
8842,49.4142,49.6172,1.9746,1.1265
8843,49.4146,49.6174,1.9745,1.1265
8844,49.4149,49.6177,1.9744,1.1264
8845,49.4153,49.6179,1.9742,1.1263
8846,49.4156,49.6181,1.9741,1.1263
8847,49.416,49.6184,1.974,1.1262
8848,49.4164,49.6186,1.9739,1.1261
8849,49.4167,49.6188,1.9738,1.1261
8850,49.4171,49.619,1.9737,1.126
8851,49.4174,49.6192,1.9736,1.126
8852,49.4178,49.6195,1.9734,1.1259
8853,49.4182,49.6197,1.9733,1.1258
8854,49.4185,49.6199,1.9732,1.1258
8855,49.4189,49.6201,1.9731,1.1257
8856,49.4192,49.6203,1.973,1.1256
8857,49.4196,49.6205,1.9729,1.1256
8858,49.4199,49.6207,1.9728,1.1255
8859,49.4203,49.6209,1.9726,1.1255
8860,49.4207,49.6211,1.9725,1.1254
8861,49.421,49.6213,1.9724,1.1253
8862,49.4214,49.6214,1.9723,1.1253
8863,49.4217,49.6216,1.9722,1.1252
8864,49.4221,49.6218,1.9721,1.1251
8865,49.4224,49.622,1.972,1.1251
8866,49.4228,49.6222,1.9719,1.125
8867,49.4231,49.6223,1.9717,1.125
8868,49.4235,49.6225,1.9716,1.1249
8869,49.4238,49.6227,1.9715,1.1248
8870,49.4242,49.6229,1.9714,1.1248
8871,49.4245,49.623,1.9713,1.1247
8872,49.4249,49.6232,1.9712,1.1246
8873,49.4252,49.6234,1.9711,1.1246
8874,49.4256,49.6235,1.9709,1.1245
8875,49.4259,49.6237,1.9708,1.1245
8876,49.4263,49.6238,1.9707,1.1244
8877,49.4266,49.624,1.9706,1.1243
8878,49.427,49.6241,1.9705,1.1243
8879,49.4273,49.6243,1.9704,1.1242
8880,49.4276,49.6245,1.9703,1.1241
8881,49.428,49.6245,1.9701,1.1241
8882,49.4283,49.6246,1.97,1.124
8883,49.4287,49.6246,1.9699,1.124
8884,49.429,49.6246,1.9698,1.1239
8885,49.4294,49.6246,1.9697,1.1238
8886,49.4297,49.6245,1.9696,1.1238
8887,49.43,49.6245,1.9695,1.1237
8888,49.4304,49.6244,1.9693,1.1236
8889,49.4307,49.6243,1.9692,1.1236
8890,49.4311,49.6242,1.9691,1.1235
8891,49.4314,49.6241,1.969,1.1235
8892,49.4318,49.624,1.9689,1.1234
8893,49.4321,49.6238,1.9688,1.1233
8894,49.4324,49.6237,1.9687,1.1233
8895,49.4328,49.6235,1.9686,1.1232
8896,49.4331,49.6233,1.9684,1.1231
8897,49.4334,49.6231,1.9683,1.1231
8898,49.4338,49.6229,1.9682,1.123
8899,49.4341,49.6227,1.9681,1.123
8900,49.4345,49.6225,1.968,1.1229
8901,49.4348,49.6223,1.9679,1.1228
8902,49.4351,49.6221,1.9678,1.1228
8903,49.4355,49.6218,1.9676,1.1227
8904,49.4358,49.6216,1.9675,1.1226
8905,49.4361,49.6213,1.9674,1.1226
8906,49.4365,49.621,1.9673,1.1225
8907,49.4368,49.6208,1.9672,1.1225
8908,49.4372,49.6205,1.9671,1.1224
8909,49.4375,49.6202,1.967,1.1223
8910,49.4378,49.6199,1.9668,1.1223
8911,49.4382,49.6196,1.9667,1.1222
8912,49.4385,49.6193,1.9666,1.1221
8913,49.4388,49.6189,1.9665,1.1221
8914,49.4392,49.6186,1.9664,1.122
8915,49.4395,49.6183,1.9663,1.122
8916,49.4398,49.6179,1.9662,1.1219
8917,49.4402,49.6176,1.9661,1.1218
8918,49.4405,49.6172,1.9659,1.1218
8919,49.4408,49.6169,1.9658,1.1217
8920,49.4412,49.6165,1.9657,1.1216
8921,49.4415,49.6161,1.9656,1.1216
8922,49.4418,49.6157,1.9655,1.1215
8923,49.4421,49.6153,1.9654,1.1214
8924,49.4425,49.6149,1.9653,1.1214
8925,49.4428,49.6145,1.9651,1.1213
8926,49.4431,49.6141,1.965,1.1213
8927,49.4435,49.6137,1.9649,1.1212
8928,49.4438,49.6133,1.9648,1.1211
8929,49.4441,49.6129,1.9647,1.1211
8930,49.4445,49.6124,1.9646,1.121
8931,49.4448,49.612,1.9645,1.1209
8932,49.4451,49.6116,1.9643,1.1209
8933,49.4454,49.6111,1.9642,1.1208
8934,49.4458,49.6107,1.9641,1.1207
8935,49.4461,49.6102,1.964,1.1207
8936,49.4464,49.6097,1.9639,1.1206
8937,49.4468,49.6093,1.9638,1.1206
8938,49.4471,49.6088,1.9637,1.1205
8939,49.4474,49.6083,1.9636,1.1204
8940,49.4477,49.6078,1.9634,1.1204
8941,49.4481,49.6075,1.9633,1.1203
8942,49.4484,49.6074,1.9632,1.1202
8943,49.4487,49.6074,1.9631,1.1202
8944,49.449,49.6075,1.963,1.1201
8945,49.4494,49.6076,1.9629,1.12
8946,49.4497,49.6078,1.9628,1.12
8947,49.45,49.6081,1.9626,1.1199
8948,49.4504,49.6084,1.9625,1.1199
8949,49.4507,49.6088,1.9624,1.1198
8950,49.451,49.6092,1.9623,1.1197
8951,49.4513,49.6096,1.9622,1.1197
8952,49.4517,49.6101,1.9621,1.1196
8953,49.452,49.6106,1.962,1.1195
8954,49.4523,49.6112,1.9619,1.1195
8955,49.4526,49.6117,1.9617,1.1194
8956,49.453,49.6124,1.9616,1.1194
8957,49.4533,49.613,1.9615,1.1193
8958,49.4536,49.6137,1.9614,1.1192
8959,49.4539,49.6144,1.9613,1.1192
8960,49.4542,49.6151,1.9612,1.1191
8961,49.4546,49.6159,1.9611,1.119
8962,49.4549,49.6167,1.961,1.119
8963,49.4552,49.6175,1.9608,1.1189
8964,49.4555,49.6183,1.9607,1.1189
8965,49.4559,49.6192,1.9606,1.1188
8966,49.4562,49.62,1.9605,1.1187
8967,49.4565,49.621,1.9604,1.1187
8968,49.4568,49.6219,1.9603,1.1186
8969,49.4571,49.6228,1.9602,1.1185
8970,49.4575,49.6238,1.96,1.1185
8971,49.4578,49.6248,1.9599,1.1184
8972,49.4581,49.6258,1.9598,1.1184
8973,49.4584,49.6268,1.9597,1.1183
8974,49.4587,49.6279,1.9596,1.1182
8975,49.4591,49.6289,1.9595,1.1182
8976,49.4594,49.63,1.9594,1.1181
8977,49.4597,49.6311,1.9593,1.118
8978,49.46,49.6322,1.9591,1.118
8979,49.4603,49.6334,1.959,1.1179
8980,49.4607,49.6345,1.9589,1.1179
8981,49.461,49.6357,1.9588,1.1178
8982,49.4613,49.6369,1.9587,1.1177
8983,49.4616,49.6381,1.9586,1.1177
8984,49.4619,49.6393,1.9585,1.1176
8985,49.4623,49.6406,1.9584,1.1175
8986,49.4626,49.6418,1.9582,1.1175
8987,49.4629,49.6431,1.9581,1.1174
8988,49.4632,49.6444,1.958,1.1174
8989,49.4635,49.6457,1.9579,1.1173
8990,49.4638,49.647,1.9578,1.1172
8991,49.4641,49.6483,1.9577,1.1172
8992,49.4645,49.6496,1.9576,1.1171
8993,49.4648,49.651,1.9574,1.1171
8994,49.4651,49.6524,1.9573,1.117
8995,49.4654,49.6538,1.9572,1.1169
8996,49.4657,49.6552,1.9571,1.1169
8997,49.466,49.6566,1.957,1.1168
8998,49.4663,49.658,1.9569,1.1168
8999,49.4667,49.6594,1.9568,1.1167
9000,49.467,49.6609,1.9567,1.1166
9001,49.4673,49.6622,1.9565,1.1166
9002,49.4676,49.6634,1.9564,1.1165
9003,49.4679,49.6646,1.9563,1.1164
9004,49.4682,49.6658,1.9562,1.1164
9005,49.4685,49.6669,1.9561,1.1163
9006,49.4688,49.6679,1.956,1.1163
9007,49.4691,49.669,1.9559,1.1162
9008,49.4695,49.67,1.9558,1.1161
9009,49.4698,49.671,1.9556,1.1161
9010,49.4701,49.672,1.9555,1.116
9011,49.4704,49.6729,1.9554,1.116
9012,49.4707,49.6739,1.9553,1.1159
9013,49.471,49.6748,1.9552,1.1158
9014,49.4713,49.6757,1.9551,1.1158
9015,49.4716,49.6766,1.955,1.1157
9016,49.4719,49.6775,1.9549,1.1157
9017,49.4722,49.6784,1.9547,1.1156
9018,49.4725,49.6793,1.9546,1.1155
9019,49.4728,49.6801,1.9545,1.1155
9020,49.4731,49.681,1.9544,1.1154
9021,49.4734,49.6818,1.9543,1.1154
9022,49.4737,49.6826,1.9542,1.1153
9023,49.474,49.6835,1.9541,1.1152
9024,49.4743,49.6843,1.9539,1.1152
9025,49.4746,49.6851,1.9538,1.1151
9026,49.4749,49.6859,1.9537,1.115
9027,49.4752,49.6867,1.9536,1.115
9028,49.4755,49.6875,1.9535,1.1149
9029,49.4758,49.6882,1.9534,1.1149
9030,49.4761,49.689,1.9533,1.1148
9031,49.4764,49.6898,1.9532,1.1147
9032,49.4767,49.6906,1.953,1.1147
9033,49.477,49.6913,1.9529,1.1146
9034,49.4773,49.6921,1.9528,1.1146
9035,49.4776,49.6928,1.9527,1.1145
9036,49.4779,49.6936,1.9526,1.1144
9037,49.4782,49.6943,1.9525,1.1144
9038,49.4785,49.695,1.9524,1.1143
9039,49.4788,49.6958,1.9523,1.1143
9040,49.4791,49.6965,1.9521,1.1142
9041,49.4794,49.6972,1.952,1.1141
9042,49.4797,49.6979,1.9519,1.1141
9043,49.48,49.6986,1.9518,1.114
9044,49.4803,49.6993,1.9517,1.114
9045,49.4806,49.7,1.9516,1.1139
9046,49.4809,49.7007,1.9515,1.1138
9047,49.4812,49.7014,1.9514,1.1138
9048,49.4814,49.7021,1.9512,1.1137
9049,49.4817,49.7028,1.9511,1.1137
9050,49.482,49.7035,1.951,1.1136
9051,49.4823,49.7042,1.9509,1.1135
9052,49.4826,49.7049,1.9508,1.1135
9053,49.4829,49.7056,1.9507,1.1134
9054,49.4832,49.7062,1.9506,1.1133
9055,49.4835,49.7069,1.9505,1.1133
9056,49.4838,49.7076,1.9503,1.1132
9057,49.4841,49.7082,1.9502,1.1132
9058,49.4843,49.7089,1.9501,1.1131
9059,49.4846,49.7096,1.95,1.113
9060,49.4849,49.7102,1.9499,1.113
9061,49.4852,49.7108,1.9498,1.1129
9062,49.4855,49.7112,1.9497,1.1129
9063,49.4858,49.7115,1.9496,1.1128
9064,49.4861,49.7118,1.9494,1.1127
9065,49.4864,49.7121,1.9493,1.1127
9066,49.4866,49.7123,1.9492,1.1126
9067,49.4869,49.7124,1.9491,1.1126
9068,49.4872,49.7125,1.949,1.1125
9069,49.4875,49.7126,1.9489,1.1124
9070,49.4878,49.7127,1.9488,1.1124
9071,49.4881,49.7127,1.9487,1.1123
9072,49.4884,49.7127,1.9485,1.1123
9073,49.4886,49.7127,1.9484,1.1122
9074,49.4889,49.7126,1.9483,1.1121
9075,49.4892,49.7125,1.9482,1.1121
9076,49.4895,49.7124,1.9481,1.112
9077,49.4898,49.7123,1.948,1.1119
9078,49.4901,49.7121,1.9479,1.1119
9079,49.4903,49.7119,1.9478,1.1118
9080,49.4906,49.7117,1.9477,1.1118
9081,49.4909,49.7115,1.9475,1.1117
9082,49.4912,49.7113,1.9474,1.1116
9083,49.4915,49.711,1.9473,1.1116
9084,49.4918,49.7107,1.9472,1.1115
9085,49.4921,49.7104,1.9471,1.1115
9086,49.4923,49.7101,1.947,1.1114
9087,49.4926,49.7098,1.9469,1.1113
9088,49.4929,49.7094,1.9468,1.1113
9089,49.4932,49.7091,1.9466,1.1112
9090,49.4935,49.7087,1.9465,1.1111
9091,49.4938,49.7083,1.9464,1.1111
9092,49.494,49.7078,1.9463,1.111
9093,49.4943,49.7074,1.9462,1.111
9094,49.4946,49.707,1.9461,1.1109
9095,49.4949,49.7065,1.946,1.1108
9096,49.4952,49.706,1.9459,1.1108
9097,49.4955,49.7055,1.9457,1.1107
9098,49.4958,49.705,1.9456,1.1107
9099,49.4961,49.7045,1.9455,1.1106
9100,49.4963,49.7039,1.9454,1.1105
9101,49.4966,49.7034,1.9453,1.1105
9102,49.4969,49.7028,1.9452,1.1104
9103,49.4972,49.7022,1.9451,1.1103
9104,49.4975,49.7016,1.945,1.1103
9105,49.4978,49.701,1.9448,1.1102
9106,49.4981,49.7004,1.9447,1.1102
9107,49.4984,49.6997,1.9446,1.1101
9108,49.4986,49.6991,1.9445,1.11
9109,49.4989,49.6984,1.9444,1.11
9110,49.4992,49.6978,1.9443,1.1099
9111,49.4995,49.6971,1.9442,1.1098
9112,49.4998,49.6964,1.9441,1.1098
9113,49.5001,49.6957,1.944,1.1097
9114,49.5004,49.6949,1.9438,1.1097
9115,49.5007,49.6942,1.9437,1.1096
9116,49.501,49.6935,1.9436,1.1095
9117,49.5013,49.6927,1.9435,1.1095
9118,49.5016,49.6919,1.9434,1.1094
9119,49.5018,49.6912,1.9433,1.1093
9120,49.5021,49.6904,1.9432,1.1093
9121,49.5024,49.6898,1.9431,1.1092
9122,49.5027,49.6893,1.9429,1.1092
9123,49.503,49.6889,1.9428,1.1091
9124,49.5033,49.6886,1.9427,1.109
9125,49.5036,49.6883,1.9426,1.109
9126,49.5039,49.6881,1.9425,1.1089
9127,49.5042,49.6879,1.9424,1.1088
9128,49.5045,49.6878,1.9423,1.1088
9129,49.5048,49.6877,1.9422,1.1087
9130,49.5051,49.6876,1.942,1.1087
9131,49.5054,49.6876,1.9419,1.1086
9132,49.5057,49.6876,1.9418,1.1085
9133,49.506,49.6876,1.9417,1.1085
9134,49.5063,49.6876,1.9416,1.1084
9135,49.5066,49.6877,1.9415,1.1083
9136,49.5069,49.6878,1.9414,1.1083
9137,49.5072,49.6879,1.9413,1.1082
9138,49.5075,49.6881,1.9412,1.1082
9139,49.5078,49.6882,1.941,1.1081
9140,49.5081,49.6884,1.9409,1.108
9141,49.5084,49.6886,1.9408,1.108
9142,49.5087,49.6888,1.9407,1.1079
9143,49.509,49.689,1.9406,1.1078
9144,49.5093,49.6893,1.9405,1.1078
9145,49.5096,49.6895,1.9404,1.1077
9146,49.5099,49.6898,1.9403,1.1077
9147,49.5103,49.6901,1.9401,1.1076
9148,49.5106,49.6904,1.94,1.1075
9149,49.5109,49.6907,1.9399,1.1075
9150,49.5112,49.691,1.9398,1.1074
9151,49.5115,49.6914,1.9397,1.1073
9152,49.5118,49.6917,1.9396,1.1073
9153,49.5121,49.6921,1.9395,1.1072
9154,49.5124,49.6925,1.9394,1.1072
9155,49.5127,49.6929,1.9393,1.1071
9156,49.513,49.6933,1.9391,1.107
9157,49.5134,49.6937,1.939,1.107
9158,49.5137,49.6941,1.9389,1.1069
9159,49.514,49.6946,1.9388,1.1068
9160,49.5143,49.695,1.9387,1.1068
9161,49.5146,49.6955,1.9386,1.1067
9162,49.5149,49.696,1.9385,1.1067
9163,49.5152,49.6964,1.9384,1.1066
9164,49.5155,49.6969,1.9383,1.1065
9165,49.5159,49.6974,1.9381,1.1065
9166,49.5162,49.6979,1.938,1.1064
9167,49.5165,49.6985,1.9379,1.1063
9168,49.5168,49.699,1.9378,1.1063
9169,49.5171,49.6995,1.9377,1.1062
9170,49.5174,49.7001,1.9376,1.1062
9171,49.5178,49.7006,1.9375,1.1061
9172,49.5181,49.7012,1.9374,1.106
9173,49.5184,49.7018,1.9372,1.106
9174,49.5187,49.7023,1.9371,1.1059
9175,49.519,49.7029,1.937,1.1058
9176,49.5194,49.7035,1.9369,1.1058
9177,49.5197,49.7041,1.9368,1.1057
9178,49.52,49.7047,1.9367,1.1057
9179,49.5203,49.7054,1.9366,1.1056
9180,49.5206,49.706,1.9365,1.1055
9181,49.521,49.7065,1.9364,1.1055
9182,49.5213,49.7069,1.9362,1.1054
9183,49.5216,49.7072,1.9361,1.1054
9184,49.5219,49.7075,1.936,1.1053
9185,49.5222,49.7077,1.9359,1.1052
9186,49.5226,49.7079,1.9358,1.1052
9187,49.5229,49.7081,1.9357,1.1051
9188,49.5232,49.7083,1.9356,1.105
9189,49.5235,49.7084,1.9355,1.105
9190,49.5239,49.7084,1.9354,1.1049
9191,49.5242,49.7085,1.9352,1.1049
9192,49.5245,49.7086,1.9351,1.1048
9193,49.5248,49.7086,1.935,1.1047
9194,49.5251,49.7086,1.9349,1.1047
9195,49.5255,49.7086,1.9348,1.1046
9196,49.5258,49.7085,1.9347,1.1045
9197,49.5261,49.7085,1.9346,1.1045
9198,49.5264,49.7084,1.9345,1.1044
9199,49.5268,49.7083,1.9344,1.1044
9200,49.5271,49.7082,1.9342,1.1043
9201,49.5274,49.7081,1.9341,1.1042
9202,49.5277,49.708,1.934,1.1042
9203,49.5281,49.7079,1.9339,1.1041
9204,49.5284,49.7077,1.9338,1.1041
9205,49.5287,49.7075,1.9337,1.104
9206,49.529,49.7074,1.9336,1.1039
9207,49.5293,49.7072,1.9335,1.1039
9208,49.5297,49.707,1.9334,1.1038
9209,49.53,49.7068,1.9332,1.1037
9210,49.5303,49.7065,1.9331,1.1037
9211,49.5306,49.7063,1.933,1.1036
9212,49.531,49.7061,1.9329,1.1036
9213,49.5313,49.7058,1.9328,1.1035
9214,49.5316,49.7055,1.9327,1.1034
9215,49.5319,49.7053,1.9326,1.1034
9216,49.5323,49.705,1.9325,1.1033
9217,49.5326,49.7047,1.9323,1.1032
9218,49.5329,49.7044,1.9322,1.1032
9219,49.5332,49.7041,1.9321,1.1031
9220,49.5335,49.7038,1.932,1.1031
9221,49.5339,49.7034,1.9319,1.103
9222,49.5342,49.7031,1.9318,1.1029
9223,49.5345,49.7027,1.9317,1.1029
9224,49.5348,49.7024,1.9316,1.1028
9225,49.5351,49.702,1.9315,1.1027
9226,49.5355,49.7017,1.9313,1.1027
9227,49.5358,49.7013,1.9312,1.1026
9228,49.5361,49.7009,1.9311,1.1026
9229,49.5364,49.7005,1.931,1.1025
9230,49.5367,49.7001,1.9309,1.1024
9231,49.5371,49.6997,1.9308,1.1024
9232,49.5374,49.6993,1.9307,1.1023
9233,49.5377,49.6988,1.9306,1.1022
9234,49.538,49.6984,1.9305,1.1022
9235,49.5383,49.698,1.9303,1.1021
9236,49.5387,49.6975,1.9302,1.1021
9237,49.539,49.6971,1.9301,1.102
9238,49.5393,49.6966,1.93,1.1019
9239,49.5396,49.6962,1.9299,1.1019
9240,49.5399,49.6957,1.9298,1.1018
9241,49.5402,49.6954,1.9297,1.1017
9242,49.5406,49.6952,1.9296,1.1017
9243,49.5409,49.6951,1.9295,1.1016
9244,49.5412,49.695,1.9294,1.1016
9245,49.5415,49.695,1.9292,1.1015
9246,49.5418,49.695,1.9291,1.1014
9247,49.5421,49.6951,1.929,1.1014
9248,49.5424,49.6952,1.9289,1.1013
9249,49.5428,49.6954,1.9288,1.1012
9250,49.5431,49.6956,1.9287,1.1012
9251,49.5434,49.6958,1.9286,1.1011
9252,49.5437,49.696,1.9285,1.1011
9253,49.544,49.6963,1.9284,1.101
9254,49.5443,49.6966,1.9282,1.1009
9255,49.5446,49.6969,1.9281,1.1009
9256,49.545,49.6972,1.928,1.1008
9257,49.5453,49.6976,1.9279,1.1008
9258,49.5456,49.698,1.9278,1.1007
9259,49.5459,49.6984,1.9277,1.1006
9260,49.5462,49.6988,1.9276,1.1006
9261,49.5465,49.6992,1.9275,1.1005
9262,49.5468,49.6997,1.9274,1.1004
9263,49.5471,49.7002,1.9272,1.1004
9264,49.5474,49.7007,1.9271,1.1003
9265,49.5477,49.7012,1.927,1.1003
9266,49.5481,49.7017,1.9269,1.1002
9267,49.5484,49.7022,1.9268,1.1001
9268,49.5487,49.7028,1.9267,1.1001
9269,49.549,49.7033,1.9266,1.1
9270,49.5493,49.7039,1.9265,1.0999
9271,49.5496,49.7045,1.9264,1.0999
9272,49.5499,49.7051,1.9262,1.0998
9273,49.5502,49.7057,1.9261,1.0998
9274,49.5505,49.7064,1.926,1.0997
9275,49.5508,49.707,1.9259,1.0996
9276,49.5511,49.7077,1.9258,1.0996
9277,49.5514,49.7083,1.9257,1.0995
9278,49.5518,49.709,1.9256,1.0995
9279,49.5521,49.7097,1.9255,1.0994
9280,49.5524,49.7104,1.9254,1.0993
9281,49.5527,49.7111,1.9253,1.0993
9282,49.553,49.7119,1.9251,1.0992
9283,49.5533,49.7126,1.925,1.0991
9284,49.5536,49.7134,1.9249,1.0991
9285,49.5539,49.7141,1.9248,1.099
9286,49.5542,49.7149,1.9247,1.099
9287,49.5545,49.7157,1.9246,1.0989
9288,49.5548,49.7165,1.9245,1.0988
9289,49.5551,49.7173,1.9244,1.0988
9290,49.5554,49.7181,1.9243,1.0987
9291,49.5557,49.7189,1.9241,1.0987
9292,49.556,49.7197,1.924,1.0986
9293,49.5563,49.7206,1.9239,1.0985
9294,49.5566,49.7214,1.9238,1.0985
9295,49.5569,49.7223,1.9237,1.0984
9296,49.5572,49.7231,1.9236,1.0984
9297,49.5575,49.724,1.9235,1.0983
9298,49.5578,49.7249,1.9234,1.0982
9299,49.5581,49.7258,1.9233,1.0982
9300,49.5584,49.7267,1.9232,1.0981
9301,49.5587,49.7275,1.923,1.0981
9302,49.559,49.7281,1.9229,1.098
9303,49.5593,49.7287,1.9228,1.0979
9304,49.5596,49.7292,1.9227,1.0979
9305,49.5599,49.7297,1.9226,1.0978
9306,49.5602,49.7301,1.9225,1.0977
9307,49.5605,49.7305,1.9224,1.0977
9308,49.5608,49.7309,1.9223,1.0976
9309,49.5611,49.7312,1.9222,1.0976
9310,49.5614,49.7315,1.922,1.0975
9311,49.5617,49.7318,1.9219,1.0974
9312,49.562,49.732,1.9218,1.0974
9313,49.5623,49.7323,1.9217,1.0973
9314,49.5625,49.7325,1.9216,1.0973
9315,49.5628,49.7327,1.9215,1.0972
9316,49.5631,49.7328,1.9214,1.0971
9317,49.5634,49.733,1.9213,1.0971
9318,49.5637,49.7331,1.9212,1.097
9319,49.564,49.7333,1.9211,1.097
9320,49.5643,49.7334,1.9209,1.0969
9321,49.5646,49.7334,1.9208,1.0968
9322,49.5649,49.7335,1.9207,1.0968
9323,49.5652,49.7336,1.9206,1.0967
9324,49.5655,49.7336,1.9205,1.0966
9325,49.5657,49.7336,1.9204,1.0966
9326,49.566,49.7337,1.9203,1.0965
9327,49.5663,49.7337,1.9202,1.0965
9328,49.5666,49.7337,1.9201,1.0964
9329,49.5669,49.7336,1.9199,1.0963
9330,49.5672,49.7336,1.9198,1.0963
9331,49.5675,49.7336,1.9197,1.0962
9332,49.5678,49.7335,1.9196,1.0962
9333,49.568,49.7334,1.9195,1.0961
9334,49.5683,49.7334,1.9194,1.096
9335,49.5686,49.7333,1.9193,1.096
9336,49.5689,49.7332,1.9192,1.0959
9337,49.5692,49.7331,1.9191,1.0958
9338,49.5695,49.733,1.919,1.0958
9339,49.5697,49.7328,1.9188,1.0957
9340,49.57,49.7327,1.9187,1.0957
9341,49.5703,49.7326,1.9186,1.0956
9342,49.5706,49.7324,1.9185,1.0955
9343,49.5709,49.7322,1.9184,1.0955
9344,49.5712,49.7321,1.9183,1.0954
9345,49.5714,49.7319,1.9182,1.0953
9346,49.5717,49.7317,1.9181,1.0953
9347,49.572,49.7315,1.918,1.0952
9348,49.5723,49.7313,1.9179,1.0952
9349,49.5725,49.7311,1.9177,1.0951
9350,49.5728,49.7309,1.9176,1.095
9351,49.5731,49.7306,1.9175,1.095
9352,49.5734,49.7304,1.9174,1.0949
9353,49.5737,49.7302,1.9173,1.0949
9354,49.5739,49.7299,1.9172,1.0948
9355,49.5742,49.7297,1.9171,1.0947
9356,49.5745,49.7294,1.917,1.0947
9357,49.5748,49.7291,1.9169,1.0946
9358,49.575,49.7288,1.9168,1.0945
9359,49.5753,49.7286,1.9166,1.0945
9360,49.5756,49.7283,1.9165,1.0944
9361,49.5759,49.7281,1.9164,1.0944
9362,49.5761,49.728,1.9163,1.0943
9363,49.5764,49.728,1.9162,1.0942
9364,49.5767,49.728,1.9161,1.0942
9365,49.5769,49.728,1.916,1.0941
9366,49.5772,49.7281,1.9159,1.094
9367,49.5775,49.7283,1.9158,1.094
9368,49.5778,49.7284,1.9157,1.0939
9369,49.578,49.7286,1.9155,1.0939
9370,49.5783,49.7288,1.9154,1.0938
9371,49.5786,49.729,1.9153,1.0937
9372,49.5788,49.7292,1.9152,1.0937
9373,49.5791,49.7294,1.9151,1.0936
9374,49.5794,49.7297,1.915,1.0935
9375,49.5797,49.73,1.9149,1.0935
9376,49.5799,49.7303,1.9148,1.0934
9377,49.5802,49.7306,1.9147,1.0934
9378,49.5805,49.7309,1.9146,1.0933
9379,49.5807,49.7313,1.9144,1.0932
9380,49.581,49.7316,1.9143,1.0932
9381,49.5813,49.732,1.9142,1.0931
9382,49.5815,49.7324,1.9141,1.0931
9383,49.5818,49.7328,1.914,1.093
9384,49.5821,49.7332,1.9139,1.0929
9385,49.5823,49.7336,1.9138,1.0929
9386,49.5826,49.734,1.9137,1.0928
9387,49.5829,49.7345,1.9136,1.0927
9388,49.5831,49.7349,1.9135,1.0927
9389,49.5834,49.7354,1.9133,1.0926
9390,49.5837,49.7358,1.9132,1.0926
9391,49.5839,49.7363,1.9131,1.0925
9392,49.5842,49.7368,1.913,1.0924
9393,49.5845,49.7373,1.9129,1.0924
9394,49.5847,49.7378,1.9128,1.0923
9395,49.585,49.7383,1.9127,1.0923
9396,49.5853,49.7388,1.9126,1.0922
9397,49.5855,49.7393,1.9125,1.0921
9398,49.5858,49.7399,1.9124,1.0921
9399,49.5861,49.7404,1.9122,1.092
9400,49.5863,49.741,1.9121,1.092
9401,49.5866,49.7415,1.912,1.0919
9402,49.5869,49.7421,1.9119,1.0918
9403,49.5871,49.7427,1.9118,1.0918
9404,49.5874,49.7432,1.9117,1.0917
9405,49.5877,49.7438,1.9116,1.0916
9406,49.5879,49.7444,1.9115,1.0916
9407,49.5882,49.745,1.9114,1.0915
9408,49.5884,49.7456,1.9113,1.0915
9409,49.5887,49.7462,1.9112,1.0914
9410,49.589,49.7469,1.911,1.0913
9411,49.5892,49.7475,1.9109,1.0913
9412,49.5895,49.7481,1.9108,1.0912
9413,49.5898,49.7488,1.9107,1.0912
9414,49.59,49.7494,1.9106,1.0911
9415,49.5903,49.7501,1.9105,1.091
9416,49.5906,49.7507,1.9104,1.091
9417,49.5908,49.7514,1.9103,1.0909
9418,49.5911,49.7521,1.9102,1.0909
9419,49.5913,49.7527,1.9101,1.0908
9420,49.5916,49.7534,1.9099,1.0907
9421,49.5919,49.7541,1.9098,1.0907
9422,49.5921,49.7547,1.9097,1.0906
9423,49.5924,49.7552,1.9096,1.0905
9424,49.5927,49.7558,1.9095,1.0905
9425,49.5929,49.7564,1.9094,1.0904
9426,49.5932,49.7569,1.9093,1.0904
9427,49.5934,49.7574,1.9092,1.0903
9428,49.5937,49.758,1.9091,1.0902
9429,49.594,49.7585,1.909,1.0902
9430,49.5942,49.759,1.9089,1.0901
9431,49.5945,49.7595,1.9087,1.0901
9432,49.5947,49.76,1.9086,1.09
9433,49.595,49.7605,1.9085,1.0899
9434,49.5953,49.761,1.9084,1.0899
9435,49.5955,49.7615,1.9083,1.0898
9436,49.5958,49.762,1.9082,1.0898
9437,49.5961,49.7624,1.9081,1.0897
9438,49.5963,49.7629,1.908,1.0896
9439,49.5966,49.7634,1.9079,1.0896
9440,49.5968,49.7639,1.9078,1.0895
9441,49.5971,49.7643,1.9076,1.0895
9442,49.5974,49.7648,1.9075,1.0894
9443,49.5976,49.7652,1.9074,1.0893
9444,49.5979,49.7657,1.9073,1.0893
9445,49.5981,49.7662,1.9072,1.0892
9446,49.5984,49.7666,1.9071,1.0891
9447,49.5987,49.7671,1.907,1.0891
9448,49.5989,49.7675,1.9069,1.089
9449,49.5992,49.768,1.9068,1.089
9450,49.5994,49.7684,1.9067,1.0889
9451,49.5997,49.7689,1.9066,1.0888
9452,49.5999,49.7693,1.9064,1.0888
9453,49.6002,49.7698,1.9063,1.0887
9454,49.6005,49.7702,1.9062,1.0887
9455,49.6007,49.7706,1.9061,1.0886
9456,49.601,49.7711,1.906,1.0885
9457,49.6012,49.7715,1.9059,1.0885
9458,49.6015,49.7719,1.9058,1.0884
9459,49.6017,49.7724,1.9057,1.0884
9460,49.602,49.7728,1.9056,1.0883
9461,49.6023,49.7732,1.9055,1.0882
9462,49.6025,49.7737,1.9054,1.0882
9463,49.6028,49.7741,1.9052,1.0881
9464,49.603,49.7745,1.9051,1.0881
9465,49.6033,49.775,1.905,1.088
9466,49.6035,49.7754,1.9049,1.0879
9467,49.6038,49.7758,1.9048,1.0879
9468,49.6041,49.7762,1.9047,1.0878
9469,49.6043,49.7767,1.9046,1.0878
9470,49.6046,49.7771,1.9045,1.0877
9471,49.6048,49.7775,1.9044,1.0876
9472,49.6051,49.7779,1.9043,1.0876
9473,49.6053,49.7783,1.9042,1.0875
9474,49.6056,49.7788,1.904,1.0874
9475,49.6058,49.7792,1.9039,1.0874
9476,49.6061,49.7796,1.9038,1.0873
9477,49.6063,49.78,1.9037,1.0873
9478,49.6066,49.7804,1.9036,1.0872
9479,49.6069,49.7809,1.9035,1.0871
9480,49.6071,49.7813,1.9034,1.0871
9481,49.6074,49.7817,1.9033,1.087
9482,49.6076,49.7821,1.9032,1.087
9483,49.6079,49.7825,1.9031,1.0869
9484,49.6081,49.7829,1.903,1.0868
9485,49.6084,49.7833,1.9028,1.0868
9486,49.6086,49.7837,1.9027,1.0867
9487,49.6089,49.7841,1.9026,1.0867
9488,49.6091,49.7845,1.9025,1.0866
9489,49.6094,49.7849,1.9024,1.0865
9490,49.6096,49.7853,1.9023,1.0865
9491,49.6099,49.7857,1.9022,1.0864
9492,49.6102,49.7861,1.9021,1.0864
9493,49.6104,49.7865,1.902,1.0863
9494,49.6107,49.7869,1.9019,1.0862
9495,49.6109,49.7873,1.9018,1.0862
9496,49.6112,49.7876,1.9016,1.0861
9497,49.6114,49.788,1.9015,1.0861
9498,49.6117,49.7884,1.9014,1.086
9499,49.6119,49.7888,1.9013,1.0859
9500,49.6122,49.7892,1.9012,1.0859
9501,49.6124,49.7896,1.9011,1.0858
9502,49.6127,49.7899,1.901,1.0857
9503,49.6129,49.7903,1.9009,1.0857
9504,49.6132,49.7907,1.9008,1.0856
9505,49.6134,49.7911,1.9007,1.0856
9506,49.6137,49.7915,1.9006,1.0855
9507,49.6139,49.7919,1.9004,1.0854
9508,49.6142,49.7922,1.9003,1.0854
9509,49.6145,49.7926,1.9002,1.0853
9510,49.6147,49.793,1.9001,1.0853
9511,49.615,49.7934,1.9,1.0852
9512,49.6152,49.7937,1.8999,1.0851
9513,49.6155,49.7941,1.8998,1.0851
9514,49.6157,49.7945,1.8997,1.085
9515,49.616,49.7949,1.8996,1.085
9516,49.6162,49.7952,1.8995,1.0849
9517,49.6165,49.7956,1.8994,1.0848
9518,49.6167,49.796,1.8992,1.0848
9519,49.617,49.7963,1.8991,1.0847
9520,49.6172,49.7967,1.899,1.0847
9521,49.6175,49.7971,1.8989,1.0846
9522,49.6177,49.7975,1.8988,1.0845
9523,49.618,49.7978,1.8987,1.0845
9524,49.6182,49.7982,1.8986,1.0844
9525,49.6185,49.7986,1.8985,1.0844
9526,49.6187,49.7989,1.8984,1.0843
9527,49.619,49.7993,1.8983,1.0842
9528,49.6193,49.7997,1.8982,1.0842
9529,49.6195,49.8,1.8981,1.0841
9530,49.6198,49.8004,1.8979,1.084
9531,49.62,49.8008,1.8978,1.084
9532,49.6203,49.8011,1.8977,1.0839
9533,49.6205,49.8015,1.8976,1.0839
9534,49.6208,49.8019,1.8975,1.0838
9535,49.621,49.8022,1.8974,1.0837
9536,49.6213,49.8026,1.8973,1.0837
9537,49.6215,49.8029,1.8972,1.0836
9538,49.6218,49.8033,1.8971,1.0836
9539,49.6221,49.8037,1.897,1.0835
9540,49.6223,49.804,1.8969,1.0834
9541,49.6226,49.8043,1.8967,1.0834
9542,49.6228,49.8044,1.8966,1.0833
9543,49.6231,49.8045,1.8965,1.0833
9544,49.6233,49.8046,1.8964,1.0832
9545,49.6236,49.8046,1.8963,1.0831
9546,49.6238,49.8046,1.8962,1.0831
9547,49.6241,49.8045,1.8961,1.083
9548,49.6244,49.8044,1.896,1.083
9549,49.6246,49.8043,1.8959,1.0829
9550,49.6249,49.8042,1.8958,1.0828
9551,49.6251,49.804,1.8957,1.0828
9552,49.6254,49.8038,1.8956,1.0827
9553,49.6256,49.8036,1.8954,1.0827
9554,49.6259,49.8034,1.8953,1.0826
9555,49.6262,49.8031,1.8952,1.0825
9556,49.6264,49.8028,1.8951,1.0825
9557,49.6267,49.8025,1.895,1.0824
9558,49.6269,49.8022,1.8949,1.0824
9559,49.6272,49.8019,1.8948,1.0823
9560,49.6274,49.8016,1.8947,1.0822
9561,49.6277,49.8012,1.8946,1.0822
9562,49.628,49.8008,1.8945,1.0821
9563,49.6282,49.8004,1.8944,1.082
9564,49.6285,49.8,1.8943,1.082
9565,49.6287,49.7996,1.8941,1.0819
9566,49.629,49.7991,1.894,1.0819
9567,49.6293,49.7987,1.8939,1.0818
9568,49.6295,49.7982,1.8938,1.0817
9569,49.6298,49.7977,1.8937,1.0817
9570,49.63,49.7972,1.8936,1.0816
9571,49.6303,49.7967,1.8935,1.0816
9572,49.6306,49.7962,1.8934,1.0815
9573,49.6308,49.7956,1.8933,1.0814
9574,49.6311,49.7951,1.8932,1.0814
9575,49.6313,49.7945,1.8931,1.0813
9576,49.6316,49.794,1.893,1.0813
9577,49.6319,49.7934,1.8928,1.0812
9578,49.6321,49.7928,1.8927,1.0811
9579,49.6324,49.7922,1.8926,1.0811
9580,49.6326,49.7915,1.8925,1.081
9581,49.6329,49.7909,1.8924,1.0809
9582,49.6332,49.7903,1.8923,1.0809
9583,49.6334,49.7896,1.8922,1.0808
9584,49.6337,49.7889,1.8921,1.0808
9585,49.634,49.7883,1.892,1.0807
9586,49.6342,49.7876,1.8919,1.0806
9587,49.6345,49.7869,1.8918,1.0806
9588,49.6348,49.7862,1.8917,1.0805
9589,49.635,49.7854,1.8915,1.0805
9590,49.6353,49.7847,1.8914,1.0804
9591,49.6356,49.784,1.8913,1.0803
9592,49.6358,49.7832,1.8912,1.0803
9593,49.6361,49.7825,1.8911,1.0802
9594,49.6363,49.7817,1.891,1.0801
9595,49.6366,49.7809,1.8909,1.0801
9596,49.6369,49.7801,1.8908,1.08
9597,49.6371,49.7793,1.8907,1.08
9598,49.6374,49.7785,1.8906,1.0799
9599,49.6377,49.7777,1.8905,1.0798
9600,49.6379,49.7769,1.8904,1.0798
9601,49.6382,49.7763,1.8902,1.0797
9602,49.6385,49.7759,1.8901,1.0796
9603,49.6388,49.7756,1.89,1.0796
9604,49.639,49.7754,1.8899,1.0795
9605,49.6393,49.7752,1.8898,1.0795
9606,49.6396,49.7752,1.8897,1.0794
9607,49.6398,49.7752,1.8896,1.0793
9608,49.6401,49.7752,1.8895,1.0793
9609,49.6404,49.7753,1.8894,1.0792
9610,49.6406,49.7754,1.8893,1.0792
9611,49.6409,49.7756,1.8892,1.0791
9612,49.6412,49.7759,1.8891,1.079
9613,49.6414,49.7761,1.8889,1.079
9614,49.6417,49.7764,1.8888,1.0789
9615,49.642,49.7768,1.8887,1.0788
9616,49.6423,49.7771,1.8886,1.0788
9617,49.6425,49.7775,1.8885,1.0787
9618,49.6428,49.778,1.8884,1.0787
9619,49.6431,49.7784,1.8883,1.0786
9620,49.6433,49.7789,1.8882,1.0785
9621,49.6436,49.7794,1.8881,1.0785
9622,49.6439,49.78,1.888,1.0784
9623,49.6442,49.7805,1.8879,1.0784
9624,49.6444,49.7811,1.8878,1.0783
9625,49.6447,49.7817,1.8877,1.0782
9626,49.645,49.7824,1.8875,1.0782
9627,49.6452,49.783,1.8874,1.0781
9628,49.6455,49.7837,1.8873,1.0781
9629,49.6458,49.7844,1.8872,1.078
9630,49.6461,49.7851,1.8871,1.0779
9631,49.6463,49.7859,1.887,1.0779
9632,49.6466,49.7867,1.8869,1.0778
9633,49.6469,49.7874,1.8868,1.0777
9634,49.6472,49.7882,1.8867,1.0777
9635,49.6474,49.7891,1.8866,1.0776
9636,49.6477,49.7899,1.8865,1.0776
9637,49.648,49.7908,1.8864,1.0775
9638,49.6483,49.7917,1.8862,1.0774
9639,49.6485,49.7926,1.8861,1.0774
9640,49.6488,49.7935,1.886,1.0773
9641,49.6491,49.7944,1.8859,1.0773
9642,49.6493,49.7953,1.8858,1.0772
9643,49.6496,49.7963,1.8857,1.0771
9644,49.6499,49.7973,1.8856,1.0771
9645,49.6502,49.7983,1.8855,1.077
9646,49.6504,49.7993,1.8854,1.077
9647,49.6507,49.8003,1.8853,1.0769
9648,49.651,49.8013,1.8852,1.0768
9649,49.6513,49.8024,1.8851,1.0768
9650,49.6515,49.8035,1.885,1.0767
9651,49.6518,49.8046,1.8848,1.0767
9652,49.6521,49.8056,1.8847,1.0766
9653,49.6524,49.8068,1.8846,1.0765
9654,49.6526,49.8079,1.8845,1.0765
9655,49.6529,49.809,1.8844,1.0764
9656,49.6532,49.8102,1.8843,1.0764
9657,49.6535,49.8113,1.8842,1.0763
9658,49.6537,49.8125,1.8841,1.0762
9659,49.654,49.8137,1.884,1.0762
9660,49.6543,49.8149,1.8839,1.0761
9661,49.6546,49.8159,1.8838,1.0761
9662,49.6548,49.8167,1.8837,1.076
9663,49.6551,49.8174,1.8836,1.0759
9664,49.6554,49.818,1.8834,1.0759
9665,49.6557,49.8185,1.8833,1.0758
9666,49.6559,49.8189,1.8832,1.0758
9667,49.6562,49.8193,1.8831,1.0757
9668,49.6565,49.8197,1.883,1.0756
9669,49.6567,49.82,1.8829,1.0756
9670,49.657,49.8202,1.8828,1.0755
9671,49.6573,49.8204,1.8827,1.0755
9672,49.6576,49.8206,1.8826,1.0754
9673,49.6578,49.8207,1.8825,1.0753
9674,49.6581,49.8208,1.8824,1.0753
9675,49.6584,49.8209,1.8823,1.0752
9676,49.6587,49.8209,1.8822,1.0752
9677,49.6589,49.821,1.8821,1.0751
9678,49.6592,49.8209,1.8819,1.075
9679,49.6595,49.8209,1.8818,1.075
9680,49.6597,49.8208,1.8817,1.0749
9681,49.66,49.8207,1.8816,1.0749
9682,49.6603,49.8206,1.8815,1.0748
9683,49.6605,49.8204,1.8814,1.0747
9684,49.6608,49.8203,1.8813,1.0747
9685,49.6611,49.8201,1.8812,1.0746
9686,49.6613,49.8199,1.8811,1.0746
9687,49.6616,49.8196,1.881,1.0745
9688,49.6619,49.8194,1.8809,1.0744
9689,49.6621,49.8191,1.8808,1.0744
9690,49.6624,49.8188,1.8807,1.0743
9691,49.6627,49.8185,1.8805,1.0742
9692,49.6629,49.8182,1.8804,1.0742
9693,49.6632,49.8178,1.8803,1.0741
9694,49.6635,49.8175,1.8802,1.0741
9695,49.6637,49.8171,1.8801,1.074
9696,49.664,49.8167,1.88,1.0739
9697,49.6643,49.8163,1.8799,1.0739
9698,49.6645,49.8158,1.8798,1.0738
9699,49.6648,49.8154,1.8797,1.0738
9700,49.665,49.8149,1.8796,1.0737
9701,49.6653,49.8145,1.8795,1.0736
9702,49.6656,49.814,1.8794,1.0736
9703,49.6658,49.8135,1.8793,1.0735
9704,49.6661,49.8129,1.8791,1.0735
9705,49.6664,49.8124,1.879,1.0734
9706,49.6666,49.8118,1.8789,1.0733
9707,49.6669,49.8113,1.8788,1.0733
9708,49.6671,49.8107,1.8787,1.0732
9709,49.6674,49.8101,1.8786,1.0731
9710,49.6676,49.8095,1.8785,1.0731
9711,49.6679,49.8089,1.8784,1.073
9712,49.6682,49.8083,1.8783,1.073
9713,49.6684,49.8076,1.8782,1.0729
9714,49.6687,49.807,1.8781,1.0728
9715,49.6689,49.8063,1.878,1.0728
9716,49.6692,49.8056,1.8779,1.0727
9717,49.6694,49.805,1.8778,1.0726
9718,49.6697,49.8043,1.8776,1.0726
9719,49.67,49.8035,1.8775,1.0725
9720,49.6702,49.8028,1.8774,1.0725
9721,49.6705,49.8022,1.8773,1.0724
9722,49.6707,49.8016,1.8772,1.0723
9723,49.671,49.801,1.8771,1.0723
9724,49.6712,49.8005,1.877,1.0722
9725,49.6715,49.7999,1.8769,1.0722
9726,49.6717,49.7994,1.8768,1.0721
9727,49.672,49.7989,1.8767,1.072
9728,49.6722,49.7984,1.8766,1.072
9729,49.6725,49.7979,1.8765,1.0719
9730,49.6727,49.7975,1.8764,1.0718
9731,49.673,49.797,1.8763,1.0718
9732,49.6732,49.7965,1.8761,1.0717
9733,49.6735,49.7961,1.876,1.0717
9734,49.6737,49.7956,1.8759,1.0716
9735,49.674,49.7952,1.8758,1.0715
9736,49.6742,49.7948,1.8757,1.0715
9737,49.6745,49.7943,1.8756,1.0714
9738,49.6747,49.7939,1.8755,1.0714
9739,49.675,49.7935,1.8754,1.0713
9740,49.6752,49.793,1.8753,1.0712
9741,49.6755,49.7926,1.8752,1.0712
9742,49.6757,49.7922,1.8751,1.0711
9743,49.676,49.7918,1.875,1.071
9744,49.6762,49.7914,1.8749,1.071
9745,49.6765,49.7909,1.8748,1.0709
9746,49.6767,49.7905,1.8746,1.0709
9747,49.677,49.7901,1.8745,1.0708
9748,49.6772,49.7897,1.8744,1.0707
9749,49.6775,49.7893,1.8743,1.0707
9750,49.6777,49.7889,1.8742,1.0706
9751,49.678,49.7885,1.8741,1.0706
9752,49.6782,49.7881,1.874,1.0705
9753,49.6785,49.7877,1.8739,1.0704
9754,49.6787,49.7873,1.8738,1.0704
9755,49.679,49.7869,1.8737,1.0703
9756,49.6792,49.7865,1.8736,1.0702
9757,49.6795,49.7861,1.8735,1.0702
9758,49.6797,49.7857,1.8734,1.0701
9759,49.68,49.7853,1.8733,1.0701
9760,49.6802,49.7849,1.8732,1.07
9761,49.6805,49.7845,1.873,1.0699
9762,49.6807,49.7841,1.8729,1.0699
9763,49.681,49.7837,1.8728,1.0698
9764,49.6812,49.7833,1.8727,1.0698
9765,49.6814,49.7829,1.8726,1.0697
9766,49.6817,49.7825,1.8725,1.0696
9767,49.6819,49.7821,1.8724,1.0696
9768,49.6822,49.7817,1.8723,1.0695
9769,49.6824,49.7813,1.8722,1.0694
9770,49.6827,49.7809,1.8721,1.0694
9771,49.6829,49.7805,1.872,1.0693
9772,49.6832,49.7801,1.8719,1.0693
9773,49.6834,49.7797,1.8718,1.0692
9774,49.6837,49.7793,1.8717,1.0691
9775,49.6839,49.7789,1.8715,1.0691
9776,49.6842,49.7785,1.8714,1.069
9777,49.6844,49.7781,1.8713,1.069
9778,49.6846,49.7777,1.8712,1.0689
9779,49.6849,49.7773,1.8711,1.0688
9780,49.6851,49.7769,1.871,1.0688
9781,49.6854,49.7766,1.8709,1.0687
9782,49.6856,49.7764,1.8708,1.0686
9783,49.6859,49.7763,1.8707,1.0686
9784,49.6861,49.7762,1.8706,1.0685
9785,49.6864,49.7761,1.8705,1.0685
9786,49.6866,49.7761,1.8704,1.0684
9787,49.6869,49.7761,1.8703,1.0683
9788,49.6871,49.7762,1.8702,1.0683
9789,49.6873,49.7763,1.8701,1.0682
9790,49.6876,49.7764,1.8699,1.0682
9791,49.6878,49.7765,1.8698,1.0681
9792,49.6881,49.7766,1.8697,1.068
9793,49.6883,49.7768,1.8696,1.068
9794,49.6886,49.777,1.8695,1.0679
9795,49.6888,49.7772,1.8694,1.0678
9796,49.689,49.7774,1.8693,1.0678
9797,49.6893,49.7777,1.8692,1.0677
9798,49.6895,49.778,1.8691,1.0677
9799,49.6898,49.7782,1.869,1.0676
9800,49.69,49.7785,1.8689,1.0675
9801,49.6902,49.7788,1.8688,1.0675
9802,49.6905,49.7792,1.8687,1.0674
9803,49.6907,49.7795,1.8686,1.0674
9804,49.691,49.7799,1.8685,1.0673
9805,49.6912,49.7803,1.8683,1.0672
9806,49.6915,49.7806,1.8682,1.0672
9807,49.6917,49.7811,1.8681,1.0671
9808,49.6919,49.7815,1.868,1.0671
9809,49.6922,49.7819,1.8679,1.067
9810,49.6924,49.7823,1.8678,1.0669
9811,49.6926,49.7828,1.8677,1.0669
9812,49.6929,49.7833,1.8676,1.0668
9813,49.6931,49.7837,1.8675,1.0667
9814,49.6934,49.7842,1.8674,1.0667
9815,49.6936,49.7847,1.8673,1.0666
9816,49.6938,49.7852,1.8672,1.0666
9817,49.6941,49.7858,1.8671,1.0665
9818,49.6943,49.7863,1.867,1.0664
9819,49.6945,49.7868,1.8669,1.0664
9820,49.6948,49.7874,1.8668,1.0663
9821,49.695,49.788,1.8666,1.0663
9822,49.6952,49.7885,1.8665,1.0662
9823,49.6955,49.7891,1.8664,1.0661
9824,49.6957,49.7897,1.8663,1.0661
9825,49.6959,49.7903,1.8662,1.066
9826,49.6962,49.7909,1.8661,1.066
9827,49.6964,49.7916,1.866,1.0659
9828,49.6966,49.7922,1.8659,1.0658
9829,49.6969,49.7928,1.8658,1.0658
9830,49.6971,49.7935,1.8657,1.0657
9831,49.6973,49.7942,1.8656,1.0657
9832,49.6975,49.7948,1.8655,1.0656
9833,49.6978,49.7955,1.8654,1.0655
9834,49.698,49.7962,1.8653,1.0655
9835,49.6982,49.7969,1.8652,1.0654
9836,49.6985,49.7976,1.865,1.0654
9837,49.6987,49.7983,1.8649,1.0653
9838,49.6989,49.799,1.8648,1.0652
9839,49.6991,49.7998,1.8647,1.0652
9840,49.6994,49.8005,1.8646,1.0651
9841,49.6996,49.8011,1.8645,1.0651
9842,49.6998,49.8017,1.8644,1.065
9843,49.7,49.8022,1.8643,1.0649
9844,49.7002,49.8026,1.8642,1.0649
9845,49.7005,49.8031,1.8641,1.0648
9846,49.7007,49.8035,1.864,1.0647
9847,49.7009,49.8038,1.8639,1.0647
9848,49.7011,49.8042,1.8638,1.0646
9849,49.7013,49.8045,1.8637,1.0646
9850,49.7016,49.8048,1.8636,1.0645
9851,49.7018,49.8051,1.8635,1.0644
9852,49.702,49.8054,1.8633,1.0644
9853,49.7022,49.8057,1.8632,1.0643
9854,49.7024,49.8059,1.8631,1.0643
9855,49.7026,49.8061,1.863,1.0642
9856,49.7029,49.8064,1.8629,1.0641
9857,49.7031,49.8066,1.8628,1.0641
9858,49.7033,49.8068,1.8627,1.064
9859,49.7035,49.807,1.8626,1.064
9860,49.7037,49.8071,1.8625,1.0639
9861,49.7039,49.8073,1.8624,1.0638
9862,49.7041,49.8075,1.8623,1.0638
9863,49.7043,49.8076,1.8622,1.0637
9864,49.7045,49.8077,1.8621,1.0637
9865,49.7047,49.8079,1.862,1.0636
9866,49.705,49.808,1.8619,1.0635
9867,49.7052,49.8081,1.8618,1.0635
9868,49.7054,49.8082,1.8617,1.0634
9869,49.7056,49.8083,1.8615,1.0634
9870,49.7058,49.8084,1.8614,1.0633
9871,49.706,49.8085,1.8613,1.0632
9872,49.7062,49.8086,1.8612,1.0632
9873,49.7064,49.8086,1.8611,1.0631
9874,49.7066,49.8087,1.861,1.0631
9875,49.7068,49.8087,1.8609,1.063
9876,49.707,49.8088,1.8608,1.0629
9877,49.7072,49.8088,1.8607,1.0629
9878,49.7074,49.8089,1.8606,1.0628
9879,49.7076,49.8089,1.8605,1.0627
9880,49.7078,49.8089,1.8604,1.0627
9881,49.708,49.809,1.8603,1.0626
9882,49.7082,49.809,1.8602,1.0626
9883,49.7084,49.809,1.8601,1.0625
9884,49.7086,49.809,1.86,1.0624
9885,49.7088,49.809,1.8599,1.0624
9886,49.7089,49.809,1.8597,1.0623
9887,49.7091,49.809,1.8596,1.0623
9888,49.7093,49.809,1.8595,1.0622
9889,49.7095,49.8089,1.8594,1.0621
9890,49.7097,49.8089,1.8593,1.0621
9891,49.7099,49.8089,1.8592,1.062
9892,49.7101,49.8088,1.8591,1.062
9893,49.7103,49.8088,1.859,1.0619
9894,49.7105,49.8088,1.8589,1.0618
9895,49.7107,49.8087,1.8588,1.0618
9896,49.7108,49.8087,1.8587,1.0617
9897,49.711,49.8086,1.8586,1.0617
9898,49.7112,49.8086,1.8585,1.0616
9899,49.7114,49.8085,1.8584,1.0615
9900,49.7116,49.8084,1.8583,1.0615
9901,49.7118,49.8085,1.8582,1.0614
9902,49.712,49.8086,1.8581,1.0613
9903,49.7121,49.8087,1.8579,1.0613
9904,49.7123,49.8089,1.8578,1.0612
9905,49.7125,49.8092,1.8577,1.0612
9906,49.7127,49.8094,1.8576,1.0611
9907,49.7129,49.8097,1.8575,1.061
9908,49.713,49.81,1.8574,1.061
9909,49.7132,49.8104,1.8573,1.0609
9910,49.7134,49.8107,1.8572,1.0609
9911,49.7136,49.8111,1.8571,1.0608
9912,49.7138,49.8115,1.857,1.0607
9913,49.7139,49.8119,1.8569,1.0607
9914,49.7141,49.8124,1.8568,1.0606
9915,49.7143,49.8128,1.8567,1.0606
9916,49.7145,49.8133,1.8566,1.0605
9917,49.7146,49.8137,1.8565,1.0604
9918,49.7148,49.8142,1.8564,1.0604
9919,49.715,49.8147,1.8563,1.0603
9920,49.7152,49.8153,1.8561,1.0603
9921,49.7153,49.8158,1.856,1.0602
9922,49.7155,49.8163,1.8559,1.0601
9923,49.7157,49.8169,1.8558,1.0601
9924,49.7159,49.8174,1.8557,1.06
9925,49.716,49.818,1.8556,1.06
9926,49.7162,49.8186,1.8555,1.0599
9927,49.7164,49.8192,1.8554,1.0598
9928,49.7166,49.8198,1.8553,1.0598
9929,49.7167,49.8204,1.8552,1.0597
9930,49.7169,49.821,1.8551,1.0597
9931,49.7171,49.8217,1.855,1.0596
9932,49.7172,49.8223,1.8549,1.0595
9933,49.7174,49.8229,1.8548,1.0595
9934,49.7176,49.8236,1.8547,1.0594
9935,49.7178,49.8243,1.8546,1.0594
9936,49.7179,49.8249,1.8545,1.0593
9937,49.7181,49.8256,1.8544,1.0592
9938,49.7183,49.8263,1.8542,1.0592
9939,49.7184,49.827,1.8541,1.0591
9940,49.7186,49.8277,1.854,1.0591
9941,49.7188,49.8285,1.8539,1.059
9942,49.7189,49.8292,1.8538,1.0589
9943,49.7191,49.8299,1.8537,1.0589
9944,49.7193,49.8306,1.8536,1.0588
9945,49.7194,49.8314,1.8535,1.0588
9946,49.7196,49.8322,1.8534,1.0587
9947,49.7198,49.8329,1.8533,1.0586
9948,49.7199,49.8337,1.8532,1.0586
9949,49.7201,49.8345,1.8531,1.0585
9950,49.7203,49.8352,1.853,1.0585
9951,49.7204,49.836,1.8529,1.0584
9952,49.7206,49.8368,1.8528,1.0583
9953,49.7208,49.8376,1.8527,1.0583
9954,49.7209,49.8384,1.8526,1.0582
9955,49.7211,49.8392,1.8525,1.0582
9956,49.7213,49.8401,1.8524,1.0581
9957,49.7214,49.8409,1.8522,1.058
9958,49.7216,49.8417,1.8521,1.058
9959,49.7218,49.8426,1.852,1.0579
9960,49.7219,49.8434,1.8519,1.0579
9961,49.7221,49.8442,1.8518,1.0578
9962,49.7223,49.8449,1.8517,1.0578
9963,49.7224,49.8456,1.8516,1.0577
9964,49.7226,49.8462,1.8515,1.0576
9965,49.7227,49.8469,1.8514,1.0576
9966,49.7229,49.8475,1.8513,1.0575
9967,49.7231,49.8481,1.8512,1.0575
9968,49.7232,49.8487,1.8511,1.0574
9969,49.7234,49.8492,1.851,1.0573
9970,49.7236,49.8498,1.8509,1.0573
9971,49.7237,49.8503,1.8508,1.0572
9972,49.7239,49.8509,1.8507,1.0572
9973,49.7241,49.8514,1.8506,1.0571
9974,49.7242,49.8519,1.8505,1.057
9975,49.7244,49.8524,1.8504,1.057
9976,49.7245,49.8529,1.8502,1.0569
9977,49.7247,49.8534,1.8501,1.0569
9978,49.7249,49.8539,1.85,1.0568
9979,49.725,49.8544,1.8499,1.0567
9980,49.7252,49.8548,1.8498,1.0567
9981,49.7253,49.8553,1.8497,1.0566
9982,49.7255,49.8557,1.8496,1.0566
9983,49.7257,49.8562,1.8495,1.0565
9984,49.7258,49.8566,1.8494,1.0564
9985,49.726,49.8571,1.8493,1.0564
9986,49.7262,49.8575,1.8492,1.0563
9987,49.7263,49.8579,1.8491,1.0563
9988,49.7265,49.8583,1.849,1.0562
9989,49.7266,49.8588,1.8489,1.0561
9990,49.7268,49.8592,1.8488,1.0561
9991,49.727,49.8596,1.8487,1.056
9992,49.7271,49.86,1.8486,1.056
9993,49.7273,49.8604,1.8485,1.0559
9994,49.7274,49.8608,1.8484,1.0558
9995,49.7276,49.8612,1.8482,1.0558
9996,49.7278,49.8616,1.8481,1.0557
9997,49.7279,49.8619,1.848,1.0557
9998,49.7281,49.8623,1.8479,1.0556
9999,49.7283,49.8627,1.8478,1.0555
10000,49.7284,49.8631,1.8477,1.0555
10001,49.7286,49.8634,1.8476,1.0554
10002,49.7287,49.8638,1.8475,1.0554
10003,49.7289,49.8642,1.8474,1.0553
10004,49.7291,49.8645,1.8473,1.0553
10005,49.7292,49.8649,1.8472,1.0552
10006,49.7294,49.8652,1.8471,1.0551
10007,49.7295,49.8656,1.847,1.0551
10008,49.7297,49.8659,1.8469,1.055
10009,49.7299,49.8663,1.8468,1.055
10010,49.73,49.8666,1.8467,1.0549
10011,49.7302,49.867,1.8466,1.0548
10012,49.7303,49.8673,1.8465,1.0548
10013,49.7305,49.8676,1.8464,1.0547
10014,49.7307,49.868,1.8463,1.0547
10015,49.7308,49.8683,1.8461,1.0546
10016,49.731,49.8686,1.846,1.0545
10017,49.7311,49.8689,1.8459,1.0545
10018,49.7313,49.8693,1.8458,1.0544
10019,49.7315,49.8696,1.8457,1.0544
10020,49.7316,49.8699,1.8456,1.0543
10021,49.7318,49.8701,1.8455,1.0542
10022,49.732,49.8703,1.8454,1.0542
10023,49.7321,49.8704,1.8453,1.0541
10024,49.7323,49.8705,1.8452,1.0541
10025,49.7324,49.8706,1.8451,1.054
10026,49.7326,49.8707,1.845,1.0539
10027,49.7328,49.8707,1.8449,1.0539
10028,49.7329,49.8707,1.8448,1.0538
10029,49.7331,49.8707,1.8447,1.0538
10030,49.7333,49.8706,1.8446,1.0537
10031,49.7334,49.8706,1.8445,1.0536
10032,49.7336,49.8705,1.8444,1.0536
10033,49.7337,49.8704,1.8443,1.0535
10034,49.7339,49.8703,1.8442,1.0535
10035,49.7341,49.8702,1.8441,1.0534
10036,49.7342,49.87,1.8439,1.0533
10037,49.7344,49.8699,1.8438,1.0533
10038,49.7346,49.8697,1.8437,1.0532
10039,49.7347,49.8695,1.8436,1.0532
10040,49.7349,49.8693,1.8435,1.0531
10041,49.7351,49.8691,1.8434,1.053
10042,49.7352,49.8689,1.8433,1.053
10043,49.7354,49.8687,1.8432,1.0529
10044,49.7356,49.8684,1.8431,1.0529
10045,49.7357,49.8682,1.843,1.0528
10046,49.7359,49.8679,1.8429,1.0527
10047,49.7361,49.8676,1.8428,1.0527
10048,49.7362,49.8673,1.8427,1.0526
10049,49.7364,49.867,1.8426,1.0526
10050,49.7366,49.8667,1.8425,1.0525
10051,49.7367,49.8664,1.8424,1.0524
10052,49.7369,49.8661,1.8423,1.0524
10053,49.7371,49.8657,1.8422,1.0523
10054,49.7372,49.8654,1.8421,1.0523
10055,49.7374,49.865,1.842,1.0522
10056,49.7376,49.8646,1.8419,1.0521
10057,49.7377,49.8643,1.8418,1.0521
10058,49.7379,49.8639,1.8416,1.052
10059,49.7381,49.8635,1.8415,1.052
10060,49.7383,49.8631,1.8414,1.0519
10061,49.7384,49.8627,1.8413,1.0518
10062,49.7386,49.8622,1.8412,1.0518
10063,49.7388,49.8618,1.8411,1.0517
10064,49.7389,49.8614,1.841,1.0517
10065,49.7391,49.8609,1.8409,1.0516
10066,49.7393,49.8605,1.8408,1.0515
10067,49.7395,49.86,1.8407,1.0515
10068,49.7396,49.8595,1.8406,1.0514
10069,49.7398,49.8591,1.8405,1.0514
10070,49.74,49.8586,1.8404,1.0513
10071,49.7402,49.8581,1.8403,1.0512
10072,49.7403,49.8576,1.8402,1.0512
10073,49.7405,49.8571,1.8401,1.0511
10074,49.7407,49.8565,1.84,1.0511
10075,49.7409,49.856,1.8399,1.051
10076,49.741,49.8555,1.8398,1.0509
10077,49.7412,49.8549,1.8397,1.0509
10078,49.7414,49.8544,1.8396,1.0508
10079,49.7416,49.8538,1.8395,1.0508
10080,49.7417,49.8533,1.8393,1.0507
10081,49.7419,49.8529,1.8392,1.0506
10082,49.7421,49.8526,1.8391,1.0506
10083,49.7423,49.8525,1.839,1.0505
10084,49.7425,49.8524,1.8389,1.0505
10085,49.7426,49.8524,1.8388,1.0504
10086,49.7428,49.8524,1.8387,1.0503
10087,49.743,49.8525,1.8386,1.0503
10088,49.7432,49.8526,1.8385,1.0502
10089,49.7434,49.8527,1.8384,1.0502
10090,49.7436,49.8529,1.8383,1.0501
10091,49.7437,49.8531,1.8382,1.05
10092,49.7439,49.8534,1.8381,1.05
10093,49.7441,49.8536,1.838,1.0499
10094,49.7443,49.854,1.8379,1.0499
10095,49.7445,49.8543,1.8378,1.0498
10096,49.7447,49.8546,1.8377,1.0497
10097,49.7449,49.855,1.8376,1.0497
10098,49.745,49.8554,1.8375,1.0496
10099,49.7452,49.8559,1.8374,1.0496
10100,49.7454,49.8563,1.8373,1.0495
10101,49.7456,49.8568,1.8372,1.0494
10102,49.7458,49.8573,1.8371,1.0494
10103,49.746,49.8578,1.837,1.0493
10104,49.7462,49.8583,1.8368,1.0493
10105,49.7464,49.8589,1.8367,1.0492
10106,49.7465,49.8594,1.8366,1.0491
10107,49.7467,49.86,1.8365,1.0491
10108,49.7469,49.8606,1.8364,1.049
10109,49.7471,49.8612,1.8363,1.049
10110,49.7473,49.8619,1.8362,1.0489
10111,49.7475,49.8625,1.8361,1.0488
10112,49.7477,49.8632,1.836,1.0488
10113,49.7479,49.8639,1.8359,1.0487
10114,49.7481,49.8645,1.8358,1.0487
10115,49.7483,49.8653,1.8357,1.0486
10116,49.7485,49.866,1.8356,1.0485
10117,49.7487,49.8667,1.8355,1.0485
10118,49.7488,49.8675,1.8354,1.0484
10119,49.749,49.8682,1.8353,1.0484
10120,49.7492,49.869,1.8352,1.0483
10121,49.7494,49.8698,1.8351,1.0482
10122,49.7496,49.8706,1.835,1.0482
10123,49.7498,49.8714,1.8349,1.0481
10124,49.75,49.8722,1.8348,1.0481
10125,49.7502,49.8731,1.8347,1.048
10126,49.7504,49.8739,1.8346,1.0479
10127,49.7506,49.8748,1.8345,1.0479
10128,49.7508,49.8757,1.8343,1.0478
10129,49.751,49.8766,1.8342,1.0478
10130,49.7512,49.8774,1.8341,1.0477
10131,49.7514,49.8784,1.834,1.0476
10132,49.7516,49.8793,1.8339,1.0476
10133,49.7518,49.8802,1.8338,1.0475
10134,49.752,49.8811,1.8337,1.0475
10135,49.7522,49.8821,1.8336,1.0474
10136,49.7524,49.883,1.8335,1.0474
10137,49.7526,49.884,1.8334,1.0473
10138,49.7528,49.885,1.8333,1.0472
10139,49.753,49.886,1.8332,1.0472
10140,49.7532,49.887,1.8331,1.0471
10141,49.7534,49.8878,1.833,1.0471
10142,49.7536,49.8884,1.8329,1.047
10143,49.7538,49.889,1.8328,1.0469
10144,49.754,49.8894,1.8327,1.0469
10145,49.7542,49.8898,1.8326,1.0468
10146,49.7544,49.8902,1.8325,1.0468
10147,49.7546,49.8904,1.8324,1.0467
10148,49.7548,49.8907,1.8323,1.0466
10149,49.755,49.8909,1.8322,1.0466
10150,49.7552,49.891,1.8321,1.0465
10151,49.7554,49.8912,1.832,1.0465
10152,49.7556,49.8912,1.8319,1.0464
10153,49.7558,49.8913,1.8318,1.0464
10154,49.756,49.8913,1.8316,1.0463
10155,49.7562,49.8913,1.8315,1.0462
10156,49.7564,49.8913,1.8314,1.0462
10157,49.7566,49.8912,1.8313,1.0461
10158,49.7568,49.8911,1.8312,1.0461
10159,49.757,49.891,1.8311,1.046
10160,49.7572,49.8908,1.831,1.0459
10161,49.7574,49.8907,1.8309,1.0459
10162,49.7576,49.8905,1.8308,1.0458
10163,49.7578,49.8903,1.8307,1.0458
10164,49.758,49.8901,1.8306,1.0457
10165,49.7582,49.8898,1.8305,1.0456
10166,49.7584,49.8895,1.8304,1.0456
10167,49.7586,49.8893,1.8303,1.0455
10168,49.7588,49.8889,1.8302,1.0455
10169,49.759,49.8886,1.8301,1.0454
10170,49.7592,49.8883,1.83,1.0453
10171,49.7594,49.8879,1.8299,1.0453
10172,49.7596,49.8875,1.8298,1.0452
10173,49.7598,49.8872,1.8297,1.0452
10174,49.76,49.8867,1.8296,1.0451
10175,49.7602,49.8863,1.8295,1.045
10176,49.7604,49.8859,1.8294,1.045
10177,49.7606,49.8854,1.8293,1.0449
10178,49.7608,49.8849,1.8292,1.0449
10179,49.761,49.8845,1.8291,1.0448
10180,49.7612,49.884,1.829,1.0447
10181,49.7614,49.8834,1.8288,1.0447
10182,49.7616,49.8829,1.8287,1.0446
10183,49.7618,49.8824,1.8286,1.0446
10184,49.762,49.8818,1.8285,1.0445
10185,49.7622,49.8813,1.8284,1.0444
10186,49.7624,49.8807,1.8283,1.0444
10187,49.7626,49.8801,1.8282,1.0443
10188,49.7628,49.8795,1.8281,1.0443
10189,49.763,49.8789,1.828,1.0442
10190,49.7632,49.8782,1.8279,1.0441
10191,49.7634,49.8776,1.8278,1.0441
10192,49.7636,49.8769,1.8277,1.044
10193,49.7638,49.8763,1.8276,1.044
10194,49.7639,49.8756,1.8275,1.0439
10195,49.7641,49.8749,1.8274,1.0438
10196,49.7643,49.8742,1.8273,1.0438
10197,49.7645,49.8735,1.8272,1.0437
10198,49.7647,49.8728,1.8271,1.0437
10199,49.7649,49.872,1.827,1.0436
10200,49.7651,49.8713,1.8269,1.0435
10201,49.7653,49.8707,1.8268,1.0435
10202,49.7655,49.8702,1.8267,1.0434
10203,49.7657,49.8697,1.8266,1.0434
10204,49.7659,49.8694,1.8265,1.0433
10205,49.7661,49.869,1.8264,1.0432
10206,49.7663,49.8687,1.8263,1.0432
10207,49.7665,49.8684,1.8262,1.0431
10208,49.7667,49.8682,1.8261,1.0431
10209,49.7669,49.8679,1.826,1.043
10210,49.7671,49.8677,1.8258,1.0429
10211,49.7673,49.8676,1.8257,1.0429
10212,49.7675,49.8674,1.8256,1.0428
10213,49.7677,49.8673,1.8255,1.0428
10214,49.7679,49.8671,1.8254,1.0427
10215,49.7681,49.867,1.8253,1.0426
10216,49.7683,49.8669,1.8252,1.0426
10217,49.7685,49.8669,1.8251,1.0425
10218,49.7687,49.8668,1.825,1.0424
10219,49.7689,49.8668,1.8249,1.0424
10220,49.7691,49.8667,1.8248,1.0423
10221,49.7693,49.8667,1.8247,1.0423
10222,49.7695,49.8667,1.8246,1.0422
10223,49.7697,49.8667,1.8245,1.0421
10224,49.7699,49.8667,1.8244,1.0421
10225,49.7701,49.8668,1.8243,1.042
10226,49.7703,49.8668,1.8242,1.042
10227,49.7705,49.8668,1.8241,1.0419
10228,49.7707,49.8669,1.824,1.0418
10229,49.7709,49.867,1.8239,1.0418
10230,49.7711,49.867,1.8238,1.0417
10231,49.7713,49.8671,1.8237,1.0417
10232,49.7714,49.8672,1.8236,1.0416
10233,49.7716,49.8673,1.8235,1.0415
10234,49.7718,49.8674,1.8234,1.0415
10235,49.772,49.8676,1.8233,1.0414
10236,49.7722,49.8677,1.8232,1.0414
10237,49.7724,49.8678,1.8231,1.0413
10238,49.7726,49.868,1.823,1.0412
10239,49.7728,49.8681,1.8229,1.0412
10240,49.773,49.8683,1.8228,1.0411
10241,49.7732,49.8684,1.8226,1.0411
10242,49.7734,49.8686,1.8225,1.041
10243,49.7736,49.8688,1.8224,1.0409
10244,49.7738,49.869,1.8223,1.0409
10245,49.774,49.8692,1.8222,1.0408
10246,49.7742,49.8693,1.8221,1.0408
10247,49.7744,49.8695,1.822,1.0407
10248,49.7746,49.8698,1.8219,1.0406
10249,49.7748,49.87,1.8218,1.0406
10250,49.775,49.8702,1.8217,1.0405
10251,49.7752,49.8704,1.8216,1.0405
10252,49.7754,49.8706,1.8215,1.0404
10253,49.7756,49.8709,1.8214,1.0403
10254,49.7758,49.8711,1.8213,1.0403
10255,49.776,49.8714,1.8212,1.0402
10256,49.7762,49.8716,1.8211,1.0402
10257,49.7764,49.8719,1.821,1.0401
10258,49.7766,49.8721,1.8209,1.04
10259,49.7768,49.8724,1.8208,1.04
10260,49.777,49.8727,1.8207,1.0399
10261,49.7772,49.8729,1.8206,1.0399
10262,49.7774,49.873,1.8205,1.0398
10263,49.7776,49.8731,1.8204,1.0397
10264,49.7778,49.8732,1.8203,1.0397
10265,49.778,49.8733,1.8202,1.0396
10266,49.7782,49.8733,1.8201,1.0396
10267,49.7784,49.8733,1.82,1.0395
10268,49.7786,49.8733,1.8199,1.0394
10269,49.7788,49.8733,1.8198,1.0394
10270,49.779,49.8732,1.8197,1.0393
10271,49.7792,49.8732,1.8196,1.0393
10272,49.7794,49.8731,1.8195,1.0392
10273,49.7796,49.8731,1.8194,1.0391
10274,49.7798,49.873,1.8192,1.0391
10275,49.78,49.8729,1.8191,1.039
10276,49.7802,49.8728,1.819,1.039
10277,49.7804,49.8727,1.8189,1.0389
10278,49.7806,49.8726,1.8188,1.0388
10279,49.7808,49.8724,1.8187,1.0388
10280,49.781,49.8723,1.8186,1.0387
10281,49.7812,49.8721,1.8185,1.0387
10282,49.7814,49.872,1.8184,1.0386
10283,49.7816,49.8718,1.8183,1.0385
10284,49.7818,49.8717,1.8182,1.0385
10285,49.782,49.8715,1.8181,1.0384
10286,49.7822,49.8713,1.818,1.0384
10287,49.7824,49.8711,1.8179,1.0383
10288,49.7826,49.8709,1.8178,1.0382
10289,49.7828,49.8707,1.8177,1.0382
10290,49.7829,49.8705,1.8176,1.0381
10291,49.7831,49.8703,1.8175,1.0381
10292,49.7833,49.8701,1.8174,1.038
10293,49.7835,49.8699,1.8173,1.0379
10294,49.7837,49.8697,1.8172,1.0379
10295,49.7839,49.8694,1.8171,1.0378
10296,49.7841,49.8692,1.817,1.0378
10297,49.7843,49.8689,1.8169,1.0377
10298,49.7845,49.8687,1.8168,1.0376
10299,49.7847,49.8684,1.8167,1.0376
10300,49.7849,49.8682,1.8166,1.0375
10301,49.7851,49.8679,1.8165,1.0375
10302,49.7853,49.8676,1.8164,1.0374
10303,49.7855,49.8674,1.8163,1.0373
10304,49.7857,49.8671,1.8162,1.0373
10305,49.7858,49.8668,1.8161,1.0372
10306,49.786,49.8665,1.816,1.0372
10307,49.7862,49.8662,1.8159,1.0371
10308,49.7864,49.8659,1.8158,1.0371
10309,49.7866,49.8657,1.8157,1.037
10310,49.7868,49.8653,1.8156,1.0369
10311,49.787,49.865,1.8154,1.0369
10312,49.7872,49.8647,1.8153,1.0368
10313,49.7874,49.8644,1.8152,1.0368
10314,49.7875,49.8641,1.8151,1.0367
10315,49.7877,49.8638,1.815,1.0366
10316,49.7879,49.8635,1.8149,1.0366
10317,49.7881,49.8631,1.8148,1.0365
10318,49.7883,49.8628,1.8147,1.0365
10319,49.7885,49.8625,1.8146,1.0364
10320,49.7887,49.8621,1.8145,1.0363
10321,49.7889,49.8619,1.8144,1.0363
10322,49.789,49.8618,1.8143,1.0362
10323,49.7892,49.8618,1.8142,1.0362
10324,49.7894,49.8619,1.8141,1.0361
10325,49.7896,49.862,1.814,1.036
10326,49.7898,49.8622,1.8139,1.036
10327,49.79,49.8624,1.8138,1.0359
10328,49.7901,49.8626,1.8137,1.0359
10329,49.7903,49.8629,1.8136,1.0358
10330,49.7905,49.8632,1.8135,1.0357
10331,49.7907,49.8636,1.8134,1.0357
10332,49.7909,49.8639,1.8133,1.0356
10333,49.7911,49.8643,1.8132,1.0356
10334,49.7912,49.8647,1.8131,1.0355
10335,49.7914,49.8652,1.813,1.0354
10336,49.7916,49.8656,1.8129,1.0354
10337,49.7918,49.8661,1.8128,1.0353
10338,49.792,49.8666,1.8127,1.0353
10339,49.7921,49.8672,1.8126,1.0352
10340,49.7923,49.8677,1.8125,1.0351
10341,49.7925,49.8683,1.8124,1.0351
10342,49.7927,49.8689,1.8123,1.035
10343,49.7929,49.8695,1.8122,1.035
10344,49.793,49.8701,1.8121,1.0349
10345,49.7932,49.8707,1.812,1.0348
10346,49.7934,49.8714,1.8119,1.0348
10347,49.7936,49.8721,1.8118,1.0347
10348,49.7937,49.8728,1.8117,1.0347
10349,49.7939,49.8735,1.8116,1.0346
10350,49.7941,49.8742,1.8115,1.0345
10351,49.7943,49.8749,1.8113,1.0345
10352,49.7944,49.8757,1.8112,1.0344
10353,49.7946,49.8764,1.8111,1.0344
10354,49.7948,49.8772,1.811,1.0343
10355,49.795,49.878,1.8109,1.0342
10356,49.7951,49.8788,1.8108,1.0342
10357,49.7953,49.8797,1.8107,1.0341
10358,49.7955,49.8805,1.8106,1.0341
10359,49.7956,49.8813,1.8105,1.034
10360,49.7958,49.8822,1.8104,1.0339
10361,49.796,49.8831,1.8103,1.0339
10362,49.7962,49.884,1.8102,1.0338
10363,49.7963,49.8849,1.8101,1.0338
10364,49.7965,49.8858,1.81,1.0337
10365,49.7967,49.8867,1.8099,1.0337
10366,49.7968,49.8876,1.8098,1.0336
10367,49.797,49.8886,1.8097,1.0335
10368,49.7972,49.8895,1.8096,1.0335
10369,49.7973,49.8905,1.8095,1.0334
10370,49.7975,49.8915,1.8094,1.0334
10371,49.7977,49.8924,1.8093,1.0333
10372,49.7978,49.8934,1.8092,1.0332
10373,49.798,49.8945,1.8091,1.0332
10374,49.7982,49.8955,1.809,1.0331
10375,49.7983,49.8965,1.8089,1.0331
10376,49.7985,49.8976,1.8088,1.033
10377,49.7987,49.8986,1.8087,1.0329
10378,49.7988,49.8997,1.8086,1.0329
10379,49.799,49.9007,1.8085,1.0328
10380,49.7992,49.9018,1.8084,1.0328
10381,49.7993,49.9027,1.8083,1.0327
10382,49.7995,49.9033,1.8082,1.0327
10383,49.7997,49.9039,1.8081,1.0326
10384,49.7998,49.9044,1.808,1.0325
10385,49.8,49.9048,1.8079,1.0325
10386,49.8001,49.9051,1.8078,1.0324
10387,49.8003,49.9054,1.8077,1.0324
10388,49.8005,49.9056,1.8076,1.0323
10389,49.8006,49.9057,1.8075,1.0322
10390,49.8008,49.9059,1.8074,1.0322
10391,49.8009,49.9059,1.8073,1.0321
10392,49.8011,49.906,1.8072,1.0321
10393,49.8013,49.906,1.8071,1.032
10394,49.8014,49.9059,1.807,1.0319
10395,49.8016,49.9059,1.8069,1.0319
10396,49.8017,49.9058,1.8068,1.0318
10397,49.8019,49.9056,1.8067,1.0318
10398,49.802,49.9055,1.8066,1.0317
10399,49.8022,49.9053,1.8064,1.0317
10400,49.8024,49.905,1.8063,1.0316
10401,49.8025,49.9048,1.8062,1.0315
10402,49.8027,49.9045,1.8061,1.0315
10403,49.8028,49.9042,1.806,1.0314
10404,49.803,49.9039,1.8059,1.0314
10405,49.8031,49.9036,1.8058,1.0313
10406,49.8033,49.9032,1.8057,1.0312
10407,49.8034,49.9028,1.8056,1.0312
10408,49.8036,49.9024,1.8055,1.0311
10409,49.8037,49.9019,1.8054,1.0311
10410,49.8039,49.9015,1.8053,1.031
10411,49.804,49.901,1.8052,1.0309
10412,49.8042,49.9005,1.8051,1.0309
10413,49.8043,49.9,1.805,1.0308
10414,49.8045,49.8995,1.8049,1.0308
10415,49.8046,49.8989,1.8048,1.0307
10416,49.8048,49.8983,1.8047,1.0306
10417,49.8049,49.8978,1.8046,1.0306
10418,49.8051,49.8972,1.8045,1.0305
10419,49.8052,49.8965,1.8044,1.0305
10420,49.8054,49.8959,1.8043,1.0304
10421,49.8055,49.8952,1.8042,1.0303
10422,49.8057,49.8946,1.8041,1.0303
10423,49.8058,49.8939,1.804,1.0302
10424,49.806,49.8932,1.8039,1.0302
10425,49.8061,49.8925,1.8038,1.0301
10426,49.8063,49.8917,1.8037,1.03
10427,49.8064,49.891,1.8036,1.03
10428,49.8066,49.8902,1.8035,1.0299
10429,49.8067,49.8894,1.8034,1.0299
10430,49.8068,49.8886,1.8033,1.0298
10431,49.807,49.8878,1.8032,1.0297
10432,49.8071,49.887,1.8031,1.0297
10433,49.8073,49.8862,1.803,1.0296
10434,49.8074,49.8853,1.8029,1.0296
10435,49.8076,49.8845,1.8028,1.0295
10436,49.8077,49.8836,1.8027,1.0294
10437,49.8079,49.8827,1.8026,1.0294
10438,49.808,49.8818,1.8025,1.0293
10439,49.8081,49.8809,1.8024,1.0293
10440,49.8083,49.88,1.8023,1.0292
10441,49.8084,49.8791,1.8022,1.0291
10442,49.8086,49.8784,1.8021,1.0291
10443,49.8087,49.8777,1.802,1.029
10444,49.8089,49.877,1.8019,1.029
10445,49.809,49.8763,1.8018,1.0289
10446,49.8091,49.8757,1.8017,1.0288
10447,49.8093,49.8751,1.8016,1.0288
10448,49.8094,49.8745,1.8015,1.0287
10449,49.8096,49.8739,1.8014,1.0287
10450,49.8097,49.8734,1.8013,1.0286
10451,49.8099,49.8728,1.8012,1.0285
10452,49.81,49.8723,1.8011,1.0285
10453,49.8101,49.8717,1.801,1.0284
10454,49.8103,49.8712,1.8009,1.0284
10455,49.8104,49.8707,1.8008,1.0283
10456,49.8106,49.8702,1.8007,1.0282
10457,49.8107,49.8697,1.8006,1.0282
10458,49.8108,49.8692,1.8004,1.0281
10459,49.811,49.8687,1.8003,1.0281
10460,49.8111,49.8682,1.8002,1.028
10461,49.8113,49.8678,1.8001,1.0279
10462,49.8114,49.8673,1.8,1.0279
10463,49.8115,49.8668,1.7999,1.0278
10464,49.8117,49.8664,1.7998,1.0278
10465,49.8118,49.8659,1.7997,1.0277
10466,49.812,49.8655,1.7996,1.0276
10467,49.8121,49.865,1.7995,1.0276
10468,49.8123,49.8646,1.7994,1.0275
10469,49.8124,49.8641,1.7993,1.0275
10470,49.8125,49.8637,1.7992,1.0274
10471,49.8127,49.8633,1.7991,1.0273
10472,49.8128,49.8628,1.799,1.0273
10473,49.813,49.8624,1.7989,1.0272
10474,49.8131,49.862,1.7988,1.0272
10475,49.8133,49.8616,1.7987,1.0271
10476,49.8134,49.8611,1.7986,1.027
10477,49.8135,49.8607,1.7985,1.027
10478,49.8137,49.8603,1.7984,1.0269
10479,49.8138,49.8599,1.7983,1.0269
10480,49.814,49.8595,1.7982,1.0268
10481,49.8141,49.8591,1.7981,1.0267
10482,49.8143,49.8587,1.798,1.0267
10483,49.8144,49.8583,1.7979,1.0266
10484,49.8145,49.8579,1.7978,1.0266
10485,49.8147,49.8575,1.7977,1.0265
10486,49.8148,49.8571,1.7976,1.0264
10487,49.815,49.8567,1.7975,1.0264
10488,49.8151,49.8563,1.7974,1.0263
10489,49.8153,49.8559,1.7973,1.0262
10490,49.8154,49.8555,1.7972,1.0262
10491,49.8155,49.8551,1.7971,1.0261
10492,49.8157,49.8547,1.797,1.0261
10493,49.8158,49.8543,1.7969,1.026
10494,49.816,49.8539,1.7968,1.0259
10495,49.8161,49.8536,1.7967,1.0259
10496,49.8163,49.8532,1.7966,1.0258
10497,49.8164,49.8528,1.7965,1.0258
10498,49.8165,49.8524,1.7964,1.0257
10499,49.8167,49.852,1.7963,1.0256
10500,49.8168,49.8516,1.7962,1.0256
10501,49.817,49.8513,1.7961,1.0255
10502,49.8171,49.8511,1.796,1.0255
10503,49.8173,49.8509,1.7959,1.0254
10504,49.8174,49.8508,1.7958,1.0253
10505,49.8176,49.8507,1.7957,1.0253
10506,49.8177,49.8506,1.7956,1.0252
10507,49.8178,49.8505,1.7955,1.0252
10508,49.818,49.8505,1.7954,1.0251
10509,49.8181,49.8504,1.7953,1.025
10510,49.8183,49.8504,1.7952,1.025
10511,49.8184,49.8504,1.7951,1.0249
10512,49.8186,49.8505,1.795,1.0249
10513,49.8187,49.8505,1.7949,1.0248
10514,49.8188,49.8506,1.7948,1.0247
10515,49.819,49.8507,1.7947,1.0247
10516,49.8191,49.8508,1.7946,1.0246
10517,49.8193,49.8509,1.7945,1.0246
10518,49.8194,49.851,1.7944,1.0245
10519,49.8196,49.8511,1.7943,1.0244
10520,49.8197,49.8513,1.7942,1.0244
10521,49.8198,49.8515,1.7941,1.0243
10522,49.82,49.8516,1.794,1.0243
10523,49.8201,49.8518,1.7939,1.0242
10524,49.8203,49.852,1.7938,1.0241
10525,49.8204,49.8522,1.7937,1.0241
10526,49.8206,49.8524,1.7936,1.024
10527,49.8207,49.8527,1.7935,1.024
10528,49.8208,49.8529,1.7934,1.0239
10529,49.821,49.8532,1.7933,1.0238
10530,49.8211,49.8534,1.7932,1.0238
10531,49.8213,49.8537,1.7931,1.0237
10532,49.8214,49.854,1.793,1.0237
10533,49.8215,49.8543,1.7929,1.0236
10534,49.8217,49.8546,1.7928,1.0236
10535,49.8218,49.8549,1.7927,1.0235
10536,49.822,49.8552,1.7926,1.0234
10537,49.8221,49.8555,1.7925,1.0234
10538,49.8222,49.8559,1.7924,1.0233
10539,49.8224,49.8562,1.7923,1.0233
10540,49.8225,49.8566,1.7922,1.0232
10541,49.8226,49.8569,1.7921,1.0231
10542,49.8228,49.8573,1.792,1.0231
10543,49.8229,49.8577,1.7919,1.023
10544,49.823,49.8581,1.7918,1.023
10545,49.8232,49.8585,1.7917,1.0229
10546,49.8233,49.8589,1.7915,1.0228
10547,49.8234,49.8593,1.7914,1.0228
10548,49.8236,49.8597,1.7913,1.0227
10549,49.8237,49.8601,1.7912,1.0227
10550,49.8238,49.8605,1.7911,1.0226
10551,49.824,49.861,1.791,1.0225
10552,49.8241,49.8614,1.7909,1.0225
10553,49.8242,49.8619,1.7908,1.0224
10554,49.8244,49.8623,1.7907,1.0224
10555,49.8245,49.8628,1.7906,1.0223
10556,49.8246,49.8633,1.7905,1.0223
10557,49.8248,49.8637,1.7904,1.0222
10558,49.8249,49.8642,1.7903,1.0221
10559,49.825,49.8647,1.7902,1.0221
10560,49.8251,49.8652,1.7901,1.022
10561,49.8253,49.8657,1.79,1.022
10562,49.8254,49.8663,1.7899,1.0219
10563,49.8255,49.8669,1.7898,1.0218
10564,49.8256,49.8675,1.7897,1.0218
10565,49.8258,49.8681,1.7896,1.0217
10566,49.8259,49.8687,1.7895,1.0217
10567,49.826,49.8693,1.7894,1.0216
10568,49.8261,49.87,1.7893,1.0215
10569,49.8263,49.8707,1.7892,1.0215
10570,49.8264,49.8713,1.7891,1.0214
10571,49.8265,49.872,1.789,1.0214
10572,49.8266,49.8727,1.7889,1.0213
10573,49.8267,49.8734,1.7888,1.0213
10574,49.8269,49.8742,1.7887,1.0212
10575,49.827,49.8749,1.7886,1.0211
10576,49.8271,49.8756,1.7885,1.0211
10577,49.8272,49.8764,1.7884,1.021
10578,49.8273,49.8771,1.7883,1.021
10579,49.8275,49.8779,1.7882,1.0209
10580,49.8276,49.8787,1.7881,1.0208
10581,49.8277,49.8795,1.788,1.0208
10582,49.8278,49.8803,1.7879,1.0207
10583,49.8279,49.8811,1.7878,1.0207
10584,49.828,49.8819,1.7877,1.0206
10585,49.8281,49.8827,1.7876,1.0206
10586,49.8282,49.8835,1.7875,1.0205
10587,49.8284,49.8844,1.7874,1.0204
10588,49.8285,49.8852,1.7873,1.0204
10589,49.8286,49.8861,1.7872,1.0203
10590,49.8287,49.8869,1.7871,1.0203
10591,49.8288,49.8878,1.787,1.0202
10592,49.8289,49.8887,1.7869,1.0201
10593,49.829,49.8896,1.7868,1.0201
10594,49.8291,49.8905,1.7867,1.02
10595,49.8292,49.8914,1.7866,1.02
10596,49.8293,49.8923,1.7865,1.0199
10597,49.8294,49.8932,1.7864,1.0199
10598,49.8295,49.8941,1.7863,1.0198
10599,49.8296,49.895,1.7862,1.0197
10600,49.8297,49.896,1.7861,1.0197
10601,49.8298,49.8969,1.786,1.0196
10602,49.8299,49.8979,1.7859,1.0196
10603,49.83,49.8988,1.7858,1.0195
10604,49.8301,49.8998,1.7857,1.0194
10605,49.8302,49.9008,1.7856,1.0194
10606,49.8303,49.9018,1.7855,1.0193
10607,49.8304,49.9027,1.7854,1.0193
10608,49.8305,49.9037,1.7853,1.0192
10609,49.8306,49.9047,1.7852,1.0192
10610,49.8307,49.9057,1.7851,1.0191
10611,49.8308,49.9067,1.785,1.019
10612,49.8309,49.9078,1.7849,1.019
10613,49.831,49.9088,1.7848,1.0189
10614,49.8311,49.9098,1.7847,1.0189
10615,49.8312,49.9109,1.7846,1.0188
10616,49.8313,49.9119,1.7845,1.0187
10617,49.8314,49.9129,1.7844,1.0187
10618,49.8315,49.914,1.7843,1.0186
10619,49.8316,49.9151,1.7842,1.0186
10620,49.8316,49.9161,1.7841,1.0185
10621,49.8317,49.9171,1.784,1.0185
10622,49.8318,49.918,1.7839,1.0184
10623,49.8319,49.9188,1.7838,1.0183
10624,49.832,49.9196,1.7837,1.0183
10625,49.8321,49.9204,1.7836,1.0182
10626,49.8322,49.9211,1.7835,1.0182
10627,49.8323,49.9218,1.7834,1.0181
10628,49.8324,49.9225,1.7833,1.0181
10629,49.8324,49.9232,1.7832,1.018
10630,49.8325,49.9238,1.7831,1.0179
10631,49.8326,49.9245,1.783,1.0179
10632,49.8327,49.9251,1.7829,1.0178
10633,49.8328,49.9257,1.7828,1.0178
10634,49.8329,49.9262,1.7827,1.0177
10635,49.8329,49.9268,1.7826,1.0177
10636,49.833,49.9274,1.7825,1.0176
10637,49.8331,49.9279,1.7824,1.0175
10638,49.8332,49.9284,1.7823,1.0175
10639,49.8333,49.929,1.7822,1.0174
10640,49.8334,49.9295,1.7821,1.0174
10641,49.8334,49.93,1.782,1.0173
10642,49.8335,49.9305,1.7819,1.0173
10643,49.8336,49.9309,1.7818,1.0172
10644,49.8337,49.9314,1.7817,1.0171
10645,49.8338,49.9319,1.7816,1.0171
10646,49.8338,49.9323,1.7815,1.017
10647,49.8339,49.9327,1.7814,1.017
10648,49.834,49.9332,1.7813,1.0169
10649,49.8341,49.9336,1.7812,1.0168
10650,49.8341,49.934,1.7811,1.0168
10651,49.8342,49.9344,1.781,1.0167
10652,49.8343,49.9348,1.7809,1.0167
10653,49.8344,49.9352,1.7808,1.0166
10654,49.8345,49.9356,1.7807,1.0166
10655,49.8345,49.936,1.7806,1.0165
10656,49.8346,49.9364,1.7805,1.0164
10657,49.8347,49.9367,1.7804,1.0164
10658,49.8348,49.9371,1.7803,1.0163
10659,49.8348,49.9375,1.7802,1.0163
10660,49.8349,49.9378,1.7801,1.0162
10661,49.835,49.9382,1.78,1.0162
10662,49.8351,49.9385,1.7799,1.0161
10663,49.8351,49.9388,1.7798,1.016
10664,49.8352,49.9392,1.7797,1.016
10665,49.8353,49.9395,1.7796,1.0159
10666,49.8354,49.9398,1.7795,1.0159
10667,49.8355,49.9401,1.7794,1.0158
10668,49.8355,49.9404,1.7793,1.0158
10669,49.8356,49.9407,1.7792,1.0157
10670,49.8357,49.941,1.7791,1.0156
10671,49.8358,49.9413,1.779,1.0156
10672,49.8358,49.9416,1.7789,1.0155
10673,49.8359,49.9419,1.7788,1.0155
10674,49.836,49.9422,1.7787,1.0154
10675,49.8361,49.9424,1.7786,1.0154
10676,49.8361,49.9427,1.7785,1.0153
10677,49.8362,49.943,1.7784,1.0152
10678,49.8363,49.9432,1.7783,1.0152
10679,49.8364,49.9435,1.7782,1.0151
10680,49.8364,49.9437,1.7781,1.0151
10681,49.8365,49.944,1.778,1.015
10682,49.8366,49.9442,1.7779,1.015
10683,49.8367,49.9444,1.7778,1.0149
10684,49.8368,49.9446,1.7777,1.0148
10685,49.8368,49.9449,1.7776,1.0148
10686,49.8369,49.9451,1.7775,1.0147
10687,49.837,49.9453,1.7774,1.0147
10688,49.8371,49.9454,1.7773,1.0146
10689,49.8371,49.9456,1.7772,1.0145
10690,49.8372,49.9458,1.7771,1.0145
10691,49.8373,49.946,1.777,1.0144
10692,49.8374,49.9462,1.7769,1.0144
10693,49.8375,49.9463,1.7768,1.0143
10694,49.8375,49.9465,1.7767,1.0143
10695,49.8376,49.9467,1.7766,1.0142
10696,49.8377,49.9468,1.7765,1.0141
10697,49.8378,49.947,1.7764,1.0141
10698,49.8379,49.9471,1.7763,1.014
10699,49.838,49.9472,1.7762,1.014
10700,49.838,49.9474,1.7761,1.0139
10701,49.8381,49.9475,1.776,1.0139
10702,49.8382,49.9476,1.7759,1.0138
10703,49.8383,49.9478,1.7758,1.0137
10704,49.8384,49.9479,1.7757,1.0137
10705,49.8385,49.948,1.7756,1.0136
10706,49.8385,49.9481,1.7755,1.0136
10707,49.8386,49.9482,1.7754,1.0135
10708,49.8387,49.9483,1.7753,1.0135
10709,49.8388,49.9484,1.7752,1.0134
10710,49.8389,49.9485,1.7751,1.0133
10711,49.839,49.9486,1.775,1.0133
10712,49.8391,49.9487,1.7749,1.0132
10713,49.8392,49.9488,1.7748,1.0132
10714,49.8393,49.9489,1.7747,1.0131
10715,49.8393,49.949,1.7746,1.013
10716,49.8394,49.949,1.7745,1.013
10717,49.8395,49.9491,1.7744,1.0129
10718,49.8396,49.9492,1.7743,1.0129
10719,49.8397,49.9493,1.7742,1.0128
10720,49.8398,49.9493,1.7741,1.0128
10721,49.8399,49.9494,1.774,1.0127
10722,49.84,49.9494,1.7739,1.0126
10723,49.8401,49.9495,1.7738,1.0126
10724,49.8402,49.9495,1.7737,1.0125
10725,49.8403,49.9496,1.7736,1.0125
10726,49.8404,49.9496,1.7735,1.0124
10727,49.8405,49.9497,1.7734,1.0123
10728,49.8406,49.9497,1.7733,1.0123
10729,49.8407,49.9498,1.7732,1.0122
10730,49.8408,49.9498,1.7731,1.0122
10731,49.8409,49.9498,1.773,1.0121
10732,49.841,49.9499,1.7729,1.0121
10733,49.8411,49.9499,1.7728,1.012
10734,49.8412,49.9499,1.7727,1.0119
10735,49.8413,49.9499,1.7726,1.0119
10736,49.8414,49.9499,1.7725,1.0118
10737,49.8415,49.95,1.7724,1.0118
10738,49.8416,49.95,1.7723,1.0117
10739,49.8417,49.95,1.7722,1.0117
10740,49.8418,49.95,1.7721,1.0116
10741,49.8419,49.95,1.772,1.0115
10742,49.842,49.9501,1.7719,1.0115
10743,49.8421,49.9502,1.7718,1.0114
10744,49.8423,49.9504,1.7717,1.0114
10745,49.8424,49.9505,1.7716,1.0113
10746,49.8425,49.9506,1.7715,1.0112
10747,49.8426,49.9508,1.7714,1.0112
10748,49.8427,49.951,1.7713,1.0111
10749,49.8428,49.9512,1.7712,1.0111
10750,49.8429,49.9514,1.7711,1.011
10751,49.843,49.9516,1.771,1.011
10752,49.8432,49.9518,1.7709,1.0109
10753,49.8433,49.952,1.7709,1.0108
10754,49.8434,49.9522,1.7708,1.0108
10755,49.8435,49.9524,1.7707,1.0107
10756,49.8436,49.9526,1.7706,1.0107
10757,49.8438,49.9529,1.7705,1.0106
10758,49.8439,49.9531,1.7704,1.0105
10759,49.844,49.9534,1.7703,1.0105
10760,49.8441,49.9536,1.7702,1.0104
10761,49.8442,49.9539,1.7701,1.0104
10762,49.8444,49.9541,1.77,1.0103
10763,49.8445,49.9544,1.7699,1.0103
10764,49.8446,49.9547,1.7698,1.0102
10765,49.8447,49.9549,1.7697,1.0101
10766,49.8449,49.9552,1.7696,1.0101
10767,49.845,49.9555,1.7695,1.01
10768,49.8451,49.9558,1.7694,1.01
10769,49.8452,49.9561,1.7693,1.0099
10770,49.8454,49.9564,1.7692,1.0099
10771,49.8455,49.9567,1.7691,1.0098
10772,49.8456,49.957,1.769,1.0097
10773,49.8458,49.9573,1.7689,1.0097
10774,49.8459,49.9576,1.7688,1.0096
10775,49.846,49.9579,1.7687,1.0096
10776,49.8461,49.9582,1.7686,1.0095
10777,49.8463,49.9585,1.7685,1.0094
10778,49.8464,49.9588,1.7684,1.0094
10779,49.8465,49.9591,1.7683,1.0093
10780,49.8467,49.9595,1.7682,1.0093
10781,49.8468,49.9598,1.7681,1.0092
10782,49.847,49.9601,1.768,1.0092
10783,49.8471,49.9604,1.7679,1.0091
10784,49.8472,49.9608,1.7678,1.009
10785,49.8474,49.9611,1.7677,1.009
10786,49.8475,49.9615,1.7676,1.0089
10787,49.8476,49.9618,1.7675,1.0089
10788,49.8478,49.9621,1.7674,1.0088
10789,49.8479,49.9625,1.7673,1.0087
10790,49.8481,49.9628,1.7672,1.0087
10791,49.8482,49.9632,1.7671,1.0086
10792,49.8483,49.9635,1.767,1.0086
10793,49.8485,49.9639,1.7669,1.0085
10794,49.8486,49.9642,1.7668,1.0085
10795,49.8488,49.9646,1.7667,1.0084
10796,49.8489,49.965,1.7666,1.0083
10797,49.8491,49.9653,1.7665,1.0083
10798,49.8492,49.9657,1.7664,1.0082
10799,49.8494,49.966,1.7663,1.0082
10800,49.8495,49.9664,1.7662,1.0081
