t_h,TR,T_inf,theta_meas,theta_qs,T_ad
0.0000,28.0000,28.0000,+0.00000,+2.65393,57.07
0.0167,28.3524,28.5280,-0.17561,+2.66575,57.31
0.0333,28.6418,29.1920,-0.55018,+2.67865,57.56
0.0500,28.9285,29.6840,-0.75551,+2.69254,57.80
0.0667,29.1964,30.0370,-0.84060,+2.70777,58.05
0.0833,29.5214,30.8340,-1.31256,+2.72401,58.30
0.1000,29.8424,31.2930,-1.45063,+2.74130,58.55
0.1167,30.1664,31.8200,-1.65359,+2.76009,58.80
0.1333,30.4662,32.1210,-1.65479,+2.77911,59.05
0.1500,30.7963,32.7300,-1.93371,+2.79856,59.31
0.1667,31.1320,33.2020,-2.06998,+2.81967,59.56
0.1833,31.4998,33.8790,-2.37918,+2.84157,59.82
0.2000,31.8501,34.2680,-2.41791,+2.86401,60.08
0.2167,32.2099,34.8060,-2.59606,+2.88776,60.34
0.2333,32.5516,35.1420,-2.59035,+2.91169,60.61
0.2500,32.8876,35.5240,-2.63641,+2.93553,60.87
0.2667,33.2518,36.0910,-2.83923,+2.96077,61.14
0.2833,33.5894,36.3540,-2.76464,+2.98610,61.41
0.3000,33.9762,37.0670,-3.09085,+3.01182,61.68
0.3167,34.3464,37.4190,-3.07263,+3.03907,61.95
0.3333,34.7176,37.8820,-3.16437,+3.06633,62.23
0.3500,35.0632,38.1340,-3.07075,+3.09338,62.50
0.3667,35.4502,38.7670,-3.31679,+3.12171,62.78
0.3833,35.8263,39.1250,-3.29874,+3.15034,63.06
0.4000,36.1869,39.4580,-3.27114,+3.17870,63.34
0.4167,36.5111,39.5950,-3.08390,+3.20750,63.62
0.4333,36.8633,40.0610,-3.19774,+3.23599,63.91
0.4500,37.1919,40.2380,-3.04610,+3.26417,64.20
0.4667,37.5325,40.6210,-3.08854,+3.29309,64.49
0.4833,37.9104,41.1660,-3.25557,+3.32230,64.78
0.5000,38.2800,41.5130,-3.23302,+2.71819,65.07
0.5167,38.5971,41.9180,-3.32088,+2.10027,65.25
0.5333,38.8672,41.9520,-3.08485,+2.11522,65.44
0.5500,39.1481,42.2630,-3.11489,+2.12956,65.62
0.5667,39.4440,42.5890,-3.14501,+2.14485,65.81
0.5833,39.7190,42.7450,-3.02602,+2.15967,66.00
0.6000,39.9929,42.9850,-2.99213,+2.17393,66.18
0.6167,40.2951,43.3930,-3.09790,+2.18918,66.37
0.6333,40.5726,43.5340,-2.96143,+2.20403,66.56
0.6500,40.8783,43.9700,-3.09174,+2.21852,66.75
0.6667,41.1581,44.1020,-2.94389,+2.23388,66.94
0.6833,41.4599,44.5030,-3.04309,+2.24883,67.13
0.7000,41.7421,44.6630,-2.92085,+2.26336,67.32
0.7167,41.9882,44.7010,-2.71283,+2.27835,67.52
0.7333,42.2774,45.1380,-2.86062,+2.29290,67.71
0.7500,42.5563,45.3230,-2.76667,+2.30713,67.91
0.7667,42.7928,45.3240,-2.53121,+2.32183,68.10
0.7833,43.0262,45.4620,-2.43580,+2.33569,68.30
0.8000,43.2950,45.8180,-2.52298,+2.34915,68.49
0.8167,43.5143,45.7390,-2.22467,+2.36324,68.69
0.8333,43.7406,45.9300,-2.18944,+2.37648,68.89
0.8500,43.9570,45.9990,-2.04196,+2.38904,69.09
0.8667,44.2346,46.5120,-2.27736,+2.40272,69.29
0.8833,44.4851,46.6020,-2.11691,+2.41609,69.49
0.9000,44.7223,46.7610,-2.03873,+2.42872,69.70
0.9167,44.9588,46.9330,-1.97421,+2.44211,69.90
0.9333,45.1625,46.9120,-1.74951,+2.45468,70.10
0.9500,45.3759,47.0890,-1.71315,+2.46646,70.31
0.9667,45.5555,47.0080,-1.45248,+2.47878,70.51
0.9833,45.7390,47.1110,-1.37202,+2.49020,70.72
1.0000,45.9719,47.4850,-1.51312,+2.69128,70.93
1.0167,46.1919,47.4980,-1.30611,+2.89629,71.17
1.0333,46.4074,47.6460,-1.23855,+2.91045,71.41
1.0500,46.6328,47.8400,-1.20718,+2.92403,71.65
1.0667,46.8361,47.8730,-1.03690,+2.93829,71.90
1.0833,47.0266,47.9260,-0.89936,+2.95162,72.14
1.1000,47.2165,48.0160,-0.79954,+2.96413,72.39
1.1167,47.3835,47.9770,-0.59353,+2.97715,72.64
1.1333,47.5317,47.9260,-0.39433,+2.98906,72.89
1.1500,47.7215,48.1990,-0.47753,+3.00035,73.14
1.1667,47.8874,48.1660,-0.27862,+3.01246,73.39
1.1833,48.0644,48.3310,-0.26664,+3.02380,73.64
1.2000,48.2721,48.6150,-0.34291,+3.03480,73.90
1.2167,48.4111,48.3800,+0.03105,+3.04632,74.15
1.2333,48.5371,48.3570,+0.18012,+3.05652,74.41
1.2500,48.6934,48.5260,+0.16736,+3.06604,74.67
1.2667,48.8481,48.5900,+0.25807,+3.07646,74.93
1.2833,49.0261,48.8250,+0.20113,+3.08640,75.19
1.3000,49.1818,48.8270,+0.35475,+3.09568,75.45
1.3167,49.3462,48.9880,+0.35817,+3.10577,75.71
1.3333,49.4913,48.9790,+0.51229,+3.11512,75.98
1.3500,49.6092,48.9000,+0.70915,+3.12339,76.25
1.3667,49.7645,49.1440,+0.62055,+3.13256,76.51
1.3833,49.8586,48.8700,+0.98865,+3.14074,76.78
1.4000,49.9470,48.8400,+1.10696,+3.14760,77.06
1.4167,50.0551,48.9130,+1.14210,+3.15528,77.33
1.4333,50.2177,49.2610,+0.95669,+3.16275,77.60
1.4500,50.3400,49.1690,+1.17105,+3.16965,77.88
1.4667,50.4276,49.0560,+1.37160,+3.17691,78.15
1.4833,50.5509,49.2570,+1.29388,+3.18349,78.43
1.5000,50.6405,49.1160,+1.52447,+2.96162,78.71
1.5167,50.7543,49.4150,+1.33929,+2.73797,78.95
1.5333,50.8396,49.3210,+1.51858,+2.74197,79.19
1.5500,50.9137,49.3170,+1.59675,+2.74560,79.44
1.5667,50.9843,49.3040,+1.68025,+2.74901,79.68
1.5833,51.0846,49.4920,+1.59256,+2.75244,79.93
1.6000,51.1541,49.3840,+1.77013,+2.75573,80.17
1.6167,51.1991,49.2720,+1.92712,+2.75853,80.42
1.6333,51.2568,49.3100,+1.94684,+2.76108,80.67
1.6500,51.3904,49.7490,+1.64137,+2.76409,80.92
1.6667,51.4960,49.7430,+1.75302,+2.76739,81.17
1.6833,51.5640,49.6600,+1.90402,+2.77030,81.42
1.7000,51.5947,49.4630,+2.13168,+2.77264,81.68
1.7167,51.6973,49.8300,+1.86729,+2.77507,81.93
1.7333,51.7735,49.7530,+2.02047,+2.77765,82.19
1.7500,51.8336,49.7390,+2.09455,+2.77990,82.44
1.7667,51.8718,49.6220,+2.24981,+2.78180,82.70
1.7833,51.9019,49.5500,+2.35195,+2.78331,82.96
1.8000,51.9272,49.4770,+2.45022,+2.78451,83.22
1.8167,52.0304,49.8910,+2.13941,+2.78607,83.48
1.8333,52.0787,49.6830,+2.39572,+2.78768,83.75
1.8500,52.0987,49.5690,+2.52974,+2.78871,84.01
1.8667,52.1396,49.6330,+2.50662,+2.78957,84.28
1.8833,52.2071,49.7810,+2.42607,+2.79060,84.54
1.9000,52.2311,49.5920,+2.63906,+2.79140,84.81
1.9167,52.3164,49.9410,+2.37541,+2.79233,85.08
1.9333,52.3812,49.9020,+2.47921,+2.79348,85.35
1.9500,52.4292,49.8920,+2.53718,+2.79438,85.62
1.9667,52.4507,49.7590,+2.69168,+2.79495,85.90
1.9833,52.4952,49.8650,+2.63019,+2.79539,86.17
2.0000,52.5360,49.8520,+2.68398,+2.04310,86.45
2.0167,52.5036,49.8930,+2.61062,+1.28838,86.58
2.0333,52.4299,49.6190,+2.81088,+1.28627,86.70
2.0500,52.4031,49.7920,+2.61111,+1.28417,86.83
2.0667,52.3514,49.6120,+2.73939,+1.28210,86.96
2.0833,52.3472,49.8450,+2.50218,+1.28012,87.09
2.1000,52.3268,49.7700,+2.55677,+1.27826,87.22
2.1167,52.2876,49.6830,+2.60463,+1.27633,87.35
2.1333,52.2535,49.6690,+2.58454,+1.27437,87.48
2.1500,52.2685,49.9160,+2.35253,+1.27260,87.61
2.1667,52.2374,49.7140,+2.52341,+1.27086,87.74
2.1833,52.2728,50.0950,+2.17783,+1.26926,87.87
2.2000,52.2652,49.9290,+2.33615,+1.26778,88.00
2.2167,52.2300,49.8170,+2.41304,+1.26613,88.13
2.2333,52.2268,49.9430,+2.28377,+1.26452,88.26
2.2500,52.1738,49.6640,+2.50975,+1.26282,88.40
2.2667,52.2143,50.1350,+2.07926,+1.26129,88.53
2.2833,52.2005,49.9020,+2.29846,+1.25989,88.66
2.3000,52.2068,50.0560,+2.15078,+1.25845,88.79
2.3167,52.1505,49.7100,+2.44052,+1.25689,88.93
2.3333,52.1434,49.9150,+2.22835,+1.25528,89.06
2.3500,52.1412,49.9200,+2.22124,+1.25382,89.19
2.3667,52.1727,50.1470,+2.02568,+1.25252,89.33
2.3833,52.1583,49.9670,+2.19131,+1.25123,89.46
2.4000,52.1342,49.9210,+2.21321,+1.24980,89.60
2.4167,52.1009,49.8210,+2.27992,+1.24830,89.73
2.4333,52.0831,49.8560,+2.22706,+1.24678,89.87
2.4500,52.0867,49.9530,+2.13374,+1.24538,90.00
2.4667,52.0785,49.9150,+2.16354,+1.24401,90.14
2.4833,52.0320,49.7080,+2.32398,+1.24250,90.27
2.5000,52.0786,50.1630,+1.91558,+1.25825,90.41
2.5167,52.1175,50.1980,+1.91951,+1.27483,90.55
2.5333,52.0674,49.8200,+2.24739,+1.27357,90.69
2.5500,52.0685,50.0270,+2.04153,+1.27170,90.83
2.5667,52.0345,49.8040,+2.23051,+1.27087,90.97
2.5833,52.0569,50.0860,+1.97089,+1.26958,91.12
2.6000,52.0386,49.8910,+2.14762,+1.26783,91.26
2.6167,52.0536,50.0800,+1.97359,+1.26711,91.40
2.6333,52.0704,50.1130,+1.95742,+1.26602,91.54
2.6500,52.0809,50.1340,+1.94688,+1.26443,91.69
2.6667,52.0275,49.8040,+2.22354,+1.26365,91.83
2.6833,52.0627,50.2080,+1.85467,+1.26245,91.97
2.7000,52.0291,49.8650,+2.16410,+1.26075,92.12
2.7167,51.9822,49.7690,+2.21322,+1.25981,92.26
2.7333,52.0007,50.0270,+1.97371,+1.25851,92.41
2.7500,51.9963,49.9350,+2.06128,+1.25680,92.55
2.7667,52.0280,50.1650,+1.86298,+1.25621,92.70
2.7833,52.0465,50.1540,+1.89253,+1.25523,92.84
2.8000,52.0103,49.9090,+2.10129,+1.25354,92.99
2.8167,52.0422,50.2260,+1.81625,+1.25295,93.14
2.8333,52.0074,49.8950,+2.11245,+1.25182,93.28
2.8500,51.9990,50.0080,+1.99099,+1.25006,93.43
2.8667,51.9742,49.8780,+2.09616,+1.24930,93.58
2.8833,52.0157,50.2180,+1.79769,+1.24821,93.73
2.9000,51.9744,49.8320,+2.14244,+1.24655,93.87
2.9167,51.9299,49.7720,+2.15785,+1.24563,94.02
2.9333,51.9400,49.9680,+1.97202,+1.24434,94.17
2.9500,51.9958,50.2460,+1.74980,+1.24286,94.32
2.9667,52.0184,50.1960,+1.82240,+1.24249,94.47
2.9833,52.0148,50.1240,+1.89075,+1.24152,94.62
3.0000,52.0256,50.1950,+1.83063,+1.32401,94.77
3.0167,52.0436,50.1970,+1.84663,+1.40720,94.94
3.0333,52.0225,50.0090,+2.01351,+1.40625,95.11
3.0500,51.9923,49.9080,+2.08433,+1.40509,95.29
3.0667,52.0181,50.1360,+1.88208,+1.40405,95.46
3.0833,52.0277,50.0810,+1.94675,+1.40312,95.63
3.1000,52.0051,49.9370,+2.06814,+1.40202,95.81
3.1167,51.9666,49.7970,+2.16957,+1.40072,95.98
3.1333,52.0028,50.1230,+1.87976,+1.39959,96.15
3.1500,51.9850,49.8810,+2.10399,+1.39850,96.33
3.1667,52.0289,50.2180,+1.81091,+1.39750,96.51
3.1833,51.9985,49.8700,+2.12850,+1.39644,96.68
3.2000,51.9629,49.8110,+2.15186,+1.39509,96.86
3.2167,52.0093,50.1660,+1.84335,+1.39400,97.03
3.2333,51.9792,49.8270,+2.15220,+1.39288,97.21
3.2500,51.9557,49.8400,+2.11572,+1.39153,97.39
3.2667,51.9832,50.0500,+1.93321,+1.39038,97.57
3.2833,52.0255,50.1870,+1.83845,+1.38947,97.75
3.3000,51.9877,49.8480,+2.13970,+1.38836,97.93
3.3167,51.9710,49.9050,+2.06602,+1.38705,98.11
3.3333,52.0081,50.1390,+1.86912,+1.38599,98.29
3.3500,52.0490,50.2360,+1.81301,+1.38515,98.47
3.3667,52.0290,50.0000,+2.02898,+1.38416,98.65
3.3833,51.9822,49.8220,+2.16021,+1.38284,98.83
3.4000,51.9438,49.7570,+2.18683,+1.38139,99.01
3.4167,51.9409,49.8650,+2.07593,+1.38001,99.20
3.4333,51.9299,49.8160,+2.11390,+1.37868,99.38
3.4500,51.9692,50.0890,+1.88022,+1.37755,99.56
3.4667,51.9432,49.8110,+2.13224,+1.37637,99.75
3.4833,51.9560,50.0030,+1.95296,+1.37515,99.93
3.5000,51.9849,50.0970,+1.88791,+1.22691,100.12
3.5167,51.9731,50.0410,+1.93206,+1.07846,100.26
3.5333,51.9250,49.8500,+2.07496,+1.07711,100.41
3.5500,51.9459,50.1520,+1.79394,+1.07587,100.56
3.5667,51.9508,50.1080,+1.84280,+1.07478,100.70
3.5833,51.9475,50.1190,+1.82848,+1.07366,100.85
3.6000,51.8871,49.8160,+2.07105,+1.07237,101.00
3.6167,51.8436,49.8120,+2.03163,+1.07094,101.15
3.6333,51.8907,50.2140,+1.67666,+1.06981,101.29
3.6500,51.8689,49.9490,+1.91992,+1.06873,101.44
3.6667,51.8356,49.9000,+1.93563,+1.06747,101.59
3.6833,51.8320,49.9940,+1.83803,+1.06627,101.74
3.7000,51.8436,50.0810,+1.76258,+1.06519,101.89
3.7167,51.8736,50.2280,+1.64558,+1.06425,102.04
3.7333,51.8271,49.8930,+1.93412,+1.06317,102.19
3.7500,51.8512,50.2120,+1.63921,+1.06212,102.34
3.7667,51.7870,49.7620,+2.02498,+1.06097,102.49
3.7833,51.7872,50.0280,+1.75917,+1.05975,102.64
3.8000,51.7990,50.0670,+1.73201,+1.05874,102.80
3.8167,51.7510,49.8030,+1.94800,+1.05758,102.95
3.8333,51.7193,49.8200,+1.89934,+1.05630,103.10
3.8500,51.7261,49.9600,+1.76613,+1.05515,103.25
3.8667,51.7780,50.2330,+1.54495,+1.05427,103.41
3.8833,51.7722,50.0480,+1.72419,+1.05340,103.56
3.9000,51.7934,50.2170,+1.57636,+1.05252,103.71
3.9167,51.7967,50.1520,+1.64469,+1.05169,103.87
3.9333,51.7641,49.9840,+1.78008,+1.05070,104.02
3.9500,51.7724,50.1420,+1.63042,+1.04974,104.18
3.9667,51.7082,49.7590,+1.94922,+1.04862,104.33
3.9833,51.6710,49.8050,+1.86597,+1.04735,104.49
4.0000,51.7179,50.1650,+1.55286,+0.99881,104.64
4.0167,51.6957,50.0000,+1.69573,+0.95023,104.78
4.0333,51.6871,50.0000,+1.68712,+0.94923,104.93
4.0500,51.6785,50.0000,+1.67846,+0.94823,105.07
4.0667,51.6699,50.0000,+1.66990,+0.94725,105.21
4.0833,51.6615,50.0000,+1.66152,+0.94627,105.35
4.1000,51.6534,50.0000,+1.65336,+0.94530,105.50
4.1167,51.6454,50.0000,+1.64543,+0.94434,105.64
4.1333,51.6377,50.0000,+1.63774,+0.94340,105.78
4.1500,51.6303,50.0000,+1.63028,+0.94245,105.93
4.1667,51.6231,50.0000,+1.62306,+0.94152,106.07
4.1833,51.6161,50.0000,+1.61606,+0.94060,106.22
4.2000,51.6093,50.0000,+1.60928,+0.93968,106.36
4.2167,51.6027,50.0000,+1.60272,+0.93877,106.51
4.2333,51.5964,50.0000,+1.59636,+0.93786,106.65
4.2500,51.5902,50.0000,+1.59019,+0.93697,106.80
4.2667,51.5842,50.0000,+1.58421,+0.93608,106.95
4.2833,51.5784,50.0000,+1.57841,+0.93519,107.09
4.3000,51.5728,50.0000,+1.57279,+0.93431,107.24
4.3167,51.5673,50.0000,+1.56733,+0.93344,107.39
4.3333,51.5620,50.0000,+1.56203,+0.93257,107.53
4.3500,51.5569,50.0000,+1.55688,+0.93171,107.68
4.3667,51.5519,50.0000,+1.55188,+0.93086,107.83
4.3833,51.5470,50.0000,+1.54702,+0.93001,107.98
4.4000,51.5423,50.0000,+1.54230,+0.92916,108.13
4.4167,51.5377,50.0000,+1.53770,+0.92832,108.28
4.4333,51.5332,50.0000,+1.53322,+0.92748,108.42
4.4500,51.5289,50.0000,+1.52887,+0.92665,108.57
4.4667,51.5246,50.0000,+1.52462,+0.92582,108.72
4.4833,51.5205,50.0000,+1.52049,+0.92500,108.87
4.5000,51.5165,50.0000,+1.51646,+0.81651,109.03
4.5167,51.4990,50.0000,+1.49901,+0.70753,109.14
4.5333,51.4837,50.0000,+1.48368,+0.70670,109.26
4.5500,51.4695,50.0000,+1.46952,+0.70635,109.37
4.5667,51.4563,50.0000,+1.45625,+0.70508,109.49
4.5833,51.4437,50.0000,+1.44370,+0.70429,109.61
4.6000,51.4318,50.0000,+1.43178,+0.70397,109.72
4.6167,51.4204,50.0000,+1.42041,+0.70274,109.84
4.6333,51.4095,50.0000,+1.40954,+0.70198,109.96
4.6500,51.3991,50.0000,+1.39914,+0.70169,110.07
4.6667,51.3892,50.0000,+1.38916,+0.70050,110.19
4.6833,51.3796,50.0000,+1.37960,+0.69977,110.31
4.7000,51.3704,50.0000,+1.37041,+0.69951,110.42
4.7167,51.3616,50.0000,+1.36159,+0.69834,110.54
4.7333,51.3531,50.0000,+1.35311,+0.69763,110.66
4.7500,51.3450,50.0000,+1.34495,+0.69739,110.78
4.7667,51.3371,50.0000,+1.33711,+0.69625,110.90
4.7833,51.3296,50.0000,+1.32957,+0.69557,111.02
4.8000,51.3223,50.0000,+1.32231,+0.69535,111.13
4.8167,51.3153,50.0000,+1.31532,+0.69423,111.25
4.8333,51.3086,50.0000,+1.30859,+0.69357,111.37
4.8500,51.3021,50.0000,+1.30210,+0.69336,111.49
4.8667,51.2958,50.0000,+1.29584,+0.69226,111.61
4.8833,51.2898,50.0000,+1.28981,+0.69162,111.73
4.9000,51.2840,50.0000,+1.28400,+0.69143,111.85
4.9167,51.2784,50.0000,+1.27839,+0.69035,111.97
4.9333,51.2730,50.0000,+1.27297,+0.68972,112.09
4.9500,51.2677,50.0000,+1.26773,+0.68954,112.21
4.9667,51.2627,50.0000,+1.26268,+0.68847,112.33
4.9833,51.2578,50.0000,+1.25779,+0.68786,112.45
5.0000,51.2531,50.0000,+1.25306,+0.74732,112.58
5.0167,51.2563,50.0000,+1.25625,+0.80638,112.72
5.0333,51.2584,50.0000,+1.25841,+0.80581,112.86
5.0500,51.2601,50.0000,+1.26007,+0.80523,113.00
5.0667,51.2614,50.0000,+1.26140,+0.80465,113.15
5.0833,51.2625,50.0000,+1.26248,+0.80407,113.29
5.1000,51.2634,50.0000,+1.26337,+0.80349,113.43
5.1167,51.2641,50.0000,+1.26409,+0.80291,113.58
5.1333,51.2647,50.0000,+1.26468,+0.80232,113.72
5.1500,51.2651,50.0000,+1.26515,+0.80173,113.87
5.1667,51.2655,50.0000,+1.26550,+0.80114,114.01
5.1833,51.2657,50.0000,+1.26575,+0.80055,114.16
5.2000,51.2659,50.0000,+1.26590,+0.79996,114.30
5.2167,51.2660,50.0000,+1.26597,+0.79936,114.45
5.2333,51.2660,50.0000,+1.26595,+0.79877,114.59
5.2500,51.2659,50.0000,+1.26586,+0.79817,114.74
5.2667,51.2657,50.0000,+1.26569,+0.79757,114.89
5.2833,51.2654,50.0000,+1.26545,+0.79698,115.03
5.3000,51.2651,50.0000,+1.26514,+0.79638,115.18
5.3167,51.2648,50.0000,+1.26477,+0.79578,115.33
5.3333,51.2643,50.0000,+1.26434,+0.79518,115.48
5.3500,51.2639,50.0000,+1.26385,+0.79458,115.62
5.3667,51.2633,50.0000,+1.26331,+0.79398,115.77
5.3833,51.2627,50.0000,+1.26272,+0.79337,115.92
5.4000,51.2621,50.0000,+1.26208,+0.79277,116.07
5.4167,51.2614,50.0000,+1.26140,+0.79217,116.22
5.4333,51.2607,50.0000,+1.26067,+0.79157,116.37
5.4500,51.2599,50.0000,+1.25990,+0.79096,116.52
5.4667,51.2591,50.0000,+1.25909,+0.79036,116.67
5.4833,51.2582,50.0000,+1.25824,+0.78976,116.82
5.5000,51.2574,50.0000,+1.25736,+0.73084,116.97
5.5167,51.2486,50.0000,+1.24856,+0.67146,117.10
5.5333,51.2410,50.0000,+1.24095,+0.67083,117.23
5.5500,51.2340,50.0000,+1.23397,+0.67064,117.36
5.5667,51.2274,50.0000,+1.22744,+0.66959,117.48
5.5833,51.2213,50.0000,+1.22126,+0.66898,117.61
5.6000,51.2154,50.0000,+1.21539,+0.66881,117.74
5.6167,51.2098,50.0000,+1.20978,+0.66777,117.87
5.6333,51.2044,50.0000,+1.20441,+0.66718,118.00
5.6500,51.1993,50.0000,+1.19926,+0.66703,118.13
5.6667,51.1943,50.0000,+1.19431,+0.66601,118.26
5.6833,51.1895,50.0000,+1.18954,+0.66542,118.39
5.7000,51.1850,50.0000,+1.18495,+0.66528,118.53
5.7167,51.1805,50.0000,+1.18053,+0.66428,118.66
5.7333,51.1763,50.0000,+1.17626,+0.66371,118.79
5.7500,51.1721,50.0000,+1.17214,+0.66358,118.92
5.7667,51.1682,50.0000,+1.16817,+0.66258,119.05
5.7833,51.1643,50.0000,+1.16433,+0.66202,119.18
5.8000,51.1606,50.0000,+1.16061,+0.66190,119.31
5.8167,51.1570,50.0000,+1.15702,+0.66092,119.45
5.8333,51.1535,50.0000,+1.15354,+0.66037,119.58
5.8500,51.1502,50.0000,+1.15017,+0.66025,119.71
5.8667,51.1469,50.0000,+1.14690,+0.65928,119.85
5.8833,51.1437,50.0000,+1.14373,+0.65874,119.98
5.9000,51.1407,50.0000,+1.14066,+0.65863,120.11
5.9167,51.1377,50.0000,+1.13768,+0.65767,120.25
5.9333,51.1348,50.0000,+1.13478,+0.65713,120.38
5.9500,51.1320,50.0000,+1.13196,+0.65703,120.51
5.9667,51.1292,50.0000,+1.12921,+0.65608,120.65
5.9833,51.1265,50.0000,+1.12654,+0.65555,120.78
6.0000,51.1239,50.0000,+1.12394,+0.58410,120.92
6.0167,51.1115,50.0000,+1.11145,+0.51221,121.02
6.0333,51.1006,50.0000,+1.10060,+0.51169,121.13
6.0500,51.0906,50.0000,+1.09065,+0.51118,121.24
6.0667,51.0814,50.0000,+1.08137,+0.51068,121.34
6.0833,51.0726,50.0000,+1.07265,+0.51018,121.45
6.1000,51.0644,50.0000,+1.06439,+0.50969,121.55
6.1167,51.0566,50.0000,+1.05655,+0.50921,121.66
6.1333,51.0491,50.0000,+1.04910,+0.50874,121.77
6.1500,51.0420,50.0000,+1.04199,+0.50827,121.87
6.1667,51.0352,50.0000,+1.03521,+0.50780,121.98
6.1833,51.0287,50.0000,+1.02873,+0.50734,122.09
6.2000,51.0225,50.0000,+1.02254,+0.50688,122.20
6.2167,51.0166,50.0000,+1.01662,+0.50643,122.30
6.2333,51.0110,50.0000,+1.01095,+0.50599,122.41
6.2500,51.0055,50.0000,+1.00553,+0.50555,122.52
6.2667,51.0003,50.0000,+1.00033,+0.50511,122.63
6.2833,50.9953,50.0000,+0.99535,+0.50468,122.73
6.3000,50.9906,50.0000,+0.99057,+0.50425,122.84
6.3167,50.9860,50.0000,+0.98599,+0.50382,122.95
6.3333,50.9816,50.0000,+0.98159,+0.50340,123.06
6.3500,50.9774,50.0000,+0.97736,+0.50298,123.17
6.3667,50.9733,50.0000,+0.97330,+0.50256,123.28
6.3833,50.9694,50.0000,+0.96939,+0.50215,123.38
6.4000,50.9656,50.0000,+0.96563,+0.50174,123.49
6.4167,50.9620,50.0000,+0.96201,+0.50133,123.60
6.4333,50.9585,50.0000,+0.95852,+0.50092,123.71
6.4500,50.9552,50.0000,+0.95516,+0.50052,123.82
6.4667,50.9519,50.0000,+0.95191,+0.50012,123.93
6.4833,50.9488,50.0000,+0.94878,+0.49972,124.04
6.5000,50.9458,50.0000,+0.94576,+0.51306,124.15
6.5167,50.9448,50.0000,+0.94483,+0.52681,124.27
6.5333,50.9437,50.0000,+0.94368,+0.52642,124.38
6.5500,50.9424,50.0000,+0.94245,+0.52562,124.50
6.5667,50.9412,50.0000,+0.94117,+0.52564,124.61
6.5833,50.9399,50.0000,+0.93988,+0.52525,124.73
6.6000,50.9386,50.0000,+0.93858,+0.52445,124.85
6.6167,50.9373,50.0000,+0.93727,+0.52448,124.97
6.6333,50.9360,50.0000,+0.93597,+0.52409,125.08
6.6500,50.9347,50.0000,+0.93467,+0.52329,125.20
6.6667,50.9334,50.0000,+0.93337,+0.52332,125.32
6.6833,50.9321,50.0000,+0.93207,+0.52293,125.44
6.7000,50.9308,50.0000,+0.93079,+0.52214,125.55
6.7167,50.9295,50.0000,+0.92950,+0.52217,125.67
6.7333,50.9282,50.0000,+0.92822,+0.52178,125.79
6.7500,50.9269,50.0000,+0.92695,+0.52099,125.91
6.7667,50.9257,50.0000,+0.92568,+0.52102,126.03
6.7833,50.9244,50.0000,+0.92442,+0.52064,126.14
6.8000,50.9232,50.0000,+0.92316,+0.51985,126.26
6.8167,50.9219,50.0000,+0.92190,+0.51988,126.38
6.8333,50.9207,50.0000,+0.92065,+0.51950,126.50
6.8500,50.9194,50.0000,+0.91940,+0.51871,126.62
6.8667,50.9182,50.0000,+0.91816,+0.51875,126.74
6.8833,50.9169,50.0000,+0.91692,+0.51837,126.86
6.9000,50.9157,50.0000,+0.91569,+0.51758,126.98
6.9167,50.9145,50.0000,+0.91446,+0.51762,127.10
6.9333,50.9132,50.0000,+0.91323,+0.51724,127.22
6.9500,50.9120,50.0000,+0.91201,+0.51646,127.34
6.9667,50.9108,50.0000,+0.91079,+0.51649,127.46
6.9833,50.9096,50.0000,+0.90957,+0.51612,127.58
7.0000,50.9084,50.0000,+0.90836,+0.47464,127.70
7.0167,50.9011,50.0000,+0.90109,+0.43396,127.80
7.0333,50.8948,50.0000,+0.89482,+0.43359,127.91
7.0500,50.8891,50.0000,+0.88908,+0.43282,128.01
7.0667,50.8837,50.0000,+0.88373,+0.43286,128.11
7.0833,50.8787,50.0000,+0.87869,+0.43250,128.21
7.1000,50.8739,50.0000,+0.87392,+0.43174,128.32
7.1167,50.8694,50.0000,+0.86938,+0.43179,128.42
7.1333,50.8651,50.0000,+0.86506,+0.43145,128.52
7.1500,50.8609,50.0000,+0.86093,+0.43070,128.62
7.1667,50.8570,50.0000,+0.85699,+0.43076,128.73
7.1833,50.8532,50.0000,+0.85321,+0.43042,128.83
7.2000,50.8496,50.0000,+0.84959,+0.42968,128.93
7.2167,50.8461,50.0000,+0.84612,+0.42974,129.04
7.2333,50.8428,50.0000,+0.84279,+0.42941,129.14
7.2500,50.8396,50.0000,+0.83959,+0.42868,129.25
7.2667,50.8365,50.0000,+0.83651,+0.42875,129.35
7.2833,50.8336,50.0000,+0.83355,+0.42843,129.45
7.3000,50.8307,50.0000,+0.83071,+0.42770,129.56
7.3167,50.8280,50.0000,+0.82796,+0.42778,129.66
7.3333,50.8253,50.0000,+0.82532,+0.42746,129.77
7.3500,50.8228,50.0000,+0.82276,+0.42674,129.87
7.3667,50.8203,50.0000,+0.82030,+0.42682,129.97
7.3833,50.8179,50.0000,+0.81791,+0.42650,130.08
7.4000,50.8156,50.0000,+0.81560,+0.42579,130.18
7.4167,50.8134,50.0000,+0.81337,+0.42588,130.29
7.4333,50.8112,50.0000,+0.81121,+0.42556,130.39
7.4500,50.8091,50.0000,+0.80911,+0.42485,130.50
7.4667,50.8071,50.0000,+0.80707,+0.42494,130.60
7.4833,50.8051,50.0000,+0.80509,+0.42464,130.71
7.5000,50.8032,50.0000,+0.80316,+0.34440,130.82
7.5167,50.7891,50.0000,+0.78910,+0.26499,130.88
7.5333,50.7771,50.0000,+0.77713,+0.26473,130.95
7.5500,50.7663,50.0000,+0.76628,+0.26407,131.01
7.5667,50.7563,50.0000,+0.75627,+0.26422,131.08
7.5833,50.7469,50.0000,+0.74693,+0.26397,131.15
7.6000,50.7382,50.0000,+0.73817,+0.26333,131.21
7.6167,50.7299,50.0000,+0.72993,+0.26349,131.28
7.6333,50.7222,50.0000,+0.72215,+0.26326,131.35
7.6500,50.7148,50.0000,+0.71480,+0.26263,131.41
7.6667,50.7078,50.0000,+0.70784,+0.26280,131.48
7.6833,50.7012,50.0000,+0.70125,+0.26258,131.54
7.7000,50.6950,50.0000,+0.69500,+0.26196,131.61
7.7167,50.6891,50.0000,+0.68907,+0.26214,131.68
7.7333,50.6834,50.0000,+0.68345,+0.26192,131.74
7.7500,50.6781,50.0000,+0.67811,+0.26132,131.81
7.7667,50.6730,50.0000,+0.67304,+0.26150,131.88
7.7833,50.6682,50.0000,+0.66821,+0.26129,131.94
7.8000,50.6636,50.0000,+0.66363,+0.26070,132.01
7.8167,50.6593,50.0000,+0.65927,+0.26088,132.08
7.8333,50.6551,50.0000,+0.65511,+0.26068,132.15
7.8500,50.6512,50.0000,+0.65115,+0.26009,132.21
7.8667,50.6474,50.0000,+0.64737,+0.26029,132.28
7.8833,50.6438,50.0000,+0.64377,+0.26009,132.35
7.9000,50.6403,50.0000,+0.64033,+0.25951,132.41
7.9167,50.6370,50.0000,+0.63705,+0.25970,132.48
7.9333,50.6339,50.0000,+0.63391,+0.25951,132.55
7.9500,50.6309,50.0000,+0.63090,+0.25894,132.62
7.9667,50.6280,50.0000,+0.62802,+0.25914,132.68
7.9833,50.6253,50.0000,+0.62526,+0.25895,132.75
8.0000,50.6226,50.0000,+0.62261,+0.28437,132.82
8.0167,50.6241,50.0000,+0.62413,+0.31017,132.90
8.0333,50.6251,50.0000,+0.62506,+0.30998,132.98
8.0500,50.6257,50.0000,+0.62572,+0.30978,133.06
8.0667,50.6262,50.0000,+0.62620,+0.30959,133.14
8.0833,50.6265,50.0000,+0.62655,+0.30940,133.22
8.1000,50.6268,50.0000,+0.62679,+0.30920,133.31
8.1167,50.6270,50.0000,+0.62695,+0.30901,133.39
8.1333,50.6270,50.0000,+0.62703,+0.30881,133.47
8.1500,50.6270,50.0000,+0.62705,+0.30862,133.55
8.1667,50.6270,50.0000,+0.62700,+0.30843,133.63
8.1833,50.6269,50.0000,+0.62690,+0.30823,133.71
8.2000,50.6267,50.0000,+0.62674,+0.30803,133.80
8.2167,50.6265,50.0000,+0.62654,+0.30784,133.88
8.2333,50.6263,50.0000,+0.62629,+0.30764,133.96
8.2500,50.6260,50.0000,+0.62600,+0.30745,134.04
8.2667,50.6257,50.0000,+0.62567,+0.30725,134.12
8.2833,50.6253,50.0000,+0.62530,+0.30706,134.21
8.3000,50.6249,50.0000,+0.62490,+0.30686,134.29
8.3167,50.6245,50.0000,+0.62447,+0.30667,134.37
8.3333,50.6240,50.0000,+0.62400,+0.30647,134.45
8.3500,50.6235,50.0000,+0.62351,+0.30628,134.54
8.3667,50.6230,50.0000,+0.62299,+0.30608,134.62
8.3833,50.6225,50.0000,+0.62245,+0.30589,134.70
8.4000,50.6219,50.0000,+0.62188,+0.30569,134.79
8.4167,50.6213,50.0000,+0.62130,+0.30550,134.87
8.4333,50.6207,50.0000,+0.62069,+0.30531,134.95
8.4500,50.6201,50.0000,+0.62007,+0.30511,135.03
8.4667,50.6194,50.0000,+0.61942,+0.30492,135.12
8.4833,50.6188,50.0000,+0.61877,+0.30473,135.20
8.5000,50.6181,50.0000,+0.61809,+0.25390,135.28
8.5167,50.6092,50.0000,+0.60924,+0.20273,135.34
8.5333,50.6018,50.0000,+0.60177,+0.20256,135.39
8.5500,50.5950,50.0000,+0.59504,+0.20278,135.45
8.5667,50.5888,50.0000,+0.58885,+0.20224,135.51
8.5833,50.5831,50.0000,+0.58308,+0.20208,135.56
8.6000,50.5777,50.0000,+0.57767,+0.20230,135.62
8.6167,50.5726,50.0000,+0.57257,+0.20177,135.67
8.6333,50.5678,50.0000,+0.56777,+0.20162,135.73
8.6500,50.5632,50.0000,+0.56322,+0.20185,135.79
8.6667,50.5589,50.0000,+0.55892,+0.20132,135.84
8.6833,50.5548,50.0000,+0.55484,+0.20118,135.90
8.7000,50.5510,50.0000,+0.55096,+0.20141,135.95
8.7167,50.5473,50.0000,+0.54729,+0.20089,136.01
8.7333,50.5438,50.0000,+0.54380,+0.20075,136.06
8.7500,50.5405,50.0000,+0.54047,+0.20098,136.12
8.7667,50.5373,50.0000,+0.53731,+0.20047,136.18
8.7833,50.5343,50.0000,+0.53430,+0.20033,136.23
8.8000,50.5314,50.0000,+0.53142,+0.20057,136.29
8.8167,50.5287,50.0000,+0.52868,+0.20006,136.35
8.8333,50.5261,50.0000,+0.52607,+0.19992,136.40
8.8500,50.5236,50.0000,+0.52356,+0.20016,136.46
8.8667,50.5212,50.0000,+0.52117,+0.19966,136.51
8.8833,50.5189,50.0000,+0.51888,+0.19952,136.57
8.9000,50.5167,50.0000,+0.51668,+0.19977,136.63
8.9167,50.5146,50.0000,+0.51457,+0.19926,136.68
8.9333,50.5125,50.0000,+0.51255,+0.19913,136.74
8.9500,50.5106,50.0000,+0.51060,+0.19938,136.80
8.9667,50.5087,50.0000,+0.50873,+0.19888,136.85
8.9833,50.5069,50.0000,+0.50693,+0.19875,136.91
9.0000,50.5052,50.0000,+0.50519,+0.22359,136.97
9.0167,50.5076,50.0000,+0.50760,+0.24842,137.04
9.0333,50.5093,50.0000,+0.50934,+0.24829,137.11
9.0500,50.5108,50.0000,+0.51077,+0.24778,137.18
9.0667,50.5120,50.0000,+0.51197,+0.24802,137.25
9.0833,50.5130,50.0000,+0.51300,+0.24788,137.32
9.1000,50.5139,50.0000,+0.51388,+0.24737,137.39
9.1167,50.5146,50.0000,+0.51465,+0.24760,137.46
9.1333,50.5153,50.0000,+0.51530,+0.24747,137.53
9.1500,50.5159,50.0000,+0.51585,+0.24696,137.60
9.1667,50.5163,50.0000,+0.51631,+0.24719,137.68
9.1833,50.5167,50.0000,+0.51669,+0.24705,137.75
9.2000,50.5170,50.0000,+0.51699,+0.24654,137.82
9.2167,50.5172,50.0000,+0.51722,+0.24677,137.89
9.2333,50.5174,50.0000,+0.51738,+0.24663,137.96
9.2500,50.5175,50.0000,+0.51747,+0.24612,138.03
9.2667,50.5175,50.0000,+0.51751,+0.24635,138.10
9.2833,50.5175,50.0000,+0.51749,+0.24621,138.18
9.3000,50.5174,50.0000,+0.51743,+0.24570,138.25
9.3167,50.5173,50.0000,+0.51731,+0.24592,138.32
9.3333,50.5172,50.0000,+0.51715,+0.24578,138.39
9.3500,50.5169,50.0000,+0.51695,+0.24527,138.46
9.3667,50.5167,50.0000,+0.51671,+0.24550,138.53
9.3833,50.5164,50.0000,+0.51643,+0.24536,138.61
9.4000,50.5161,50.0000,+0.51612,+0.24485,138.68
9.4167,50.5158,50.0000,+0.51578,+0.24508,138.75
9.4333,50.5154,50.0000,+0.51541,+0.24494,138.82
9.4500,50.5150,50.0000,+0.51501,+0.24443,138.90
9.4667,50.5146,50.0000,+0.51458,+0.24466,138.97
9.4833,50.5141,50.0000,+0.51414,+0.24451,139.04
9.5000,50.5137,50.0000,+0.51367,+0.21983,139.11
9.5167,50.5091,50.0000,+0.50908,+0.19515,139.17
9.5333,50.5052,50.0000,+0.50519,+0.19502,139.23
9.5500,50.5017,50.0000,+0.50167,+0.19526,139.29
9.5667,50.4984,50.0000,+0.49841,+0.19476,139.34
9.5833,50.4954,50.0000,+0.49536,+0.19464,139.40
9.6000,50.4925,50.0000,+0.49248,+0.19488,139.46
9.6167,50.4898,50.0000,+0.48976,+0.19439,139.52
9.6333,50.4872,50.0000,+0.48717,+0.19427,139.58
9.6500,50.4847,50.0000,+0.48472,+0.19451,139.64
9.6667,50.4824,50.0000,+0.48238,+0.19402,139.69
9.6833,50.4801,50.0000,+0.48014,+0.19390,139.75
9.7000,50.4780,50.0000,+0.47801,+0.19415,139.81
9.7167,50.4760,50.0000,+0.47597,+0.19367,139.87
9.7333,50.4740,50.0000,+0.47402,+0.19355,139.93
9.7500,50.4721,50.0000,+0.47215,+0.19380,139.99
9.7667,50.4704,50.0000,+0.47035,+0.19332,140.04
9.7833,50.4686,50.0000,+0.46863,+0.19320,140.10
9.8000,50.4670,50.0000,+0.46697,+0.19345,140.16
9.8167,50.4654,50.0000,+0.46538,+0.19297,140.22
9.8333,50.4638,50.0000,+0.46384,+0.19286,140.28
9.8500,50.4624,50.0000,+0.46236,+0.19311,140.34
9.8667,50.4609,50.0000,+0.46092,+0.19264,140.40
9.8833,50.4595,50.0000,+0.45954,+0.19252,140.45
9.9000,50.4582,50.0000,+0.45820,+0.19277,140.51
9.9167,50.4569,50.0000,+0.45690,+0.19230,140.57
9.9333,50.4556,50.0000,+0.45564,+0.19219,140.63
9.9500,50.4544,50.0000,+0.45442,+0.19244,140.69
9.9667,50.4532,50.0000,+0.45323,+0.19197,140.75
9.9833,50.4521,50.0000,+0.45207,+0.19186,140.81
10.0000,50.4509,50.0000,+0.45094,+0.17988,140.87
10.0167,50.4478,50.0000,+0.44779,+0.16791,140.92
10.0333,50.4450,50.0000,+0.44503,+0.16780,140.97
10.0500,50.4425,50.0000,+0.44248,+0.16734,141.02
10.0667,50.4401,50.0000,+0.44011,+0.16760,141.07
10.0833,50.4379,50.0000,+0.43786,+0.16750,141.12
10.1000,50.4357,50.0000,+0.43573,+0.16704,141.18
10.1167,50.4337,50.0000,+0.43371,+0.16730,141.23
10.1333,50.4318,50.0000,+0.43178,+0.16721,141.28
10.1500,50.4299,50.0000,+0.42993,+0.16675,141.33
10.1667,50.4282,50.0000,+0.42817,+0.16701,141.38
10.1833,50.4265,50.0000,+0.42648,+0.16692,141.44
10.2000,50.4249,50.0000,+0.42485,+0.16647,141.49
10.2167,50.4233,50.0000,+0.42329,+0.16673,141.54
10.2333,50.4218,50.0000,+0.42179,+0.16663,141.59
10.2500,50.4203,50.0000,+0.42035,+0.16618,141.64
10.2667,50.4190,50.0000,+0.41896,+0.16645,141.70
10.2833,50.4176,50.0000,+0.41761,+0.16635,141.75
10.3000,50.4163,50.0000,+0.41632,+0.16591,141.80
10.3167,50.4151,50.0000,+0.41506,+0.16617,141.85
10.3333,50.4138,50.0000,+0.41385,+0.16608,141.90
10.3500,50.4127,50.0000,+0.41267,+0.16563,141.96
10.3667,50.4115,50.0000,+0.41152,+0.16590,142.01
10.3833,50.4104,50.0000,+0.41041,+0.16581,142.06
10.4000,50.4093,50.0000,+0.40933,+0.16536,142.11
10.4167,50.4083,50.0000,+0.40827,+0.16563,142.17
10.4333,50.4072,50.0000,+0.40725,+0.16554,142.22
10.4500,50.4062,50.0000,+0.40624,+0.16509,142.27
10.4667,50.4053,50.0000,+0.40526,+0.16536,142.32
10.4833,50.4043,50.0000,+0.40431,+0.16527,142.38
10.5000,50.4034,50.0000,+0.40337,+0.15316,142.43
10.5167,50.4004,50.0000,+0.40039,+0.14140,142.47
10.5333,50.3978,50.0000,+0.39781,+0.14132,142.52
10.5500,50.3954,50.0000,+0.39543,+0.14124,142.56
10.5667,50.3932,50.0000,+0.39322,+0.14116,142.61
10.5833,50.3911,50.0000,+0.39113,+0.14108,142.65
10.6000,50.3892,50.0000,+0.38916,+0.14100,142.70
10.6167,50.3873,50.0000,+0.38728,+0.14092,142.74
10.6333,50.3855,50.0000,+0.38549,+0.14085,142.79
10.6500,50.3838,50.0000,+0.38378,+0.14077,142.83
10.6667,50.3822,50.0000,+0.38215,+0.14069,142.88
10.6833,50.3806,50.0000,+0.38059,+0.14062,142.92
10.7000,50.3791,50.0000,+0.37909,+0.14054,142.97
10.7167,50.3777,50.0000,+0.37765,+0.14047,143.02
10.7333,50.3763,50.0000,+0.37627,+0.14039,143.06
10.7500,50.3749,50.0000,+0.37494,+0.14032,143.11
10.7667,50.3737,50.0000,+0.37366,+0.14024,143.15
10.7833,50.3724,50.0000,+0.37242,+0.14017,143.20
10.8000,50.3712,50.0000,+0.37123,+0.14010,143.24
10.8167,50.3701,50.0000,+0.37007,+0.14002,143.29
10.8333,50.3690,50.0000,+0.36896,+0.13995,143.33
10.8500,50.3679,50.0000,+0.36787,+0.13988,143.38
10.8667,50.3668,50.0000,+0.36682,+0.13980,143.42
10.8833,50.3658,50.0000,+0.36580,+0.13973,143.47
10.9000,50.3648,50.0000,+0.36481,+0.13966,143.51
10.9167,50.3638,50.0000,+0.36384,+0.13959,143.56
10.9333,50.3629,50.0000,+0.36290,+0.13952,143.61
10.9500,50.3620,50.0000,+0.36198,+0.13945,143.65
10.9667,50.3611,50.0000,+0.36109,+0.13938,143.70
10.9833,50.3602,50.0000,+0.36021,+0.13931,143.74
11.0000,50.3593,50.0000,+0.35935,+0.15072,143.79
11.0167,50.3606,50.0000,+0.36057,+0.16249,143.84
11.0333,50.3614,50.0000,+0.36142,+0.16241,143.89
11.0500,50.3621,50.0000,+0.36210,+0.16199,143.95
11.0667,50.3626,50.0000,+0.36265,+0.16226,144.00
11.0833,50.3631,50.0000,+0.36309,+0.16219,144.05
11.1000,50.3634,50.0000,+0.36345,+0.16177,144.11
11.1167,50.3637,50.0000,+0.36373,+0.16204,144.16
11.1333,50.3640,50.0000,+0.36395,+0.16197,144.22
11.1500,50.3641,50.0000,+0.36411,+0.16154,144.27
11.1667,50.3642,50.0000,+0.36421,+0.16182,144.32
11.1833,50.3643,50.0000,+0.36426,+0.16174,144.38
11.2000,50.3643,50.0000,+0.36427,+0.16132,144.43
11.2167,50.3642,50.0000,+0.36423,+0.16159,144.48
11.2333,50.3642,50.0000,+0.36416,+0.16151,144.54
11.2500,50.3640,50.0000,+0.36404,+0.16109,144.59
11.2667,50.3639,50.0000,+0.36389,+0.16136,144.64
11.2833,50.3637,50.0000,+0.36371,+0.16129,144.70
11.3000,50.3635,50.0000,+0.36350,+0.16087,144.75
11.3167,50.3633,50.0000,+0.36327,+0.16114,144.81
11.3333,50.3630,50.0000,+0.36300,+0.16106,144.86
11.3500,50.3627,50.0000,+0.36272,+0.16064,144.91
11.3667,50.3624,50.0000,+0.36241,+0.16091,144.97
11.3833,50.3621,50.0000,+0.36208,+0.16084,145.02
11.4000,50.3617,50.0000,+0.36174,+0.16042,145.07
11.4167,50.3614,50.0000,+0.36138,+0.16069,145.13
11.4333,50.3610,50.0000,+0.36100,+0.16061,145.18
11.4500,50.3606,50.0000,+0.36060,+0.16019,145.24
11.4667,50.3602,50.0000,+0.36020,+0.16046,145.29
11.4833,50.3598,50.0000,+0.35978,+0.16039,145.35
11.5000,50.3593,50.0000,+0.35935,+0.13732,145.40
11.5167,50.3548,50.0000,+0.35478,+0.11425,145.44
11.5333,50.3510,50.0000,+0.35096,+0.11419,145.48
11.5500,50.3475,50.0000,+0.34753,+0.11447,145.52
11.5667,50.3444,50.0000,+0.34439,+0.11406,145.55
11.5833,50.3415,50.0000,+0.34147,+0.11400,145.59
11.6000,50.3387,50.0000,+0.33874,+0.11428,145.63
11.6167,50.3362,50.0000,+0.33618,+0.11388,145.67
11.6333,50.3338,50.0000,+0.33377,+0.11382,145.71
11.6500,50.3315,50.0000,+0.33150,+0.11411,145.75
11.6667,50.3294,50.0000,+0.32935,+0.11371,145.79
11.6833,50.3273,50.0000,+0.32732,+0.11365,145.83
11.7000,50.3254,50.0000,+0.32540,+0.11394,145.86
11.7167,50.3236,50.0000,+0.32358,+0.11354,145.90
11.7333,50.3218,50.0000,+0.32185,+0.11348,145.94
11.7500,50.3202,50.0000,+0.32020,+0.11377,145.98
11.7667,50.3186,50.0000,+0.31864,+0.11337,146.02
11.7833,50.3171,50.0000,+0.31715,+0.11332,146.06
11.8000,50.3157,50.0000,+0.31573,+0.11360,146.10
11.8167,50.3144,50.0000,+0.31437,+0.11321,146.14
11.8333,50.3131,50.0000,+0.31307,+0.11316,146.18
11.8500,50.3118,50.0000,+0.31183,+0.11344,146.21
11.8667,50.3106,50.0000,+0.31064,+0.11305,146.25
11.8833,50.3095,50.0000,+0.30949,+0.11300,146.29
11.9000,50.3084,50.0000,+0.30839,+0.11329,146.33
11.9167,50.3073,50.0000,+0.30734,+0.11289,146.37
11.9333,50.3063,50.0000,+0.30632,+0.11284,146.41
11.9500,50.3053,50.0000,+0.30533,+0.11313,146.45
11.9667,50.3044,50.0000,+0.30438,+0.11274,146.49
11.9833,50.3035,50.0000,+0.30346,+0.11269,146.53
12.0000,50.3026,50.0000,+0.30257,+0.10148,146.57
12.0167,50.2996,50.0000,+0.29964,+0.09027,146.60
12.0333,50.2971,50.0000,+0.29712,+0.09022,146.63
12.0500,50.2948,50.0000,+0.29483,+0.08984,146.66
12.0667,50.2927,50.0000,+0.29270,+0.09014,146.69
12.0833,50.2907,50.0000,+0.29072,+0.09009,146.72
12.1000,50.2888,50.0000,+0.28885,+0.08971,146.75
12.1167,50.2871,50.0000,+0.28708,+0.09001,146.79
12.1333,50.2854,50.0000,+0.28541,+0.08997,146.82
12.1500,50.2838,50.0000,+0.28383,+0.08959,146.85
12.1667,50.2823,50.0000,+0.28233,+0.08988,146.88
12.1833,50.2809,50.0000,+0.28090,+0.08984,146.91
12.2000,50.2795,50.0000,+0.27954,+0.08946,146.94
12.2167,50.2782,50.0000,+0.27824,+0.08976,146.97
12.2333,50.2770,50.0000,+0.27701,+0.08972,147.01
12.2500,50.2758,50.0000,+0.27582,+0.08934,147.04
12.2667,50.2747,50.0000,+0.27469,+0.08964,147.07
12.2833,50.2736,50.0000,+0.27360,+0.08960,147.10
12.3000,50.2726,50.0000,+0.27256,+0.08923,147.13
12.3167,50.2716,50.0000,+0.27156,+0.08952,147.16
12.3333,50.2706,50.0000,+0.27059,+0.08948,147.19
12.3500,50.2697,50.0000,+0.26966,+0.08911,147.23
12.3667,50.2688,50.0000,+0.26877,+0.08941,147.26
12.3833,50.2679,50.0000,+0.26790,+0.08937,147.29
12.4000,50.2671,50.0000,+0.26706,+0.08899,147.32
12.4167,50.2662,50.0000,+0.26625,+0.08929,147.35
12.4333,50.2655,50.0000,+0.26546,+0.08925,147.38
12.4500,50.2647,50.0000,+0.26470,+0.08888,147.42
12.4667,50.2640,50.0000,+0.26395,+0.08918,147.45
12.4833,50.2632,50.0000,+0.26323,+0.08914,147.48
12.5000,50.2625,50.0000,+0.26252,+0.08877,147.51
12.5167,50.2618,50.0000,+0.26183,+0.08907,147.54
12.5333,50.2612,50.0000,+0.26116,+0.08903,147.57
12.5500,50.2605,50.0000,+0.26050,+0.08866,147.61
12.5667,50.2599,50.0000,+0.25986,+0.08896,147.64
12.5833,50.2592,50.0000,+0.25922,+0.08892,147.67
12.6000,50.2586,50.0000,+0.25860,+0.08855,147.70
12.6167,50.2580,50.0000,+0.25799,+0.08885,147.73
12.6333,50.2574,50.0000,+0.25740,+0.08881,147.76
12.6500,50.2568,50.0000,+0.25681,+0.08844,147.80
12.6667,50.2562,50.0000,+0.25623,+0.08874,147.83
12.6833,50.2557,50.0000,+0.25566,+0.08870,147.86
12.7000,50.2551,50.0000,+0.25509,+0.08833,147.89
12.7167,50.2545,50.0000,+0.25454,+0.08863,147.92
12.7333,50.2540,50.0000,+0.25399,+0.08859,147.95
12.7500,50.2535,50.0000,+0.25345,+0.08823,147.99
12.7667,50.2529,50.0000,+0.25292,+0.08852,148.02
12.7833,50.2524,50.0000,+0.25239,+0.08849,148.05
12.8000,50.2519,50.0000,+0.25187,+0.08812,148.08
12.8167,50.2513,50.0000,+0.25135,+0.08842,148.11
12.8333,50.2508,50.0000,+0.25083,+0.08838,148.15
12.8500,50.2503,50.0000,+0.25033,+0.08802,148.18
12.8667,50.2498,50.0000,+0.24982,+0.08831,148.21
12.8833,50.2493,50.0000,+0.24932,+0.08828,148.24
12.9000,50.2488,50.0000,+0.24883,+0.08791,148.27
12.9167,50.2483,50.0000,+0.24834,+0.08821,148.30
12.9333,50.2478,50.0000,+0.24785,+0.08817,148.34
12.9500,50.2474,50.0000,+0.24736,+0.08781,148.37
12.9667,50.2469,50.0000,+0.24688,+0.08811,148.40
12.9833,50.2464,50.0000,+0.24641,+0.08807,148.43
13.0000,50.2459,50.0000,+0.24593,+0.08771,148.46
13.0167,50.2455,50.0000,+0.24546,+0.08800,148.50
13.0333,50.2450,50.0000,+0.24499,+0.08797,148.53
13.0500,50.2445,50.0000,+0.24452,+0.08761,148.56
13.0667,50.2441,50.0000,+0.24406,+0.08790,148.59
13.0833,50.2436,50.0000,+0.24359,+0.08787,148.62
13.1000,50.2431,50.0000,+0.24314,+0.08751,148.66
13.1167,50.2427,50.0000,+0.24268,+0.08780,148.69
13.1333,50.2422,50.0000,+0.24222,+0.08777,148.72
13.1500,50.2418,50.0000,+0.24177,+0.08741,148.75
13.1667,50.2413,50.0000,+0.24132,+0.08770,148.78
13.1833,50.2409,50.0000,+0.24087,+0.08767,148.82
13.2000,50.2404,50.0000,+0.24042,+0.08731,148.85
13.2167,50.2400,50.0000,+0.23998,+0.08760,148.88
13.2333,50.2395,50.0000,+0.23953,+0.08757,148.91
13.2500,50.2391,50.0000,+0.23909,+0.08721,148.94
13.2667,50.2387,50.0000,+0.23865,+0.08750,148.98
13.2833,50.2382,50.0000,+0.23821,+0.08747,149.01
13.3000,50.2378,50.0000,+0.23778,+0.08711,149.04
13.3167,50.2373,50.0000,+0.23734,+0.08741,149.07
13.3333,50.2369,50.0000,+0.23691,+0.08737,149.10
13.3500,50.2365,50.0000,+0.23648,+0.08702,149.14
13.3667,50.2360,50.0000,+0.23605,+0.08731,149.17
13.3833,50.2356,50.0000,+0.23562,+0.08728,149.20
13.4000,50.2352,50.0000,+0.23519,+0.08692,149.23
13.4167,50.2348,50.0000,+0.23477,+0.08721,149.27
13.4333,50.2343,50.0000,+0.23434,+0.08718,149.30
13.4500,50.2339,50.0000,+0.23392,+0.08682,149.33
13.4667,50.2335,50.0000,+0.23350,+0.08712,149.36
13.4833,50.2331,50.0000,+0.23308,+0.08709,149.39
13.5000,50.2327,50.0000,+0.23266,+0.07597,149.43
13.5167,50.2302,50.0000,+0.23017,+0.06518,149.45
13.5333,50.2281,50.0000,+0.22808,+0.06516,149.47
13.5500,50.2262,50.0000,+0.22620,+0.06513,149.50
13.5667,50.2245,50.0000,+0.22447,+0.06510,149.52
13.5833,50.2229,50.0000,+0.22286,+0.06508,149.55
13.6000,50.2214,50.0000,+0.22135,+0.06505,149.57
13.6167,50.2199,50.0000,+0.21994,+0.06503,149.60
13.6333,50.2186,50.0000,+0.21860,+0.06500,149.62
13.6500,50.2173,50.0000,+0.21734,+0.06498,149.64
13.6667,50.2161,50.0000,+0.21615,+0.06495,149.67
13.6833,50.2150,50.0000,+0.21502,+0.06493,149.69
13.7000,50.2139,50.0000,+0.21394,+0.06491,149.72
13.7167,50.2129,50.0000,+0.21292,+0.06488,149.74
13.7333,50.2119,50.0000,+0.21195,+0.06486,149.77
13.7500,50.2110,50.0000,+0.21102,+0.06483,149.79
13.7667,50.2101,50.0000,+0.21014,+0.06481,149.81
13.7833,50.2093,50.0000,+0.20929,+0.06479,149.84
13.8000,50.2085,50.0000,+0.20848,+0.06476,149.86
13.8167,50.2077,50.0000,+0.20770,+0.06474,149.89
13.8333,50.2070,50.0000,+0.20695,+0.06472,149.91
13.8500,50.2062,50.0000,+0.20624,+0.06469,149.94
13.8667,50.2055,50.0000,+0.20555,+0.06467,149.96
13.8833,50.2049,50.0000,+0.20488,+0.06465,149.98
13.9000,50.2042,50.0000,+0.20423,+0.06463,150.01
13.9167,50.2036,50.0000,+0.20361,+0.06460,150.03
13.9333,50.2030,50.0000,+0.20301,+0.06458,150.06
13.9500,50.2024,50.0000,+0.20242,+0.06456,150.08
13.9667,50.2019,50.0000,+0.20186,+0.06454,150.11
13.9833,50.2013,50.0000,+0.20130,+0.06451,150.13
14.0000,50.2008,50.0000,+0.20076,+0.07513,150.15
14.0167,50.2023,50.0000,+0.20231,+0.08607,150.19
14.0333,50.2035,50.0000,+0.20347,+0.08605,150.22
14.0500,50.2044,50.0000,+0.20443,+0.08570,150.25
14.0667,50.2053,50.0000,+0.20526,+0.08599,150.28
14.0833,50.2060,50.0000,+0.20597,+0.08597,150.32
14.1000,50.2066,50.0000,+0.20659,+0.08562,150.35
14.1167,50.2071,50.0000,+0.20713,+0.08592,150.38
14.1333,50.2076,50.0000,+0.20759,+0.08589,150.41
14.1500,50.2080,50.0000,+0.20800,+0.08554,150.45
14.1667,50.2083,50.0000,+0.20834,+0.08584,150.48
14.1833,50.2086,50.0000,+0.20863,+0.08581,150.51
14.2000,50.2089,50.0000,+0.20887,+0.08546,150.54
14.2167,50.2091,50.0000,+0.20907,+0.08576,150.58
14.2333,50.2092,50.0000,+0.20922,+0.08573,150.61
14.2500,50.2093,50.0000,+0.20933,+0.08538,150.64
14.2667,50.2094,50.0000,+0.20940,+0.08568,150.68
14.2833,50.2094,50.0000,+0.20945,+0.08565,150.71
14.3000,50.2095,50.0000,+0.20946,+0.08530,150.74
14.3167,50.2094,50.0000,+0.20945,+0.08560,150.77
14.3333,50.2094,50.0000,+0.20941,+0.08557,150.81
14.3500,50.2093,50.0000,+0.20934,+0.08522,150.84
14.3667,50.2093,50.0000,+0.20926,+0.08551,150.87
14.3833,50.2092,50.0000,+0.20916,+0.08549,150.90
14.4000,50.2090,50.0000,+0.20903,+0.08514,150.94
14.4167,50.2089,50.0000,+0.20889,+0.08543,150.97
14.4333,50.2087,50.0000,+0.20873,+0.08541,151.00
14.4500,50.2086,50.0000,+0.20857,+0.08506,151.03
14.4667,50.2084,50.0000,+0.20838,+0.08535,151.07
14.4833,50.2082,50.0000,+0.20819,+0.08533,151.10
14.5000,50.2080,50.0000,+0.20798,+0.07444,151.13
14.5167,50.2057,50.0000,+0.20569,+0.06387,151.16
14.5333,50.2038,50.0000,+0.20379,+0.06385,151.18
14.5500,50.2021,50.0000,+0.20210,+0.06383,151.21
14.5667,50.2005,50.0000,+0.20055,+0.06380,151.23
14.5833,50.1991,50.0000,+0.19911,+0.06378,151.26
14.6000,50.1978,50.0000,+0.19777,+0.06376,151.28
14.6167,50.1965,50.0000,+0.19651,+0.06374,151.31
14.6333,50.1953,50.0000,+0.19533,+0.06372,151.33
14.6500,50.1942,50.0000,+0.19422,+0.06370,151.35
14.6667,50.1932,50.0000,+0.19317,+0.06367,151.38
14.6833,50.1922,50.0000,+0.19218,+0.06365,151.40
14.7000,50.1912,50.0000,+0.19124,+0.06363,151.43
14.7167,50.1903,50.0000,+0.19035,+0.06361,151.45
14.7333,50.1895,50.0000,+0.18950,+0.06359,151.48
14.7500,50.1887,50.0000,+0.18869,+0.06357,151.50
14.7667,50.1879,50.0000,+0.18792,+0.06355,151.53
14.7833,50.1872,50.0000,+0.18719,+0.06353,151.55
14.8000,50.1865,50.0000,+0.18649,+0.06351,151.58
14.8167,50.1858,50.0000,+0.18583,+0.06349,151.60
14.8333,50.1852,50.0000,+0.18518,+0.06347,151.63
14.8500,50.1846,50.0000,+0.18457,+0.06345,151.65
14.8667,50.1840,50.0000,+0.18398,+0.06343,151.68
14.8833,50.1834,50.0000,+0.18341,+0.06341,151.70
14.9000,50.1829,50.0000,+0.18286,+0.06339,151.73
14.9167,50.1823,50.0000,+0.18233,+0.06337,151.75
14.9333,50.1818,50.0000,+0.18182,+0.06335,151.77
14.9500,50.1813,50.0000,+0.18132,+0.06333,151.80
14.9667,50.1808,50.0000,+0.18084,+0.06331,151.82
14.9833,50.1804,50.0000,+0.18037,+0.06330,151.85
15.0000,50.1799,50.0000,+0.17992,+0.06328,151.87
15.0167,50.1795,50.0000,+0.17947,+0.06326,151.90
15.0333,50.1790,50.0000,+0.17904,+0.06324,151.92
15.0500,50.1786,50.0000,+0.17862,+0.06322,151.95
15.0667,50.1782,50.0000,+0.17821,+0.06320,151.97
15.0833,50.1778,50.0000,+0.17781,+0.06318,152.00
15.1000,50.1774,50.0000,+0.17741,+0.06316,152.02
15.1167,50.1770,50.0000,+0.17703,+0.06314,152.05
15.1333,50.1766,50.0000,+0.17665,+0.06313,152.07
15.1500,50.1763,50.0000,+0.17627,+0.06311,152.10
15.1667,50.1759,50.0000,+0.17591,+0.06309,152.12
15.1833,50.1755,50.0000,+0.17555,+0.06307,152.15
15.2000,50.1752,50.0000,+0.17519,+0.06305,152.17
15.2167,50.1748,50.0000,+0.17484,+0.06303,152.20
15.2333,50.1745,50.0000,+0.17450,+0.06302,152.22
15.2500,50.1742,50.0000,+0.17415,+0.06300,152.25
15.2667,50.1738,50.0000,+0.17382,+0.06298,152.27
15.2833,50.1735,50.0000,+0.17348,+0.06296,152.30
15.3000,50.1732,50.0000,+0.17316,+0.06294,152.32
15.3167,50.1728,50.0000,+0.17283,+0.06293,152.35
15.3333,50.1725,50.0000,+0.17251,+0.06291,152.37
15.3500,50.1722,50.0000,+0.17219,+0.06289,152.40
15.3667,50.1719,50.0000,+0.17187,+0.06287,152.42
15.3833,50.1716,50.0000,+0.17156,+0.06285,152.45
15.4000,50.1712,50.0000,+0.17124,+0.06284,152.47
15.4167,50.1709,50.0000,+0.17094,+0.06282,152.50
15.4333,50.1706,50.0000,+0.17063,+0.06280,152.52
15.4500,50.1703,50.0000,+0.17032,+0.06278,152.55
15.4667,50.1700,50.0000,+0.17002,+0.06277,152.57
15.4833,50.1697,50.0000,+0.16972,+0.06275,152.59
15.5000,50.1694,50.0000,+0.16942,+0.05238,152.62
15.5167,50.1671,50.0000,+0.16705,+0.04170,152.64
15.5333,50.1651,50.0000,+0.16509,+0.04169,152.65
15.5500,50.1633,50.0000,+0.16334,+0.04199,152.67
15.5667,50.1617,50.0000,+0.16175,+0.04166,152.69
15.5833,50.1603,50.0000,+0.16028,+0.04165,152.70
15.6000,50.1589,50.0000,+0.15891,+0.04195,152.72
15.6167,50.1576,50.0000,+0.15764,+0.04162,152.74
15.6333,50.1565,50.0000,+0.15645,+0.04161,152.75
15.6500,50.1553,50.0000,+0.15534,+0.04191,152.77
15.6667,50.1543,50.0000,+0.15429,+0.04159,152.79
15.6833,50.1533,50.0000,+0.15331,+0.04157,152.80
15.7000,50.1524,50.0000,+0.15238,+0.04187,152.82
15.7167,50.1515,50.0000,+0.15151,+0.04155,152.84
15.7333,50.1507,50.0000,+0.15068,+0.04154,152.85
15.7500,50.1499,50.0000,+0.14990,+0.04184,152.87
15.7667,50.1492,50.0000,+0.14917,+0.04151,152.89
15.7833,50.1485,50.0000,+0.14847,+0.04150,152.90
15.8000,50.1478,50.0000,+0.14780,+0.04180,152.92
15.8167,50.1472,50.0000,+0.14717,+0.04148,152.94
15.8333,50.1466,50.0000,+0.14657,+0.04147,152.95
15.8500,50.1460,50.0000,+0.14599,+0.04177,152.97
15.8667,50.1454,50.0000,+0.14545,+0.04145,152.99
15.8833,50.1449,50.0000,+0.14492,+0.04143,153.00
15.9000,50.1444,50.0000,+0.14442,+0.04173,153.02
15.9167,50.1439,50.0000,+0.14393,+0.04141,153.04
15.9333,50.1435,50.0000,+0.14347,+0.04140,153.05
15.9500,50.1430,50.0000,+0.14302,+0.04170,153.07
15.9667,50.1426,50.0000,+0.14259,+0.04138,153.09
15.9833,50.1422,50.0000,+0.14217,+0.04137,153.10
16.0000,50.1418,50.0000,+0.14177,+0.04167,153.12
16.0167,50.1414,50.0000,+0.14138,+0.04135,153.14
16.0333,50.1410,50.0000,+0.14100,+0.04134,153.15
16.0500,50.1406,50.0000,+0.14063,+0.04164,153.17
16.0667,50.1403,50.0000,+0.14027,+0.04131,153.19
16.0833,50.1399,50.0000,+0.13992,+0.04130,153.20
16.1000,50.1396,50.0000,+0.13958,+0.04160,153.22
16.1167,50.1392,50.0000,+0.13925,+0.04128,153.24
16.1333,50.1389,50.0000,+0.13892,+0.04127,153.25
16.1500,50.1386,50.0000,+0.13860,+0.04157,153.27
16.1667,50.1383,50.0000,+0.13829,+0.04125,153.29
16.1833,50.1380,50.0000,+0.13798,+0.04124,153.30
16.2000,50.1377,50.0000,+0.13768,+0.04154,153.32
16.2167,50.1374,50.0000,+0.13738,+0.04122,153.34
16.2333,50.1371,50.0000,+0.13709,+0.04121,153.35
16.2500,50.1368,50.0000,+0.13680,+0.04151,153.37
16.2667,50.1365,50.0000,+0.13652,+0.04119,153.39
16.2833,50.1362,50.0000,+0.13624,+0.04118,153.40
16.3000,50.1360,50.0000,+0.13596,+0.04148,153.42
16.3167,50.1357,50.0000,+0.13569,+0.04116,153.44
16.3333,50.1354,50.0000,+0.13542,+0.04115,153.46
16.3500,50.1352,50.0000,+0.13516,+0.04144,153.47
16.3667,50.1349,50.0000,+0.13489,+0.04113,153.49
16.3833,50.1346,50.0000,+0.13463,+0.04111,153.51
16.4000,50.1344,50.0000,+0.13437,+0.04141,153.52
16.4167,50.1341,50.0000,+0.13412,+0.04109,153.54
16.4333,50.1339,50.0000,+0.13386,+0.04108,153.56
16.4500,50.1336,50.0000,+0.13361,+0.04138,153.57
16.4667,50.1334,50.0000,+0.13336,+0.04106,153.59
16.4833,50.1331,50.0000,+0.13311,+0.04105,153.61
16.5000,50.1329,50.0000,+0.13287,+0.03086,153.62
16.5167,50.1305,50.0000,+0.13055,+0.02067,153.63
16.5333,50.1286,50.0000,+0.12864,+0.02066,153.64
16.5500,50.1270,50.0000,+0.12695,+0.02035,153.65
16.5667,50.1254,50.0000,+0.12542,+0.02065,153.66
16.5833,50.1240,50.0000,+0.12401,+0.02065,153.67
16.6000,50.1227,50.0000,+0.12271,+0.02033,153.67
16.6167,50.1215,50.0000,+0.12150,+0.02064,153.68
16.6333,50.1204,50.0000,+0.12037,+0.02063,153.69
16.6500,50.1193,50.0000,+0.11932,+0.02032,153.70
16.6667,50.1183,50.0000,+0.11833,+0.02062,153.71
16.6833,50.1174,50.0000,+0.11741,+0.02061,153.72
16.7000,50.1165,50.0000,+0.11655,+0.02030,153.72
16.7167,50.1157,50.0000,+0.11573,+0.02060,153.73
16.7333,50.1150,50.0000,+0.11497,+0.02060,153.74
16.7500,50.1143,50.0000,+0.11425,+0.02029,153.75
16.7667,50.1136,50.0000,+0.11358,+0.02059,153.76
16.7833,50.1129,50.0000,+0.11294,+0.02058,153.77
16.8000,50.1123,50.0000,+0.11233,+0.02027,153.77
16.8167,50.1118,50.0000,+0.11176,+0.02057,153.78
16.8333,50.1112,50.0000,+0.11122,+0.02057,153.79
16.8500,50.1107,50.0000,+0.11070,+0.02026,153.80
16.8667,50.1102,50.0000,+0.11021,+0.02056,153.81
16.8833,50.1097,50.0000,+0.10974,+0.02055,153.82
16.9000,50.1093,50.0000,+0.10930,+0.02024,153.82
16.9167,50.1089,50.0000,+0.10887,+0.02054,153.83
16.9333,50.1085,50.0000,+0.10846,+0.02054,153.84
16.9500,50.1081,50.0000,+0.10807,+0.02023,153.85
16.9667,50.1077,50.0000,+0.10769,+0.02053,153.86
16.9833,50.1073,50.0000,+0.10733,+0.02052,153.87
17.0000,50.1070,50.0000,+0.10697,+0.03063,153.88
17.0167,50.1087,50.0000,+0.10871,+0.04072,153.89
17.0333,50.1100,50.0000,+0.11004,+0.04072,153.91
17.0500,50.1112,50.0000,+0.11117,+0.04102,153.93
17.0667,50.1122,50.0000,+0.11215,+0.04070,153.94
17.0833,50.1130,50.0000,+0.11302,+0.04069,153.96
17.1000,50.1138,50.0000,+0.11379,+0.04099,153.98
17.1167,50.1145,50.0000,+0.11448,+0.04068,153.99
17.1333,50.1151,50.0000,+0.11509,+0.04067,154.01
17.1500,50.1156,50.0000,+0.11564,+0.04097,154.03
17.1667,50.1161,50.0000,+0.11612,+0.04065,154.04
17.1833,50.1165,50.0000,+0.11655,+0.04064,154.06
17.2000,50.1169,50.0000,+0.11692,+0.04094,154.08
17.2167,50.1173,50.0000,+0.11725,+0.04063,154.09
17.2333,50.1175,50.0000,+0.11754,+0.04062,154.11
17.2500,50.1178,50.0000,+0.11779,+0.04092,154.13
17.2667,50.1180,50.0000,+0.11800,+0.04060,154.15
17.2833,50.1182,50.0000,+0.11818,+0.04059,154.16
17.3000,50.1183,50.0000,+0.11833,+0.04089,154.18
17.3167,50.1184,50.0000,+0.11845,+0.04058,154.20
17.3333,50.1185,50.0000,+0.11854,+0.04057,154.21
17.3500,50.1186,50.0000,+0.11861,+0.04087,154.23
17.3667,50.1187,50.0000,+0.11866,+0.04055,154.25
17.3833,50.1187,50.0000,+0.11869,+0.04054,154.26
17.4000,50.1187,50.0000,+0.11870,+0.04084,154.28
17.4167,50.1187,50.0000,+0.11870,+0.04053,154.30
17.4333,50.1187,50.0000,+0.11868,+0.04052,154.31
17.4500,50.1186,50.0000,+0.11865,+0.04081,154.33
17.4667,50.1186,50.0000,+0.11860,+0.04050,154.35
17.4833,50.1185,50.0000,+0.11854,+0.04049,154.37
17.5000,50.1185,50.0000,+0.11847,+0.04079,154.38
17.5167,50.1184,50.0000,+0.11839,+0.04048,154.40
17.5333,50.1183,50.0000,+0.11831,+0.04047,154.42
17.5500,50.1182,50.0000,+0.11821,+0.04076,154.43
17.5667,50.1181,50.0000,+0.11811,+0.04045,154.45
17.5833,50.1180,50.0000,+0.11800,+0.04044,154.47
17.6000,50.1179,50.0000,+0.11789,+0.04074,154.48
17.6167,50.1178,50.0000,+0.11777,+0.04042,154.50
17.6333,50.1176,50.0000,+0.11764,+0.04042,154.52
17.6500,50.1175,50.0000,+0.11751,+0.04071,154.53
17.6667,50.1174,50.0000,+0.11738,+0.04040,154.55
17.6833,50.1172,50.0000,+0.11724,+0.04039,154.57
17.7000,50.1171,50.0000,+0.11709,+0.04069,154.59
17.7167,50.1170,50.0000,+0.11695,+0.04037,154.60
17.7333,50.1168,50.0000,+0.11680,+0.04037,154.62
17.7500,50.1167,50.0000,+0.11665,+0.04066,154.64
17.7667,50.1165,50.0000,+0.11650,+0.04035,154.65
17.7833,50.1163,50.0000,+0.11635,+0.04034,154.67
17.8000,50.1162,50.0000,+0.11619,+0.04064,154.69
17.8167,50.1160,50.0000,+0.11603,+0.04032,154.70
17.8333,50.1159,50.0000,+0.11587,+0.04032,154.72
17.8500,50.1157,50.0000,+0.11571,+0.04061,154.74
17.8667,50.1155,50.0000,+0.11555,+0.04030,154.76
17.8833,50.1154,50.0000,+0.11538,+0.04029,154.77
17.9000,50.1152,50.0000,+0.11522,+0.04059,154.79
17.9167,50.1151,50.0000,+0.11505,+0.04027,154.81
17.9333,50.1149,50.0000,+0.11489,+0.04027,154.82
17.9500,50.1147,50.0000,+0.11472,+0.04056,154.84
17.9667,50.1146,50.0000,+0.11456,+0.04025,154.86
17.9833,50.1144,50.0000,+0.11439,+0.04024,154.87
18.0000,50.1142,50.0000,+0.11422,+0.03025,154.89
18.0167,50.1120,50.0000,+0.11198,+0.02026,154.90
18.0333,50.1102,50.0000,+0.11015,+0.02026,154.91
18.0500,50.1085,50.0000,+0.10854,+0.01995,154.92
18.0667,50.1071,50.0000,+0.10709,+0.02025,154.93
18.0833,50.1058,50.0000,+0.10576,+0.02024,154.93
18.1000,50.1045,50.0000,+0.10454,+0.01994,154.94
18.1167,50.1034,50.0000,+0.10341,+0.02023,154.95
18.1333,50.1024,50.0000,+0.10236,+0.02023,154.96
18.1500,50.1014,50.0000,+0.10139,+0.01992,154.97
18.1667,50.1005,50.0000,+0.10048,+0.02022,154.98
18.1833,50.0996,50.0000,+0.09963,+0.02022,154.98
18.2000,50.0988,50.0000,+0.09885,+0.01991,154.99
18.2167,50.0981,50.0000,+0.09811,+0.02021,155.00
18.2333,50.0974,50.0000,+0.09742,+0.02020,155.01
18.2500,50.0968,50.0000,+0.09678,+0.01990,155.02
18.2667,50.0962,50.0000,+0.09617,+0.02019,155.03
18.2833,50.0956,50.0000,+0.09560,+0.02019,155.04
18.3000,50.0951,50.0000,+0.09507,+0.01989,155.04
18.3167,50.0946,50.0000,+0.09456,+0.02018,155.05
18.3333,50.0941,50.0000,+0.09409,+0.02018,155.06
18.3500,50.0936,50.0000,+0.09364,+0.01987,155.07
18.3667,50.0932,50.0000,+0.09322,+0.02017,155.08
18.3833,50.0928,50.0000,+0.09281,+0.02017,155.09
18.4000,50.0924,50.0000,+0.09243,+0.01986,155.10
18.4167,50.0921,50.0000,+0.09207,+0.02016,155.10
18.4333,50.0917,50.0000,+0.09172,+0.02015,155.11
18.4500,50.0914,50.0000,+0.09139,+0.01985,155.12
18.4667,50.0911,50.0000,+0.09107,+0.02015,155.13
18.4833,50.0908,50.0000,+0.09077,+0.02014,155.14
18.5000,50.0905,50.0000,+0.09048,+0.01984,155.15
18.5167,50.0902,50.0000,+0.09020,+0.02013,155.16
18.5333,50.0899,50.0000,+0.08993,+0.02013,155.16
18.5500,50.0897,50.0000,+0.08968,+0.01983,155.17
18.5667,50.0894,50.0000,+0.08943,+0.02012,155.18
18.5833,50.0892,50.0000,+0.08918,+0.02012,155.19
18.6000,50.0889,50.0000,+0.08895,+0.01982,155.20
18.6167,50.0887,50.0000,+0.08872,+0.02011,155.21
18.6333,50.0885,50.0000,+0.08850,+0.02011,155.21
18.6500,50.0883,50.0000,+0.08829,+0.01980,155.22
18.6667,50.0881,50.0000,+0.08808,+0.02010,155.23
18.6833,50.0879,50.0000,+0.08787,+0.02010,155.24
18.7000,50.0877,50.0000,+0.08767,+0.01979,155.25
18.7167,50.0875,50.0000,+0.08748,+0.02009,155.26
18.7333,50.0873,50.0000,+0.08729,+0.02009,155.27
18.7500,50.0871,50.0000,+0.08710,+0.01978,155.27
18.7667,50.0869,50.0000,+0.08691,+0.02008,155.28
18.7833,50.0867,50.0000,+0.08673,+0.02007,155.29
18.8000,50.0866,50.0000,+0.08655,+0.01977,155.30
18.8167,50.0864,50.0000,+0.08638,+0.02007,155.31
18.8333,50.0862,50.0000,+0.08620,+0.02006,155.32
18.8500,50.0860,50.0000,+0.08603,+0.01976,155.33
18.8667,50.0859,50.0000,+0.08586,+0.02006,155.33
18.8833,50.0857,50.0000,+0.08570,+0.02005,155.34
18.9000,50.0855,50.0000,+0.08553,+0.01975,155.35
18.9167,50.0854,50.0000,+0.08537,+0.02004,155.36
18.9333,50.0852,50.0000,+0.08521,+0.02004,155.37
18.9500,50.0851,50.0000,+0.08505,+0.01974,155.38
18.9667,50.0849,50.0000,+0.08489,+0.02003,155.39
18.9833,50.0847,50.0000,+0.08474,+0.02003,155.39
19.0000,50.0846,50.0000,+0.08458,+0.01973,155.40
19.0167,50.0844,50.0000,+0.08443,+0.02002,155.41
19.0333,50.0843,50.0000,+0.08427,+0.02002,155.42
19.0500,50.0841,50.0000,+0.08412,+0.01972,155.43
19.0667,50.0840,50.0000,+0.08397,+0.02001,155.44
19.0833,50.0838,50.0000,+0.08382,+0.02001,155.45
19.1000,50.0837,50.0000,+0.08367,+0.01971,155.45
19.1167,50.0835,50.0000,+0.08353,+0.02000,155.46
19.1333,50.0834,50.0000,+0.08338,+0.02000,155.47
19.1500,50.0832,50.0000,+0.08323,+0.01970,155.48
19.1667,50.0831,50.0000,+0.08309,+0.01999,155.49
19.1833,50.0829,50.0000,+0.08295,+0.01999,155.50
19.2000,50.0828,50.0000,+0.08280,+0.01969,155.51
19.2167,50.0827,50.0000,+0.08266,+0.01998,155.51
19.2333,50.0825,50.0000,+0.08252,+0.01998,155.52
19.2500,50.0824,50.0000,+0.08237,+0.01968,155.53
19.2667,50.0822,50.0000,+0.08223,+0.01997,155.54
19.2833,50.0821,50.0000,+0.08209,+0.01997,155.55
19.3000,50.0820,50.0000,+0.08195,+0.01967,155.56
19.3167,50.0818,50.0000,+0.08181,+0.01996,155.57
19.3333,50.0817,50.0000,+0.08167,+0.01996,155.57
19.3500,50.0815,50.0000,+0.08154,+0.01966,155.58
19.3667,50.0814,50.0000,+0.08140,+0.01995,155.59
19.3833,50.0813,50.0000,+0.08126,+0.01995,155.60
19.4000,50.0811,50.0000,+0.08113,+0.01965,155.61
19.4167,50.0810,50.0000,+0.08099,+0.01994,155.62
19.4333,50.0809,50.0000,+0.08085,+0.01994,155.63
19.4500,50.0807,50.0000,+0.08072,+0.01964,155.63
19.4667,50.0806,50.0000,+0.08058,+0.01993,155.64
19.4833,50.0804,50.0000,+0.08045,+0.01993,155.65
19.5000,50.0803,50.0000,+0.08031,+0.01963,155.66
19.5167,50.0802,50.0000,+0.08018,+0.01992,155.67
19.5333,50.0800,50.0000,+0.08005,+0.01992,155.68
19.5500,50.0799,50.0000,+0.07992,+0.01962,155.69
19.5667,50.0798,50.0000,+0.07979,+0.01991,155.69
19.5833,50.0797,50.0000,+0.07965,+0.01991,155.70
19.6000,50.0795,50.0000,+0.07952,+0.01961,155.71
19.6167,50.0794,50.0000,+0.07939,+0.01990,155.72
19.6333,50.0793,50.0000,+0.07926,+0.01990,155.73
19.6500,50.0791,50.0000,+0.07913,+0.01960,155.74
19.6667,50.0790,50.0000,+0.07900,+0.01989,155.75
19.6833,50.0789,50.0000,+0.07887,+0.01989,155.75
19.7000,50.0787,50.0000,+0.07874,+0.01959,155.76
19.7167,50.0786,50.0000,+0.07861,+0.01988,155.77
19.7333,50.0785,50.0000,+0.07849,+0.01988,155.78
19.7500,50.0784,50.0000,+0.07836,+0.01958,155.79
19.7667,50.0782,50.0000,+0.07823,+0.01987,155.80
19.7833,50.0781,50.0000,+0.07810,+0.01987,155.81
19.8000,50.0780,50.0000,+0.07798,+0.01957,155.81
19.8167,50.0778,50.0000,+0.07785,+0.01986,155.82
19.8333,50.0777,50.0000,+0.07772,+0.01986,155.83
19.8500,50.0776,50.0000,+0.07760,+0.01956,155.84
19.8667,50.0775,50.0000,+0.07747,+0.01985,155.85
19.8833,50.0773,50.0000,+0.07735,+0.01985,155.86
19.9000,50.0772,50.0000,+0.07722,+0.01955,155.87
19.9167,50.0771,50.0000,+0.07710,+0.01984,155.87
19.9333,50.0770,50.0000,+0.07698,+0.01984,155.88
19.9500,50.0769,50.0000,+0.07685,+0.01954,155.89
19.9667,50.0767,50.0000,+0.07673,+0.01983,155.90
19.9833,50.0766,50.0000,+0.07661,+0.01983,155.91
20.0000,50.0765,50.0000,+0.07649,+0.01953,155.92
20.0167,50.0764,50.0000,+0.07637,+0.01982,155.93
20.0333,50.0762,50.0000,+0.07624,+0.01982,155.93
20.0500,50.0761,50.0000,+0.07612,+0.01952,155.94
20.0667,50.0760,50.0000,+0.07600,+0.01981,155.95
20.0833,50.0759,50.0000,+0.07588,+0.01981,155.96
20.1000,50.0758,50.0000,+0.07576,+0.01951,155.97
20.1167,50.0756,50.0000,+0.07564,+0.01980,155.98
20.1333,50.0755,50.0000,+0.07552,+0.01980,155.99
20.1500,50.0754,50.0000,+0.07541,+0.01950,155.99
20.1667,50.0753,50.0000,+0.07529,+0.01979,156.00
20.1833,50.0752,50.0000,+0.07517,+0.01979,156.01
20.2000,50.0751,50.0000,+0.07505,+0.01949,156.02
20.2167,50.0749,50.0000,+0.07493,+0.01979,156.03
20.2333,50.0748,50.0000,+0.07482,+0.01978,156.04
20.2500,50.0747,50.0000,+0.07470,+0.01948,156.05
20.2667,50.0746,50.0000,+0.07458,+0.01978,156.05
20.2833,50.0745,50.0000,+0.07447,+0.01977,156.06
20.3000,50.0744,50.0000,+0.07435,+0.01948,156.07
20.3167,50.0742,50.0000,+0.07424,+0.01977,156.08
20.3333,50.0741,50.0000,+0.07412,+0.01976,156.09
20.3500,50.0740,50.0000,+0.07401,+0.01947,156.10
20.3667,50.0739,50.0000,+0.07389,+0.01976,156.11
20.3833,50.0738,50.0000,+0.07378,+0.01976,156.11
20.4000,50.0737,50.0000,+0.07366,+0.01946,156.12
20.4167,50.0736,50.0000,+0.07355,+0.01975,156.13
20.4333,50.0734,50.0000,+0.07344,+0.01975,156.14
20.4500,50.0733,50.0000,+0.07333,+0.01945,156.15
20.4667,50.0732,50.0000,+0.07321,+0.01974,156.16
20.4833,50.0731,50.0000,+0.07310,+0.01974,156.17
20.5000,50.0730,50.0000,+0.07299,+0.01944,156.17
20.5167,50.0729,50.0000,+0.07288,+0.01973,156.18
20.5333,50.0728,50.0000,+0.07277,+0.01973,156.19
20.5500,50.0727,50.0000,+0.07266,+0.01943,156.20
20.5667,50.0725,50.0000,+0.07254,+0.01972,156.21
20.5833,50.0724,50.0000,+0.07243,+0.01972,156.22
20.6000,50.0723,50.0000,+0.07232,+0.01942,156.23
20.6167,50.0722,50.0000,+0.07222,+0.01971,156.24
20.6333,50.0721,50.0000,+0.07211,+0.01971,156.24
20.6500,50.0720,50.0000,+0.07200,+0.01941,156.25
20.6667,50.0719,50.0000,+0.07189,+0.01971,156.26
20.6833,50.0718,50.0000,+0.07178,+0.01970,156.27
20.7000,50.0717,50.0000,+0.07167,+0.01941,156.28
20.7167,50.0716,50.0000,+0.07156,+0.01970,156.29
20.7333,50.0715,50.0000,+0.07146,+0.01969,156.30
20.7500,50.0714,50.0000,+0.07135,+0.01940,156.30
20.7667,50.0712,50.0000,+0.07124,+0.01969,156.31
20.7833,50.0711,50.0000,+0.07114,+0.01969,156.32
20.8000,50.0710,50.0000,+0.07103,+0.01939,156.33
20.8167,50.0709,50.0000,+0.07093,+0.01968,156.34
20.8333,50.0708,50.0000,+0.07082,+0.01968,156.35
20.8500,50.0707,50.0000,+0.07071,+0.01938,156.36
20.8667,50.0706,50.0000,+0.07061,+0.01967,156.36
20.8833,50.0705,50.0000,+0.07050,+0.01967,156.37
20.9000,50.0704,50.0000,+0.07040,+0.01937,156.38
20.9167,50.0703,50.0000,+0.07030,+0.01966,156.39
20.9333,50.0702,50.0000,+0.07019,+0.01966,156.40
20.9500,50.0701,50.0000,+0.07009,+0.01936,156.41
20.9667,50.0700,50.0000,+0.06999,+0.01965,156.42
20.9833,50.0699,50.0000,+0.06988,+0.01965,156.43
21.0000,50.0698,50.0000,+0.06978,+0.01936,156.43
21.0167,50.0697,50.0000,+0.06968,+0.01965,156.44
21.0333,50.0696,50.0000,+0.06957,+0.01964,156.45
21.0500,50.0695,50.0000,+0.06947,+0.01935,156.46
21.0667,50.0694,50.0000,+0.06937,+0.01964,156.47
21.0833,50.0693,50.0000,+0.06927,+0.01963,156.48
21.1000,50.0692,50.0000,+0.06917,+0.01934,156.49
21.1167,50.0691,50.0000,+0.06907,+0.01963,156.49
21.1333,50.0690,50.0000,+0.06897,+0.01963,156.50
21.1500,50.0689,50.0000,+0.06887,+0.01933,156.51
21.1667,50.0688,50.0000,+0.06877,+0.01962,156.52
21.1833,50.0687,50.0000,+0.06867,+0.01962,156.53
21.2000,50.0686,50.0000,+0.06857,+0.01932,156.54
21.2167,50.0685,50.0000,+0.06847,+0.01961,156.55
21.2333,50.0684,50.0000,+0.06837,+0.01961,156.55
21.2500,50.0683,50.0000,+0.06827,+0.01931,156.56
21.2667,50.0682,50.0000,+0.06817,+0.01960,156.57
21.2833,50.0681,50.0000,+0.06808,+0.01960,156.58
21.3000,50.0680,50.0000,+0.06798,+0.01931,156.59
21.3167,50.0679,50.0000,+0.06788,+0.01960,156.60
21.3333,50.0678,50.0000,+0.06778,+0.01959,156.61
21.3500,50.0677,50.0000,+0.06769,+0.01930,156.62
21.3667,50.0676,50.0000,+0.06759,+0.01959,156.62
21.3833,50.0675,50.0000,+0.06749,+0.01959,156.63
21.4000,50.0674,50.0000,+0.06740,+0.01929,156.64
21.4167,50.0673,50.0000,+0.06730,+0.01958,156.65
21.4333,50.0672,50.0000,+0.06721,+0.01958,156.66
21.4500,50.0671,50.0000,+0.06711,+0.01928,156.67
21.4667,50.0670,50.0000,+0.06701,+0.01957,156.68
21.4833,50.0669,50.0000,+0.06692,+0.01957,156.68
21.5000,50.0668,50.0000,+0.06683,+0.01928,156.69
21.5167,50.0667,50.0000,+0.06673,+0.01956,156.70
21.5333,50.0666,50.0000,+0.06664,+0.01956,156.71
21.5500,50.0665,50.0000,+0.06654,+0.01927,156.72
21.5667,50.0664,50.0000,+0.06645,+0.01956,156.73
21.5833,50.0664,50.0000,+0.06636,+0.01955,156.74
21.6000,50.0663,50.0000,+0.06626,+0.01926,156.74
21.6167,50.0662,50.0000,+0.06617,+0.01955,156.75
21.6333,50.0661,50.0000,+0.06608,+0.01955,156.76
21.6500,50.0660,50.0000,+0.06598,+0.01925,156.77
21.6667,50.0659,50.0000,+0.06589,+0.01954,156.78
21.6833,50.0658,50.0000,+0.06580,+0.01954,156.79
21.7000,50.0657,50.0000,+0.06571,+0.01924,156.80
21.7167,50.0656,50.0000,+0.06562,+0.01953,156.81
21.7333,50.0655,50.0000,+0.06553,+0.01953,156.81
21.7500,50.0654,50.0000,+0.06544,+0.01924,156.82
21.7667,50.0653,50.0000,+0.06535,+0.01953,156.83
21.7833,50.0653,50.0000,+0.06526,+0.01952,156.84
21.8000,50.0652,50.0000,+0.06517,+0.01923,156.85
21.8167,50.0651,50.0000,+0.06508,+0.01952,156.86
21.8333,50.0650,50.0000,+0.06499,+0.01952,156.87
21.8500,50.0649,50.0000,+0.06490,+0.01922,156.87
21.8667,50.0648,50.0000,+0.06481,+0.01951,156.88
21.8833,50.0647,50.0000,+0.06472,+0.01951,156.89
21.9000,50.0646,50.0000,+0.06463,+0.01921,156.90
21.9167,50.0645,50.0000,+0.06454,+0.01950,156.91
21.9333,50.0645,50.0000,+0.06445,+0.01950,156.92
21.9500,50.0644,50.0000,+0.06437,+0.01921,156.93
21.9667,50.0643,50.0000,+0.06428,+0.01950,156.94
21.9833,50.0642,50.0000,+0.06419,+0.01949,156.94
22.0000,50.0641,50.0000,+0.06410,+0.00960,156.95
22.0167,50.0619,50.0000,+0.06194,-0.00000,156.95
22.0333,50.0602,50.0000,+0.06021,-0.00000,156.95
22.0500,50.0587,50.0000,+0.05870,-0.00000,156.95
22.0667,50.0573,50.0000,+0.05735,-0.00000,156.95
22.0833,50.0561,50.0000,+0.05612,-0.00000,156.95
22.1000,50.0550,50.0000,+0.05501,-0.00000,156.95
22.1167,50.0540,50.0000,+0.05398,-0.00000,156.95
22.1333,50.0530,50.0000,+0.05304,-0.00000,156.95
22.1500,50.0522,50.0000,+0.05218,-0.00000,156.95
22.1667,50.0514,50.0000,+0.05138,-0.00000,156.95
22.1833,50.0506,50.0000,+0.05065,-0.00000,156.95
22.2000,50.0500,50.0000,+0.04997,-0.00000,156.95
22.2167,50.0493,50.0000,+0.04934,-0.00000,156.95
22.2333,50.0488,50.0000,+0.04876,-0.00000,156.95
22.2500,50.0482,50.0000,+0.04822,-0.00000,156.95
22.2667,50.0477,50.0000,+0.04772,-0.00000,156.95
22.2833,50.0473,50.0000,+0.04726,-0.00000,156.95
22.3000,50.0468,50.0000,+0.04683,-0.00000,156.95
22.3167,50.0464,50.0000,+0.04643,-0.00000,156.95
22.3333,50.0461,50.0000,+0.04606,-0.00000,156.95
22.3500,50.0457,50.0000,+0.04572,-0.00000,156.95
22.3667,50.0454,50.0000,+0.04539,-0.00000,156.95
22.3833,50.0451,50.0000,+0.04509,-0.00000,156.95
22.4000,50.0448,50.0000,+0.04481,-0.00000,156.95
22.4167,50.0445,50.0000,+0.04454,-0.00000,156.95
22.4333,50.0443,50.0000,+0.04429,-0.00000,156.95
22.4500,50.0441,50.0000,+0.04406,-0.00000,156.95
22.4667,50.0438,50.0000,+0.04384,-0.00000,156.95
22.4833,50.0436,50.0000,+0.04363,-0.00000,156.95
22.5000,50.0434,50.0000,+0.04343,+0.00956,156.95
22.5167,50.0453,50.0000,+0.04532,+0.01941,156.96
22.5333,50.0468,50.0000,+0.04678,+0.01940,156.97
22.5500,50.0480,50.0000,+0.04803,+0.01911,156.98
22.5667,50.0491,50.0000,+0.04913,+0.01940,156.99
22.5833,50.0501,50.0000,+0.05011,+0.01940,157.00
22.6000,50.0510,50.0000,+0.05100,+0.01911,157.00
22.6167,50.0518,50.0000,+0.05179,+0.01940,157.01
22.6333,50.0525,50.0000,+0.05250,+0.01939,157.02
22.6500,50.0532,50.0000,+0.05315,+0.01910,157.03
22.6667,50.0537,50.0000,+0.05374,+0.01939,157.04
22.6833,50.0543,50.0000,+0.05426,+0.01939,157.05
22.7000,50.0547,50.0000,+0.05474,+0.01910,157.06
22.7167,50.0552,50.0000,+0.05517,+0.01938,157.07
22.7333,50.0556,50.0000,+0.05555,+0.01938,157.07
22.7500,50.0559,50.0000,+0.05590,+0.01909,157.08
22.7667,50.0562,50.0000,+0.05620,+0.01938,157.09
22.7833,50.0565,50.0000,+0.05648,+0.01938,157.10
22.8000,50.0567,50.0000,+0.05673,+0.01909,157.11
22.8167,50.0569,50.0000,+0.05694,+0.01937,157.12
22.8333,50.0571,50.0000,+0.05714,+0.01937,157.13
22.8500,50.0573,50.0000,+0.05731,+0.01908,157.14
22.8667,50.0575,50.0000,+0.05746,+0.01937,157.14
22.8833,50.0576,50.0000,+0.05759,+0.01936,157.15
22.9000,50.0577,50.0000,+0.05770,+0.01907,157.16
22.9167,50.0578,50.0000,+0.05779,+0.01936,157.17
22.9333,50.0579,50.0000,+0.05788,+0.01936,157.18
22.9500,50.0579,50.0000,+0.05794,+0.01907,157.19
22.9667,50.0580,50.0000,+0.05800,+0.01935,157.20
22.9833,50.0580,50.0000,+0.05805,+0.01935,157.20
23.0000,50.0581,50.0000,+0.05808,+0.00953,157.21
23.0167,50.0560,50.0000,+0.05603,-0.00000,157.21
23.0333,50.0544,50.0000,+0.05441,-0.00000,157.21
23.0500,50.0530,50.0000,+0.05300,-0.00000,157.21
23.0667,50.0517,50.0000,+0.05174,-0.00000,157.21
23.0833,50.0506,50.0000,+0.05060,-0.00000,157.21
23.1000,50.0496,50.0000,+0.04957,-0.00000,157.21
23.1167,50.0486,50.0000,+0.04862,-0.00000,157.21
23.1333,50.0478,50.0000,+0.04775,-0.00000,157.21
23.1500,50.0470,50.0000,+0.04695,-0.00000,157.21
23.1667,50.0462,50.0000,+0.04622,-0.00000,157.21
23.1833,50.0455,50.0000,+0.04554,-0.00000,157.21
23.2000,50.0449,50.0000,+0.04492,-0.00000,157.21
23.2167,50.0443,50.0000,+0.04434,-0.00000,157.21
23.2333,50.0438,50.0000,+0.04380,-0.00000,157.21
23.2500,50.0433,50.0000,+0.04331,-0.00000,157.21
23.2667,50.0429,50.0000,+0.04286,-0.00000,157.21
23.2833,50.0424,50.0000,+0.04243,-0.00000,157.21
23.3000,50.0420,50.0000,+0.04204,-0.00000,157.21
23.3167,50.0417,50.0000,+0.04168,-0.00000,157.21
23.3333,50.0413,50.0000,+0.04134,-0.00000,157.21
23.3500,50.0410,50.0000,+0.04103,-0.00000,157.21
23.3667,50.0407,50.0000,+0.04073,-0.00000,157.21
23.3833,50.0405,50.0000,+0.04046,-0.00000,157.21
23.4000,50.0402,50.0000,+0.04020,-0.00000,157.21
23.4167,50.0400,50.0000,+0.03996,-0.00000,157.21
23.4333,50.0397,50.0000,+0.03974,-0.00000,157.21
23.4500,50.0395,50.0000,+0.03953,-0.00000,157.21
23.4667,50.0393,50.0000,+0.03933,-0.00000,157.21
23.4833,50.0391,50.0000,+0.03914,-0.00000,157.21
23.5000,50.0390,50.0000,+0.03897,+0.00949,157.21
23.5167,50.0409,50.0000,+0.04087,+0.01927,157.22
23.5333,50.0424,50.0000,+0.04236,+0.01927,157.23
23.5500,50.0436,50.0000,+0.04362,+0.01898,157.24
23.5667,50.0447,50.0000,+0.04474,+0.01927,157.25
23.5833,50.0457,50.0000,+0.04573,+0.01927,157.26
23.6000,50.0466,50.0000,+0.04662,+0.01898,157.27
23.6167,50.0474,50.0000,+0.04743,+0.01926,157.27
23.6333,50.0482,50.0000,+0.04816,+0.01926,157.28
23.6500,50.0488,50.0000,+0.04881,+0.01897,157.29
23.6667,50.0494,50.0000,+0.04941,+0.01926,157.30
23.6833,50.0499,50.0000,+0.04995,+0.01926,157.31
23.7000,50.0504,50.0000,+0.05043,+0.01897,157.32
23.7167,50.0509,50.0000,+0.05087,+0.01925,157.33
23.7333,50.0513,50.0000,+0.05126,+0.01925,157.34
23.7500,50.0516,50.0000,+0.05162,+0.01896,157.34
23.7667,50.0519,50.0000,+0.05194,+0.01925,157.35
23.7833,50.0522,50.0000,+0.05222,+0.01925,157.36
23.8000,50.0525,50.0000,+0.05248,+0.01896,157.37
23.8167,50.0527,50.0000,+0.05270,+0.01924,157.38
23.8333,50.0529,50.0000,+0.05291,+0.01924,157.39
23.8500,50.0531,50.0000,+0.05309,+0.01895,157.40
23.8667,50.0532,50.0000,+0.05324,+0.01924,157.40
23.8833,50.0534,50.0000,+0.05338,+0.01924,157.41
23.9000,50.0535,50.0000,+0.05350,+0.01895,157.42
23.9167,50.0536,50.0000,+0.05361,+0.01923,157.43
23.9333,50.0537,50.0000,+0.05370,+0.01923,157.44
23.9500,50.0538,50.0000,+0.05378,+0.01894,157.45
23.9667,50.0538,50.0000,+0.05384,+0.01923,157.46
23.9833,50.0539,50.0000,+0.05390,+0.01922,157.47
24.0000,50.0539,50.0000,+0.05394,+0.00947,157.47
24.0167,50.0519,50.0000,+0.05190,-0.00000,157.47
24.0333,50.0503,50.0000,+0.05029,-0.00000,157.47
24.0500,50.0489,50.0000,+0.04889,-0.00000,157.47
24.0667,50.0476,50.0000,+0.04765,-0.00000,157.47
24.0833,50.0465,50.0000,+0.04652,-0.00000,157.47
24.1000,50.0455,50.0000,+0.04550,-0.00000,157.47
24.1167,50.0446,50.0000,+0.04457,-0.00000,157.47
24.1333,50.0437,50.0000,+0.04371,-0.00000,157.47
24.1500,50.0429,50.0000,+0.04293,-0.00000,157.47
24.1667,50.0422,50.0000,+0.04221,-0.00000,157.47
24.1833,50.0415,50.0000,+0.04154,-0.00000,157.47
24.2000,50.0409,50.0000,+0.04093,-0.00000,157.47
24.2167,50.0404,50.0000,+0.04037,-0.00000,157.47
24.2333,50.0399,50.0000,+0.03985,-0.00000,157.47
24.2500,50.0394,50.0000,+0.03937,-0.00000,157.47
24.2667,50.0389,50.0000,+0.03893,-0.00000,157.47
24.2833,50.0385,50.0000,+0.03852,-0.00000,157.47
24.3000,50.0381,50.0000,+0.03814,-0.00000,157.47
24.3167,50.0378,50.0000,+0.03779,-0.00000,157.47
24.3333,50.0375,50.0000,+0.03746,-0.00000,157.47
24.3500,50.0372,50.0000,+0.03716,-0.00000,157.47
24.3667,50.0369,50.0000,+0.03688,-0.00000,157.47
24.3833,50.0366,50.0000,+0.03662,-0.00000,157.47
24.4000,50.0364,50.0000,+0.03638,-0.00000,157.47
24.4167,50.0361,50.0000,+0.03615,-0.00000,157.47
24.4333,50.0359,50.0000,+0.03594,-0.00000,157.47
24.4500,50.0357,50.0000,+0.03574,-0.00000,157.47
24.4667,50.0355,50.0000,+0.03555,-0.00000,157.47
24.4833,50.0354,50.0000,+0.03537,-0.00000,157.47
24.5000,50.0352,50.0000,+0.03521,+0.00943,157.47
24.5167,50.0371,50.0000,+0.03713,+0.01915,157.48
24.5333,50.0386,50.0000,+0.03862,+0.01915,157.49
24.5500,50.0399,50.0000,+0.03989,+0.01887,157.50
24.5667,50.0410,50.0000,+0.04101,+0.01915,157.51
24.5833,50.0420,50.0000,+0.04201,+0.01915,157.52
24.6000,50.0429,50.0000,+0.04291,+0.01886,157.53
24.6167,50.0437,50.0000,+0.04373,+0.01915,157.54
24.6333,50.0445,50.0000,+0.04446,+0.01914,157.54
24.6500,50.0451,50.0000,+0.04512,+0.01886,157.55
24.6667,50.0457,50.0000,+0.04572,+0.01914,157.56
24.6833,50.0463,50.0000,+0.04627,+0.01914,157.57
24.7000,50.0468,50.0000,+0.04676,+0.01885,157.58
24.7167,50.0472,50.0000,+0.04720,+0.01914,157.59
24.7333,50.0476,50.0000,+0.04760,+0.01914,157.60
24.7500,50.0480,50.0000,+0.04796,+0.01885,157.61
24.7667,50.0483,50.0000,+0.04829,+0.01913,157.61
24.7833,50.0486,50.0000,+0.04858,+0.01913,157.62
24.8000,50.0488,50.0000,+0.04884,+0.01884,157.63
24.8167,50.0491,50.0000,+0.04907,+0.01913,157.64
24.8333,50.0493,50.0000,+0.04928,+0.01913,157.65
24.8500,50.0495,50.0000,+0.04947,+0.01884,157.66
24.8667,50.0496,50.0000,+0.04963,+0.01912,157.67
24.8833,50.0498,50.0000,+0.04977,+0.01912,157.68
24.9000,50.0499,50.0000,+0.04990,+0.01883,157.68
24.9167,50.0500,50.0000,+0.05002,+0.01912,157.69
24.9333,50.0501,50.0000,+0.05011,+0.01912,157.70
24.9500,50.0502,50.0000,+0.05020,+0.01883,157.71
24.9667,50.0503,50.0000,+0.05027,+0.01911,157.72
24.9833,50.0503,50.0000,+0.05033,+0.01911,157.73
25.0000,50.0504,50.0000,+0.05038,+0.00941,157.74
25.0167,50.0484,50.0000,+0.04835,-0.00000,157.74
25.0333,50.0467,50.0000,+0.04675,-0.00000,157.74
25.0500,50.0454,50.0000,+0.04536,-0.00000,157.74
25.0667,50.0441,50.0000,+0.04412,-0.00000,157.74
25.0833,50.0430,50.0000,+0.04301,-0.00000,157.74
25.1000,50.0420,50.0000,+0.04200,-0.00000,157.74
25.1167,50.0411,50.0000,+0.04108,-0.00000,157.74
25.1333,50.0402,50.0000,+0.04024,-0.00000,157.74
25.1500,50.0395,50.0000,+0.03946,-0.00000,157.74
25.1667,50.0388,50.0000,+0.03875,-0.00000,157.74
25.1833,50.0381,50.0000,+0.03810,-0.00000,157.74
25.2000,50.0375,50.0000,+0.03750,-0.00000,157.74
25.2167,50.0369,50.0000,+0.03695,-0.00000,157.74
25.2333,50.0364,50.0000,+0.03644,-0.00000,157.74
25.2500,50.0360,50.0000,+0.03597,-0.00000,157.74
25.2667,50.0355,50.0000,+0.03554,-0.00000,157.74
25.2833,50.0351,50.0000,+0.03514,-0.00000,157.74
25.3000,50.0348,50.0000,+0.03478,-0.00000,157.74
25.3167,50.0344,50.0000,+0.03444,-0.00000,157.74
25.3333,50.0341,50.0000,+0.03412,-0.00000,157.74
25.3500,50.0338,50.0000,+0.03383,-0.00000,157.74
25.3667,50.0336,50.0000,+0.03356,-0.00000,157.74
25.3833,50.0333,50.0000,+0.03331,-0.00000,157.74
25.4000,50.0331,50.0000,+0.03308,-0.00000,157.74
25.4167,50.0329,50.0000,+0.03286,-0.00000,157.74
25.4333,50.0327,50.0000,+0.03265,-0.00000,157.74
25.4500,50.0325,50.0000,+0.03247,-0.00000,157.74
25.4667,50.0323,50.0000,+0.03229,-0.00000,157.74
25.4833,50.0321,50.0000,+0.03212,-0.00000,157.74
25.5000,50.0320,50.0000,+0.03197,-0.00000,157.74
25.5167,50.0318,50.0000,+0.03182,-0.00000,157.74
25.5333,50.0317,50.0000,+0.03168,-0.00000,157.74
25.5500,50.0316,50.0000,+0.03155,-0.00000,157.74
25.5667,50.0314,50.0000,+0.03143,-0.00000,157.74
25.5833,50.0313,50.0000,+0.03131,-0.00000,157.74
25.6000,50.0312,50.0000,+0.03120,-0.00000,157.74
25.6167,50.0311,50.0000,+0.03110,-0.00000,157.74
25.6333,50.0310,50.0000,+0.03100,-0.00000,157.74
25.6500,50.0309,50.0000,+0.03090,-0.00000,157.74
25.6667,50.0308,50.0000,+0.03081,-0.00000,157.74
25.6833,50.0307,50.0000,+0.03072,-0.00000,157.74
25.7000,50.0306,50.0000,+0.03064,-0.00000,157.74
25.7167,50.0306,50.0000,+0.03056,-0.00000,157.74
25.7333,50.0305,50.0000,+0.03048,-0.00000,157.74
25.7500,50.0304,50.0000,+0.03041,-0.00000,157.74
25.7667,50.0303,50.0000,+0.03033,-0.00000,157.74
25.7833,50.0303,50.0000,+0.03026,-0.00000,157.74
25.8000,50.0302,50.0000,+0.03019,-0.00000,157.74
25.8167,50.0301,50.0000,+0.03013,-0.00000,157.74
25.8333,50.0301,50.0000,+0.03006,-0.00000,157.74
25.8500,50.0300,50.0000,+0.03000,-0.00000,157.74
25.8667,50.0299,50.0000,+0.02994,-0.00000,157.74
25.8833,50.0299,50.0000,+0.02988,-0.00000,157.74
25.9000,50.0298,50.0000,+0.02982,-0.00000,157.74
25.9167,50.0298,50.0000,+0.02976,-0.00000,157.74
25.9333,50.0297,50.0000,+0.02970,-0.00000,157.74
25.9500,50.0296,50.0000,+0.02965,-0.00000,157.74
25.9667,50.0296,50.0000,+0.02959,-0.00000,157.74
25.9833,50.0295,50.0000,+0.02954,-0.00000,157.74
26.0000,50.0295,50.0000,+0.02948,-0.00000,157.74
26.0167,50.0294,50.0000,+0.02943,-0.00000,157.74
26.0333,50.0294,50.0000,+0.02938,-0.00000,157.74
26.0500,50.0293,50.0000,+0.02933,-0.00000,157.74
26.0667,50.0293,50.0000,+0.02927,-0.00000,157.74
26.0833,50.0292,50.0000,+0.02922,-0.00000,157.74
26.1000,50.0292,50.0000,+0.02917,-0.00000,157.74
26.1167,50.0291,50.0000,+0.02912,-0.00000,157.74
26.1333,50.0291,50.0000,+0.02907,-0.00000,157.74
26.1500,50.0290,50.0000,+0.02902,-0.00000,157.74
26.1667,50.0290,50.0000,+0.02898,-0.00000,157.74
26.1833,50.0289,50.0000,+0.02893,-0.00000,157.74
26.2000,50.0289,50.0000,+0.02888,-0.00000,157.74
26.2167,50.0288,50.0000,+0.02883,-0.00000,157.74
26.2333,50.0288,50.0000,+0.02879,-0.00000,157.74
26.2500,50.0287,50.0000,+0.02874,-0.00000,157.74
26.2667,50.0287,50.0000,+0.02869,-0.00000,157.74
26.2833,50.0286,50.0000,+0.02865,-0.00000,157.74
26.3000,50.0286,50.0000,+0.02860,-0.00000,157.74
26.3167,50.0286,50.0000,+0.02855,-0.00000,157.74
26.3333,50.0285,50.0000,+0.02851,-0.00000,157.74
26.3500,50.0285,50.0000,+0.02846,-0.00000,157.74
26.3667,50.0284,50.0000,+0.02842,-0.00000,157.74
26.3833,50.0284,50.0000,+0.02837,-0.00000,157.74
26.4000,50.0283,50.0000,+0.02833,-0.00000,157.74
26.4167,50.0283,50.0000,+0.02828,-0.00000,157.74
26.4333,50.0282,50.0000,+0.02824,-0.00000,157.74
26.4500,50.0282,50.0000,+0.02819,-0.00000,157.74
26.4667,50.0281,50.0000,+0.02815,-0.00000,157.74
26.4833,50.0281,50.0000,+0.02810,-0.00000,157.74
26.5000,50.0281,50.0000,+0.02806,+0.00933,157.74
26.5167,50.0301,50.0000,+0.03008,+0.01895,157.75
26.5333,50.0317,50.0000,+0.03168,+0.01895,157.75
26.5500,50.0330,50.0000,+0.03304,+0.01866,157.76
26.5667,50.0342,50.0000,+0.03424,+0.01894,157.77
26.5833,50.0353,50.0000,+0.03532,+0.01894,157.78
26.6000,50.0363,50.0000,+0.03629,+0.01866,157.79
26.6167,50.0372,50.0000,+0.03716,+0.01894,157.80
26.6333,50.0380,50.0000,+0.03795,+0.01894,157.81
26.6500,50.0387,50.0000,+0.03867,+0.01866,157.82
26.6667,50.0393,50.0000,+0.03932,+0.01894,157.82
26.6833,50.0399,50.0000,+0.03991,+0.01894,157.83
26.7000,50.0404,50.0000,+0.04044,+0.01865,157.84
26.7167,50.0409,50.0000,+0.04093,+0.01893,157.85
26.7333,50.0414,50.0000,+0.04136,+0.01893,157.86
26.7500,50.0418,50.0000,+0.04176,+0.01865,157.87
26.7667,50.0421,50.0000,+0.04212,+0.01893,157.88
26.7833,50.0424,50.0000,+0.04244,+0.01893,157.89
26.8000,50.0427,50.0000,+0.04273,+0.01865,157.89
26.8167,50.0430,50.0000,+0.04299,+0.01893,157.90
26.8333,50.0432,50.0000,+0.04322,+0.01893,157.91
26.8500,50.0434,50.0000,+0.04343,+0.01864,157.92
26.8667,50.0436,50.0000,+0.04362,+0.01892,157.93
26.8833,50.0438,50.0000,+0.04379,+0.01892,157.94
26.9000,50.0439,50.0000,+0.04393,+0.01864,157.95
26.9167,50.0441,50.0000,+0.04407,+0.01892,157.96
26.9333,50.0442,50.0000,+0.04418,+0.01892,157.96
26.9500,50.0443,50.0000,+0.04429,+0.01863,157.97
26.9667,50.0444,50.0000,+0.04438,+0.01891,157.98
26.9833,50.0445,50.0000,+0.04446,+0.01891,157.99
27.0000,50.0445,50.0000,+0.04453,+0.00931,158.00
27.0167,50.0425,50.0000,+0.04251,-0.00000,158.00
27.0333,50.0409,50.0000,+0.04093,-0.00000,158.00
27.0500,50.0396,50.0000,+0.03956,-0.00000,158.00
27.0667,50.0384,50.0000,+0.03835,-0.00000,158.00
27.0833,50.0373,50.0000,+0.03726,-0.00000,158.00
27.1000,50.0363,50.0000,+0.03627,-0.00000,158.00
27.1167,50.0354,50.0000,+0.03537,-0.00000,158.00
27.1333,50.0346,50.0000,+0.03455,-0.00000,158.00
27.1500,50.0338,50.0000,+0.03380,-0.00000,158.00
27.1667,50.0331,50.0000,+0.03311,-0.00000,158.00
27.1833,50.0325,50.0000,+0.03248,-0.00000,158.00
27.2000,50.0319,50.0000,+0.03190,-0.00000,158.00
27.2167,50.0314,50.0000,+0.03137,-0.00000,158.00
27.2333,50.0309,50.0000,+0.03088,-0.00000,158.00
27.2500,50.0304,50.0000,+0.03043,-0.00000,158.00
27.2667,50.0300,50.0000,+0.03002,-0.00000,158.00
27.2833,50.0296,50.0000,+0.02964,-0.00000,158.00
27.3000,50.0293,50.0000,+0.02929,-0.00000,158.00
27.3167,50.0290,50.0000,+0.02897,-0.00000,158.00
27.3333,50.0287,50.0000,+0.02868,-0.00000,158.00
27.3500,50.0284,50.0000,+0.02840,-0.00000,158.00
27.3667,50.0281,50.0000,+0.02815,-0.00000,158.00
27.3833,50.0279,50.0000,+0.02792,-0.00000,158.00
27.4000,50.0277,50.0000,+0.02770,-0.00000,158.00
27.4167,50.0275,50.0000,+0.02750,-0.00000,158.00
27.4333,50.0273,50.0000,+0.02731,-0.00000,158.00
27.4500,50.0271,50.0000,+0.02714,-0.00000,158.00
27.4667,50.0270,50.0000,+0.02698,-0.00000,158.00
27.4833,50.0268,50.0000,+0.02683,-0.00000,158.00
27.5000,50.0267,50.0000,+0.02668,-0.00000,158.00
27.5167,50.0266,50.0000,+0.02655,-0.00000,158.00
27.5333,50.0264,50.0000,+0.02643,-0.00000,158.00
27.5500,50.0263,50.0000,+0.02631,-0.00000,158.00
27.5667,50.0262,50.0000,+0.02620,-0.00000,158.00
27.5833,50.0261,50.0000,+0.02610,-0.00000,158.00
27.6000,50.0260,50.0000,+0.02601,-0.00000,158.00
27.6167,50.0259,50.0000,+0.02591,-0.00000,158.00
27.6333,50.0258,50.0000,+0.02583,-0.00000,158.00
27.6500,50.0257,50.0000,+0.02575,-0.00000,158.00
27.6667,50.0257,50.0000,+0.02567,-0.00000,158.00
27.6833,50.0256,50.0000,+0.02559,-0.00000,158.00
27.7000,50.0255,50.0000,+0.02552,-0.00000,158.00
27.7167,50.0255,50.0000,+0.02546,-0.00000,158.00
27.7333,50.0254,50.0000,+0.02539,-0.00000,158.00
27.7500,50.0253,50.0000,+0.02533,-0.00000,158.00
27.7667,50.0253,50.0000,+0.02527,-0.00000,158.00
27.7833,50.0252,50.0000,+0.02521,-0.00000,158.00
27.8000,50.0252,50.0000,+0.02515,-0.00000,158.00
27.8167,50.0251,50.0000,+0.02510,-0.00000,158.00
27.8333,50.0250,50.0000,+0.02504,-0.00000,158.00
27.8500,50.0250,50.0000,+0.02499,-0.00000,158.00
27.8667,50.0249,50.0000,+0.02494,-0.00000,158.00
27.8833,50.0249,50.0000,+0.02490,-0.00000,158.00
27.9000,50.0248,50.0000,+0.02485,-0.00000,158.00
27.9167,50.0248,50.0000,+0.02480,-0.00000,158.00
27.9333,50.0248,50.0000,+0.02476,-0.00000,158.00
27.9500,50.0247,50.0000,+0.02471,-0.00000,158.00
27.9667,50.0247,50.0000,+0.02467,-0.00000,158.00
27.9833,50.0246,50.0000,+0.02463,-0.00000,158.00
28.0000,50.0246,50.0000,+0.02458,-0.00000,158.00
28.0167,50.0245,50.0000,+0.02454,-0.00000,158.00
28.0333,50.0245,50.0000,+0.02450,-0.00000,158.00
28.0500,50.0245,50.0000,+0.02446,-0.00000,158.00
28.0667,50.0244,50.0000,+0.02442,-0.00000,158.00
28.0833,50.0244,50.0000,+0.02438,-0.00000,158.00
28.1000,50.0243,50.0000,+0.02434,-0.00000,158.00
28.1167,50.0243,50.0000,+0.02430,-0.00000,158.00
28.1333,50.0243,50.0000,+0.02426,-0.00000,158.00
28.1500,50.0242,50.0000,+0.02423,-0.00000,158.00
28.1667,50.0242,50.0000,+0.02419,-0.00000,158.00
28.1833,50.0242,50.0000,+0.02415,-0.00000,158.00
28.2000,50.0241,50.0000,+0.02412,-0.00000,158.00
28.2167,50.0241,50.0000,+0.02408,-0.00000,158.00
28.2333,50.0240,50.0000,+0.02404,-0.00000,158.00
28.2500,50.0240,50.0000,+0.02401,-0.00000,158.00
28.2667,50.0240,50.0000,+0.02397,-0.00000,158.00
28.2833,50.0239,50.0000,+0.02393,-0.00000,158.00
28.3000,50.0239,50.0000,+0.02390,-0.00000,158.00
28.3167,50.0239,50.0000,+0.02386,-0.00000,158.00
28.3333,50.0238,50.0000,+0.02383,-0.00000,158.00
28.3500,50.0238,50.0000,+0.02379,-0.00000,158.00
28.3667,50.0238,50.0000,+0.02376,-0.00000,158.00
28.3833,50.0237,50.0000,+0.02372,-0.00000,158.00
28.4000,50.0237,50.0000,+0.02369,-0.00000,158.00
28.4167,50.0237,50.0000,+0.02365,-0.00000,158.00
28.4333,50.0236,50.0000,+0.02362,-0.00000,158.00
28.4500,50.0236,50.0000,+0.02358,-0.00000,158.00
28.4667,50.0236,50.0000,+0.02355,-0.00000,158.00
28.4833,50.0235,50.0000,+0.02352,-0.00000,158.00
28.5000,50.0235,50.0000,+0.02348,-0.00000,158.00
28.5167,50.0234,50.0000,+0.02345,-0.00000,158.00
28.5333,50.0234,50.0000,+0.02341,-0.00000,158.00
28.5500,50.0234,50.0000,+0.02338,-0.00000,158.00
28.5667,50.0233,50.0000,+0.02335,-0.00000,158.00
28.5833,50.0233,50.0000,+0.02331,-0.00000,158.00
28.6000,50.0233,50.0000,+0.02328,-0.00000,158.00
28.6167,50.0232,50.0000,+0.02325,-0.00000,158.00
28.6333,50.0232,50.0000,+0.02321,-0.00000,158.00
28.6500,50.0232,50.0000,+0.02318,-0.00000,158.00
28.6667,50.0231,50.0000,+0.02315,-0.00000,158.00
28.6833,50.0231,50.0000,+0.02311,-0.00000,158.00
28.7000,50.0231,50.0000,+0.02308,-0.00000,158.00
28.7167,50.0230,50.0000,+0.02305,-0.00000,158.00
28.7333,50.0230,50.0000,+0.02302,-0.00000,158.00
28.7500,50.0230,50.0000,+0.02298,-0.00000,158.00
28.7667,50.0230,50.0000,+0.02295,-0.00000,158.00
28.7833,50.0229,50.0000,+0.02292,-0.00000,158.00
28.8000,50.0229,50.0000,+0.02289,-0.00000,158.00
28.8167,50.0229,50.0000,+0.02285,-0.00000,158.00
28.8333,50.0228,50.0000,+0.02282,-0.00000,158.00
28.8500,50.0228,50.0000,+0.02279,-0.00000,158.00
28.8667,50.0228,50.0000,+0.02276,-0.00000,158.00
28.8833,50.0227,50.0000,+0.02273,-0.00000,158.00
28.9000,50.0227,50.0000,+0.02269,-0.00000,158.00
28.9167,50.0227,50.0000,+0.02266,-0.00000,158.00
28.9333,50.0226,50.0000,+0.02263,-0.00000,158.00
28.9500,50.0226,50.0000,+0.02260,-0.00000,158.00
28.9667,50.0226,50.0000,+0.02257,-0.00000,158.00
28.9833,50.0225,50.0000,+0.02254,-0.00000,158.00
29.0000,50.0225,50.0000,+0.02250,+0.00923,158.00
29.0167,50.0245,50.0000,+0.02454,+0.01874,158.01
29.0333,50.0261,50.0000,+0.02614,+0.01874,158.02
29.0500,50.0275,50.0000,+0.02751,+0.01846,158.03
29.0667,50.0287,50.0000,+0.02872,+0.01873,158.03
29.0833,50.0298,50.0000,+0.02980,+0.01873,158.04
29.1000,50.0308,50.0000,+0.03077,+0.01845,158.05
29.1167,50.0316,50.0000,+0.03165,+0.01873,158.06
29.1333,50.0324,50.0000,+0.03245,+0.01873,158.07
29.1500,50.0332,50.0000,+0.03317,+0.01845,158.08
29.1667,50.0338,50.0000,+0.03382,+0.01873,158.09
29.1833,50.0344,50.0000,+0.03442,+0.01873,158.10
29.2000,50.0350,50.0000,+0.03495,+0.01845,158.10
29.2167,50.0354,50.0000,+0.03544,+0.01873,158.11
29.2333,50.0359,50.0000,+0.03589,+0.01873,158.12
29.2500,50.0363,50.0000,+0.03628,+0.01845,158.13
29.2667,50.0366,50.0000,+0.03665,+0.01872,158.14
29.2833,50.0370,50.0000,+0.03697,+0.01872,158.15
29.3000,50.0373,50.0000,+0.03727,+0.01844,158.16
29.3167,50.0375,50.0000,+0.03754,+0.01872,158.17
29.3333,50.0378,50.0000,+0.03778,+0.01872,158.17
29.3500,50.0380,50.0000,+0.03799,+0.01844,158.18
29.3667,50.0382,50.0000,+0.03819,+0.01872,158.19
29.3833,50.0384,50.0000,+0.03836,+0.01872,158.20
29.4000,50.0385,50.0000,+0.03852,+0.01844,158.21
29.4167,50.0387,50.0000,+0.03866,+0.01872,158.22
29.4333,50.0388,50.0000,+0.03878,+0.01871,158.23
29.4500,50.0389,50.0000,+0.03889,+0.01843,158.24
29.4667,50.0390,50.0000,+0.03899,+0.01871,158.24
29.4833,50.0391,50.0000,+0.03908,+0.01871,158.25
29.5000,50.0392,50.0000,+0.03916,+0.00922,158.26
29.5167,50.0372,50.0000,+0.03715,-0.00000,158.26
29.5333,50.0356,50.0000,+0.03558,-0.00000,158.26
29.5500,50.0342,50.0000,+0.03423,-0.00000,158.26
29.5667,50.0330,50.0000,+0.03304,-0.00000,158.26
29.5833,50.0320,50.0000,+0.03196,-0.00000,158.26
29.6000,50.0310,50.0000,+0.03099,-0.00000,158.26
29.6167,50.0301,50.0000,+0.03011,-0.00000,158.26
29.6333,50.0293,50.0000,+0.02930,-0.00000,158.26
29.6500,50.0286,50.0000,+0.02857,-0.00000,158.26
29.6667,50.0279,50.0000,+0.02790,-0.00000,158.26
29.6833,50.0273,50.0000,+0.02728,-0.00000,158.26
29.7000,50.0267,50.0000,+0.02672,-0.00000,158.26
29.7167,50.0262,50.0000,+0.02620,-0.00000,158.26
29.7333,50.0257,50.0000,+0.02573,-0.00000,158.26
29.7500,50.0253,50.0000,+0.02530,-0.00000,158.26
29.7667,50.0249,50.0000,+0.02491,-0.00000,158.26
29.7833,50.0245,50.0000,+0.02454,-0.00000,158.26
29.8000,50.0242,50.0000,+0.02421,-0.00000,158.26
29.8167,50.0239,50.0000,+0.02390,-0.00000,158.26
29.8333,50.0236,50.0000,+0.02362,-0.00000,158.26
29.8500,50.0234,50.0000,+0.02336,-0.00000,158.26
29.8667,50.0231,50.0000,+0.02312,-0.00000,158.26
29.8833,50.0229,50.0000,+0.02290,-0.00000,158.26
29.9000,50.0227,50.0000,+0.02270,-0.00000,158.26
29.9167,50.0225,50.0000,+0.02251,-0.00000,158.26
29.9333,50.0223,50.0000,+0.02234,-0.00000,158.26
29.9500,50.0222,50.0000,+0.02218,-0.00000,158.26
29.9667,50.0220,50.0000,+0.02203,-0.00000,158.26
29.9833,50.0219,50.0000,+0.02190,-0.00000,158.26
30.0000,50.0218,50.0000,+0.02177,-0.00000,158.26
30.0167,50.0216,50.0000,+0.02165,-0.00000,158.26
30.0333,50.0215,50.0000,+0.02154,-0.00000,158.26
30.0500,50.0214,50.0000,+0.02143,-0.00000,158.26
30.0667,50.0213,50.0000,+0.02134,-0.00000,158.26
30.0833,50.0212,50.0000,+0.02125,-0.00000,158.26
30.1000,50.0212,50.0000,+0.02116,-0.00000,158.26
30.1167,50.0211,50.0000,+0.02108,-0.00000,158.26
30.1333,50.0210,50.0000,+0.02101,-0.00000,158.26
30.1500,50.0209,50.0000,+0.02094,-0.00000,158.26
30.1667,50.0209,50.0000,+0.02087,-0.00000,158.26
30.1833,50.0208,50.0000,+0.02081,-0.00000,158.26
30.2000,50.0207,50.0000,+0.02075,-0.00000,158.26
30.2167,50.0207,50.0000,+0.02069,-0.00000,158.26
30.2333,50.0206,50.0000,+0.02063,-0.00000,158.26
30.2500,50.0206,50.0000,+0.02058,-0.00000,158.26
30.2667,50.0205,50.0000,+0.02053,-0.00000,158.26
30.2833,50.0205,50.0000,+0.02048,-0.00000,158.26
30.3000,50.0204,50.0000,+0.02044,-0.00000,158.26
30.3167,50.0204,50.0000,+0.02039,-0.00000,158.26
30.3333,50.0204,50.0000,+0.02035,-0.00000,158.26
30.3500,50.0203,50.0000,+0.02031,-0.00000,158.26
30.3667,50.0203,50.0000,+0.02027,-0.00000,158.26
30.3833,50.0202,50.0000,+0.02023,-0.00000,158.26
30.4000,50.0202,50.0000,+0.02019,-0.00000,158.26
30.4167,50.0202,50.0000,+0.02016,-0.00000,158.26
30.4333,50.0201,50.0000,+0.02012,-0.00000,158.26
30.4500,50.0201,50.0000,+0.02009,-0.00000,158.26
30.4667,50.0201,50.0000,+0.02005,-0.00000,158.26
30.4833,50.0200,50.0000,+0.02002,-0.00000,158.26
30.5000,50.0200,50.0000,+0.01999,-0.00000,158.26
30.5167,50.0200,50.0000,+0.01996,-0.00000,158.26
30.5333,50.0199,50.0000,+0.01993,-0.00000,158.26
30.5500,50.0199,50.0000,+0.01989,-0.00000,158.26
30.5667,50.0199,50.0000,+0.01986,-0.00000,158.26
30.5833,50.0198,50.0000,+0.01983,-0.00000,158.26
30.6000,50.0198,50.0000,+0.01980,-0.00000,158.26
30.6167,50.0198,50.0000,+0.01978,-0.00000,158.26
30.6333,50.0197,50.0000,+0.01975,-0.00000,158.26
30.6500,50.0197,50.0000,+0.01972,-0.00000,158.26
30.6667,50.0197,50.0000,+0.01969,-0.00000,158.26
30.6833,50.0197,50.0000,+0.01966,-0.00000,158.26
30.7000,50.0196,50.0000,+0.01963,-0.00000,158.26
30.7167,50.0196,50.0000,+0.01961,-0.00000,158.26
30.7333,50.0196,50.0000,+0.01958,-0.00000,158.26
30.7500,50.0196,50.0000,+0.01955,-0.00000,158.26
30.7667,50.0195,50.0000,+0.01953,-0.00000,158.26
30.7833,50.0195,50.0000,+0.01950,-0.00000,158.26
30.8000,50.0195,50.0000,+0.01947,-0.00000,158.26
30.8167,50.0194,50.0000,+0.01945,-0.00000,158.26
30.8333,50.0194,50.0000,+0.01942,-0.00000,158.26
30.8500,50.0194,50.0000,+0.01939,-0.00000,158.26
30.8667,50.0194,50.0000,+0.01937,-0.00000,158.26
30.8833,50.0193,50.0000,+0.01934,-0.00000,158.26
30.9000,50.0193,50.0000,+0.01932,-0.00000,158.26
30.9167,50.0193,50.0000,+0.01929,-0.00000,158.26
30.9333,50.0193,50.0000,+0.01927,-0.00000,158.26
30.9500,50.0192,50.0000,+0.01924,-0.00000,158.26
30.9667,50.0192,50.0000,+0.01922,-0.00000,158.26
30.9833,50.0192,50.0000,+0.01919,-0.00000,158.26
31.0000,50.0192,50.0000,+0.01917,-0.00000,158.26
31.0167,50.0191,50.0000,+0.01914,-0.00000,158.26
31.0333,50.0191,50.0000,+0.01911,-0.00000,158.26
31.0500,50.0191,50.0000,+0.01909,-0.00000,158.26
31.0667,50.0191,50.0000,+0.01906,-0.00000,158.26
31.0833,50.0190,50.0000,+0.01904,-0.00000,158.26
31.1000,50.0190,50.0000,+0.01902,-0.00000,158.26
31.1167,50.0190,50.0000,+0.01899,-0.00000,158.26
31.1333,50.0190,50.0000,+0.01897,-0.00000,158.26
31.1500,50.0189,50.0000,+0.01894,-0.00000,158.26
31.1667,50.0189,50.0000,+0.01892,-0.00000,158.26
31.1833,50.0189,50.0000,+0.01889,-0.00000,158.26
31.2000,50.0189,50.0000,+0.01887,-0.00000,158.26
31.2167,50.0188,50.0000,+0.01884,-0.00000,158.26
31.2333,50.0188,50.0000,+0.01882,-0.00000,158.26
31.2500,50.0188,50.0000,+0.01880,-0.00000,158.26
31.2667,50.0188,50.0000,+0.01877,-0.00000,158.26
31.2833,50.0187,50.0000,+0.01875,-0.00000,158.26
31.3000,50.0187,50.0000,+0.01872,-0.00000,158.26
31.3167,50.0187,50.0000,+0.01870,-0.00000,158.26
31.3333,50.0187,50.0000,+0.01868,-0.00000,158.26
31.3500,50.0187,50.0000,+0.01865,-0.00000,158.26
31.3667,50.0186,50.0000,+0.01863,-0.00000,158.26
31.3833,50.0186,50.0000,+0.01861,-0.00000,158.26
31.4000,50.0186,50.0000,+0.01858,-0.00000,158.26
31.4167,50.0186,50.0000,+0.01856,-0.00000,158.26
31.4333,50.0185,50.0000,+0.01853,-0.00000,158.26
31.4500,50.0185,50.0000,+0.01851,-0.00000,158.26
31.4667,50.0185,50.0000,+0.01849,-0.00000,158.26
31.4833,50.0185,50.0000,+0.01846,-0.00000,158.26
31.5000,50.0184,50.0000,+0.01844,-0.00000,158.26
31.5167,50.0184,50.0000,+0.01842,-0.00000,158.26
31.5333,50.0184,50.0000,+0.01839,-0.00000,158.26
31.5500,50.0184,50.0000,+0.01837,-0.00000,158.26
31.5667,50.0183,50.0000,+0.01835,-0.00000,158.26
31.5833,50.0183,50.0000,+0.01832,-0.00000,158.26
31.6000,50.0183,50.0000,+0.01830,-0.00000,158.26
31.6167,50.0183,50.0000,+0.01828,-0.00000,158.26
31.6333,50.0183,50.0000,+0.01826,-0.00000,158.26
31.6500,50.0182,50.0000,+0.01823,-0.00000,158.26
31.6667,50.0182,50.0000,+0.01821,-0.00000,158.26
31.6833,50.0182,50.0000,+0.01819,-0.00000,158.26
31.7000,50.0182,50.0000,+0.01816,-0.00000,158.26
31.7167,50.0181,50.0000,+0.01814,-0.00000,158.26
31.7333,50.0181,50.0000,+0.01812,-0.00000,158.26
31.7500,50.0181,50.0000,+0.01810,-0.00000,158.26
31.7667,50.0181,50.0000,+0.01807,-0.00000,158.26
31.7833,50.0181,50.0000,+0.01805,-0.00000,158.26
31.8000,50.0180,50.0000,+0.01803,-0.00000,158.26
31.8167,50.0180,50.0000,+0.01801,-0.00000,158.26
31.8333,50.0180,50.0000,+0.01798,-0.00000,158.26
31.8500,50.0180,50.0000,+0.01796,-0.00000,158.26
31.8667,50.0179,50.0000,+0.01794,-0.00000,158.26
31.8833,50.0179,50.0000,+0.01792,-0.00000,158.26
31.9000,50.0179,50.0000,+0.01789,-0.00000,158.26
31.9167,50.0179,50.0000,+0.01787,-0.00000,158.26
31.9333,50.0179,50.0000,+0.01785,-0.00000,158.26
31.9500,50.0178,50.0000,+0.01783,-0.00000,158.26
31.9667,50.0178,50.0000,+0.01781,-0.00000,158.26
31.9833,50.0178,50.0000,+0.01778,-0.00000,158.26
32.0000,50.0178,50.0000,+0.01776,-0.00000,158.26
32.0167,50.0177,50.0000,+0.01774,-0.00000,158.26
32.0333,50.0177,50.0000,+0.01772,-0.00000,158.26
32.0500,50.0177,50.0000,+0.01770,-0.00000,158.26
32.0667,50.0177,50.0000,+0.01767,-0.00000,158.26
32.0833,50.0177,50.0000,+0.01765,-0.00000,158.26
32.1000,50.0176,50.0000,+0.01763,-0.00000,158.26
32.1167,50.0176,50.0000,+0.01761,-0.00000,158.26
32.1333,50.0176,50.0000,+0.01759,-0.00000,158.26
32.1500,50.0176,50.0000,+0.01756,-0.00000,158.26
32.1667,50.0175,50.0000,+0.01754,-0.00000,158.26
32.1833,50.0175,50.0000,+0.01752,-0.00000,158.26
32.2000,50.0175,50.0000,+0.01750,-0.00000,158.26
32.2167,50.0175,50.0000,+0.01748,-0.00000,158.26
32.2333,50.0175,50.0000,+0.01746,-0.00000,158.26
32.2500,50.0174,50.0000,+0.01744,-0.00000,158.26
32.2667,50.0174,50.0000,+0.01741,-0.00000,158.26
32.2833,50.0174,50.0000,+0.01739,-0.00000,158.26
32.3000,50.0174,50.0000,+0.01737,-0.00000,158.26
32.3167,50.0174,50.0000,+0.01735,-0.00000,158.26
32.3333,50.0173,50.0000,+0.01733,-0.00000,158.26
32.3500,50.0173,50.0000,+0.01731,-0.00000,158.26
32.3667,50.0173,50.0000,+0.01729,-0.00000,158.26
32.3833,50.0173,50.0000,+0.01727,-0.00000,158.26
32.4000,50.0172,50.0000,+0.01725,-0.00000,158.26
32.4167,50.0172,50.0000,+0.01722,-0.00000,158.26
32.4333,50.0172,50.0000,+0.01720,-0.00000,158.26
32.4500,50.0172,50.0000,+0.01718,-0.00000,158.26
32.4667,50.0172,50.0000,+0.01716,-0.00000,158.26
32.4833,50.0171,50.0000,+0.01714,-0.00000,158.26
32.5000,50.0171,50.0000,+0.01712,-0.00000,158.26
32.5167,50.0171,50.0000,+0.01710,-0.00000,158.26
32.5333,50.0171,50.0000,+0.01708,-0.00000,158.26
32.5500,50.0171,50.0000,+0.01706,-0.00000,158.26
32.5667,50.0170,50.0000,+0.01704,-0.00000,158.26
32.5833,50.0170,50.0000,+0.01702,-0.00000,158.26
32.6000,50.0170,50.0000,+0.01700,-0.00000,158.26
32.6167,50.0170,50.0000,+0.01697,-0.00000,158.26
32.6333,50.0170,50.0000,+0.01695,-0.00000,158.26
32.6500,50.0169,50.0000,+0.01693,-0.00000,158.26
32.6667,50.0169,50.0000,+0.01691,-0.00000,158.26
32.6833,50.0169,50.0000,+0.01689,-0.00000,158.26
32.7000,50.0169,50.0000,+0.01687,-0.00000,158.26
32.7167,50.0169,50.0000,+0.01685,-0.00000,158.26
32.7333,50.0168,50.0000,+0.01683,-0.00000,158.26
32.7500,50.0168,50.0000,+0.01681,-0.00000,158.26
32.7667,50.0168,50.0000,+0.01679,-0.00000,158.26
32.7833,50.0168,50.0000,+0.01677,-0.00000,158.26
32.8000,50.0168,50.0000,+0.01675,-0.00000,158.26
32.8167,50.0167,50.0000,+0.01673,-0.00000,158.26
32.8333,50.0167,50.0000,+0.01671,-0.00000,158.26
32.8500,50.0167,50.0000,+0.01669,-0.00000,158.26
32.8667,50.0167,50.0000,+0.01667,-0.00000,158.26
32.8833,50.0166,50.0000,+0.01665,-0.00000,158.26
32.9000,50.0166,50.0000,+0.01663,-0.00000,158.26
32.9167,50.0166,50.0000,+0.01661,-0.00000,158.26
32.9333,50.0166,50.0000,+0.01659,-0.00000,158.26
32.9500,50.0166,50.0000,+0.01657,-0.00000,158.26
32.9667,50.0166,50.0000,+0.01655,-0.00000,158.26
32.9833,50.0165,50.0000,+0.01653,-0.00000,158.26
33.0000,50.0165,50.0000,+0.01651,-0.00000,158.26
33.0167,50.0165,50.0000,+0.01649,-0.00000,158.26
33.0333,50.0165,50.0000,+0.01647,-0.00000,158.26
33.0500,50.0165,50.0000,+0.01645,-0.00000,158.26
33.0667,50.0164,50.0000,+0.01643,-0.00000,158.26
33.0833,50.0164,50.0000,+0.01641,-0.00000,158.26
33.1000,50.0164,50.0000,+0.01639,-0.00000,158.26
33.1167,50.0164,50.0000,+0.01637,-0.00000,158.26
33.1333,50.0164,50.0000,+0.01635,-0.00000,158.26
33.1500,50.0163,50.0000,+0.01634,-0.00000,158.26
33.1667,50.0163,50.0000,+0.01632,-0.00000,158.26
33.1833,50.0163,50.0000,+0.01630,-0.00000,158.26
33.2000,50.0163,50.0000,+0.01628,-0.00000,158.26
33.2167,50.0163,50.0000,+0.01626,-0.00000,158.26
33.2333,50.0162,50.0000,+0.01624,-0.00000,158.26
33.2500,50.0162,50.0000,+0.01622,-0.00000,158.26
33.2667,50.0162,50.0000,+0.01620,-0.00000,158.26
33.2833,50.0162,50.0000,+0.01618,-0.00000,158.26
33.3000,50.0162,50.0000,+0.01616,-0.00000,158.26
33.3167,50.0161,50.0000,+0.01614,-0.00000,158.26
33.3333,50.0161,50.0000,+0.01613,-0.00000,158.26
33.3500,50.0161,50.0000,+0.01611,-0.00000,158.26
33.3667,50.0161,50.0000,+0.01609,-0.00000,158.26
33.3833,50.0161,50.0000,+0.01607,-0.00000,158.26
33.4000,50.0160,50.0000,+0.01605,-0.00000,158.26
33.4167,50.0160,50.0000,+0.01603,-0.00000,158.26
33.4333,50.0160,50.0000,+0.01601,-0.00000,158.26
33.4500,50.0160,50.0000,+0.01599,-0.00000,158.26
33.4667,50.0160,50.0000,+0.01597,-0.00000,158.26
33.4833,50.0160,50.0000,+0.01595,-0.00000,158.26
33.5000,50.0159,50.0000,+0.01594,-0.00000,158.26
33.5167,50.0159,50.0000,+0.01592,-0.00000,158.26
33.5333,50.0159,50.0000,+0.01590,-0.00000,158.26
33.5500,50.0159,50.0000,+0.01588,-0.00000,158.26
33.5667,50.0159,50.0000,+0.01586,-0.00000,158.26
33.5833,50.0158,50.0000,+0.01584,-0.00000,158.26
33.6000,50.0158,50.0000,+0.01582,-0.00000,158.26
33.6167,50.0158,50.0000,+0.01581,-0.00000,158.26
33.6333,50.0158,50.0000,+0.01579,-0.00000,158.26
33.6500,50.0158,50.0000,+0.01577,-0.00000,158.26
33.6667,50.0158,50.0000,+0.01575,-0.00000,158.26
33.6833,50.0157,50.0000,+0.01573,-0.00000,158.26
33.7000,50.0157,50.0000,+0.01572,-0.00000,158.26
33.7167,50.0157,50.0000,+0.01570,-0.00000,158.26
33.7333,50.0157,50.0000,+0.01568,-0.00000,158.26
33.7500,50.0157,50.0000,+0.01566,-0.00000,158.26
33.7667,50.0156,50.0000,+0.01564,-0.00000,158.26
33.7833,50.0156,50.0000,+0.01562,-0.00000,158.26
33.8000,50.0156,50.0000,+0.01561,-0.00000,158.26
33.8167,50.0156,50.0000,+0.01559,-0.00000,158.26
33.8333,50.0156,50.0000,+0.01557,-0.00000,158.26
33.8500,50.0156,50.0000,+0.01555,-0.00000,158.26
33.8667,50.0155,50.0000,+0.01553,-0.00000,158.26
33.8833,50.0155,50.0000,+0.01552,-0.00000,158.26
33.9000,50.0155,50.0000,+0.01550,-0.00000,158.26
33.9167,50.0155,50.0000,+0.01548,-0.00000,158.26
33.9333,50.0155,50.0000,+0.01546,-0.00000,158.26
33.9500,50.0154,50.0000,+0.01544,-0.00000,158.26
33.9667,50.0154,50.0000,+0.01543,-0.00000,158.26
33.9833,50.0154,50.0000,+0.01541,-0.00000,158.26
34.0000,50.0154,50.0000,+0.01539,-0.00000,158.26
34.0167,50.0154,50.0000,+0.01537,-0.00000,158.26
34.0333,50.0154,50.0000,+0.01536,-0.00000,158.26
34.0500,50.0153,50.0000,+0.01534,-0.00000,158.26
34.0667,50.0153,50.0000,+0.01532,-0.00000,158.26
34.0833,50.0153,50.0000,+0.01530,-0.00000,158.26
34.1000,50.0153,50.0000,+0.01529,-0.00000,158.26
34.1167,50.0153,50.0000,+0.01527,-0.00000,158.26
34.1333,50.0153,50.0000,+0.01525,-0.00000,158.26
34.1500,50.0152,50.0000,+0.01523,-0.00000,158.26
34.1667,50.0152,50.0000,+0.01522,-0.00000,158.26
34.1833,50.0152,50.0000,+0.01520,-0.00000,158.26
34.2000,50.0152,50.0000,+0.01518,-0.00000,158.26
34.2167,50.0152,50.0000,+0.01516,-0.00000,158.26
34.2333,50.0151,50.0000,+0.01515,-0.00000,158.26
34.2500,50.0151,50.0000,+0.01513,-0.00000,158.26
34.2667,50.0151,50.0000,+0.01511,-0.00000,158.26
34.2833,50.0151,50.0000,+0.01510,-0.00000,158.26
34.3000,50.0151,50.0000,+0.01508,-0.00000,158.26
34.3167,50.0151,50.0000,+0.01506,-0.00000,158.26
34.3333,50.0150,50.0000,+0.01504,-0.00000,158.26
34.3500,50.0150,50.0000,+0.01503,-0.00000,158.26
34.3667,50.0150,50.0000,+0.01501,-0.00000,158.26
34.3833,50.0150,50.0000,+0.01499,-0.00000,158.26
34.4000,50.0150,50.0000,+0.01498,-0.00000,158.26
34.4167,50.0150,50.0000,+0.01496,-0.00000,158.26
34.4333,50.0149,50.0000,+0.01494,-0.00000,158.26
34.4500,50.0149,50.0000,+0.01492,-0.00000,158.26
34.4667,50.0149,50.0000,+0.01491,-0.00000,158.26
34.4833,50.0149,50.0000,+0.01489,-0.00000,158.26
34.5000,50.0149,50.0000,+0.01488,+0.00906,158.26
34.5167,50.0169,50.0000,+0.01692,+0.01840,158.27
34.5333,50.0185,50.0000,+0.01852,+0.01840,158.28
34.5500,50.0199,50.0000,+0.01990,+0.01813,158.29
34.5667,50.0211,50.0000,+0.02111,+0.01840,158.30
34.5833,50.0222,50.0000,+0.02219,+0.01840,158.31
34.6000,50.0232,50.0000,+0.02317,+0.01812,158.32
34.6167,50.0240,50.0000,+0.02405,+0.01840,158.32
34.6333,50.0248,50.0000,+0.02484,+0.01840,158.33
34.6500,50.0256,50.0000,+0.02557,+0.01812,158.34
34.6667,50.0262,50.0000,+0.02623,+0.01840,158.35
34.6833,50.0268,50.0000,+0.02682,+0.01840,158.36
34.7000,50.0274,50.0000,+0.02736,+0.01812,158.37
34.7167,50.0279,50.0000,+0.02785,+0.01840,158.38
34.7333,50.0283,50.0000,+0.02830,+0.01840,158.39
34.7500,50.0287,50.0000,+0.02870,+0.01812,158.39
34.7667,50.0291,50.0000,+0.02907,+0.01839,158.40
34.7833,50.0294,50.0000,+0.02940,+0.01839,158.41
34.8000,50.0297,50.0000,+0.02970,+0.01812,158.42
34.8167,50.0300,50.0000,+0.02997,+0.01839,158.43
34.8333,50.0302,50.0000,+0.03022,+0.01839,158.44
34.8500,50.0304,50.0000,+0.03044,+0.01812,158.45
34.8667,50.0306,50.0000,+0.03064,+0.01839,158.46
34.8833,50.0308,50.0000,+0.03082,+0.01839,158.46
34.9000,50.0310,50.0000,+0.03099,+0.01811,158.47
34.9167,50.0311,50.0000,+0.03113,+0.01839,158.48
34.9333,50.0313,50.0000,+0.03127,+0.01839,158.49
34.9500,50.0314,50.0000,+0.03139,+0.01811,158.50
34.9667,50.0315,50.0000,+0.03149,+0.01839,158.51
34.9833,50.0316,50.0000,+0.03159,+0.01839,158.52
35.0000,50.0317,50.0000,+0.03167,+0.00906,158.53
35.0167,50.0297,50.0000,+0.02969,-0.00000,158.53
35.0333,50.0281,50.0000,+0.02813,-0.00000,158.53
35.0500,50.0268,50.0000,+0.02680,-0.00000,158.53
35.0667,50.0256,50.0000,+0.02563,-0.00000,158.53
35.0833,50.0246,50.0000,+0.02458,-0.00000,158.53
35.1000,50.0236,50.0000,+0.02363,-0.00000,158.53
35.1167,50.0228,50.0000,+0.02277,-0.00000,158.53
35.1333,50.0220,50.0000,+0.02199,-0.00000,158.53
35.1500,50.0213,50.0000,+0.02128,-0.00000,158.53
35.1667,50.0206,50.0000,+0.02063,-0.00000,158.53
35.1833,50.0200,50.0000,+0.02004,-0.00000,158.53
35.2000,50.0195,50.0000,+0.01950,-0.00000,158.53
35.2167,50.0190,50.0000,+0.01900,-0.00000,158.53
35.2333,50.0186,50.0000,+0.01855,-0.00000,158.53
35.2500,50.0181,50.0000,+0.01814,-0.00000,158.53
35.2667,50.0178,50.0000,+0.01777,-0.00000,158.53
35.2833,50.0174,50.0000,+0.01743,-0.00000,158.53
35.3000,50.0171,50.0000,+0.01711,-0.00000,158.53
35.3167,50.0168,50.0000,+0.01683,-0.00000,158.53
35.3333,50.0166,50.0000,+0.01657,-0.00000,158.53
35.3500,50.0163,50.0000,+0.01633,-0.00000,158.53
35.3667,50.0161,50.0000,+0.01611,-0.00000,158.53
35.3833,50.0159,50.0000,+0.01591,-0.00000,158.53
35.4000,50.0157,50.0000,+0.01572,-0.00000,158.53
35.4167,50.0156,50.0000,+0.01555,-0.00000,158.53
35.4333,50.0154,50.0000,+0.01540,-0.00000,158.53
35.4500,50.0153,50.0000,+0.01526,-0.00000,158.53
35.4667,50.0151,50.0000,+0.01513,-0.00000,158.53
35.4833,50.0150,50.0000,+0.01501,-0.00000,158.53
35.5000,50.0149,50.0000,+0.01490,-0.00000,158.53
35.5167,50.0148,50.0000,+0.01479,-0.00000,158.53
35.5333,50.0147,50.0000,+0.01470,-0.00000,158.53
35.5500,50.0146,50.0000,+0.01461,-0.00000,158.53
35.5667,50.0145,50.0000,+0.01453,-0.00000,158.53
35.5833,50.0145,50.0000,+0.01446,-0.00000,158.53
35.6000,50.0144,50.0000,+0.01439,-0.00000,158.53
35.6167,50.0143,50.0000,+0.01432,-0.00000,158.53
35.6333,50.0143,50.0000,+0.01426,-0.00000,158.53
35.6500,50.0142,50.0000,+0.01421,-0.00000,158.53
35.6667,50.0142,50.0000,+0.01415,-0.00000,158.53
35.6833,50.0141,50.0000,+0.01411,-0.00000,158.53
35.7000,50.0141,50.0000,+0.01406,-0.00000,158.53
35.7167,50.0140,50.0000,+0.01402,-0.00000,158.53
35.7333,50.0140,50.0000,+0.01398,-0.00000,158.53
35.7500,50.0139,50.0000,+0.01394,-0.00000,158.53
35.7667,50.0139,50.0000,+0.01390,-0.00000,158.53
35.7833,50.0139,50.0000,+0.01387,-0.00000,158.53
35.8000,50.0138,50.0000,+0.01384,-0.00000,158.53
35.8167,50.0138,50.0000,+0.01380,-0.00000,158.53
35.8333,50.0138,50.0000,+0.01378,-0.00000,158.53
35.8500,50.0137,50.0000,+0.01375,-0.00000,158.53
35.8667,50.0137,50.0000,+0.01372,-0.00000,158.53
35.8833,50.0137,50.0000,+0.01369,-0.00000,158.53
35.9000,50.0137,50.0000,+0.01367,-0.00000,158.53
35.9167,50.0136,50.0000,+0.01365,-0.00000,158.53
35.9333,50.0136,50.0000,+0.01362,-0.00000,158.53
35.9500,50.0136,50.0000,+0.01360,-0.00000,158.53
35.9667,50.0136,50.0000,+0.01358,-0.00000,158.53
35.9833,50.0136,50.0000,+0.01356,-0.00000,158.53
36.0000,50.0135,50.0000,+0.01354,-0.00000,158.53
36.0167,50.0135,50.0000,+0.01352,-0.00000,158.53
36.0333,50.0135,50.0000,+0.01350,-0.00000,158.53
36.0500,50.0135,50.0000,+0.01348,-0.00000,158.53
36.0667,50.0135,50.0000,+0.01346,-0.00000,158.53
36.0833,50.0134,50.0000,+0.01345,-0.00000,158.53
36.1000,50.0134,50.0000,+0.01343,-0.00000,158.53
36.1167,50.0134,50.0000,+0.01341,-0.00000,158.53
36.1333,50.0134,50.0000,+0.01340,-0.00000,158.53
36.1500,50.0134,50.0000,+0.01338,-0.00000,158.53
36.1667,50.0134,50.0000,+0.01336,-0.00000,158.53
36.1833,50.0133,50.0000,+0.01335,-0.00000,158.53
36.2000,50.0133,50.0000,+0.01333,-0.00000,158.53
36.2167,50.0133,50.0000,+0.01331,-0.00000,158.53
36.2333,50.0133,50.0000,+0.01330,-0.00000,158.53
36.2500,50.0133,50.0000,+0.01328,-0.00000,158.53
36.2667,50.0133,50.0000,+0.01327,-0.00000,158.53
36.2833,50.0133,50.0000,+0.01325,-0.00000,158.53
36.3000,50.0132,50.0000,+0.01324,-0.00000,158.53
36.3167,50.0132,50.0000,+0.01322,-0.00000,158.53
36.3333,50.0132,50.0000,+0.01321,-0.00000,158.53
36.3500,50.0132,50.0000,+0.01319,-0.00000,158.53
36.3667,50.0132,50.0000,+0.01318,-0.00000,158.53
36.3833,50.0132,50.0000,+0.01316,-0.00000,158.53
36.4000,50.0131,50.0000,+0.01315,-0.00000,158.53
36.4167,50.0131,50.0000,+0.01313,-0.00000,158.53
36.4333,50.0131,50.0000,+0.01312,-0.00000,158.53
36.4500,50.0131,50.0000,+0.01311,-0.00000,158.53
36.4667,50.0131,50.0000,+0.01309,-0.00000,158.53
36.4833,50.0131,50.0000,+0.01308,-0.00000,158.53
36.5000,50.0131,50.0000,+0.01306,-0.00000,158.53
36.5167,50.0130,50.0000,+0.01305,-0.00000,158.53
36.5333,50.0130,50.0000,+0.01304,-0.00000,158.53
36.5500,50.0130,50.0000,+0.01302,-0.00000,158.53
36.5667,50.0130,50.0000,+0.01301,-0.00000,158.53
36.5833,50.0130,50.0000,+0.01299,-0.00000,158.53
36.6000,50.0130,50.0000,+0.01298,-0.00000,158.53
36.6167,50.0130,50.0000,+0.01297,-0.00000,158.53
36.6333,50.0130,50.0000,+0.01295,-0.00000,158.53
36.6500,50.0129,50.0000,+0.01294,-0.00000,158.53
36.6667,50.0129,50.0000,+0.01293,-0.00000,158.53
36.6833,50.0129,50.0000,+0.01291,-0.00000,158.53
36.7000,50.0129,50.0000,+0.01290,-0.00000,158.53
36.7167,50.0129,50.0000,+0.01288,-0.00000,158.53
36.7333,50.0129,50.0000,+0.01287,-0.00000,158.53
36.7500,50.0129,50.0000,+0.01286,-0.00000,158.53
36.7667,50.0128,50.0000,+0.01284,-0.00000,158.53
36.7833,50.0128,50.0000,+0.01283,-0.00000,158.53
36.8000,50.0128,50.0000,+0.01282,-0.00000,158.53
36.8167,50.0128,50.0000,+0.01280,-0.00000,158.53
36.8333,50.0128,50.0000,+0.01279,-0.00000,158.53
36.8500,50.0128,50.0000,+0.01278,-0.00000,158.53
36.8667,50.0128,50.0000,+0.01276,-0.00000,158.53
36.8833,50.0127,50.0000,+0.01275,-0.00000,158.53
36.9000,50.0127,50.0000,+0.01274,-0.00000,158.53
36.9167,50.0127,50.0000,+0.01272,-0.00000,158.53
36.9333,50.0127,50.0000,+0.01271,-0.00000,158.53
36.9500,50.0127,50.0000,+0.01270,-0.00000,158.53
36.9667,50.0127,50.0000,+0.01268,-0.00000,158.53
36.9833,50.0127,50.0000,+0.01267,-0.00000,158.53
37.0000,50.0127,50.0000,+0.01266,-0.00000,158.53
37.0167,50.0126,50.0000,+0.01264,-0.00000,158.53
37.0333,50.0126,50.0000,+0.01263,-0.00000,158.53
37.0500,50.0126,50.0000,+0.01262,-0.00000,158.53
37.0667,50.0126,50.0000,+0.01261,-0.00000,158.53
37.0833,50.0126,50.0000,+0.01259,-0.00000,158.53
37.1000,50.0126,50.0000,+0.01258,-0.00000,158.53
37.1167,50.0126,50.0000,+0.01257,-0.00000,158.53
37.1333,50.0126,50.0000,+0.01255,-0.00000,158.53
37.1500,50.0125,50.0000,+0.01254,-0.00000,158.53
37.1667,50.0125,50.0000,+0.01253,-0.00000,158.53
37.1833,50.0125,50.0000,+0.01251,-0.00000,158.53
37.2000,50.0125,50.0000,+0.01250,-0.00000,158.53
37.2167,50.0125,50.0000,+0.01249,-0.00000,158.53
37.2333,50.0125,50.0000,+0.01248,-0.00000,158.53
37.2500,50.0125,50.0000,+0.01246,-0.00000,158.53
37.2667,50.0125,50.0000,+0.01245,-0.00000,158.53
37.2833,50.0124,50.0000,+0.01244,-0.00000,158.53
37.3000,50.0124,50.0000,+0.01243,-0.00000,158.53
37.3167,50.0124,50.0000,+0.01241,-0.00000,158.53
37.3333,50.0124,50.0000,+0.01240,-0.00000,158.53
37.3500,50.0124,50.0000,+0.01239,-0.00000,158.53
37.3667,50.0124,50.0000,+0.01237,-0.00000,158.53
37.3833,50.0124,50.0000,+0.01236,-0.00000,158.53
37.4000,50.0123,50.0000,+0.01235,-0.00000,158.53
37.4167,50.0123,50.0000,+0.01234,-0.00000,158.53
37.4333,50.0123,50.0000,+0.01232,-0.00000,158.53
37.4500,50.0123,50.0000,+0.01231,-0.00000,158.53
37.4667,50.0123,50.0000,+0.01230,-0.00000,158.53
37.4833,50.0123,50.0000,+0.01229,-0.00000,158.53
37.5000,50.0123,50.0000,+0.01227,-0.00000,158.53
37.5167,50.0123,50.0000,+0.01226,-0.00000,158.53
37.5333,50.0122,50.0000,+0.01225,-0.00000,158.53
37.5500,50.0122,50.0000,+0.01224,-0.00000,158.53
37.5667,50.0122,50.0000,+0.01222,-0.00000,158.53
37.5833,50.0122,50.0000,+0.01221,-0.00000,158.53
37.6000,50.0122,50.0000,+0.01220,-0.00000,158.53
37.6167,50.0122,50.0000,+0.01219,-0.00000,158.53
37.6333,50.0122,50.0000,+0.01217,-0.00000,158.53
37.6500,50.0122,50.0000,+0.01216,-0.00000,158.53
37.6667,50.0121,50.0000,+0.01215,-0.00000,158.53
37.6833,50.0121,50.0000,+0.01214,-0.00000,158.53
37.7000,50.0121,50.0000,+0.01212,-0.00000,158.53
37.7167,50.0121,50.0000,+0.01211,-0.00000,158.53
37.7333,50.0121,50.0000,+0.01210,-0.00000,158.53
37.7500,50.0121,50.0000,+0.01209,-0.00000,158.53
37.7667,50.0121,50.0000,+0.01208,-0.00000,158.53
37.7833,50.0121,50.0000,+0.01206,-0.00000,158.53
37.8000,50.0121,50.0000,+0.01205,-0.00000,158.53
37.8167,50.0120,50.0000,+0.01204,-0.00000,158.53
37.8333,50.0120,50.0000,+0.01203,-0.00000,158.53
37.8500,50.0120,50.0000,+0.01201,-0.00000,158.53
37.8667,50.0120,50.0000,+0.01200,-0.00000,158.53
37.8833,50.0120,50.0000,+0.01199,-0.00000,158.53
37.9000,50.0120,50.0000,+0.01198,-0.00000,158.53
37.9167,50.0120,50.0000,+0.01197,-0.00000,158.53
37.9333,50.0120,50.0000,+0.01196,-0.00000,158.53
37.9500,50.0119,50.0000,+0.01194,-0.00000,158.53
37.9667,50.0119,50.0000,+0.01193,-0.00000,158.53
37.9833,50.0119,50.0000,+0.01192,-0.00000,158.53
38.0000,50.0119,50.0000,+0.01191,-0.00000,158.53
38.0167,50.0119,50.0000,+0.01190,-0.00000,158.53
38.0333,50.0119,50.0000,+0.01188,-0.00000,158.53
38.0500,50.0119,50.0000,+0.01187,-0.00000,158.53
38.0667,50.0119,50.0000,+0.01186,-0.00000,158.53
38.0833,50.0118,50.0000,+0.01185,-0.00000,158.53
38.1000,50.0118,50.0000,+0.01184,-0.00000,158.53
38.1167,50.0118,50.0000,+0.01182,-0.00000,158.53
38.1333,50.0118,50.0000,+0.01181,-0.00000,158.53
38.1500,50.0118,50.0000,+0.01180,-0.00000,158.53
38.1667,50.0118,50.0000,+0.01179,-0.00000,158.53
38.1833,50.0118,50.0000,+0.01178,-0.00000,158.53
38.2000,50.0118,50.0000,+0.01176,-0.00000,158.53
38.2167,50.0118,50.0000,+0.01175,-0.00000,158.53
38.2333,50.0117,50.0000,+0.01174,-0.00000,158.53
38.2500,50.0117,50.0000,+0.01173,-0.00000,158.53
38.2667,50.0117,50.0000,+0.01172,-0.00000,158.53
38.2833,50.0117,50.0000,+0.01171,-0.00000,158.53
38.3000,50.0117,50.0000,+0.01170,-0.00000,158.53
38.3167,50.0117,50.0000,+0.01168,-0.00000,158.53
38.3333,50.0117,50.0000,+0.01167,-0.00000,158.53
38.3500,50.0117,50.0000,+0.01166,-0.00000,158.53
38.3667,50.0116,50.0000,+0.01165,-0.00000,158.53
38.3833,50.0116,50.0000,+0.01164,-0.00000,158.53
38.4000,50.0116,50.0000,+0.01163,-0.00000,158.53
38.4167,50.0116,50.0000,+0.01161,-0.00000,158.53
38.4333,50.0116,50.0000,+0.01160,-0.00000,158.53
38.4500,50.0116,50.0000,+0.01159,-0.00000,158.53
38.4667,50.0116,50.0000,+0.01158,-0.00000,158.53
38.4833,50.0116,50.0000,+0.01157,-0.00000,158.53
38.5000,50.0116,50.0000,+0.01156,-0.00000,158.53
38.5167,50.0115,50.0000,+0.01155,-0.00000,158.53
38.5333,50.0115,50.0000,+0.01153,-0.00000,158.53
38.5500,50.0115,50.0000,+0.01152,-0.00000,158.53
38.5667,50.0115,50.0000,+0.01151,-0.00000,158.53
38.5833,50.0115,50.0000,+0.01150,-0.00000,158.53
38.6000,50.0115,50.0000,+0.01149,-0.00000,158.53
38.6167,50.0115,50.0000,+0.01148,-0.00000,158.53
38.6333,50.0115,50.0000,+0.01147,-0.00000,158.53
38.6500,50.0115,50.0000,+0.01145,-0.00000,158.53
38.6667,50.0114,50.0000,+0.01144,-0.00000,158.53
38.6833,50.0114,50.0000,+0.01143,-0.00000,158.53
38.7000,50.0114,50.0000,+0.01142,-0.00000,158.53
38.7167,50.0114,50.0000,+0.01141,-0.00000,158.53
38.7333,50.0114,50.0000,+0.01140,-0.00000,158.53
38.7500,50.0114,50.0000,+0.01139,-0.00000,158.53
38.7667,50.0114,50.0000,+0.01138,-0.00000,158.53
38.7833,50.0114,50.0000,+0.01137,-0.00000,158.53
38.8000,50.0114,50.0000,+0.01136,-0.00000,158.53
38.8167,50.0113,50.0000,+0.01134,-0.00000,158.53
38.8333,50.0113,50.0000,+0.01133,-0.00000,158.53
38.8500,50.0113,50.0000,+0.01132,-0.00000,158.53
38.8667,50.0113,50.0000,+0.01131,-0.00000,158.53
38.8833,50.0113,50.0000,+0.01130,-0.00000,158.53
38.9000,50.0113,50.0000,+0.01129,-0.00000,158.53
38.9167,50.0113,50.0000,+0.01128,-0.00000,158.53
38.9333,50.0113,50.0000,+0.01127,-0.00000,158.53
38.9500,50.0113,50.0000,+0.01126,-0.00000,158.53
38.9667,50.0112,50.0000,+0.01125,-0.00000,158.53
38.9833,50.0112,50.0000,+0.01123,-0.00000,158.53
39.0000,50.0112,50.0000,+0.01122,-0.00000,158.53
39.0167,50.0112,50.0000,+0.01121,-0.00000,158.53
39.0333,50.0112,50.0000,+0.01120,-0.00000,158.53
39.0500,50.0112,50.0000,+0.01119,-0.00000,158.53
39.0667,50.0112,50.0000,+0.01118,-0.00000,158.53
39.0833,50.0112,50.0000,+0.01117,-0.00000,158.53
39.1000,50.0112,50.0000,+0.01116,-0.00000,158.53
39.1167,50.0111,50.0000,+0.01115,-0.00000,158.53
39.1333,50.0111,50.0000,+0.01114,-0.00000,158.53
39.1500,50.0111,50.0000,+0.01113,-0.00000,158.53
39.1667,50.0111,50.0000,+0.01111,-0.00000,158.53
39.1833,50.0111,50.0000,+0.01111,-0.00000,158.53
39.2000,50.0111,50.0000,+0.01109,-0.00000,158.53
39.2167,50.0111,50.0000,+0.01108,-0.00000,158.53
39.2333,50.0111,50.0000,+0.01107,-0.00000,158.53
39.2500,50.0111,50.0000,+0.01106,-0.00000,158.53
39.2667,50.0111,50.0000,+0.01105,-0.00000,158.53
39.2833,50.0110,50.0000,+0.01104,-0.00000,158.53
39.3000,50.0110,50.0000,+0.01103,-0.00000,158.53
39.3167,50.0110,50.0000,+0.01102,-0.00000,158.53
39.3333,50.0110,50.0000,+0.01101,-0.00000,158.53
39.3500,50.0110,50.0000,+0.01100,-0.00000,158.53
39.3667,50.0110,50.0000,+0.01099,-0.00000,158.53
39.3833,50.0110,50.0000,+0.01098,-0.00000,158.53
39.4000,50.0110,50.0000,+0.01097,-0.00000,158.53
39.4167,50.0110,50.0000,+0.01096,-0.00000,158.53
39.4333,50.0109,50.0000,+0.01095,-0.00000,158.53
39.4500,50.0109,50.0000,+0.01094,-0.00000,158.53
39.4667,50.0109,50.0000,+0.01093,-0.00000,158.53
39.4833,50.0109,50.0000,+0.01091,-0.00000,158.53
39.5000,50.0109,50.0000,+0.01090,-0.00000,158.53
39.5167,50.0109,50.0000,+0.01089,-0.00000,158.53
39.5333,50.0109,50.0000,+0.01088,-0.00000,158.53
39.5500,50.0109,50.0000,+0.01087,-0.00000,158.53
39.5667,50.0109,50.0000,+0.01086,-0.00000,158.53
39.5833,50.0109,50.0000,+0.01085,-0.00000,158.53
39.6000,50.0108,50.0000,+0.01084,-0.00000,158.53
39.6167,50.0108,50.0000,+0.01083,-0.00000,158.53
39.6333,50.0108,50.0000,+0.01082,-0.00000,158.53
39.6500,50.0108,50.0000,+0.01081,-0.00000,158.53
39.6667,50.0108,50.0000,+0.01080,-0.00000,158.53
39.6833,50.0108,50.0000,+0.01079,-0.00000,158.53
39.7000,50.0108,50.0000,+0.01078,-0.00000,158.53
39.7167,50.0108,50.0000,+0.01077,-0.00000,158.53
39.7333,50.0108,50.0000,+0.01076,-0.00000,158.53
39.7500,50.0108,50.0000,+0.01075,-0.00000,158.53
39.7667,50.0107,50.0000,+0.01074,-0.00000,158.53
39.7833,50.0107,50.0000,+0.01073,-0.00000,158.53
39.8000,50.0107,50.0000,+0.01072,-0.00000,158.53
39.8167,50.0107,50.0000,+0.01071,-0.00000,158.53
39.8333,50.0107,50.0000,+0.01070,-0.00000,158.53
39.8500,50.0107,50.0000,+0.01069,-0.00000,158.53
39.8667,50.0107,50.0000,+0.01068,-0.00000,158.53
39.8833,50.0107,50.0000,+0.01067,-0.00000,158.53
39.9000,50.0107,50.0000,+0.01066,-0.00000,158.53
39.9167,50.0106,50.0000,+0.01065,-0.00000,158.53
39.9333,50.0106,50.0000,+0.01064,-0.00000,158.53
39.9500,50.0106,50.0000,+0.01063,-0.00000,158.53
39.9667,50.0106,50.0000,+0.01062,-0.00000,158.53
39.9833,50.0106,50.0000,+0.01061,-0.00000,158.53
40.0000,50.0106,50.0000,+0.01060,-0.00000,158.53
40.0167,50.0106,50.0000,+0.01059,-0.00000,158.53
40.0333,50.0106,50.0000,+0.01058,-0.00000,158.53
40.0500,50.0106,50.0000,+0.01057,-0.00000,158.53
40.0667,50.0106,50.0000,+0.01056,-0.00000,158.53
40.0833,50.0105,50.0000,+0.01055,-0.00000,158.53
40.1000,50.0105,50.0000,+0.01054,-0.00000,158.53
40.1167,50.0105,50.0000,+0.01053,-0.00000,158.53
40.1333,50.0105,50.0000,+0.01052,-0.00000,158.53
40.1500,50.0105,50.0000,+0.01051,-0.00000,158.53
40.1667,50.0105,50.0000,+0.01050,-0.00000,158.53
40.1833,50.0105,50.0000,+0.01049,-0.00000,158.53
40.2000,50.0105,50.0000,+0.01048,-0.00000,158.53
40.2167,50.0105,50.0000,+0.01047,-0.00000,158.53
40.2333,50.0105,50.0000,+0.01046,-0.00000,158.53
40.2500,50.0105,50.0000,+0.01045,-0.00000,158.53
40.2667,50.0104,50.0000,+0.01044,-0.00000,158.53
40.2833,50.0104,50.0000,+0.01043,-0.00000,158.53
40.3000,50.0104,50.0000,+0.01042,-0.00000,158.53
40.3167,50.0104,50.0000,+0.01041,-0.00000,158.53
40.3333,50.0104,50.0000,+0.01040,-0.00000,158.53
40.3500,50.0104,50.0000,+0.01039,-0.00000,158.53
40.3667,50.0104,50.0000,+0.01038,-0.00000,158.53
40.3833,50.0104,50.0000,+0.01037,-0.00000,158.53
40.4000,50.0104,50.0000,+0.01036,-0.00000,158.53
40.4167,50.0104,50.0000,+0.01035,-0.00000,158.53
40.4333,50.0103,50.0000,+0.01035,-0.00000,158.53
40.4500,50.0103,50.0000,+0.01033,-0.00000,158.53
40.4667,50.0103,50.0000,+0.01033,-0.00000,158.53
40.4833,50.0103,50.0000,+0.01032,-0.00000,158.53
40.5000,50.0103,50.0000,+0.01031,-0.00000,158.53
40.5167,50.0103,50.0000,+0.01030,-0.00000,158.53
40.5333,50.0103,50.0000,+0.01029,-0.00000,158.53
40.5500,50.0103,50.0000,+0.01028,-0.00000,158.53
40.5667,50.0103,50.0000,+0.01027,-0.00000,158.53
40.5833,50.0103,50.0000,+0.01026,-0.00000,158.53
40.6000,50.0102,50.0000,+0.01025,-0.00000,158.53
40.6167,50.0102,50.0000,+0.01024,-0.00000,158.53
40.6333,50.0102,50.0000,+0.01023,-0.00000,158.53
40.6500,50.0102,50.0000,+0.01022,-0.00000,158.53
40.6667,50.0102,50.0000,+0.01021,-0.00000,158.53
40.6833,50.0102,50.0000,+0.01020,-0.00000,158.53
40.7000,50.0102,50.0000,+0.01019,-0.00000,158.53
40.7167,50.0102,50.0000,+0.01018,-0.00000,158.53
40.7333,50.0102,50.0000,+0.01017,-0.00000,158.53
40.7500,50.0102,50.0000,+0.01017,-0.00000,158.53
40.7667,50.0102,50.0000,+0.01016,-0.00000,158.53
40.7833,50.0101,50.0000,+0.01015,-0.00000,158.53
40.8000,50.0101,50.0000,+0.01014,-0.00000,158.53
40.8167,50.0101,50.0000,+0.01013,-0.00000,158.53
40.8333,50.0101,50.0000,+0.01012,-0.00000,158.53
40.8500,50.0101,50.0000,+0.01011,-0.00000,158.53
40.8667,50.0101,50.0000,+0.01010,-0.00000,158.53
40.8833,50.0101,50.0000,+0.01009,-0.00000,158.53
40.9000,50.0101,50.0000,+0.01008,-0.00000,158.53
40.9167,50.0101,50.0000,+0.01007,-0.00000,158.53
40.9333,50.0101,50.0000,+0.01006,-0.00000,158.53
40.9500,50.0101,50.0000,+0.01005,-0.00000,158.53
40.9667,50.0100,50.0000,+0.01004,-0.00000,158.53
40.9833,50.0100,50.0000,+0.01004,-0.00000,158.53
41.0000,50.0100,50.0000,+0.01003,-0.00000,158.53
41.0167,50.0100,50.0000,+0.01002,-0.00000,158.53
41.0333,50.0100,50.0000,+0.01001,-0.00000,158.53
41.0500,50.0100,50.0000,+0.01000,-0.00000,158.53
41.0667,50.0100,50.0000,+0.00999,-0.00000,158.53
41.0833,50.0100,50.0000,+0.00998,-0.00000,158.53
41.1000,50.0100,50.0000,+0.00997,-0.00000,158.53
41.1167,50.0100,50.0000,+0.00996,-0.00000,158.53
41.1333,50.0100,50.0000,+0.00995,-0.00000,158.53
41.1500,50.0099,50.0000,+0.00995,-0.00000,158.53
41.1667,50.0099,50.0000,+0.00994,-0.00000,158.53
41.1833,50.0099,50.0000,+0.00993,-0.00000,158.53
41.2000,50.0099,50.0000,+0.00992,-0.00000,158.53
41.2167,50.0099,50.0000,+0.00991,-0.00000,158.53
41.2333,50.0099,50.0000,+0.00990,-0.00000,158.53
41.2500,50.0099,50.0000,+0.00989,-0.00000,158.53
41.2667,50.0099,50.0000,+0.00988,-0.00000,158.53
41.2833,50.0099,50.0000,+0.00987,-0.00000,158.53
41.3000,50.0099,50.0000,+0.00986,-0.00000,158.53
41.3167,50.0099,50.0000,+0.00986,-0.00000,158.53
41.3333,50.0098,50.0000,+0.00985,-0.00000,158.53
41.3500,50.0098,50.0000,+0.00984,-0.00000,158.53
41.3667,50.0098,50.0000,+0.00983,-0.00000,158.53
41.3833,50.0098,50.0000,+0.00982,-0.00000,158.53
41.4000,50.0098,50.0000,+0.00981,-0.00000,158.53
41.4167,50.0098,50.0000,+0.00980,-0.00000,158.53
41.4333,50.0098,50.0000,+0.00979,-0.00000,158.53
41.4500,50.0098,50.0000,+0.00979,-0.00000,158.53
41.4667,50.0098,50.0000,+0.00978,-0.00000,158.53
41.4833,50.0098,50.0000,+0.00977,-0.00000,158.53
41.5000,50.0098,50.0000,+0.00976,-0.00000,158.53
41.5167,50.0097,50.0000,+0.00975,-0.00000,158.53
41.5333,50.0097,50.0000,+0.00974,-0.00000,158.53
41.5500,50.0097,50.0000,+0.00973,-0.00000,158.53
41.5667,50.0097,50.0000,+0.00972,-0.00000,158.53
41.5833,50.0097,50.0000,+0.00971,-0.00000,158.53
41.6000,50.0097,50.0000,+0.00971,-0.00000,158.53
41.6167,50.0097,50.0000,+0.00970,-0.00000,158.53
41.6333,50.0097,50.0000,+0.00969,-0.00000,158.53
41.6500,50.0097,50.0000,+0.00968,-0.00000,158.53
41.6667,50.0097,50.0000,+0.00967,-0.00000,158.53
41.6833,50.0097,50.0000,+0.00966,-0.00000,158.53
41.7000,50.0097,50.0000,+0.00965,-0.00000,158.53
41.7167,50.0096,50.0000,+0.00965,-0.00000,158.53
41.7333,50.0096,50.0000,+0.00964,-0.00000,158.53
41.7500,50.0096,50.0000,+0.00963,-0.00000,158.53
41.7667,50.0096,50.0000,+0.00962,-0.00000,158.53
41.7833,50.0096,50.0000,+0.00961,-0.00000,158.53
41.8000,50.0096,50.0000,+0.00960,-0.00000,158.53
41.8167,50.0096,50.0000,+0.00959,-0.00000,158.53
41.8333,50.0096,50.0000,+0.00959,-0.00000,158.53
41.8500,50.0096,50.0000,+0.00958,-0.00000,158.53
41.8667,50.0096,50.0000,+0.00957,-0.00000,158.53
41.8833,50.0096,50.0000,+0.00956,-0.00000,158.53
41.9000,50.0096,50.0000,+0.00955,-0.00000,158.53
41.9167,50.0095,50.0000,+0.00954,-0.00000,158.53
41.9333,50.0095,50.0000,+0.00953,-0.00000,158.53
41.9500,50.0095,50.0000,+0.00953,-0.00000,158.53
41.9667,50.0095,50.0000,+0.00952,-0.00000,158.53
41.9833,50.0095,50.0000,+0.00951,-0.00000,158.53
42.0000,50.0095,50.0000,+0.00950,-0.00000,158.53
42.0167,50.0095,50.0000,+0.00949,-0.00000,158.53
42.0333,50.0095,50.0000,+0.00948,-0.00000,158.53
42.0500,50.0095,50.0000,+0.00948,-0.00000,158.53
42.0667,50.0095,50.0000,+0.00947,-0.00000,158.53
42.0833,50.0095,50.0000,+0.00946,-0.00000,158.53
42.1000,50.0095,50.0000,+0.00945,-0.00000,158.53
42.1167,50.0094,50.0000,+0.00944,-0.00000,158.53
42.1333,50.0094,50.0000,+0.00944,-0.00000,158.53
42.1500,50.0094,50.0000,+0.00943,-0.00000,158.53
42.1667,50.0094,50.0000,+0.00942,-0.00000,158.53
42.1833,50.0094,50.0000,+0.00941,-0.00000,158.53
42.2000,50.0094,50.0000,+0.00940,-0.00000,158.53
42.2167,50.0094,50.0000,+0.00939,-0.00000,158.53
42.2333,50.0094,50.0000,+0.00939,-0.00000,158.53
42.2500,50.0094,50.0000,+0.00938,-0.00000,158.53
42.2667,50.0094,50.0000,+0.00937,-0.00000,158.53
42.2833,50.0094,50.0000,+0.00936,-0.00000,158.53
42.3000,50.0094,50.0000,+0.00935,-0.00000,158.53
42.3167,50.0093,50.0000,+0.00934,-0.00000,158.53
42.3333,50.0093,50.0000,+0.00934,-0.00000,158.53
42.3500,50.0093,50.0000,+0.00933,-0.00000,158.53
42.3667,50.0093,50.0000,+0.00932,-0.00000,158.53
42.3833,50.0093,50.0000,+0.00931,-0.00000,158.53
42.4000,50.0093,50.0000,+0.00930,-0.00000,158.53
42.4167,50.0093,50.0000,+0.00930,-0.00000,158.53
42.4333,50.0093,50.0000,+0.00929,-0.00000,158.53
42.4500,50.0093,50.0000,+0.00928,-0.00000,158.53
42.4667,50.0093,50.0000,+0.00927,-0.00000,158.53
42.4833,50.0093,50.0000,+0.00926,-0.00000,158.53
42.5000,50.0093,50.0000,+0.00926,-0.00000,158.53
42.5167,50.0092,50.0000,+0.00925,-0.00000,158.53
42.5333,50.0092,50.0000,+0.00924,-0.00000,158.53
42.5500,50.0092,50.0000,+0.00923,-0.00000,158.53
42.5667,50.0092,50.0000,+0.00922,-0.00000,158.53
42.5833,50.0092,50.0000,+0.00921,-0.00000,158.53
42.6000,50.0092,50.0000,+0.00921,-0.00000,158.53
42.6167,50.0092,50.0000,+0.00920,-0.00000,158.53
42.6333,50.0092,50.0000,+0.00919,-0.00000,158.53
42.6500,50.0092,50.0000,+0.00918,-0.00000,158.53
42.6667,50.0092,50.0000,+0.00917,-0.00000,158.53
42.6833,50.0092,50.0000,+0.00917,-0.00000,158.53
42.7000,50.0092,50.0000,+0.00916,-0.00000,158.53
42.7167,50.0092,50.0000,+0.00915,-0.00000,158.53
42.7333,50.0091,50.0000,+0.00914,-0.00000,158.53
42.7500,50.0091,50.0000,+0.00914,-0.00000,158.53
42.7667,50.0091,50.0000,+0.00913,-0.00000,158.53
42.7833,50.0091,50.0000,+0.00912,-0.00000,158.53
42.8000,50.0091,50.0000,+0.00911,-0.00000,158.53
42.8167,50.0091,50.0000,+0.00910,-0.00000,158.53
42.8333,50.0091,50.0000,+0.00910,-0.00000,158.53
42.8500,50.0091,50.0000,+0.00909,-0.00000,158.53
42.8667,50.0091,50.0000,+0.00908,-0.00000,158.53
42.8833,50.0091,50.0000,+0.00907,-0.00000,158.53
42.9000,50.0091,50.0000,+0.00906,-0.00000,158.53
42.9167,50.0091,50.0000,+0.00906,-0.00000,158.53
42.9333,50.0090,50.0000,+0.00905,-0.00000,158.53
42.9500,50.0090,50.0000,+0.00904,-0.00000,158.53
42.9667,50.0090,50.0000,+0.00903,-0.00000,158.53
42.9833,50.0090,50.0000,+0.00903,-0.00000,158.53
43.0000,50.0090,50.0000,+0.00902,-0.00000,158.53
43.0167,50.0090,50.0000,+0.00901,-0.00000,158.53
43.0333,50.0090,50.0000,+0.00900,-0.00000,158.53
43.0500,50.0090,50.0000,+0.00899,-0.00000,158.53
43.0667,50.0090,50.0000,+0.00899,-0.00000,158.53
43.0833,50.0090,50.0000,+0.00898,-0.00000,158.53
43.1000,50.0090,50.0000,+0.00897,-0.00000,158.53
43.1167,50.0090,50.0000,+0.00896,-0.00000,158.53
43.1333,50.0090,50.0000,+0.00896,-0.00000,158.53
43.1500,50.0089,50.0000,+0.00895,-0.00000,158.53
43.1667,50.0089,50.0000,+0.00894,-0.00000,158.53
43.1833,50.0089,50.0000,+0.00893,-0.00000,158.53
43.2000,50.0089,50.0000,+0.00893,-0.00000,158.53
43.2167,50.0089,50.0000,+0.00892,-0.00000,158.53
43.2333,50.0089,50.0000,+0.00891,-0.00000,158.53
43.2500,50.0089,50.0000,+0.00890,-0.00000,158.53
43.2667,50.0089,50.0000,+0.00890,-0.00000,158.53
43.2833,50.0089,50.0000,+0.00889,-0.00000,158.53
43.3000,50.0089,50.0000,+0.00888,-0.00000,158.53
43.3167,50.0089,50.0000,+0.00887,-0.00000,158.53
43.3333,50.0089,50.0000,+0.00887,-0.00000,158.53
43.3500,50.0089,50.0000,+0.00886,-0.00000,158.53
43.3667,50.0089,50.0000,+0.00885,-0.00000,158.53
43.3833,50.0088,50.0000,+0.00884,-0.00000,158.53
43.4000,50.0088,50.0000,+0.00883,-0.00000,158.53
43.4167,50.0088,50.0000,+0.00883,-0.00000,158.53
43.4333,50.0088,50.0000,+0.00882,-0.00000,158.53
43.4500,50.0088,50.0000,+0.00881,-0.00000,158.53
43.4667,50.0088,50.0000,+0.00881,-0.00000,158.53
43.4833,50.0088,50.0000,+0.00880,-0.00000,158.53
43.5000,50.0088,50.0000,+0.00879,-0.00000,158.53
43.5167,50.0088,50.0000,+0.00878,-0.00000,158.53
43.5333,50.0088,50.0000,+0.00878,-0.00000,158.53
43.5500,50.0088,50.0000,+0.00877,-0.00000,158.53
43.5667,50.0088,50.0000,+0.00876,-0.00000,158.53
43.5833,50.0088,50.0000,+0.00875,-0.00000,158.53
43.6000,50.0087,50.0000,+0.00875,-0.00000,158.53
43.6167,50.0087,50.0000,+0.00874,-0.00000,158.53
43.6333,50.0087,50.0000,+0.00873,-0.00000,158.53
43.6500,50.0087,50.0000,+0.00872,-0.00000,158.53
43.6667,50.0087,50.0000,+0.00872,-0.00000,158.53
43.6833,50.0087,50.0000,+0.00871,-0.00000,158.53
43.7000,50.0087,50.0000,+0.00870,-0.00000,158.53
43.7167,50.0087,50.0000,+0.00870,-0.00000,158.53
43.7333,50.0087,50.0000,+0.00869,-0.00000,158.53
43.7500,50.0087,50.0000,+0.00868,-0.00000,158.53
43.7667,50.0087,50.0000,+0.00867,-0.00000,158.53
43.7833,50.0087,50.0000,+0.00867,-0.00000,158.53
43.8000,50.0087,50.0000,+0.00866,-0.00000,158.53
43.8167,50.0087,50.0000,+0.00865,-0.00000,158.53
43.8333,50.0086,50.0000,+0.00864,-0.00000,158.53
43.8500,50.0086,50.0000,+0.00864,-0.00000,158.53
43.8667,50.0086,50.0000,+0.00863,-0.00000,158.53
43.8833,50.0086,50.0000,+0.00862,-0.00000,158.53
43.9000,50.0086,50.0000,+0.00861,-0.00000,158.53
43.9167,50.0086,50.0000,+0.00861,-0.00000,158.53
43.9333,50.0086,50.0000,+0.00860,-0.00000,158.53
43.9500,50.0086,50.0000,+0.00859,-0.00000,158.53
43.9667,50.0086,50.0000,+0.00859,-0.00000,158.53
43.9833,50.0086,50.0000,+0.00858,-0.00000,158.53
44.0000,50.0086,50.0000,+0.00857,-0.00000,158.53
44.0167,50.0086,50.0000,+0.00856,-0.00000,158.53
44.0333,50.0086,50.0000,+0.00856,-0.00000,158.53
44.0500,50.0086,50.0000,+0.00855,-0.00000,158.53
44.0667,50.0085,50.0000,+0.00854,-0.00000,158.53
44.0833,50.0085,50.0000,+0.00854,-0.00000,158.53
44.1000,50.0085,50.0000,+0.00853,-0.00000,158.53
44.1167,50.0085,50.0000,+0.00852,-0.00000,158.53
44.1333,50.0085,50.0000,+0.00852,-0.00000,158.53
44.1500,50.0085,50.0000,+0.00851,-0.00000,158.53
44.1667,50.0085,50.0000,+0.00850,-0.00000,158.53
44.1833,50.0085,50.0000,+0.00849,-0.00000,158.53
44.2000,50.0085,50.0000,+0.00849,-0.00000,158.53
44.2167,50.0085,50.0000,+0.00848,-0.00000,158.53
44.2333,50.0085,50.0000,+0.00847,-0.00000,158.53
44.2500,50.0085,50.0000,+0.00847,-0.00000,158.53
44.2667,50.0085,50.0000,+0.00846,-0.00000,158.53
44.2833,50.0085,50.0000,+0.00845,-0.00000,158.53
44.3000,50.0084,50.0000,+0.00845,-0.00000,158.53
44.3167,50.0084,50.0000,+0.00844,-0.00000,158.53
44.3333,50.0084,50.0000,+0.00843,-0.00000,158.53
44.3500,50.0084,50.0000,+0.00842,-0.00000,158.53
44.3667,50.0084,50.0000,+0.00842,-0.00000,158.53
44.3833,50.0084,50.0000,+0.00841,-0.00000,158.53
44.4000,50.0084,50.0000,+0.00840,-0.00000,158.53
44.4167,50.0084,50.0000,+0.00840,-0.00000,158.53
44.4333,50.0084,50.0000,+0.00839,-0.00000,158.53
44.4500,50.0084,50.0000,+0.00838,-0.00000,158.53
44.4667,50.0084,50.0000,+0.00838,-0.00000,158.53
44.4833,50.0084,50.0000,+0.00837,-0.00000,158.53
44.5000,50.0084,50.0000,+0.00836,-0.00000,158.53
44.5167,50.0084,50.0000,+0.00836,-0.00000,158.53
44.5333,50.0083,50.0000,+0.00835,-0.00000,158.53
44.5500,50.0083,50.0000,+0.00834,-0.00000,158.53
44.5667,50.0083,50.0000,+0.00833,-0.00000,158.53
44.5833,50.0083,50.0000,+0.00833,-0.00000,158.53
44.6000,50.0083,50.0000,+0.00832,-0.00000,158.53
44.6167,50.0083,50.0000,+0.00831,-0.00000,158.53
44.6333,50.0083,50.0000,+0.00831,-0.00000,158.53
44.6500,50.0083,50.0000,+0.00830,-0.00000,158.53
44.6667,50.0083,50.0000,+0.00829,-0.00000,158.53
44.6833,50.0083,50.0000,+0.00829,-0.00000,158.53
44.7000,50.0083,50.0000,+0.00828,-0.00000,158.53
44.7167,50.0083,50.0000,+0.00827,-0.00000,158.53
44.7333,50.0083,50.0000,+0.00827,-0.00000,158.53
44.7500,50.0083,50.0000,+0.00826,-0.00000,158.53
44.7667,50.0083,50.0000,+0.00825,-0.00000,158.53
44.7833,50.0082,50.0000,+0.00825,-0.00000,158.53
44.8000,50.0082,50.0000,+0.00824,-0.00000,158.53
44.8167,50.0082,50.0000,+0.00823,-0.00000,158.53
44.8333,50.0082,50.0000,+0.00823,-0.00000,158.53
44.8500,50.0082,50.0000,+0.00822,-0.00000,158.53
44.8667,50.0082,50.0000,+0.00821,-0.00000,158.53
44.8833,50.0082,50.0000,+0.00821,-0.00000,158.53
44.9000,50.0082,50.0000,+0.00820,-0.00000,158.53
44.9167,50.0082,50.0000,+0.00819,-0.00000,158.53
44.9333,50.0082,50.0000,+0.00819,-0.00000,158.53
44.9500,50.0082,50.0000,+0.00818,-0.00000,158.53
44.9667,50.0082,50.0000,+0.00817,-0.00000,158.53
44.9833,50.0082,50.0000,+0.00817,-0.00000,158.53
45.0000,50.0082,50.0000,+0.00816,-0.00000,158.53
45.0167,50.0082,50.0000,+0.00815,-0.00000,158.53
45.0333,50.0081,50.0000,+0.00815,-0.00000,158.53
45.0500,50.0081,50.0000,+0.00814,-0.00000,158.53
45.0667,50.0081,50.0000,+0.00813,-0.00000,158.53
45.0833,50.0081,50.0000,+0.00813,-0.00000,158.53
45.1000,50.0081,50.0000,+0.00812,-0.00000,158.53
45.1167,50.0081,50.0000,+0.00811,-0.00000,158.53
45.1333,50.0081,50.0000,+0.00811,-0.00000,158.53
45.1500,50.0081,50.0000,+0.00810,-0.00000,158.53
45.1667,50.0081,50.0000,+0.00809,-0.00000,158.53
45.1833,50.0081,50.0000,+0.00809,-0.00000,158.53
45.2000,50.0081,50.0000,+0.00808,-0.00000,158.53
45.2167,50.0081,50.0000,+0.00807,-0.00000,158.53
45.2333,50.0081,50.0000,+0.00807,-0.00000,158.53
45.2500,50.0081,50.0000,+0.00806,-0.00000,158.53
45.2667,50.0081,50.0000,+0.00805,-0.00000,158.53
45.2833,50.0080,50.0000,+0.00805,-0.00000,158.53
45.3000,50.0080,50.0000,+0.00804,-0.00000,158.53
45.3167,50.0080,50.0000,+0.00804,-0.00000,158.53
45.3333,50.0080,50.0000,+0.00803,-0.00000,158.53
45.3500,50.0080,50.0000,+0.00802,-0.00000,158.53
45.3667,50.0080,50.0000,+0.00802,-0.00000,158.53
45.3833,50.0080,50.0000,+0.00801,-0.00000,158.53
45.4000,50.0080,50.0000,+0.00800,-0.00000,158.53
45.4167,50.0080,50.0000,+0.00800,-0.00000,158.53
45.4333,50.0080,50.0000,+0.00799,-0.00000,158.53
45.4500,50.0080,50.0000,+0.00798,-0.00000,158.53
45.4667,50.0080,50.0000,+0.00798,-0.00000,158.53
45.4833,50.0080,50.0000,+0.00797,-0.00000,158.53
45.5000,50.0080,50.0000,+0.00796,-0.00000,158.53
45.5167,50.0080,50.0000,+0.00796,-0.00000,158.53
45.5333,50.0080,50.0000,+0.00795,-0.00000,158.53
45.5500,50.0079,50.0000,+0.00795,-0.00000,158.53
45.5667,50.0079,50.0000,+0.00794,-0.00000,158.53
45.5833,50.0079,50.0000,+0.00793,-0.00000,158.53
45.6000,50.0079,50.0000,+0.00793,-0.00000,158.53
45.6167,50.0079,50.0000,+0.00792,-0.00000,158.53
45.6333,50.0079,50.0000,+0.00791,-0.00000,158.53
45.6500,50.0079,50.0000,+0.00791,-0.00000,158.53
45.6667,50.0079,50.0000,+0.00790,-0.00000,158.53
45.6833,50.0079,50.0000,+0.00790,-0.00000,158.53
45.7000,50.0079,50.0000,+0.00789,-0.00000,158.53
45.7167,50.0079,50.0000,+0.00788,-0.00000,158.53
45.7333,50.0079,50.0000,+0.00788,-0.00000,158.53
45.7500,50.0079,50.0000,+0.00787,-0.00000,158.53
45.7667,50.0079,50.0000,+0.00786,-0.00000,158.53
45.7833,50.0079,50.0000,+0.00786,-0.00000,158.53
45.8000,50.0079,50.0000,+0.00785,-0.00000,158.53
45.8167,50.0078,50.0000,+0.00785,-0.00000,158.53
45.8333,50.0078,50.0000,+0.00784,-0.00000,158.53
45.8500,50.0078,50.0000,+0.00783,-0.00000,158.53
45.8667,50.0078,50.0000,+0.00783,-0.00000,158.53
45.8833,50.0078,50.0000,+0.00782,-0.00000,158.53
45.9000,50.0078,50.0000,+0.00782,-0.00000,158.53
45.9167,50.0078,50.0000,+0.00781,-0.00000,158.53
45.9333,50.0078,50.0000,+0.00780,-0.00000,158.53
45.9500,50.0078,50.0000,+0.00780,-0.00000,158.53
45.9667,50.0078,50.0000,+0.00779,-0.00000,158.53
45.9833,50.0078,50.0000,+0.00778,-0.00000,158.53
46.0000,50.0078,50.0000,+0.00778,-0.00000,158.53
46.0167,50.0078,50.0000,+0.00777,-0.00000,158.53
46.0333,50.0078,50.0000,+0.00776,-0.00000,158.53
46.0500,50.0078,50.0000,+0.00776,-0.00000,158.53
46.0667,50.0078,50.0000,+0.00775,-0.00000,158.53
46.0833,50.0077,50.0000,+0.00775,-0.00000,158.53
46.1000,50.0077,50.0000,+0.00774,-0.00000,158.53
46.1167,50.0077,50.0000,+0.00773,-0.00000,158.53
46.1333,50.0077,50.0000,+0.00773,-0.00000,158.53
46.1500,50.0077,50.0000,+0.00772,-0.00000,158.53
46.1667,50.0077,50.0000,+0.00772,-0.00000,158.53
46.1833,50.0077,50.0000,+0.00771,-0.00000,158.53
46.2000,50.0077,50.0000,+0.00771,-0.00000,158.53
46.2167,50.0077,50.0000,+0.00770,-0.00000,158.53
46.2333,50.0077,50.0000,+0.00769,-0.00000,158.53
46.2500,50.0077,50.0000,+0.00769,-0.00000,158.53
46.2667,50.0077,50.0000,+0.00768,-0.00000,158.53
46.2833,50.0077,50.0000,+0.00767,-0.00000,158.53
46.3000,50.0077,50.0000,+0.00767,-0.00000,158.53
46.3167,50.0077,50.0000,+0.00766,-0.00000,158.53
46.3333,50.0077,50.0000,+0.00766,-0.00000,158.53
46.3500,50.0077,50.0000,+0.00765,-0.00000,158.53
46.3667,50.0076,50.0000,+0.00764,-0.00000,158.53
46.3833,50.0076,50.0000,+0.00764,-0.00000,158.53
46.4000,50.0076,50.0000,+0.00763,-0.00000,158.53
46.4167,50.0076,50.0000,+0.00763,-0.00000,158.53
46.4333,50.0076,50.0000,+0.00762,-0.00000,158.53
46.4500,50.0076,50.0000,+0.00762,-0.00000,158.53
46.4667,50.0076,50.0000,+0.00761,-0.00000,158.53
46.4833,50.0076,50.0000,+0.00760,-0.00000,158.53
46.5000,50.0076,50.0000,+0.00760,-0.00000,158.53
46.5167,50.0076,50.0000,+0.00759,-0.00000,158.53
46.5333,50.0076,50.0000,+0.00758,-0.00000,158.53
46.5500,50.0076,50.0000,+0.00758,-0.00000,158.53
46.5667,50.0076,50.0000,+0.00757,-0.00000,158.53
46.5833,50.0076,50.0000,+0.00757,-0.00000,158.53
46.6000,50.0076,50.0000,+0.00756,-0.00000,158.53
46.6167,50.0076,50.0000,+0.00756,-0.00000,158.53
46.6333,50.0076,50.0000,+0.00755,-0.00000,158.53
46.6500,50.0075,50.0000,+0.00754,-0.00000,158.53
46.6667,50.0075,50.0000,+0.00754,-0.00000,158.53
46.6833,50.0075,50.0000,+0.00753,-0.00000,158.53
46.7000,50.0075,50.0000,+0.00753,-0.00000,158.53
46.7167,50.0075,50.0000,+0.00752,-0.00000,158.53
46.7333,50.0075,50.0000,+0.00751,-0.00000,158.53
46.7500,50.0075,50.0000,+0.00751,-0.00000,158.53
46.7667,50.0075,50.0000,+0.00750,-0.00000,158.53
46.7833,50.0075,50.0000,+0.00750,-0.00000,158.53
46.8000,50.0075,50.0000,+0.00749,-0.00000,158.53
46.8167,50.0075,50.0000,+0.00749,-0.00000,158.53
46.8333,50.0075,50.0000,+0.00748,-0.00000,158.53
46.8500,50.0075,50.0000,+0.00747,-0.00000,158.53
46.8667,50.0075,50.0000,+0.00747,-0.00000,158.53
46.8833,50.0075,50.0000,+0.00746,-0.00000,158.53
46.9000,50.0075,50.0000,+0.00746,-0.00000,158.53
46.9167,50.0075,50.0000,+0.00745,-0.00000,158.53
46.9333,50.0074,50.0000,+0.00745,-0.00000,158.53
46.9500,50.0074,50.0000,+0.00744,-0.00000,158.53
46.9667,50.0074,50.0000,+0.00744,-0.00000,158.53
46.9833,50.0074,50.0000,+0.00743,-0.00000,158.53
47.0000,50.0074,50.0000,+0.00742,-0.00000,158.53
47.0167,50.0074,50.0000,+0.00742,-0.00000,158.53
47.0333,50.0074,50.0000,+0.00741,-0.00000,158.53
47.0500,50.0074,50.0000,+0.00741,-0.00000,158.53
47.0667,50.0074,50.0000,+0.00740,-0.00000,158.53
47.0833,50.0074,50.0000,+0.00740,-0.00000,158.53
47.1000,50.0074,50.0000,+0.00739,-0.00000,158.53
47.1167,50.0074,50.0000,+0.00738,-0.00000,158.53
47.1333,50.0074,50.0000,+0.00738,-0.00000,158.53
47.1500,50.0074,50.0000,+0.00737,-0.00000,158.53
47.1667,50.0074,50.0000,+0.00737,-0.00000,158.53
47.1833,50.0074,50.0000,+0.00736,-0.00000,158.53
47.2000,50.0074,50.0000,+0.00735,-0.00000,158.53
47.2167,50.0074,50.0000,+0.00735,-0.00000,158.53
47.2333,50.0073,50.0000,+0.00734,-0.00000,158.53
47.2500,50.0073,50.0000,+0.00734,-0.00000,158.53
47.2667,50.0073,50.0000,+0.00733,-0.00000,158.53
47.2833,50.0073,50.0000,+0.00733,-0.00000,158.53
47.3000,50.0073,50.0000,+0.00732,-0.00000,158.53
47.3167,50.0073,50.0000,+0.00732,-0.00000,158.53
47.3333,50.0073,50.0000,+0.00731,-0.00000,158.53
47.3500,50.0073,50.0000,+0.00731,-0.00000,158.53
47.3667,50.0073,50.0000,+0.00730,-0.00000,158.53
47.3833,50.0073,50.0000,+0.00729,-0.00000,158.53
47.4000,50.0073,50.0000,+0.00729,-0.00000,158.53
47.4167,50.0073,50.0000,+0.00728,-0.00000,158.53
47.4333,50.0073,50.0000,+0.00728,-0.00000,158.53
47.4500,50.0073,50.0000,+0.00727,-0.00000,158.53
47.4667,50.0073,50.0000,+0.00727,-0.00000,158.53
47.4833,50.0073,50.0000,+0.00726,-0.00000,158.53
47.5000,50.0073,50.0000,+0.00726,-0.00000,158.53
47.5167,50.0072,50.0000,+0.00725,-0.00000,158.53
47.5333,50.0072,50.0000,+0.00724,-0.00000,158.53
47.5500,50.0072,50.0000,+0.00724,-0.00000,158.53
47.5667,50.0072,50.0000,+0.00723,-0.00000,158.53
47.5833,50.0072,50.0000,+0.00723,-0.00000,158.53
47.6000,50.0072,50.0000,+0.00722,-0.00000,158.53
47.6167,50.0072,50.0000,+0.00722,-0.00000,158.53
47.6333,50.0072,50.0000,+0.00721,-0.00000,158.53
47.6500,50.0072,50.0000,+0.00721,-0.00000,158.53
47.6667,50.0072,50.0000,+0.00720,-0.00000,158.53
47.6833,50.0072,50.0000,+0.00720,-0.00000,158.53
47.7000,50.0072,50.0000,+0.00719,-0.00000,158.53
47.7167,50.0072,50.0000,+0.00718,-0.00000,158.53
47.7333,50.0072,50.0000,+0.00718,-0.00000,158.53
47.7500,50.0072,50.0000,+0.00717,-0.00000,158.53
47.7667,50.0072,50.0000,+0.00717,-0.00000,158.53
47.7833,50.0072,50.0000,+0.00716,-0.00000,158.53
47.8000,50.0072,50.0000,+0.00716,-0.00000,158.53
47.8167,50.0072,50.0000,+0.00715,-0.00000,158.53
47.8333,50.0071,50.0000,+0.00715,-0.00000,158.53
47.8500,50.0071,50.0000,+0.00714,-0.00000,158.53
47.8667,50.0071,50.0000,+0.00714,-0.00000,158.53
47.8833,50.0071,50.0000,+0.00713,-0.00000,158.53
47.9000,50.0071,50.0000,+0.00713,-0.00000,158.53
47.9167,50.0071,50.0000,+0.00712,-0.00000,158.53
47.9333,50.0071,50.0000,+0.00711,-0.00000,158.53
47.9500,50.0071,50.0000,+0.00711,-0.00000,158.53
47.9667,50.0071,50.0000,+0.00710,-0.00000,158.53
47.9833,50.0071,50.0000,+0.00710,-0.00000,158.53
48.0000,50.0071,50.0000,+0.00709,-0.00000,158.53
48.0167,50.0071,50.0000,+0.00709,-0.00000,158.53
48.0333,50.0071,50.0000,+0.00708,-0.00000,158.53
48.0500,50.0071,50.0000,+0.00708,-0.00000,158.53
48.0667,50.0071,50.0000,+0.00707,-0.00000,158.53
48.0833,50.0071,50.0000,+0.00707,-0.00000,158.53
48.1000,50.0071,50.0000,+0.00706,-0.00000,158.53
48.1167,50.0071,50.0000,+0.00706,-0.00000,158.53
48.1333,50.0071,50.0000,+0.00705,-0.00000,158.53
48.1500,50.0070,50.0000,+0.00705,-0.00000,158.53
48.1667,50.0070,50.0000,+0.00704,-0.00000,158.53
48.1833,50.0070,50.0000,+0.00704,-0.00000,158.53
48.2000,50.0070,50.0000,+0.00703,-0.00000,158.53
48.2167,50.0070,50.0000,+0.00702,-0.00000,158.53
48.2333,50.0070,50.0000,+0.00702,-0.00000,158.53
48.2500,50.0070,50.0000,+0.00702,-0.00000,158.53
48.2667,50.0070,50.0000,+0.00701,-0.00000,158.53
48.2833,50.0070,50.0000,+0.00700,-0.00000,158.53
48.3000,50.0070,50.0000,+0.00700,-0.00000,158.53
48.3167,50.0070,50.0000,+0.00699,-0.00000,158.53
48.3333,50.0070,50.0000,+0.00699,-0.00000,158.53
48.3500,50.0070,50.0000,+0.00698,-0.00000,158.53
48.3667,50.0070,50.0000,+0.00698,-0.00000,158.53
48.3833,50.0070,50.0000,+0.00697,-0.00000,158.53
48.4000,50.0070,50.0000,+0.00697,-0.00000,158.53
48.4167,50.0070,50.0000,+0.00696,-0.00000,158.53
48.4333,50.0070,50.0000,+0.00696,-0.00000,158.53
48.4500,50.0070,50.0000,+0.00695,-0.00000,158.53
48.4667,50.0069,50.0000,+0.00695,-0.00000,158.53
48.4833,50.0069,50.0000,+0.00694,-0.00000,158.53
48.5000,50.0069,50.0000,+0.00694,-0.00000,158.53
48.5167,50.0069,50.0000,+0.00693,-0.00000,158.53
48.5333,50.0069,50.0000,+0.00693,-0.00000,158.53
48.5500,50.0069,50.0000,+0.00692,-0.00000,158.53
48.5667,50.0069,50.0000,+0.00692,-0.00000,158.53
48.5833,50.0069,50.0000,+0.00691,-0.00000,158.53
48.6000,50.0069,50.0000,+0.00691,-0.00000,158.53
48.6167,50.0069,50.0000,+0.00690,-0.00000,158.53
48.6333,50.0069,50.0000,+0.00690,-0.00000,158.53
48.6500,50.0069,50.0000,+0.00689,-0.00000,158.53
48.6667,50.0069,50.0000,+0.00688,-0.00000,158.53
48.6833,50.0069,50.0000,+0.00688,-0.00000,158.53
48.7000,50.0069,50.0000,+0.00687,-0.00000,158.53
48.7167,50.0069,50.0000,+0.00687,-0.00000,158.53
48.7333,50.0069,50.0000,+0.00686,-0.00000,158.53
48.7500,50.0069,50.0000,+0.00686,-0.00000,158.53
48.7667,50.0069,50.0000,+0.00685,-0.00000,158.53
48.7833,50.0068,50.0000,+0.00684,-0.00000,158.53
48.8000,50.0068,50.0000,+0.00684,-0.00000,158.53
48.8167,50.0068,50.0000,+0.00683,-0.00000,158.53
48.8333,50.0068,50.0000,+0.00683,-0.00000,158.53
48.8500,50.0068,50.0000,+0.00682,-0.00000,158.53
48.8667,50.0068,50.0000,+0.00682,-0.00000,158.53
48.8833,50.0068,50.0000,+0.00681,-0.00000,158.53
48.9000,50.0068,50.0000,+0.00681,-0.00000,158.53
48.9167,50.0068,50.0000,+0.00680,-0.00000,158.53
48.9333,50.0068,50.0000,+0.00680,-0.00000,158.53
48.9500,50.0068,50.0000,+0.00679,-0.00000,158.53
48.9667,50.0068,50.0000,+0.00679,-0.00000,158.53
48.9833,50.0068,50.0000,+0.00678,-0.00000,158.53
49.0000,50.0068,50.0000,+0.00678,-0.00000,158.53
49.0167,50.0068,50.0000,+0.00677,-0.00000,158.53
49.0333,50.0068,50.0000,+0.00677,-0.00000,158.53
49.0500,50.0068,50.0000,+0.00676,-0.00000,158.53
49.0667,50.0068,50.0000,+0.00676,-0.00000,158.53
49.0833,50.0068,50.0000,+0.00675,-0.00000,158.53
49.1000,50.0067,50.0000,+0.00675,-0.00000,158.53
49.1167,50.0067,50.0000,+0.00674,-0.00000,158.53
49.1333,50.0067,50.0000,+0.00674,-0.00000,158.53
49.1500,50.0067,50.0000,+0.00673,-0.00000,158.53
49.1667,50.0067,50.0000,+0.00673,-0.00000,158.53
49.1833,50.0067,50.0000,+0.00672,-0.00000,158.53
49.2000,50.0067,50.0000,+0.00672,-0.00000,158.53
49.2167,50.0067,50.0000,+0.00671,-0.00000,158.53
49.2333,50.0067,50.0000,+0.00671,-0.00000,158.53
49.2500,50.0067,50.0000,+0.00670,-0.00000,158.53
49.2667,50.0067,50.0000,+0.00670,-0.00000,158.53
49.2833,50.0067,50.0000,+0.00669,-0.00000,158.53
49.3000,50.0067,50.0000,+0.00669,-0.00000,158.53
49.3167,50.0067,50.0000,+0.00668,-0.00000,158.53
49.3333,50.0067,50.0000,+0.00668,-0.00000,158.53
49.3500,50.0067,50.0000,+0.00667,-0.00000,158.53
49.3667,50.0067,50.0000,+0.00667,-0.00000,158.53
49.3833,50.0067,50.0000,+0.00666,-0.00000,158.53
49.4000,50.0067,50.0000,+0.00666,-0.00000,158.53
49.4167,50.0067,50.0000,+0.00665,-0.00000,158.53
49.4333,50.0066,50.0000,+0.00665,-0.00000,158.53
49.4500,50.0066,50.0000,+0.00664,-0.00000,158.53
49.4667,50.0066,50.0000,+0.00664,-0.00000,158.53
49.4833,50.0066,50.0000,+0.00663,-0.00000,158.53
49.5000,50.0066,50.0000,+0.00663,-0.00000,158.53
49.5167,50.0066,50.0000,+0.00662,-0.00000,158.53
49.5333,50.0066,50.0000,+0.00662,-0.00000,158.53
49.5500,50.0066,50.0000,+0.00661,-0.00000,158.53
49.5667,50.0066,50.0000,+0.00661,-0.00000,158.53
49.5833,50.0066,50.0000,+0.00661,-0.00000,158.53
49.6000,50.0066,50.0000,+0.00660,-0.00000,158.53
49.6167,50.0066,50.0000,+0.00660,-0.00000,158.53
49.6333,50.0066,50.0000,+0.00659,-0.00000,158.53
49.6500,50.0066,50.0000,+0.00659,-0.00000,158.53
49.6667,50.0066,50.0000,+0.00658,-0.00000,158.53
49.6833,50.0066,50.0000,+0.00658,-0.00000,158.53
49.7000,50.0066,50.0000,+0.00657,-0.00000,158.53
49.7167,50.0066,50.0000,+0.00657,-0.00000,158.53
49.7333,50.0066,50.0000,+0.00656,-0.00000,158.53
49.7500,50.0066,50.0000,+0.00656,-0.00000,158.53
49.7667,50.0066,50.0000,+0.00655,-0.00000,158.53
49.7833,50.0065,50.0000,+0.00655,-0.00000,158.53
49.8000,50.0065,50.0000,+0.00655,-0.00000,158.53
49.8167,50.0065,50.0000,+0.00654,-0.00000,158.53
49.8333,50.0065,50.0000,+0.00654,-0.00000,158.53
49.8500,50.0065,50.0000,+0.00653,-0.00000,158.53
49.8667,50.0065,50.0000,+0.00653,-0.00000,158.53
49.8833,50.0065,50.0000,+0.00652,-0.00000,158.53
49.9000,50.0065,50.0000,+0.00652,-0.00000,158.53
49.9167,50.0065,50.0000,+0.00651,-0.00000,158.53
49.9333,50.0065,50.0000,+0.00651,-0.00000,158.53
49.9500,50.0065,50.0000,+0.00650,-0.00000,158.53
49.9667,50.0065,50.0000,+0.00650,-0.00000,158.53
49.9833,50.0065,50.0000,+0.00649,-0.00000,158.53
50.0000,50.0065,50.0000,+0.00649,-0.00000,158.53
50.0167,50.0065,50.0000,+0.00648,-0.00000,158.53
50.0333,50.0065,50.0000,+0.00648,-0.00000,158.53
50.0500,50.0065,50.0000,+0.00648,-0.00000,158.53
50.0667,50.0065,50.0000,+0.00647,-0.00000,158.53
50.0833,50.0065,50.0000,+0.00647,-0.00000,158.53
50.1000,50.0065,50.0000,+0.00646,-0.00000,158.53
50.1167,50.0065,50.0000,+0.00646,-0.00000,158.53
50.1333,50.0065,50.0000,+0.00645,-0.00000,158.53
50.1500,50.0064,50.0000,+0.00645,-0.00000,158.53
50.1667,50.0064,50.0000,+0.00644,-0.00000,158.53
50.1833,50.0064,50.0000,+0.00644,-0.00000,158.53
50.2000,50.0064,50.0000,+0.00643,-0.00000,158.53
50.2167,50.0064,50.0000,+0.00643,-0.00000,158.53
50.2333,50.0064,50.0000,+0.00643,-0.00000,158.53
50.2500,50.0064,50.0000,+0.00642,-0.00000,158.53
50.2667,50.0064,50.0000,+0.00642,-0.00000,158.53
50.2833,50.0064,50.0000,+0.00641,-0.00000,158.53
50.3000,50.0064,50.0000,+0.00641,-0.00000,158.53
50.3167,50.0064,50.0000,+0.00640,-0.00000,158.53
50.3333,50.0064,50.0000,+0.00640,-0.00000,158.53
50.3500,50.0064,50.0000,+0.00639,-0.00000,158.53
50.3667,50.0064,50.0000,+0.00639,-0.00000,158.53
50.3833,50.0064,50.0000,+0.00639,-0.00000,158.53
50.4000,50.0064,50.0000,+0.00638,-0.00000,158.53
50.4167,50.0064,50.0000,+0.00638,-0.00000,158.53
50.4333,50.0064,50.0000,+0.00637,-0.00000,158.53
50.4500,50.0064,50.0000,+0.00637,-0.00000,158.53
50.4667,50.0064,50.0000,+0.00636,-0.00000,158.53
50.4833,50.0064,50.0000,+0.00636,-0.00000,158.53
50.5000,50.0064,50.0000,+0.00635,-0.00000,158.53
50.5167,50.0063,50.0000,+0.00635,-0.00000,158.53
50.5333,50.0063,50.0000,+0.00635,-0.00000,158.53
50.5500,50.0063,50.0000,+0.00634,-0.00000,158.53
50.5667,50.0063,50.0000,+0.00634,-0.00000,158.53
50.5833,50.0063,50.0000,+0.00633,-0.00000,158.53
50.6000,50.0063,50.0000,+0.00633,-0.00000,158.53
50.6167,50.0063,50.0000,+0.00632,-0.00000,158.53
50.6333,50.0063,50.0000,+0.00632,-0.00000,158.53
50.6500,50.0063,50.0000,+0.00631,-0.00000,158.53
