t_s,t_h,Cbar,u_kg_per_kg_s,u_kg_per_kg_h
60,0.0167,2.53600900,1.794479e-04,0.646013
120,0.0333,2.52524212,1.766271e-04,0.635857
180,0.0500,2.51481375,1.717510e-04,0.618304
240,0.0667,2.50463200,1.675906e-04,0.603326
300,0.0833,2.49470287,1.640677e-04,0.590644
360,0.1000,2.48494387,1.612255e-04,0.580412
420,0.1167,2.47535581,1.585677e-04,0.570844
480,0.1333,2.46591575,1.562859e-04,0.562629
540,0.1500,2.45660150,1.540073e-04,0.554426
600,0.1667,2.44743488,1.519917e-04,0.547170
660,0.1833,2.43836250,1.500901e-04,0.540324
720,0.2000,2.42942406,1.481401e-04,0.533304
780,0.2167,2.42058569,1.465375e-04,0.527535
840,0.2333,2.41183956,1.451620e-04,0.522583
900,0.2500,2.40316625,1.437229e-04,0.517402
960,0.2667,2.39459281,1.422375e-04,0.512055
1020,0.2833,2.38609775,1.410307e-04,0.507711
1080,0.3000,2.37766912,1.398271e-04,0.503377
1140,0.3167,2.36931850,1.386932e-04,0.499296
1200,0.3333,2.36102594,1.374583e-04,0.494850
1260,0.3500,2.35282350,1.364568e-04,0.491244
1320,0.3667,2.34465112,1.355135e-04,0.487849
1380,0.3833,2.33656188,1.344312e-04,0.483952
1440,0.4000,2.32851937,1.336359e-04,0.481089
1500,0.4167,2.32052556,1.326568e-04,0.477564
1560,0.4333,2.31260056,1.318568e-04,0.474684
1620,0.4500,2.30470275,1.312276e-04,0.472419
1680,0.4667,2.29685325,1.304526e-04,0.469629
1740,0.4833,2.28904844,1.295370e-04,0.466333
1800,0.5000,2.28130881,1.288156e-04,0.463736
1860,0.5167,2.27359056,1.280807e-04,0.461091
1920,0.5333,2.26593913,1.274464e-04,0.458807
1980,0.5500,2.25829700,1.268906e-04,0.456806
2040,0.5667,2.25071225,1.261599e-04,0.454176
2100,0.5833,2.24315781,1.255453e-04,0.451963
2160,0.6000,2.23564681,1.248646e-04,0.449512
2220,0.6167,2.22817406,1.243135e-04,0.447529
2280,0.6333,2.22072919,1.239073e-04,0.446066
2340,0.6500,2.21330519,1.232844e-04,0.443824
2400,0.6667,2.20593506,1.226203e-04,0.441433
2460,0.6833,2.19859075,1.222068e-04,0.439944
2520,0.7000,2.19127025,1.218380e-04,0.438617
2580,0.7167,2.18397019,1.212979e-04,0.436672
2640,0.7333,2.17671450,1.206917e-04,0.434490
2700,0.7500,2.16948719,1.203224e-04,0.433161
2760,0.7667,2.16227581,1.197823e-04,0.431216
2820,0.7833,2.15511331,1.192141e-04,0.429171
2880,0.8000,2.14797013,1.188620e-04,0.427903
2940,0.8167,2.14084988,1.184885e-04,0.426559
3000,0.8333,2.13375150,1.181156e-04,0.425216
3060,0.8500,2.12667600,1.177219e-04,0.423799
3120,0.8667,2.11962488,1.172203e-04,0.421993
3180,0.8833,2.11260956,1.168646e-04,0.420713
3240,0.9000,2.10560113,1.163250e-04,0.418770
3300,0.9167,2.09865056,1.157354e-04,0.416648
3360,0.9333,2.09171287,1.155745e-04,0.416068
3420,0.9500,2.08478163,1.153719e-04,0.415339
3480,0.9667,2.07786825,1.148990e-04,0.413636
3540,0.9833,2.07099375,1.143677e-04,0.411724
3600,1.0000,2.06414412,1.141115e-04,0.410801
3660,1.0167,2.05730038,1.138182e-04,0.409746
3720,1.0333,2.05048594,1.133667e-04,0.408120
3780,1.0500,2.04369638,1.128391e-04,0.406221
3840,1.0667,2.03694525,1.126286e-04,0.405463
3900,1.0833,2.03018094,1.123260e-04,0.404374
3960,1.1000,2.02346613,1.119943e-04,0.403179
4020,1.1167,2.01674162,1.115380e-04,0.401537
4080,1.1333,2.01008156,1.111526e-04,0.400149
4140,1.1500,2.00340331,1.109380e-04,0.399377
4200,1.1667,1.99676900,1.105271e-04,0.397898
4260,1.1833,1.99014006,1.102755e-04,0.396992
4320,1.2000,1.98353594,1.099193e-04,0.395709
4380,1.2167,1.97694975,1.095120e-04,0.394243
4440,1.2333,1.97039450,1.091135e-04,0.392809
4500,1.2500,1.96385612,1.089109e-04,0.392079
4560,1.2667,1.95732519,1.085505e-04,0.390782
4620,1.2833,1.95083006,1.080693e-04,0.389049
4680,1.3000,1.94435687,1.078125e-04,0.388125
4740,1.3167,1.93789256,1.074844e-04,0.386944
4800,1.3333,1.93145875,1.071568e-04,0.385764
4860,1.3500,1.92503375,1.067880e-04,0.384437
4920,1.3667,1.91864419,1.065052e-04,0.383419
4980,1.3833,1.91225313,1.062599e-04,0.382536
5040,1.4000,1.90589300,1.058109e-04,0.380919
5100,1.4167,1.89955581,1.055380e-04,0.379937
5160,1.4333,1.89322844,1.053313e-04,0.379193
5220,1.4500,1.88691606,1.049906e-04,0.377966
5280,1.4667,1.88062956,1.045120e-04,0.376243
5340,1.4833,1.87437462,1.043583e-04,0.375690
5400,1.5000,1.86810656,1.039974e-04,0.374391
5460,1.5167,1.86189494,1.034609e-04,0.372459
5520,1.5333,1.85569125,1.033953e-04,0.372223
5580,1.5500,1.84948750,1.029667e-04,0.370680
5640,1.5667,1.84333525,1.026547e-04,0.369557
5700,1.5833,1.83716894,1.023802e-04,0.368569
5760,1.6000,1.83104962,1.019604e-04,0.367058
5820,1.6167,1.82493369,1.018318e-04,0.366594
5880,1.6333,1.81882981,1.013365e-04,0.364811
5940,1.6500,1.81277331,1.010130e-04,0.363647
6000,1.6667,1.80670825,1.007755e-04,0.362792
6060,1.6833,1.80068025,1.004922e-04,0.361772
6120,1.7000,1.79464919,1.002141e-04,0.360771
6180,1.7167,1.78865456,9.966823e-05,0.358806
6240,1.7333,1.78268900,9.934375e-05,0.357638
6300,1.7500,1.77673331,9.916094e-05,0.356979
6360,1.7667,1.77078969,9.899792e-05,0.356392
6420,1.7833,1.76485356,9.871042e-05,0.355357
6480,1.8000,1.75894444,9.827344e-05,0.353784
6540,1.8167,1.75306075,9.799896e-05,0.352796
6600,1.8333,1.74718456,9.766563e-05,0.351596
6660,1.8500,1.74134087,9.721563e-05,0.349976
6720,1.8667,1.73551869,9.694479e-05,0.349001
6780,1.8833,1.72970750,9.673646e-05,0.348251
6840,1.9000,1.72391031,9.650417e-05,0.347415
6900,1.9167,1.71812700,9.608385e-05,0.345902
6960,1.9333,1.71238025,9.567448e-05,0.344428
7020,1.9500,1.70664606,9.541615e-05,0.343498
7080,1.9667,1.70093031,9.517448e-05,0.342628
7140,1.9833,1.69522513,9.482917e-05,0.341385
7200,2.0000,1.68955081,9.462083e-05,0.340635
7260,2.0167,1.68387063,9.418229e-05,0.339056
7320,2.0333,1.67824894,9.387760e-05,0.337959
7380,2.0500,1.67260531,9.371146e-05,0.337361
7440,2.0667,1.66700356,9.324531e-05,0.335683
7500,2.0833,1.66141588,9.286927e-05,0.334329
7560,2.1000,1.65585925,9.252760e-05,0.333099
7620,2.1167,1.65031256,9.239479e-05,0.332621
7680,2.1333,1.64477187,9.206927e-05,0.331449
7740,2.1500,1.63926425,9.174010e-05,0.330264
7800,2.1667,1.63376306,9.156927e-05,0.329649
7860,2.1833,1.62827594,9.104427e-05,0.327759
7920,2.2000,1.62283775,9.070625e-05,0.326543
7980,2.2167,1.61739119,9.051406e-05,0.325851
8040,2.2333,1.61197606,9.017240e-05,0.324621
8100,2.2500,1.60657050,8.993490e-05,0.323766
8160,2.2667,1.60118388,8.954740e-05,0.322371
8220,2.2833,1.59582481,8.920938e-05,0.321154
8280,2.3000,1.59047875,8.901354e-05,0.320449
8340,2.3167,1.58514319,8.865104e-05,0.319144
8400,2.3333,1.57984062,8.838802e-05,0.318197
8460,2.3500,1.57453663,8.816719e-05,0.317402
8520,2.3667,1.56926056,8.767969e-05,0.315647
8580,2.3833,1.56401506,8.740000e-05,0.314640
8640,2.4000,1.55877256,8.711615e-05,0.313618
8700,2.4167,1.55356113,8.671979e-05,0.312191
8760,2.4333,1.54836619,8.660312e-05,0.311771
8820,2.4500,1.54316875,8.634062e-05,0.310826
8880,2.4667,1.53800531,8.587396e-05,0.309146
8940,2.4833,1.53286387,8.560625e-05,0.308182
9000,2.5000,1.52773256,8.537760e-05,0.307359
9060,2.5167,1.52261856,8.498229e-05,0.305936
9120,2.5333,1.51753469,8.473073e-05,0.305031
9180,2.5500,1.51245087,8.450573e-05,0.304221
9240,2.5667,1.50739400,8.412292e-05,0.302842
9300,2.5833,1.50235612,8.382656e-05,0.301776
9360,2.6000,1.49733481,8.356354e-05,0.300829
9420,2.6167,1.49232850,8.313854e-05,0.299299
9480,2.6333,1.48735819,8.290052e-05,0.298442
9540,2.6500,1.48238044,8.275052e-05,0.297902
9600,2.6667,1.47742813,8.233385e-05,0.296402
9660,2.6833,1.47250038,8.200052e-05,0.295202
9720,2.7000,1.46758806,8.167917e-05,0.294045
9780,2.7167,1.46269887,8.145312e-05,0.293231
9840,2.7333,1.45781369,8.126146e-05,0.292541
9900,2.7500,1.45294750,8.097865e-05,0.291523
9960,2.7667,1.44809625,8.076615e-05,0.290758
10020,2.7833,1.44325556,8.024896e-05,0.288896
10080,2.8000,1.43846637,7.994427e-05,0.287799
10140,2.8167,1.43366225,7.976458e-05,0.287153
10200,2.8333,1.42889462,7.946042e-05,0.286058
10260,2.8500,1.42412700,7.913125e-05,0.284872
10320,2.8667,1.41939888,7.881458e-05,0.283732
10380,2.8833,1.41466925,7.868906e-05,0.283281
10440,2.9000,1.40995619,7.840937e-05,0.282274
10500,2.9167,1.40526013,7.810104e-05,0.281164
10560,2.9333,1.40058406,7.775104e-05,0.279904
10620,2.9500,1.39593000,7.746823e-05,0.278886
10680,2.9667,1.39128788,7.711823e-05,0.277626
10740,2.9833,1.38667581,7.683802e-05,0.276617
10800,3.0000,1.38206731,7.669167e-05,0.276090
10860,3.0167,1.37747281,7.632552e-05,0.274772
10920,3.0333,1.37290825,7.614219e-05,0.274112
10980,3.0500,1.36833575,7.579115e-05,0.272848
11040,3.0667,1.36381331,7.535365e-05,0.271273
11100,3.0833,1.35929331,7.518281e-05,0.270658
11160,3.1000,1.35479138,7.512396e-05,0.270446
11220,3.1167,1.35027844,7.482813e-05,0.269381
11280,3.1333,1.34581200,7.441927e-05,0.267909
11340,3.1500,1.34134813,7.416927e-05,0.267009
11400,3.1667,1.33691169,7.371979e-05,0.265391
11460,3.1833,1.33250175,7.348594e-05,0.264549
11520,3.2000,1.32809338,7.332292e-05,0.263962
11580,3.2167,1.32370300,7.314375e-05,0.263318
11640,3.2333,1.31931613,7.286875e-05,0.262328
11700,3.2500,1.31495875,7.242240e-05,0.260721
11760,3.2667,1.31062544,7.225156e-05,0.260106
11820,3.2833,1.30628856,7.199375e-05,0.259178
11880,3.3000,1.30198619,7.168906e-05,0.258081
11940,3.3167,1.29768587,7.140521e-05,0.257059
12000,3.3333,1.29341756,7.120104e-05,0.256324
12060,3.3500,1.28914175,7.094740e-05,0.255411
12120,3.3667,1.28490387,7.063437e-05,0.254284
12180,3.3833,1.28066562,7.044583e-05,0.253605
12240,3.4000,1.27645038,7.018750e-05,0.252675
12300,3.4167,1.27224312,6.970833e-05,0.250950
12360,3.4333,1.26808538,6.947917e-05,0.250125
12420,3.4500,1.26390563,6.940417e-05,0.249855
12480,3.4667,1.25975688,6.912448e-05,0.248848
12540,3.4833,1.25561069,6.883750e-05,0.247815
12600,3.5000,1.25149638,6.840469e-05,0.246257
12660,3.5167,1.24740213,6.829531e-05,0.245863
12720,3.5333,1.24330094,6.803281e-05,0.244918
12780,3.5500,1.23923819,6.775365e-05,0.243913
12840,3.5667,1.23517050,6.767031e-05,0.243613
12900,3.5833,1.23111775,6.731979e-05,0.242351
12960,3.6000,1.22709212,6.699844e-05,0.241194
13020,3.6167,1.22307794,6.672396e-05,0.240206
13080,3.6333,1.21908525,6.644479e-05,0.239201
13140,3.6500,1.21510456,6.622813e-05,0.238421
13200,3.6667,1.21113787,6.618542e-05,0.238267
13260,3.6833,1.20716231,6.587760e-05,0.237159
13320,3.7000,1.20323256,6.535729e-05,0.235286
13380,3.7167,1.19931944,6.526510e-05,0.234954
13440,3.7333,1.19540075,6.513125e-05,0.234473
13500,3.7500,1.19150369,6.484375e-05,0.233437
13560,3.7667,1.18761950,6.455625e-05,0.232403
13620,3.7833,1.18375694,6.418906e-05,0.231081
13680,3.8000,1.17991681,6.400990e-05,0.230436
13740,3.8167,1.17607575,6.389688e-05,0.230029
13800,3.8333,1.17224919,6.358073e-05,0.228891
13860,3.8500,1.16844606,6.331042e-05,0.227917
13920,3.8667,1.16465194,6.321406e-05,0.227571
13980,3.8833,1.16086038,6.280156e-05,0.226086
14040,3.9000,1.15711575,6.253958e-05,0.225143
14100,3.9167,1.15335562,6.254271e-05,0.225154
14160,3.9333,1.14961062,6.203437e-05,0.223324
14220,3.9500,1.14591150,6.187604e-05,0.222754
14280,3.9667,1.14218550,6.180469e-05,0.222497
14340,3.9833,1.13849494,6.142969e-05,0.221147
14400,4.0000,1.13481394,6.123750e-05,0.220455
14460,4.0167,1.13114644,6.095104e-05,0.219424
14520,4.0333,1.12749981,6.071354e-05,0.218569
14580,4.0500,1.12386081,6.062500e-05,0.218250
14640,4.0667,1.12022481,6.031719e-05,0.217142
14700,4.0833,1.11662275,6.002135e-05,0.216077
14760,4.1000,1.11302225,5.978750e-05,0.215235
14820,4.1167,1.10944825,5.957083e-05,0.214455
14880,4.1333,1.10587375,5.950417e-05,0.214215
14940,4.1500,1.10230775,5.918750e-05,0.213075
15000,4.1667,1.09877125,5.885000e-05,0.211860
15060,4.1833,1.09524575,5.873698e-05,0.211453
15120,4.2000,1.09172281,5.855365e-05,0.210793
15180,4.2167,1.08821931,5.825417e-05,0.209715
15240,4.2333,1.08473231,5.803281e-05,0.208918
15300,4.2500,1.08125538,5.783698e-05,0.208213
15360,4.2667,1.07779187,5.754115e-05,0.207148
15420,4.2833,1.07435044,5.736146e-05,0.206501
15480,4.3000,1.07090850,5.719115e-05,0.205888
15540,4.3167,1.06748750,5.699948e-05,0.205198
15600,4.3333,1.06406856,5.685313e-05,0.204671
15660,4.3500,1.06066513,5.637812e-05,0.202961
15720,4.3667,1.05730319,5.616146e-05,0.202181
15780,4.3833,1.05392575,5.616094e-05,0.202179
15840,4.4000,1.05056387,5.582396e-05,0.200966
15900,4.4167,1.04722688,5.561979e-05,0.200231
15960,4.4333,1.04388950,5.546094e-05,0.199659
16020,4.4500,1.04057156,5.523177e-05,0.198834
16080,4.4667,1.03726169,5.514010e-05,0.198504
16140,4.4833,1.03395475,5.492760e-05,0.197739
16200,4.5000,1.03067037,5.454844e-05,0.196374
16260,4.5167,1.02740894,5.426510e-05,0.195354
16320,4.5333,1.02415856,5.407708e-05,0.194678
16380,4.5500,1.02091969,5.406042e-05,0.194617
16440,4.5667,1.01767131,5.388177e-05,0.193974
16500,4.5833,1.01445388,5.351875e-05,0.192668
16560,4.6000,1.01124906,5.335208e-05,0.192068
16620,4.6167,1.00805163,5.315625e-05,0.191362
16680,4.6333,1.00487031,5.301406e-05,0.190851
16740,4.6500,1.00168994,5.273542e-05,0.189848
16800,4.6667,0.99854206,5.262708e-05,0.189458
16860,4.6833,0.99537469,5.250573e-05,0.189021
16920,4.7000,0.99224137,5.210156e-05,0.187566
16980,4.7167,0.98912250,5.198125e-05,0.187132
17040,4.7333,0.98600363,5.171406e-05,0.186171
17100,4.7500,0.98291681,5.146354e-05,0.185269
17160,4.7667,0.97982800,5.134323e-05,0.184836
17220,4.7833,0.97675563,5.108073e-05,0.183891
17280,4.8000,0.97369831,5.104740e-05,0.183771
17340,4.8167,0.97062994,5.083073e-05,0.182991
17400,4.8333,0.96759862,5.049271e-05,0.181774
17460,4.8500,0.96457081,5.054271e-05,0.181954
17520,4.8667,0.96153350,5.030521e-05,0.181099
17580,4.8833,0.95853419,4.991771e-05,0.179704
17640,4.9000,0.95554337,4.973854e-05,0.179059
17700,4.9167,0.95256556,4.944687e-05,0.178009
17760,4.9333,0.94960975,4.954688e-05,0.178369
17820,4.9500,0.94661994,4.939219e-05,0.177812
17880,4.9667,0.94368269,4.887969e-05,0.175967
17940,4.9833,0.94075438,4.888385e-05,0.175982
18000,5.0000,0.93781662,4.881302e-05,0.175727
18060,5.0167,0.93489681,4.841771e-05,0.174304
18120,5.0333,0.93200650,4.827188e-05,0.173779
18180,5.0500,0.92910419,4.812969e-05,0.173267
18240,5.0667,0.92623094,4.791302e-05,0.172487
18300,5.0833,0.92335462,4.772135e-05,0.171797
18360,5.1000,0.92050438,4.758333e-05,0.171300
18420,5.1167,0.91764462,4.739167e-05,0.170610
18480,5.1333,0.91481738,4.724219e-05,0.170072
18540,5.1500,0.91197556,4.698802e-05,0.169157
18600,5.1667,0.90917881,4.674531e-05,0.168283
18660,5.1833,0.90636613,4.671250e-05,0.168165
18720,5.2000,0.90357331,4.642969e-05,0.167147
18780,5.2167,0.90079456,4.628281e-05,0.166618
18840,5.2333,0.89801938,4.613281e-05,0.166078
18900,5.2500,0.89525862,4.594583e-05,0.165405
18960,5.2667,0.89250588,4.591250e-05,0.165285
19020,5.2833,0.88974913,4.567083e-05,0.164415
19080,5.3000,0.88702538,4.527500e-05,0.162990
19140,5.3167,0.88431613,4.524167e-05,0.162870
19200,5.3333,0.88159637,4.514531e-05,0.162523
19260,5.3500,0.87889869,4.489531e-05,0.161623
19320,5.3667,0.87620894,4.466615e-05,0.160798
19380,5.3833,0.87353875,4.450781e-05,0.160228
19440,5.4000,0.87086800,4.439115e-05,0.159808
19500,5.4167,0.86821181,4.422813e-05,0.159221
19560,5.4333,0.86556063,4.404531e-05,0.158563
19620,5.4500,0.86292638,4.375365e-05,0.157513
19680,5.4667,0.86031019,4.372812e-05,0.157421
19740,5.4833,0.85767900,4.361198e-05,0.157003
19800,5.5000,0.85507675,4.325781e-05,0.155728
19860,5.5167,0.85248806,4.323177e-05,0.155634
19920,5.5333,0.84988894,4.321510e-05,0.155574
19980,5.5500,0.84730225,4.284115e-05,0.154228
20040,5.5667,0.84474800,4.263646e-05,0.153491
20100,5.5833,0.84218587,4.261146e-05,0.153401
20160,5.6000,0.83963463,4.236979e-05,0.152531
20220,5.6167,0.83710150,4.222760e-05,0.152019
20280,5.6333,0.83456731,4.206146e-05,0.151421
20340,5.6500,0.83205412,4.182760e-05,0.150579
20400,5.6667,0.82954800,4.164427e-05,0.149919
20460,5.6833,0.82705681,4.154062e-05,0.149546
20520,5.7000,0.82456313,4.141927e-05,0.149109
20580,5.7167,0.82208650,4.126927e-05,0.148569
20640,5.7333,0.81961081,4.126927e-05,0.148569
20700,5.7500,0.81713419,4.096094e-05,0.147459
20760,5.7667,0.81469550,4.071510e-05,0.146574
20820,5.7833,0.81224838,4.061458e-05,0.146213
20880,5.8000,0.80982175,4.036094e-05,0.145299
20940,5.8167,0.80740506,4.030260e-05,0.145089
21000,5.8333,0.80498544,4.013594e-05,0.144489
21060,5.8500,0.80258875,3.991927e-05,0.143709
21120,5.8667,0.80019513,3.976042e-05,0.143138
21180,5.8833,0.79781750,3.985208e-05,0.143467
21240,5.9000,0.79541288,3.960208e-05,0.142568
21300,5.9167,0.79306525,3.926458e-05,0.141353
21360,5.9333,0.79070113,3.924375e-05,0.141277
21420,5.9500,0.78835600,3.905208e-05,0.140588
21480,5.9667,0.78601488,3.894010e-05,0.140184
21540,5.9833,0.78368319,3.879375e-05,0.139657
21600,6.0000,0.78135963,3.862240e-05,0.139041
21660,6.0167,0.77904850,3.831875e-05,0.137948
21720,6.0333,0.77676137,3.834323e-05,0.138036
21780,6.0500,0.77444731,3.836458e-05,0.138113
21840,6.0667,0.77215762,3.804792e-05,0.136972
21900,6.0833,0.76988156,3.772656e-05,0.135816
21960,6.1000,0.76763044,3.764375e-05,0.135518
22020,6.1167,0.76536431,3.768021e-05,0.135649
22080,6.1333,0.76310881,3.750104e-05,0.135004
22140,6.1500,0.76086419,3.732708e-05,0.134378
22200,6.1667,0.75862956,3.715990e-05,0.133776
22260,6.1833,0.75640500,3.699271e-05,0.133174
22320,6.2000,0.75419044,3.688073e-05,0.132771
22380,6.2167,0.75197931,3.664792e-05,0.131933
22440,6.2333,0.74979269,3.654323e-05,0.131556
22500,6.2500,0.74759412,3.647604e-05,0.131314
22560,6.2667,0.74541556,3.631823e-05,0.130746
22620,6.2833,0.74323594,3.613854e-05,0.130099
22680,6.3000,0.74107894,3.602187e-05,0.129679
22740,6.3167,0.73891331,3.591771e-05,0.129304
22800,6.3333,0.73676881,3.565938e-05,0.128374
22860,6.3500,0.73463419,3.553490e-05,0.127926
22920,6.3667,0.73250462,3.550104e-05,0.127804
22980,6.3833,0.73037406,3.535885e-05,0.127292
23040,6.4000,0.72826156,3.513854e-05,0.126499
23100,6.4167,0.72615744,3.517604e-05,0.126634
23160,6.4333,0.72404044,3.495052e-05,0.125822
23220,6.4500,0.72196337,3.468021e-05,0.124849
23280,6.4667,0.71987881,3.459323e-05,0.124536
23340,6.4833,0.71781219,3.445938e-05,0.124054
23400,6.5000,0.71574369,3.444219e-05,0.123992
23460,6.5167,0.71367912,3.422188e-05,0.123199
23520,6.5333,0.71163706,3.404635e-05,0.122567
23580,6.5500,0.70959356,3.407917e-05,0.122685
23640,6.5667,0.70754756,3.382969e-05,0.121787
23700,6.5833,0.70553400,3.362187e-05,0.121039
23760,6.6000,0.70351294,3.366719e-05,0.121202
23820,6.6167,0.70149394,3.344635e-05,0.120407
23880,6.6333,0.69949937,3.326302e-05,0.119747
23940,6.6500,0.69750238,3.335052e-05,0.120062
24000,6.6667,0.69549731,3.309688e-05,0.119149
24060,6.6833,0.69353075,3.280469e-05,0.118097
24120,6.7000,0.69156075,3.281667e-05,0.118140
24180,6.7167,0.68959275,3.269167e-05,0.117690
24240,6.7333,0.68763775,3.259167e-05,0.117330
24300,6.7500,0.68568175,3.245469e-05,0.116837
24360,6.7667,0.68374319,3.220417e-05,0.115935
24420,6.7833,0.68181725,3.212083e-05,0.115635
24480,6.8000,0.67988869,3.215052e-05,0.115742
24540,6.8167,0.67795919,3.196250e-05,0.115065
24600,6.8333,0.67605319,3.175000e-05,0.114300
24660,6.8500,0.67414919,3.172917e-05,0.114225
24720,6.8667,0.67224569,3.152083e-05,0.113475
24780,6.8833,0.67036669,3.132083e-05,0.112755
24840,6.9000,0.66848719,3.133333e-05,0.112800
24900,6.9167,0.66660669,3.110833e-05,0.111990
24960,6.9333,0.66475419,3.108333e-05,0.111900
25020,6.9500,0.66287669,3.104167e-05,0.111750
25080,6.9667,0.66102919,3.071615e-05,0.110578
25140,6.9833,0.65919075,3.068698e-05,0.110473
25200,7.0000,0.65734675,3.065000e-05,0.110340
25260,7.0167,0.65551275,3.049948e-05,0.109798
25320,7.0333,0.65368681,3.029948e-05,0.109078
25380,7.0500,0.65187681,3.017917e-05,0.108645
25440,7.0667,0.65006531,3.016250e-05,0.108585
25500,7.0833,0.64825731,2.992031e-05,0.107713
25560,7.1000,0.64647488,2.968281e-05,0.106858
25620,7.1167,0.64469538,2.978698e-05,0.107233
25680,7.1333,0.64290044,2.974948e-05,0.107098
25740,7.1500,0.64112544,2.959948e-05,0.106558
25800,7.1667,0.63934850,2.938281e-05,0.105778
25860,7.1833,0.63759950,2.918281e-05,0.105058
25920,7.2000,0.63584656,2.921146e-05,0.105161
25980,7.2167,0.63409412,2.909948e-05,0.104758
26040,7.2333,0.63235462,2.897448e-05,0.104308
26100,7.2500,0.63061719,2.881615e-05,0.103738
26160,7.2667,0.62889669,2.860781e-05,0.102988
26220,7.2833,0.62718425,2.866094e-05,0.103179
26280,7.3000,0.62545737,2.857396e-05,0.102866
26340,7.3167,0.62375538,2.830417e-05,0.101895
26400,7.3333,0.62206087,2.825781e-05,0.101728
26460,7.3500,0.62036444,2.821510e-05,0.101574
26520,7.3667,0.61867506,2.801094e-05,0.100839
26580,7.3833,0.61700312,2.793229e-05,0.100556
26640,7.4000,0.61532319,2.783281e-05,0.100198
26700,7.4167,0.61366319,2.776146e-05,0.099941
26760,7.4333,0.61199181,2.752812e-05,0.099101
26820,7.4500,0.61035981,2.751146e-05,0.099041
26880,7.4667,0.60869044,2.756979e-05,0.099251
26940,7.4833,0.60705144,2.719062e-05,0.097886
27000,7.5000,0.60542756,2.719844e-05,0.097914
27060,7.5167,0.60378763,2.707813e-05,0.097481
27120,7.5333,0.60217819,2.696094e-05,0.097059
27180,7.5500,0.60055231,2.690260e-05,0.096849
27240,7.5667,0.59894988,2.661563e-05,0.095816
27300,7.5833,0.59735844,2.667813e-05,0.096041
27360,7.6000,0.59574850,2.658229e-05,0.095696
27420,7.6167,0.59416856,2.641146e-05,0.095081
27480,7.6333,0.59257913,2.625260e-05,0.094509
27540,7.6500,0.59101825,2.623177e-05,0.094434
27600,7.6667,0.58943131,2.621927e-05,0.094389
27660,7.6833,0.58787194,2.608594e-05,0.093909
27720,7.7000,0.58630100,2.584479e-05,0.093041
27780,7.7167,0.58477056,2.574427e-05,0.092679
27840,7.7333,0.58321169,2.593125e-05,0.093353
27900,7.7500,0.58165881,2.570260e-05,0.092529
27960,7.7667,0.58012738,2.540729e-05,0.091466
28020,7.7833,0.57860994,2.541042e-05,0.091478
28080,7.8000,0.57707812,2.537708e-05,0.091357
28140,7.8167,0.57556469,2.518594e-05,0.090669
28200,7.8333,0.57405581,2.512344e-05,0.090444
28260,7.8500,0.57254988,2.489479e-05,0.089621
28320,7.8667,0.57106844,2.493958e-05,0.089783
28380,7.8833,0.56955712,2.496458e-05,0.089873
28440,7.9000,0.56807269,2.464844e-05,0.088734
28500,7.9167,0.56659931,2.455208e-05,0.088387
28560,7.9333,0.56512644,2.449010e-05,0.088164
28620,7.9500,0.56366050,2.438594e-05,0.087789
28680,7.9667,0.56220013,2.431875e-05,0.087548
28740,7.9833,0.56074225,2.427292e-05,0.087383
28800,8.0000,0.55928738,2.420208e-05,0.087127
28860,8.0167,0.55783800,2.408958e-05,0.086723
28920,8.0333,0.55639662,2.394792e-05,0.086213
28980,8.0500,0.55496425,2.381042e-05,0.085718
29040,8.0667,0.55353937,2.391458e-05,0.086093
29100,8.0833,0.55209450,2.374010e-05,0.085464
29160,8.1000,0.55069056,2.349375e-05,0.084578
29220,8.1167,0.54927525,2.348490e-05,0.084546
29280,8.1333,0.54787237,2.333125e-05,0.083992
29340,8.1500,0.54647550,2.336458e-05,0.084112
29400,8.1667,0.54506862,2.323125e-05,0.083633
29460,8.1833,0.54368775,2.308490e-05,0.083106
29520,8.2000,0.54229844,2.307708e-05,0.083078
29580,8.2167,0.54091850,2.294375e-05,0.082597
29640,8.2333,0.53954519,2.277240e-05,0.081981
29700,8.2500,0.53818581,2.268125e-05,0.081653
29760,8.2667,0.53682344,2.272708e-05,0.081817
29820,8.2833,0.53545856,2.256823e-05,0.081246
29880,8.3000,0.53411525,2.254323e-05,0.081156
29940,8.3167,0.53275337,2.249323e-05,0.080976
30000,8.3333,0.53141606,2.218906e-05,0.079881
30060,8.3500,0.53009069,2.207292e-05,0.079462
30120,8.3667,0.52876731,2.205573e-05,0.079401
30180,8.3833,0.52744400,2.211823e-05,0.079626
30240,8.4000,0.52611312,2.210156e-05,0.079566
30300,8.4167,0.52479181,2.186823e-05,0.078726
30360,8.4333,0.52348894,2.168906e-05,0.078081
30420,8.4500,0.52218913,2.167240e-05,0.078021
30480,8.4667,0.52088825,2.160573e-05,0.077781
30540,8.4833,0.51959644,2.153490e-05,0.077526
30600,8.5000,0.51830406,2.144375e-05,0.077198
30660,8.5167,0.51702319,2.127656e-05,0.076596
30720,8.5333,0.51575088,2.129688e-05,0.076669
30780,8.5500,0.51446756,2.115573e-05,0.076161
30840,8.5667,0.51321219,2.114740e-05,0.076131
30900,8.5833,0.51192988,2.107604e-05,0.075874
30960,8.6000,0.51068306,2.083021e-05,0.074989
31020,8.6167,0.50943025,2.088906e-05,0.075201
31080,8.6333,0.50817638,2.069323e-05,0.074496
31140,8.6500,0.50694706,2.070104e-05,0.074524
31200,8.6667,0.50569225,2.066354e-05,0.074389
31260,8.6833,0.50446744,2.053490e-05,0.073926
31320,8.7000,0.50322806,2.044323e-05,0.073596
31380,8.7167,0.50201425,2.032187e-05,0.073159
31440,8.7333,0.50078944,2.033854e-05,0.073219
31500,8.7500,0.49957363,2.007604e-05,0.072274
31560,8.7667,0.49838031,2.007604e-05,0.072274
31620,8.7833,0.49716450,2.004271e-05,0.072154
31680,8.8000,0.49597519,1.986354e-05,0.071509
31740,8.8167,0.49478088,1.994271e-05,0.071794
31800,8.8333,0.49358206,1.982188e-05,0.071359
31860,8.8500,0.49240225,1.976771e-05,0.071164
31920,8.8667,0.49120994,1.962656e-05,0.070656
31980,8.8833,0.49004706,1.945990e-05,0.070056
32040,8.9000,0.48887475,1.945052e-05,0.070022
32100,8.9167,0.48771300,1.929219e-05,0.069452
32160,8.9333,0.48655969,1.941771e-05,0.069904
32220,8.9500,0.48538287,1.940937e-05,0.069874
32280,8.9667,0.48423056,1.905469e-05,0.068597
32340,8.9833,0.48309631,1.909688e-05,0.068749
32400,9.0000,0.48193894,1.904271e-05,0.068554
32460,9.0167,0.48081119,1.887604e-05,0.067954
32520,9.0333,0.47967381,1.888437e-05,0.067984
32580,9.0500,0.47854506,1.872552e-05,0.067412
32640,9.0667,0.47742675,1.860938e-05,0.066994
32700,9.0833,0.47631194,1.861719e-05,0.067022
32760,9.1000,0.47519269,1.863802e-05,0.067097
32820,9.1167,0.47407538,1.859271e-05,0.066934
32880,9.1333,0.47296156,1.847969e-05,0.066527
32940,9.1500,0.47185781,1.826302e-05,0.065747
33000,9.1667,0.47077000,1.815104e-05,0.065344
33060,9.1833,0.46967969,1.828021e-05,0.065809
33120,9.2000,0.46857637,1.815521e-05,0.065359
33180,9.2167,0.46750106,1.792552e-05,0.064532
33240,9.2333,0.46642531,1.797552e-05,0.064712
33300,9.2500,0.46534400,1.799635e-05,0.064787
33360,9.2667,0.46426575,1.785469e-05,0.064277
33420,9.2833,0.46320144,1.766719e-05,0.063602
33480,9.3000,0.46214569,1.763802e-05,0.063497
33540,9.3167,0.46108488,1.757969e-05,0.063287
33600,9.3333,0.46003612,1.751719e-05,0.063062
33660,9.3500,0.45898281,1.750885e-05,0.063032
33720,9.3667,0.45793506,1.739635e-05,0.062627
33780,9.3833,0.45689525,1.735469e-05,0.062477
33840,9.4000,0.45585250,1.725000e-05,0.062100
33900,9.4167,0.45482525,1.713385e-05,0.061682
33960,9.4333,0.45379644,1.712969e-05,0.061667
34020,9.4500,0.45276969,1.707500e-05,0.061470
34080,9.4667,0.45174744,1.700469e-05,0.061217
34140,9.4833,0.45072913,1.702552e-05,0.061292
34200,9.5000,0.44970437,1.676302e-05,0.060347
34260,9.5167,0.44871756,1.669219e-05,0.060092
34320,9.5333,0.44770131,1.676719e-05,0.060362
34380,9.5500,0.44670550,1.652917e-05,0.059505
34440,9.5667,0.44571781,1.660000e-05,0.059760
34500,9.5833,0.44471350,1.665885e-05,0.059972
34560,9.6000,0.44371875,1.637500e-05,0.058950
34620,9.6167,0.44274850,1.630052e-05,0.058682
34680,9.6333,0.44176269,1.632969e-05,0.058787
34740,9.6500,0.44078894,1.629167e-05,0.058650
34800,9.6667,0.43980769,1.618385e-05,0.058262
34860,9.6833,0.43884688,1.628750e-05,0.058635
34920,9.7000,0.43785319,1.611615e-05,0.058018
34980,9.7167,0.43691294,1.582135e-05,0.056957
35040,9.7333,0.43595463,1.585469e-05,0.057077
35100,9.7500,0.43501038,1.589167e-05,0.057210
35160,9.7667,0.43404762,1.593333e-05,0.057360
35220,9.7833,0.43309838,1.569167e-05,0.056490
35280,9.8000,0.43216463,1.563333e-05,0.056280
35340,9.8167,0.43122238,1.551667e-05,0.055860
35400,9.8333,0.43030262,1.540000e-05,0.055440
35460,9.8500,0.42937438,1.544219e-05,0.055592
35520,9.8667,0.42844956,1.538802e-05,0.055397
35580,9.8833,0.42752781,1.546198e-05,0.055663
35640,9.9000,0.42659412,1.542031e-05,0.055513
35700,9.9167,0.42567737,1.513802e-05,0.054497
35760,9.9333,0.42477756,1.504583e-05,0.054165
35820,9.9500,0.42387188,1.521198e-05,0.054763
35880,9.9667,0.42295213,1.507552e-05,0.054272
35940,9.9833,0.42206281,1.490000e-05,0.053640
36000,10.0000,0.42116413,1.500365e-05,0.054013
36060,10.0167,0.42026238,1.496250e-05,0.053865
36120,10.0333,0.41936862,1.475365e-05,0.053113
36180,10.0500,0.41849194,1.470417e-05,0.052935
36240,10.0667,0.41760412,1.477917e-05,0.053205
36300,10.0833,0.41671844,1.457865e-05,0.052483
36360,10.1000,0.41585469,1.452083e-05,0.052275
36420,10.1167,0.41497594,1.455833e-05,0.052410
36480,10.1333,0.41410769,1.432500e-05,0.051570
36540,10.1500,0.41325694,1.431250e-05,0.051525
36600,10.1667,0.41239019,1.442448e-05,0.051928
36660,10.1833,0.41152600,1.424948e-05,0.051298
36720,10.2000,0.41068025,1.418750e-05,0.051075
36780,10.2167,0.40982350,1.415417e-05,0.050955
36840,10.2333,0.40898175,1.407500e-05,0.050670
36900,10.2500,0.40813450,1.412448e-05,0.050848
36960,10.2667,0.40728681,1.401146e-05,0.050441
37020,10.2833,0.40645313,1.394531e-05,0.050203
37080,10.3000,0.40561337,1.393333e-05,0.050160
37140,10.3167,0.40478112,1.370000e-05,0.049320
37200,10.3333,0.40396938,1.370365e-05,0.049333
37260,10.3500,0.40313669,1.381615e-05,0.049738
37320,10.3667,0.40231144,1.350781e-05,0.048628
37380,10.3833,0.40151575,1.364115e-05,0.049108
37440,10.4000,0.40067450,1.360365e-05,0.048973
37500,10.4167,0.39988331,1.316667e-05,0.047400
37560,10.4333,0.39909450,1.350000e-05,0.048600
37620,10.4500,0.39826331,1.357448e-05,0.048868
37680,10.4667,0.39746556,1.332865e-05,0.047983
37740,10.4833,0.39666387,1.325313e-05,0.047711
37800,10.5000,0.39587519,1.322083e-05,0.047595
37860,10.5167,0.39507738,1.305000e-05,0.046980
37920,10.5333,0.39430919,1.303229e-05,0.046916
37980,10.5500,0.39351350,1.306615e-05,0.047038
38040,10.5667,0.39274125,1.298698e-05,0.046753
38100,10.5833,0.39195506,1.304479e-05,0.046961
38160,10.6000,0.39117588,1.297865e-05,0.046723
38220,10.6167,0.39039763,1.286615e-05,0.046318
38280,10.6333,0.38963194,1.275781e-05,0.045928
38340,10.6500,0.38886669,1.282865e-05,0.046183
38400,10.6667,0.38809250,1.260365e-05,0.045373
38460,10.6833,0.38735425,1.241667e-05,0.044700
38520,10.7000,0.38660250,1.255365e-05,0.045193
38580,10.7167,0.38584781,1.256198e-05,0.045223
38640,10.7333,0.38509506,1.260729e-05,0.045386
38700,10.7500,0.38433494,1.243646e-05,0.044771
38760,10.7667,0.38360269,1.234167e-05,0.044430
38820,10.7833,0.38285394,1.233646e-05,0.044411
38880,10.8000,0.38212231,1.221979e-05,0.043991
38940,10.8167,0.38138756,1.224583e-05,0.044085
39000,10.8333,0.38065281,1.210781e-05,0.043588
39060,10.8500,0.37993462,1.207448e-05,0.043468
39120,10.8667,0.37920388,1.222396e-05,0.044006
39180,10.8833,0.37846775,1.208646e-05,0.043511
39240,10.9000,0.37775350,1.192031e-05,0.042913
39300,10.9167,0.37703731,1.198229e-05,0.043136
39360,10.9333,0.37631563,1.194531e-05,0.043003
39420,10.9500,0.37560387,1.174948e-05,0.042298
39480,10.9667,0.37490569,1.183646e-05,0.042611
39540,10.9833,0.37418350,1.181146e-05,0.042521
39600,11.0000,0.37348831,1.150781e-05,0.041428
39660,11.0167,0.37280256,1.161198e-05,0.041803
39720,11.0333,0.37209487,1.166146e-05,0.041981
39780,11.0500,0.37140319,1.155312e-05,0.041591
39840,11.0667,0.37070850,1.143698e-05,0.041173
39900,11.0833,0.37003075,1.141615e-05,0.041098
39960,11.1000,0.36933856,1.134479e-05,0.040841
40020,11.1167,0.36866938,1.135729e-05,0.040886
40080,11.1333,0.36797569,1.134063e-05,0.040826
40140,11.1500,0.36730850,1.118281e-05,0.040258
40200,11.1667,0.36663375,1.135781e-05,0.040888
40260,11.1833,0.36594556,1.121146e-05,0.040361
40320,11.2000,0.36528837,1.098229e-05,0.039536
40380,11.2167,0.36462769,1.112396e-05,0.040046
40440,11.2333,0.36395350,1.117812e-05,0.040241
40500,11.2500,0.36328631,1.105365e-05,0.039793
40560,11.2667,0.36262706,1.087813e-05,0.039161
40620,11.2833,0.36198094,1.080313e-05,0.038891
40680,11.3000,0.36133069,1.090781e-05,0.039268
40740,11.3167,0.36067200,1.099062e-05,0.039566
40800,11.3333,0.36001181,1.071146e-05,0.038561
40860,11.3500,0.35938663,1.064479e-05,0.038321
40920,11.3667,0.35873444,1.071979e-05,0.038591
40980,11.3833,0.35810025,1.069479e-05,0.038501
41040,11.4000,0.35745106,1.070365e-05,0.038533
41100,11.4167,0.35681581,1.049896e-05,0.037796
41160,11.4333,0.35619119,1.043594e-05,0.037569
41220,11.4500,0.35556350,1.048281e-05,0.037738
41280,11.4667,0.35493325,1.034479e-05,0.037241
41340,11.4833,0.35432212,1.031927e-05,0.037149
41400,11.5000,0.35369494,1.039531e-05,0.037423
41460,11.5167,0.35307469,1.028281e-05,0.037018
41520,11.5333,0.35246100,1.050260e-05,0.037809
41580,11.5500,0.35181438,1.032344e-05,0.037164
41640,11.5667,0.35122219,9.957292e-06,0.035846
41700,11.5833,0.35061950,1.020312e-05,0.036731
41760,11.6000,0.34999781,1.017396e-05,0.036626
41820,11.6167,0.34939863,9.919792e-06,0.035711
41880,11.6333,0.34880744,9.911458e-06,0.035681
41940,11.6500,0.34820925,1.009062e-05,0.036326
42000,11.6667,0.34759656,1.001563e-05,0.036056
42060,11.6833,0.34700738,9.882292e-06,0.035576
42120,11.7000,0.34641069,9.753125e-06,0.035111
42180,11.7167,0.34583700,9.719792e-06,0.034991
42240,11.7333,0.34524431,9.853125e-06,0.035471
42300,11.7500,0.34465462,9.744792e-06,0.035081
42360,11.7667,0.34407494,9.698958e-06,0.034916
42420,11.7833,0.34349075,9.635937e-06,0.034689
42480,11.8000,0.34291863,9.627604e-06,0.034659
42540,11.8167,0.34233544,9.590625e-06,0.034526
42600,11.8333,0.34176775,9.440104e-06,0.033984
42660,11.8500,0.34120262,9.623958e-06,0.034646
42720,11.8667,0.34061287,9.628646e-06,0.034663
42780,11.8833,0.34004719,9.440104e-06,0.033984
42840,11.9000,0.33948006,9.406771e-06,0.033864
42900,11.9167,0.33891838,9.244792e-06,0.033281
42960,11.9333,0.33837069,9.365625e-06,0.033716
43020,11.9500,0.33779450,9.369271e-06,0.033729
43080,11.9667,0.33724638,9.065625e-06,0.032636
43140,11.9833,0.33670662,9.111458e-06,0.032801
43200,12.0000,0.33615300,9.211458e-06,0.033161
43260,12.0167,0.33560125,9.240625e-06,0.033266
43320,12.0333,0.33504413,9.177604e-06,0.033039
43380,12.0500,0.33449994,9.015625e-06,0.032456
43440,12.0667,0.33396225,8.885937e-06,0.031989
43500,12.0833,0.33343363,8.960937e-06,0.032259
43560,12.1000,0.33288694,9.023958e-06,0.032486
43620,12.1167,0.33235075,8.823958e-06,0.031766
43680,12.1333,0.33182806,8.840104e-06,0.031824
43740,12.1500,0.33128994,8.906771e-06,0.032064
43800,12.1667,0.33075925,8.786458e-06,0.031631
43860,12.1833,0.33023556,8.765625e-06,0.031556
43920,12.2000,0.32970738,8.815625e-06,0.031736
43980,12.2167,0.32917769,8.590625e-06,0.030926
44040,12.2333,0.32867650,8.669271e-06,0.031209
44100,12.2500,0.32813738,8.827604e-06,0.031779
44160,12.2667,0.32761719,8.507292e-06,0.030626
44220,12.2833,0.32711650,8.540104e-06,0.030744
44280,12.3000,0.32659237,8.669271e-06,0.031209
44340,12.3167,0.32607619,8.565625e-06,0.030836
44400,12.3333,0.32556450,8.473958e-06,0.030506
44460,12.3500,0.32505931,8.373958e-06,0.030146
44520,12.3667,0.32455962,8.318750e-06,0.029947
44580,12.3833,0.32406106,8.314583e-06,0.029932
44640,12.4000,0.32356187,8.444792e-06,0.030401
44700,12.4167,0.32304769,8.298958e-06,0.029876
44760,12.4333,0.32256600,8.098958e-06,0.029156
44820,12.4500,0.32207581,8.240104e-06,0.029664
44880,12.4667,0.32157719,8.356771e-06,0.030084
44940,12.4833,0.32107300,8.103125e-06,0.029171
45000,12.5000,0.32060481,8.031771e-06,0.028914
45060,12.5167,0.32010919,8.202604e-06,0.029529
45120,12.5333,0.31962050,8.103125e-06,0.029171
45180,12.5500,0.31913681,8.031771e-06,0.028914
45240,12.5667,0.31865669,8.019271e-06,0.028869
45300,12.5833,0.31817450,7.994271e-06,0.028779
45360,12.6000,0.31769738,7.856771e-06,0.028284
45420,12.6167,0.31723169,7.923958e-06,0.028526
45480,12.6333,0.31674650,8.006771e-06,0.028824
45540,12.6500,0.31627087,7.861458e-06,0.028301
45600,12.6667,0.31580312,7.794792e-06,0.028061
45660,12.6833,0.31533550,7.747917e-06,0.027892
45720,12.7000,0.31487338,7.790104e-06,0.028044
45780,12.7167,0.31440069,7.860938e-06,0.028299
45840,12.7333,0.31393006,7.548958e-06,0.027176
45900,12.7500,0.31349481,7.540625e-06,0.027146
45960,12.7667,0.31302519,7.760417e-06,0.027938
46020,12.7833,0.31256356,7.618750e-06,0.027427
46080,12.8000,0.31211094,7.528125e-06,0.027101
46140,12.8167,0.31166019,7.415625e-06,0.026696
46200,12.8333,0.31122106,7.677083e-06,0.027637
46260,12.8500,0.31073894,7.660938e-06,0.027579
46320,12.8667,0.31030175,7.386458e-06,0.026591
46380,12.8833,0.30985256,7.298438e-06,0.026274
46440,12.9000,0.30942594,7.356771e-06,0.026484
46500,12.9167,0.30896975,7.569271e-06,0.027249
46560,12.9333,0.30851763,7.281771e-06,0.026214
46620,12.9500,0.30809594,7.256771e-06,0.026124
46680,12.9667,0.30764681,7.423438e-06,0.026724
46740,12.9833,0.30720513,7.256771e-06,0.026124
46800,13.0000,0.30677600,7.198438e-06,0.025914
46860,13.0167,0.30634131,7.252604e-06,0.026109
46920,13.0333,0.30590569,7.135937e-06,0.025689
46980,13.0500,0.30548500,7.148437e-06,0.025734
47040,13.0667,0.30504787,7.135938e-06,0.025689
47100,13.0833,0.30462869,7.057292e-06,0.025406
47160,13.1000,0.30420100,7.177604e-06,0.025839
47220,13.1167,0.30376738,7.081771e-06,0.025494
47280,13.1333,0.30335119,7.115104e-06,0.025614
47340,13.1500,0.30291356,6.944271e-06,0.024999
47400,13.1667,0.30251787,6.760938e-06,0.024339
47460,13.1833,0.30210225,7.019271e-06,0.025269
47520,13.2000,0.30167556,6.960937e-06,0.025059
47580,13.2167,0.30126694,6.902604e-06,0.024849
47640,13.2333,0.30084725,6.815104e-06,0.024534
47700,13.2500,0.30044912,6.764583e-06,0.024352
47760,13.2667,0.30003550,6.840104e-06,0.024624
47820,13.2833,0.29962831,6.790625e-06,0.024446
47880,13.3000,0.29922063,6.769271e-06,0.024369
47940,13.3167,0.29881600,6.769271e-06,0.024369
48000,13.3333,0.29840831,6.752604e-06,0.024309
48060,13.3500,0.29800569,6.547917e-06,0.023573
48120,13.3667,0.29762256,6.690104e-06,0.024084
48180,13.3833,0.29720288,6.635938e-06,0.023889
48240,13.4000,0.29682625,6.531771e-06,0.023514
48300,13.4167,0.29641906,6.723437e-06,0.024204
48360,13.4333,0.29601944,6.544271e-06,0.023559
48420,13.4500,0.29563375,6.502604e-06,0.023409
48480,13.4667,0.29523912,6.498437e-06,0.023394
48540,13.4833,0.29485394,6.477604e-06,0.023319
48600,13.5000,0.29446181,6.494271e-06,0.023379
48660,13.5167,0.29407463,6.477604e-06,0.023319
48720,13.5333,0.29368450,6.423437e-06,0.023124
48780,13.5500,0.29330381,6.248438e-06,0.022494
48840,13.5667,0.29293469,6.343750e-06,0.022837
48900,13.5833,0.29254256,6.502604e-06,0.023409
48960,13.6000,0.29215437,6.381771e-06,0.022974
49020,13.6167,0.29177675,6.177083e-06,0.022237
49080,13.6333,0.29141312,6.173437e-06,0.022224
49140,13.6500,0.29103594,6.306771e-06,0.022704
49200,13.6667,0.29065631,6.231250e-06,0.022432
49260,13.6833,0.29028819,6.156771e-06,0.022164
49320,13.7000,0.28991750,6.228125e-06,0.022421
49380,13.7167,0.28954081,6.173438e-06,0.022224
49440,13.7333,0.28917669,6.122917e-06,0.022043
49500,13.7500,0.28880606,6.068750e-06,0.021847
49560,13.7667,0.28844844,6.093750e-06,0.021937
49620,13.7833,0.28807481,6.132292e-06,0.022076
49680,13.8000,0.28771256,5.944792e-06,0.021401
49740,13.8167,0.28736144,5.993750e-06,0.021578
49800,13.8333,0.28699331,6.102083e-06,0.021967
49860,13.8500,0.28662919,5.910938e-06,0.021279
49920,13.8667,0.28628400,5.819271e-06,0.020949
49980,13.8833,0.28593088,5.947917e-06,0.021412
50040,13.9000,0.28557025,5.910938e-06,0.021279
50100,13.9167,0.28522156,5.960938e-06,0.021459
50160,13.9333,0.28485494,5.918750e-06,0.021307
50220,13.9500,0.28451131,5.844271e-06,0.021039
50280,13.9667,0.28415362,5.902604e-06,0.021249
50340,13.9833,0.28380300,5.897917e-06,0.021232
50400,14.0000,0.28344588,5.723437e-06,0.020604
50460,14.0167,0.28311619,5.685938e-06,0.020469
50520,14.0333,0.28276356,5.810937e-06,0.020919
50580,14.0500,0.28241888,5.660938e-06,0.020379
50640,14.0667,0.28208425,5.623438e-06,0.020244
50700,14.0833,0.28174406,5.614583e-06,0.020212
50760,14.1000,0.28141050,5.656250e-06,0.020362
50820,14.1167,0.28106531,5.760937e-06,0.020739
50880,14.1333,0.28071919,5.735937e-06,0.020649
50940,14.1500,0.28037700,5.594271e-06,0.020139
51000,14.1667,0.28004788,5.485417e-06,0.019748
51060,14.1833,0.27971875,5.589583e-06,0.020122
51120,14.2000,0.27937713,5.523437e-06,0.019884
51180,14.2167,0.27905594,5.435938e-06,0.019569
51240,14.2333,0.27872481,5.552083e-06,0.019987
51300,14.2500,0.27838969,5.552083e-06,0.019987
51360,14.2667,0.27805856,5.490104e-06,0.019764
51420,14.2833,0.27773087,5.506771e-06,0.019824
51480,14.3000,0.27739775,5.485417e-06,0.019748
51540,14.3167,0.27707262,5.265104e-06,0.018954
51600,14.3333,0.27676594,5.277083e-06,0.018997
51660,14.3500,0.27643938,5.443750e-06,0.019597
51720,14.3667,0.27611269,5.423958e-06,0.019526
51780,14.3833,0.27578850,5.306250e-06,0.019103
51840,14.4000,0.27547594,5.131250e-06,0.018472
51900,14.4167,0.27517275,5.252604e-06,0.018909
51960,14.4333,0.27484562,5.352604e-06,0.019269
52020,14.4500,0.27453044,5.335417e-06,0.019208
52080,14.4667,0.27420537,5.218750e-06,0.018787
52140,14.4833,0.27390419,5.215104e-06,0.018774
52200,14.5000,0.27357956,5.390104e-06,0.019404
52260,14.5167,0.27325738,5.160417e-06,0.018577
52320,14.5333,0.27296031,5.085417e-06,0.018308
52380,14.5500,0.27264712,5.227604e-06,0.018819
52440,14.5667,0.27233300,5.035937e-06,0.018129
52500,14.5833,0.27204281,4.969271e-06,0.017889
52560,14.6000,0.27173669,5.097396e-06,0.018351
52620,14.6167,0.27143112,5.039583e-06,0.018142
52680,14.6333,0.27113194,5.027604e-06,0.018099
52740,14.6500,0.27082781,5.152083e-06,0.018547
52800,14.6667,0.27051369,5.102604e-06,0.018369
52860,14.6833,0.27021550,4.860938e-06,0.017499
52920,14.7000,0.26993037,4.956250e-06,0.017843
52980,14.7167,0.26962075,5.064583e-06,0.018232
53040,14.7333,0.26932263,5.056250e-06,0.018202
53100,14.7500,0.26901400,4.927083e-06,0.017738
53160,14.7667,0.26873137,4.881771e-06,0.017574
53220,14.7833,0.26842819,4.915104e-06,0.017694
53280,14.8000,0.26814156,4.847917e-06,0.017453
53340,14.8167,0.26784644,4.764583e-06,0.017152
53400,14.8333,0.26756981,4.865104e-06,0.017514
53460,14.8500,0.26726263,4.927604e-06,0.017739
53520,14.8667,0.26697850,4.797917e-06,0.017273
53580,14.8833,0.26668687,4.739583e-06,0.017063
53640,14.9000,0.26640975,4.822917e-06,0.017363
53700,14.9167,0.26610812,4.843750e-06,0.017437
53760,14.9333,0.26582850,4.764583e-06,0.017152
53820,14.9500,0.26553638,4.769271e-06,0.017169
53880,14.9667,0.26525619,4.690104e-06,0.016884
53940,14.9833,0.26497356,4.756250e-06,0.017123
54000,15.0000,0.26468544,4.852083e-06,0.017468
54060,15.0167,0.26439131,4.593750e-06,0.016538
54120,15.0333,0.26413419,4.606250e-06,0.016582
54180,15.0500,0.26383856,4.752083e-06,0.017107
54240,15.0667,0.26356394,4.594271e-06,0.016539
54300,15.0833,0.26328725,4.631771e-06,0.016674
54360,15.1000,0.26300812,4.447917e-06,0.016012
54420,15.1167,0.26275350,4.543750e-06,0.016357
54480,15.1333,0.26246287,4.685417e-06,0.016867
54540,15.1500,0.26219125,4.443750e-06,0.015997
54600,15.1667,0.26192963,4.556250e-06,0.016403
54660,15.1833,0.26164450,4.635417e-06,0.016688
54720,15.2000,0.26137337,4.660937e-06,0.016779
54780,15.2167,0.26108519,4.498437e-06,0.016194
54840,15.2333,0.26083356,4.293750e-06,0.015457
54900,15.2500,0.26056994,4.485417e-06,0.016148
54960,15.2667,0.26029531,4.510417e-06,0.016238
55020,15.2833,0.26002869,4.456250e-06,0.016042
55080,15.3000,0.25976056,4.368750e-06,0.015727
55140,15.3167,0.25950444,4.418750e-06,0.015908
55200,15.3333,0.25923031,4.460417e-06,0.016058
55260,15.3500,0.25896919,4.269271e-06,0.015369
55320,15.3667,0.25871800,4.340104e-06,0.015624
55380,15.3833,0.25844838,4.543229e-06,0.016356
55440,15.4000,0.25817281,4.393229e-06,0.015816
55500,15.4167,0.25792119,4.248437e-06,0.015294
55560,15.4333,0.25766300,4.448437e-06,0.016014
55620,15.4500,0.25738738,4.206250e-06,0.015142
55680,15.4667,0.25715825,4.156250e-06,0.014963
55740,15.4833,0.25688862,4.268750e-06,0.015367
55800,15.5000,0.25664600,4.352083e-06,0.015667
55860,15.5167,0.25636638,4.335417e-06,0.015607
55920,15.5333,0.25612575,4.064583e-06,0.014633
55980,15.5500,0.25587862,4.214583e-06,0.015173
56040,15.5667,0.25562000,4.244271e-06,0.015279
56100,15.5833,0.25536931,4.302083e-06,0.015488
56160,15.6000,0.25510375,4.105729e-06,0.014781
56220,15.6167,0.25487663,4.023437e-06,0.014484
56280,15.6333,0.25462094,4.252083e-06,0.015308
56340,15.6500,0.25436637,4.055729e-06,0.014601
56400,15.6667,0.25413425,4.027083e-06,0.014497
56460,15.6833,0.25388312,4.277083e-06,0.015398
56520,15.7000,0.25362100,4.169271e-06,0.015009
56580,15.7167,0.25338281,3.993750e-06,0.014377
56640,15.7333,0.25314175,4.077083e-06,0.014677
56700,15.7500,0.25289356,4.089583e-06,0.014723
56760,15.7667,0.25265100,4.072396e-06,0.014661
56820,15.7833,0.25240488,3.981250e-06,0.014332
56880,15.8000,0.25217325,3.927083e-06,0.014138
56940,15.8167,0.25193362,4.010937e-06,0.014439
57000,15.8333,0.25169194,4.118750e-06,0.014827
57060,15.8500,0.25143938,4.106250e-06,0.014782
57120,15.8667,0.25119919,3.964583e-06,0.014272
57180,15.8833,0.25096363,3.889583e-06,0.014003
57240,15.9000,0.25073244,3.968750e-06,0.014288
57300,15.9167,0.25048738,3.989062e-06,0.014361
57360,15.9333,0.25025375,3.847917e-06,0.013853
57420,15.9500,0.25002562,3.910417e-06,0.014078
57480,15.9667,0.24978450,3.939583e-06,0.014182
57540,15.9833,0.24955288,3.856250e-06,0.013883
57600,16.0000,0.24932175,4.022917e-06,0.014483
57660,16.0167,0.24907013,3.868750e-06,0.013927
57720,16.0333,0.24885750,3.701562e-06,0.013326
57780,16.0500,0.24862594,3.677083e-06,0.013238
57840,16.0667,0.24841625,3.915104e-06,0.014094
57900,16.0833,0.24815613,4.006250e-06,0.014423
57960,16.1000,0.24793550,3.702083e-06,0.013328
58020,16.1167,0.24771187,3.776562e-06,0.013596
58080,16.1333,0.24748231,3.818750e-06,0.013747
58140,16.1500,0.24725363,3.681771e-06,0.013254
58200,16.1667,0.24704050,3.914063e-06,0.014091
58260,16.1833,0.24678394,3.885417e-06,0.013988
58320,16.2000,0.24657425,3.602083e-06,0.012967
58380,16.2167,0.24635169,3.797396e-06,0.013671
58440,16.2333,0.24611856,3.689583e-06,0.013282
58500,16.2500,0.24590894,3.643750e-06,0.013118
58560,16.2667,0.24568131,3.722917e-06,0.013402
58620,16.2833,0.24546219,3.793750e-06,0.013657
58680,16.3000,0.24522606,3.601563e-06,0.012966
58740,16.3167,0.24503000,3.518750e-06,0.012667
58800,16.3333,0.24480381,3.744271e-06,0.013479
58860,16.3500,0.24458069,3.830729e-06,0.013791
58920,16.3667,0.24434412,3.559896e-06,0.012816
58980,16.3833,0.24415350,3.456771e-06,0.012444
59040,16.4000,0.24392931,3.693750e-06,0.013298
59100,16.4167,0.24371025,3.589063e-06,0.012921
59160,16.4333,0.24349862,3.664583e-06,0.013192
59220,16.4500,0.24327050,3.630729e-06,0.013071
59280,16.4667,0.24306294,3.426562e-06,0.012336
59340,16.4833,0.24285931,3.419271e-06,0.012309
59400,16.5000,0.24265263,3.606771e-06,0.012984
59460,16.5167,0.24242650,3.639063e-06,0.013101
59520,16.5333,0.24221594,3.497396e-06,0.012591
59580,16.5500,0.24200681,3.564583e-06,0.012832
59640,16.5667,0.24178819,3.434896e-06,0.012366
59700,16.5833,0.24159463,3.455729e-06,0.012441
59760,16.6000,0.24137350,3.439583e-06,0.012382
59820,16.6167,0.24118188,3.468750e-06,0.012488
59880,16.6333,0.24095725,3.652083e-06,0.013148
59940,16.6500,0.24074362,3.422396e-06,0.012321
60000,16.6667,0.24054656,3.418750e-06,0.012307
60060,16.6833,0.24033338,3.481771e-06,0.012534
60120,16.7000,0.24012875,3.402083e-06,0.012247
60180,16.7167,0.23992513,3.451562e-06,0.012426
60240,16.7333,0.23971456,3.276563e-06,0.011796
60300,16.7500,0.23953194,3.343750e-06,0.012037
60360,16.7667,0.23931331,3.618750e-06,0.013027
60420,16.7833,0.23909769,3.418750e-06,0.012308
60480,16.8000,0.23890306,3.389063e-06,0.012201
60540,16.8167,0.23869100,3.372396e-06,0.012141
60600,16.8333,0.23849837,3.177083e-06,0.011438
60660,16.8500,0.23830975,3.260417e-06,0.011737
60720,16.8667,0.23810713,3.381250e-06,0.012172
60780,16.8833,0.23790400,3.322396e-06,0.011961
60840,16.9000,0.23770844,3.318229e-06,0.011946
60900,16.9167,0.23750581,3.405729e-06,0.012261
60960,16.9333,0.23729975,3.205729e-06,0.011541
61020,16.9500,0.23712112,3.239583e-06,0.011662
61080,16.9667,0.23691100,3.397917e-06,0.012232
61140,16.9833,0.23671338,3.297917e-06,0.011873
61200,17.0000,0.23651525,3.256250e-06,0.011722
61260,17.0167,0.23632263,3.222917e-06,0.011603
61320,17.0333,0.23612850,3.193750e-06,0.011498
61380,17.0500,0.23593938,3.330208e-06,0.011989
61440,17.0667,0.23572888,3.251042e-06,0.011704
61500,17.0833,0.23554925,3.110417e-06,0.011197
61560,17.1000,0.23535563,3.156250e-06,0.011362
61620,17.1167,0.23517050,3.222917e-06,0.011602
61680,17.1333,0.23496888,3.252083e-06,0.011707
61740,17.1500,0.23478025,3.130729e-06,0.011271
61800,17.1667,0.23459319,3.164063e-06,0.011391
61860,17.1833,0.23440056,3.172917e-06,0.011422
61920,17.2000,0.23421244,3.039583e-06,0.010943
61980,17.2167,0.23403581,3.202083e-06,0.011527
62040,17.2333,0.23382819,3.305729e-06,0.011901
62100,17.2500,0.23363913,3.046875e-06,0.010969
62160,17.2667,0.23346256,2.980729e-06,0.010731
62220,17.2833,0.23328144,3.127083e-06,0.011258
62280,17.3000,0.23308731,3.235417e-06,0.011647
62340,17.3167,0.23289319,3.051562e-06,0.010986
62400,17.3333,0.23272113,2.984896e-06,0.010746
62460,17.3500,0.23253500,3.147917e-06,0.011333
62520,17.3667,0.23234338,3.139063e-06,0.011301
62580,17.3833,0.23215831,3.030729e-06,0.010911
62640,17.4000,0.23197969,3.056250e-06,0.011003
62700,17.4167,0.23179156,2.885417e-06,0.010387
62760,17.4333,0.23163344,2.976562e-06,0.010716
62820,17.4500,0.23143437,3.205729e-06,0.011541
62880,17.4667,0.23124875,2.977083e-06,0.010718
62940,17.4833,0.23107712,2.980729e-06,0.010731
63000,17.5000,0.23089106,3.109896e-06,0.011196
63060,17.5167,0.23070394,3.027083e-06,0.010898
63120,17.5333,0.23052781,2.918229e-06,0.010506
63180,17.5500,0.23035375,2.918229e-06,0.010506
63240,17.5667,0.23017762,3.006250e-06,0.010823
63300,17.5833,0.22999300,3.047396e-06,0.010971
63360,17.6000,0.22981194,2.972396e-06,0.010701
63420,17.6167,0.22963631,2.955729e-06,0.010641
63480,17.6333,0.22945725,2.876563e-06,0.010356
63540,17.6500,0.22929112,2.898437e-06,0.010434
63600,17.6667,0.22910944,2.943750e-06,0.010597
63660,17.6833,0.22893787,2.826563e-06,0.010176
63720,17.7000,0.22877025,2.893229e-06,0.010416
63780,17.7167,0.22859069,2.855729e-06,0.010281
63840,17.7333,0.22842756,2.810417e-06,0.010117
63900,17.7500,0.22825344,2.918229e-06,0.010506
63960,17.7667,0.22807738,3.039063e-06,0.010941
64020,17.7833,0.22788875,2.834896e-06,0.010206
64080,17.8000,0.22773719,2.809896e-06,0.010116
64140,17.8167,0.22755156,2.939062e-06,0.010581
64200,17.8333,0.22738450,2.893229e-06,0.010416
64260,17.8500,0.22720438,2.859896e-06,0.010296
64320,17.8667,0.22704131,2.789063e-06,0.010041
64380,17.8833,0.22686969,2.856250e-06,0.010283
64440,17.9000,0.22669856,2.927083e-06,0.010537
64500,17.9167,0.22651844,2.705729e-06,0.009741
64560,17.9333,0.22637387,2.689063e-06,0.009681
64620,17.9500,0.22619575,2.943229e-06,0.010596
64680,17.9667,0.22602069,2.809896e-06,0.010116
64740,17.9833,0.22585856,2.697396e-06,0.009711
64800,18.0000,0.22569700,2.793229e-06,0.010056
64860,18.0167,0.22552338,2.918229e-06,0.010506
64920,18.0333,0.22534681,2.706250e-06,0.009743
64980,18.0500,0.22519863,2.602083e-06,0.009368
65040,18.0667,0.22503456,2.726563e-06,0.009816
65100,18.0833,0.22487144,2.730729e-06,0.009831
65160,18.1000,0.22470688,2.747396e-06,0.009891
65220,18.1167,0.22454175,2.747396e-06,0.009891
65280,18.1333,0.22437719,2.776042e-06,0.009994
65340,18.1500,0.22420862,2.693750e-06,0.009697
65400,18.1667,0.22405394,2.664583e-06,0.009592
65460,18.1833,0.22388888,2.805729e-06,0.010101
65520,18.2000,0.22371725,2.730729e-06,0.009831
65580,18.2167,0.22356119,2.642708e-06,0.009514
65640,18.2333,0.22340012,2.684896e-06,0.009666
65700,18.2500,0.22323900,2.760417e-06,0.009937
65760,18.2667,0.22306887,2.589583e-06,0.009323
65820,18.2833,0.22292825,2.576563e-06,0.009276
65880,18.3000,0.22275969,2.605208e-06,0.009379
65940,18.3167,0.22261563,2.618229e-06,0.009426
66000,18.3333,0.22244550,2.660417e-06,0.009577
66060,18.3500,0.22229638,2.614063e-06,0.009411
66120,18.3667,0.22213181,2.709896e-06,0.009756
66180,18.3833,0.22197119,2.709896e-06,0.009756
66240,18.4000,0.22180663,2.559375e-06,0.009214
66300,18.4167,0.22166406,2.622917e-06,0.009443
66360,18.4333,0.22149188,2.572917e-06,0.009262
66420,18.4500,0.22135531,2.421875e-06,0.008719
66480,18.4667,0.22120125,2.689062e-06,0.009681
66540,18.4833,0.22103263,2.709896e-06,0.009756
66600,18.5000,0.22087606,2.626563e-06,0.009456
66660,18.5167,0.22071744,2.551563e-06,0.009186
66720,18.5333,0.22056987,2.526563e-06,0.009096
66780,18.5500,0.22041425,2.659896e-06,0.009576
66840,18.5667,0.22025069,2.530208e-06,0.009109
66900,18.5833,0.22011063,2.393750e-06,0.008618
66960,18.6000,0.21996344,2.581250e-06,0.009292
67020,18.6167,0.21980088,2.601042e-06,0.009364
67080,18.6333,0.21965131,2.496875e-06,0.008989
67140,18.6500,0.21950125,2.618750e-06,0.009427
67200,18.6667,0.21933706,2.497917e-06,0.008993
67260,18.6833,0.21920150,2.359375e-06,0.008494
67320,18.7000,0.21905394,2.442708e-06,0.008794
67380,18.7167,0.21890838,2.459896e-06,0.008856
67440,18.7333,0.21875875,2.568750e-06,0.009248
67500,18.7500,0.21860013,2.493229e-06,0.008976
67560,18.7667,0.21845956,2.467708e-06,0.008884
67620,18.7833,0.21830400,2.447396e-06,0.008811
67680,18.8000,0.21816588,2.326562e-06,0.008376
67740,18.8167,0.21802481,2.547396e-06,0.009171
67800,18.8333,0.21786019,2.606250e-06,0.009383
67860,18.8500,0.21771206,2.426563e-06,0.008736
67920,18.8667,0.21756900,2.346875e-06,0.008449
67980,18.8833,0.21743044,2.401042e-06,0.008644
68040,18.9000,0.21728088,2.539583e-06,0.009142
68100,18.9167,0.21712569,2.368750e-06,0.008528
68160,18.9333,0.21699662,2.426042e-06,0.008734
68220,18.9500,0.21683456,2.484896e-06,0.008946
68280,18.9667,0.21669844,2.301562e-06,0.008286
68340,18.9833,0.21655837,2.396875e-06,0.008629
68400,19.0000,0.21641081,2.501042e-06,0.009004
68460,19.0167,0.21625825,2.343229e-06,0.008436
68520,19.0333,0.21612962,2.343750e-06,0.008438
68580,19.0500,0.21597700,2.384896e-06,0.008586
68640,19.0667,0.21584344,2.447396e-06,0.008811
68700,19.0833,0.21568331,2.393229e-06,0.008616
68760,19.1000,0.21555625,2.226042e-06,0.008014
68820,19.1167,0.21541619,2.355729e-06,0.008481
68880,19.1333,0.21527356,2.393229e-06,0.008616
68940,19.1500,0.21512900,2.396875e-06,0.008629
69000,19.1667,0.21498594,2.234896e-06,0.008046
69060,19.1833,0.21486081,2.243229e-06,0.008076
69120,19.2000,0.21471675,2.376563e-06,0.008556
69180,19.2167,0.21457562,2.343750e-06,0.008438
69240,19.2333,0.21443550,2.368229e-06,0.008526
69300,19.2500,0.21429144,2.334375e-06,0.008404
69360,19.2667,0.21415538,2.289063e-06,0.008241
69420,19.2833,0.21401675,2.355729e-06,0.008481
69480,19.3000,0.21387269,2.296875e-06,0.008269
69540,19.3167,0.21374113,2.284896e-06,0.008226
69600,19.3333,0.21359850,2.355729e-06,0.008481
69660,19.3500,0.21345844,2.263542e-06,0.008149
69720,19.3667,0.21332687,2.189063e-06,0.007881
69780,19.3833,0.21319575,2.289062e-06,0.008241
69840,19.4000,0.21305219,2.213542e-06,0.007969
69900,19.4167,0.21293012,2.172396e-06,0.007821
69960,19.4333,0.21279150,2.276562e-06,0.008196
70020,19.4500,0.21265694,2.380729e-06,0.008571
70080,19.4667,0.21250581,2.301562e-06,0.008286
70140,19.4833,0.21238075,2.267708e-06,0.008164
70200,19.5000,0.21223369,2.297396e-06,0.008271
70260,19.5167,0.21210506,2.209896e-06,0.007956
70320,19.5333,0.21196850,2.163542e-06,0.007789
70380,19.5500,0.21184544,2.276562e-06,0.008196
70440,19.5667,0.21169531,2.197396e-06,0.007911
70500,19.5833,0.21158175,1.997396e-06,0.007191
70560,19.6000,0.21145562,2.230729e-06,0.008031
70620,19.6167,0.21131406,2.271875e-06,0.008179
70680,19.6333,0.21118300,2.047396e-06,0.007371
70740,19.6500,0.21106838,2.222396e-06,0.008001
70800,19.6667,0.21091631,2.430208e-06,0.008749
70860,19.6833,0.21077675,2.214062e-06,0.007971
70920,19.7000,0.21065063,2.105729e-06,0.007581
70980,19.7167,0.21052406,2.039063e-06,0.007341
71040,19.7333,0.21040594,2.084375e-06,0.007504
71100,19.7500,0.21027394,2.229688e-06,0.008027
71160,19.7667,0.21013837,2.118229e-06,0.007626
71220,19.7833,0.21001975,2.230729e-06,0.008031
71280,19.8000,0.20987069,2.184896e-06,0.007866
71340,19.8167,0.20975756,2.114063e-06,0.007611
71400,19.8333,0.20961700,2.151563e-06,0.007746
71460,19.8500,0.20949937,1.914062e-06,0.006891
71520,19.8667,0.20938731,2.096875e-06,0.007549
71580,19.8833,0.20924775,2.334896e-06,0.008406
71640,19.9000,0.20910713,2.213542e-06,0.007969
71700,19.9167,0.20898213,2.017708e-06,0.007264
71760,19.9333,0.20886500,2.109896e-06,0.007596
71820,19.9500,0.20872894,2.243229e-06,0.008076
71880,19.9667,0.20859581,2.022396e-06,0.007281
71940,19.9833,0.20848625,1.934375e-06,0.006964
72000,20.0000,0.20836369,2.114063e-06,0.007611
72060,20.0167,0.20823256,2.097396e-06,0.007551
72120,20.0333,0.20811200,2.167708e-06,0.007804
72180,20.0500,0.20797244,2.188542e-06,0.007879
72240,20.0667,0.20784938,1.909896e-06,0.006876
72300,20.0833,0.20774325,1.984896e-06,0.007146
72360,20.1000,0.20761119,2.217708e-06,0.007984
72420,20.1167,0.20747713,2.034896e-06,0.007326
72480,20.1333,0.20736700,2.063542e-06,0.007429
72540,20.1500,0.20722950,2.105208e-06,0.007579
72600,20.1667,0.20711438,1.934896e-06,0.006966
72660,20.1833,0.20699731,1.997396e-06,0.007191
72720,20.2000,0.20687469,2.093229e-06,0.007536
72780,20.2167,0.20674613,2.051042e-06,0.007384
72840,20.2333,0.20662856,2.151042e-06,0.007744
72900,20.2500,0.20648800,1.976562e-06,0.007116
72960,20.2667,0.20639137,1.939062e-06,0.006981
73020,20.2833,0.20625531,2.163542e-06,0.007789
73080,20.3000,0.20613175,1.984375e-06,0.007144
73140,20.3167,0.20601719,2.005208e-06,0.007219
73200,20.3333,0.20589113,2.034896e-06,0.007326
73260,20.3500,0.20577300,1.843229e-06,0.006636
73320,20.3667,0.20566994,1.889062e-06,0.006801
73380,20.3833,0.20554631,2.101042e-06,0.007564
73440,20.4000,0.20541781,1.967708e-06,0.007084
73500,20.4167,0.20531019,1.905729e-06,0.006861
73560,20.4333,0.20518912,2.089063e-06,0.007521
73620,20.4500,0.20505950,1.938542e-06,0.006979
73680,20.4667,0.20495650,1.838542e-06,0.006619
73740,20.4833,0.20483888,1.972396e-06,0.007101
73800,20.5000,0.20471981,1.955729e-06,0.007041
73860,20.5167,0.20460419,2.126042e-06,0.007654
73920,20.5333,0.20446469,2.009375e-06,0.007234
73980,20.5500,0.20436306,1.839062e-06,0.006621
74040,20.5667,0.20424400,1.959896e-06,0.007056
74100,20.5833,0.20412788,1.871875e-06,0.006739
74160,20.6000,0.20401938,1.959375e-06,0.007054
74220,20.6167,0.20389275,1.955729e-06,0.007041
74280,20.6333,0.20378469,1.834375e-06,0.006604
74340,20.6500,0.20367262,2.013542e-06,0.007249
74400,20.6667,0.20354306,2.026562e-06,0.007296
74460,20.6833,0.20342944,1.884896e-06,0.006786
74520,20.7000,0.20331687,1.934375e-06,0.006964
74580,20.7167,0.20319731,1.946875e-06,0.007009
74640,20.7333,0.20308325,1.880729e-06,0.006771
74700,20.7500,0.20297162,1.921875e-06,0.006919
74760,20.7667,0.20285262,1.767708e-06,0.006364
74820,20.7833,0.20275950,1.876562e-06,0.006756
74880,20.8000,0.20262744,1.896875e-06,0.006829
74940,20.8167,0.20253188,1.896875e-06,0.006829
75000,20.8333,0.20239981,1.934896e-06,0.006966
75060,20.8500,0.20229969,1.834375e-06,0.006604
75120,20.8667,0.20217969,2.026042e-06,0.007294
75180,20.8833,0.20205656,1.951562e-06,0.007026
75240,20.9000,0.20194550,1.721875e-06,0.006199
75300,20.9167,0.20184994,1.630208e-06,0.005869
75360,20.9333,0.20174987,1.872396e-06,0.006741
75420,20.9500,0.20162525,2.055208e-06,0.007399
75480,20.9667,0.20150325,1.746875e-06,0.006289
75540,20.9833,0.20141562,1.735417e-06,0.006247
75600,21.0000,0.20129500,1.971875e-06,0.007099
75660,21.0167,0.20117900,1.826042e-06,0.006574
75720,21.0333,0.20107587,1.771875e-06,0.006379
75780,21.0500,0.20096638,1.709375e-06,0.006154
75840,21.0667,0.20087075,1.822396e-06,0.006561
75900,21.0833,0.20074769,1.888542e-06,0.006799
75960,21.1000,0.20064412,1.792708e-06,0.006454
76020,21.1167,0.20053256,1.926562e-06,0.006936
76080,21.1333,0.20041294,1.871875e-06,0.006739
76140,21.1500,0.20030794,1.776042e-06,0.006394
76200,21.1667,0.20019981,1.705729e-06,0.006141
76260,21.1833,0.20010325,1.780208e-06,0.006409
76320,21.2000,0.19998619,1.818229e-06,0.006546
76380,21.2167,0.19988506,1.755208e-06,0.006319
76440,21.2333,0.19977556,1.901042e-06,0.006844
76500,21.2500,0.19965694,1.880208e-06,0.006769
76560,21.2667,0.19954994,1.830208e-06,0.006589
76620,21.2833,0.19943731,1.676042e-06,0.006034
76680,21.3000,0.19934881,1.596875e-06,0.005749
76740,21.3167,0.19924569,1.785417e-06,0.006428
76800,21.3333,0.19913456,1.801042e-06,0.006484
76860,21.3500,0.19902956,1.780208e-06,0.006409
76920,21.3667,0.19892094,1.746875e-06,0.006289
76980,21.3833,0.19881994,1.746875e-06,0.006289
77040,21.4000,0.19871131,1.788542e-06,0.006439
77100,21.4167,0.19860531,1.746875e-06,0.006289
77160,21.4333,0.19850169,1.622917e-06,0.005842
77220,21.4500,0.19841056,1.838542e-06,0.006619
77280,21.4667,0.19828106,1.896875e-06,0.006829
77340,21.4833,0.19818294,1.638542e-06,0.005899
77400,21.5000,0.19808444,1.663542e-06,0.005989
77460,21.5167,0.19798331,1.751042e-06,0.006304
77520,21.5333,0.19787431,1.759375e-06,0.006334
77580,21.5500,0.19777219,1.680729e-06,0.006051
77640,21.5667,0.19767262,1.830208e-06,0.006589
77700,21.5833,0.19755256,1.592708e-06,0.005734
77760,21.6000,0.19748150,1.592708e-06,0.005734
77820,21.6167,0.19736144,1.930208e-06,0.006949
77880,21.6333,0.19724987,1.721875e-06,0.006199
77940,21.6500,0.19715481,1.701042e-06,0.006124
78000,21.6667,0.19704575,1.630729e-06,0.005871
78060,21.6833,0.19695912,1.696875e-06,0.006109
78120,21.7000,0.19684213,1.730208e-06,0.006229
78180,21.7167,0.19675150,1.696875e-06,0.006109
78240,21.7333,0.19663850,1.759375e-06,0.006334
78300,21.7500,0.19654037,1.634896e-06,0.005886
78360,21.7667,0.19644231,1.642708e-06,0.005914
78420,21.7833,0.19634325,1.596875e-06,0.005749
78480,21.8000,0.19625069,1.676042e-06,0.006034
78540,21.8167,0.19614212,1.755208e-06,0.006319
78600,21.8333,0.19604006,1.676562e-06,0.006036
78660,21.8500,0.19594094,1.613542e-06,0.005809
78720,21.8667,0.19584644,1.701042e-06,0.006124
78780,21.8833,0.19573681,1.734375e-06,0.006244
78840,21.9000,0.19563831,1.584375e-06,0.005704
78900,21.9167,0.19554669,1.509896e-06,0.005436
78960,21.9333,0.19545712,1.667708e-06,0.006004
79020,21.9500,0.19534656,1.638542e-06,0.005899
79080,21.9667,0.19526050,1.755208e-06,0.006319
79140,21.9833,0.19513594,1.705208e-06,0.006139
79200,22.0000,0.19505588,1.496875e-06,0.005389
79260,22.0167,0.19495631,1.796875e-06,0.006469
79320,22.0333,0.19484025,1.705208e-06,0.006139
79380,22.0500,0.19475169,1.568229e-06,0.005646
79440,22.0667,0.19465206,1.530208e-06,0.005509
79500,22.0833,0.19456806,1.588542e-06,0.005719
79560,22.1000,0.19446144,1.701042e-06,0.006124
79620,22.1167,0.19436394,1.608854e-06,0.005792
79680,22.1333,0.19426837,1.480729e-06,0.005331
79740,22.1500,0.19418625,1.576042e-06,0.005674
79800,22.1667,0.19407925,1.709375e-06,0.006154
79860,22.1833,0.19398112,1.672396e-06,0.006021
79920,22.2000,0.19387856,1.567708e-06,0.005644
79980,22.2167,0.19379300,1.526042e-06,0.005494
80040,22.2333,0.19369544,1.675521e-06,0.006032
80100,22.2500,0.19359194,1.646875e-06,0.005929
80160,22.2667,0.19349781,1.459896e-06,0.005256
80220,22.2833,0.19341675,1.630208e-06,0.005869
80280,22.3000,0.19330219,1.551042e-06,0.005584
80340,22.3167,0.19323063,1.551042e-06,0.005584
80400,22.3333,0.19311606,1.755208e-06,0.006319
80460,22.3500,0.19302000,1.517708e-06,0.005464
80520,22.3667,0.19293394,1.521875e-06,0.005479
80580,22.3833,0.19283738,1.617708e-06,0.005824
80640,22.4000,0.19273981,1.455208e-06,0.005239
80700,22.4167,0.19266275,1.484375e-06,0.005344
80760,22.4333,0.19256169,1.567708e-06,0.005644
80820,22.4500,0.19247463,1.547396e-06,0.005571
80880,22.4667,0.19237600,1.588542e-06,0.005719
80940,22.4833,0.19228400,1.438021e-06,0.005177
81000,22.5000,0.19220344,1.505729e-06,0.005421
81060,22.5167,0.19210331,1.751042e-06,0.006304
81120,22.5333,0.19199331,1.500521e-06,0.005402
81180,22.5500,0.19192325,1.439062e-06,0.005181
81240,22.5667,0.19182062,1.592708e-06,0.005734
81300,22.5833,0.19173213,1.492187e-06,0.005372
81360,22.6000,0.19164156,1.434896e-06,0.005166
81420,22.6167,0.19155994,1.605208e-06,0.005779
81480,22.6333,0.19144894,1.646354e-06,0.005927
81540,22.6500,0.19136237,1.488542e-06,0.005359
81600,22.6667,0.19127031,1.359375e-06,0.004894
81660,22.6833,0.19119925,1.546875e-06,0.005569
81720,22.7000,0.19108469,1.709375e-06,0.006154
81780,22.7167,0.19099412,1.467708e-06,0.005284
81840,22.7333,0.19090856,1.467708e-06,0.005284
81900,22.7500,0.19081800,1.496875e-06,0.005389
81960,22.7667,0.19072894,1.484375e-06,0.005344
82020,22.7833,0.19063988,1.476042e-06,0.005314
82080,22.8000,0.19055181,1.505208e-06,0.005419
82140,22.8167,0.19045925,1.534375e-06,0.005524
82200,22.8333,0.19036769,1.438542e-06,0.005179
82260,22.8500,0.19028662,1.509375e-06,0.005434
82320,22.8667,0.19018656,1.601042e-06,0.005764
82380,22.8833,0.19009450,1.521875e-06,0.005479
82440,22.9000,0.19000394,1.371875e-06,0.004939
82500,22.9167,0.18992987,1.409375e-06,0.005074
82560,22.9333,0.18983481,1.459375e-06,0.005254
82620,22.9500,0.18975475,1.521875e-06,0.005479
82680,22.9667,0.18965219,1.492708e-06,0.005374
82740,22.9833,0.18957562,1.480208e-06,0.005329
82800,23.0000,0.18947456,1.608854e-06,0.005792
82860,23.0167,0.18938256,1.405208e-06,0.005059
82920,23.0333,0.18930594,1.384896e-06,0.004986
82980,23.0500,0.18921638,1.513021e-06,0.005447
83040,23.0667,0.18912438,1.409375e-06,0.005074
83100,23.0833,0.18904725,1.476563e-06,0.005316
83160,23.1000,0.18894719,1.480208e-06,0.005329
83220,23.1167,0.18886963,1.388021e-06,0.004997
83280,23.1333,0.18878063,1.380208e-06,0.004969
83340,23.1500,0.18870400,1.397396e-06,0.005031
83400,23.1667,0.18861294,1.542187e-06,0.005552
83460,23.1833,0.18851894,1.367708e-06,0.004924
83520,23.2000,0.18844881,1.322396e-06,0.004761
83580,23.2167,0.18836025,1.454687e-06,0.005237
83640,23.2333,0.18827425,1.383854e-06,0.004982
83700,23.2500,0.18819419,1.509896e-06,0.005436
83760,23.2667,0.18809306,1.546875e-06,0.005569
83820,23.2833,0.18800856,1.346354e-06,0.004847
83880,23.3000,0.18793150,1.405208e-06,0.005059
83940,23.3167,0.18783994,1.459375e-06,0.005254
84000,23.3333,0.18775638,1.321875e-06,0.004759
84060,23.3500,0.18768131,1.301042e-06,0.004684
84120,23.3667,0.18760025,1.467708e-06,0.005284
84180,23.3833,0.18750519,1.571875e-06,0.005659
84240,23.4000,0.18741163,1.492708e-06,0.005374
84300,23.4167,0.18732606,1.351042e-06,0.004864
84360,23.4333,0.18724950,1.354687e-06,0.004877
84420,23.4500,0.18716350,1.505208e-06,0.005419
84480,23.4667,0.18706888,1.389062e-06,0.005001
84540,23.4833,0.18699681,1.308854e-06,0.004712
84600,23.5000,0.18691181,1.283854e-06,0.004622
84660,23.5167,0.18684275,1.409375e-06,0.005074
84720,23.5333,0.18674269,1.380729e-06,0.004971
84780,23.5500,0.18667706,1.401042e-06,0.005044
84840,23.5667,0.18657456,1.608854e-06,0.005792
84900,23.5833,0.18648400,1.201042e-06,0.004324
84960,23.6000,0.18643044,1.226042e-06,0.004414
85020,23.6167,0.18633687,1.471875e-06,0.005299
85080,23.6333,0.18625381,1.363542e-06,0.004909
85140,23.6500,0.18617325,1.354687e-06,0.004877
85200,23.6667,0.18609125,1.379687e-06,0.004967
85260,23.6833,0.18600769,1.351562e-06,0.004866
85320,23.7000,0.18592906,1.314062e-06,0.004731
85380,23.7167,0.18585000,1.458854e-06,0.005252
85440,23.7333,0.18575400,1.300521e-06,0.004682
85500,23.7500,0.18569394,1.263542e-06,0.004549
85560,23.7667,0.18560237,1.480208e-06,0.005329
85620,23.7833,0.18551631,1.371875e-06,0.004939
85680,23.8000,0.18543775,1.292708e-06,0.004654
85740,23.8167,0.18536119,1.263542e-06,0.004549
85800,23.8333,0.18528612,1.313021e-06,0.004727
85860,23.8500,0.18520363,1.358854e-06,0.004892
85920,23.8667,0.18512306,1.368229e-06,0.004926
85980,23.8833,0.18503944,1.409375e-06,0.005074
86040,23.9000,0.18495394,1.400521e-06,0.005042
86100,23.9167,0.18487138,1.146875e-06,0.004129
86160,23.9333,0.18481631,1.305208e-06,0.004699
86220,23.9500,0.18471475,1.492188e-06,0.005372
86280,23.9667,0.18463725,1.305208e-06,0.004699
86340,23.9833,0.18455812,1.309896e-06,0.004716
86400,24.0000,0.18448006,1.309375e-06,0.004714
86460,24.0167,0.18440100,1.296354e-06,0.004667
86520,24.0333,0.18432450,1.275521e-06,0.004592
86580,24.0500,0.18424794,1.313542e-06,0.004729
86640,24.0667,0.18416687,1.434375e-06,0.005164
86700,24.0833,0.18407581,1.430208e-06,0.005149
86760,24.1000,0.18399525,1.138542e-06,0.004099
86820,24.1167,0.18393919,1.067708e-06,0.003844
86880,24.1333,0.18386713,1.292187e-06,0.004652
86940,24.1500,0.18378412,1.354688e-06,0.004877
87000,24.1667,0.18370456,1.455208e-06,0.005239
87060,24.1833,0.18360950,1.305729e-06,0.004701
87120,24.2000,0.18354787,1.288542e-06,0.004639
87180,24.2167,0.18345487,1.313021e-06,0.004727
87240,24.2333,0.18339031,1.113542e-06,0.004009
87300,24.2500,0.18332125,1.271354e-06,0.004577
87360,24.2667,0.18323775,1.433854e-06,0.005162
87420,24.2833,0.18314919,1.276042e-06,0.004594
87480,24.3000,0.18308463,1.189063e-06,0.004281
87540,24.3167,0.18300650,1.230208e-06,0.004429
87600,24.3333,0.18293700,1.371354e-06,0.004937
87660,24.3500,0.18284194,1.363542e-06,0.004909
87720,24.3667,0.18277338,1.234375e-06,0.004444
87780,24.3833,0.18269381,1.279688e-06,0.004607
87840,24.4000,0.18261981,1.271354e-06,0.004577
87900,24.4167,0.18254125,1.292708e-06,0.004654
87960,24.4333,0.18246469,1.246875e-06,0.004489
88020,24.4500,0.18239163,1.142708e-06,0.004114
88080,24.4667,0.18232756,1.180208e-06,0.004249
88140,24.4833,0.18225000,1.367708e-06,0.004924
88200,24.5000,0.18216344,1.305208e-06,0.004699
88260,24.5167,0.18209338,1.296354e-06,0.004667
88320,24.5333,0.18200787,1.242188e-06,0.004472
88380,24.5500,0.18194431,1.159375e-06,0.004174
88440,24.5667,0.18186875,1.246875e-06,0.004489
88500,24.5833,0.18179469,1.308854e-06,0.004712
88560,24.6000,0.18171169,1.283854e-06,0.004622
88620,24.6167,0.18164062,1.239062e-06,0.004461
88680,24.6333,0.18156300,1.084896e-06,0.003906
88740,24.6500,0.18151044,1.142188e-06,0.004112
88800,24.6667,0.18142594,1.283854e-06,0.004622
88860,24.6833,0.18135637,1.321875e-06,0.004759
88920,24.7000,0.18126731,1.180208e-06,0.004249
88980,24.7167,0.18121475,1.150521e-06,0.004142
89040,24.7333,0.18112925,1.358854e-06,0.004892
89100,24.7500,0.18105169,1.171875e-06,0.004219
89160,24.7667,0.18098862,1.242708e-06,0.004474
89220,24.7833,0.18090256,1.400521e-06,0.005042
89280,24.8000,0.18082056,1.063021e-06,0.003827
89340,24.8167,0.18077500,9.973958e-07,0.003591
89400,24.8333,0.18070088,1.259896e-06,0.004536
89460,24.8500,0.18062381,1.408854e-06,0.005072
89520,24.8667,0.18053181,1.271354e-06,0.004577
89580,24.8833,0.18047125,1.105208e-06,0.003979
89640,24.9000,0.18039919,1.155208e-06,0.004159
89700,24.9167,0.18033262,1.258854e-06,0.004532
89760,24.9333,0.18024813,1.242187e-06,0.004472
89820,24.9500,0.18018356,1.088542e-06,0.003919
89880,24.9667,0.18011750,1.134375e-06,0.004084
89940,24.9833,0.18004744,1.175521e-06,0.004232
90000,25.0000,0.17997644,1.229688e-06,0.004427
90060,25.0167,0.17989987,1.251042e-06,0.004504
90120,25.0333,0.17982631,1.121875e-06,0.004039
90180,25.0500,0.17976525,1.109375e-06,0.003994
90240,25.0667,0.17969319,1.313021e-06,0.004727
90300,25.0833,0.17960769,1.300521e-06,0.004682
90360,25.1000,0.17953712,1.171875e-06,0.004219
90420,25.1167,0.17946706,1.246875e-06,0.004489
90480,25.1333,0.17938750,1.151042e-06,0.004144
90540,25.1500,0.17932894,1.117708e-06,0.004024
90600,25.1667,0.17925337,1.130208e-06,0.004069
90660,25.1833,0.17919331,1.209375e-06,0.004354
90720,25.2000,0.17910825,1.225521e-06,0.004412
90780,25.2167,0.17904625,1.004688e-06,0.003617
90840,25.2333,0.17898769,1.171875e-06,0.004219
90900,25.2500,0.17890563,1.263542e-06,0.004549
90960,25.2667,0.17883606,1.171875e-06,0.004219
91020,25.2833,0.17876500,1.133854e-06,0.004082
91080,25.3000,0.17870000,1.000521e-06,0.003602
91140,25.3167,0.17864494,1.251042e-06,0.004504
91200,25.3333,0.17854988,1.301042e-06,0.004684
91260,25.3500,0.17848881,1.042188e-06,0.003752
91320,25.3667,0.17842481,1.179687e-06,0.004247
91380,25.3833,0.17834725,1.309375e-06,0.004714
91440,25.4000,0.17826769,1.138542e-06,0.004099
91500,25.4167,0.17821063,1.100521e-06,0.003962
91560,25.4333,0.17813563,1.071354e-06,0.003857
91620,25.4500,0.17808206,1.146875e-06,0.004129
91680,25.4667,0.17799800,1.226042e-06,0.004414
91740,25.4833,0.17793494,1.101042e-06,0.003964
91800,25.5000,0.17786588,1.233854e-06,0.004442
91860,25.5167,0.17778687,1.038021e-06,0.003737
91920,25.5333,0.17774131,1.063542e-06,0.003829
91980,25.5500,0.17765925,1.201042e-06,0.004324
92040,25.5667,0.17759719,9.885417e-07,0.003559
92100,25.5833,0.17754062,1.158854e-06,0.004172
92160,25.6000,0.17745812,1.354687e-06,0.004877
92220,25.6167,0.17737806,1.205208e-06,0.004339
92280,25.6333,0.17731350,1.034375e-06,0.003724
92340,25.6500,0.17725394,9.671875e-07,0.003482
92400,25.6667,0.17719744,1.192187e-06,0.004292
92460,25.6833,0.17711088,1.242708e-06,0.004474
92520,25.7000,0.17704831,9.302083e-07,0.003349
92580,25.7167,0.17699925,1.080208e-06,0.003889
92640,25.7333,0.17691869,1.183854e-06,0.004262
92700,25.7500,0.17685719,1.088021e-06,0.003917
92760,25.7667,0.17678812,1.155208e-06,0.004159
92820,25.7833,0.17671856,1.059375e-06,0.003814
92880,25.8000,0.17666100,9.718750e-07,0.003499
92940,25.8167,0.17660194,1.125521e-06,0.004052
93000,25.8333,0.17652594,1.271354e-06,0.004577
93060,25.8500,0.17644937,1.188542e-06,0.004279
93120,25.8667,0.17638331,1.033854e-06,0.003722
93180,25.8833,0.17632531,1.112500e-06,0.004005
93240,25.9000,0.17624981,1.092187e-06,0.003932
93300,25.9167,0.17619425,1.055208e-06,0.003799
93360,25.9333,0.17612319,1.205208e-06,0.004339
93420,25.9500,0.17604963,9.718750e-07,0.003499
93480,25.9667,0.17600656,1.038021e-06,0.003737
93540,25.9833,0.17592506,1.200521e-06,0.004322
93600,26.0000,0.17586250,1.096875e-06,0.003949
93660,26.0167,0.17579344,9.343750e-07,0.003364
93720,26.0333,0.17575038,1.071875e-06,0.003859
93780,26.0500,0.17566481,1.267187e-06,0.004562
93840,26.0667,0.17559831,9.755208e-07,0.003512
93900,26.0833,0.17554775,1.005208e-06,0.003619
93960,26.1000,0.17547769,1.159375e-06,0.004174
94020,26.1167,0.17540863,1.196875e-06,0.004309
94080,26.1333,0.17533406,1.096354e-06,0.003947
94140,26.1500,0.17527706,1.042188e-06,0.003752
94200,26.1667,0.17520900,1.146875e-06,0.004129
94260,26.1833,0.17513944,1.017708e-06,0.003664
94320,26.2000,0.17508688,9.255208e-07,0.003332
94380,26.2167,0.17502837,1.095833e-06,0.003945
94440,26.2333,0.17495537,1.117188e-06,0.004022
94500,26.2500,0.17489431,1.096875e-06,0.003949
94560,26.2667,0.17482375,9.885417e-07,0.003559
94620,26.2833,0.17477569,1.067708e-06,0.003844
94680,26.3000,0.17469562,1.092188e-06,0.003932
94740,26.3167,0.17464462,9.546875e-07,0.003437
94800,26.3333,0.17458106,1.009375e-06,0.003634
94860,26.3500,0.17452350,1.001042e-06,0.003604
94920,26.3667,0.17446094,1.184375e-06,0.004264
94980,26.3833,0.17438138,1.179687e-06,0.004247
95040,26.4000,0.17431937,1.033854e-06,0.003722
95100,26.4167,0.17425731,9.593750e-07,0.003454
95160,26.4333,0.17420425,1.021354e-06,0.003677
95220,26.4500,0.17413475,1.150521e-06,0.004142
95280,26.4667,0.17406619,9.927083e-07,0.003574
95340,26.4833,0.17401563,1.017188e-06,0.003662
95400,26.5000,0.17394412,1.104688e-06,0.003977
95460,26.5167,0.17388306,9.718750e-07,0.003499
95520,26.5333,0.17382750,9.177083e-07,0.003304
95580,26.5500,0.17377294,1.176042e-06,0.004234
95640,26.5667,0.17368638,1.017187e-06,0.003662
95700,26.5833,0.17365088,9.713542e-07,0.003497
95760,26.6000,0.17356981,1.055208e-06,0.003799
95820,26.6167,0.17352425,9.546875e-07,0.003437
95880,26.6333,0.17345525,1.092188e-06,0.003932
95940,26.6500,0.17339319,1.063021e-06,0.003827
96000,26.6667,0.17332769,1.075521e-06,0.003872
96060,26.6833,0.17326413,9.010417e-07,0.003244
96120,26.7000,0.17321956,9.927083e-07,0.003574
96180,26.7167,0.17314500,1.176042e-06,0.004234
96240,26.7333,0.17307844,9.552083e-07,0.003439
96300,26.7500,0.17303038,9.755208e-07,0.003512
96360,26.7667,0.17296138,9.958333e-07,0.003585
96420,26.7833,0.17291087,1.038021e-06,0.003737
96480,26.8000,0.17283681,1.042708e-06,0.003754
96540,26.8167,0.17278575,1.038542e-06,0.003739
96600,26.8333,0.17271219,9.838542e-07,0.003542
96660,26.8500,0.17266769,9.963542e-07,0.003587
96720,26.8667,0.17259262,1.026042e-06,0.003694
96780,26.8833,0.17254456,1.001042e-06,0.003604
96840,26.9000,0.17247250,1.063542e-06,0.003829
96900,26.9167,0.17241694,9.546875e-07,0.003437
96960,26.9333,0.17235794,1.012500e-06,0.003645
97020,26.9500,0.17229544,1.079687e-06,0.003887
97080,26.9667,0.17222838,9.718750e-07,0.003499
97140,26.9833,0.17217881,8.968750e-07,0.003229
97200,27.0000,0.17212075,1.051042e-06,0.003784
97260,27.0167,0.17205269,1.117188e-06,0.004022
97320,27.0333,0.17198669,1.029688e-06,0.003707
97380,27.0500,0.17192912,9.046875e-07,0.003257
97440,27.0667,0.17187812,8.963542e-07,0.003227
97500,27.0833,0.17182156,1.017708e-06,0.003664
97560,27.1000,0.17175600,1.021875e-06,0.003679
97620,27.1167,0.17169894,9.463542e-07,0.003407
97680,27.1333,0.17164244,1.008854e-06,0.003632
97740,27.1500,0.17157787,1.026042e-06,0.003694
97800,27.1667,0.17151931,9.213542e-07,0.003317
97860,27.1833,0.17146731,8.880208e-07,0.003197
97920,27.2000,0.17141275,9.677083e-07,0.003484
97980,27.2167,0.17135119,1.088021e-06,0.003917
98040,27.2333,0.17128219,9.171875e-07,0.003302
98100,27.2500,0.17124112,9.843750e-07,0.003544
98160,27.2667,0.17116406,1.059375e-06,0.003814
98220,27.2833,0.17111400,8.338542e-07,0.003002
98280,27.3000,0.17106400,9.880208e-07,0.003557
98340,27.3167,0.17099544,1.067187e-06,0.003842
98400,27.3333,0.17093594,9.380208e-07,0.003377
98460,27.3500,0.17088288,1.026042e-06,0.003694
98520,27.3667,0.17081281,8.677083e-07,0.003124
98580,27.3833,0.17077875,8.713542e-07,0.003137
98640,27.4000,0.17070825,1.191667e-06,0.004290
98700,27.4167,0.17063575,9.713542e-07,0.003497
98760,27.4333,0.17059169,9.385417e-07,0.003379
98820,27.4500,0.17052313,9.385417e-07,0.003379
98880,27.4667,0.17047906,9.010417e-07,0.003244
98940,27.4833,0.17041500,9.546875e-07,0.003437
99000,27.5000,0.17036450,8.833333e-07,0.003180
99060,27.5167,0.17030900,1.008854e-06,0.003632
99120,27.5333,0.17024344,8.760417e-07,0.003154
99180,27.5500,0.17020388,9.218750e-07,0.003319
99240,27.5667,0.17013281,1.067708e-06,0.003844
99300,27.5833,0.17007575,1.017187e-06,0.003662
99360,27.6000,0.17001075,9.505208e-07,0.003422
99420,27.6167,0.16996169,8.630208e-07,0.003107
99480,27.6333,0.16990719,1.021354e-06,0.003677
99540,27.6500,0.16983913,9.302083e-07,0.003349
99600,27.6667,0.16979556,8.593750e-07,0.003094
99660,27.6833,0.16973600,9.796875e-07,0.003527
99720,27.7000,0.16967800,1.000521e-06,0.003602
99780,27.7167,0.16961594,9.338542e-07,0.003362
99840,27.7333,0.16956594,8.213542e-07,0.002957
99900,27.7500,0.16951737,8.802083e-07,0.003169
99960,27.7667,0.16946031,1.096354e-06,0.003947
100020,27.7833,0.16938581,8.380208e-07,0.003017
100080,27.8000,0.16935975,8.927083e-07,0.003214
100140,27.8167,0.16927869,9.963542e-07,0.003587
100200,27.8333,0.16924019,9.005208e-07,0.003242
100260,27.8500,0.16917062,1.051042e-06,0.003784
100320,27.8667,0.16911406,9.421875e-07,0.003392
100380,27.8833,0.16905756,8.630208e-07,0.003107
100440,27.9000,0.16901050,7.468750e-07,0.002689
100500,27.9167,0.16896794,1.071354e-06,0.003857
100560,27.9333,0.16888194,1.042187e-06,0.003752
100620,27.9500,0.16884288,7.171875e-07,0.002582
100680,27.9667,0.16879588,9.755208e-07,0.003512
100740,27.9833,0.16872581,1.005208e-06,0.003619
100800,28.0000,0.16867525,8.885417e-07,0.003199
100860,28.0167,0.16861919,7.843750e-07,0.002824
100920,28.0333,0.16858112,8.875000e-07,0.003195
100980,28.0500,0.16851269,1.016667e-06,0.003660
101040,28.0667,0.16845913,9.177083e-07,0.003304
101100,28.0833,0.16840256,8.468750e-07,0.003049
101160,28.1000,0.16835750,9.885417e-07,0.003559
101220,28.1167,0.16828394,8.838542e-07,0.003182
101280,28.1333,0.16825144,9.333333e-07,0.003360
101340,28.1500,0.16817194,1.013021e-06,0.003647
101400,28.1667,0.16812988,7.677083e-07,0.002764
101460,28.1833,0.16807981,9.213542e-07,0.003317
101520,28.2000,0.16801931,8.838542e-07,0.003182
101580,28.2167,0.16797375,8.135417e-07,0.002929
101640,28.2333,0.16792169,9.635417e-07,0.003469
101700,28.2500,0.16785813,9.088542e-07,0.003272
101760,28.2667,0.16781262,9.291667e-07,0.003345
101820,28.2833,0.16774662,8.505208e-07,0.003062
101880,28.3000,0.16771056,7.552083e-07,0.002719
101940,28.3167,0.16765600,1.109375e-06,0.003994
102000,28.3333,0.16757744,8.843750e-07,0.003184
102060,28.3500,0.16754987,8.541667e-07,0.003075
102120,28.3667,0.16747494,9.416667e-07,0.003390
102180,28.3833,0.16743688,8.052083e-07,0.002899
102240,28.4000,0.16737831,8.593750e-07,0.003094
102300,28.4167,0.16733375,8.713542e-07,0.003137
102360,28.4333,0.16727375,9.005208e-07,0.003242
102420,28.4500,0.16722569,8.343750e-07,0.003004
102480,28.4667,0.16717363,8.546875e-07,0.003077
102540,28.4833,0.16712312,9.875000e-07,0.003555
102600,28.5000,0.16705512,8.505208e-07,0.003062
102660,28.5167,0.16702106,8.927083e-07,0.003214
102720,28.5333,0.16694800,9.802083e-07,0.003529
102780,28.5500,0.16690344,7.427083e-07,0.002674
102840,28.5667,0.16685887,7.255208e-07,0.002612
102900,28.5833,0.16681637,1.025000e-06,0.003690
102960,28.6000,0.16673588,9.880208e-07,0.003557
103020,28.6167,0.16669781,8.052083e-07,0.002899
103080,28.6333,0.16663925,8.880208e-07,0.003197
103140,28.6500,0.16659125,8.463542e-07,0.003047
103200,28.6667,0.16653769,8.843750e-07,0.003184
103260,28.6833,0.16648512,8.260417e-07,0.002974
103320,28.7000,0.16643856,8.000000e-07,0.002880
103380,28.7167,0.16638912,9.958333e-07,0.003585
103440,28.7333,0.16631906,8.010417e-07,0.002884
103500,28.7500,0.16629300,7.802083e-07,0.002809
103560,28.7667,0.16622544,8.713542e-07,0.003137
103620,28.7833,0.16618844,8.505208e-07,0.003062
103680,28.8000,0.16612338,1.021875e-06,0.003679
103740,28.8167,0.16606581,8.171875e-07,0.002942
103800,28.8333,0.16602531,8.875000e-07,0.003195
103860,28.8500,0.16595931,8.213542e-07,0.002957
103920,28.8667,0.16592675,8.302083e-07,0.002989
103980,28.8833,0.16585969,8.677083e-07,0.003124
104040,28.9000,0.16582263,7.296875e-07,0.002627
104100,28.9167,0.16577213,8.838542e-07,0.003182
104160,28.9333,0.16571656,9.130208e-07,0.003287
104220,28.9500,0.16566256,8.838542e-07,0.003182
104280,28.9667,0.16561050,7.088542e-07,0.002552
104340,28.9833,0.16557750,9.505208e-07,0.003422
104400,29.0000,0.16549644,8.635417e-07,0.003109
104460,29.0167,0.16547388,7.046875e-07,0.002537
104520,29.0333,0.16541188,9.421875e-07,0.003392
104580,29.0500,0.16536081,8.385417e-07,0.003019
104640,29.0667,0.16531125,8.171875e-07,0.002942
104700,29.0833,0.16526275,9.250000e-07,0.003330
104760,29.1000,0.16520025,8.421875e-07,0.003032
104820,29.1167,0.16516169,7.385417e-07,0.002659
104880,29.1333,0.16511163,8.218750e-07,0.002959
104940,29.1500,0.16506306,8.921875e-07,0.003212
105000,29.1667,0.16500456,8.671875e-07,0.003122
105060,29.1833,0.16495900,7.921875e-07,0.002852
105120,29.2000,0.16490950,7.500000e-07,0.002700
105180,29.2167,0.16486900,8.713542e-07,0.003137
105240,29.2333,0.16480494,9.885417e-07,0.003559
105300,29.2500,0.16475037,7.093750e-07,0.002554
105360,29.2667,0.16471981,8.005208e-07,0.002882
105420,29.2833,0.16465431,1.000521e-06,0.003602
105480,29.3000,0.16459975,5.927083e-07,0.002134
105540,29.3167,0.16458319,8.005208e-07,0.002882
105600,29.3333,0.16450369,9.500000e-07,0.003420
105660,29.3500,0.16446919,8.130208e-07,0.002927
105720,29.3667,0.16440612,8.343750e-07,0.003004
105780,29.3833,0.16436906,7.755208e-07,0.002792
105840,29.4000,0.16431306,9.421875e-07,0.003392
105900,29.4167,0.16425600,8.343750e-07,0.003004
105960,29.4333,0.16421294,7.880208e-07,0.002837
106020,29.4500,0.16416144,9.083333e-07,0.003270
106080,29.4667,0.16410394,8.046875e-07,0.002897
106140,29.4833,0.16406487,6.510417e-07,0.002344
106200,29.5000,0.16402581,9.046875e-07,0.003257
106260,29.5167,0.16395631,8.880208e-07,0.003197
106320,29.5333,0.16391925,6.718750e-07,0.002419
106380,29.5500,0.16387569,7.505208e-07,0.002702
106440,29.5667,0.16382919,9.666667e-07,0.003480
106500,29.5833,0.16375969,8.713542e-07,0.003137
106560,29.6000,0.16372463,7.135417e-07,0.002569
106620,29.6167,0.16367406,8.171875e-07,0.002942
106680,29.6333,0.16362656,7.588542e-07,0.002732
106740,29.6500,0.16358300,7.593750e-07,0.002734
106800,29.6667,0.16353544,8.130208e-07,0.002927
106860,29.6833,0.16348544,8.213542e-07,0.002957
106920,29.7000,0.16343688,8.630208e-07,0.003107
106980,29.7167,0.16338187,8.250000e-07,0.002970
107040,29.7333,0.16333787,7.046875e-07,0.002537
107100,29.7500,0.16329731,7.552083e-07,0.002719
107160,29.7667,0.16324725,8.968750e-07,0.003229
107220,29.7833,0.16318969,7.296875e-07,0.002627
107280,29.8000,0.16315969,7.213542e-07,0.002597
107340,29.8167,0.16310312,8.760417e-07,0.003154
107400,29.8333,0.16305456,8.791667e-07,0.003165
107460,29.8500,0.16299763,7.208333e-07,0.002595
107520,29.8667,0.16296806,7.718750e-07,0.002779
107580,29.8833,0.16290500,8.296875e-07,0.002987
107640,29.9000,0.16286850,7.880208e-07,0.002837
107700,29.9167,0.16281044,8.010417e-07,0.002884
107760,29.9333,0.16277238,7.005208e-07,0.002522
107820,29.9500,0.16272638,8.338542e-07,0.003002
107880,29.9667,0.16267231,7.755208e-07,0.002792
107940,29.9833,0.16263331,7.125000e-07,0.002565
108000,30.0000,0.16258681,9.088542e-07,0.003272
108060,30.0167,0.16252425,7.427083e-07,0.002674
108120,30.0333,0.16249769,7.463542e-07,0.002687
108180,30.0500,0.16243469,7.421875e-07,0.002672
108240,30.0667,0.16240863,7.718750e-07,0.002779
108300,30.0833,0.16234206,7.968750e-07,0.002869
108360,30.1000,0.16231300,7.166667e-07,0.002580
108420,30.1167,0.16225606,1.029167e-06,0.003705
108480,30.1333,0.16218950,7.552083e-07,0.002719
108540,30.1500,0.16216544,6.296875e-07,0.002267
108600,30.1667,0.16211394,7.130208e-07,0.002567
108660,30.1833,0.16207987,7.552083e-07,0.002719
108720,30.2000,0.16202331,9.588542e-07,0.003452
108780,30.2167,0.16196481,6.463542e-07,0.002327
108840,30.2333,0.16194575,6.302083e-07,0.002269
108900,30.2500,0.16188919,9.750000e-07,0.003510
108960,30.2667,0.16182875,8.791667e-07,0.003165
109020,30.2833,0.16178369,7.093750e-07,0.002554
109080,30.3000,0.16174363,6.713542e-07,0.002417
109140,30.3167,0.16170313,7.921875e-07,0.002852
109200,30.3333,0.16164856,8.302083e-07,0.002989
109260,30.3500,0.16160350,7.380208e-07,0.002657
109320,30.3667,0.16156000,6.630208e-07,0.002387
109380,30.3833,0.16152394,8.255208e-07,0.002972
109440,30.4000,0.16146094,8.375000e-07,0.003015
109500,30.4167,0.16142344,6.796875e-07,0.002447
109560,30.4333,0.16137937,7.593750e-07,0.002734
109620,30.4500,0.16133231,7.963542e-07,0.002867
109680,30.4667,0.16128381,7.838542e-07,0.002822
109740,30.4833,0.16123825,6.421875e-07,0.002312
109800,30.5000,0.16120675,6.921875e-07,0.002492
109860,30.5167,0.16115519,8.635417e-07,0.003109
109920,30.5333,0.16110312,7.083333e-07,0.002550
109980,30.5500,0.16107019,7.416667e-07,0.002670
110040,30.5667,0.16101413,9.052083e-07,0.003259
110100,30.5833,0.16096156,7.588542e-07,0.002732
110160,30.6000,0.16092306,7.713542e-07,0.002777
110220,30.6167,0.16086900,7.468750e-07,0.002689
110280,30.6333,0.16083344,5.921875e-07,0.002132
110340,30.6500,0.16079794,7.963542e-07,0.002867
110400,30.6667,0.16073788,8.218750e-07,0.002959
110460,30.6833,0.16069931,7.000000e-07,0.002520
110520,30.7000,0.16065388,7.833333e-07,0.002820
110580,30.7167,0.16060531,7.427083e-07,0.002674
110640,30.7333,0.16056475,5.713542e-07,0.002057
110700,30.7500,0.16053675,6.880208e-07,0.002477
110760,30.7667,0.16048219,8.546875e-07,0.003077
110820,30.7833,0.16043419,7.880208e-07,0.002837
110880,30.8000,0.16038763,7.093750e-07,0.002554
110940,30.8167,0.16034906,6.755208e-07,0.002432
111000,30.8333,0.16030656,8.541667e-07,0.003075
111060,30.8500,0.16024656,7.880208e-07,0.002837
111120,30.8667,0.16021200,6.088542e-07,0.002192
111180,30.8833,0.16017350,7.630208e-07,0.002747
111240,30.9000,0.16012044,6.885417e-07,0.002479
111300,30.9167,0.16009087,7.630208e-07,0.002747
111360,30.9333,0.16002888,7.546875e-07,0.002717
111420,30.9500,0.16000031,5.802083e-07,0.002089
111480,30.9667,0.15995925,8.171875e-07,0.002942
111540,30.9833,0.15990225,8.500000e-07,0.003060
111600,31.0000,0.15985725,6.541667e-07,0.002355
111660,31.0167,0.15982375,7.546875e-07,0.002717
111720,31.0333,0.15976669,7.718750e-07,0.002779
111780,31.0500,0.15973113,6.130208e-07,0.002207
111840,31.0667,0.15969313,7.088542e-07,0.002552
111900,31.0833,0.15964606,7.218750e-07,0.002599
111960,31.1000,0.15960650,7.630208e-07,0.002747
112020,31.1167,0.15955450,6.921875e-07,0.002492
112080,31.1333,0.15952344,7.833333e-07,0.002820
112140,31.1500,0.15946050,7.375000e-07,0.002655
112200,31.1667,0.15943494,6.635417e-07,0.002389
112260,31.1833,0.15938088,8.296875e-07,0.002987
112320,31.2000,0.15933537,6.588542e-07,0.002372
112380,31.2167,0.15930181,6.760417e-07,0.002434
112440,31.2333,0.15925425,7.505208e-07,0.002702
112500,31.2500,0.15921175,7.296875e-07,0.002627
112560,31.2667,0.15916669,6.755208e-07,0.002432
112620,31.2833,0.15913069,5.171875e-07,0.001862
112680,31.3000,0.15910462,8.755208e-07,0.003152
112740,31.3167,0.15902563,8.500000e-07,0.003060
112800,31.3333,0.15900262,5.505208e-07,0.001982
112860,31.3500,0.15895956,7.588542e-07,0.002732
112920,31.3667,0.15891156,7.463542e-07,0.002687
112980,31.3833,0.15887000,6.552083e-07,0.002359
113040,31.4000,0.15883294,6.755208e-07,0.002432
113100,31.4167,0.15878894,6.921875e-07,0.002492
113160,31.4333,0.15874987,7.010417e-07,0.002524
113220,31.4500,0.15870481,8.713542e-07,0.003137
113280,31.4667,0.15864531,7.541667e-07,0.002715
113340,31.4833,0.15861431,5.750000e-07,0.002070
113400,31.5000,0.15857631,6.505208e-07,0.002342
113460,31.5167,0.15853625,7.677083e-07,0.002764
113520,31.5333,0.15848419,7.296875e-07,0.002627
113580,31.5500,0.15844869,6.171875e-07,0.002222
113640,31.5667,0.15841012,6.880208e-07,0.002477
113700,31.5833,0.15836612,7.921875e-07,0.002852
113760,31.6000,0.15831506,6.968750e-07,0.002509
113820,31.6167,0.15828250,7.000000e-07,0.002520
113880,31.6333,0.15823106,7.541667e-07,0.002715
113940,31.6500,0.15819200,7.046875e-07,0.002537
114000,31.6667,0.15814650,5.671875e-07,0.002042
114060,31.6833,0.15812394,7.052083e-07,0.002539
114120,31.7000,0.15806188,8.088542e-07,0.002912
114180,31.7167,0.15802687,5.796875e-07,0.002087
114240,31.7333,0.15799231,7.505208e-07,0.002702
114300,31.7500,0.15793681,7.921875e-07,0.002852
114360,31.7667,0.15789725,4.635417e-07,0.001669
114420,31.7833,0.15788119,7.505208e-07,0.002702
114480,31.8000,0.15780719,8.333333e-07,0.003000
114540,31.8167,0.15778119,6.083333e-07,0.002190
114600,31.8333,0.15773419,6.671875e-07,0.002402
114660,31.8500,0.15770112,6.635417e-07,0.002389
114720,31.8667,0.15765456,7.046875e-07,0.002537
114780,31.8833,0.15761656,6.130208e-07,0.002207
114840,31.9000,0.15758100,6.130208e-07,0.002207
114900,31.9167,0.15754300,7.213542e-07,0.002597
114960,31.9333,0.15749444,6.885417e-07,0.002479
115020,31.9500,0.15746038,7.171875e-07,0.002582
115080,31.9667,0.15740838,6.916667e-07,0.002490
115140,31.9833,0.15737738,7.541667e-07,0.002715
115200,32.0000,0.15731787,7.338542e-07,0.002642
115260,32.0167,0.15728931,5.838542e-07,0.002102
115320,32.0333,0.15724781,6.505208e-07,0.002342
115380,32.0500,0.15721125,5.927083e-07,0.002134
115440,32.0667,0.15717669,7.338542e-07,0.002642
115500,32.0833,0.15712319,8.088542e-07,0.002912
115560,32.1000,0.15707963,5.963542e-07,0.002147
115620,32.1167,0.15705163,5.005208e-07,0.001802
115680,32.1333,0.15701956,7.755208e-07,0.002792
115740,32.1500,0.15695856,8.375000e-07,0.003015
115800,32.1667,0.15691906,5.630208e-07,0.002027
115860,32.1833,0.15689100,6.963542e-07,0.002507
115920,32.2000,0.15683550,6.880208e-07,0.002477
115980,32.2167,0.15680844,5.546875e-07,0.001997
116040,32.2333,0.15676894,6.546875e-07,0.002357
116100,32.2500,0.15672988,6.552083e-07,0.002359
116160,32.2667,0.15669031,6.630208e-07,0.002387
116220,32.2833,0.15665031,7.255208e-07,0.002612
116280,32.3000,0.15660325,6.588542e-07,0.002372
116340,32.3167,0.15657125,6.833333e-07,0.002460
116400,32.3333,0.15652125,6.208333e-07,0.002235
116460,32.3500,0.15649675,5.755208e-07,0.002072
116520,32.3667,0.15645219,7.427083e-07,0.002674
116580,32.3833,0.15640762,7.463542e-07,0.002687
116640,32.4000,0.15636263,5.796875e-07,0.002087
116700,32.4167,0.15633806,6.713542e-07,0.002417
116760,32.4333,0.15628206,7.296875e-07,0.002627
116820,32.4500,0.15625050,5.921875e-07,0.002132
116880,32.4667,0.15621100,6.005208e-07,0.002162
116940,32.4833,0.15617844,7.260417e-07,0.002614
117000,32.5000,0.15612388,8.000000e-07,0.002880
117060,32.5167,0.15608244,5.541667e-07,0.001995
117120,32.5333,0.15605737,6.505208e-07,0.002342
117180,32.5500,0.15600437,7.338542e-07,0.002642
117240,32.5667,0.15596931,5.963542e-07,0.002147
117300,32.5833,0.15593281,6.505208e-07,0.002342
117360,32.6000,0.15589125,7.135417e-07,0.002569
117420,32.6167,0.15584719,5.921875e-07,0.002132
117480,32.6333,0.15582019,6.505208e-07,0.002342
117540,32.6500,0.15576913,6.880208e-07,0.002477
117600,32.6667,0.15573762,5.838542e-07,0.002102
117660,32.6833,0.15569906,6.791667e-07,0.002445
117720,32.7000,0.15565613,6.791667e-07,0.002445
117780,32.7167,0.15561756,6.671875e-07,0.002402
117840,32.7333,0.15557606,6.921875e-07,0.002492
117900,32.7500,0.15553450,6.635417e-07,0.002389
117960,32.7667,0.15549644,5.255208e-07,0.001892
118020,32.7833,0.15547144,6.796875e-07,0.002447
118080,32.8000,0.15541487,7.171875e-07,0.002582
118140,32.8167,0.15538537,4.505208e-07,0.001622
118200,32.8333,0.15536081,7.296875e-07,0.002627
118260,32.8500,0.15529781,7.130208e-07,0.002567
118320,32.8667,0.15527525,5.583333e-07,0.002010
118380,32.8833,0.15523081,6.625000e-07,0.002385
118440,32.9000,0.15519575,6.677083e-07,0.002404
118500,32.9167,0.15515069,6.421875e-07,0.002312
118560,32.9333,0.15511869,6.088542e-07,0.002192
118620,32.9500,0.15507762,6.838542e-07,0.002462
118680,32.9667,0.15503663,6.713542e-07,0.002417
118740,32.9833,0.15499706,4.671875e-07,0.001682
118800,33.0000,0.15498056,4.546875e-07,0.001637
118860,33.0167,0.15494250,7.921875e-07,0.002852
118920,33.0333,0.15488550,7.213542e-07,0.002597
118980,33.0500,0.15485594,6.291667e-07,0.002265
119040,33.0667,0.15481000,7.541667e-07,0.002715
119100,33.0833,0.15476544,6.052083e-07,0.002179
119160,33.1000,0.15473737,5.755208e-07,0.002072
119220,33.1167,0.15469637,6.296875e-07,0.002267
119280,33.1333,0.15466181,5.796875e-07,0.002087
119340,33.1500,0.15462681,5.880208e-07,0.002117
119400,33.1667,0.15459125,7.171875e-07,0.002582
119460,33.1833,0.15454075,6.546875e-07,0.002357
119520,33.2000,0.15451269,5.213542e-07,0.001877
119580,33.2167,0.15447819,6.505208e-07,0.002342
119640,33.2333,0.15443462,6.088542e-07,0.002192
119700,33.2500,0.15440513,6.958333e-07,0.002505
119760,33.2667,0.15435113,6.713542e-07,0.002417
119820,33.2833,0.15432456,5.380208e-07,0.001937
119880,33.3000,0.15428656,5.171875e-07,0.001862
119940,33.3167,0.15426250,6.755208e-07,0.002432
120000,33.3333,0.15420550,7.921875e-07,0.002852
120060,33.3500,0.15416744,5.171875e-07,0.001862
120120,33.3667,0.15414344,6.505208e-07,0.002342
120180,33.3833,0.15408938,6.463542e-07,0.002327
120240,33.4000,0.15406588,5.463542e-07,0.001967
120300,33.4167,0.15402381,6.463542e-07,0.002327
120360,33.4333,0.15398831,5.796875e-07,0.002087
120420,33.4500,0.15395425,6.541667e-07,0.002355
120480,33.4667,0.15390981,7.166667e-07,0.002580
120540,33.4833,0.15386825,5.380208e-07,0.001937
120600,33.5000,0.15384525,6.630208e-07,0.002387
120660,33.5167,0.15378869,6.010417e-07,0.002164
120720,33.5333,0.15377313,5.088542e-07,0.001832
120780,33.5500,0.15372763,7.171875e-07,0.002582
120840,33.5667,0.15368706,6.130208e-07,0.002207
120900,33.5833,0.15365406,5.838542e-07,0.002102
120960,33.6000,0.15361700,6.380208e-07,0.002297
121020,33.6167,0.15357750,4.130208e-07,0.001487
121080,33.6333,0.15356744,5.921875e-07,0.002132
121140,33.6500,0.15350644,8.333333e-07,0.003000
121200,33.6667,0.15346744,6.791667e-07,0.002445
121260,33.6833,0.15342494,4.463542e-07,0.001607
121320,33.7000,0.15341388,6.421875e-07,0.002312
121380,33.7167,0.15334788,7.130208e-07,0.002567
121440,33.7333,0.15332831,4.671875e-07,0.001682
121500,33.7500,0.15329181,7.130208e-07,0.002567
121560,33.7667,0.15324275,5.130208e-07,0.001847
121620,33.7833,0.15323025,5.463542e-07,0.001967
121680,33.8000,0.15317719,6.463542e-07,0.002327
121740,33.8167,0.15315269,6.005208e-07,0.002162
121800,33.8333,0.15310513,5.880208e-07,0.002117
121860,33.8500,0.15308213,5.130208e-07,0.001847
121920,33.8667,0.15304356,6.963542e-07,0.002507
121980,33.8833,0.15299856,6.791667e-07,0.002445
122040,33.9000,0.15296206,6.421875e-07,0.002312
122100,33.9167,0.15292150,5.796875e-07,0.002087
122160,33.9333,0.15289250,4.671875e-07,0.001682
122220,33.9500,0.15286544,6.588542e-07,0.002372
122280,33.9667,0.15281344,6.630208e-07,0.002387
122340,33.9833,0.15278587,5.380208e-07,0.001937
122400,34.0000,0.15274888,5.296875e-07,0.001907
122460,34.0167,0.15272231,6.171875e-07,0.002222
122520,34.0333,0.15267481,7.255208e-07,0.002612
122580,34.0500,0.15263525,4.838542e-07,0.001742
122640,34.0667,0.15261675,5.666667e-07,0.002040
122700,34.0833,0.15256725,6.875000e-07,0.002475
122760,34.1000,0.15253425,5.505208e-07,0.001982
122820,34.1167,0.15250119,6.005208e-07,0.002162
122880,34.1333,0.15246219,5.921875e-07,0.002132
122940,34.1500,0.15243012,5.838542e-07,0.002102
123000,34.1667,0.15239212,6.005208e-07,0.002162
123060,34.1833,0.15235806,4.921875e-07,0.001772
123120,34.2000,0.15233306,6.963542e-07,0.002507
123180,34.2167,0.15227450,6.630208e-07,0.002387
123240,34.2333,0.15225350,3.463542e-07,0.001247
123300,34.2500,0.15223294,5.005208e-07,0.001802
123360,34.2667,0.15219344,7.671875e-07,0.002762
123420,34.2833,0.15214087,7.296875e-07,0.002627
123480,34.3000,0.15210587,4.583333e-07,0.001650
123540,34.3167,0.15208587,5.666667e-07,0.002040
123600,34.3333,0.15203787,6.088542e-07,0.002192
123660,34.3500,0.15201281,5.546875e-07,0.001997
123720,34.3667,0.15197131,5.880208e-07,0.002117
123780,34.3833,0.15194225,5.255208e-07,0.001892
123840,34.4000,0.15190825,5.921875e-07,0.002132
123900,34.4167,0.15187119,6.421875e-07,0.002312
123960,34.4333,0.15183119,6.546875e-07,0.002357
124020,34.4500,0.15179262,5.505208e-07,0.001982
124080,34.4667,0.15176513,5.963542e-07,0.002147
124140,34.4833,0.15172106,5.338542e-07,0.001922
124200,34.5000,0.15170106,4.255208e-07,0.001532
124260,34.5167,0.15167000,6.875000e-07,0.002475
124320,34.5333,0.15161856,6.250000e-07,0.002250
124380,34.5500,0.15159500,5.421875e-07,0.001952
124440,34.5667,0.15155350,5.713542e-07,0.002057
124500,34.5833,0.15152644,4.546875e-07,0.001637
124560,34.6000,0.15149894,7.505208e-07,0.002702
124620,34.6167,0.15143637,6.463542e-07,0.002327
124680,34.6333,0.15142137,4.463542e-07,0.001607
124740,34.6500,0.15138281,5.296875e-07,0.001907
124800,34.6667,0.15135781,5.171875e-07,0.001862
124860,34.6833,0.15132075,7.338542e-07,0.002642
124920,34.7000,0.15126975,5.630208e-07,0.002027
124980,34.7167,0.15125319,4.546875e-07,0.001637
125040,34.7333,0.15121519,6.958333e-07,0.002505
125100,34.7500,0.15116969,5.291667e-07,0.001905
125160,34.7667,0.15115169,5.171875e-07,0.001862
125220,34.7833,0.15110762,7.171875e-07,0.002582
125280,34.8000,0.15106562,6.755208e-07,0.002432
125340,34.8167,0.15102656,4.546875e-07,0.001637
125400,34.8333,0.15101106,3.546875e-07,0.001277
125460,34.8500,0.15098400,6.755208e-07,0.002432
125520,34.8667,0.15093000,5.838542e-07,0.002102
125580,34.8833,0.15091394,4.213542e-07,0.001517
125640,34.9000,0.15087944,6.375000e-07,0.002295
125700,34.9167,0.15083744,4.380208e-07,0.001577
125760,34.9333,0.15082688,6.546875e-07,0.002357
125820,34.9500,0.15075888,6.755208e-07,0.002432
125880,34.9667,0.15074581,4.541667e-07,0.001635
125940,34.9833,0.15070438,6.125000e-07,0.002205
126000,35.0000,0.15067231,6.088542e-07,0.002192
126060,35.0167,0.15063131,6.755208e-07,0.002432
126120,35.0333,0.15059125,5.255208e-07,0.001892
126180,35.0500,0.15056825,4.588542e-07,0.001652
126240,35.0667,0.15053619,5.505208e-07,0.001982
126300,35.0833,0.15050219,6.213542e-07,0.002237
126360,35.1000,0.15046163,5.255208e-07,0.001892
126420,35.1167,0.15043913,4.630208e-07,0.001667
126480,35.1333,0.15040606,5.671875e-07,0.002042
126540,35.1500,0.15037106,4.796875e-07,0.001727
126600,35.1667,0.15034850,5.796875e-07,0.002087
126660,35.1833,0.15030150,5.963542e-07,0.002147
126720,35.2000,0.15027694,5.421875e-07,0.001952
126780,35.2167,0.15023644,6.625000e-07,0.002385
126840,35.2333,0.15019744,5.791667e-07,0.002085
126900,35.2500,0.15016694,4.421875e-07,0.001592
126960,35.2667,0.15014437,4.421875e-07,0.001592
127020,35.2833,0.15011388,6.916667e-07,0.002490
127080,35.3000,0.15006137,5.838542e-07,0.002102
127140,35.3167,0.15004381,4.463542e-07,0.001607
127200,35.3333,0.15000781,5.213542e-07,0.001877
127260,35.3500,0.14998125,6.713542e-07,0.002417
127320,35.3667,0.14992725,5.630208e-07,0.002027
127380,35.3833,0.14991369,4.338542e-07,0.001562
127440,35.4000,0.14987519,5.880208e-07,0.002117
127500,35.4167,0.14984312,4.963542e-07,0.001787
127560,35.4333,0.14981563,4.921875e-07,0.001772
127620,35.4500,0.14978406,7.125000e-07,0.002565
127680,35.4667,0.14973012,6.250000e-07,0.002250
127740,35.4833,0.14970906,3.921875e-07,0.001412
127800,35.5000,0.14968306,6.213542e-07,0.002237
127860,35.5167,0.14963450,5.130208e-07,0.001847
127920,35.5333,0.14962150,4.130208e-07,0.001487
127980,35.5500,0.14958494,6.463542e-07,0.002327
128040,35.5667,0.14954394,6.375000e-07,0.002295
128100,35.5833,0.14950844,4.713542e-07,0.001697
128160,35.6000,0.14948738,3.921875e-07,0.001412
128220,35.6167,0.14946138,5.171875e-07,0.001862
128280,35.6333,0.14942531,6.421875e-07,0.002312
128340,35.6500,0.14938431,5.921875e-07,0.002132
128400,35.6667,0.14935425,5.671875e-07,0.002042
128460,35.6833,0.14931625,4.546875e-07,0.001637
128520,35.7000,0.14929969,5.666667e-07,0.002040
128580,35.7167,0.14924825,7.375000e-07,0.002655
128640,35.7333,0.14921119,4.130208e-07,0.001487
128700,35.7500,0.14919869,4.755208e-07,0.001712
128760,35.7667,0.14915412,5.880208e-07,0.002117
128820,35.7833,0.14912813,4.666667e-07,0.001680
128880,35.8000,0.14909812,6.463542e-07,0.002327
128940,35.8167,0.14905056,5.713542e-07,0.002057
129000,35.8333,0.14902956,3.463542e-07,0.001247
129060,35.8500,0.14900900,5.046875e-07,0.001817
129120,35.8667,0.14896900,5.130208e-07,0.001847
129180,35.8833,0.14894744,5.421875e-07,0.001952
129240,35.9000,0.14890394,6.255208e-07,0.002252
129300,35.9167,0.14887237,5.130208e-07,0.001847
129360,35.9333,0.14884237,3.963542e-07,0.001427
129420,35.9500,0.14882481,5.958333e-07,0.002145
129480,35.9667,0.14877087,6.411458e-07,0.002308
129540,35.9833,0.14874788,4.505208e-07,0.001622
129600,36.0000,0.14871681,6.505208e-07,0.002342
129660,36.0167,0.14866981,5.463542e-07,0.001967
129720,36.0333,0.14865125,4.421875e-07,0.001592
129780,36.0500,0.14861675,4.380208e-07,0.001577
129840,36.0667,0.14859869,6.213542e-07,0.002237
129900,36.0833,0.14854219,6.546875e-07,0.002357
129960,36.1000,0.14852013,3.213542e-07,0.001157
130020,36.1167,0.14850362,4.375000e-07,0.001575
130080,36.1333,0.14846762,5.755208e-07,0.002072
130140,36.1500,0.14843456,6.380208e-07,0.002297
130200,36.1667,0.14839106,4.630208e-07,0.001667
130260,36.1833,0.14837900,4.046875e-07,0.001457
130320,36.2000,0.14834250,6.630208e-07,0.002387
130380,36.2167,0.14829944,4.833333e-07,0.001740
130440,36.2333,0.14828450,5.375000e-07,0.001935
130500,36.2500,0.14823494,6.338542e-07,0.002282
130560,36.2667,0.14820844,4.088542e-07,0.001472
130620,36.2833,0.14818587,5.171875e-07,0.001862
130680,36.3000,0.14814637,6.125000e-07,0.002205
130740,36.3167,0.14811237,3.963542e-07,0.001427
130800,36.3333,0.14809881,4.463542e-07,0.001607
130860,36.3500,0.14805881,7.213542e-07,0.002597
130920,36.3667,0.14801225,5.671875e-07,0.002042
130980,36.3833,0.14799075,3.880208e-07,0.001397
131040,36.4000,0.14796569,3.921875e-07,0.001412
131100,36.4167,0.14794369,6.583333e-07,0.002370
131160,36.4333,0.14788669,5.505208e-07,0.001982
131220,36.4500,0.14787762,3.671875e-07,0.001322
131280,36.4667,0.14784262,6.380208e-07,0.002297
131340,36.4833,0.14780106,3.916667e-07,0.001410
131400,36.5000,0.14779563,4.875000e-07,0.001755
131460,36.5167,0.14774256,7.213542e-07,0.002597
131520,36.5333,0.14770906,4.838542e-07,0.001742
131580,36.5500,0.14768450,4.505208e-07,0.001622
131640,36.5667,0.14765500,4.500000e-07,0.001620
131700,36.5833,0.14763050,5.755208e-07,0.002072
131760,36.6000,0.14758594,6.005208e-07,0.002162
131820,36.6167,0.14755844,4.213542e-07,0.001517
131880,36.6333,0.14753537,3.838542e-07,0.001382
131940,36.6500,0.14751238,5.588542e-07,0.002012
132000,36.6667,0.14746831,5.880208e-07,0.002117
132060,36.6833,0.14744181,4.041667e-07,0.001455
132120,36.7000,0.14741981,4.630208e-07,0.001667
132180,36.7167,0.14738625,6.963542e-07,0.002507
132240,36.7333,0.14733625,5.630208e-07,0.002027
132300,36.7500,0.14731869,3.005208e-07,0.001082
132360,36.7667,0.14730019,4.875000e-07,0.001755
132420,36.7833,0.14726019,6.291667e-07,0.002265
132480,36.8000,0.14722469,4.838542e-07,0.001742
132540,36.8167,0.14720213,5.130208e-07,0.001847
132600,36.8333,0.14716312,5.333333e-07,0.001920
132660,36.8500,0.14713813,4.046875e-07,0.001457
132720,36.8667,0.14711456,5.088542e-07,0.001832
132780,36.8833,0.14707706,6.463542e-07,0.002327
132840,36.9000,0.14703700,5.046875e-07,0.001817
132900,36.9167,0.14701650,4.213542e-07,0.001517
132960,36.9333,0.14698644,3.713542e-07,0.001337
133020,36.9500,0.14697194,4.041667e-07,0.001455
133080,36.9667,0.14693794,7.005208e-07,0.002522
133140,36.9833,0.14688788,5.796875e-07,0.002087
133200,37.0000,0.14686837,3.755208e-07,0.001352
133260,37.0167,0.14684281,5.713542e-07,0.002057
133320,37.0333,0.14679981,5.088542e-07,0.001832
133380,37.0500,0.14678175,4.500000e-07,0.001620
133440,37.0667,0.14674581,6.453125e-07,0.002323
133500,37.0833,0.14670431,4.338542e-07,0.001562
133560,37.1000,0.14669375,3.130208e-07,0.001127
133620,37.1167,0.14666675,6.005208e-07,0.002162
133680,37.1333,0.14662169,5.213542e-07,0.001877
133740,37.1500,0.14660419,3.500000e-07,0.001260
133800,37.1667,0.14657969,5.005208e-07,0.001802
133860,37.1833,0.14654413,6.630208e-07,0.002387
133920,37.2000,0.14650013,4.963542e-07,0.001787
133980,37.2167,0.14648456,3.046875e-07,0.001097
134040,37.2333,0.14646356,4.505208e-07,0.001622
134100,37.2500,0.14643050,6.380208e-07,0.002297
134160,37.2667,0.14638700,5.625000e-07,0.002025
134220,37.2833,0.14636300,4.296875e-07,0.001547
134280,37.3000,0.14633544,4.046875e-07,0.001457
134340,37.3167,0.14631444,4.713542e-07,0.001697
134400,37.3333,0.14627888,5.958333e-07,0.002145
134460,37.3500,0.14624294,5.791667e-07,0.002085
134520,37.3667,0.14620938,4.796875e-07,0.001727
134580,37.3833,0.14618538,3.833333e-07,0.001380
134640,37.4000,0.14616338,4.630208e-07,0.001667
134700,37.4167,0.14612981,5.255208e-07,0.001892
134760,37.4333,0.14610031,4.130208e-07,0.001487
134820,37.4500,0.14608025,6.130208e-07,0.002207
134880,37.4667,0.14602675,5.625000e-07,0.002025
134940,37.4833,0.14601275,3.380208e-07,0.001217
135000,37.5000,0.14598619,4.880208e-07,0.001757
135060,37.5167,0.14595419,5.380208e-07,0.001937
135120,37.5333,0.14592163,4.005208e-07,0.001442
135180,37.5500,0.14590612,4.166667e-07,0.001500
135240,37.5667,0.14587163,5.630208e-07,0.002027
135300,37.5833,0.14583856,5.671875e-07,0.002042
135360,37.6000,0.14580356,3.796875e-07,0.001367
135420,37.6167,0.14579300,3.880208e-07,0.001397
135480,37.6333,0.14575700,5.583333e-07,0.002010
135540,37.6500,0.14572600,5.583333e-07,0.002010
135600,37.6667,0.14569000,5.333333e-07,0.001920
135660,37.6833,0.14566200,4.921875e-07,0.001772
135720,37.7000,0.14563094,3.963542e-07,0.001427
135780,37.7167,0.14561444,5.296875e-07,0.001907
135840,37.7333,0.14556737,4.713542e-07,0.001697
135900,37.7500,0.14555787,4.250000e-07,0.001530
135960,37.7667,0.14551637,5.671875e-07,0.002042
136020,37.7833,0.14548981,4.005208e-07,0.001442
136080,37.8000,0.14546831,4.338542e-07,0.001562
136140,37.8167,0.14543775,5.005208e-07,0.001802
136200,37.8333,0.14540825,4.333333e-07,0.001560
136260,37.8500,0.14538575,4.088542e-07,0.001472
136320,37.8667,0.14535919,5.630208e-07,0.002027
136380,37.8833,0.14531819,5.921875e-07,0.002132
136440,37.9000,0.14528812,4.088542e-07,0.001472
136500,37.9167,0.14526912,3.333333e-07,0.001200
136560,37.9333,0.14524812,5.208333e-07,0.001875
136620,37.9500,0.14520662,6.875000e-07,0.002475
136680,37.9667,0.14516562,4.796875e-07,0.001727
136740,37.9833,0.14514906,2.296875e-07,0.000827
136800,38.0000,0.14513806,5.833333e-07,0.002100
136860,38.0167,0.14507906,5.463542e-07,0.001967
136920,38.0333,0.14507250,2.046875e-07,0.000737
136980,38.0500,0.14505450,6.213542e-07,0.002237
137040,38.0667,0.14499794,6.421875e-07,0.002312
137100,38.0833,0.14497744,3.041667e-07,0.001095
137160,38.1000,0.14496144,4.671875e-07,0.001682
137220,38.1167,0.14492137,5.046875e-07,0.001817
137280,38.1333,0.14490087,3.713542e-07,0.001337
137340,38.1500,0.14487681,5.338542e-07,0.001922
137400,38.1667,0.14483681,5.500000e-07,0.001980
137460,38.1833,0.14481081,3.171875e-07,0.001142
137520,38.2000,0.14479875,4.588542e-07,0.001652
137580,38.2167,0.14475575,6.130208e-07,0.002207
137640,38.2333,0.14472519,3.546875e-07,0.001277
137700,38.2500,0.14471319,4.119792e-07,0.001483
137760,38.2667,0.14467575,4.875000e-07,0.001755
137820,38.2833,0.14465469,5.380208e-07,0.001937
137880,38.3000,0.14461119,5.713542e-07,0.002057
137940,38.3167,0.14458612,3.880208e-07,0.001397
138000,38.3333,0.14456463,4.083333e-07,0.001470
138060,38.3500,0.14453712,5.588542e-07,0.002012
138120,38.3667,0.14449756,5.088542e-07,0.001832
138180,38.3833,0.14447606,4.630208e-07,0.001667
138240,38.4000,0.14444200,4.130208e-07,0.001487
138300,38.4167,0.14442650,3.041667e-07,0.001095
138360,38.4333,0.14440550,3.838542e-07,0.001382
138420,38.4500,0.14438044,5.546875e-07,0.001997
138480,38.4667,0.14433894,5.380208e-07,0.001937
138540,38.4833,0.14431588,3.963542e-07,0.001427
138600,38.5000,0.14429137,3.958333e-07,0.001425
138660,38.5167,0.14426838,5.213542e-07,0.001877
138720,38.5333,0.14422881,5.213542e-07,0.001877
138780,38.5500,0.14420581,3.588542e-07,0.001292
138840,38.5667,0.14418575,5.541667e-07,0.001995
138900,38.5833,0.14413931,6.078125e-07,0.002188
138960,38.6000,0.14411281,3.296875e-07,0.001187
139020,38.6167,0.14409975,4.421875e-07,0.001592
139080,38.6333,0.14405975,4.213542e-07,0.001517
139140,38.6500,0.14404919,4.588542e-07,0.001652
139200,38.6667,0.14400469,5.750000e-07,0.002070
139260,38.6833,0.14398019,3.005208e-07,0.001082
139320,38.7000,0.14396863,4.588542e-07,0.001652
139380,38.7167,0.14392512,6.291667e-07,0.002265
139440,38.7333,0.14389313,3.505208e-07,0.001262
139500,38.7500,0.14388306,4.088542e-07,0.001472
139560,38.7667,0.14384406,4.713542e-07,0.001697
139620,38.7833,0.14382650,4.088542e-07,0.001472
139680,38.8000,0.14379500,5.833333e-07,0.002100
139740,38.8167,0.14375650,3.880208e-07,0.001397
139800,38.8333,0.14374844,2.046875e-07,0.000737
139860,38.8500,0.14373194,5.255208e-07,0.001892
139920,38.8667,0.14368538,6.546875e-07,0.002357
139980,38.8833,0.14365337,3.958333e-07,0.001425
140040,38.9000,0.14363787,3.875000e-07,0.001395
140100,38.9167,0.14360687,4.791667e-07,0.001725
140160,38.9333,0.14358038,4.333333e-07,0.001560
140220,38.9500,0.14355487,4.463542e-07,0.001607
140280,38.9667,0.14352681,5.130208e-07,0.001847
140340,38.9833,0.14349331,5.671875e-07,0.002042
140400,39.0000,0.14345875,3.046875e-07,0.001097
140460,39.0167,0.14345675,2.875000e-07,0.001035
140520,39.0333,0.14342425,6.463542e-07,0.002327
140580,39.0500,0.14337919,4.421875e-07,0.001592
140640,39.0667,0.14337119,2.958333e-07,0.001065
140700,39.0833,0.14334369,6.005208e-07,0.002162
140760,39.1000,0.14329912,4.213542e-07,0.001517
140820,39.1167,0.14329312,3.796875e-07,0.001367
140880,39.1333,0.14325356,4.713542e-07,0.001697
140940,39.1500,0.14323656,3.166667e-07,0.001140
141000,39.1667,0.14321556,5.255208e-07,0.001892
141060,39.1833,0.14317350,4.880208e-07,0.001757
141120,39.2000,0.14315700,5.005208e-07,0.001802
141180,39.2167,0.14311344,5.046875e-07,0.001817
141240,39.2333,0.14309644,2.833333e-07,0.001020
141300,39.2500,0.14307944,4.250000e-07,0.001530
141360,39.2667,0.14304544,6.166667e-07,0.002220
141420,39.2833,0.14300544,4.833333e-07,0.001740
141480,39.3000,0.14298744,2.171875e-07,0.000782
141540,39.3167,0.14297938,5.005208e-07,0.001802
141600,39.3333,0.14292737,5.838542e-07,0.002102
141660,39.3500,0.14290931,2.505208e-07,0.000902
141720,39.3667,0.14289731,4.000000e-07,0.001440
141780,39.3833,0.14286131,5.921875e-07,0.002132
141840,39.4000,0.14282625,4.921875e-07,0.001772
141900,39.4167,0.14280225,3.833333e-07,0.001380
141960,39.4333,0.14278025,3.338542e-07,0.001202
142020,39.4500,0.14276219,2.546875e-07,0.000917
142080,39.4667,0.14274969,4.708333e-07,0.001695
142140,39.4833,0.14270569,7.046875e-07,0.002537
142200,39.5000,0.14266513,4.255208e-07,0.001532
142260,39.5167,0.14265463,2.005208e-07,0.000722
142320,39.5333,0.14264106,5.505208e-07,0.001982
142380,39.5500,0.14258856,5.458333e-07,0.001965
142440,39.5667,0.14257556,2.421875e-07,0.000872
142500,39.5833,0.14255950,4.130208e-07,0.001487
142560,39.6000,0.14252600,5.536458e-07,0.001993
142620,39.6167,0.14249306,4.791667e-07,0.001725
142680,39.6333,0.14246850,4.963542e-07,0.001787
142740,39.6500,0.14243350,4.546875e-07,0.001637
142800,39.6667,0.14241394,3.171875e-07,0.001142
142860,39.6833,0.14239544,3.791667e-07,0.001365
142920,39.7000,0.14236844,4.546875e-07,0.001637
142980,39.7167,0.14234088,5.171875e-07,0.001862
143040,39.7333,0.14230638,4.666667e-07,0.001680
143100,39.7500,0.14228488,3.546875e-07,0.001277
143160,39.7667,0.14226381,3.963542e-07,0.001427
143220,39.7833,0.14223731,3.958333e-07,0.001425
143280,39.8000,0.14221631,3.713542e-07,0.001337
143340,39.8167,0.14219275,4.921875e-07,0.001772
143400,39.8333,0.14215725,4.630208e-07,0.001667
143460,39.8500,0.14213719,3.880208e-07,0.001397
143520,39.8667,0.14211069,4.083333e-07,0.001470
143580,39.8833,0.14208819,4.296875e-07,0.001547
143640,39.9000,0.14205913,4.088542e-07,0.001472
143700,39.9167,0.14203913,4.916667e-07,0.001770
143760,39.9333,0.14200013,5.130208e-07,0.001847
143820,39.9500,0.14197756,3.875000e-07,0.001395
143880,39.9667,0.14195362,3.078125e-07,0.001108
143940,39.9833,0.14194062,4.421875e-07,0.001592
144000,40.0000,0.14190056,5.380208e-07,0.001937
144060,40.0167,0.14187606,3.796875e-07,0.001367
144120,40.0333,0.14185500,3.921875e-07,0.001412
144180,40.0500,0.14182900,4.416667e-07,0.001590
144240,40.0667,0.14180200,4.505208e-07,0.001622
144300,40.0833,0.14177494,4.213542e-07,0.001517
144360,40.1000,0.14175144,3.708333e-07,0.001335
144420,40.1167,0.14173044,4.046875e-07,0.001457
144480,40.1333,0.14170288,4.046875e-07,0.001457
144540,40.1500,0.14168188,4.208333e-07,0.001515
144600,40.1667,0.14165237,4.421875e-07,0.001592
144660,40.1833,0.14162881,4.838542e-07,0.001742
144720,40.2000,0.14159431,4.458333e-07,0.001605
144780,40.2167,0.14157531,2.130208e-07,0.000767
144840,40.2333,0.14156875,4.171875e-07,0.001502
144900,40.2500,0.14152525,6.463542e-07,0.002327
144960,40.2667,0.14149119,4.296875e-07,0.001547
145020,40.2833,0.14147369,2.583333e-07,0.000930
145080,40.3000,0.14146019,3.588542e-07,0.001292
145140,40.3167,0.14143063,5.255208e-07,0.001892
145200,40.3333,0.14139713,3.911458e-07,0.001408
145260,40.3500,0.14138369,3.083333e-07,0.001110
145320,40.3667,0.14136013,5.213542e-07,0.001877
145380,40.3833,0.14132112,5.250000e-07,0.001890
145440,40.4000,0.14129712,4.005208e-07,0.001442
145500,40.4167,0.14127306,3.296875e-07,0.001187
145560,40.4333,0.14125756,3.833333e-07,0.001380
145620,40.4500,0.14122706,5.130208e-07,0.001847
145680,40.4667,0.14119600,4.838542e-07,0.001742
145740,40.4833,0.14116900,4.005208e-07,0.001442
145800,40.5000,0.14114794,3.171875e-07,0.001142
145860,40.5167,0.14113094,4.250000e-07,0.001530
145920,40.5333,0.14109694,4.505208e-07,0.001622
145980,40.5500,0.14107687,3.921875e-07,0.001412
146040,40.5667,0.14104987,3.416667e-07,0.001230
146100,40.5833,0.14103587,3.713542e-07,0.001337
146160,40.6000,0.14100531,4.713542e-07,0.001697
146220,40.6167,0.14097931,4.875000e-07,0.001755
146280,40.6333,0.14094681,4.338542e-07,0.001562
146340,40.6500,0.14092725,2.713542e-07,0.000977
146400,40.6667,0.14091425,3.583333e-07,0.001290
146460,40.6833,0.14088425,4.588542e-07,0.001652
146520,40.7000,0.14085919,4.088542e-07,0.001472
146580,40.7167,0.14083519,5.578125e-07,0.002008
146640,40.7333,0.14079225,4.750000e-07,0.001710
146700,40.7500,0.14077819,3.213542e-07,0.001157
146760,40.7667,0.14075369,2.833333e-07,0.001020
146820,40.7833,0.14074419,3.296875e-07,0.001187
146880,40.8000,0.14071412,5.088542e-07,0.001832
146940,40.8167,0.14068312,5.416667e-07,0.001950
147000,40.8333,0.14064913,4.171875e-07,0.001502
147060,40.8500,0.14063306,3.630208e-07,0.001307
147120,40.8667,0.14060556,3.421875e-07,0.001232
147180,40.8833,0.14059200,4.338542e-07,0.001562
147240,40.9000,0.14055350,4.958333e-07,0.001785
147300,40.9167,0.14053250,4.005208e-07,0.001442
147360,40.9333,0.14050544,4.046875e-07,0.001457
147420,40.9500,0.14048394,3.250000e-07,0.001170
147480,40.9667,0.14046644,3.963542e-07,0.001427
147540,40.9833,0.14043637,5.088542e-07,0.001832
147600,41.0000,0.14040537,3.416667e-07,0.001230
147660,41.0167,0.14039537,2.630208e-07,0.000947
147720,41.0333,0.14037381,5.088542e-07,0.001832
147780,41.0500,0.14033431,4.791667e-07,0.001725
147840,41.0667,0.14031631,3.005208e-07,0.001082
147900,41.0833,0.14029825,3.880208e-07,0.001397
147960,41.1000,0.14026975,3.666667e-07,0.001320
148020,41.1167,0.14025425,3.458333e-07,0.001245
148080,41.1333,0.14022825,4.958333e-07,0.001785
148140,41.1500,0.14019475,5.416667e-07,0.001950
148200,41.1667,0.14016325,3.755208e-07,0.001352
148260,41.1833,0.14014969,2.421875e-07,0.000872
148320,41.2000,0.14013419,5.458333e-07,0.001965
148380,41.2167,0.14008419,5.088542e-07,0.001832
148440,41.2333,0.14007312,1.130208e-07,0.000407
148500,41.2500,0.14007063,2.875000e-07,0.001035
148560,41.2667,0.14003862,6.255208e-07,0.002252
148620,41.2833,0.13999556,5.255208e-07,0.001892
148680,41.3000,0.13997556,3.458333e-07,0.001245
148740,41.3167,0.13995406,2.838542e-07,0.001022
148800,41.3333,0.13994150,3.880208e-07,0.001397
148860,41.3500,0.13990750,4.333333e-07,0.001560
148920,41.3667,0.13988950,4.296875e-07,0.001547
148980,41.3833,0.13985594,4.005208e-07,0.001442
149040,41.4000,0.13984144,3.000000e-07,0.001080
149100,41.4167,0.13981994,4.755208e-07,0.001712
149160,41.4333,0.13978438,3.880208e-07,0.001397
149220,41.4500,0.13977338,2.416667e-07,0.000870
149280,41.4667,0.13975537,4.088542e-07,0.001472
149340,41.4833,0.13972431,5.130208e-07,0.001847
149400,41.5000,0.13969381,3.875000e-07,0.001395
149460,41.5167,0.13967781,2.791667e-07,0.001005
149520,41.5333,0.13966031,4.500000e-07,0.001620
149580,41.5500,0.13962381,5.416667e-07,0.001950
149640,41.5667,0.13959531,3.755208e-07,0.001352
149700,41.5833,0.13957875,2.921875e-07,0.001052
149760,41.6000,0.13956025,3.166667e-07,0.001140
149820,41.6167,0.13954075,4.963542e-07,0.001787
149880,41.6333,0.13950069,4.505208e-07,0.001622
149940,41.6500,0.13948669,3.000000e-07,0.001080
150000,41.6667,0.13946469,4.130208e-07,0.001487
150060,41.6833,0.13943712,4.171875e-07,0.001502
150120,41.7000,0.13941462,3.416667e-07,0.001230
150180,41.7167,0.13939613,3.630208e-07,0.001307
150240,41.7333,0.13937106,5.755208e-07,0.002072
150300,41.7500,0.13932706,4.500000e-07,0.001620
150360,41.7667,0.13931706,1.463542e-07,0.000527
150420,41.7833,0.13930950,3.463542e-07,0.001247
150480,41.8000,0.13927550,4.958333e-07,0.001785
150540,41.8167,0.13925000,2.921875e-07,0.001052
150600,41.8333,0.13924044,3.546875e-07,0.001277
150660,41.8500,0.13920744,4.666667e-07,0.001680
150720,41.8667,0.13918444,4.505208e-07,0.001622
150780,41.8833,0.13915337,4.171875e-07,0.001502
150840,41.9000,0.13913438,3.250000e-07,0.001170
150900,41.9167,0.13911437,2.588542e-07,0.000932
150960,41.9333,0.13910331,3.671875e-07,0.001322
151020,41.9500,0.13907031,4.911458e-07,0.001768
151080,41.9667,0.13904437,3.250000e-07,0.001170
151140,41.9833,0.13903131,4.838542e-07,0.001742
151200,42.0000,0.13898631,4.958333e-07,0.001785
151260,42.0167,0.13897181,2.046875e-07,0.000737
151320,42.0333,0.13896175,2.880208e-07,0.001037
151380,42.0500,0.13893725,5.708333e-07,0.002055
151440,42.0667,0.13889325,4.046875e-07,0.001457
151500,42.0833,0.13888869,1.671875e-07,0.000602
151560,42.1000,0.13887319,3.750000e-07,0.001350
151620,42.1167,0.13884369,4.838542e-07,0.001742
151680,42.1333,0.13881513,4.880208e-07,0.001757
151740,42.1500,0.13878513,3.833333e-07,0.001380
151800,42.1667,0.13876912,2.296875e-07,0.000827
151860,42.1833,0.13875756,3.005208e-07,0.001082
151920,42.2000,0.13873306,4.125000e-07,0.001485
151980,42.2167,0.13870806,5.130208e-07,0.001847
152040,42.2333,0.13867150,4.630208e-07,0.001667
152100,42.2500,0.13865250,2.500000e-07,0.000900
152160,42.2667,0.13864150,3.833333e-07,0.001380
152220,42.2833,0.13860650,3.921875e-07,0.001412
152280,42.3000,0.13859444,3.463542e-07,0.001247
152340,42.3167,0.13856494,3.791667e-07,0.001365
152400,42.3333,0.13854894,3.588542e-07,0.001292
152460,42.3500,0.13852188,4.713542e-07,0.001697
152520,42.3667,0.13849238,4.125000e-07,0.001485
152580,42.3833,0.13847238,3.916667e-07,0.001410
152640,42.4000,0.13844538,2.916667e-07,0.001050
152700,42.4167,0.13843738,2.625000e-07,0.000945
152760,42.4333,0.13841387,5.296875e-07,0.001907
152820,42.4500,0.13837381,4.296875e-07,0.001547
152880,42.4667,0.13836231,2.375000e-07,0.000855
152940,42.4833,0.13834531,3.838542e-07,0.001382
153000,42.5000,0.13831625,5.338542e-07,0.001922
153060,42.5167,0.13828125,3.958333e-07,0.001425
153120,42.5333,0.13826875,2.296875e-07,0.000827
153180,42.5500,0.13825369,2.421875e-07,0.000872
153240,42.5667,0.13823969,4.458333e-07,0.001605
153300,42.5833,0.13820019,6.005208e-07,0.002162
153360,42.6000,0.13816763,3.005208e-07,0.001082
153420,42.6167,0.13816412,1.416667e-07,0.000510
153480,42.6333,0.13815062,5.000000e-07,0.001800
153540,42.6500,0.13810412,5.046875e-07,0.001817
153600,42.6667,0.13809006,2.755208e-07,0.000992
153660,42.6833,0.13807106,2.708333e-07,0.000975
153720,42.7000,0.13805756,3.463542e-07,0.001247
153780,42.7167,0.13802950,4.130208e-07,0.001487
153840,42.7333,0.13800800,3.250000e-07,0.001170
153900,42.7500,0.13799050,5.005208e-07,0.001802
153960,42.7667,0.13794794,5.046875e-07,0.001817
154020,42.7833,0.13792994,2.791667e-07,0.001005
154080,42.8000,0.13791444,1.796875e-07,0.000647
154140,42.8167,0.13790837,2.213542e-07,0.000797
154200,42.8333,0.13788788,5.291667e-07,0.001905
154260,42.8500,0.13784488,5.541667e-07,0.001995
154320,42.8667,0.13782138,3.375000e-07,0.001215
154380,42.8833,0.13780438,3.333333e-07,0.001200
154440,42.9000,0.13778138,2.458333e-07,0.000885
154500,42.9167,0.13777488,3.838542e-07,0.001382
154560,42.9333,0.13773531,5.630208e-07,0.002027
154620,42.9500,0.13770731,4.250000e-07,0.001530
154680,42.9667,0.13768431,2.505208e-07,0.000902
154740,42.9833,0.13767725,3.046875e-07,0.001097
154800,43.0000,0.13764775,3.916667e-07,0.001410
154860,43.0167,0.13763025,3.338542e-07,0.001202
154920,43.0333,0.13760769,3.880208e-07,0.001397
154980,43.0500,0.13758369,3.708333e-07,0.001335
155040,43.0667,0.13756319,3.796875e-07,0.001367
155100,43.0833,0.13753813,3.713542e-07,0.001337
155160,43.1000,0.13751863,3.375000e-07,0.001215
155220,43.1167,0.13749763,3.338542e-07,0.001202
155280,43.1333,0.13747856,4.088542e-07,0.001472
155340,43.1500,0.13744856,4.208333e-07,0.001515
155400,43.1667,0.13742806,2.958333e-07,0.001065
155460,43.1833,0.13741306,2.921875e-07,0.001052
155520,43.2000,0.13739300,4.130208e-07,0.001487
155580,43.2167,0.13736350,3.875000e-07,0.001395
155640,43.2333,0.13734650,3.171875e-07,0.001142
155700,43.2500,0.13732544,4.255208e-07,0.001532
155760,43.2667,0.13729544,4.541667e-07,0.001635
155820,43.2833,0.13727094,3.213542e-07,0.001157
155880,43.3000,0.13725688,1.796875e-07,0.000647
155940,43.3167,0.13724938,3.661458e-07,0.001318
156000,43.3333,0.13721294,6.125000e-07,0.002205
156060,43.3500,0.13717588,3.963542e-07,0.001427
156120,43.3667,0.13716538,2.541667e-07,0.000915
156180,43.3833,0.13714537,3.375000e-07,0.001215
156240,43.4000,0.13712487,4.130208e-07,0.001487
156300,43.4167,0.13709581,3.296875e-07,0.001187
156360,43.4333,0.13708531,1.666667e-07,0.000600
156420,43.4500,0.13707581,2.921875e-07,0.001052
156480,43.4667,0.13705025,4.963542e-07,0.001787
156540,43.4833,0.13701625,4.666667e-07,0.001680
156600,43.5000,0.13699425,3.546875e-07,0.001277
156660,43.5167,0.13697369,2.796875e-07,0.001007
156720,43.5333,0.13696069,2.416667e-07,0.000870
156780,43.5500,0.13694469,4.416667e-07,0.001590
156840,43.5667,0.13690769,5.046875e-07,0.001817
156900,43.5833,0.13688412,3.005208e-07,0.001082
156960,43.6000,0.13687162,3.125000e-07,0.001125
157020,43.6167,0.13684662,2.838542e-07,0.001022
157080,43.6333,0.13683756,2.963542e-07,0.001067
157140,43.6500,0.13681106,5.083333e-07,0.001830
157200,43.6667,0.13677656,4.505208e-07,0.001622
157260,43.6833,0.13675700,2.380208e-07,0.000857
157320,43.7000,0.13674800,2.166667e-07,0.000780
157380,43.7167,0.13673100,4.000000e-07,0.001440
157440,43.7333,0.13670000,5.005208e-07,0.001802
157500,43.7500,0.13667094,4.671875e-07,0.001682
157560,43.7667,0.13664394,2.916667e-07,0.001050
157620,43.7833,0.13663594,2.463542e-07,0.000887
157680,43.8000,0.13661437,2.708333e-07,0.000975
157740,43.8167,0.13660344,3.828125e-07,0.001378
157800,43.8333,0.13656844,4.671875e-07,0.001682
157860,43.8500,0.13654737,2.546875e-07,0.000917
157920,43.8667,0.13653788,3.875000e-07,0.001395
157980,43.8833,0.13650087,4.875000e-07,0.001755
158040,43.9000,0.13647937,3.338542e-07,0.001202
158100,43.9167,0.13646081,1.546875e-07,0.000557
158160,43.9333,0.13646081,3.000000e-07,0.001080
158220,43.9500,0.13642481,5.255208e-07,0.001892
158280,43.9667,0.13639775,3.463542e-07,0.001247
158340,43.9833,0.13638325,2.083333e-07,0.000750
158400,44.0000,0.13637275,3.338542e-07,0.001202
158460,44.0167,0.13634319,5.213542e-07,0.001877
158520,44.0333,0.13631019,3.916667e-07,0.001410
158580,44.0500,0.13629619,2.041667e-07,0.000735
158640,44.0667,0.13628569,2.963542e-07,0.001067
158700,44.0833,0.13626062,3.838542e-07,0.001382
158760,44.1000,0.13623963,2.833333e-07,0.001020
158820,44.1167,0.13622662,4.380208e-07,0.001577
158880,44.1333,0.13618706,4.338542e-07,0.001562
158940,44.1500,0.13617456,1.625000e-07,0.000585
159000,44.1667,0.13616756,3.375000e-07,0.001215
159060,44.1833,0.13613406,5.421875e-07,0.001952
159120,44.2000,0.13610250,3.755208e-07,0.001352
159180,44.2167,0.13608900,1.708333e-07,0.000615
159240,44.2333,0.13608200,3.338542e-07,0.001202
159300,44.2500,0.13604894,5.255208e-07,0.001892
159360,44.2667,0.13601894,3.208333e-07,0.001155
159420,44.2833,0.13601044,2.338542e-07,0.000842
159480,44.3000,0.13599088,3.838542e-07,0.001382
159540,44.3167,0.13596437,4.619792e-07,0.001663
159600,44.3333,0.13593544,3.078125e-07,0.001108
159660,44.3500,0.13592744,2.630208e-07,0.000947
159720,44.3667,0.13590388,3.005208e-07,0.001082
159780,44.3833,0.13589137,3.833333e-07,0.001380
159840,44.4000,0.13585787,4.630208e-07,0.001667
159900,44.4167,0.13583581,3.296875e-07,0.001187
159960,44.4333,0.13581831,3.375000e-07,0.001215
160020,44.4500,0.13579531,3.291667e-07,0.001185
160080,44.4667,0.13577881,2.463542e-07,0.000887
160140,44.4833,0.13576575,1.963542e-07,0.000707
160200,44.5000,0.13575525,3.750000e-07,0.001350
160260,44.5167,0.13572075,5.755208e-07,0.002072
160320,44.5333,0.13568619,3.880208e-07,0.001397
160380,44.5500,0.13567419,2.250000e-07,0.000810
160440,44.5667,0.13565919,2.625000e-07,0.000945
160500,44.5833,0.13564269,3.005208e-07,0.001082
160560,44.6000,0.13562313,4.005208e-07,0.001442
160620,44.6167,0.13559462,4.125000e-07,0.001485
160680,44.6333,0.13557362,3.463542e-07,0.001247
160740,44.6500,0.13555306,3.088542e-07,0.001112
160800,44.6667,0.13553656,2.958333e-07,0.001065
160860,44.6833,0.13551756,3.541667e-07,0.001275
160920,44.7000,0.13549406,4.213542e-07,0.001517
160980,44.7167,0.13546700,3.880208e-07,0.001397
161040,44.7333,0.13544750,2.291667e-07,0.000825
161100,44.7500,0.13543950,2.005208e-07,0.000722
161160,44.7667,0.13542344,2.671875e-07,0.000962
161220,44.7833,0.13540744,5.500000e-07,0.001980
161280,44.8000,0.13535744,4.541667e-07,0.001635
161340,44.8167,0.13535294,1.255208e-07,0.000452
161400,44.8333,0.13534238,3.208333e-07,0.001155
161460,44.8500,0.13531444,4.911458e-07,0.001768
161520,44.8667,0.13528344,3.630208e-07,0.001307
161580,44.8833,0.13527087,2.255208e-07,0.000812
161640,44.9000,0.13525638,2.500000e-07,0.000900
161700,44.9167,0.13524088,4.375000e-07,0.001575
161760,44.9333,0.13520388,4.130208e-07,0.001487
161820,44.9500,0.13519131,3.213542e-07,0.001157
161880,44.9667,0.13516531,3.333333e-07,0.001200
161940,44.9833,0.13515131,3.130208e-07,0.001127
162000,45.0000,0.13512775,4.171875e-07,0.001502
162060,45.0167,0.13510125,2.666667e-07,0.000960
162120,45.0333,0.13509575,1.041667e-07,0.000375
162180,45.0500,0.13508875,4.671875e-07,0.001682
162240,45.0667,0.13503969,4.963542e-07,0.001787
162300,45.0833,0.13502919,3.250000e-07,0.001170
162360,45.1000,0.13500069,2.963542e-07,0.001067
162420,45.1167,0.13499363,2.671875e-07,0.000962
162480,45.1333,0.13496862,3.416667e-07,0.001230
162540,45.1500,0.13495262,2.041667e-07,0.000735
162600,45.1667,0.13494412,3.838542e-07,0.001382
162660,45.1833,0.13490656,5.505208e-07,0.001982
162720,45.2000,0.13487806,3.500000e-07,0.001260
162780,45.2167,0.13486456,2.750000e-07,0.000990
162840,45.2333,0.13484506,1.755208e-07,0.000632
162900,45.2500,0.13484350,2.463542e-07,0.000887
162960,45.2667,0.13481550,4.125000e-07,0.001485
163020,45.2833,0.13479400,4.005208e-07,0.001442
163080,45.3000,0.13476744,2.546875e-07,0.000917
163140,45.3167,0.13476344,2.583333e-07,0.000930
163200,45.3333,0.13473644,4.166667e-07,0.001500
163260,45.3500,0.13471344,4.005208e-07,0.001442
163320,45.3667,0.13468837,3.171875e-07,0.001142
163380,45.3833,0.13467538,2.328125e-07,0.000838
163440,45.4000,0.13466044,4.000000e-07,0.001440
163500,45.4167,0.13462737,5.213542e-07,0.001877
163560,45.4333,0.13459787,3.166667e-07,0.001140
163620,45.4500,0.13458938,1.208333e-07,0.000435
163680,45.4667,0.13458338,2.755208e-07,0.000992
163740,45.4833,0.13455631,3.630208e-07,0.001307
163800,45.5000,0.13453981,5.250000e-07,0.001890
163860,45.5167,0.13449331,4.333333e-07,0.001560
163920,45.5333,0.13448781,1.588542e-07,0.000572
163980,45.5500,0.13447425,1.880208e-07,0.000677
164040,45.5667,0.13446525,2.958333e-07,0.001065
164100,45.5833,0.13443875,3.463542e-07,0.001247
164160,45.6000,0.13442369,3.755208e-07,0.001352
164220,45.6167,0.13439369,4.458333e-07,0.001605
164280,45.6333,0.13437019,2.416667e-07,0.000870
164340,45.6500,0.13436469,2.088542e-07,0.000752
164400,45.6667,0.13434513,3.421875e-07,0.001232
164460,45.6833,0.13432363,4.375000e-07,0.001575
164520,45.7000,0.13429262,2.963542e-07,0.001067
164580,45.7167,0.13428806,1.838542e-07,0.000662
164640,45.7333,0.13427056,3.625000e-07,0.001305
164700,45.7500,0.13424456,4.083333e-07,0.001470
164760,45.7667,0.13422156,4.296875e-07,0.001547
164820,45.7833,0.13419300,2.755208e-07,0.000992
164880,45.8000,0.13418850,3.083333e-07,0.001110
164940,45.8167,0.13415600,3.666667e-07,0.001320
165000,45.8333,0.13414450,1.296875e-07,0.000467
165060,45.8500,0.13414044,2.088542e-07,0.000752
165120,45.8667,0.13411944,4.791667e-07,0.001725
165180,45.8833,0.13408294,5.380208e-07,0.001937
165240,45.9000,0.13405488,3.255208e-07,0.001172
165300,45.9167,0.13404387,1.166667e-07,0.000420
165360,45.9333,0.13404088,2.541667e-07,0.000915
165420,45.9500,0.13401337,3.791667e-07,0.001365
165480,45.9667,0.13399537,4.291667e-07,0.001545
165540,45.9833,0.13396187,3.916667e-07,0.001410
165600,46.0000,0.13394838,1.708333e-07,0.000615
165660,46.0167,0.13394138,2.546875e-07,0.000917
165720,46.0333,0.13391781,4.213542e-07,0.001517
165780,46.0500,0.13389081,4.291667e-07,0.001545
165840,46.0667,0.13386631,2.291667e-07,0.000825
165900,46.0833,0.13386331,3.005208e-07,0.001082
165960,46.1000,0.13383025,3.463542e-07,0.001247
166020,46.1167,0.13382175,3.083333e-07,0.001110
166080,46.1333,0.13379325,3.671875e-07,0.001322
166140,46.1500,0.13377769,1.838542e-07,0.000662
166200,46.1667,0.13377119,2.791667e-07,0.001005
166260,46.1833,0.13374419,4.166667e-07,0.001500
166320,46.2000,0.13372119,3.880208e-07,0.001397
166380,46.2167,0.13369763,3.088542e-07,0.001112
166440,46.2333,0.13368413,3.250000e-07,0.001170
166500,46.2500,0.13365863,3.375000e-07,0.001215
166560,46.2667,0.13364363,1.796875e-07,0.000647
166620,46.2833,0.13363706,2.421875e-07,0.000872
166680,46.3000,0.13361456,3.666667e-07,0.001320
166740,46.3167,0.13359306,4.380208e-07,0.001577
166800,46.3333,0.13356200,3.713542e-07,0.001337
166860,46.3500,0.13354850,1.791667e-07,0.000645
166920,46.3667,0.13354050,2.916667e-07,0.001050
166980,46.3833,0.13351350,4.088542e-07,0.001472
167040,46.4000,0.13349144,2.796875e-07,0.001007
167100,46.4167,0.13347994,1.750000e-07,0.000630
167160,46.4333,0.13347044,3.708333e-07,0.001335
167220,46.4500,0.13343544,3.463542e-07,0.001247
167280,46.4667,0.13342888,3.171875e-07,0.001142
167340,46.4833,0.13339738,3.791667e-07,0.001365
167400,46.5000,0.13338337,2.791667e-07,0.001005
167460,46.5167,0.13336387,3.380208e-07,0.001217
167520,46.5333,0.13334281,1.880208e-07,0.000677
167580,46.5500,0.13334131,3.453125e-07,0.001243
167640,46.5667,0.13330137,4.828125e-07,0.001738
167700,46.5833,0.13328338,2.713542e-07,0.000977
167760,46.6000,0.13326881,2.838542e-07,0.001022
167820,46.6167,0.13324931,3.333333e-07,0.001200
167880,46.6333,0.13322881,3.588542e-07,0.001292
167940,46.6500,0.13320625,3.296875e-07,0.001187
168000,46.6667,0.13318925,2.833333e-07,0.001020
168060,46.6833,0.13317225,1.500000e-07,0.000540
168120,46.7000,0.13317125,3.088542e-07,0.001112
168180,46.7167,0.13313519,5.005208e-07,0.001802
168240,46.7333,0.13311119,2.750000e-07,0.000990
168300,46.7500,0.13310219,2.333333e-07,0.000840
168360,46.7667,0.13308319,3.046875e-07,0.001097
168420,46.7833,0.13306563,3.630208e-07,0.001307
168480,46.8000,0.13303962,4.250000e-07,0.001530
168540,46.8167,0.13301462,2.958333e-07,0.001065
168600,46.8333,0.13300413,1.921875e-07,0.000692
168660,46.8500,0.13299156,2.838542e-07,0.001022
168720,46.8667,0.13297006,2.500000e-07,0.000900
168780,46.8833,0.13296156,1.583333e-07,0.000570
168840,46.9000,0.13295106,4.171875e-07,0.001502
168900,46.9167,0.13291150,5.463542e-07,0.001967
168960,46.9333,0.13288550,3.750000e-07,0.001350
169020,46.9500,0.13286650,1.875000e-07,0.000675
169080,46.9667,0.13286300,1.338542e-07,0.000482
169140,46.9833,0.13285044,1.505208e-07,0.000542
169200,47.0000,0.13284494,4.000000e-07,0.001440
169260,47.0167,0.13280244,4.880208e-07,0.001757
169320,47.0333,0.13278638,2.546875e-07,0.000917
169380,47.0500,0.13277187,3.041667e-07,0.001095
169440,47.0667,0.13274988,3.583333e-07,0.001290
169500,47.0833,0.13272887,3.505208e-07,0.001262
169560,47.1000,0.13270781,2.880208e-07,0.001037
169620,47.1167,0.13269431,1.958333e-07,0.000705
169680,47.1333,0.13268431,2.500000e-07,0.000900
169740,47.1500,0.13266431,4.046875e-07,0.001457
169800,47.1667,0.13263575,3.750000e-07,0.001350
169860,47.1833,0.13261931,2.119792e-07,0.000763
169920,47.2000,0.13261031,2.916667e-07,0.001050
169980,47.2167,0.13258431,3.796875e-07,0.001367
170040,47.2333,0.13256475,3.755208e-07,0.001352
170100,47.2500,0.13253925,2.750000e-07,0.000990
170160,47.2667,0.13253175,2.708333e-07,0.000975
170220,47.2833,0.13250675,3.338542e-07,0.001202
170280,47.3000,0.13249169,2.588542e-07,0.000932
170340,47.3167,0.13247569,3.083333e-07,0.001110
170400,47.3333,0.13245469,3.166667e-07,0.001140
170460,47.3500,0.13243769,2.796875e-07,0.001007
170520,47.3667,0.13242112,2.463542e-07,0.000887
170580,47.3833,0.13240812,3.500000e-07,0.001260
170640,47.4000,0.13237912,4.416667e-07,0.001590
170700,47.4167,0.13235512,2.546875e-07,0.000917
170760,47.4333,0.13234856,1.380208e-07,0.000497
170820,47.4500,0.13233856,3.166667e-07,0.001140
170880,47.4667,0.13231056,2.416667e-07,0.000870
170940,47.4833,0.13230956,3.213542e-07,0.001157
171000,47.5000,0.13227200,4.755208e-07,0.001712
171060,47.5167,0.13225250,2.500000e-07,0.000900
171120,47.5333,0.13224200,1.875000e-07,0.000675
171180,47.5500,0.13223000,3.130208e-07,0.001127
171240,47.5667,0.13220444,4.588542e-07,0.001652
171300,47.5833,0.13217494,3.250000e-07,0.001170
171360,47.6000,0.13216544,1.791667e-07,0.000645
171420,47.6167,0.13215344,1.796875e-07,0.000647
171480,47.6333,0.13214387,2.880208e-07,0.001037
171540,47.6500,0.13211887,4.750000e-07,0.001710
171600,47.6667,0.13208687,3.500000e-07,0.001260
171660,47.6833,0.13207687,2.838542e-07,0.001022
171720,47.7000,0.13205281,2.546875e-07,0.000917
171780,47.7167,0.13204631,1.791667e-07,0.000645
171840,47.7333,0.13203131,2.541667e-07,0.000915
171900,47.7500,0.13201581,2.755208e-07,0.000992
171960,47.7667,0.13199825,3.713542e-07,0.001337
172020,47.7833,0.13197125,3.500000e-07,0.001260
172080,47.8000,0.13195625,3.041667e-07,0.001095
172140,47.8167,0.13193475,3.541667e-07,0.001275
172200,47.8333,0.13191375,3.833333e-07,0.001380
172260,47.8500,0.13188875,2.666667e-07,0.000960
172320,47.8667,0.13188175,1.083333e-07,0.000390
172380,47.8833,0.13187575,3.296875e-07,0.001187
172440,47.9000,0.13184219,4.046875e-07,0.001457
172500,47.9167,0.13182719,3.833333e-07,0.001380
172560,47.9333,0.13179619,3.083333e-07,0.001110
172620,47.9500,0.13179019,1.463542e-07,0.000527
172680,47.9667,0.13177862,1.755208e-07,0.000632
172740,47.9833,0.13176913,3.333333e-07,0.001200
172800,48.0000,0.13173862,3.833333e-07,0.001380
172860,48.0167,0.13172312,3.796875e-07,0.001367
172920,48.0333,0.13169306,2.796875e-07,0.001007
172980,48.0500,0.13168956,1.875000e-07,0.000675
173040,48.0667,0.13167056,2.958333e-07,0.001065
173100,48.0833,0.13165406,2.421875e-07,0.000872
173160,48.1000,0.13164150,3.921875e-07,0.001412
173220,48.1167,0.13160700,4.000000e-07,0.001440
173280,48.1333,0.13159350,2.958333e-07,0.001065
173340,48.1500,0.13157150,2.880208e-07,0.001037
173400,48.1667,0.13155894,1.588542e-07,0.000572
173460,48.1833,0.13155244,2.416667e-07,0.000870
173520,48.2000,0.13152994,4.083333e-07,0.001470
173580,48.2167,0.13150344,2.963542e-07,0.001067
173640,48.2333,0.13149437,2.296875e-07,0.000827
173700,48.2500,0.13147587,2.750000e-07,0.000990
173760,48.2667,0.13146137,2.833333e-07,0.001020
173820,48.2833,0.13144187,3.838542e-07,0.001382
173880,48.3000,0.13141531,3.005208e-07,0.001082
173940,48.3167,0.13140581,1.750000e-07,0.000630
174000,48.3333,0.13139431,2.791667e-07,0.001005
174060,48.3500,0.13137231,2.463542e-07,0.000887
174120,48.3667,0.13136475,2.296875e-07,0.000827
174180,48.3833,0.13134475,3.875000e-07,0.001395
174240,48.4000,0.13131825,3.583333e-07,0.001290
174300,48.4167,0.13130175,3.338542e-07,0.001202
174360,48.4333,0.13127819,3.255208e-07,0.001172
174420,48.4500,0.13126269,2.375000e-07,0.000855
174480,48.4667,0.13124969,2.541667e-07,0.000915
174540,48.4833,0.13123219,2.875000e-07,0.001035
174600,48.5000,0.13121519,3.125000e-07,0.001125
174660,48.5167,0.13119469,2.875000e-07,0.001035
174720,48.5333,0.13118069,2.166667e-07,0.000780
174780,48.5500,0.13116869,3.630208e-07,0.001307
174840,48.5667,0.13113712,3.755208e-07,0.001352
174900,48.5833,0.13112362,2.458333e-07,0.000885
174960,48.6000,0.13110762,2.541667e-07,0.000915
175020,48.6167,0.13109313,2.713542e-07,0.000977
175080,48.6333,0.13107506,2.796875e-07,0.001007
175140,48.6500,0.13105956,2.541667e-07,0.000915
175200,48.6667,0.13104456,3.041667e-07,0.001095
175260,48.6833,0.13102306,3.416667e-07,0.001230
175320,48.7000,0.13100356,3.046875e-07,0.001097
175380,48.7167,0.13098650,3.171875e-07,0.001142
175440,48.7333,0.13096550,2.458333e-07,0.000885
175500,48.7500,0.13095700,1.416667e-07,0.000510
175560,48.7667,0.13094850,3.588542e-07,0.001292
175620,48.7833,0.13091394,4.588542e-07,0.001652
175680,48.8000,0.13089344,2.833333e-07,0.001020
175740,48.8167,0.13087994,1.916667e-07,0.000690
175800,48.8333,0.13087044,1.755208e-07,0.000632
175860,48.8500,0.13085887,2.130208e-07,0.000767
175920,48.8667,0.13084487,3.250000e-07,0.001170
175980,48.8833,0.13081988,3.000000e-07,0.001080
176040,48.9000,0.13080887,3.130208e-07,0.001127
176100,48.9167,0.13078231,4.380208e-07,0.001577
176160,48.9333,0.13075631,3.208333e-07,0.001155
176220,48.9500,0.13074381,2.125000e-07,0.000765
176280,48.9667,0.13073081,2.046875e-07,0.000737
176340,48.9833,0.13071925,1.921875e-07,0.000692
176400,49.0000,0.13070775,2.791667e-07,0.001005
176460,49.0167,0.13068575,3.500000e-07,0.001260
176520,49.0333,0.13066575,4.296875e-07,0.001547
176580,49.0500,0.13063419,2.838542e-07,0.001022
176640,49.0667,0.13063169,1.958333e-07,0.000705
176700,49.0833,0.13061069,2.125000e-07,0.000765
176760,49.1000,0.13060619,1.500000e-07,0.000540
176820,49.1167,0.13059269,4.255208e-07,0.001532
176880,49.1333,0.13055512,3.671875e-07,0.001322
176940,49.1500,0.13054863,1.500000e-07,0.000540
177000,49.1667,0.13053712,2.875000e-07,0.001035
177060,49.1833,0.13051412,2.755208e-07,0.000992
177120,49.2000,0.13050406,3.833333e-07,0.001380
177180,49.2167,0.13046812,3.828125e-07,0.001378
177240,49.2333,0.13045813,2.708333e-07,0.000975
177300,49.2500,0.13043562,2.338542e-07,0.000842
177360,49.2667,0.13043006,1.296875e-07,0.000467
177420,49.2833,0.13042006,3.125000e-07,0.001125
177480,49.3000,0.13039256,4.083333e-07,0.001470
177540,49.3167,0.13037106,2.630208e-07,0.000947
177600,49.3333,0.13036100,1.713542e-07,0.000617
177660,49.3500,0.13035050,2.125000e-07,0.000765
177720,49.3667,0.13033550,3.291667e-07,0.001185
177780,49.3833,0.13031100,4.708333e-07,0.001695
177840,49.4000,0.13027900,3.213542e-07,0.001157
177900,49.4167,0.13027244,5.468750e-08,0.000197
177960,49.4333,0.13027244,2.125000e-07,0.000765
178020,49.4500,0.13024694,2.708333e-07,0.000975
178080,49.4667,0.13023994,4.796875e-07,0.001727
178140,49.4833,0.13018937,4.421875e-07,0.001592
178200,49.5000,0.13018688,6.250000e-08,0.000225
178260,49.5167,0.13018187,1.625000e-07,0.000585
178320,49.5333,0.13016738,1.796875e-07,0.000647
178380,49.5500,0.13016031,4.380208e-07,0.001577
178440,49.5667,0.13011481,5.000000e-07,0.001800
178500,49.5833,0.13010031,2.625000e-07,0.000945
178560,49.6000,0.13008331,1.671875e-07,0.000602
178620,49.6167,0.13008025,1.088542e-07,0.000392
178680,49.6333,0.13007025,2.291667e-07,0.000825
178740,49.6500,0.13005275,3.083333e-07,0.001110
178800,49.6667,0.13003325,3.333333e-07,0.001200
178860,49.6833,0.13001275,3.296875e-07,0.001187
178920,49.7000,0.12999369,4.088542e-07,0.001472
178980,49.7167,0.12996369,3.000000e-07,0.001080
179040,49.7333,0.12995769,1.875000e-07,0.000675
179100,49.7500,0.12994119,2.088542e-07,0.000752
179160,49.7667,0.12993262,2.213542e-07,0.000797
179220,49.7833,0.12991463,3.083333e-07,0.001110
179280,49.8000,0.12989562,2.000000e-07,0.000720
179340,49.8167,0.12989063,2.921875e-07,0.001052
179400,49.8333,0.12986056,3.046875e-07,0.001097
179460,49.8500,0.12985406,2.125000e-07,0.000765
179520,49.8667,0.12983506,4.625000e-07,0.001665
179580,49.8833,0.12979856,3.708333e-07,0.001335
179640,49.9000,0.12979056,1.296875e-07,0.000467
179700,49.9167,0.12978300,1.380208e-07,0.000497
179760,49.9333,0.12977400,1.494792e-07,0.000538
179820,49.9500,0.12976506,3.703125e-07,0.001333
179880,49.9667,0.12972956,4.880208e-07,0.001757
179940,49.9833,0.12970650,3.088542e-07,0.001112
180000,50.0000,0.12969250,1.375000e-07,0.000495
180060,50.0167,0.12969000,2.416667e-07,0.000870
180120,50.0333,0.12966350,4.171875e-07,0.001502
180180,50.0500,0.12963994,2.255208e-07,0.000812
180240,50.0667,0.12963644,2.333333e-07,0.000840
180300,50.0833,0.12961194,2.708333e-07,0.000975
180360,50.1000,0.12960394,2.958333e-07,0.001065
180420,50.1167,0.12957644,3.838542e-07,0.001382
180480,50.1333,0.12955787,2.130208e-07,0.000767
180540,50.1500,0.12955088,7.916667e-08,0.000285
180600,50.1667,0.12954837,1.500000e-07,0.000540
180660,50.1833,0.12953287,4.005208e-07,0.001442
180720,50.2000,0.12950031,5.088542e-07,0.001832
180780,50.2167,0.12947181,2.583333e-07,0.000930
180840,50.2333,0.12946931,1.541667e-07,0.000555
180900,50.2500,0.12945331,2.458333e-07,0.000885
180960,50.2667,0.12943981,2.505208e-07,0.000902
181020,50.2833,0.12942325,2.630208e-07,0.000947
181080,50.3000,0.12940825,3.291667e-07,0.001185
181140,50.3167,0.12938375,2.208333e-07,0.000795
181200,50.3333,0.12938175,2.088542e-07,0.000752
181260,50.3500,0.12935869,3.380208e-07,0.001217
181320,50.3667,0.12934119,3.458333e-07,0.001245
181380,50.3833,0.12931719,3.000000e-07,0.001080
181440,50.4000,0.12930519,1.375000e-07,0.000495
181500,50.4167,0.12930069,2.380208e-07,0.000857
181560,50.4333,0.12927663,3.755208e-07,0.001352
181620,50.4500,0.12925563,2.375000e-07,0.000855
181680,50.4667,0.12924812,1.791667e-07,0.000645
181740,50.4833,0.12923413,2.046875e-07,0.000737
181800,50.5000,0.12922356,2.213542e-07,0.000797
181860,50.5167,0.12920756,3.291667e-07,0.001185
181920,50.5333,0.12918406,3.833333e-07,0.001380
181980,50.5500,0.12916156,3.463542e-07,0.001247
182040,50.5667,0.12914250,2.380208e-07,0.000857
182100,50.5833,0.12913300,2.416667e-07,0.000870
182160,50.6000,0.12911350,2.333333e-07,0.000840
182220,50.6167,0.12910500,1.875000e-07,0.000675
182280,50.6333,0.12909100,3.296875e-07,0.001187
182340,50.6500,0.12906544,3.255208e-07,0.001172
182400,50.6667,0.12905194,2.500000e-07,0.000900
182460,50.6833,0.12903544,3.000000e-07,0.001080
182520,50.7000,0.12901594,3.375000e-07,0.001215
182580,50.7167,0.12899494,2.791667e-07,0.001005
182640,50.7333,0.12898244,1.625000e-07,0.000585
182700,50.7500,0.12897544,2.666667e-07,0.000960
182760,50.7667,0.12895044,2.250000e-07,0.000810
182820,50.7833,0.12894844,3.421875e-07,0.001232
182880,50.8000,0.12890938,3.505208e-07,0.001262
182940,50.8167,0.12890637,1.625000e-07,0.000585
183000,50.8333,0.12888988,2.250000e-07,0.000810
183060,50.8500,0.12887937,2.630208e-07,0.000947
183120,50.8667,0.12885831,2.838542e-07,0.001022
183180,50.8833,0.12884531,1.833333e-07,0.000660
183240,50.9000,0.12883631,2.458333e-07,0.000885
183300,50.9167,0.12881581,4.333333e-07,0.001560
183360,50.9333,0.12878431,3.588542e-07,0.001292
183420,50.9500,0.12877275,9.635417e-08,0.000347
183480,50.9667,0.12877275,1.166667e-07,0.000420
183540,50.9833,0.12875875,3.125000e-07,0.001125
183600,51.0000,0.12873525,3.171875e-07,0.001142
183660,51.0167,0.12872069,2.796875e-07,0.001007
183720,51.0333,0.12870169,3.083333e-07,0.001110
183780,51.0500,0.12868369,1.916667e-07,0.000690
183840,51.0667,0.12867869,2.500000e-07,0.000900
183900,51.0833,0.12865369,4.005208e-07,0.001442
183960,51.1000,0.12863062,2.546875e-07,0.000917
184020,51.1167,0.12862313,1.458333e-07,0.000525
184080,51.1333,0.12861312,1.791667e-07,0.000645
184140,51.1500,0.12860163,3.000000e-07,0.001080
184200,51.1667,0.12857713,3.296875e-07,0.001187
184260,51.1833,0.12856206,1.255208e-07,0.000452
184320,51.2000,0.12856206,2.458333e-07,0.000885
184380,51.2167,0.12853256,4.083333e-07,0.001470
184440,51.2333,0.12851306,3.421875e-07,0.001232
184500,51.2500,0.12849150,3.130208e-07,0.001127
184560,51.2667,0.12847550,1.333333e-07,0.000480
184620,51.2833,0.12847550,9.583333e-08,0.000345
184680,51.3000,0.12846400,1.583333e-07,0.000570
184740,51.3167,0.12845650,4.088542e-07,0.001472
184800,51.3333,0.12841494,5.088542e-07,0.001832
184860,51.3500,0.12839544,2.083333e-07,0.000750
184920,51.3667,0.12838994,1.500000e-07,0.000540
184980,51.3833,0.12837744,2.338542e-07,0.000842
185040,51.4000,0.12836188,2.380208e-07,0.000857
185100,51.4167,0.12834888,2.833333e-07,0.001020
185160,51.4333,0.12832788,4.000000e-07,0.001440
185220,51.4500,0.12830088,2.250000e-07,0.000810
185280,51.4667,0.12830088,1.255208e-07,0.000452
185340,51.4833,0.12828581,2.421875e-07,0.000872
185400,51.5000,0.12827181,1.166667e-07,0.000420
185460,51.5167,0.12827181,3.119792e-07,0.001123
185520,51.5333,0.12823438,4.661458e-07,0.001678
185580,51.5500,0.12821588,4.046875e-07,0.001457
185640,51.5667,0.12818581,2.921875e-07,0.001052
185700,51.5833,0.12818081,4.166667e-08,0.000150
185760,51.6000,0.12818081,6.250000e-08,0.000225
185820,51.6167,0.12817331,2.963542e-07,0.001067
185880,51.6333,0.12814525,4.713542e-07,0.001697
185940,51.6500,0.12811675,2.791667e-07,0.001005
186000,51.6667,0.12811175,1.791667e-07,0.000645
186060,51.6833,0.12809525,2.000000e-07,0.000720
186120,51.7000,0.12808775,2.213542e-07,0.000797
186180,51.7167,0.12806869,3.546875e-07,0.001277
186240,51.7333,0.12804519,2.958333e-07,0.001065
186300,51.7500,0.12803319,1.625000e-07,0.000585
186360,51.7667,0.12802569,2.000000e-07,0.000720
186420,51.7833,0.12800919,3.380208e-07,0.001217
186480,51.8000,0.12798513,3.796875e-07,0.001367
186540,51.8167,0.12796363,2.125000e-07,0.000765
186600,51.8333,0.12795963,1.333333e-07,0.000480
186660,51.8500,0.12794763,2.296875e-07,0.000827
186720,51.8667,0.12793206,1.880208e-07,0.000677
186780,51.8833,0.12792506,1.333333e-07,0.000480
186840,51.9000,0.12791606,3.583333e-07,0.001290
186900,51.9167,0.12788206,4.958333e-07,0.001785
186960,51.9333,0.12785656,3.213542e-07,0.001157
187020,51.9500,0.12784350,1.588542e-07,0.000572
187080,51.9667,0.12783750,1.875000e-07,0.000675
187140,51.9833,0.12782100,2.208333e-07,0.000795
187200,52.0000,0.12781100,2.041667e-07,0.000735
187260,52.0167,0.12779650,2.338542e-07,0.000842
187320,52.0333,0.12778294,2.255208e-07,0.000812
187380,52.0500,0.12776944,2.875000e-07,0.001035
187440,52.0667,0.12774844,3.958333e-07,0.001425
187500,52.0833,0.12772194,2.963542e-07,0.001067
187560,52.1000,0.12771288,2.338542e-07,0.000842
187620,52.1167,0.12769388,1.958333e-07,0.000705
187680,52.1333,0.12768937,1.916667e-07,0.000690
187740,52.1500,0.12767088,2.333333e-07,0.000840
187800,52.1667,0.12766138,1.796875e-07,0.000647
187860,52.1833,0.12764931,3.130208e-07,0.001127
187920,52.2000,0.12762381,3.791667e-07,0.001365
187980,52.2167,0.12760381,1.958333e-07,0.000705
188040,52.2333,0.12760031,6.250000e-08,0.000225
188100,52.2500,0.12759631,3.213542e-07,0.001157
188160,52.2667,0.12756175,3.796875e-07,0.001367
188220,52.2833,0.12755075,1.791667e-07,0.000645
188280,52.3000,0.12754025,3.041667e-07,0.001095
188340,52.3167,0.12751425,2.500000e-07,0.000900
188400,52.3333,0.12751025,7.135417e-08,0.000257
188460,52.3500,0.12750569,2.671875e-07,0.000962
188520,52.3667,0.12747819,4.250000e-07,0.001530
188580,52.3833,0.12745469,2.661458e-07,0.000958
188640,52.4000,0.12744625,2.208333e-07,0.000795
188700,52.4167,0.12742819,2.005208e-07,0.000722
188760,52.4333,0.12742219,2.833333e-07,0.001020
188820,52.4500,0.12739419,3.333333e-07,0.001200
188880,52.4667,0.12738219,2.166667e-07,0.000780
188940,52.4833,0.12736819,2.213542e-07,0.000797
189000,52.5000,0.12735563,2.796875e-07,0.001007
189060,52.5167,0.12733463,2.750000e-07,0.000990
189120,52.5333,0.12732263,1.458333e-07,0.000525
189180,52.5500,0.12731713,2.125000e-07,0.000765
189240,52.5667,0.12729713,2.921875e-07,0.001052
189300,52.5833,0.12728206,2.046875e-07,0.000737
189360,52.6000,0.12727256,3.166667e-07,0.001140
189420,52.6167,0.12724406,2.833333e-07,0.001020
189480,52.6333,0.12723856,2.166667e-07,0.000780
189540,52.6500,0.12721806,2.588542e-07,0.000932
189600,52.6667,0.12720750,2.671875e-07,0.000962
189660,52.6833,0.12718600,2.166667e-07,0.000780
189720,52.7000,0.12718150,1.625000e-07,0.000585
189780,52.7167,0.12716650,2.375000e-07,0.000855
189840,52.7333,0.12715300,2.963542e-07,0.001067
189900,52.7500,0.12713094,3.213542e-07,0.001157
189960,52.7667,0.12711444,2.166667e-07,0.000780
190020,52.7833,0.12710494,1.583333e-07,0.000570
190080,52.8000,0.12709544,2.083333e-07,0.000750
190140,52.8167,0.12707994,3.671875e-07,0.001322
190200,52.8333,0.12705138,3.255208e-07,0.001172
190260,52.8500,0.12704087,2.875000e-07,0.001035
190320,52.8667,0.12701688,2.000000e-07,0.000720
190380,52.8833,0.12701688,5.833333e-08,0.000210
190440,52.9000,0.12700988,2.380208e-07,0.000857
190500,52.9167,0.12698831,2.755208e-07,0.000992
190560,52.9333,0.12697681,1.500000e-07,0.000540
190620,52.9500,0.12697031,2.500000e-07,0.000900
190680,52.9667,0.12694681,4.046875e-07,0.001457
190740,52.9833,0.12692175,3.088542e-07,0.001112
190800,53.0000,0.12690975,3.083333e-07,0.001110
190860,53.0167,0.12688475,2.875000e-07,0.001035
190920,53.0333,0.12687525,7.916667e-08,0.000285
190980,53.0500,0.12687525,5.468750e-08,0.000197
191040,53.0667,0.12686869,9.218750e-08,0.000332
191100,53.0833,0.12686419,3.625000e-07,0.001305
191160,53.1000,0.12682519,5.666667e-07,0.002040
191220,53.1167,0.12679619,2.958333e-07,0.001065
191280,53.1333,0.12678969,5.885417e-08,0.000212
191340,53.1500,0.12678913,1.713542e-07,0.000617
191400,53.1667,0.12676912,1.958333e-07,0.000705
191460,53.1833,0.12676562,2.958333e-07,0.001065
191520,53.2000,0.12673362,3.250000e-07,0.001170
191580,53.2167,0.12672663,2.546875e-07,0.000917
191640,53.2333,0.12670306,2.046875e-07,0.000737
191700,53.2500,0.12670206,1.916667e-07,0.000690
191760,53.2667,0.12668006,2.666667e-07,0.000960
191820,53.2833,0.12667006,2.453125e-07,0.000883
191880,53.3000,0.12665062,2.875000e-07,0.001035
191940,53.3167,0.12663556,1.880208e-07,0.000677
192000,53.3333,0.12662806,2.666667e-07,0.000960
192060,53.3500,0.12660356,4.083333e-07,0.001470
192120,53.3667,0.12657906,2.791667e-07,0.001005
192180,53.3833,0.12657006,1.255208e-07,0.000452
192240,53.4000,0.12656400,1.338542e-07,0.000482
192300,53.4167,0.12655400,3.000000e-07,0.001080
192360,53.4333,0.12652800,2.791667e-07,0.001005
192420,53.4500,0.12652050,2.500000e-07,0.000900
192480,53.4667,0.12649800,2.338542e-07,0.000842
192540,53.4833,0.12649244,1.713542e-07,0.000617
192600,53.5000,0.12647744,1.666667e-07,0.000600
192660,53.5167,0.12647244,2.958333e-07,0.001065
192720,53.5333,0.12644194,3.541667e-07,0.001275
192780,53.5500,0.12642994,2.630208e-07,0.000947
192840,53.5667,0.12641037,2.588542e-07,0.000932
192900,53.5833,0.12639887,1.750000e-07,0.000630
192960,53.6000,0.12638937,1.458333e-07,0.000525
193020,53.6167,0.12638137,9.166667e-08,0.000330
193080,53.6333,0.12637837,2.838542e-07,0.001022
193140,53.6500,0.12634731,4.213542e-07,0.001517
193200,53.6667,0.12632781,2.208333e-07,0.000795
193260,53.6833,0.12632081,1.041667e-07,0.000375
193320,53.7000,0.12631531,2.333333e-07,0.000840
193380,53.7167,0.12629281,3.088542e-07,0.001112
193440,53.7333,0.12627825,2.171875e-07,0.000782
193500,53.7500,0.12626675,2.583333e-07,0.000930
193560,53.7667,0.12624725,3.875000e-07,0.001395
193620,53.7833,0.12622025,2.708333e-07,0.000975
193680,53.8000,0.12621475,5.052083e-08,0.000182
193740,53.8167,0.12621419,8.385417e-08,0.000302
193800,53.8333,0.12620469,2.125000e-07,0.000765
193860,53.8500,0.12618869,3.750000e-07,0.001350
193920,53.8667,0.12615969,3.625000e-07,0.001305
193980,53.8833,0.12614519,1.880208e-07,0.000677
194040,53.9000,0.12613713,2.588542e-07,0.000932
194100,53.9167,0.12611412,2.416667e-07,0.000870
194160,53.9333,0.12610812,1.083333e-07,0.000390
194220,53.9500,0.12610112,2.791667e-07,0.001005
194280,53.9667,0.12607462,3.546875e-07,0.001277
194340,53.9833,0.12605856,1.421875e-07,0.000512
194400,54.0000,0.12605756,1.541667e-07,0.000555
194460,54.0167,0.12604006,2.375000e-07,0.000855
194520,54.0333,0.12602906,2.541667e-07,0.000915
194580,54.0500,0.12600956,2.921875e-07,0.001052
194640,54.0667,0.12599400,2.463542e-07,0.000887
194700,54.0833,0.12598000,3.083333e-07,0.001110
194760,54.1000,0.12595700,2.291667e-07,0.000825
194820,54.1167,0.12595250,1.166667e-07,0.000420
194880,54.1333,0.12594300,1.963542e-07,0.000707
194940,54.1500,0.12592894,2.338542e-07,0.000842
195000,54.1667,0.12591494,3.208333e-07,0.001155
195060,54.1833,0.12589044,3.333333e-07,0.001200
195120,54.2000,0.12587494,2.125000e-07,0.000765
195180,54.2167,0.12586494,1.750000e-07,0.000630
195240,54.2333,0.12585394,2.250000e-07,0.000810
195300,54.2500,0.12583794,1.916667e-07,0.000690
195360,54.2667,0.12583094,2.041667e-07,0.000735
195420,54.2833,0.12581344,2.791667e-07,0.001005
195480,54.3000,0.12579744,2.125000e-07,0.000765
195540,54.3167,0.12578794,3.255208e-07,0.001172
195600,54.3333,0.12575838,3.213542e-07,0.001157
195660,54.3500,0.12574937,1.500000e-07,0.000540
195720,54.3667,0.12574037,2.750000e-07,0.000990
195780,54.3833,0.12571637,2.583333e-07,0.000930
195840,54.4000,0.12570938,1.171875e-07,0.000422
195900,54.4167,0.12570231,1.671875e-07,0.000602
195960,54.4333,0.12568931,1.208333e-07,0.000435
196020,54.4500,0.12568781,1.000000e-07,0.000360
196080,54.4667,0.12567731,5.166667e-07,0.001860
196140,54.4833,0.12562581,5.588542e-07,0.002012
196200,54.5000,0.12561025,1.630208e-07,0.000587
196260,54.5167,0.12560625,1.458333e-07,0.000525
196320,54.5333,0.12559275,1.125000e-07,0.000405
196380,54.5500,0.12559275,5.000000e-08,0.000180
196440,54.5667,0.12558675,2.088542e-07,0.000752
196500,54.5833,0.12556769,4.130208e-07,0.001487
196560,54.6000,0.12553719,3.291667e-07,0.001185
196620,54.6167,0.12552819,1.166667e-07,0.000420
196680,54.6333,0.12552319,1.916667e-07,0.000690
196740,54.6500,0.12550519,2.046875e-07,0.000737
196800,54.6667,0.12549863,3.338542e-07,0.001202
196860,54.6833,0.12546513,3.333333e-07,0.001200
196920,54.7000,0.12545862,6.666667e-08,0.000240
196980,54.7167,0.12545713,2.000000e-07,0.000720
197040,54.7333,0.12543462,2.916667e-07,0.001050
197100,54.7500,0.12542212,2.255208e-07,0.000812
197160,54.7667,0.12540756,2.296875e-07,0.000827
197220,54.7833,0.12539456,1.708333e-07,0.000615
197280,54.8000,0.12538706,2.333333e-07,0.000840
197340,54.8167,0.12536656,1.875000e-07,0.000675
197400,54.8333,0.12536456,1.380208e-07,0.000497
197460,54.8500,0.12535000,3.671875e-07,0.001322
197520,54.8667,0.12532050,4.333333e-07,0.001560
197580,54.8833,0.12529800,2.375000e-07,0.000855
197640,54.9000,0.12529200,1.625000e-07,0.000585
197700,54.9167,0.12527850,1.171875e-07,0.000422
197760,54.9333,0.12527794,6.718750e-08,0.000242
197820,54.9500,0.12527044,2.916667e-07,0.001050
197880,54.9667,0.12524294,3.541667e-07,0.001275
197940,54.9833,0.12522794,2.500000e-07,0.000900
198000,55.0000,0.12521294,1.671875e-07,0.000602
198060,55.0167,0.12520787,2.338542e-07,0.000842
198120,55.0333,0.12518488,2.166667e-07,0.000780
198180,55.0500,0.12518187,1.833333e-07,0.000660
198240,55.0667,0.12516288,2.041667e-07,0.000735
198300,55.0833,0.12515737,2.333333e-07,0.000840
198360,55.1000,0.12513488,3.213542e-07,0.001157
198420,55.1167,0.12511881,2.505208e-07,0.000902
198480,55.1333,0.12510481,2.375000e-07,0.000855
198540,55.1500,0.12509031,2.291667e-07,0.000825
198600,55.1667,0.12507731,1.708333e-07,0.000615
198660,55.1833,0.12506981,6.718750e-08,0.000242
198720,55.2000,0.12506925,2.463542e-07,0.000887
198780,55.2167,0.12504025,3.000000e-07,0.001080
198840,55.2333,0.12503325,2.583333e-07,0.000930
198900,55.2500,0.12500925,3.369792e-07,0.001213
198960,55.2667,0.12499281,1.875000e-07,0.000675
199020,55.2833,0.12498675,1.546875e-07,0.000557
199080,55.3000,0.12497425,3.000000e-07,0.001080
199140,55.3167,0.12495075,3.833333e-07,0.001380
199200,55.3333,0.12492825,2.250000e-07,0.000810
199260,55.3500,0.12492375,1.088542e-07,0.000392
199320,55.3667,0.12491519,1.880208e-07,0.000677
199380,55.3833,0.12490119,1.458333e-07,0.000525
199440,55.4000,0.12489769,1.416667e-07,0.000510
199500,55.4167,0.12488419,1.916667e-07,0.000690
199560,55.4333,0.12487469,2.666667e-07,0.000960
199620,55.4500,0.12485219,4.046875e-07,0.001457
199680,55.4667,0.12482612,3.005208e-07,0.001082
199740,55.4833,0.12481612,1.291667e-07,0.000465
199800,55.5000,0.12481062,2.250000e-07,0.000810
199860,55.5167,0.12478913,2.583333e-07,0.000930
199920,55.5333,0.12477962,1.380208e-07,0.000497
199980,55.5500,0.12477256,1.171875e-07,0.000422
200040,55.5667,0.12476556,2.041667e-07,0.000735
200100,55.5833,0.12474806,3.000000e-07,0.001080
200160,55.6000,0.12472956,3.333333e-07,0.001200
200220,55.6167,0.12470806,2.463542e-07,0.000887
200280,55.6333,0.12470000,1.755208e-07,0.000632
200340,55.6500,0.12468700,2.166667e-07,0.000780
200400,55.6667,0.12467400,1.666667e-07,0.000600
200460,55.6833,0.12466700,2.916667e-07,0.001050
200520,55.7000,0.12463900,3.041667e-07,0.001095
200580,55.7167,0.12463050,9.218750e-08,0.000332
200640,55.7333,0.12462794,1.880208e-07,0.000677
200700,55.7500,0.12460794,1.875000e-07,0.000675
200760,55.7667,0.12460544,1.750000e-07,0.000630
200820,55.7833,0.12458694,3.166667e-07,0.001140
200880,55.8000,0.12456744,3.046875e-07,0.001097
200940,55.8167,0.12455038,2.088542e-07,0.000752
201000,55.8333,0.12454237,1.833333e-07,0.000660
201060,55.8500,0.12452837,2.083333e-07,0.000750
201120,55.8667,0.12451738,1.166667e-07,0.000420
201180,55.8833,0.12451438,1.583333e-07,0.000570
201240,55.9000,0.12449838,3.213542e-07,0.001157
201300,55.9167,0.12447581,2.963542e-07,0.001067
201360,55.9333,0.12446281,3.041667e-07,0.001095
201420,55.9500,0.12443931,2.583333e-07,0.000930
201480,55.9667,0.12443181,8.750000e-08,0.000315
201540,55.9833,0.12442881,1.046875e-07,0.000377
201600,56.0000,0.12441925,1.296875e-07,0.000467
201660,56.0167,0.12441325,2.250000e-07,0.000810
201720,56.0333,0.12439225,3.708333e-07,0.001335
201780,56.0500,0.12436875,3.250000e-07,0.001170
201840,56.0667,0.12435325,2.166667e-07,0.000780
201900,56.0833,0.12434275,1.713542e-07,0.000617
201960,56.1000,0.12433269,2.130208e-07,0.000767
202020,56.1167,0.12431719,1.916667e-07,0.000690
202080,56.1333,0.12430969,1.666667e-07,0.000600
202140,56.1500,0.12429719,1.875000e-07,0.000675
202200,56.1667,0.12428719,2.921875e-07,0.001052
202260,56.1833,0.12426213,3.338542e-07,0.001202
202320,56.2000,0.12424712,1.333333e-07,0.000480
202380,56.2167,0.12424612,1.166667e-07,0.000420
202440,56.2333,0.12423312,1.583333e-07,0.000570
202500,56.2500,0.12422712,2.083333e-07,0.000750
202560,56.2667,0.12420812,3.463542e-07,0.001247
202620,56.2833,0.12418556,2.755208e-07,0.000992
202680,56.3000,0.12417506,1.750000e-07,0.000630
202740,56.3167,0.12416456,3.619792e-07,0.001303
202800,56.3333,0.12413163,3.119792e-07,0.001123
202860,56.3500,0.12412713,8.385417e-08,0.000302
202920,56.3667,0.12412156,1.630208e-07,0.000587
202980,56.3833,0.12410756,2.333333e-07,0.000840
203040,56.4000,0.12409356,1.375000e-07,0.000495
203100,56.4167,0.12409106,1.208333e-07,0.000435
203160,56.4333,0.12407906,2.791667e-07,0.001005
203220,56.4500,0.12405756,3.671875e-07,0.001322
203280,56.4667,0.12403500,3.296875e-07,0.001187
203340,56.4833,0.12401800,1.958333e-07,0.000705
203400,56.5000,0.12401150,1.958333e-07,0.000705
203460,56.5167,0.12399450,1.416667e-07,0.000510
203520,56.5333,0.12399450,1.505208e-07,0.000542
203580,56.5500,0.12397644,1.713542e-07,0.000617
203640,56.5667,0.12397394,2.208333e-07,0.000795
203700,56.5833,0.12394994,2.208333e-07,0.000795
203760,56.6000,0.12394744,2.125000e-07,0.000765
203820,56.6167,0.12392444,2.625000e-07,0.000945
203880,56.6333,0.12391594,3.005208e-07,0.001082
203940,56.6500,0.12388837,3.171875e-07,0.001142
204000,56.6667,0.12387787,1.500000e-07,0.000540
204060,56.6833,0.12387038,9.583333e-08,0.000345
204120,56.7000,0.12386638,9.583333e-08,0.000345
204180,56.7167,0.12385888,2.338542e-07,0.000842
204240,56.7333,0.12383831,2.963542e-07,0.001067
204300,56.7500,0.12382331,2.375000e-07,0.000855
204360,56.7667,0.12380981,3.208333e-07,0.001155
204420,56.7833,0.12378481,2.416667e-07,0.000870
204480,56.8000,0.12378081,3.333333e-08,0.000120
204540,56.8167,0.12378081,5.885417e-08,0.000212
204600,56.8333,0.12377375,2.505208e-07,0.000902
204660,56.8500,0.12375075,3.541667e-07,0.001275
204720,56.8667,0.12373125,3.625000e-07,0.001305
204780,56.8833,0.12370725,2.333333e-07,0.000840
204840,56.9000,0.12370325,3.385417e-08,0.000122
204900,56.9167,0.12370319,9.218750e-08,0.000332
204960,56.9333,0.12369219,2.541667e-07,0.000915
205020,56.9500,0.12367269,3.541667e-07,0.001275
205080,56.9667,0.12364969,3.333333e-07,0.001200
205140,56.9833,0.12363269,2.083333e-07,0.000750
205200,57.0000,0.12362469,1.255208e-07,0.000452
205260,57.0167,0.12361763,1.046875e-07,0.000377
205320,57.0333,0.12361212,5.416667e-08,0.000195
205380,57.0500,0.12361112,1.375000e-07,0.000495
205440,57.0667,0.12359563,4.750000e-07,0.001710
205500,57.0833,0.12355413,4.083333e-07,0.001470
205560,57.1000,0.12354662,6.718750e-08,0.000242
205620,57.1167,0.12354606,1.796875e-07,0.000647
205680,57.1333,0.12352506,2.500000e-07,0.000900
205740,57.1500,0.12351606,1.125000e-07,0.000405
205800,57.1667,0.12351156,1.916667e-07,0.000690
205860,57.1833,0.12349306,2.880208e-07,0.001037
205920,57.2000,0.12347700,1.380208e-07,0.000497
205980,57.2167,0.12347650,1.875000e-07,0.000675
206040,57.2333,0.12345450,2.416667e-07,0.000870
206100,57.2500,0.12344750,9.583333e-08,0.000345
206160,57.2667,0.12344300,2.083333e-07,0.000750
206220,57.2833,0.12342250,4.546875e-07,0.001637
206280,57.3000,0.12338844,3.421875e-07,0.001232
206340,57.3167,0.12338144,1.083333e-07,0.000390
206400,57.3333,0.12337544,5.000000e-08,0.000180
206460,57.3500,0.12337544,1.125000e-07,0.000405
206520,57.3667,0.12336194,3.333333e-07,0.001200
206580,57.3833,0.12333544,2.588542e-07,0.000932
206640,57.4000,0.12333088,2.171875e-07,0.000782
206700,57.4167,0.12330938,2.666667e-07,0.000960
206760,57.4333,0.12329888,8.750000e-08,0.000315
206820,57.4500,0.12329888,1.286458e-07,0.000463
206880,57.4667,0.12328344,2.161458e-07,0.000778
206940,57.4833,0.12327294,3.671875e-07,0.001322
207000,57.5000,0.12323937,2.963542e-07,0.001067
207060,57.5167,0.12323737,1.458333e-07,0.000525
207113.094,57.5314,0.12322188,2.583333e-07,0.000930
