t_h,dt_s,est_rel,n_accept
0.000009,0.03125000,2.849898e-07,1
0.000026,0.06250000,1.111247e-06,2
0.000061,0.12500000,4.226954e-06,3
0.000130,0.25000000,1.532439e-05,4
0.000243,0.40642077,3.510009e-05,5
0.000364,0.43656539,3.599397e-05,6
0.000493,0.46308631,3.586420e-05,7
0.000630,0.49210623,3.567909e-05,8
0.000775,0.52429955,3.548329e-05,9
0.000931,0.56013806,3.527967e-05,10
0.001098,0.60015073,3.506972e-05,11
0.001277,0.64494354,3.485554e-05,12
0.001470,0.69520570,3.464013e-05,13
0.001679,0.75171130,3.442762e-05,14
0.001905,0.81531435,3.422338e-05,15
0.002152,0.88693370,3.403409e-05,16
0.002420,0.96752367,3.386760e-05,17
0.002714,1.05802742,3.373244e-05,18
0.003036,1.15931252,3.363704e-05,19
0.003390,1.27209384,3.358839e-05,20
0.003778,1.39685735,3.359065e-05,21
0.004204,1.53380587,3.364377e-05,22
0.004671,1.68285061,3.374296e-05,23
0.005183,1.84366272,3.387912e-05,24
0.005743,2.01577909,3.404049e-05,25
0.006354,2.19873317,3.421495e-05,26
0.007018,2.39217030,3.439204e-05,27
0.007740,2.59591584,3.456429e-05,28
0.008520,2.80998678,3.472736e-05,29
0.009363,3.03456111,3.487967e-05,30
0.010271,3.26992062,3.502122e-05,31
0.011248,3.51640676,3.515301e-05,32
0.012297,3.77437769,3.527633e-05,33
0.013420,4.04418620,3.539242e-05,34
0.014622,4.32616936,3.550231e-05,35
0.015905,4.62064621,3.560683e-05,36
0.016667,2.74138724,1.219296e-05,37
0.018055,4.99623966,3.442270e-05,38
0.019560,5.41936410,3.580268e-05,39
0.021161,5.76392166,3.595292e-05,40
0.022860,6.11756346,3.604279e-05,41
0.024662,6.48480308,3.612706e-05,42
0.026569,6.86606607,3.620833e-05,43
0.028586,7.26158174,3.628690e-05,44
0.030717,7.67156219,3.636296e-05,45
0.032966,8.09620934,3.643667e-05,46
0.033333,1.32268870,1.034402e-06,47
0.034068,2.64537741,3.910533e-06,48
0.035538,5.29075482,1.424851e-05,49
0.038016,8.91990770,3.544238e-05,50
0.040664,9.53512562,3.658546e-05,51
0.043451,10.03228109,3.669121e-05,52
0.046379,10.54013493,3.675346e-05,53
0.049452,11.06431570,3.681270e-05,54
0.050000,1.97210273,1.233740e-06,55
0.051096,3.94420547,4.655869e-06,56
0.053287,7.88841094,1.698651e-05,57
0.056670,12.18049413,3.602014e-05,58
0.060258,12.91575337,3.693329e-05,59
0.064015,13.52503092,3.701578e-05,60
0.066667,9.54610517,1.777440e-05,61
0.070669,14.40974395,3.806241e-05,62
0.074798,14.86399872,3.727198e-05,63
0.079102,15.49429878,3.729949e-05,64
0.083333,15.23195855,3.351981e-05,65
0.087984,16.74296953,3.583705e-05,66
0.092928,17.79892845,3.721939e-05,67
0.098086,18.56678705,3.738551e-05,68
0.100000,6.89131496,5.238491e-06,69
0.103829,13.78262993,1.947654e-05,70
0.109349,19.87484056,3.684786e-05,71
0.115137,20.83651221,3.757902e-05,72
0.116667,5.50601730,2.709029e-06,73
0.119726,11.01203460,1.001548e-05,74
0.125843,22.02406919,3.573577e-05,75
0.132356,23.44625529,3.747312e-05,76
0.133333,3.51764092,8.863073e-07,77
0.135288,7.03528183,6.079500e-06,78
0.139196,14.07056367,1.405685e-05,79
0.145830,23.88333961,3.615845e-05,80
0.150000,15.01081488,1.399982e-05,81
0.157092,25.53115591,3.582140e-05,82
0.164633,27.14730326,3.771242e-05,83
0.166667,7.32154083,2.822395e-06,84
0.170734,14.64308166,1.570979e-05,85
0.177265,23.51119694,3.005153e-05,86
0.183333,21.84572140,2.365472e-05,87
0.191274,28.58478815,3.323202e-05,88
0.200000,31.41521185,3.713614e-05,89
0.209113,32.80719602,3.965258e-05,90
0.216667,27.19280398,2.615746e-05,91
0.226066,33.83636334,3.602103e-05,92
0.233333,26.16363666,2.072332e-05,93
0.243493,36.57598239,3.750822e-05,94
0.250000,23.42401761,1.513347e-05,95
0.255322,19.15974414,1.749470e-05,96
0.263420,29.15170688,2.905841e-05,97
0.266667,11.68854898,4.806028e-06,98
0.273160,23.37709796,2.770543e-05,99
0.281011,28.26413180,2.396318e-05,100
0.283333,8.35877024,2.993390e-06,101
0.287977,16.71754049,2.876345e-05,102
0.293487,19.83715521,2.767781e-05,103
0.300000,23.44530430,3.064819e-05,104
0.307486,26.95137840,2.750451e-05,105
0.316571,32.70442549,2.203560e-05,106
0.316667,0.34419612,7.082810e-08,107
0.316858,0.68839224,3.015089e-08,108
0.317240,1.37678447,7.662434e-08,109
0.318005,2.75356894,2.001643e-07,110
0.319535,5.50713789,6.364151e-07,111
0.322594,11.01427578,2.513688e-06,112
0.328714,22.02855155,9.945230e-06,113
0.333333,16.63128913,5.637941e-06,114
0.342573,33.26257826,3.838319e-05,115
0.350000,26.73742174,1.989060e-05,116
0.355299,19.07625253,2.674704e-05,117
0.361819,23.47376116,2.694669e-05,118
0.366667,17.44998631,1.312175e-05,119
0.375182,30.65679497,2.368597e-05,120
0.383333,29.34320503,1.388948e-05,121
0.397252,50.10626421,3.742461e-05,122
0.400000,9.89373579,2.367172e-06,123
0.405497,19.78747158,2.433353e-05,124
0.412588,25.52791250,2.763812e-05,125
0.416667,14.68461592,9.304926e-06,126
0.424825,29.36923184,3.058832e-05,127
0.433333,30.63076816,2.145655e-05,128
0.439178,21.04144177,2.363500e-05,129
0.446829,27.54388814,2.508858e-05,130
0.450000,11.41467009,4.981355e-06,131
0.456341,22.82934019,1.090672e-05,132
0.466667,37.17065981,1.496777e-05,133
0.475000,30.00000000,3.358337e-05,134
0.483333,30.00000000,2.594528e-05,135
0.493745,37.48172426,1.947673e-05,136
0.500000,22.51827574,6.608101e-06,137
0.512510,45.03655148,1.944408e-05,138
0.516667,14.96344852,2.175285e-06,139
0.520823,14.96344852,2.336626e-05,140
0.526295,19.69992475,2.652517e-05,141
0.533057,24.34237629,3.022305e-05,142
0.533333,0.99425043,1.356135e-07,143
0.533886,1.98850087,5.823997e-07,144
0.534990,3.97700173,1.073125e-06,145
0.537200,7.95400346,1.946218e-06,146
0.541619,15.90800692,3.076303e-06,147
0.550000,30.17248702,7.339266e-06,148
0.566667,60.00000000,2.729912e-05,149
0.575000,30.00000000,2.910361e-05,150
0.583333,30.00000000,2.193940e-05,151
0.594656,40.76020708,1.184791e-05,152
0.600000,19.23979292,3.282284e-06,153
0.610689,38.47958584,2.997081e-05,154
0.616667,21.52041416,8.016928e-06,155
0.622645,21.52041416,2.180414e-05,156
0.630792,29.32977017,2.492721e-05,157
0.633333,9.14981567,2.999156e-06,158
0.638417,18.29963134,1.489902e-05,159
0.646797,30.17109093,2.120521e-05,160
0.650000,11.52927774,3.080132e-06,161
0.656405,23.05855547,2.564538e-05,162
0.664454,28.97710675,2.565888e-05,163
0.666667,7.96433778,2.462315e-06,164
0.671091,15.92867557,1.016079e-05,165
0.679925,31.80119681,1.829469e-05,166
0.683333,12.27012763,2.679837e-06,167
0.690150,24.54025525,2.229827e-05,168
0.699337,33.07280392,2.512010e-05,169
0.700000,2.38694083,2.987910e-07,170
0.701326,4.77388166,2.144947e-06,171
0.703978,9.54776333,5.507847e-06,172
0.709283,19.09552666,1.504162e-05,173
0.716667,26.58282835,2.257373e-05,174
0.726557,35.60631456,4.722384e-05,175
0.733333,24.39368544,1.682152e-05,176
0.743847,37.85055759,2.981399e-05,177
0.750000,22.14944241,9.340763e-06,178
0.756153,22.14944241,2.607887e-05,179
0.763820,27.60233896,2.888208e-05,180
0.766667,10.24821864,4.403756e-06,181
0.772360,20.49643727,6.024469e-06,182
0.783333,39.50356273,1.595501e-05,183
0.791667,30.00000000,2.485788e-05,184
0.800000,30.00000000,1.621287e-05,185
0.806585,23.70766506,4.000912e-05,186
0.813211,23.85265895,2.908190e-05,187
0.816667,12.43967599,7.814119e-06,188
0.823578,24.87935198,7.959921e-06,189
0.833333,35.12064802,9.715836e-06,190
0.841667,30.00000000,1.947606e-05,191
0.850000,30.00000000,1.576311e-05,192
0.856679,24.04350370,3.926671e-05,193
0.863462,24.41816365,2.790372e-05,194
0.866667,11.53833265,6.005741e-06,195
0.873077,23.07666531,2.639574e-05,196
0.881017,28.58470192,2.384303e-05,197
0.883333,8.33863277,2.428609e-06,198
0.887966,16.67726554,2.957802e-06,199
0.897231,33.35453107,1.025343e-05,200
0.900000,9.96820339,1.256979e-06,201
0.905538,19.93640678,2.877858e-06,202
0.916614,39.87281355,1.019292e-05,203
0.916667,0.19077967,1.677038e-08,204
0.916773,0.38155935,6.873531e-08,205
0.916985,0.76311870,1.407745e-07,206
0.917409,1.52623740,3.492029e-07,207
0.918256,3.05247480,9.263227e-07,208
0.919952,6.10494960,2.522604e-06,209
0.923344,12.20989920,6.940597e-06,210
0.930127,24.41979839,1.917042e-05,211
0.933333,11.54196257,4.445815e-06,212
0.939746,23.08392514,6.074459e-06,213
0.950000,36.91607486,9.702616e-06,214
0.958333,30.00000000,3.848998e-05,215
0.966667,30.00000000,2.932329e-05,216
0.976460,35.25676378,1.381630e-05,217
0.983333,24.74323622,6.320352e-06,218
0.990206,24.74323622,2.735227e-05,219
0.998570,30.10837415,2.569746e-05,220
1.000000,5.14838964,8.751034e-07,221
1.002860,10.29677927,8.623712e-06,222
1.008581,20.59355854,1.676044e-05,223
1.016667,29.10966218,2.201217e-05,224
1.027635,39.48509641,9.543937e-06,225
1.033333,20.51490359,2.529873e-06,226
1.044731,41.02980719,9.343259e-06,227
1.050000,18.97019281,2.004125e-06,228
1.060539,37.94038563,3.204622e-05,229
1.066667,22.05961437,9.980067e-06,230
1.078922,44.11922874,2.311899e-05,231
1.083333,15.88077126,3.433386e-06,232
1.092156,31.76154251,8.058797e-06,233
1.100000,28.23845749,5.959232e-06,234
1.107844,28.23845749,2.202702e-05,235
1.116667,31.76154251,2.131956e-05,236
1.128827,43.77639001,3.525920e-05,237
1.133333,16.22360999,5.169838e-06,238
1.142346,32.44721997,3.430496e-05,239
1.150000,27.55278003,1.715751e-05,240
1.161759,42.33170489,4.612841e-05,241
1.166667,17.66829511,7.975041e-06,242
1.176482,35.33659022,1.307400e-05,243
1.183333,24.66340978,4.468586e-06,244
1.197035,49.32681956,4.036916e-05,245
1.200000,10.67318044,2.155834e-06,246
1.205930,21.34636087,3.859369e-05,247
1.212004,21.86720168,2.870321e-05,248
1.216667,16.78643745,1.475870e-05,249
1.224391,27.80750574,1.290876e-05,250
1.233333,32.19249426,1.390151e-05,251
1.248597,54.94791092,3.420135e-05,252
1.250000,5.05208908,4.382718e-07,253
1.252807,10.10417815,1.880490e-06,254
1.258420,20.20835630,3.564381e-06,255
1.266667,29.68746555,6.379885e-06,256
1.283160,59.37493109,4.561714e-05,257
1.283333,0.62506891,2.156895e-08,258
1.283681,1.25013782,3.168480e-07,259
1.284375,2.50027564,6.621036e-07,260
1.285764,5.00055127,1.545530e-06,261
1.288542,10.00110255,3.713990e-06,262
1.294098,20.00220510,9.082203e-06,263
1.300000,21.24572762,8.143787e-06,264
1.311803,42.49145524,1.351323e-05,265
1.316667,17.50854476,2.040002e-06,266
1.326394,35.01708952,2.526006e-05,267
1.333333,24.98291048,1.078554e-05,268
1.346781,48.41160671,4.726754e-05,269
1.350000,11.58839329,3.112666e-06,270
1.356438,23.17678658,2.081917e-05,271
1.365417,32.32577789,2.216874e-05,272
1.366667,4.49743554,5.265664e-07,273
1.369165,8.99487108,1.094755e-05,274
1.373971,17.30071507,2.186864e-05,275
1.380511,23.54402509,2.838133e-05,276
1.383333,10.16038877,5.316327e-06,277
1.388978,20.32077754,6.914559e-06,278
1.400000,39.67922246,1.798902e-05,279
1.416538,59.53699139,2.779158e-05,280
1.416667,0.46300861,1.666725e-08,281
1.416924,0.92601722,2.363857e-07,282
1.417438,1.85203445,5.652084e-07,283
1.418467,3.70406889,1.500579e-06,284
1.420525,7.40813779,4.040569e-06,285
1.424641,14.81627558,1.079992e-05,286
1.432611,28.69170651,2.660199e-05,287
1.433333,2.60175956,2.655903e-07,288
1.434779,5.20351912,3.927120e-06,289
1.437670,10.40703824,7.758618e-06,290
1.443451,20.81407648,1.689304e-05,291
1.450000,23.57536615,1.584868e-05,292
1.460469,37.68680768,3.237877e-05,293
1.466667,22.31319232,1.068666e-05,294
1.478733,43.43783216,4.190177e-05,295
1.483333,16.56216784,5.927703e-06,296
1.492535,33.12433569,3.917238e-05,297
1.500000,26.87566431,1.997513e-05,298
1.505315,19.13427100,2.244255e-05,299
1.512455,25.70415351,2.377230e-05,300
1.516667,15.16157550,7.464605e-06,301
1.525090,30.32315100,3.402319e-05,302
1.533333,29.67684900,2.221677e-05,303
1.544464,40.06865896,1.270002e-05,304
1.550000,19.93134104,3.006875e-06,305
1.561073,39.86268209,1.195392e-05,306
1.566667,20.13731791,3.108372e-06,307
1.577854,40.27463583,3.094986e-05,308
1.583333,19.72536417,6.701365e-06,309
1.594292,39.45072834,4.265276e-05,310
1.600000,20.54927166,1.048482e-05,311
1.611219,40.38717229,2.856148e-05,312
1.616667,19.61282771,6.641349e-06,313
1.627563,39.22565541,1.010153e-05,314
1.633333,20.77434459,2.815442e-06,315
1.639104,20.77434459,3.300052e-05,316
1.645497,23.01412549,2.843879e-05,317
1.650000,16.21152992,1.255482e-05,318
1.658088,29.11697070,2.807449e-05,319
1.666667,30.88302930,1.835790e-05,320
1.679409,45.87076205,4.324437e-05,321
1.683333,14.12923795,4.445052e-06,322
1.691183,28.25847589,2.739077e-05,323
1.700000,31.74152411,2.677968e-05,324
1.705422,19.51742909,3.174271e-05,325
1.711545,22.04591614,2.621240e-05,326
1.716667,18.43665477,1.506916e-05,327
1.725062,30.22491317,3.188455e-05,328
1.733333,29.77508683,1.995564e-05,329
1.745116,42.41776149,1.374241e-05,330
1.750000,17.58223851,2.383899e-06,331
1.759768,35.16447701,2.529664e-05,332
1.766667,24.83552299,1.104476e-05,333
1.779877,47.55789489,2.097018e-05,334
1.783333,12.44210511,1.481480e-06,335
1.790246,24.88421023,5.477655e-06,336
1.800000,35.11578977,1.015754e-05,337
1.804167,15.00000000,2.257516e-05,338
1.809748,20.09108341,2.582572e-05,339
1.816667,24.90891659,2.916654e-05,340
1.820743,14.67607448,2.080447e-05,341
1.826431,20.47666076,2.286472e-05,342
1.833333,24.84726475,2.342610e-05,343
1.842408,32.67052515,1.673235e-05,344
1.850000,27.32947485,1.052449e-05,345
1.864892,53.61154188,2.386360e-05,346
1.866667,6.38845812,4.939267e-07,347
1.870216,12.77691623,4.706345e-06,348
1.877314,25.55383247,1.097690e-05,349
1.883333,21.66925130,6.531160e-06,350
1.889353,21.66925130,2.321276e-05,351
1.897303,28.62253004,2.530940e-05,352
1.900000,9.70821866,3.051531e-06,353
1.905393,19.41643733,2.945478e-05,354
1.911718,22.76769843,2.598242e-05,355
1.916667,17.81586425,1.342149e-05,356
1.925263,30.94810326,2.589933e-05,357
1.933333,29.05189674,1.442936e-05,358
1.946853,48.67192278,1.611805e-05,359
1.950000,11.32807722,1.023784e-06,360
1.956293,22.65615444,1.432870e-05,361
1.966667,37.34384556,2.528427e-05,362
1.979795,47.26300238,3.079368e-05,363
1.983333,12.73699762,2.477735e-06,364
1.990409,25.47399524,6.364265e-06,365
2.000000,34.52600476,6.828304e-06,366
2.016667,60.00000000,8.210498e-06,367
2.025000,30.00000000,4.138562e-05,368
2.033244,29.67727579,2.998164e-05,369
2.033333,0.32272421,6.689524e-09,370
2.033513,0.64544842,2.116763e-07,371
2.033871,1.29089684,4.548373e-07,372
2.034588,2.58179369,1.082046e-06,373
2.036023,5.16358738,2.609961e-06,374
2.038891,10.32717475,6.165403e-06,375
2.044629,20.65434950,1.417113e-05,376
2.050000,19.33674942,9.721974e-06,377
2.060743,38.67349884,4.380286e-05,378
2.066667,21.32650116,1.166028e-05,379
2.072187,19.87296531,2.245822e-05,380
2.079600,26.68716691,2.410395e-05,381
2.083333,13.43986777,5.799548e-06,382
2.090800,26.87973555,1.909901e-05,383
2.100000,33.12026445,1.652733e-05,384
2.114402,51.84655551,2.891691e-05,385
2.116667,8.15344449,8.519386e-07,386
2.121196,16.30688898,1.426779e-06,387
2.130256,32.61377795,3.971803e-06,388
2.133333,11.07933307,4.758728e-07,389
2.139489,22.15866614,2.241362e-05,390
2.147762,29.78620019,2.594985e-05,391
2.150000,8.05513368,2.054986e-06,392
2.154475,16.11026735,1.840058e-05,393
2.161114,23.90091078,2.284713e-05,394
2.166667,19.98882186,1.296858e-05,395
2.171573,17.66194311,2.828963e-05,396
2.177443,21.13257145,2.594018e-05,397
2.183333,21.20548544,2.045174e-05,398
2.191622,29.84081137,4.311956e-05,399
2.199656,28.92017989,2.672232e-05,400
2.200000,1.23900874,7.038018e-08,401
2.200688,2.47801748,1.777159e-07,402
2.202065,4.95603495,5.693479e-07,403
2.204818,9.91206991,1.895690e-06,404
2.210325,19.82413981,6.313662e-06,405
2.216667,22.82973785,7.314496e-06,406
2.229350,45.65947570,3.655568e-05,407
2.233333,14.34052430,3.802899e-06,408
2.241300,28.68104860,4.132550e-05,409
2.249187,28.39314194,2.904137e-05,410
2.250000,2.92580946,3.721013e-07,411
2.251625,5.85161893,8.306704e-06,412
2.254876,11.70323786,1.735889e-05,413
2.259842,17.87609053,2.624047e-05,414
2.266011,22.20824516,3.008004e-05,415
2.266667,2.36080752,3.966861e-07,416
2.267978,4.72161504,5.205475e-06,417
2.270601,9.44323008,1.010188e-05,418
2.275848,18.88646015,2.143828e-05,419
2.283058,25.95870779,2.667427e-05,420
2.283333,0.98998695,5.256858e-08,421
2.283883,1.97997390,8.347107e-07,422
2.284983,3.95994779,1.653799e-06,423
2.287183,7.91989558,3.562263e-06,424
2.291583,15.83979116,7.760956e-06,425
2.300000,30.30039157,1.616627e-05,426
2.306661,23.97953885,4.080192e-05,427
2.313297,23.89065420,2.893008e-05,428
2.316667,12.12980694,7.179381e-06,429
2.323405,24.25961388,3.360209e-05,430
2.330804,26.63350191,2.486754e-05,431
2.333333,9.10688421,3.036585e-06,432
2.338393,18.21376841,4.401615e-06,433
2.348511,36.42753683,4.768188e-06,434
2.350000,5.35869476,1.585558e-07,435
2.352977,10.71738952,6.457378e-06,436
2.358931,21.43477904,1.439833e-05,437
2.366667,27.84783144,1.770318e-05,438
2.372517,21.06023695,2.451600e-05,439
2.380036,27.06860825,2.443858e-05,440
2.383333,11.87115480,4.642442e-06,441
2.389928,23.74230959,4.675187e-06,442
2.400000,36.25769041,7.266095e-06,443
2.416667,60.00000000,3.336265e-05,444
2.433333,60.00000000,2.262849e-05,445
2.450000,60.00000000,3.522670e-05,446
2.466667,60.00000000,2.439381e-05,447
2.475000,30.00000000,2.838911e-05,448
2.483333,30.00000000,2.130040e-05,449
2.489079,20.68354292,4.400004e-05,450
2.494591,19.84384816,2.899131e-05,451
2.500000,19.47260891,2.246139e-05,452
2.507263,26.14768965,1.607870e-05,453
2.516667,33.85231035,1.040213e-05,454
2.520833,15.00000000,2.280439e-05,455
2.526386,19.98985136,2.670371e-05,456
2.533224,24.61791515,3.038170e-05,457
2.533333,0.39223349,9.820917e-09,458
2.533551,0.78446697,3.707905e-07,459
2.533987,1.56893395,7.878681e-07,460
2.534859,3.13786790,1.839749e-06,461
2.536602,6.27573580,4.331889e-06,462
2.540088,12.55147159,9.943356e-06,463
2.547062,25.10294318,2.241327e-05,464
2.550000,10.57858061,3.967545e-06,465
2.555877,21.15716122,2.420445e-05,466
2.563479,27.36763719,2.451231e-05,467
2.566667,11.47520159,4.292819e-06,468
2.573042,22.95040319,3.430927e-05,469
2.579968,24.93515451,2.669658e-05,470
2.583333,12.11444230,6.069217e-06,471
2.590064,24.22888461,3.040572e-05,472
2.597831,27.96296748,2.498395e-05,473
2.600000,7.80814791,2.123575e-06,474
2.604338,15.61629582,1.411607e-05,475
2.611685,26.45140047,2.090229e-05,476
2.616667,17.93230371,8.258760e-06,477
2.626629,35.86460742,5.544442e-06,478
2.633333,24.13539258,1.484195e-06,479
2.646742,48.27078515,4.161473e-06,480
2.650000,11.72921485,3.248310e-07,481
2.656516,23.45842969,3.456111e-05,482
2.663570,25.39408764,2.890435e-05,483
2.666667,11.14748266,5.541659e-06,484
2.672860,22.29496532,4.881599e-05,485
2.678501,20.30734943,2.880781e-05,486
2.683333,17.39768525,1.750891e-05,487
2.687008,13.22998582,2.275695e-05,488
2.691911,17.64939612,2.383152e-05,489
2.698302,23.00814113,2.782572e-05,490
2.700000,6.11247693,2.134028e-06,491
2.703396,12.22495386,2.777511e-06,492
2.710187,24.44990771,6.253012e-06,493
2.716667,23.32513843,4.618616e-06,494
2.723146,23.32513843,3.168647e-05,495
2.730471,26.37028441,2.720130e-05,496
2.733333,10.30457716,4.218324e-06,497
2.739058,20.60915431,1.545417e-05,498
2.748326,33.36297804,1.899183e-05,499
2.750000,6.02786765,7.553468e-07,500
2.753349,12.05573529,9.678467e-06,501
2.760046,24.11147058,2.004118e-05,502
2.766667,23.83279413,1.519154e-05,503
2.777476,38.91361607,1.935844e-05,504
2.783333,21.08638393,4.632362e-06,505
2.789191,21.08638393,2.286082e-05,506
2.796987,28.06620376,2.695214e-05,507
2.800000,10.84741231,4.103426e-06,508
2.806026,21.69482462,3.611457e-05,509
2.812408,22.97430608,2.691504e-05,510
2.816667,15.33086930,1.061233e-05,511
2.820826,14.97472844,2.451040e-05,512
2.826173,19.24913772,2.464058e-05,513
2.833028,24.67818983,2.847718e-05,514
2.833333,1.09794400,6.995995e-08,515
2.833943,2.19588801,1.140599e-06,516
2.835163,4.39177601,2.241731e-06,517
2.837603,8.78355203,4.751655e-06,518
2.842483,17.56710406,1.004245e-05,519
2.850000,27.06167989,1.441844e-05,520
2.862599,45.35477979,3.561416e-05,521
2.866667,14.64522021,3.872892e-06,522
2.870735,14.64522021,2.005807e-05,523
2.876515,20.81032604,2.482137e-05,524
2.883333,24.54445374,2.568109e-05,525
2.887614,15.41147423,2.955529e-05,526
2.892626,18.04072802,2.587810e-05,527
2.898895,22.56916020,2.897319e-05,528
2.900000,3.97863755,1.022600e-06,529
2.902210,7.95727510,3.230338e-06,530
2.906631,15.91455020,3.696936e-06,531
2.915472,31.82910041,7.031382e-06,532
2.916667,4.29907428,1.586041e-07,533
2.919055,8.59814857,6.109397e-06,534
2.923832,17.19629714,1.342582e-05,535
2.932128,29.86703319,2.528697e-05,536
2.933333,4.33852111,6.288613e-07,537
2.935744,8.67704221,4.065862e-06,538
2.940564,17.35408443,1.137086e-05,539
2.949662,32.75160958,2.916788e-05,540
2.950000,1.21726379,4.859260e-08,541
2.950676,2.43452757,1.037001e-06,542
2.952029,4.86905514,2.095411e-06,543
2.954734,9.73811029,4.536974e-06,544
2.960144,19.47622057,9.610717e-06,545
2.966667,23.48208643,9.361815e-06,546
2.979712,46.96417286,2.656319e-05,547
2.983333,13.03582714,2.257555e-06,548
2.990575,26.07165428,9.492218e-06,549
3.000000,33.92834572,8.923694e-06,550
3.016667,60.00000000,9.251314e-06,551
3.025000,30.00000000,2.838456e-05,552
3.033333,30.00000000,2.090072e-05,553
3.044934,41.76073887,1.469919e-05,554
3.050000,18.23926113,2.756331e-06,555
3.055066,18.23926113,2.049395e-05,556
3.062189,25.64023250,2.468419e-05,557
3.066667,16.12050636,8.784391e-06,558
3.075623,32.24101273,1.929420e-05,559
3.083333,27.75898727,9.192113e-06,560
3.098755,55.51797454,4.893458e-05,561
3.100000,4.48202546,4.267774e-07,562
3.102490,8.96405092,1.396240e-06,563
3.107470,17.92810183,4.660114e-06,564
3.116667,33.10784725,1.272547e-05,565
3.120768,14.76595293,2.128549e-05,566
3.126426,20.36794053,2.511120e-05,567
3.133333,24.86610654,2.737386e-05,568
3.141735,30.24595345,4.944493e-05,569
3.149339,27.37372680,2.791458e-05,570
3.150000,2.38031975,2.660993e-07,571
3.151322,4.76063950,4.799066e-06,572
3.153967,9.52127899,9.857007e-06,573
3.159257,19.04255799,2.248740e-05,574
3.166356,25.55542632,2.851907e-05,575
3.166667,1.12009720,6.786613e-08,576
3.167289,2.24019440,2.018064e-06,577
3.168533,4.48038880,4.246172e-06,578
3.171023,8.96077760,9.832985e-06,579
3.176001,17.92155520,2.318778e-05,580
3.182580,23.68501239,2.870768e-05,581
3.183333,2.71207162,4.438373e-07,582
3.184840,5.42414323,1.901404e-06,583
3.187853,10.84828646,2.477779e-06,584
3.193880,21.69657292,4.069945e-06,585
3.200000,22.03099739,3.159362e-06,586
3.206120,22.03099739,3.731065e-05,587
3.212496,22.95330701,2.876045e-05,588
3.216667,15.01569560,1.116219e-05,589
3.220639,14.30106142,2.509814e-05,590
3.225685,18.16665605,2.452126e-05,591
3.232171,23.34700219,2.809939e-05,592
3.233333,4.18528034,1.030707e-06,593
3.235658,8.37056068,4.461295e-06,594
3.240309,16.74112136,6.584046e-06,595
3.249609,33.48224271,1.012994e-05,596
3.250000,1.40607525,2.909345e-08,597
3.250781,2.81215051,1.014434e-06,598
3.252343,5.62430102,2.424485e-06,599
3.255468,11.24860204,6.272124e-06,600
3.261717,22.49720407,1.631373e-05,601
3.266667,17.81774237,8.918078e-06,602
3.276565,35.63548473,1.503888e-05,603
3.283333,24.36451527,6.490417e-06,604
3.290101,24.36451527,4.447829e-05,605
3.296559,23.24937217,2.919648e-05,606
3.300000,12.38611256,7.884475e-06,607
3.306881,24.77222512,1.944400e-05,608
3.316667,35.22777488,1.785781e-05,609
3.324035,26.52580740,2.870928e-05,610
3.332786,31.50539662,2.825610e-05,611
3.333333,1.96879598,1.363698e-07,612
3.334427,3.93759197,5.505760e-07,613
3.336615,7.87518394,9.338378e-07,614
3.340990,15.75036788,2.521440e-06,615
3.349740,31.50073575,7.041662e-06,616
3.350000,0.93612046,7.417716e-09,617
3.350520,1.87224093,8.509148e-07,618
3.351560,3.74448185,1.918519e-06,619
3.353640,7.48896370,4.776263e-06,620
3.357801,14.97792741,1.203409e-05,621
3.365434,27.47720421,2.625082e-05,622
3.366667,4.43918190,7.907953e-07,623
3.369133,8.87836380,1.941132e-06,624
3.374065,17.75672760,6.178251e-06,625
3.383333,33.36490859,1.766046e-05,626
3.397368,50.52617517,1.483824e-05,627
3.400000,9.47382483,6.143710e-07,628
3.405263,18.94764967,1.284281e-05,629
3.414610,33.64750704,2.202676e-05,630
3.416667,7.40484330,1.220712e-06,631
3.420780,14.80968660,4.304651e-06,632
3.429008,29.61937320,6.644580e-06,633
3.433333,15.57094021,1.640687e-06,634
3.441984,31.14188041,4.394939e-05,635
3.450000,28.85811959,2.812320e-05,636
3.454810,17.31542606,2.657410e-05,637
3.460748,21.37624355,2.490106e-05,638
3.466667,21.30833038,1.902759e-05,639
3.475302,31.08744685,4.106438e-05,640
3.483333,28.91255315,2.401846e-05,641
3.493762,37.54406938,1.178282e-05,642
3.500000,22.45593062,3.906339e-06,643
3.512476,44.91186124,2.620901e-05,644
3.516667,15.08813876,3.083694e-06,645
3.525049,30.17627752,2.736679e-05,646
3.533333,29.82372248,2.029293e-05,647
3.539185,21.06623943,3.359522e-05,648
3.545610,23.13000779,2.687986e-05,649
3.550000,15.80375278,1.107676e-05,650
3.558394,30.21909439,2.137580e-05,651
3.566667,29.78090561,1.197485e-05,652
3.581880,54.76842937,4.659628e-06,653
3.583333,5.23157063,5.154788e-08,654
3.586240,10.46314126,1.006061e-05,655
3.592053,20.92628253,2.254659e-05,656
3.599843,28.04653126,2.907181e-05,657
3.600000,0.56404494,1.475540e-08,658
3.600313,1.12808989,3.203590e-07,659
3.600940,2.25617978,6.447355e-07,660
3.602194,4.51235956,1.383474e-06,661
3.604700,9.02471911,2.875287e-06,662
3.609714,18.04943823,5.465633e-06,663
3.616667,25.02921343,5.805335e-06,664
3.623619,25.02921343,4.885509e-05,665
3.629949,22.78871310,3.072957e-05,666
3.633333,12.18207347,8.405434e-06,667
3.640101,24.36414693,4.587775e-05,668
3.646460,22.89167988,2.729683e-05,669
3.650000,12.74417319,7.836753e-06,670
3.657080,25.48834639,5.406210e-06,671
3.666667,34.51165361,5.751602e-06,672
3.683333,60.00000000,4.622375e-05,673
3.698934,56.16246898,2.594199e-05,674
3.700000,3.83753102,1.527565e-07,675
3.702132,7.67506204,1.760197e-06,676
3.706396,15.35012408,4.655102e-06,677
3.714924,30.70024816,1.317446e-05,678
3.716667,6.27456572,6.021392e-07,679
3.720153,12.54913143,1.796052e-05,680
3.725387,18.84437571,2.420055e-05,681
3.732159,24.37792104,2.885580e-05,682
3.733333,4.22857182,9.860613e-07,683
3.735683,8.45714364,1.201176e-05,684
3.739996,15.52915542,2.061993e-05,685
3.746042,21.76365199,2.623466e-05,686
3.750000,14.25004895,1.009510e-05,687
3.753958,14.25004895,2.981101e-05,688
3.758572,16.60945922,2.612166e-05,689
3.764317,20.68152966,2.925741e-05,690
3.766667,8.45896217,4.944038e-06,691
3.771366,16.91792435,3.030947e-05,692
3.776798,19.55624119,2.464631e-05,693
3.783333,23.52583446,2.487197e-05,694
3.791672,30.02047071,6.295636e-06,695
3.800000,29.97952929,4.000898e-06,696
3.808328,29.97952929,4.243133e-05,697
3.816464,29.28929995,2.921286e-05,698
3.816667,0.73117076,2.359265e-08,699
3.817073,1.46234152,4.336953e-07,700
3.817885,2.92468303,8.581507e-07,701
3.819510,5.84936606,1.809501e-06,702
3.822760,11.69873213,3.710677e-06,703
3.829259,23.39746426,7.180479e-06,704
3.833333,14.66741300,2.425386e-06,705
3.841482,29.33482600,2.296717e-05,706
3.850000,30.66517400,1.822112e-05,707
3.856350,22.85890392,2.181474e-05,708
3.865001,31.14640296,2.898813e-05,709
3.866667,5.99469312,1.194179e-06,710
3.869997,11.98938623,1.391692e-05,711
3.875678,20.45280865,2.097930e-05,712
3.883333,27.55780512,2.475651e-05,713
3.893124,35.24742812,3.593235e-05,714
3.900000,24.75257188,1.367856e-05,715
3.911831,42.59195769,2.930108e-05,716
3.916667,17.40804231,4.707446e-06,717
3.926338,34.81608462,3.022179e-05,718
3.933333,25.18391538,1.341521e-05,719
3.939411,21.87872311,2.163525e-05,720
3.947726,29.93425864,2.317341e-05,721
3.950000,8.18701824,1.900260e-06,722
3.954548,16.37403649,2.747148e-05,723
3.960071,19.88118199,2.625748e-05,724
3.966667,23.74478152,2.792737e-05,725
3.974610,28.59437839,2.713539e-05,726
3.983333,31.40562161,1.775731e-05,727
3.989921,23.71462957,4.066223e-05,728
3.996495,23.66727626,3.009219e-05,729
4.000000,12.61809417,8.196865e-06,730
4.007010,25.23618835,1.160572e-05,731
4.016667,34.76381165,2.073324e-06,732
4.033333,60.00000000,3.236462e-06,733
4.050000,60.00000000,3.217965e-06,734
4.066667,60.00000000,3.201761e-06,735
4.083333,60.00000000,3.188172e-06,736
4.100000,60.00000000,3.176651e-06,737
4.116667,60.00000000,3.166628e-06,738
4.133333,60.00000000,3.157662e-06,739
4.150000,60.00000000,3.149440e-06,740
4.166667,60.00000000,3.141746e-06,741
4.183333,60.00000000,3.134430e-06,742
4.200000,60.00000000,3.127390e-06,743
4.216667,60.00000000,3.120557e-06,744
4.233333,60.00000000,3.113883e-06,745
4.250000,60.00000000,3.107337e-06,746
4.266667,60.00000000,3.100898e-06,747
4.283333,60.00000000,3.094554e-06,748
4.300000,60.00000000,3.088294e-06,749
4.316667,60.00000000,3.082114e-06,750
4.333333,60.00000000,3.076010e-06,751
4.350000,60.00000000,3.069981e-06,752
4.366667,60.00000000,3.064025e-06,753
4.383333,60.00000000,3.058142e-06,754
4.400000,60.00000000,3.052330e-06,755
4.416667,60.00000000,3.046590e-06,756
4.433333,60.00000000,3.040921e-06,757
4.450000,60.00000000,3.035322e-06,758
4.466667,60.00000000,3.029792e-06,759
4.483333,60.00000000,3.024332e-06,760
4.500000,60.00000000,3.018939e-06,761
4.516667,60.00000000,3.013613e-06,762
4.533333,60.00000000,3.008353e-06,763
4.550000,60.00000000,3.003158e-06,764
4.566667,60.00000000,2.998027e-06,765
4.583333,60.00000000,2.992959e-06,766
4.600000,60.00000000,2.987952e-06,767
4.616667,60.00000000,2.983005e-06,768
4.633333,60.00000000,2.978118e-06,769
4.650000,60.00000000,2.973288e-06,770
4.666667,60.00000000,2.968515e-06,771
4.683333,60.00000000,2.963797e-06,772
4.700000,60.00000000,2.959133e-06,773
4.716667,60.00000000,2.954522e-06,774
4.733333,60.00000000,2.949963e-06,775
4.750000,60.00000000,2.945454e-06,776
4.766667,60.00000000,2.940995e-06,777
4.783333,60.00000000,2.936583e-06,778
4.800000,60.00000000,2.932219e-06,779
4.816667,60.00000000,2.927900e-06,780
4.833333,60.00000000,2.923626e-06,781
4.850000,60.00000000,2.919395e-06,782
4.866667,60.00000000,2.915207e-06,783
4.883333,60.00000000,2.911060e-06,784
4.900000,60.00000000,2.906953e-06,785
4.916667,60.00000000,2.902886e-06,786
4.933333,60.00000000,2.898856e-06,787
4.950000,60.00000000,2.894864e-06,788
4.966667,60.00000000,2.890908e-06,789
4.983333,60.00000000,2.886987e-06,790
5.000000,60.00000000,2.883100e-06,791
5.016667,60.00000000,2.879246e-06,792
5.033333,60.00000000,2.875425e-06,793
5.050000,60.00000000,2.871635e-06,794
5.066667,60.00000000,2.867875e-06,795
5.083333,60.00000000,2.864145e-06,796
5.100000,60.00000000,2.860444e-06,797
5.116667,60.00000000,2.856770e-06,798
5.133333,60.00000000,2.853124e-06,799
5.150000,60.00000000,2.849504e-06,800
5.166667,60.00000000,2.845909e-06,801
5.183333,60.00000000,2.842340e-06,802
5.200000,60.00000000,2.838794e-06,803
5.216667,60.00000000,2.835271e-06,804
5.233333,60.00000000,2.831771e-06,805
5.250000,60.00000000,2.828292e-06,806
5.266667,60.00000000,2.824835e-06,807
5.283333,60.00000000,2.821398e-06,808
5.300000,60.00000000,2.817981e-06,809
5.316667,60.00000000,2.814583e-06,810
5.333333,60.00000000,2.811203e-06,811
5.350000,60.00000000,2.807842e-06,812
5.366667,60.00000000,2.804498e-06,813
5.383333,60.00000000,2.801170e-06,814
5.400000,60.00000000,2.797858e-06,815
5.416667,60.00000000,2.794562e-06,816
5.433333,60.00000000,2.791281e-06,817
5.450000,60.00000000,2.788015e-06,818
5.466667,60.00000000,2.784762e-06,819
5.483333,60.00000000,2.781523e-06,820
5.500000,60.00000000,2.778297e-06,821
5.516667,60.00000000,2.775084e-06,822
5.533333,60.00000000,2.771882e-06,823
5.550000,60.00000000,2.768692e-06,824
5.566667,60.00000000,2.765513e-06,825
5.583333,60.00000000,2.762345e-06,826
5.600000,60.00000000,2.759187e-06,827
5.616667,60.00000000,2.756039e-06,828
5.633333,60.00000000,2.752900e-06,829
5.650000,60.00000000,2.749770e-06,830
5.666667,60.00000000,2.746649e-06,831
5.683333,60.00000000,2.743537e-06,832
5.700000,60.00000000,2.740432e-06,833
5.716667,60.00000000,2.737334e-06,834
5.733333,60.00000000,2.734244e-06,835
5.750000,60.00000000,2.731161e-06,836
5.766667,60.00000000,2.728084e-06,837
5.783333,60.00000000,2.725014e-06,838
5.800000,60.00000000,2.721949e-06,839
5.816667,60.00000000,2.718890e-06,840
5.833333,60.00000000,2.715836e-06,841
5.850000,60.00000000,2.712787e-06,842
5.866667,60.00000000,2.709743e-06,843
5.883333,60.00000000,2.706704e-06,844
5.900000,60.00000000,2.703669e-06,845
5.916667,60.00000000,2.700637e-06,846
5.933333,60.00000000,2.697609e-06,847
5.950000,60.00000000,2.694585e-06,848
5.966667,60.00000000,2.691564e-06,849
5.983333,60.00000000,2.688545e-06,850
6.000000,60.00000000,2.685530e-06,851
6.016667,60.00000000,2.682517e-06,852
6.033333,60.00000000,2.679506e-06,853
6.050000,60.00000000,2.676497e-06,854
6.066667,60.00000000,2.673491e-06,855
6.083333,60.00000000,2.670485e-06,856
6.100000,60.00000000,2.667482e-06,857
6.116667,60.00000000,2.658584e-06,858
6.133333,60.00000000,2.648200e-06,859
6.150000,60.00000000,2.637862e-06,860
6.166667,60.00000000,2.627570e-06,861
6.183333,60.00000000,2.617322e-06,862
6.200000,60.00000000,2.607119e-06,863
6.216667,60.00000000,2.596960e-06,864
6.233333,60.00000000,2.586846e-06,865
6.250000,60.00000000,2.576774e-06,866
6.266667,60.00000000,2.566747e-06,867
6.283333,60.00000000,2.556761e-06,868
6.300000,60.00000000,2.546819e-06,869
6.316667,60.00000000,2.536919e-06,870
6.333333,60.00000000,2.527060e-06,871
6.350000,60.00000000,2.517244e-06,872
6.366667,60.00000000,2.507468e-06,873
6.383333,60.00000000,2.497734e-06,874
6.400000,60.00000000,2.488040e-06,875
6.416667,60.00000000,2.478387e-06,876
6.433333,60.00000000,2.468773e-06,877
6.450000,60.00000000,2.459200e-06,878
6.466667,60.00000000,2.449666e-06,879
6.483333,60.00000000,2.440172e-06,880
6.500000,60.00000000,2.430716e-06,881
6.516667,60.00000000,2.421300e-06,882
6.533333,60.00000000,2.411921e-06,883
6.550000,60.00000000,2.402582e-06,884
6.566667,60.00000000,2.393280e-06,885
6.583333,60.00000000,2.384015e-06,886
6.600000,60.00000000,2.374789e-06,887
6.616667,60.00000000,2.365599e-06,888
6.633333,60.00000000,2.356447e-06,889
6.650000,60.00000000,2.347332e-06,890
6.666667,60.00000000,2.338253e-06,891
6.683333,60.00000000,2.329210e-06,892
6.700000,60.00000000,2.320204e-06,893
6.716667,60.00000000,2.311233e-06,894
6.733333,60.00000000,2.302299e-06,895
6.750000,60.00000000,2.293399e-06,896
6.766667,60.00000000,2.284535e-06,897
6.783333,60.00000000,2.275707e-06,898
6.800000,60.00000000,2.266913e-06,899
6.816667,60.00000000,2.258153e-06,900
6.833333,60.00000000,2.249429e-06,901
6.850000,60.00000000,2.240738e-06,902
6.866667,60.00000000,2.232082e-06,903
6.883333,60.00000000,2.223459e-06,904
6.900000,60.00000000,2.214870e-06,905
6.916667,60.00000000,2.206315e-06,906
6.933333,60.00000000,2.197793e-06,907
6.950000,60.00000000,2.189305e-06,908
6.966667,60.00000000,2.180849e-06,909
6.983333,60.00000000,2.172426e-06,910
7.000000,60.00000000,2.164036e-06,911
7.016667,60.00000000,2.155679e-06,912
7.033333,60.00000000,2.147353e-06,913
7.050000,60.00000000,2.139060e-06,914
7.066667,60.00000000,2.130799e-06,915
7.083333,60.00000000,2.122569e-06,916
7.100000,60.00000000,2.114372e-06,917
7.116667,60.00000000,2.106206e-06,918
7.133333,60.00000000,2.098071e-06,919
7.150000,60.00000000,2.089967e-06,920
7.166667,60.00000000,2.081894e-06,921
7.183333,60.00000000,2.073853e-06,922
7.200000,60.00000000,2.065842e-06,923
7.216667,60.00000000,2.057861e-06,924
7.233333,60.00000000,2.049911e-06,925
7.250000,60.00000000,2.041992e-06,926
7.266667,60.00000000,2.034102e-06,927
7.283333,60.00000000,2.026243e-06,928
7.300000,60.00000000,2.018413e-06,929
7.316667,60.00000000,2.010613e-06,930
7.333333,60.00000000,2.002843e-06,931
7.350000,60.00000000,1.995102e-06,932
7.366667,60.00000000,1.987391e-06,933
7.383333,60.00000000,1.979708e-06,934
7.400000,60.00000000,1.972055e-06,935
7.416667,60.00000000,1.964430e-06,936
7.433333,60.00000000,1.956835e-06,937
7.450000,60.00000000,1.949268e-06,938
7.466667,60.00000000,1.941729e-06,939
7.483333,60.00000000,1.934219e-06,940
7.500000,60.00000000,1.926738e-06,941
7.516667,60.00000000,1.919284e-06,942
7.533333,60.00000000,1.911858e-06,943
7.550000,60.00000000,1.904461e-06,944
7.566667,60.00000000,1.897091e-06,945
7.583333,60.00000000,1.889748e-06,946
7.600000,60.00000000,1.882434e-06,947
7.616667,60.00000000,1.875146e-06,948
7.633333,60.00000000,1.867886e-06,949
7.650000,60.00000000,1.860654e-06,950
7.666667,60.00000000,1.853448e-06,951
7.683333,60.00000000,1.846269e-06,952
7.700000,60.00000000,1.839117e-06,953
7.716667,60.00000000,1.831992e-06,954
7.733333,60.00000000,1.824893e-06,955
7.750000,60.00000000,1.817821e-06,956
7.766667,60.00000000,1.810775e-06,957
7.783333,60.00000000,1.803755e-06,958
7.800000,60.00000000,1.796762e-06,959
7.816667,60.00000000,1.789795e-06,960
7.833333,60.00000000,1.782853e-06,961
7.850000,60.00000000,1.775938e-06,962
7.866667,60.00000000,1.769048e-06,963
7.883333,60.00000000,1.762184e-06,964
7.900000,60.00000000,1.755345e-06,965
7.916667,60.00000000,1.748532e-06,966
7.933333,60.00000000,1.741744e-06,967
7.950000,60.00000000,1.734982e-06,968
7.966667,60.00000000,1.728244e-06,969
7.983333,60.00000000,1.721532e-06,970
8.000000,60.00000000,1.714844e-06,971
8.016667,60.00000000,1.708181e-06,972
8.033333,60.00000000,1.701543e-06,973
8.050000,60.00000000,1.694929e-06,974
8.066667,60.00000000,1.688341e-06,975
8.083333,60.00000000,1.681776e-06,976
8.100000,60.00000000,1.675236e-06,977
8.116667,60.00000000,1.668720e-06,978
8.133333,60.00000000,1.662228e-06,979
8.150000,60.00000000,1.655760e-06,980
8.166667,60.00000000,1.649316e-06,981
8.183333,60.00000000,1.642896e-06,982
8.200000,60.00000000,1.636500e-06,983
8.216667,60.00000000,1.630127e-06,984
8.233333,60.00000000,1.623778e-06,985
8.250000,60.00000000,1.617452e-06,986
8.266667,60.00000000,1.611150e-06,987
8.283333,60.00000000,1.604871e-06,988
8.300000,60.00000000,1.598615e-06,989
8.316667,60.00000000,1.592383e-06,990
8.333333,60.00000000,1.586173e-06,991
8.350000,60.00000000,1.579987e-06,992
8.366667,60.00000000,1.573823e-06,993
8.383333,60.00000000,1.567682e-06,994
8.400000,60.00000000,1.561564e-06,995
8.416667,60.00000000,1.555468e-06,996
8.433333,60.00000000,1.549395e-06,997
8.450000,60.00000000,1.543344e-06,998
8.466667,60.00000000,1.537315e-06,999
8.483333,60.00000000,1.531309e-06,1000
8.500000,60.00000000,1.525325e-06,1001
8.516667,60.00000000,1.519363e-06,1002
8.533333,60.00000000,1.513423e-06,1003
8.550000,60.00000000,1.507505e-06,1004
8.566667,60.00000000,1.501609e-06,1005
8.583333,60.00000000,1.495734e-06,1006
8.600000,60.00000000,1.489881e-06,1007
8.616667,60.00000000,1.484050e-06,1008
8.633333,60.00000000,1.478241e-06,1009
8.650000,60.00000000,1.472452e-06,1010
8.666667,60.00000000,1.466685e-06,1011
8.683333,60.00000000,1.460940e-06,1012
8.700000,60.00000000,1.455215e-06,1013
8.716667,60.00000000,1.449512e-06,1014
8.733333,60.00000000,1.443830e-06,1015
8.750000,60.00000000,1.438168e-06,1016
8.766667,60.00000000,1.432528e-06,1017
8.783333,60.00000000,1.426908e-06,1018
8.800000,60.00000000,1.421309e-06,1019
8.816667,60.00000000,1.415731e-06,1020
8.833333,60.00000000,1.410173e-06,1021
8.850000,60.00000000,1.404636e-06,1022
8.866667,60.00000000,1.399119e-06,1023
8.883333,60.00000000,1.393623e-06,1024
8.900000,60.00000000,1.388147e-06,1025
8.916667,60.00000000,1.382691e-06,1026
8.933333,60.00000000,1.377255e-06,1027
8.950000,60.00000000,1.371839e-06,1028
8.966667,60.00000000,1.366444e-06,1029
8.983333,60.00000000,1.361068e-06,1030
9.000000,60.00000000,1.355712e-06,1031
9.016667,60.00000000,1.350376e-06,1032
9.033333,60.00000000,1.345059e-06,1033
9.050000,60.00000000,1.339762e-06,1034
9.066667,60.00000000,1.334485e-06,1035
9.083333,60.00000000,1.329227e-06,1036
9.100000,60.00000000,1.323989e-06,1037
9.116667,60.00000000,1.318770e-06,1038
9.133333,60.00000000,1.313570e-06,1039
9.150000,60.00000000,1.308389e-06,1040
9.166667,60.00000000,1.303228e-06,1041
9.183333,60.00000000,1.298086e-06,1042
9.200000,60.00000000,1.292962e-06,1043
9.216667,60.00000000,1.287858e-06,1044
9.233333,60.00000000,1.282772e-06,1045
9.250000,60.00000000,1.277706e-06,1046
9.266667,60.00000000,1.272658e-06,1047
9.283333,60.00000000,1.267628e-06,1048
9.300000,60.00000000,1.262617e-06,1049
9.316667,60.00000000,1.257625e-06,1050
9.333333,60.00000000,1.252652e-06,1051
9.350000,60.00000000,1.247696e-06,1052
9.366667,60.00000000,1.242759e-06,1053
9.383333,60.00000000,1.237841e-06,1054
9.400000,60.00000000,1.232940e-06,1055
9.416667,60.00000000,1.228058e-06,1056
9.433333,60.00000000,1.223194e-06,1057
9.450000,60.00000000,1.218347e-06,1058
9.466667,60.00000000,1.213519e-06,1059
9.483333,60.00000000,1.208709e-06,1060
9.500000,60.00000000,1.203916e-06,1061
9.516667,60.00000000,1.199142e-06,1062
9.533333,60.00000000,1.194385e-06,1063
9.550000,60.00000000,1.189645e-06,1064
9.566667,60.00000000,1.184923e-06,1065
9.583333,60.00000000,1.180219e-06,1066
9.600000,60.00000000,1.175532e-06,1067
9.616667,60.00000000,1.170863e-06,1068
9.633333,60.00000000,1.166211e-06,1069
9.650000,60.00000000,1.161576e-06,1070
9.666667,60.00000000,1.156958e-06,1071
9.683333,60.00000000,1.152358e-06,1072
9.700000,60.00000000,1.147775e-06,1073
9.716667,60.00000000,1.143209e-06,1074
9.733333,60.00000000,1.138659e-06,1075
9.750000,60.00000000,1.134127e-06,1076
9.766667,60.00000000,1.129612e-06,1077
9.783333,60.00000000,1.125113e-06,1078
9.800000,60.00000000,1.120631e-06,1079
9.816667,60.00000000,1.116166e-06,1080
9.833333,60.00000000,1.111717e-06,1081
9.850000,60.00000000,1.107285e-06,1082
9.866667,60.00000000,1.102870e-06,1083
9.883333,60.00000000,1.098471e-06,1084
9.900000,60.00000000,1.094088e-06,1085
9.916667,60.00000000,1.089722e-06,1086
9.933333,60.00000000,1.085372e-06,1087
9.950000,60.00000000,1.081038e-06,1088
9.966667,60.00000000,1.076721e-06,1089
9.983333,60.00000000,1.072420e-06,1090
10.000000,60.00000000,1.068134e-06,1091
10.016667,60.00000000,1.063865e-06,1092
10.033333,60.00000000,1.059612e-06,1093
10.050000,60.00000000,1.055374e-06,1094
10.066667,60.00000000,1.051153e-06,1095
10.083333,60.00000000,1.046947e-06,1096
10.100000,60.00000000,1.042757e-06,1097
10.116667,60.00000000,1.038583e-06,1098
10.133333,60.00000000,1.034424e-06,1099
10.150000,60.00000000,1.030281e-06,1100
10.166667,60.00000000,1.026154e-06,1101
10.183333,60.00000000,1.022042e-06,1102
10.200000,60.00000000,1.017945e-06,1103
10.216667,60.00000000,1.013864e-06,1104
10.233333,60.00000000,1.009798e-06,1105
10.250000,60.00000000,1.005748e-06,1106
10.266667,60.00000000,1.001712e-06,1107
10.283333,60.00000000,9.976921e-07,1108
10.300000,60.00000000,9.936870e-07,1109
10.316667,60.00000000,9.896971e-07,1110
10.333333,60.00000000,9.857221e-07,1111
10.350000,60.00000000,9.817621e-07,1112
10.366667,60.00000000,9.778170e-07,1113
10.383333,60.00000000,9.738868e-07,1114
10.400000,60.00000000,9.699714e-07,1115
10.416667,60.00000000,9.660708e-07,1116
10.433333,60.00000000,9.621849e-07,1117
10.450000,60.00000000,9.583137e-07,1118
10.466667,60.00000000,9.544571e-07,1119
10.483333,60.00000000,9.506150e-07,1120
10.500000,60.00000000,9.467875e-07,1121
10.516667,60.00000000,9.429745e-07,1122
10.533333,60.00000000,9.391758e-07,1123
10.550000,60.00000000,9.353916e-07,1124
10.566667,60.00000000,9.316217e-07,1125
10.583333,60.00000000,9.278661e-07,1126
10.600000,60.00000000,9.241247e-07,1127
10.616667,60.00000000,9.203975e-07,1128
10.633333,60.00000000,9.166844e-07,1129
10.650000,60.00000000,9.129854e-07,1130
10.666667,60.00000000,9.093005e-07,1131
10.683333,60.00000000,9.056295e-07,1132
10.700000,60.00000000,9.019725e-07,1133
10.716667,60.00000000,8.983294e-07,1134
10.733333,60.00000000,8.947002e-07,1135
10.750000,60.00000000,8.910848e-07,1136
10.766667,60.00000000,8.874831e-07,1137
10.783333,60.00000000,8.838951e-07,1138
10.800000,60.00000000,8.803209e-07,1139
10.816667,60.00000000,8.767602e-07,1140
10.833333,60.00000000,8.732132e-07,1141
10.850000,60.00000000,8.696796e-07,1142
10.866667,60.00000000,8.661596e-07,1143
10.883333,60.00000000,8.626530e-07,1144
10.900000,60.00000000,8.591598e-07,1145
10.916667,60.00000000,8.556800e-07,1146
10.933333,60.00000000,8.522134e-07,1147
10.950000,60.00000000,8.487602e-07,1148
10.966667,60.00000000,8.453201e-07,1149
10.983333,60.00000000,8.418933e-07,1150
11.000000,60.00000000,8.384796e-07,1151
11.016667,60.00000000,8.350789e-07,1152
11.033333,60.00000000,8.316913e-07,1153
11.050000,60.00000000,8.283168e-07,1154
11.066667,60.00000000,8.249551e-07,1155
11.083333,60.00000000,8.216064e-07,1156
11.100000,60.00000000,8.182706e-07,1157
11.116667,60.00000000,8.149476e-07,1158
11.133333,60.00000000,8.116374e-07,1159
11.150000,60.00000000,8.083399e-07,1160
11.166667,60.00000000,8.050552e-07,1161
11.183333,60.00000000,8.017831e-07,1162
11.200000,60.00000000,7.985236e-07,1163
11.216667,60.00000000,7.952767e-07,1164
11.233333,60.00000000,7.920423e-07,1165
11.250000,60.00000000,7.888205e-07,1166
11.266667,60.00000000,7.856111e-07,1167
11.283333,60.00000000,7.824140e-07,1168
11.300000,60.00000000,7.792294e-07,1169
11.316667,60.00000000,7.760571e-07,1170
11.333333,60.00000000,7.728971e-07,1171
11.350000,60.00000000,7.697493e-07,1172
11.366667,60.00000000,7.666137e-07,1173
11.383333,60.00000000,7.634903e-07,1174
11.400000,60.00000000,7.603790e-07,1175
11.416667,60.00000000,7.572798e-07,1176
11.433333,60.00000000,7.541927e-07,1177
11.450000,60.00000000,7.511175e-07,1178
11.466667,60.00000000,7.480543e-07,1179
11.483333,60.00000000,7.450031e-07,1180
11.500000,60.00000000,7.419637e-07,1181
11.516667,60.00000000,7.389361e-07,1182
11.533333,60.00000000,7.359204e-07,1183
11.550000,60.00000000,7.329164e-07,1184
11.566667,60.00000000,7.299242e-07,1185
11.583333,60.00000000,7.269437e-07,1186
11.600000,60.00000000,7.239747e-07,1187
11.616667,60.00000000,7.210174e-07,1188
11.633333,60.00000000,7.180717e-07,1189
11.650000,60.00000000,7.151375e-07,1190
11.666667,60.00000000,7.122148e-07,1191
11.683333,60.00000000,7.093036e-07,1192
11.700000,60.00000000,7.064037e-07,1193
11.716667,60.00000000,7.035153e-07,1194
11.733333,60.00000000,7.006382e-07,1195
11.750000,60.00000000,6.977724e-07,1196
11.766667,60.00000000,6.949178e-07,1197
11.783333,60.00000000,6.920745e-07,1198
11.800000,60.00000000,6.892424e-07,1199
11.816667,60.00000000,6.864214e-07,1200
11.833333,60.00000000,6.836115e-07,1201
11.850000,60.00000000,6.808127e-07,1202
11.866667,60.00000000,6.780250e-07,1203
11.883333,60.00000000,6.752482e-07,1204
11.900000,60.00000000,6.724825e-07,1205
11.916667,60.00000000,6.697276e-07,1206
11.933333,60.00000000,6.669837e-07,1207
11.950000,60.00000000,6.642505e-07,1208
11.966667,60.00000000,6.615283e-07,1209
11.983333,60.00000000,6.588168e-07,1210
12.000000,60.00000000,6.561160e-07,1211
12.016667,60.00000000,6.534260e-07,1212
12.033333,60.00000000,6.507466e-07,1213
12.050000,60.00000000,6.480779e-07,1214
12.066667,60.00000000,6.454197e-07,1215
12.083333,60.00000000,6.427722e-07,1216
12.100000,60.00000000,6.401352e-07,1217
12.116667,60.00000000,6.375086e-07,1218
12.133333,60.00000000,6.348926e-07,1219
12.150000,60.00000000,6.322869e-07,1220
12.166667,60.00000000,6.296917e-07,1221
12.183333,60.00000000,6.271067e-07,1222
12.200000,60.00000000,6.245322e-07,1223
12.216667,60.00000000,6.219679e-07,1224
12.233333,60.00000000,6.194138e-07,1225
12.250000,60.00000000,6.168700e-07,1226
12.266667,60.00000000,6.143363e-07,1227
12.283333,60.00000000,6.118128e-07,1228
12.300000,60.00000000,6.092994e-07,1229
12.316667,60.00000000,6.067961e-07,1230
12.333333,60.00000000,6.043028e-07,1231
12.350000,60.00000000,6.018196e-07,1232
12.366667,60.00000000,5.993463e-07,1233
12.383333,60.00000000,5.968829e-07,1234
12.400000,60.00000000,5.944295e-07,1235
12.416667,60.00000000,5.919859e-07,1236
12.433333,60.00000000,5.895522e-07,1237
12.450000,60.00000000,5.871283e-07,1238
12.466667,60.00000000,5.847141e-07,1239
12.483333,60.00000000,5.823097e-07,1240
12.500000,60.00000000,5.799150e-07,1241
12.516667,60.00000000,5.775299e-07,1242
12.533333,60.00000000,5.751545e-07,1243
12.550000,60.00000000,5.727888e-07,1244
12.566667,60.00000000,5.704325e-07,1245
12.583333,60.00000000,5.680859e-07,1246
12.600000,60.00000000,5.657487e-07,1247
12.616667,60.00000000,5.634210e-07,1248
12.633333,60.00000000,5.611028e-07,1249
12.650000,60.00000000,5.587939e-07,1250
12.666667,60.00000000,5.564945e-07,1251
12.683333,60.00000000,5.542043e-07,1252
12.700000,60.00000000,5.519235e-07,1253
12.716667,60.00000000,5.496520e-07,1254
12.733333,60.00000000,5.473897e-07,1255
12.750000,60.00000000,5.451367e-07,1256
12.766667,60.00000000,5.428928e-07,1257
12.783333,60.00000000,5.406581e-07,1258
12.800000,60.00000000,5.384325e-07,1259
12.816667,60.00000000,5.362160e-07,1260
12.833333,60.00000000,5.340086e-07,1261
12.850000,60.00000000,5.318101e-07,1262
12.866667,60.00000000,5.296207e-07,1263
12.883333,60.00000000,5.274402e-07,1264
12.900000,60.00000000,5.252687e-07,1265
12.916667,60.00000000,5.231061e-07,1266
12.933333,60.00000000,5.209523e-07,1267
12.950000,60.00000000,5.188074e-07,1268
12.966667,60.00000000,5.166713e-07,1269
12.983333,60.00000000,5.145440e-07,1270
13.000000,60.00000000,5.124254e-07,1271
13.016667,60.00000000,5.103156e-07,1272
13.033333,60.00000000,5.082144e-07,1273
13.050000,60.00000000,5.061219e-07,1274
13.066667,60.00000000,5.040380e-07,1275
13.083333,60.00000000,5.019627e-07,1276
13.100000,60.00000000,4.998960e-07,1277
13.116667,60.00000000,4.978378e-07,1278
13.133333,60.00000000,4.957881e-07,1279
13.150000,60.00000000,4.937469e-07,1280
13.166667,60.00000000,4.917141e-07,1281
13.183333,60.00000000,4.896897e-07,1282
13.200000,60.00000000,4.876738e-07,1283
13.216667,60.00000000,4.856662e-07,1284
13.233333,60.00000000,4.836669e-07,1285
13.250000,60.00000000,4.816759e-07,1286
13.266667,60.00000000,4.796932e-07,1287
13.283333,60.00000000,4.777187e-07,1288
13.300000,60.00000000,4.757524e-07,1289
13.316667,60.00000000,4.737943e-07,1290
13.333333,60.00000000,4.718444e-07,1291
13.350000,60.00000000,4.699025e-07,1292
13.366667,60.00000000,4.679688e-07,1293
13.383333,60.00000000,4.660431e-07,1294
13.400000,60.00000000,4.641255e-07,1295
13.416667,60.00000000,4.622159e-07,1296
13.433333,60.00000000,4.603142e-07,1297
13.450000,60.00000000,4.584205e-07,1298
13.466667,60.00000000,4.565347e-07,1299
13.483333,60.00000000,4.546569e-07,1300
13.500000,60.00000000,4.527868e-07,1301
13.516667,60.00000000,4.509246e-07,1302
13.533333,60.00000000,4.490703e-07,1303
13.550000,60.00000000,4.472236e-07,1304
13.566667,60.00000000,4.453848e-07,1305
13.583333,60.00000000,4.435537e-07,1306
13.600000,60.00000000,4.417302e-07,1307
13.616667,60.00000000,4.399144e-07,1308
13.633333,60.00000000,4.381063e-07,1309
13.650000,60.00000000,4.363058e-07,1310
13.666667,60.00000000,4.345128e-07,1311
13.683333,60.00000000,4.327274e-07,1312
13.700000,60.00000000,4.309496e-07,1313
13.716667,60.00000000,4.291792e-07,1314
13.733333,60.00000000,4.274164e-07,1315
13.750000,60.00000000,4.256609e-07,1316
13.766667,60.00000000,4.239129e-07,1317
13.783333,60.00000000,4.221723e-07,1318
13.800000,60.00000000,4.204390e-07,1319
13.816667,60.00000000,4.187131e-07,1320
13.833333,60.00000000,4.169945e-07,1321
13.850000,60.00000000,4.152831e-07,1322
13.866667,60.00000000,4.135791e-07,1323
13.883333,60.00000000,4.118822e-07,1324
13.900000,60.00000000,4.101926e-07,1325
13.916667,60.00000000,4.085101e-07,1326
13.933333,60.00000000,4.068348e-07,1327
13.950000,60.00000000,4.051666e-07,1328
13.966667,60.00000000,4.035055e-07,1329
13.983333,60.00000000,4.018515e-07,1330
14.000000,60.00000000,4.002045e-07,1331
14.016667,60.00000000,3.985645e-07,1332
14.033333,60.00000000,3.969316e-07,1333
14.050000,60.00000000,3.953056e-07,1334
14.066667,60.00000000,3.936865e-07,1335
14.083333,60.00000000,3.920744e-07,1336
14.100000,60.00000000,3.904691e-07,1337
14.116667,60.00000000,3.888707e-07,1338
14.133333,60.00000000,3.872791e-07,1339
14.150000,60.00000000,3.856944e-07,1340
14.166667,60.00000000,3.841164e-07,1341
14.183333,60.00000000,3.825452e-07,1342
14.200000,60.00000000,3.809808e-07,1343
14.216667,60.00000000,3.794230e-07,1344
14.233333,60.00000000,3.778719e-07,1345
14.250000,60.00000000,3.763275e-07,1346
14.266667,60.00000000,3.747897e-07,1347
14.283333,60.00000000,3.732585e-07,1348
14.300000,60.00000000,3.717339e-07,1349
14.316667,60.00000000,3.702159e-07,1350
14.333333,60.00000000,3.687044e-07,1351
14.350000,60.00000000,3.671994e-07,1352
14.366667,60.00000000,3.657009e-07,1353
14.383333,60.00000000,3.642089e-07,1354
14.400000,60.00000000,3.627232e-07,1355
14.416667,60.00000000,3.612440e-07,1356
14.433333,60.00000000,3.597712e-07,1357
14.450000,60.00000000,3.583047e-07,1358
14.466667,60.00000000,3.568446e-07,1359
14.483333,60.00000000,3.553908e-07,1360
14.500000,60.00000000,3.539433e-07,1361
14.516667,60.00000000,3.525020e-07,1362
14.533333,60.00000000,3.510670e-07,1363
14.550000,60.00000000,3.496381e-07,1364
14.566667,60.00000000,3.482155e-07,1365
14.583333,60.00000000,3.467991e-07,1366
14.600000,60.00000000,3.453887e-07,1367
14.616667,60.00000000,3.439846e-07,1368
14.633333,60.00000000,3.425864e-07,1369
14.650000,60.00000000,3.411944e-07,1370
14.666667,60.00000000,3.398084e-07,1371
14.683333,60.00000000,3.384285e-07,1372
14.700000,60.00000000,3.370545e-07,1373
14.716667,60.00000000,3.356865e-07,1374
14.733333,60.00000000,3.343245e-07,1375
14.750000,60.00000000,3.329684e-07,1376
14.766667,60.00000000,3.316182e-07,1377
14.783333,60.00000000,3.302739e-07,1378
14.800000,60.00000000,3.289355e-07,1379
14.816667,60.00000000,3.276028e-07,1380
14.833333,60.00000000,3.262760e-07,1381
14.850000,60.00000000,3.249550e-07,1382
14.866667,60.00000000,3.236398e-07,1383
14.883333,60.00000000,3.223303e-07,1384
14.900000,60.00000000,3.210265e-07,1385
14.916667,60.00000000,3.197285e-07,1386
14.933333,60.00000000,3.184361e-07,1387
14.950000,60.00000000,3.171493e-07,1388
14.966667,60.00000000,3.158682e-07,1389
14.983333,60.00000000,3.145927e-07,1390
15.000000,60.00000000,3.133228e-07,1391
15.016667,60.00000000,3.120585e-07,1392
15.033333,60.00000000,3.107997e-07,1393
15.050000,60.00000000,3.095464e-07,1394
15.066667,60.00000000,3.082986e-07,1395
15.083333,60.00000000,3.070563e-07,1396
15.100000,60.00000000,3.058194e-07,1397
15.116667,60.00000000,3.045880e-07,1398
15.133333,60.00000000,3.033620e-07,1399
15.150000,60.00000000,3.021414e-07,1400
15.166667,60.00000000,3.009261e-07,1401
15.183333,60.00000000,2.997162e-07,1402
15.200000,60.00000000,2.985116e-07,1403
15.216667,60.00000000,2.973123e-07,1404
15.233333,60.00000000,2.961183e-07,1405
15.250000,60.00000000,2.949295e-07,1406
15.266667,60.00000000,2.937460e-07,1407
15.283333,60.00000000,2.925677e-07,1408
15.300000,60.00000000,2.913946e-07,1409
15.316667,60.00000000,2.902267e-07,1410
15.333333,60.00000000,2.890639e-07,1411
15.350000,60.00000000,2.879062e-07,1412
15.366667,60.00000000,2.867537e-07,1413
15.383333,60.00000000,2.856062e-07,1414
15.400000,60.00000000,2.844638e-07,1415
15.416667,60.00000000,2.833265e-07,1416
15.433333,60.00000000,2.821942e-07,1417
15.450000,60.00000000,2.810668e-07,1418
15.466667,60.00000000,2.799445e-07,1419
15.483333,60.00000000,2.788271e-07,1420
15.500000,60.00000000,2.777147e-07,1421
15.516667,60.00000000,2.766072e-07,1422
15.533333,60.00000000,2.755046e-07,1423
15.550000,60.00000000,2.744069e-07,1424
15.566667,60.00000000,2.733140e-07,1425
15.583333,60.00000000,2.722260e-07,1426
15.600000,60.00000000,2.711428e-07,1427
15.616667,60.00000000,2.700644e-07,1428
15.633333,60.00000000,2.689908e-07,1429
15.650000,60.00000000,2.679219e-07,1430
15.666667,60.00000000,2.668578e-07,1431
15.683333,60.00000000,2.657984e-07,1432
15.700000,60.00000000,2.647437e-07,1433
15.716667,60.00000000,2.636937e-07,1434
15.733333,60.00000000,2.626483e-07,1435
15.750000,60.00000000,2.616076e-07,1436
15.766667,60.00000000,2.605715e-07,1437
15.783333,60.00000000,2.595400e-07,1438
15.800000,60.00000000,2.585131e-07,1439
15.816667,60.00000000,2.574907e-07,1440
15.833333,60.00000000,2.564729e-07,1441
15.850000,60.00000000,2.554596e-07,1442
15.866667,60.00000000,2.544508e-07,1443
15.883333,60.00000000,2.534408e-07,1444
15.900000,60.00000000,2.524353e-07,1445
15.916667,60.00000000,2.514399e-07,1446
15.933333,60.00000000,2.504490e-07,1447
15.950000,60.00000000,2.494625e-07,1448
15.966667,60.00000000,2.484804e-07,1449
15.983333,60.00000000,2.475026e-07,1450
16.000000,60.00000000,2.465292e-07,1451
16.016667,60.00000000,2.455601e-07,1452
16.033333,60.00000000,2.445954e-07,1453
16.050000,60.00000000,2.436349e-07,1454
16.066667,60.00000000,2.426787e-07,1455
16.083333,60.00000000,2.417268e-07,1456
16.100000,60.00000000,2.407791e-07,1457
16.116667,60.00000000,2.398357e-07,1458
16.133333,60.00000000,2.388964e-07,1459
16.150000,60.00000000,2.379614e-07,1460
16.166667,60.00000000,2.370305e-07,1461
16.183333,60.00000000,2.361037e-07,1462
16.200000,60.00000000,2.351843e-07,1463
16.216667,60.00000000,2.342658e-07,1464
16.233333,60.00000000,2.333513e-07,1465
16.250000,60.00000000,2.324410e-07,1466
16.266667,60.00000000,2.315347e-07,1467
16.283333,60.00000000,2.306325e-07,1468
16.300000,60.00000000,2.297343e-07,1469
16.316667,60.00000000,2.288400e-07,1470
16.333333,60.00000000,2.279498e-07,1471
16.350000,60.00000000,2.270636e-07,1472
16.366667,60.00000000,2.261813e-07,1473
16.383333,60.00000000,2.253029e-07,1474
16.400000,60.00000000,2.244285e-07,1475
16.416667,60.00000000,2.235579e-07,1476
16.433333,60.00000000,2.226913e-07,1477
16.450000,60.00000000,2.218285e-07,1478
16.466667,60.00000000,2.209696e-07,1479
16.483333,60.00000000,2.201145e-07,1480
16.500000,60.00000000,2.192632e-07,1481
16.516667,60.00000000,2.184157e-07,1482
16.533333,60.00000000,2.175720e-07,1483
16.550000,60.00000000,2.167320e-07,1484
16.566667,60.00000000,2.158958e-07,1485
16.583333,60.00000000,2.150634e-07,1486
16.600000,60.00000000,2.142346e-07,1487
16.616667,60.00000000,2.134096e-07,1488
16.633333,60.00000000,2.125882e-07,1489
16.650000,60.00000000,2.117705e-07,1490
16.666667,60.00000000,2.109565e-07,1491
16.683333,60.00000000,2.101461e-07,1492
16.700000,60.00000000,2.093393e-07,1493
16.716667,60.00000000,2.085361e-07,1494
16.733333,60.00000000,2.077365e-07,1495
16.750000,60.00000000,2.069404e-07,1496
16.766667,60.00000000,2.061479e-07,1497
16.783333,60.00000000,2.053590e-07,1498
16.800000,60.00000000,2.045735e-07,1499
16.816667,60.00000000,2.037916e-07,1500
16.833333,60.00000000,2.030131e-07,1501
16.850000,60.00000000,2.022382e-07,1502
16.866667,60.00000000,2.014667e-07,1503
16.883333,60.00000000,2.006986e-07,1504
16.900000,60.00000000,1.999339e-07,1505
16.916667,60.00000000,1.991727e-07,1506
16.933333,60.00000000,1.984148e-07,1507
16.950000,60.00000000,1.976604e-07,1508
16.966667,60.00000000,1.969093e-07,1509
16.983333,60.00000000,1.961615e-07,1510
17.000000,60.00000000,1.954171e-07,1511
17.016667,60.00000000,1.946760e-07,1512
17.033333,60.00000000,1.939382e-07,1513
17.050000,60.00000000,1.932037e-07,1514
17.066667,60.00000000,1.924724e-07,1515
17.083333,60.00000000,1.917445e-07,1516
17.100000,60.00000000,1.910197e-07,1517
17.116667,60.00000000,1.902982e-07,1518
17.133333,60.00000000,1.895799e-07,1519
17.150000,60.00000000,1.888648e-07,1520
17.166667,60.00000000,1.881529e-07,1521
17.183333,60.00000000,1.874441e-07,1522
17.200000,60.00000000,1.867386e-07,1523
17.216667,60.00000000,1.860361e-07,1524
17.233333,60.00000000,1.853368e-07,1525
17.250000,60.00000000,1.846406e-07,1526
17.266667,60.00000000,1.839474e-07,1527
17.283333,60.00000000,1.832574e-07,1528
17.300000,60.00000000,1.825704e-07,1529
17.316667,60.00000000,1.818865e-07,1530
17.333333,60.00000000,1.812057e-07,1531
17.350000,60.00000000,1.805278e-07,1532
17.366667,60.00000000,1.798530e-07,1533
17.383333,60.00000000,1.791811e-07,1534
17.400000,60.00000000,1.785123e-07,1535
17.416667,60.00000000,1.778464e-07,1536
17.433333,60.00000000,1.771835e-07,1537
17.450000,60.00000000,1.765235e-07,1538
17.466667,60.00000000,1.758664e-07,1539
17.483333,60.00000000,1.752123e-07,1540
17.500000,60.00000000,1.745611e-07,1541
17.516667,60.00000000,1.739127e-07,1542
17.533333,60.00000000,1.732672e-07,1543
17.550000,60.00000000,1.726246e-07,1544
17.566667,60.00000000,1.719849e-07,1545
17.583333,60.00000000,1.713479e-07,1546
17.600000,60.00000000,1.707138e-07,1547
17.616667,60.00000000,1.700825e-07,1548
17.633333,60.00000000,1.694540e-07,1549
17.650000,60.00000000,1.688283e-07,1550
17.666667,60.00000000,1.682054e-07,1551
17.683333,60.00000000,1.675852e-07,1552
17.700000,60.00000000,1.669677e-07,1553
17.716667,60.00000000,1.663530e-07,1554
17.733333,60.00000000,1.657410e-07,1555
17.750000,60.00000000,1.651317e-07,1556
17.766667,60.00000000,1.645251e-07,1557
17.783333,60.00000000,1.639212e-07,1558
17.800000,60.00000000,1.633199e-07,1559
17.816667,60.00000000,1.627213e-07,1560
17.833333,60.00000000,1.621254e-07,1561
17.850000,60.00000000,1.615320e-07,1562
17.866667,60.00000000,1.609413e-07,1563
17.883333,60.00000000,1.603532e-07,1564
17.900000,60.00000000,1.597677e-07,1565
17.916667,60.00000000,1.591848e-07,1566
17.933333,60.00000000,1.586044e-07,1567
17.950000,60.00000000,1.580266e-07,1568
17.966667,60.00000000,1.574513e-07,1569
17.983333,60.00000000,1.568786e-07,1570
18.000000,60.00000000,1.563084e-07,1571
18.016667,60.00000000,1.557407e-07,1572
18.033333,60.00000000,1.551755e-07,1573
18.050000,60.00000000,1.546128e-07,1574
18.066667,60.00000000,1.540525e-07,1575
18.083333,60.00000000,1.534947e-07,1576
18.100000,60.00000000,1.529394e-07,1577
18.116667,60.00000000,1.523865e-07,1578
18.133333,60.00000000,1.518360e-07,1579
18.150000,60.00000000,1.512880e-07,1580
18.166667,60.00000000,1.507423e-07,1581
18.183333,60.00000000,1.501991e-07,1582
18.200000,60.00000000,1.496582e-07,1583
18.216667,60.00000000,1.491197e-07,1584
18.233333,60.00000000,1.485836e-07,1585
18.250000,60.00000000,1.480497e-07,1586
18.266667,60.00000000,1.475183e-07,1587
18.283333,60.00000000,1.469891e-07,1588
18.300000,60.00000000,1.464623e-07,1589
18.316667,60.00000000,1.459378e-07,1590
18.333333,60.00000000,1.454156e-07,1591
18.350000,60.00000000,1.448956e-07,1592
18.366667,60.00000000,1.443779e-07,1593
18.383333,60.00000000,1.438625e-07,1594
18.400000,60.00000000,1.433494e-07,1595
18.416667,60.00000000,1.428384e-07,1596
18.433333,60.00000000,1.423297e-07,1597
18.450000,60.00000000,1.418232e-07,1598
18.466667,60.00000000,1.413189e-07,1599
18.483333,60.00000000,1.408169e-07,1600
18.500000,60.00000000,1.403170e-07,1601
18.516667,60.00000000,1.398192e-07,1602
18.533333,60.00000000,1.393237e-07,1603
18.550000,60.00000000,1.388303e-07,1604
18.566667,60.00000000,1.383390e-07,1605
18.583333,60.00000000,1.378499e-07,1606
18.600000,60.00000000,1.373629e-07,1607
18.616667,60.00000000,1.368780e-07,1608
18.633333,60.00000000,1.363952e-07,1609
18.650000,60.00000000,1.359145e-07,1610
18.666667,60.00000000,1.354359e-07,1611
18.683333,60.00000000,1.349594e-07,1612
18.700000,60.00000000,1.344849e-07,1613
18.716667,60.00000000,1.340125e-07,1614
18.733333,60.00000000,1.335421e-07,1615
18.750000,60.00000000,1.330738e-07,1616
18.766667,60.00000000,1.326075e-07,1617
18.783333,60.00000000,1.321432e-07,1618
18.800000,60.00000000,1.316809e-07,1619
18.816667,60.00000000,1.312206e-07,1620
18.833333,60.00000000,1.307623e-07,1621
18.850000,60.00000000,1.303059e-07,1622
18.866667,60.00000000,1.298516e-07,1623
18.883333,60.00000000,1.293992e-07,1624
18.900000,60.00000000,1.289487e-07,1625
18.916667,60.00000000,1.285002e-07,1626
18.933333,60.00000000,1.280536e-07,1627
18.950000,60.00000000,1.276089e-07,1628
18.966667,60.00000000,1.271661e-07,1629
18.983333,60.00000000,1.267253e-07,1630
19.000000,60.00000000,1.262863e-07,1631
19.016667,60.00000000,1.258492e-07,1632
19.033333,60.00000000,1.254140e-07,1633
19.050000,60.00000000,1.249807e-07,1634
19.066667,60.00000000,1.245492e-07,1635
19.083333,60.00000000,1.241196e-07,1636
19.100000,60.00000000,1.236918e-07,1637
19.116667,60.00000000,1.232658e-07,1638
19.133333,60.00000000,1.228417e-07,1639
19.150000,60.00000000,1.224194e-07,1640
19.166667,60.00000000,1.219988e-07,1641
19.183333,60.00000000,1.215801e-07,1642
19.200000,60.00000000,1.211632e-07,1643
19.216667,60.00000000,1.207480e-07,1644
19.233333,60.00000000,1.203346e-07,1645
19.250000,60.00000000,1.199230e-07,1646
19.266667,60.00000000,1.195131e-07,1647
19.283333,60.00000000,1.191050e-07,1648
19.300000,60.00000000,1.186986e-07,1649
19.316667,60.00000000,1.182940e-07,1650
19.333333,60.00000000,1.178910e-07,1651
19.350000,60.00000000,1.174898e-07,1652
19.366667,60.00000000,1.170903e-07,1653
19.383333,60.00000000,1.166924e-07,1654
19.400000,60.00000000,1.162963e-07,1655
19.416667,60.00000000,1.159018e-07,1656
19.433333,60.00000000,1.155090e-07,1657
19.450000,60.00000000,1.151069e-07,1658
19.466667,60.00000000,1.147065e-07,1659
19.483333,60.00000000,1.143187e-07,1660
19.500000,60.00000000,1.139325e-07,1661
19.516667,60.00000000,1.135480e-07,1662
19.533333,60.00000000,1.131652e-07,1663
19.550000,60.00000000,1.127839e-07,1664
19.566667,60.00000000,1.124043e-07,1665
19.583333,60.00000000,1.120262e-07,1666
19.600000,60.00000000,1.116497e-07,1667
19.616667,60.00000000,1.112749e-07,1668
19.633333,60.00000000,1.109016e-07,1669
19.650000,60.00000000,1.105298e-07,1670
19.666667,60.00000000,1.101597e-07,1671
19.683333,60.00000000,1.097911e-07,1672
19.700000,60.00000000,1.094240e-07,1673
19.716667,60.00000000,1.090585e-07,1674
19.733333,60.00000000,1.086945e-07,1675
19.750000,60.00000000,1.083321e-07,1676
19.766667,60.00000000,1.079711e-07,1677
19.783333,60.00000000,1.076117e-07,1678
19.800000,60.00000000,1.072538e-07,1679
19.816667,60.00000000,1.068974e-07,1680
19.833333,60.00000000,1.065424e-07,1681
19.850000,60.00000000,1.061890e-07,1682
19.866667,60.00000000,1.058370e-07,1683
19.883333,60.00000000,1.054865e-07,1684
19.900000,60.00000000,1.051374e-07,1685
19.916667,60.00000000,1.047899e-07,1686
19.933333,60.00000000,1.044498e-07,1687
19.950000,60.00000000,1.041051e-07,1688
19.966667,60.00000000,1.037618e-07,1689
19.983333,60.00000000,1.034199e-07,1690
20.000000,60.00000000,1.030795e-07,1691
20.016667,60.00000000,1.027405e-07,1692
20.033333,60.00000000,1.024029e-07,1693
20.050000,60.00000000,1.020667e-07,1694
20.066667,60.00000000,1.017319e-07,1695
20.083333,60.00000000,1.013984e-07,1696
20.100000,60.00000000,1.010664e-07,1697
20.116667,60.00000000,1.007357e-07,1698
20.133333,60.00000000,1.004064e-07,1699
20.150000,60.00000000,1.000785e-07,1700
20.166667,60.00000000,9.975188e-08,1701
20.183333,60.00000000,9.942664e-08,1702
20.200000,60.00000000,9.910274e-08,1703
20.216667,60.00000000,9.878017e-08,1704
20.233333,60.00000000,9.845894e-08,1705
20.250000,60.00000000,9.813903e-08,1706
20.266667,60.00000000,9.782043e-08,1707
20.283333,60.00000000,9.750315e-08,1708
20.300000,60.00000000,9.718717e-08,1709
20.316667,60.00000000,9.687249e-08,1710
20.333333,60.00000000,9.655909e-08,1711
20.350000,60.00000000,9.624699e-08,1712
20.366667,60.00000000,9.593616e-08,1713
20.383333,60.00000000,9.562661e-08,1714
20.400000,60.00000000,9.531833e-08,1715
20.416667,60.00000000,9.501131e-08,1716
20.433333,60.00000000,9.470554e-08,1717
20.450000,60.00000000,9.440102e-08,1718
20.466667,60.00000000,9.409775e-08,1719
20.483333,60.00000000,9.379571e-08,1720
20.500000,60.00000000,9.349491e-08,1721
20.516667,60.00000000,9.319533e-08,1722
20.533333,60.00000000,9.289697e-08,1723
20.550000,60.00000000,9.259983e-08,1724
20.566667,60.00000000,9.230390e-08,1725
20.583333,60.00000000,9.200917e-08,1726
20.600000,60.00000000,9.171564e-08,1727
20.616667,60.00000000,9.142330e-08,1728
20.633333,60.00000000,9.113214e-08,1729
20.650000,60.00000000,9.084217e-08,1730
20.666667,60.00000000,9.055337e-08,1731
20.683333,60.00000000,9.026575e-08,1732
20.700000,60.00000000,8.997928e-08,1733
20.716667,60.00000000,8.969398e-08,1734
20.733333,60.00000000,8.940983e-08,1735
20.750000,60.00000000,8.912682e-08,1736
20.766667,60.00000000,8.884496e-08,1737
20.783333,60.00000000,8.856424e-08,1738
20.800000,60.00000000,8.828464e-08,1739
20.816667,60.00000000,8.800618e-08,1740
20.833333,60.00000000,8.772883e-08,1741
20.850000,60.00000000,8.745260e-08,1742
20.866667,60.00000000,8.717749e-08,1743
20.883333,60.00000000,8.690347e-08,1744
20.900000,60.00000000,8.663056e-08,1745
20.916667,60.00000000,8.635874e-08,1746
20.933333,60.00000000,8.608802e-08,1747
20.950000,60.00000000,8.581837e-08,1748
20.966667,60.00000000,8.554981e-08,1749
20.983333,60.00000000,8.528233e-08,1750
21.000000,60.00000000,8.501591e-08,1751
21.016667,60.00000000,8.475056e-08,1752
21.033333,60.00000000,8.448626e-08,1753
21.050000,60.00000000,8.422302e-08,1754
21.066667,60.00000000,8.396084e-08,1755
21.083333,60.00000000,8.369969e-08,1756
21.100000,60.00000000,8.343959e-08,1757
21.116667,60.00000000,8.318052e-08,1758
21.133333,60.00000000,8.292249e-08,1759
21.150000,60.00000000,8.266548e-08,1760
21.166667,60.00000000,8.240949e-08,1761
21.183333,60.00000000,8.215451e-08,1762
21.200000,60.00000000,8.190055e-08,1763
21.216667,60.00000000,8.164759e-08,1764
21.233333,60.00000000,8.139564e-08,1765
21.250000,60.00000000,8.114469e-08,1766
21.266667,60.00000000,8.089472e-08,1767
21.283333,60.00000000,8.064575e-08,1768
21.300000,60.00000000,8.039776e-08,1769
21.316667,60.00000000,8.015074e-08,1770
21.333333,60.00000000,7.990471e-08,1771
21.350000,60.00000000,7.965964e-08,1772
21.366667,60.00000000,7.941554e-08,1773
21.383333,60.00000000,7.917240e-08,1774
21.400000,60.00000000,7.893021e-08,1775
21.416667,60.00000000,7.868898e-08,1776
21.433333,60.00000000,7.844870e-08,1777
21.450000,60.00000000,7.820936e-08,1778
21.466667,60.00000000,7.797095e-08,1779
21.483333,60.00000000,7.773349e-08,1780
21.500000,60.00000000,7.749695e-08,1781
21.516667,60.00000000,7.726134e-08,1782
21.533333,60.00000000,7.702665e-08,1783
21.550000,60.00000000,7.679288e-08,1784
21.566667,60.00000000,7.656002e-08,1785
21.583333,60.00000000,7.632807e-08,1786
21.600000,60.00000000,7.609703e-08,1787
21.616667,60.00000000,7.586689e-08,1788
21.633333,60.00000000,7.563764e-08,1789
21.650000,60.00000000,7.540929e-08,1790
21.666667,60.00000000,7.518182e-08,1791
21.683333,60.00000000,7.495524e-08,1792
21.700000,60.00000000,7.472954e-08,1793
21.716667,60.00000000,7.450472e-08,1794
21.733333,60.00000000,7.428077e-08,1795
21.750000,60.00000000,7.405768e-08,1796
21.766667,60.00000000,7.383546e-08,1797
21.783333,60.00000000,7.361411e-08,1798
21.800000,60.00000000,7.339360e-08,1799
21.816667,60.00000000,7.317395e-08,1800
21.833333,60.00000000,7.295515e-08,1801
21.850000,60.00000000,7.273719e-08,1802
21.866667,60.00000000,7.252008e-08,1803
21.883333,60.00000000,7.230380e-08,1804
21.900000,60.00000000,7.208835e-08,1805
21.916667,60.00000000,7.187374e-08,1806
21.933333,60.00000000,7.165995e-08,1807
21.950000,60.00000000,7.144698e-08,1808
21.966667,60.00000000,7.123483e-08,1809
21.983333,60.00000000,7.102349e-08,1810
22.000000,60.00000000,7.081297e-08,1811
22.016667,60.00000000,7.060325e-08,1812
22.033333,60.00000000,7.039433e-08,1813
22.050000,60.00000000,7.018622e-08,1814
22.066667,60.00000000,6.997890e-08,1815
22.083333,60.00000000,6.977237e-08,1816
22.100000,60.00000000,6.956663e-08,1817
22.116667,60.00000000,6.936168e-08,1818
22.133333,60.00000000,6.915751e-08,1819
22.150000,60.00000000,6.895411e-08,1820
22.166667,60.00000000,6.875150e-08,1821
22.183333,60.00000000,6.854965e-08,1822
22.200000,60.00000000,6.834857e-08,1823
22.216667,60.00000000,6.814825e-08,1824
22.233333,60.00000000,6.794870e-08,1825
22.250000,60.00000000,6.774990e-08,1826
22.266667,60.00000000,6.755186e-08,1827
22.283333,60.00000000,6.735456e-08,1828
22.300000,60.00000000,6.715802e-08,1829
22.316667,60.00000000,6.696221e-08,1830
22.333333,60.00000000,6.676715e-08,1831
22.350000,60.00000000,6.657283e-08,1832
22.366667,60.00000000,6.637923e-08,1833
22.383333,60.00000000,6.618637e-08,1834
22.400000,60.00000000,6.599424e-08,1835
22.416667,60.00000000,6.580283e-08,1836
22.433333,60.00000000,6.561214e-08,1837
22.450000,60.00000000,6.542217e-08,1838
22.466667,60.00000000,6.523291e-08,1839
22.483333,60.00000000,6.504436e-08,1840
22.500000,60.00000000,6.485652e-08,1841
22.516667,60.00000000,6.466939e-08,1842
22.533333,60.00000000,6.448296e-08,1843
22.550000,60.00000000,6.429722e-08,1844
22.566667,60.00000000,6.411218e-08,1845
22.583333,60.00000000,6.392783e-08,1846
22.600000,60.00000000,6.374418e-08,1847
22.616667,60.00000000,6.356120e-08,1848
22.633333,60.00000000,6.337891e-08,1849
22.650000,60.00000000,6.319730e-08,1850
22.666667,60.00000000,6.301637e-08,1851
22.683333,60.00000000,6.283611e-08,1852
22.700000,60.00000000,6.265652e-08,1853
22.716667,60.00000000,6.247760e-08,1854
22.733333,60.00000000,6.229935e-08,1855
22.750000,60.00000000,6.212175e-08,1856
22.766667,60.00000000,6.194482e-08,1857
22.783333,60.00000000,6.176854e-08,1858
22.800000,60.00000000,6.159291e-08,1859
22.816667,60.00000000,6.141794e-08,1860
22.833333,60.00000000,6.124361e-08,1861
22.850000,60.00000000,6.106992e-08,1862
22.866667,60.00000000,6.089688e-08,1863
22.883333,60.00000000,6.072448e-08,1864
22.900000,60.00000000,6.055271e-08,1865
22.916667,60.00000000,6.038157e-08,1866
22.933333,60.00000000,6.021107e-08,1867
22.950000,60.00000000,6.004119e-08,1868
22.966667,60.00000000,5.987194e-08,1869
22.983333,60.00000000,5.970331e-08,1870
23.000000,60.00000000,5.953530e-08,1871
23.016667,60.00000000,5.936791e-08,1872
23.033333,60.00000000,5.920113e-08,1873
23.050000,60.00000000,5.903496e-08,1874
23.066667,60.00000000,5.886940e-08,1875
23.083333,60.00000000,5.870444e-08,1876
23.100000,60.00000000,5.854009e-08,1877
23.116667,60.00000000,5.837634e-08,1878
23.133333,60.00000000,5.821318e-08,1879
23.150000,60.00000000,5.805063e-08,1880
23.166667,60.00000000,5.788866e-08,1881
23.183333,60.00000000,5.772728e-08,1882
23.200000,60.00000000,5.756650e-08,1883
23.216667,60.00000000,5.740629e-08,1884
23.233333,60.00000000,5.724667e-08,1885
23.250000,60.00000000,5.708763e-08,1886
23.266667,60.00000000,5.692917e-08,1887
23.283333,60.00000000,5.677128e-08,1888
23.300000,60.00000000,5.661396e-08,1889
23.316667,60.00000000,5.645721e-08,1890
23.333333,60.00000000,5.630103e-08,1891
23.350000,60.00000000,5.614542e-08,1892
23.366667,60.00000000,5.599036e-08,1893
23.383333,60.00000000,5.583587e-08,1894
23.400000,60.00000000,5.568193e-08,1895
23.416667,60.00000000,5.552855e-08,1896
23.433333,60.00000000,5.537573e-08,1897
23.450000,60.00000000,5.522345e-08,1898
23.466667,60.00000000,5.507172e-08,1899
23.483333,60.00000000,5.492053e-08,1900
23.500000,60.00000000,5.476989e-08,1901
23.516667,60.00000000,5.461979e-08,1902
23.533333,60.00000000,5.447023e-08,1903
23.550000,60.00000000,5.432120e-08,1904
23.566667,60.00000000,5.417271e-08,1905
23.583333,60.00000000,5.402475e-08,1906
23.600000,60.00000000,5.387731e-08,1907
23.616667,60.00000000,5.373041e-08,1908
23.633333,60.00000000,5.358403e-08,1909
23.650000,60.00000000,5.343817e-08,1910
23.666667,60.00000000,5.329283e-08,1911
23.683333,60.00000000,5.314801e-08,1912
23.700000,60.00000000,5.300371e-08,1913
23.716667,60.00000000,5.285992e-08,1914
23.733333,60.00000000,5.271664e-08,1915
23.750000,60.00000000,5.257386e-08,1916
23.766667,60.00000000,5.243160e-08,1917
23.783333,60.00000000,5.228984e-08,1918
23.800000,60.00000000,5.214858e-08,1919
23.816667,60.00000000,5.200783e-08,1920
23.833333,60.00000000,5.186757e-08,1921
23.850000,60.00000000,5.172781e-08,1922
23.866667,60.00000000,5.158854e-08,1923
23.883333,60.00000000,5.144976e-08,1924
23.900000,60.00000000,5.131147e-08,1925
23.916667,60.00000000,5.117367e-08,1926
23.933333,60.00000000,5.103636e-08,1927
23.950000,60.00000000,5.089953e-08,1928
23.966667,60.00000000,5.076318e-08,1929
23.983333,60.00000000,5.062731e-08,1930
24.000000,60.00000000,5.049192e-08,1931
24.016667,60.00000000,5.035700e-08,1932
24.033333,60.00000000,5.022256e-08,1933
24.050000,60.00000000,5.008859e-08,1934
24.066667,60.00000000,4.995508e-08,1935
24.083333,60.00000000,4.982205e-08,1936
24.100000,60.00000000,4.968948e-08,1937
24.116667,60.00000000,4.955737e-08,1938
24.133333,60.00000000,4.942573e-08,1939
24.150000,60.00000000,4.929454e-08,1940
24.166667,60.00000000,4.916381e-08,1941
24.183333,60.00000000,4.903354e-08,1942
24.200000,60.00000000,4.890372e-08,1943
24.216667,60.00000000,4.877435e-08,1944
24.233333,60.00000000,4.864544e-08,1945
24.250000,60.00000000,4.851697e-08,1946
24.266667,60.00000000,4.838894e-08,1947
24.283333,60.00000000,4.826136e-08,1948
24.300000,60.00000000,4.813423e-08,1949
24.316667,60.00000000,4.800753e-08,1950
24.333333,60.00000000,4.783991e-08,1951
24.350000,60.00000000,4.771416e-08,1952
24.366667,60.00000000,4.758884e-08,1953
24.383333,60.00000000,4.746396e-08,1954
24.400000,60.00000000,4.733951e-08,1955
24.416667,60.00000000,4.721548e-08,1956
24.433333,60.00000000,4.709189e-08,1957
24.450000,60.00000000,4.696872e-08,1958
24.466667,60.00000000,4.684597e-08,1959
24.483333,60.00000000,4.672365e-08,1960
24.500000,60.00000000,4.660174e-08,1961
24.516667,60.00000000,4.648026e-08,1962
24.533333,60.00000000,4.635919e-08,1963
24.550000,60.00000000,4.623854e-08,1964
24.566667,60.00000000,4.611830e-08,1965
24.583333,60.00000000,4.599847e-08,1966
24.600000,60.00000000,4.587905e-08,1967
24.616667,60.00000000,4.576004e-08,1968
24.633333,60.00000000,4.564144e-08,1969
24.650000,60.00000000,4.552324e-08,1970
24.666667,60.00000000,4.540545e-08,1971
24.683333,60.00000000,4.528806e-08,1972
24.700000,60.00000000,4.517106e-08,1973
24.716667,60.00000000,4.505447e-08,1974
24.733333,60.00000000,4.493827e-08,1975
24.750000,60.00000000,4.482247e-08,1976
24.766667,60.00000000,4.470706e-08,1977
24.783333,60.00000000,4.459204e-08,1978
24.800000,60.00000000,4.447741e-08,1979
24.816667,60.00000000,4.436317e-08,1980
24.833333,60.00000000,4.424932e-08,1981
24.850000,60.00000000,4.413585e-08,1982
24.866667,60.00000000,4.402277e-08,1983
24.883333,60.00000000,4.391007e-08,1984
24.900000,60.00000000,4.379774e-08,1985
24.916667,60.00000000,4.368580e-08,1986
24.933333,60.00000000,4.357424e-08,1987
24.950000,60.00000000,4.346305e-08,1988
24.966667,60.00000000,4.335223e-08,1989
24.983333,60.00000000,4.324179e-08,1990
25.000000,60.00000000,4.313172e-08,1991
25.016667,60.00000000,4.302202e-08,1992
25.033333,60.00000000,4.291269e-08,1993
25.050000,60.00000000,4.280372e-08,1994
25.066667,60.00000000,4.269512e-08,1995
25.083333,60.00000000,4.258689e-08,1996
25.100000,60.00000000,4.249035e-08,1997
25.116667,60.00000000,4.238282e-08,1998
25.133333,60.00000000,4.227564e-08,1999
25.150000,60.00000000,4.216883e-08,2000
25.166667,60.00000000,4.206237e-08,2001
25.183333,60.00000000,4.195627e-08,2002
25.200000,60.00000000,4.185052e-08,2003
25.216667,60.00000000,4.174512e-08,2004
25.233333,60.00000000,4.164007e-08,2005
25.250000,60.00000000,4.153537e-08,2006
25.266667,60.00000000,4.143102e-08,2007
25.283333,60.00000000,4.132702e-08,2008
25.300000,60.00000000,4.122336e-08,2009
25.316667,60.00000000,4.112005e-08,2010
25.333333,60.00000000,4.101707e-08,2011
25.350000,60.00000000,4.091444e-08,2012
25.366667,60.00000000,4.081215e-08,2013
25.383333,60.00000000,4.071020e-08,2014
25.400000,60.00000000,4.060858e-08,2015
25.416667,60.00000000,4.050730e-08,2016
25.433333,60.00000000,4.040635e-08,2017
25.450000,60.00000000,4.030573e-08,2018
25.466667,60.00000000,4.020545e-08,2019
25.483333,60.00000000,4.010549e-08,2020
25.500000,60.00000000,4.000587e-08,2021
25.516667,60.00000000,3.990657e-08,2022
25.533333,60.00000000,3.980760e-08,2023
25.550000,60.00000000,3.970895e-08,2024
25.566667,60.00000000,3.961063e-08,2025
25.583333,60.00000000,3.951263e-08,2026
25.600000,60.00000000,3.941495e-08,2027
25.616667,60.00000000,3.931759e-08,2028
25.633333,60.00000000,3.922054e-08,2029
25.650000,60.00000000,3.912382e-08,2030
25.666667,60.00000000,3.902741e-08,2031
25.683333,60.00000000,3.893131e-08,2032
25.700000,60.00000000,3.883553e-08,2033
25.716667,60.00000000,3.874006e-08,2034
25.733333,60.00000000,3.864490e-08,2035
25.750000,60.00000000,3.855005e-08,2036
25.766667,60.00000000,3.845551e-08,2037
25.783333,60.00000000,3.836127e-08,2038
25.800000,60.00000000,3.826734e-08,2039
25.816667,60.00000000,3.817372e-08,2040
25.833333,60.00000000,3.808040e-08,2041
25.850000,60.00000000,3.798738e-08,2042
25.866667,60.00000000,3.789466e-08,2043
25.883333,60.00000000,3.780225e-08,2044
25.900000,60.00000000,3.771013e-08,2045
25.916667,60.00000000,3.761830e-08,2046
25.933333,60.00000000,3.752678e-08,2047
25.950000,60.00000000,3.743555e-08,2048
25.966667,60.00000000,3.734461e-08,2049
25.983333,60.00000000,3.725397e-08,2050
26.000000,60.00000000,3.716362e-08,2051
26.016667,60.00000000,3.707356e-08,2052
26.033333,60.00000000,3.698378e-08,2053
26.050000,60.00000000,3.689430e-08,2054
26.066667,60.00000000,3.680510e-08,2055
26.083333,60.00000000,3.671619e-08,2056
26.100000,60.00000000,3.662757e-08,2057
26.116667,60.00000000,3.653923e-08,2058
26.133333,60.00000000,3.645117e-08,2059
26.150000,60.00000000,3.636339e-08,2060
26.166667,60.00000000,3.627589e-08,2061
26.183333,60.00000000,3.618867e-08,2062
26.200000,60.00000000,3.610173e-08,2063
26.216667,60.00000000,3.601507e-08,2064
26.233333,60.00000000,3.592868e-08,2065
26.250000,60.00000000,3.584257e-08,2066
26.266667,60.00000000,3.575673e-08,2067
26.283333,60.00000000,3.567116e-08,2068
26.300000,60.00000000,3.558587e-08,2069
26.316667,60.00000000,3.550085e-08,2070
26.333333,60.00000000,3.541609e-08,2071
26.350000,60.00000000,3.533161e-08,2072
26.366667,60.00000000,3.524739e-08,2073
26.383333,60.00000000,3.516344e-08,2074
26.400000,60.00000000,3.507976e-08,2075
26.416667,60.00000000,3.499633e-08,2076
26.433333,60.00000000,3.491318e-08,2077
26.450000,60.00000000,3.483028e-08,2078
26.466667,60.00000000,3.474765e-08,2079
26.483333,60.00000000,3.466528e-08,2080
26.500000,60.00000000,3.458316e-08,2081
26.516667,60.00000000,3.450131e-08,2082
26.533333,60.00000000,3.441971e-08,2083
26.550000,60.00000000,3.433837e-08,2084
26.566667,60.00000000,3.425728e-08,2085
26.583333,60.00000000,3.417645e-08,2086
26.600000,60.00000000,3.409587e-08,2087
26.616667,60.00000000,3.401554e-08,2088
26.633333,60.00000000,3.393547e-08,2089
26.650000,60.00000000,3.385564e-08,2090
26.666667,60.00000000,3.377607e-08,2091
26.683333,60.00000000,3.369674e-08,2092
26.700000,60.00000000,3.361766e-08,2093
26.716667,60.00000000,3.353883e-08,2094
26.733333,60.00000000,3.346024e-08,2095
26.750000,60.00000000,3.338190e-08,2096
26.766667,60.00000000,3.330380e-08,2097
26.783333,60.00000000,3.322595e-08,2098
26.800000,60.00000000,3.314834e-08,2099
26.816667,60.00000000,3.307097e-08,2100
26.833333,60.00000000,3.299383e-08,2101
26.850000,60.00000000,3.291694e-08,2102
26.866667,60.00000000,3.284029e-08,2103
26.883333,60.00000000,3.276387e-08,2104
26.900000,60.00000000,3.268769e-08,2105
26.916667,60.00000000,3.261175e-08,2106
26.933333,60.00000000,3.253604e-08,2107
26.950000,60.00000000,3.246056e-08,2108
26.966667,60.00000000,3.238532e-08,2109
26.983333,60.00000000,3.231031e-08,2110
27.000000,60.00000000,3.223553e-08,2111
27.016667,60.00000000,3.216098e-08,2112
27.033333,60.00000000,3.208666e-08,2113
27.050000,60.00000000,3.201257e-08,2114
27.066667,60.00000000,3.193870e-08,2115
27.083333,60.00000000,3.186507e-08,2116
27.100000,60.00000000,3.179166e-08,2117
27.116667,60.00000000,3.171847e-08,2118
27.133333,60.00000000,3.164551e-08,2119
27.150000,60.00000000,3.157277e-08,2120
27.166667,60.00000000,3.150025e-08,2121
27.183333,60.00000000,3.142796e-08,2122
27.200000,60.00000000,3.135589e-08,2123
27.216667,60.00000000,3.128403e-08,2124
27.233333,60.00000000,3.121240e-08,2125
27.250000,60.00000000,3.114099e-08,2126
27.266667,60.00000000,3.106979e-08,2127
27.283333,60.00000000,3.099881e-08,2128
27.300000,60.00000000,3.092804e-08,2129
27.316667,60.00000000,3.085749e-08,2130
27.333333,60.00000000,3.078716e-08,2131
27.350000,60.00000000,3.071704e-08,2132
27.366667,60.00000000,3.064713e-08,2133
27.383333,60.00000000,3.057743e-08,2134
27.400000,60.00000000,3.050794e-08,2135
27.416667,60.00000000,3.043867e-08,2136
27.433333,60.00000000,3.036960e-08,2137
27.450000,60.00000000,3.030075e-08,2138
27.466667,60.00000000,3.023210e-08,2139
27.483333,60.00000000,3.016366e-08,2140
27.500000,60.00000000,3.009542e-08,2141
27.516667,60.00000000,3.002739e-08,2142
27.533333,60.00000000,2.995957e-08,2143
27.550000,60.00000000,2.989195e-08,2144
27.566667,60.00000000,2.982453e-08,2145
27.583333,60.00000000,2.975732e-08,2146
27.600000,60.00000000,2.969030e-08,2147
27.616667,60.00000000,2.962349e-08,2148
27.633333,60.00000000,2.955688e-08,2149
27.650000,60.00000000,2.949047e-08,2150
27.666667,60.00000000,2.942426e-08,2151
27.683333,60.00000000,2.935825e-08,2152
27.700000,60.00000000,2.929243e-08,2153
27.716667,60.00000000,2.922681e-08,2154
27.733333,60.00000000,2.916139e-08,2155
27.750000,60.00000000,2.909616e-08,2156
27.766667,60.00000000,2.903113e-08,2157
27.783333,60.00000000,2.896629e-08,2158
27.800000,60.00000000,2.890164e-08,2159
27.816667,60.00000000,2.883719e-08,2160
27.833333,60.00000000,2.877292e-08,2161
27.850000,60.00000000,2.870885e-08,2162
27.866667,60.00000000,2.864497e-08,2163
27.883333,60.00000000,2.858128e-08,2164
27.900000,60.00000000,2.851778e-08,2165
27.916667,60.00000000,2.845447e-08,2166
27.933333,60.00000000,2.839134e-08,2167
27.950000,60.00000000,2.832840e-08,2168
27.966667,60.00000000,2.826565e-08,2169
27.983333,60.00000000,2.820308e-08,2170
28.000000,60.00000000,2.814070e-08,2171
28.016667,60.00000000,2.807850e-08,2172
28.033333,60.00000000,2.801648e-08,2173
28.050000,60.00000000,2.795465e-08,2174
28.066667,60.00000000,2.789300e-08,2175
28.083333,60.00000000,2.783153e-08,2176
28.100000,60.00000000,2.777025e-08,2177
28.116667,60.00000000,2.770914e-08,2178
28.133333,60.00000000,2.764821e-08,2179
28.150000,60.00000000,2.758746e-08,2180
28.166667,60.00000000,2.752689e-08,2181
28.183333,60.00000000,2.746650e-08,2182
28.200000,60.00000000,2.740628e-08,2183
28.216667,60.00000000,2.734624e-08,2184
28.233333,60.00000000,2.728638e-08,2185
28.250000,60.00000000,2.722669e-08,2186
28.266667,60.00000000,2.716718e-08,2187
28.283333,60.00000000,2.710784e-08,2188
28.300000,60.00000000,2.704867e-08,2189
28.316667,60.00000000,2.698967e-08,2190
28.333333,60.00000000,2.693085e-08,2191
28.350000,60.00000000,2.687220e-08,2192
28.366667,60.00000000,2.681372e-08,2193
28.383333,60.00000000,2.675541e-08,2194
28.400000,60.00000000,2.669727e-08,2195
28.416667,60.00000000,2.663929e-08,2196
28.433333,60.00000000,2.658149e-08,2197
28.450000,60.00000000,2.652385e-08,2198
28.466667,60.00000000,2.646638e-08,2199
28.483333,60.00000000,2.640908e-08,2200
28.500000,60.00000000,2.635194e-08,2201
28.516667,60.00000000,2.629497e-08,2202
28.533333,60.00000000,2.623816e-08,2203
28.550000,60.00000000,2.618152e-08,2204
28.566667,60.00000000,2.612504e-08,2205
28.583333,60.00000000,2.606872e-08,2206
28.600000,60.00000000,2.601257e-08,2207
28.616667,60.00000000,2.595657e-08,2208
28.633333,60.00000000,2.590074e-08,2209
28.650000,60.00000000,2.584507e-08,2210
28.666667,60.00000000,2.578956e-08,2211
28.683333,60.00000000,2.573421e-08,2212
28.700000,60.00000000,2.567901e-08,2213
28.716667,60.00000000,2.562398e-08,2214
28.733333,60.00000000,2.556910e-08,2215
28.750000,60.00000000,2.551438e-08,2216
28.766667,60.00000000,2.545982e-08,2217
28.783333,60.00000000,2.540541e-08,2218
28.800000,60.00000000,2.535116e-08,2219
28.816667,60.00000000,2.529707e-08,2220
28.833333,60.00000000,2.524312e-08,2221
28.850000,60.00000000,2.518934e-08,2222
28.866667,60.00000000,2.513570e-08,2223
28.883333,60.00000000,2.508222e-08,2224
28.900000,60.00000000,2.502889e-08,2225
28.916667,60.00000000,2.497571e-08,2226
28.933333,60.00000000,2.492268e-08,2227
28.950000,60.00000000,2.486981e-08,2228
28.966667,60.00000000,2.481708e-08,2229
28.983333,60.00000000,2.476451e-08,2230
29.000000,60.00000000,2.471208e-08,2231
29.016667,60.00000000,2.465980e-08,2232
29.033333,60.00000000,2.460767e-08,2233
29.050000,60.00000000,2.455569e-08,2234
29.066667,60.00000000,2.450385e-08,2235
29.083333,60.00000000,2.445216e-08,2236
29.100000,60.00000000,2.440062e-08,2237
29.116667,60.00000000,2.434922e-08,2238
29.133333,60.00000000,2.429797e-08,2239
29.150000,60.00000000,2.424686e-08,2240
29.166667,60.00000000,2.419589e-08,2241
29.183333,60.00000000,2.414507e-08,2242
29.200000,60.00000000,2.409439e-08,2243
29.216667,60.00000000,2.404386e-08,2244
29.233333,60.00000000,2.399347e-08,2245
29.250000,60.00000000,2.394321e-08,2246
29.266667,60.00000000,2.389310e-08,2247
29.283333,60.00000000,2.384313e-08,2248
29.300000,60.00000000,2.379330e-08,2249
29.316667,60.00000000,2.374361e-08,2250
29.333333,60.00000000,2.369406e-08,2251
29.350000,60.00000000,2.364464e-08,2252
29.366667,60.00000000,2.359537e-08,2253
29.383333,60.00000000,2.354623e-08,2254
29.400000,60.00000000,2.349723e-08,2255
29.416667,60.00000000,2.344836e-08,2256
29.433333,60.00000000,2.339963e-08,2257
29.450000,60.00000000,2.335104e-08,2258
29.466667,60.00000000,2.330258e-08,2259
29.483333,60.00000000,2.325426e-08,2260
29.500000,60.00000000,2.320607e-08,2261
29.516667,60.00000000,2.315802e-08,2262
29.533333,60.00000000,2.311010e-08,2263
29.550000,60.00000000,2.306231e-08,2264
29.566667,60.00000000,2.301465e-08,2265
29.583333,60.00000000,2.296713e-08,2266
29.600000,60.00000000,2.291974e-08,2267
29.616667,60.00000000,2.287248e-08,2268
29.633333,60.00000000,2.282535e-08,2269
29.650000,60.00000000,2.277834e-08,2270
29.666667,60.00000000,2.273147e-08,2271
29.683333,60.00000000,2.268473e-08,2272
29.700000,60.00000000,2.263812e-08,2273
29.716667,60.00000000,2.259164e-08,2274
29.733333,60.00000000,2.254528e-08,2275
29.750000,60.00000000,2.249905e-08,2276
29.766667,60.00000000,2.245295e-08,2277
29.783333,60.00000000,2.240698e-08,2278
29.800000,60.00000000,2.236113e-08,2279
29.816667,60.00000000,2.231541e-08,2280
29.833333,60.00000000,2.226981e-08,2281
29.850000,60.00000000,2.222434e-08,2282
29.866667,60.00000000,2.217899e-08,2283
29.883333,60.00000000,2.213376e-08,2284
29.900000,60.00000000,2.208866e-08,2285
29.916667,60.00000000,2.204369e-08,2286
29.933333,60.00000000,2.199883e-08,2287
29.950000,60.00000000,2.195410e-08,2288
29.966667,60.00000000,2.190949e-08,2289
29.983333,60.00000000,2.186501e-08,2290
30.000000,60.00000000,2.182064e-08,2291
30.016667,60.00000000,2.177639e-08,2292
30.033333,60.00000000,2.173227e-08,2293
30.050000,60.00000000,2.168826e-08,2294
30.066667,60.00000000,2.164438e-08,2295
30.083333,60.00000000,2.160061e-08,2296
30.100000,60.00000000,2.155696e-08,2297
30.116667,60.00000000,2.151343e-08,2298
30.133333,60.00000000,2.147002e-08,2299
30.150000,60.00000000,2.142673e-08,2300
30.166667,60.00000000,2.138355e-08,2301
30.183333,60.00000000,2.134049e-08,2302
30.200000,60.00000000,2.129755e-08,2303
30.216667,60.00000000,2.125472e-08,2304
30.233333,60.00000000,2.121201e-08,2305
30.250000,60.00000000,2.116941e-08,2306
30.266667,60.00000000,2.112693e-08,2307
30.283333,60.00000000,2.108456e-08,2308
30.300000,60.00000000,2.104231e-08,2309
30.316667,60.00000000,2.100017e-08,2310
30.333333,60.00000000,2.095814e-08,2311
30.350000,60.00000000,2.091623e-08,2312
30.366667,60.00000000,2.087443e-08,2313
30.383333,60.00000000,2.083274e-08,2314
30.400000,60.00000000,2.079116e-08,2315
30.416667,60.00000000,2.074970e-08,2316
30.433333,60.00000000,2.070835e-08,2317
30.450000,60.00000000,2.066710e-08,2318
30.466667,60.00000000,2.062597e-08,2319
30.483333,60.00000000,2.058495e-08,2320
30.500000,60.00000000,2.054403e-08,2321
30.516667,60.00000000,2.050323e-08,2322
30.533333,60.00000000,2.046253e-08,2323
30.550000,60.00000000,2.042194e-08,2324
30.566667,60.00000000,2.038146e-08,2325
30.583333,60.00000000,2.034109e-08,2326
30.600000,60.00000000,2.030083e-08,2327
30.616667,60.00000000,2.026067e-08,2328
30.633333,60.00000000,2.022062e-08,2329
30.650000,60.00000000,2.018068e-08,2330
30.666667,60.00000000,2.014084e-08,2331
30.683333,60.00000000,2.010111e-08,2332
30.700000,60.00000000,2.006148e-08,2333
30.716667,60.00000000,2.002196e-08,2334
30.733333,60.00000000,1.998255e-08,2335
30.750000,60.00000000,1.994323e-08,2336
30.766667,60.00000000,1.990402e-08,2337
30.783333,60.00000000,1.986492e-08,2338
30.800000,60.00000000,1.982592e-08,2339
30.816667,60.00000000,1.978702e-08,2340
30.833333,60.00000000,1.974822e-08,2341
30.850000,60.00000000,1.970953e-08,2342
30.866667,60.00000000,1.967094e-08,2343
30.883333,60.00000000,1.963244e-08,2344
30.900000,60.00000000,1.959406e-08,2345
30.916667,60.00000000,1.955577e-08,2346
30.933333,60.00000000,1.951758e-08,2347
30.950000,60.00000000,1.947949e-08,2348
30.966667,60.00000000,1.944150e-08,2349
30.983333,60.00000000,1.940362e-08,2350
31.000000,60.00000000,1.936583e-08,2351
31.016667,60.00000000,1.932814e-08,2352
31.033333,60.00000000,1.929055e-08,2353
31.050000,60.00000000,1.925305e-08,2354
31.066667,60.00000000,1.921566e-08,2355
31.083333,60.00000000,1.917836e-08,2356
31.100000,60.00000000,1.914116e-08,2357
31.116667,60.00000000,1.910406e-08,2358
31.133333,60.00000000,1.906705e-08,2359
31.150000,60.00000000,1.903014e-08,2360
31.166667,60.00000000,1.899333e-08,2361
31.183333,60.00000000,1.895661e-08,2362
31.200000,60.00000000,1.891999e-08,2363
31.216667,60.00000000,1.888346e-08,2364
31.233333,60.00000000,1.884703e-08,2365
31.250000,60.00000000,1.881069e-08,2366
31.266667,60.00000000,1.877445e-08,2367
31.283333,60.00000000,1.873830e-08,2368
31.300000,60.00000000,1.870224e-08,2369
31.316667,60.00000000,1.866628e-08,2370
31.333333,60.00000000,1.863041e-08,2371
31.350000,60.00000000,1.859463e-08,2372
31.366667,60.00000000,1.855895e-08,2373
31.383333,60.00000000,1.852336e-08,2374
31.400000,60.00000000,1.848786e-08,2375
31.416667,60.00000000,1.845245e-08,2376
31.433333,60.00000000,1.841713e-08,2377
31.450000,60.00000000,1.838191e-08,2378
31.466667,60.00000000,1.834677e-08,2379
31.483333,60.00000000,1.831172e-08,2380
31.500000,60.00000000,1.827677e-08,2381
31.516667,60.00000000,1.824190e-08,2382
31.533333,60.00000000,1.820713e-08,2383
31.550000,60.00000000,1.817244e-08,2384
31.566667,60.00000000,1.813784e-08,2385
31.583333,60.00000000,1.810333e-08,2386
31.600000,60.00000000,1.806891e-08,2387
31.616667,60.00000000,1.803458e-08,2388
31.633333,60.00000000,1.800034e-08,2389
31.650000,60.00000000,1.796618e-08,2390
31.666667,60.00000000,1.793211e-08,2391
31.683333,60.00000000,1.789813e-08,2392
31.700000,60.00000000,1.786423e-08,2393
31.716667,60.00000000,1.783042e-08,2394
31.733333,60.00000000,1.779670e-08,2395
31.750000,60.00000000,1.776306e-08,2396
31.766667,60.00000000,1.772951e-08,2397
31.783333,60.00000000,1.769604e-08,2398
31.800000,60.00000000,1.766266e-08,2399
31.816667,60.00000000,1.762936e-08,2400
31.833333,60.00000000,1.759615e-08,2401
31.850000,60.00000000,1.756302e-08,2402
31.866667,60.00000000,1.752998e-08,2403
31.883333,60.00000000,1.749702e-08,2404
31.900000,60.00000000,1.746414e-08,2405
31.916667,60.00000000,1.743135e-08,2406
31.933333,60.00000000,1.739863e-08,2407
31.950000,60.00000000,1.736601e-08,2408
31.966667,60.00000000,1.733346e-08,2409
31.983333,60.00000000,1.730100e-08,2410
32.000000,60.00000000,1.726862e-08,2411
32.016667,60.00000000,1.723632e-08,2412
32.033333,60.00000000,1.720410e-08,2413
32.050000,60.00000000,1.717196e-08,2414
32.066667,60.00000000,1.713990e-08,2415
32.083333,60.00000000,1.710793e-08,2416
32.100000,60.00000000,1.707603e-08,2417
32.116667,60.00000000,1.704422e-08,2418
32.133333,60.00000000,1.701248e-08,2419
32.150000,60.00000000,1.698083e-08,2420
32.166667,60.00000000,1.694925e-08,2421
32.183333,60.00000000,1.691775e-08,2422
32.200000,60.00000000,1.688633e-08,2423
32.216667,60.00000000,1.685499e-08,2424
32.233333,60.00000000,1.682373e-08,2425
32.250000,60.00000000,1.679255e-08,2426
32.266667,60.00000000,1.676144e-08,2427
32.283333,60.00000000,1.673042e-08,2428
32.300000,60.00000000,1.669947e-08,2429
32.316667,60.00000000,1.666859e-08,2430
32.333333,60.00000000,1.663780e-08,2431
32.350000,60.00000000,1.660708e-08,2432
32.366667,60.00000000,1.657643e-08,2433
32.383333,60.00000000,1.654587e-08,2434
32.400000,60.00000000,1.651538e-08,2435
32.416667,60.00000000,1.648496e-08,2436
32.433333,60.00000000,1.645462e-08,2437
32.450000,60.00000000,1.642436e-08,2438
32.466667,60.00000000,1.639417e-08,2439
32.483333,60.00000000,1.636405e-08,2440
32.500000,60.00000000,1.633401e-08,2441
32.516667,60.00000000,1.630405e-08,2442
32.533333,60.00000000,1.629486e-08,2443
32.550000,60.00000000,1.626502e-08,2444
32.566667,60.00000000,1.623525e-08,2445
32.583333,60.00000000,1.620556e-08,2446
32.600000,60.00000000,1.617594e-08,2447
32.616667,60.00000000,1.614639e-08,2448
32.633333,60.00000000,1.611691e-08,2449
32.650000,60.00000000,1.608751e-08,2450
32.666667,60.00000000,1.605818e-08,2451
32.683333,60.00000000,1.602892e-08,2452
32.700000,60.00000000,1.599974e-08,2453
32.716667,60.00000000,1.597062e-08,2454
32.733333,60.00000000,1.594158e-08,2455
32.750000,60.00000000,1.591261e-08,2456
32.766667,60.00000000,1.588371e-08,2457
32.783333,60.00000000,1.585488e-08,2458
32.800000,60.00000000,1.582612e-08,2459
32.816667,60.00000000,1.579743e-08,2460
32.833333,60.00000000,1.576882e-08,2461
32.850000,60.00000000,1.574027e-08,2462
32.866667,60.00000000,1.571179e-08,2463
32.883333,60.00000000,1.568338e-08,2464
32.900000,60.00000000,1.565504e-08,2465
32.916667,60.00000000,1.562677e-08,2466
32.933333,60.00000000,1.559857e-08,2467
32.950000,60.00000000,1.557044e-08,2468
32.966667,60.00000000,1.554237e-08,2469
32.983333,60.00000000,1.551438e-08,2470
33.000000,60.00000000,1.548645e-08,2471
33.016667,60.00000000,1.545859e-08,2472
33.033333,60.00000000,1.543079e-08,2473
33.050000,60.00000000,1.540307e-08,2474
33.066667,60.00000000,1.537541e-08,2475
33.083333,60.00000000,1.534782e-08,2476
33.100000,60.00000000,1.532030e-08,2477
33.116667,60.00000000,1.529284e-08,2478
33.133333,60.00000000,1.526545e-08,2479
33.150000,60.00000000,1.523812e-08,2480
33.166667,60.00000000,1.521087e-08,2481
33.183333,60.00000000,1.518367e-08,2482
33.200000,60.00000000,1.515655e-08,2483
33.216667,60.00000000,1.512948e-08,2484
33.233333,60.00000000,1.510249e-08,2485
33.250000,60.00000000,1.507556e-08,2486
33.266667,60.00000000,1.504869e-08,2487
33.283333,60.00000000,1.502189e-08,2488
33.300000,60.00000000,1.499515e-08,2489
33.316667,60.00000000,1.496848e-08,2490
33.333333,60.00000000,1.494187e-08,2491
33.350000,60.00000000,1.491532e-08,2492
33.366667,60.00000000,1.488884e-08,2493
33.383333,60.00000000,1.486242e-08,2494
33.400000,60.00000000,1.483607e-08,2495
33.416667,60.00000000,1.480978e-08,2496
33.433333,60.00000000,1.478355e-08,2497
33.450000,60.00000000,1.475738e-08,2498
33.466667,60.00000000,1.473128e-08,2499
33.483333,60.00000000,1.470524e-08,2500
33.500000,60.00000000,1.467926e-08,2501
33.516667,60.00000000,1.465334e-08,2502
33.533333,60.00000000,1.462749e-08,2503
33.550000,60.00000000,1.460170e-08,2504
33.566667,60.00000000,1.457596e-08,2505
33.583333,60.00000000,1.455029e-08,2506
33.600000,60.00000000,1.452468e-08,2507
33.616667,60.00000000,1.449914e-08,2508
33.633333,60.00000000,1.447365e-08,2509
33.650000,60.00000000,1.444822e-08,2510
33.666667,60.00000000,1.442285e-08,2511
33.683333,60.00000000,1.439755e-08,2512
33.700000,60.00000000,1.437230e-08,2513
33.716667,60.00000000,1.434711e-08,2514
33.733333,60.00000000,1.432199e-08,2515
33.750000,60.00000000,1.429692e-08,2516
33.766667,60.00000000,1.427191e-08,2517
33.783333,60.00000000,1.424696e-08,2518
33.800000,60.00000000,1.422207e-08,2519
33.816667,60.00000000,1.419724e-08,2520
33.833333,60.00000000,1.417247e-08,2521
33.850000,60.00000000,1.414775e-08,2522
33.866667,60.00000000,1.412310e-08,2523
33.883333,60.00000000,1.409850e-08,2524
33.900000,60.00000000,1.407396e-08,2525
33.916667,60.00000000,1.404948e-08,2526
33.933333,60.00000000,1.402505e-08,2527
33.950000,60.00000000,1.400068e-08,2528
33.966667,60.00000000,1.397637e-08,2529
33.983333,60.00000000,1.395212e-08,2530
34.000000,60.00000000,1.392792e-08,2531
34.016667,60.00000000,1.390378e-08,2532
34.033333,60.00000000,1.387970e-08,2533
34.050000,60.00000000,1.385567e-08,2534
34.066667,60.00000000,1.383170e-08,2535
34.083333,60.00000000,1.380779e-08,2536
34.100000,60.00000000,1.378393e-08,2537
34.116667,60.00000000,1.376013e-08,2538
34.133333,60.00000000,1.373638e-08,2539
34.150000,60.00000000,1.371269e-08,2540
34.166667,60.00000000,1.368905e-08,2541
34.183333,60.00000000,1.366547e-08,2542
34.200000,60.00000000,1.364195e-08,2543
34.216667,60.00000000,1.361847e-08,2544
34.233333,60.00000000,1.359506e-08,2545
34.250000,60.00000000,1.357169e-08,2546
34.266667,60.00000000,1.354839e-08,2547
34.283333,60.00000000,1.352513e-08,2548
34.300000,60.00000000,1.350193e-08,2549
34.316667,60.00000000,1.347879e-08,2550
34.333333,60.00000000,1.345569e-08,2551
34.350000,60.00000000,1.343265e-08,2552
34.366667,60.00000000,1.340967e-08,2553
34.383333,60.00000000,1.338674e-08,2554
34.400000,60.00000000,1.336386e-08,2555
34.416667,60.00000000,1.334103e-08,2556
34.433333,60.00000000,1.331826e-08,2557
34.450000,60.00000000,1.329554e-08,2558
34.466667,60.00000000,1.327287e-08,2559
34.483333,60.00000000,1.325025e-08,2560
34.500000,60.00000000,1.322769e-08,2561
34.516667,60.00000000,1.320517e-08,2562
34.533333,60.00000000,1.318271e-08,2563
34.550000,60.00000000,1.316030e-08,2564
34.566667,60.00000000,1.313795e-08,2565
34.583333,60.00000000,1.311564e-08,2566
34.600000,60.00000000,1.309339e-08,2567
34.616667,60.00000000,1.307118e-08,2568
34.633333,60.00000000,1.304903e-08,2569
34.650000,60.00000000,1.302693e-08,2570
34.666667,60.00000000,1.300488e-08,2571
34.683333,60.00000000,1.298288e-08,2572
34.700000,60.00000000,1.296093e-08,2573
34.716667,60.00000000,1.293903e-08,2574
34.733333,60.00000000,1.291718e-08,2575
34.750000,60.00000000,1.289538e-08,2576
34.766667,60.00000000,1.287363e-08,2577
34.783333,60.00000000,1.285193e-08,2578
34.800000,60.00000000,1.283028e-08,2579
34.816667,60.00000000,1.280868e-08,2580
34.833333,60.00000000,1.272722e-08,2581
34.850000,60.00000000,1.270578e-08,2582
34.866667,60.00000000,1.268439e-08,2583
34.883333,60.00000000,1.266305e-08,2584
34.900000,60.00000000,1.264175e-08,2585
34.916667,60.00000000,1.262051e-08,2586
34.933333,60.00000000,1.259931e-08,2587
34.950000,60.00000000,1.257816e-08,2588
34.966667,60.00000000,1.255706e-08,2589
34.983333,60.00000000,1.253600e-08,2590
35.000000,60.00000000,1.251500e-08,2591
35.016667,60.00000000,1.249404e-08,2592
35.033333,60.00000000,1.247313e-08,2593
35.050000,60.00000000,1.245227e-08,2594
35.066667,60.00000000,1.243145e-08,2595
35.083333,60.00000000,1.241068e-08,2596
35.100000,60.00000000,1.238996e-08,2597
35.116667,60.00000000,1.236928e-08,2598
35.133333,60.00000000,1.234865e-08,2599
35.150000,60.00000000,1.232807e-08,2600
35.166667,60.00000000,1.230754e-08,2601
35.183333,60.00000000,1.228705e-08,2602
35.200000,60.00000000,1.226660e-08,2603
35.216667,60.00000000,1.224621e-08,2604
35.233333,60.00000000,1.222585e-08,2605
35.250000,60.00000000,1.220555e-08,2606
35.266667,60.00000000,1.218529e-08,2607
35.283333,60.00000000,1.216507e-08,2608
35.300000,60.00000000,1.214490e-08,2609
35.316667,60.00000000,1.212478e-08,2610
35.333333,60.00000000,1.210470e-08,2611
35.350000,60.00000000,1.208467e-08,2612
35.366667,60.00000000,1.206468e-08,2613
35.383333,60.00000000,1.204474e-08,2614
35.400000,60.00000000,1.202484e-08,2615
35.416667,60.00000000,1.200498e-08,2616
35.433333,60.00000000,1.198517e-08,2617
35.450000,60.00000000,1.196540e-08,2618
35.466667,60.00000000,1.194568e-08,2619
35.483333,60.00000000,1.192600e-08,2620
35.500000,60.00000000,1.190637e-08,2621
35.516667,60.00000000,1.188678e-08,2622
35.533333,60.00000000,1.186723e-08,2623
35.550000,60.00000000,1.184773e-08,2624
35.566667,60.00000000,1.182827e-08,2625
35.583333,60.00000000,1.180885e-08,2626
35.600000,60.00000000,1.178948e-08,2627
35.616667,60.00000000,1.177015e-08,2628
35.633333,60.00000000,1.175086e-08,2629
35.650000,60.00000000,1.173161e-08,2630
35.666667,60.00000000,1.171241e-08,2631
35.683333,60.00000000,1.169325e-08,2632
35.700000,60.00000000,1.167413e-08,2633
35.716667,60.00000000,1.165506e-08,2634
35.733333,60.00000000,1.163603e-08,2635
35.750000,60.00000000,1.161704e-08,2636
35.766667,60.00000000,1.159809e-08,2637
35.783333,60.00000000,1.157918e-08,2638
35.800000,60.00000000,1.156031e-08,2639
35.816667,60.00000000,1.154149e-08,2640
35.833333,60.00000000,1.152271e-08,2641
35.850000,60.00000000,1.150397e-08,2642
35.866667,60.00000000,1.148527e-08,2643
35.883333,60.00000000,1.146661e-08,2644
35.900000,60.00000000,1.144799e-08,2645
35.916667,60.00000000,1.142942e-08,2646
35.933333,60.00000000,1.141088e-08,2647
35.950000,60.00000000,1.139239e-08,2648
35.966667,60.00000000,1.137393e-08,2649
35.983333,60.00000000,1.135552e-08,2650
36.000000,60.00000000,1.133715e-08,2651
36.016667,60.00000000,1.131881e-08,2652
36.033333,60.00000000,1.130052e-08,2653
36.050000,60.00000000,1.128227e-08,2654
36.066667,60.00000000,1.126405e-08,2655
36.083333,60.00000000,1.124588e-08,2656
36.100000,60.00000000,1.122775e-08,2657
36.116667,60.00000000,1.120965e-08,2658
36.133333,60.00000000,1.119160e-08,2659
36.150000,60.00000000,1.117358e-08,2660
36.166667,60.00000000,1.115561e-08,2661
36.183333,60.00000000,1.113767e-08,2662
36.200000,60.00000000,1.111978e-08,2663
36.216667,60.00000000,1.110192e-08,2664
36.233333,60.00000000,1.108410e-08,2665
36.250000,60.00000000,1.106632e-08,2666
36.266667,60.00000000,1.104857e-08,2667
36.283333,60.00000000,1.103087e-08,2668
36.300000,60.00000000,1.101321e-08,2669
36.316667,60.00000000,1.099558e-08,2670
36.333333,60.00000000,1.097799e-08,2671
36.350000,60.00000000,1.096044e-08,2672
36.366667,60.00000000,1.094293e-08,2673
36.383333,60.00000000,1.092545e-08,2674
36.400000,60.00000000,1.090802e-08,2675
36.416667,60.00000000,1.089062e-08,2676
36.433333,60.00000000,1.087326e-08,2677
36.450000,60.00000000,1.085593e-08,2678
36.466667,60.00000000,1.083865e-08,2679
36.483333,60.00000000,1.082140e-08,2680
36.500000,60.00000000,1.080418e-08,2681
36.516667,60.00000000,1.078701e-08,2682
36.533333,60.00000000,1.076987e-08,2683
36.550000,60.00000000,1.075277e-08,2684
36.566667,60.00000000,1.073571e-08,2685
36.583333,60.00000000,1.071868e-08,2686
36.600000,60.00000000,1.070169e-08,2687
36.616667,60.00000000,1.068473e-08,2688
36.633333,60.00000000,1.066782e-08,2689
36.650000,60.00000000,1.065093e-08,2690
36.666667,60.00000000,1.063409e-08,2691
36.683333,60.00000000,1.061728e-08,2692
36.700000,60.00000000,1.060051e-08,2693
36.716667,60.00000000,1.058377e-08,2694
36.733333,60.00000000,1.056707e-08,2695
36.750000,60.00000000,1.055040e-08,2696
36.766667,60.00000000,1.053377e-08,2697
36.783333,60.00000000,1.051718e-08,2698
36.800000,60.00000000,1.050062e-08,2699
36.816667,60.00000000,1.048409e-08,2700
36.833333,60.00000000,1.046760e-08,2701
36.850000,60.00000000,1.045115e-08,2702
36.866667,60.00000000,1.043473e-08,2703
36.883333,60.00000000,1.041835e-08,2704
36.900000,60.00000000,1.040200e-08,2705
36.916667,60.00000000,1.038569e-08,2706
36.933333,60.00000000,1.036941e-08,2707
36.950000,60.00000000,1.035316e-08,2708
36.966667,60.00000000,1.033695e-08,2709
36.983333,60.00000000,1.032078e-08,2710
37.000000,60.00000000,1.030464e-08,2711
37.016667,60.00000000,1.028853e-08,2712
37.033333,60.00000000,1.027246e-08,2713
37.050000,60.00000000,1.025642e-08,2714
37.066667,60.00000000,1.024041e-08,2715
37.083333,60.00000000,1.022444e-08,2716
37.100000,60.00000000,1.020850e-08,2717
37.116667,60.00000000,1.019260e-08,2718
37.133333,60.00000000,1.017673e-08,2719
37.150000,60.00000000,1.016089e-08,2720
37.166667,60.00000000,1.014509e-08,2721
37.183333,60.00000000,1.012932e-08,2722
37.200000,60.00000000,1.011358e-08,2723
37.216667,60.00000000,1.009788e-08,2724
37.233333,60.00000000,1.008221e-08,2725
37.250000,60.00000000,1.006657e-08,2726
37.266667,60.00000000,1.005097e-08,2727
37.283333,60.00000000,1.003540e-08,2728
37.300000,60.00000000,1.001986e-08,2729
37.316667,60.00000000,1.000435e-08,2730
37.333333,60.00000000,9.988880e-09,2731
37.350000,60.00000000,9.973439e-09,2732
37.366667,60.00000000,9.958030e-09,2733
37.383333,60.00000000,9.942654e-09,2734
37.400000,60.00000000,9.927309e-09,2735
37.416667,60.00000000,9.911997e-09,2736
37.433333,60.00000000,9.896717e-09,2737
37.450000,60.00000000,9.881469e-09,2738
37.466667,60.00000000,9.866253e-09,2739
37.483333,60.00000000,9.851068e-09,2740
37.500000,60.00000000,9.835916e-09,2741
37.516667,60.00000000,9.820794e-09,2742
37.533333,60.00000000,9.805705e-09,2743
37.550000,60.00000000,9.790647e-09,2744
37.566667,60.00000000,9.775620e-09,2745
37.583333,60.00000000,9.760625e-09,2746
37.600000,60.00000000,9.745660e-09,2747
37.616667,60.00000000,9.730727e-09,2748
37.633333,60.00000000,9.715825e-09,2749
37.650000,60.00000000,9.700954e-09,2750
37.666667,60.00000000,9.686114e-09,2751
37.683333,60.00000000,9.671304e-09,2752
37.700000,60.00000000,9.656526e-09,2753
37.716667,60.00000000,9.641778e-09,2754
37.733333,60.00000000,9.627060e-09,2755
37.750000,60.00000000,9.612373e-09,2756
37.766667,60.00000000,9.597717e-09,2757
37.783333,60.00000000,9.583091e-09,2758
37.800000,60.00000000,9.568495e-09,2759
37.816667,60.00000000,9.553929e-09,2760
37.833333,60.00000000,9.539393e-09,2761
37.850000,60.00000000,9.524887e-09,2762
37.866667,60.00000000,9.510412e-09,2763
37.883333,60.00000000,9.495966e-09,2764
37.900000,60.00000000,9.481550e-09,2765
37.916667,60.00000000,9.467163e-09,2766
37.933333,60.00000000,9.452807e-09,2767
37.950000,60.00000000,9.438479e-09,2768
37.966667,60.00000000,9.424182e-09,2769
37.983333,60.00000000,9.409913e-09,2770
38.000000,60.00000000,9.395674e-09,2771
38.016667,60.00000000,9.381465e-09,2772
38.033333,60.00000000,9.367284e-09,2773
38.050000,60.00000000,9.353133e-09,2774
38.066667,60.00000000,9.339010e-09,2775
38.083333,60.00000000,9.324917e-09,2776
38.100000,60.00000000,9.310852e-09,2777
38.116667,60.00000000,9.296816e-09,2778
38.133333,60.00000000,9.282809e-09,2779
38.150000,60.00000000,9.268831e-09,2780
38.166667,60.00000000,9.254881e-09,2781
38.183333,60.00000000,9.240959e-09,2782
38.200000,60.00000000,9.227066e-09,2783
38.216667,60.00000000,9.213202e-09,2784
38.233333,60.00000000,9.199366e-09,2785
38.250000,60.00000000,9.185557e-09,2786
38.266667,60.00000000,9.171778e-09,2787
38.283333,60.00000000,9.158026e-09,2788
38.300000,60.00000000,9.144302e-09,2789
38.316667,60.00000000,9.130606e-09,2790
38.333333,60.00000000,9.116938e-09,2791
38.350000,60.00000000,9.103298e-09,2792
38.366667,60.00000000,9.089685e-09,2793
38.383333,60.00000000,9.076100e-09,2794
38.400000,60.00000000,9.062543e-09,2795
38.416667,60.00000000,9.049013e-09,2796
38.433333,60.00000000,9.035510e-09,2797
38.450000,60.00000000,9.022035e-09,2798
38.466667,60.00000000,9.008588e-09,2799
38.483333,60.00000000,8.995167e-09,2800
38.500000,60.00000000,8.981774e-09,2801
38.516667,60.00000000,8.968407e-09,2802
38.533333,60.00000000,8.955068e-09,2803
38.550000,60.00000000,8.941756e-09,2804
38.566667,60.00000000,8.928470e-09,2805
38.583333,60.00000000,8.915212e-09,2806
38.600000,60.00000000,8.901980e-09,2807
38.616667,60.00000000,8.888775e-09,2808
38.633333,60.00000000,8.875596e-09,2809
38.650000,60.00000000,8.862444e-09,2810
38.666667,60.00000000,8.849319e-09,2811
38.683333,60.00000000,8.836219e-09,2812
38.700000,60.00000000,8.823146e-09,2813
38.716667,60.00000000,8.810100e-09,2814
38.733333,60.00000000,8.797079e-09,2815
38.750000,60.00000000,8.784085e-09,2816
38.766667,60.00000000,8.771117e-09,2817
38.783333,60.00000000,8.758175e-09,2818
38.800000,60.00000000,8.745259e-09,2819
38.816667,60.00000000,8.732369e-09,2820
38.833333,60.00000000,8.719504e-09,2821
38.850000,60.00000000,8.706665e-09,2822
38.866667,60.00000000,8.693852e-09,2823
38.883333,60.00000000,8.681065e-09,2824
38.900000,60.00000000,8.668303e-09,2825
38.916667,60.00000000,8.655567e-09,2826
38.933333,60.00000000,8.642856e-09,2827
38.950000,60.00000000,8.630170e-09,2828
38.966667,60.00000000,8.617510e-09,2829
38.983333,60.00000000,8.604875e-09,2830
39.000000,60.00000000,8.592265e-09,2831
39.016667,60.00000000,8.579680e-09,2832
39.033333,60.00000000,8.567121e-09,2833
39.050000,60.00000000,8.554586e-09,2834
39.066667,60.00000000,8.542076e-09,2835
39.083333,60.00000000,8.529591e-09,2836
39.100000,60.00000000,8.517131e-09,2837
39.116667,60.00000000,8.504696e-09,2838
39.133333,60.00000000,8.492285e-09,2839
39.150000,60.00000000,8.479899e-09,2840
39.166667,60.00000000,8.467537e-09,2841
39.183333,60.00000000,8.455200e-09,2842
39.200000,60.00000000,8.442887e-09,2843
39.216667,60.00000000,8.430599e-09,2844
39.233333,60.00000000,8.418335e-09,2845
39.250000,60.00000000,8.406096e-09,2846
39.266667,60.00000000,8.393880e-09,2847
39.283333,60.00000000,8.381689e-09,2848
39.300000,60.00000000,8.369521e-09,2849
39.316667,60.00000000,8.357378e-09,2850
39.333333,60.00000000,8.345259e-09,2851
39.350000,60.00000000,8.333163e-09,2852
39.366667,60.00000000,8.321092e-09,2853
39.383333,60.00000000,8.309044e-09,2854
39.400000,60.00000000,8.297020e-09,2855
39.416667,60.00000000,8.285019e-09,2856
39.433333,60.00000000,8.273042e-09,2857
39.450000,60.00000000,8.261089e-09,2858
39.466667,60.00000000,8.249159e-09,2859
39.483333,60.00000000,8.237253e-09,2860
39.500000,60.00000000,8.225370e-09,2861
39.516667,60.00000000,8.213510e-09,2862
39.533333,60.00000000,8.201673e-09,2863
39.550000,60.00000000,8.189860e-09,2864
39.566667,60.00000000,8.178070e-09,2865
39.583333,60.00000000,8.166303e-09,2866
39.600000,60.00000000,8.154558e-09,2867
39.616667,60.00000000,8.142837e-09,2868
39.633333,60.00000000,8.131139e-09,2869
39.650000,60.00000000,8.119464e-09,2870
39.666667,60.00000000,8.107811e-09,2871
39.683333,60.00000000,8.096181e-09,2872
39.700000,60.00000000,8.084574e-09,2873
39.716667,60.00000000,8.072990e-09,2874
39.733333,60.00000000,8.061428e-09,2875
39.750000,60.00000000,8.049888e-09,2876
39.766667,60.00000000,8.038371e-09,2877
39.783333,60.00000000,8.026877e-09,2878
39.800000,60.00000000,8.015405e-09,2879
39.816667,60.00000000,8.003955e-09,2880
39.833333,60.00000000,7.992527e-09,2881
39.850000,60.00000000,7.981122e-09,2882
39.866667,60.00000000,7.969738e-09,2883
39.883333,60.00000000,7.958377e-09,2884
39.900000,60.00000000,7.947038e-09,2885
39.916667,60.00000000,7.935721e-09,2886
39.933333,60.00000000,7.924425e-09,2887
39.950000,60.00000000,7.913152e-09,2888
39.966667,60.00000000,7.901900e-09,2889
39.983333,60.00000000,7.890670e-09,2890
40.000000,60.00000000,7.879462e-09,2891
40.016667,60.00000000,7.868276e-09,2892
40.033333,60.00000000,7.857111e-09,2893
40.050000,60.00000000,7.845967e-09,2894
40.066667,60.00000000,7.834845e-09,2895
40.083333,60.00000000,7.823745e-09,2896
40.100000,60.00000000,7.812666e-09,2897
40.116667,60.00000000,7.801608e-09,2898
40.133333,60.00000000,7.790572e-09,2899
40.150000,60.00000000,7.779557e-09,2900
40.166667,60.00000000,7.768563e-09,2901
40.183333,60.00000000,7.757590e-09,2902
40.200000,60.00000000,7.746638e-09,2903
40.216667,60.00000000,7.735708e-09,2904
40.233333,60.00000000,7.724798e-09,2905
40.250000,60.00000000,7.713909e-09,2906
40.266667,60.00000000,7.703041e-09,2907
40.283333,60.00000000,7.692194e-09,2908
40.300000,60.00000000,7.681368e-09,2909
40.316667,60.00000000,7.670562e-09,2910
40.333333,60.00000000,7.659777e-09,2911
40.350000,60.00000000,7.649013e-09,2912
40.366667,60.00000000,7.638269e-09,2913
40.383333,60.00000000,7.627546e-09,2914
40.400000,60.00000000,7.616844e-09,2915
40.416667,60.00000000,7.606162e-09,2916
40.433333,60.00000000,7.595500e-09,2917
40.450000,60.00000000,7.584858e-09,2918
40.466667,60.00000000,7.574237e-09,2919
40.483333,60.00000000,7.563636e-09,2920
40.500000,60.00000000,7.553055e-09,2921
40.516667,60.00000000,7.542495e-09,2922
40.533333,60.00000000,7.531954e-09,2923
40.550000,60.00000000,7.521434e-09,2924
40.566667,60.00000000,7.510933e-09,2925
40.583333,60.00000000,7.500453e-09,2926
40.600000,60.00000000,7.489992e-09,2927
40.616667,60.00000000,7.479551e-09,2928
40.633333,60.00000000,7.469130e-09,2929
40.650000,60.00000000,7.458729e-09,2930
40.666667,60.00000000,7.448348e-09,2931
40.683333,60.00000000,7.437986e-09,2932
40.700000,60.00000000,7.427644e-09,2933
40.716667,60.00000000,7.417321e-09,2934
40.733333,60.00000000,7.407018e-09,2935
40.750000,60.00000000,7.396734e-09,2936
40.766667,60.00000000,7.386470e-09,2937
40.783333,60.00000000,7.376226e-09,2938
40.800000,60.00000000,7.366000e-09,2939
40.816667,60.00000000,7.355794e-09,2940
40.833333,60.00000000,7.345607e-09,2941
40.850000,60.00000000,7.335439e-09,2942
40.866667,60.00000000,7.325291e-09,2943
40.883333,60.00000000,7.315161e-09,2944
40.900000,60.00000000,7.305051e-09,2945
40.916667,60.00000000,7.294960e-09,2946
40.933333,60.00000000,7.284887e-09,2947
40.950000,60.00000000,7.274834e-09,2948
40.966667,60.00000000,7.264799e-09,2949
40.983333,60.00000000,7.254784e-09,2950
41.000000,60.00000000,7.244787e-09,2951
41.016667,60.00000000,7.234809e-09,2952
41.033333,60.00000000,7.224849e-09,2953
41.050000,60.00000000,7.214908e-09,2954
41.066667,60.00000000,7.204986e-09,2955
41.083333,60.00000000,7.195083e-09,2956
41.100000,60.00000000,7.185198e-09,2957
41.116667,60.00000000,7.175331e-09,2958
41.133333,60.00000000,7.165483e-09,2959
41.150000,60.00000000,7.155654e-09,2960
41.166667,60.00000000,7.145842e-09,2961
41.183333,60.00000000,7.136049e-09,2962
41.200000,60.00000000,7.126275e-09,2963
41.216667,60.00000000,7.116518e-09,2964
41.233333,60.00000000,7.106780e-09,2965
41.250000,60.00000000,7.097060e-09,2966
41.266667,60.00000000,7.087358e-09,2967
41.283333,60.00000000,7.077674e-09,2968
41.300000,60.00000000,7.068008e-09,2969
41.316667,60.00000000,7.058360e-09,2970
41.333333,60.00000000,7.048730e-09,2971
41.350000,60.00000000,7.039118e-09,2972
41.366667,60.00000000,7.029523e-09,2973
41.383333,60.00000000,7.019947e-09,2974
41.400000,60.00000000,7.010388e-09,2975
41.416667,60.00000000,7.000847e-09,2976
41.433333,60.00000000,6.991324e-09,2977
41.450000,60.00000000,6.981818e-09,2978
41.466667,60.00000000,6.972330e-09,2979
41.483333,60.00000000,6.962860e-09,2980
41.500000,60.00000000,6.953406e-09,2981
41.516667,60.00000000,6.943971e-09,2982
41.533333,60.00000000,6.934553e-09,2983
41.550000,60.00000000,6.925152e-09,2984
41.566667,60.00000000,6.915769e-09,2985
41.583333,60.00000000,6.906403e-09,2986
41.600000,60.00000000,6.897054e-09,2987
41.616667,60.00000000,6.887723e-09,2988
41.633333,60.00000000,6.878409e-09,2989
41.650000,60.00000000,6.869111e-09,2990
41.666667,60.00000000,6.859832e-09,2991
41.683333,60.00000000,6.850569e-09,2992
41.700000,60.00000000,6.841323e-09,2993
41.716667,60.00000000,6.832094e-09,2994
41.733333,60.00000000,6.822882e-09,2995
41.750000,60.00000000,6.813687e-09,2996
41.766667,60.00000000,6.804509e-09,2997
41.783333,60.00000000,6.795348e-09,2998
41.800000,60.00000000,6.786203e-09,2999
41.816667,60.00000000,6.777075e-09,3000
41.833333,60.00000000,6.767964e-09,3001
41.850000,60.00000000,6.758870e-09,3002
41.866667,60.00000000,6.749793e-09,3003
41.883333,60.00000000,6.740732e-09,3004
41.900000,60.00000000,6.731687e-09,3005
41.916667,60.00000000,6.722659e-09,3006
41.933333,60.00000000,6.713648e-09,3007
41.950000,60.00000000,6.704653e-09,3008
41.966667,60.00000000,6.695674e-09,3009
41.983333,60.00000000,6.686712e-09,3010
42.000000,60.00000000,6.677766e-09,3011
42.016667,60.00000000,6.668837e-09,3012
42.033333,60.00000000,6.659924e-09,3013
42.050000,60.00000000,6.651027e-09,3014
42.066667,60.00000000,6.642146e-09,3015
42.083333,60.00000000,6.633281e-09,3016
42.100000,60.00000000,6.624433e-09,3017
42.116667,60.00000000,6.615600e-09,3018
42.133333,60.00000000,6.606784e-09,3019
42.150000,60.00000000,6.597984e-09,3020
42.166667,60.00000000,6.589199e-09,3021
42.183333,60.00000000,6.580431e-09,3022
42.200000,60.00000000,6.571678e-09,3023
42.216667,60.00000000,6.562942e-09,3024
42.233333,60.00000000,6.554221e-09,3025
42.250000,60.00000000,6.545516e-09,3026
42.266667,60.00000000,6.536826e-09,3027
42.283333,60.00000000,6.528153e-09,3028
42.300000,60.00000000,6.519495e-09,3029
42.316667,60.00000000,6.510853e-09,3030
42.333333,60.00000000,6.502226e-09,3031
42.350000,60.00000000,6.493615e-09,3032
42.366667,60.00000000,6.485020e-09,3033
42.383333,60.00000000,6.476440e-09,3034
42.400000,60.00000000,6.467875e-09,3035
42.416667,60.00000000,6.459326e-09,3036
42.433333,60.00000000,6.450792e-09,3037
42.450000,60.00000000,6.442274e-09,3038
42.466667,60.00000000,6.433771e-09,3039
42.483333,60.00000000,6.425283e-09,3040
42.500000,60.00000000,6.416811e-09,3041
42.516667,60.00000000,6.408354e-09,3042
42.533333,60.00000000,6.399912e-09,3043
42.550000,60.00000000,6.391485e-09,3044
42.566667,60.00000000,6.383073e-09,3045
42.583333,60.00000000,6.374677e-09,3046
42.600000,60.00000000,6.366295e-09,3047
42.616667,60.00000000,6.357929e-09,3048
42.633333,60.00000000,6.349577e-09,3049
42.650000,60.00000000,6.341241e-09,3050
42.666667,60.00000000,6.332919e-09,3051
42.683333,60.00000000,6.324612e-09,3052
42.700000,60.00000000,6.316320e-09,3053
42.716667,60.00000000,6.308043e-09,3054
42.733333,60.00000000,6.299781e-09,3055
42.750000,60.00000000,6.291533e-09,3056
42.766667,60.00000000,6.283301e-09,3057
42.783333,60.00000000,6.275083e-09,3058
42.800000,60.00000000,6.266879e-09,3059
42.816667,60.00000000,6.258690e-09,3060
42.833333,60.00000000,6.250516e-09,3061
42.850000,60.00000000,6.242356e-09,3062
42.866667,60.00000000,6.234211e-09,3063
42.883333,60.00000000,6.226080e-09,3064
42.900000,60.00000000,6.217964e-09,3065
42.916667,60.00000000,6.209862e-09,3066
42.933333,60.00000000,6.201775e-09,3067
42.950000,60.00000000,6.193702e-09,3068
42.966667,60.00000000,6.185643e-09,3069
42.983333,60.00000000,6.177599e-09,3070
43.000000,60.00000000,6.169569e-09,3071
43.016667,60.00000000,6.161553e-09,3072
43.033333,60.00000000,6.153551e-09,3073
43.050000,60.00000000,6.145564e-09,3074
43.066667,60.00000000,6.137590e-09,3075
43.083333,60.00000000,6.129631e-09,3076
43.100000,60.00000000,6.121686e-09,3077
43.116667,60.00000000,6.113755e-09,3078
43.133333,60.00000000,6.105838e-09,3079
43.150000,60.00000000,6.097934e-09,3080
43.166667,60.00000000,6.090045e-09,3081
43.183333,60.00000000,6.082170e-09,3082
43.200000,60.00000000,6.074309e-09,3083
43.216667,60.00000000,6.066461e-09,3084
43.233333,60.00000000,6.058627e-09,3085
43.250000,60.00000000,6.050808e-09,3086
43.266667,60.00000000,6.043001e-09,3087
43.283333,60.00000000,6.035209e-09,3088
43.300000,60.00000000,6.027430e-09,3089
43.316667,60.00000000,6.019665e-09,3090
43.333333,60.00000000,6.011914e-09,3091
43.350000,60.00000000,6.004176e-09,3092
43.366667,60.00000000,5.996452e-09,3093
43.383333,60.00000000,5.988741e-09,3094
43.400000,60.00000000,5.981044e-09,3095
43.416667,60.00000000,5.973361e-09,3096
43.433333,60.00000000,5.965691e-09,3097
43.450000,60.00000000,5.958034e-09,3098
43.466667,60.00000000,5.950391e-09,3099
43.483333,60.00000000,5.942761e-09,3100
43.500000,60.00000000,5.935144e-09,3101
43.516667,60.00000000,5.927541e-09,3102
43.533333,60.00000000,5.919951e-09,3103
43.550000,60.00000000,5.912374e-09,3104
43.566667,60.00000000,5.904811e-09,3105
43.583333,60.00000000,5.897261e-09,3106
43.600000,60.00000000,5.889724e-09,3107
43.616667,60.00000000,5.882200e-09,3108
43.633333,60.00000000,5.874689e-09,3109
43.650000,60.00000000,5.867191e-09,3110
43.666667,60.00000000,5.859706e-09,3111
43.683333,60.00000000,5.852235e-09,3112
43.700000,60.00000000,5.844776e-09,3113
43.716667,60.00000000,5.837330e-09,3114
43.733333,60.00000000,5.829898e-09,3115
43.750000,60.00000000,5.822478e-09,3116
43.766667,60.00000000,5.815071e-09,3117
43.783333,60.00000000,5.807677e-09,3118
43.800000,60.00000000,5.800296e-09,3119
43.816667,60.00000000,5.792927e-09,3120
43.833333,60.00000000,5.785571e-09,3121
43.850000,60.00000000,5.778229e-09,3122
43.866667,60.00000000,5.770898e-09,3123
43.883333,60.00000000,5.763581e-09,3124
43.900000,60.00000000,5.756276e-09,3125
43.916667,60.00000000,5.748984e-09,3126
43.933333,60.00000000,5.741704e-09,3127
43.950000,60.00000000,5.734437e-09,3128
43.966667,60.00000000,5.727183e-09,3129
43.983333,60.00000000,5.719941e-09,3130
44.000000,60.00000000,5.712711e-09,3131
44.016667,60.00000000,5.705494e-09,3132
44.033333,60.00000000,5.698290e-09,3133
44.050000,60.00000000,5.691097e-09,3134
44.066667,60.00000000,5.683918e-09,3135
44.083333,60.00000000,5.676750e-09,3136
44.100000,60.00000000,5.669595e-09,3137
44.116667,60.00000000,5.662453e-09,3138
44.133333,60.00000000,5.655322e-09,3139
44.150000,60.00000000,5.648204e-09,3140
44.166667,60.00000000,5.641098e-09,3141
44.183333,60.00000000,5.634004e-09,3142
44.200000,60.00000000,5.626923e-09,3143
44.216667,60.00000000,5.619853e-09,3144
44.233333,60.00000000,5.612796e-09,3145
44.250000,60.00000000,5.605751e-09,3146
44.266667,60.00000000,5.598718e-09,3147
44.283333,60.00000000,5.591696e-09,3148
44.300000,60.00000000,5.584687e-09,3149
44.316667,60.00000000,5.577690e-09,3150
44.333333,60.00000000,5.570705e-09,3151
44.350000,60.00000000,5.563732e-09,3152
44.366667,60.00000000,5.556771e-09,3153
44.383333,60.00000000,5.549821e-09,3154
44.400000,60.00000000,5.542884e-09,3155
44.416667,60.00000000,5.535958e-09,3156
44.433333,60.00000000,5.529044e-09,3157
44.450000,60.00000000,5.522142e-09,3158
44.466667,60.00000000,5.515252e-09,3159
44.483333,60.00000000,5.508374e-09,3160
44.500000,60.00000000,5.501507e-09,3161
44.516667,60.00000000,5.494652e-09,3162
44.533333,60.00000000,5.487808e-09,3163
44.550000,60.00000000,5.480976e-09,3164
44.566667,60.00000000,5.474156e-09,3165
44.583333,60.00000000,5.467347e-09,3166
44.600000,60.00000000,5.460550e-09,3167
44.616667,60.00000000,5.453765e-09,3168
44.633333,60.00000000,5.446991e-09,3169
44.650000,60.00000000,5.440228e-09,3170
44.666667,60.00000000,5.433477e-09,3171
44.683333,60.00000000,5.426737e-09,3172
44.700000,60.00000000,5.420009e-09,3173
44.716667,60.00000000,5.413292e-09,3174
44.733333,60.00000000,5.406587e-09,3175
44.750000,60.00000000,5.399893e-09,3176
44.766667,60.00000000,5.393210e-09,3177
44.783333,60.00000000,5.386538e-09,3178
44.800000,60.00000000,5.379878e-09,3179
44.816667,60.00000000,5.373229e-09,3180
44.833333,60.00000000,5.366591e-09,3181
44.850000,60.00000000,5.359965e-09,3182
44.866667,60.00000000,5.353349e-09,3183
44.883333,60.00000000,5.346745e-09,3184
44.900000,60.00000000,5.340152e-09,3185
44.916667,60.00000000,5.333570e-09,3186
44.933333,60.00000000,5.326999e-09,3187
44.950000,60.00000000,5.320439e-09,3188
44.966667,60.00000000,5.313890e-09,3189
44.983333,60.00000000,5.307352e-09,3190
45.000000,60.00000000,5.300826e-09,3191
45.016667,60.00000000,5.294310e-09,3192
45.033333,60.00000000,5.287805e-09,3193
45.050000,60.00000000,5.281311e-09,3194
45.066667,60.00000000,5.274828e-09,3195
45.083333,60.00000000,5.268355e-09,3196
45.100000,60.00000000,5.261894e-09,3197
45.116667,60.00000000,5.255443e-09,3198
45.133333,60.00000000,5.249003e-09,3199
45.150000,60.00000000,5.242574e-09,3200
45.166667,60.00000000,5.236156e-09,3201
45.183333,60.00000000,5.229749e-09,3202
45.200000,60.00000000,5.223352e-09,3203
45.216667,60.00000000,5.216966e-09,3204
45.233333,60.00000000,5.210590e-09,3205
45.250000,60.00000000,5.204225e-09,3206
45.266667,60.00000000,5.197871e-09,3207
45.283333,60.00000000,5.191527e-09,3208
45.300000,60.00000000,5.185195e-09,3209
45.316667,60.00000000,5.178872e-09,3210
45.333333,60.00000000,5.172560e-09,3211
45.350000,60.00000000,5.166259e-09,3212
45.366667,60.00000000,5.159968e-09,3213
45.383333,60.00000000,5.153687e-09,3214
45.400000,60.00000000,5.147417e-09,3215
45.416667,60.00000000,5.141158e-09,3216
45.433333,60.00000000,5.134908e-09,3217
45.450000,60.00000000,5.128670e-09,3218
45.466667,60.00000000,5.122441e-09,3219
45.483333,60.00000000,5.116223e-09,3220
45.500000,60.00000000,5.110015e-09,3221
45.516667,60.00000000,5.103818e-09,3222
45.533333,60.00000000,5.097630e-09,3223
45.550000,60.00000000,5.091453e-09,3224
45.566667,60.00000000,5.085286e-09,3225
45.583333,60.00000000,5.079130e-09,3226
45.600000,60.00000000,5.072983e-09,3227
45.616667,60.00000000,5.066847e-09,3228
45.633333,60.00000000,5.060721e-09,3229
45.650000,60.00000000,5.054605e-09,3230
45.666667,60.00000000,5.048499e-09,3231
45.683333,60.00000000,5.042403e-09,3232
45.700000,60.00000000,5.036318e-09,3233
45.716667,60.00000000,5.030242e-09,3234
45.733333,60.00000000,5.024176e-09,3235
45.750000,60.00000000,5.018121e-09,3236
45.766667,60.00000000,5.012075e-09,3237
45.783333,60.00000000,5.006039e-09,3238
45.800000,60.00000000,5.000013e-09,3239
45.816667,60.00000000,4.993997e-09,3240
45.833333,60.00000000,4.987991e-09,3241
45.850000,60.00000000,4.981995e-09,3242
45.866667,60.00000000,4.976009e-09,3243
45.883333,60.00000000,4.970032e-09,3244
45.900000,60.00000000,4.964066e-09,3245
45.916667,60.00000000,4.958109e-09,3246
45.933333,60.00000000,4.952162e-09,3247
45.950000,60.00000000,4.946224e-09,3248
45.966667,60.00000000,4.940297e-09,3249
45.983333,60.00000000,4.934379e-09,3250
46.000000,60.00000000,4.928471e-09,3251
46.016667,60.00000000,4.922572e-09,3252
46.033333,60.00000000,4.916683e-09,3253
46.050000,60.00000000,4.910804e-09,3254
46.066667,60.00000000,4.904934e-09,3255
46.083333,60.00000000,4.899074e-09,3256
46.100000,60.00000000,4.893223e-09,3257
46.116667,60.00000000,4.887383e-09,3258
46.133333,60.00000000,4.881551e-09,3259
46.150000,60.00000000,4.875729e-09,3260
46.166667,60.00000000,4.869917e-09,3261
46.183333,60.00000000,4.864114e-09,3262
46.200000,60.00000000,4.858320e-09,3263
46.216667,60.00000000,4.852536e-09,3264
46.233333,60.00000000,4.846761e-09,3265
46.250000,60.00000000,4.840996e-09,3266
46.266667,60.00000000,4.835240e-09,3267
46.283333,60.00000000,4.829494e-09,3268
46.300000,60.00000000,4.823757e-09,3269
46.316667,60.00000000,4.818029e-09,3270
46.333333,60.00000000,4.812310e-09,3271
46.350000,60.00000000,4.806601e-09,3272
46.366667,60.00000000,4.800901e-09,3273
46.383333,60.00000000,4.795210e-09,3274
46.400000,60.00000000,4.789528e-09,3275
46.416667,60.00000000,4.783856e-09,3276
46.433333,60.00000000,4.778193e-09,3277
46.450000,60.00000000,4.772539e-09,3278
46.466667,60.00000000,4.766894e-09,3279
46.483333,60.00000000,4.761258e-09,3280
46.500000,60.00000000,4.755631e-09,3281
46.516667,60.00000000,4.750014e-09,3282
46.533333,60.00000000,4.744405e-09,3283
46.550000,60.00000000,4.738806e-09,3284
46.566667,60.00000000,4.733216e-09,3285
46.583333,60.00000000,4.727634e-09,3286
46.600000,60.00000000,4.722062e-09,3287
46.616667,60.00000000,4.716498e-09,3288
46.633333,60.00000000,4.710944e-09,3289
46.650000,60.00000000,4.705398e-09,3290
46.666667,60.00000000,4.699862e-09,3291
46.683333,60.00000000,4.694334e-09,3292
46.700000,60.00000000,4.688816e-09,3293
46.716667,60.00000000,4.683306e-09,3294
46.733333,60.00000000,4.677805e-09,3295
46.750000,60.00000000,4.672312e-09,3296
46.766667,60.00000000,4.666829e-09,3297
46.783333,60.00000000,4.661354e-09,3298
46.800000,60.00000000,4.655889e-09,3299
46.816667,60.00000000,4.650431e-09,3300
46.833333,60.00000000,4.644983e-09,3301
46.850000,60.00000000,4.639544e-09,3302
46.866667,60.00000000,4.634113e-09,3303
46.883333,60.00000000,4.628691e-09,3304
46.900000,60.00000000,4.623277e-09,3305
46.916667,60.00000000,4.617872e-09,3306
46.933333,60.00000000,4.612476e-09,3307
46.950000,60.00000000,4.607089e-09,3308
46.966667,60.00000000,4.601710e-09,3309
46.983333,60.00000000,4.596339e-09,3310
47.000000,60.00000000,4.590977e-09,3311
47.016667,60.00000000,4.585624e-09,3312
47.033333,60.00000000,4.580280e-09,3313
47.050000,60.00000000,4.574943e-09,3314
47.066667,60.00000000,4.569616e-09,3315
47.083333,60.00000000,4.564296e-09,3316
47.100000,60.00000000,4.558986e-09,3317
47.116667,60.00000000,4.553684e-09,3318
47.133333,60.00000000,4.548390e-09,3319
47.150000,60.00000000,4.543104e-09,3320
47.166667,60.00000000,4.537827e-09,3321
47.183333,60.00000000,4.532559e-09,3322
47.200000,60.00000000,4.527298e-09,3323
47.216667,60.00000000,4.522046e-09,3324
47.233333,60.00000000,4.516803e-09,3325
47.250000,60.00000000,4.511567e-09,3326
47.266667,60.00000000,4.506340e-09,3327
47.283333,60.00000000,4.501122e-09,3328
47.300000,60.00000000,4.495911e-09,3329
47.316667,60.00000000,4.490709e-09,3330
47.333333,60.00000000,4.485515e-09,3331
47.350000,60.00000000,4.480330e-09,3332
47.366667,60.00000000,4.475152e-09,3333
47.383333,60.00000000,4.469983e-09,3334
47.400000,60.00000000,4.464822e-09,3335
47.416667,60.00000000,4.459669e-09,3336
47.433333,60.00000000,4.454524e-09,3337
47.450000,60.00000000,4.449387e-09,3338
47.466667,60.00000000,4.444258e-09,3339
47.483333,60.00000000,4.439138e-09,3340
47.500000,60.00000000,4.434025e-09,3341
47.516667,60.00000000,4.428921e-09,3342
47.533333,60.00000000,4.423824e-09,3343
47.550000,60.00000000,4.418736e-09,3344
47.566667,60.00000000,4.413656e-09,3345
47.583333,60.00000000,4.408583e-09,3346
47.600000,60.00000000,4.403519e-09,3347
47.616667,60.00000000,4.398463e-09,3348
47.633333,60.00000000,4.393414e-09,3349
47.650000,60.00000000,4.388373e-09,3350
47.666667,60.00000000,4.383341e-09,3351
47.683333,60.00000000,4.378316e-09,3352
47.700000,60.00000000,4.373299e-09,3353
47.716667,60.00000000,4.368290e-09,3354
47.733333,60.00000000,4.363289e-09,3355
47.750000,60.00000000,4.358296e-09,3356
47.766667,60.00000000,4.353310e-09,3357
47.783333,60.00000000,4.348332e-09,3358
47.800000,60.00000000,4.343363e-09,3359
47.816667,60.00000000,4.338400e-09,3360
47.833333,60.00000000,4.333446e-09,3361
47.850000,60.00000000,4.328499e-09,3362
47.866667,60.00000000,4.323561e-09,3363
47.883333,60.00000000,4.318629e-09,3364
47.900000,60.00000000,4.313706e-09,3365
47.916667,60.00000000,4.308790e-09,3366
47.933333,60.00000000,4.303882e-09,3367
47.950000,60.00000000,4.298981e-09,3368
47.966667,60.00000000,4.294088e-09,3369
47.983333,60.00000000,4.289203e-09,3370
48.000000,60.00000000,4.284326e-09,3371
48.016667,60.00000000,4.279456e-09,3372
48.033333,60.00000000,4.274593e-09,3373
48.050000,60.00000000,4.269738e-09,3374
48.066667,60.00000000,4.264891e-09,3375
48.083333,60.00000000,4.260051e-09,3376
48.100000,60.00000000,4.255219e-09,3377
48.116667,60.00000000,4.250394e-09,3378
48.133333,60.00000000,4.245576e-09,3379
48.150000,60.00000000,4.240767e-09,3380
48.166667,60.00000000,4.235964e-09,3381
48.183333,60.00000000,4.231169e-09,3382
48.200000,60.00000000,4.226382e-09,3383
48.216667,60.00000000,4.221602e-09,3384
48.233333,60.00000000,4.216829e-09,3385
48.250000,60.00000000,4.212064e-09,3386
48.266667,60.00000000,4.207306e-09,3387
48.283333,60.00000000,4.202555e-09,3388
48.300000,60.00000000,4.197812e-09,3389
48.316667,60.00000000,4.193076e-09,3390
48.333333,60.00000000,4.188347e-09,3391
48.350000,60.00000000,4.183626e-09,3392
48.366667,60.00000000,4.178912e-09,3393
48.383333,60.00000000,4.174205e-09,3394
48.400000,60.00000000,4.169506e-09,3395
48.416667,60.00000000,4.164813e-09,3396
48.433333,60.00000000,4.160128e-09,3397
48.450000,60.00000000,4.185406e-09,3398
48.466667,60.00000000,4.180715e-09,3399
48.483333,60.00000000,4.176031e-09,3400
48.500000,60.00000000,4.171355e-09,3401
48.516667,60.00000000,4.166685e-09,3402
48.533333,60.00000000,4.162023e-09,3403
48.550000,60.00000000,4.157368e-09,3404
48.566667,60.00000000,4.152720e-09,3405
48.583333,60.00000000,4.148079e-09,3406
48.600000,60.00000000,4.143445e-09,3407
48.616667,60.00000000,4.138818e-09,3408
48.633333,60.00000000,4.134199e-09,3409
48.650000,60.00000000,4.129586e-09,3410
48.666667,60.00000000,4.124981e-09,3411
48.683333,60.00000000,4.120383e-09,3412
48.700000,60.00000000,4.115791e-09,3413
48.716667,60.00000000,4.111207e-09,3414
48.733333,60.00000000,4.106629e-09,3415
48.750000,60.00000000,4.102059e-09,3416
48.766667,60.00000000,4.097496e-09,3417
48.783333,60.00000000,4.092939e-09,3418
48.800000,60.00000000,4.088390e-09,3419
48.816667,60.00000000,4.083847e-09,3420
48.833333,60.00000000,4.079312e-09,3421
48.850000,60.00000000,4.074783e-09,3422
48.866667,60.00000000,4.070261e-09,3423
48.883333,60.00000000,4.065746e-09,3424
48.900000,60.00000000,4.061238e-09,3425
48.916667,60.00000000,4.056737e-09,3426
48.933333,60.00000000,4.052242e-09,3427
48.950000,60.00000000,4.047755e-09,3428
48.966667,60.00000000,4.043274e-09,3429
48.983333,60.00000000,4.038800e-09,3430
49.000000,60.00000000,4.034333e-09,3431
49.016667,60.00000000,4.029873e-09,3432
49.033333,60.00000000,4.025419e-09,3433
49.050000,60.00000000,4.020972e-09,3434
49.066667,60.00000000,4.016532e-09,3435
49.083333,60.00000000,4.012099e-09,3436
49.100000,60.00000000,4.007672e-09,3437
49.116667,60.00000000,4.003252e-09,3438
49.133333,60.00000000,3.998839e-09,3439
49.150000,60.00000000,3.994432e-09,3440
49.166667,60.00000000,3.990032e-09,3441
49.183333,60.00000000,3.985639e-09,3442
49.200000,60.00000000,3.981252e-09,3443
49.216667,60.00000000,3.976872e-09,3444
49.233333,60.00000000,3.972499e-09,3445
49.250000,60.00000000,3.968132e-09,3446
49.266667,60.00000000,3.963772e-09,3447
49.283333,60.00000000,3.959418e-09,3448
49.300000,60.00000000,3.955071e-09,3449
49.316667,60.00000000,3.950731e-09,3450
49.333333,60.00000000,3.946397e-09,3451
49.350000,60.00000000,3.942069e-09,3452
49.366667,60.00000000,3.937748e-09,3453
49.383333,60.00000000,3.933434e-09,3454
49.400000,60.00000000,3.929126e-09,3455
49.416667,60.00000000,3.924824e-09,3456
49.433333,60.00000000,3.920529e-09,3457
49.450000,60.00000000,3.916240e-09,3458
49.466667,60.00000000,3.911958e-09,3459
49.483333,60.00000000,3.907682e-09,3460
49.500000,60.00000000,3.903413e-09,3461
49.516667,60.00000000,3.899150e-09,3462
49.533333,60.00000000,3.894893e-09,3463
49.550000,60.00000000,3.890643e-09,3464
49.566667,60.00000000,3.886399e-09,3465
49.583333,60.00000000,3.882162e-09,3466
49.600000,60.00000000,3.877931e-09,3467
49.616667,60.00000000,3.873706e-09,3468
49.633333,60.00000000,3.869488e-09,3469
49.650000,60.00000000,3.865275e-09,3470
49.666667,60.00000000,3.861069e-09,3471
49.683333,60.00000000,3.856870e-09,3472
49.700000,60.00000000,3.852676e-09,3473
49.716667,60.00000000,3.848489e-09,3474
49.733333,60.00000000,3.844308e-09,3475
49.750000,60.00000000,3.840134e-09,3476
49.766667,60.00000000,3.835965e-09,3477
49.783333,60.00000000,3.831803e-09,3478
49.800000,60.00000000,3.827647e-09,3479
49.816667,60.00000000,3.823498e-09,3480
49.833333,60.00000000,3.819354e-09,3481
49.850000,60.00000000,3.815216e-09,3482
49.866667,60.00000000,3.811085e-09,3483
49.883333,60.00000000,3.806960e-09,3484
49.900000,60.00000000,3.802841e-09,3485
49.916667,60.00000000,3.798728e-09,3486
49.933333,60.00000000,3.794621e-09,3487
49.950000,60.00000000,3.790520e-09,3488
49.966667,60.00000000,3.786426e-09,3489
49.983333,60.00000000,3.782337e-09,3490
50.000000,60.00000000,3.778255e-09,3491
50.016667,60.00000000,3.774178e-09,3492
50.033333,60.00000000,3.770108e-09,3493
50.050000,60.00000000,3.766043e-09,3494
50.066667,60.00000000,3.761985e-09,3495
50.083333,60.00000000,3.757933e-09,3496
50.100000,60.00000000,3.753886e-09,3497
50.116667,60.00000000,3.749846e-09,3498
50.133333,60.00000000,3.745811e-09,3499
50.150000,60.00000000,3.741783e-09,3500
50.166667,60.00000000,3.737760e-09,3501
50.183333,60.00000000,3.733744e-09,3502
50.200000,60.00000000,3.729733e-09,3503
50.216667,60.00000000,3.725728e-09,3504
50.233333,60.00000000,3.721729e-09,3505
50.250000,60.00000000,3.717736e-09,3506
50.266667,60.00000000,3.713749e-09,3507
50.283333,60.00000000,3.709768e-09,3508
50.300000,60.00000000,3.705792e-09,3509
50.316667,60.00000000,3.701823e-09,3510
50.333333,60.00000000,3.697859e-09,3511
50.350000,60.00000000,3.693901e-09,3512
50.366667,60.00000000,3.689949e-09,3513
50.383333,60.00000000,3.686003e-09,3514
50.400000,60.00000000,3.682063e-09,3515
50.416667,60.00000000,3.678128e-09,3516
50.433333,60.00000000,3.674199e-09,3517
50.450000,60.00000000,3.670276e-09,3518
50.466667,60.00000000,3.666359e-09,3519
50.483333,60.00000000,3.662447e-09,3520
50.500000,60.00000000,3.658541e-09,3521
50.516667,60.00000000,3.654641e-09,3522
50.533333,60.00000000,3.650746e-09,3523
50.550000,60.00000000,3.646858e-09,3524
50.566667,60.00000000,3.642974e-09,3525
50.583333,60.00000000,3.639097e-09,3526
50.600000,60.00000000,3.635225e-09,3527
50.616667,60.00000000,3.631359e-09,3528
50.633333,60.00000000,3.627499e-09,3529
50.650000,60.00000000,3.623644e-09,3530
50.666667,60.00000000,3.619795e-09,3531
50.683333,60.00000000,3.615951e-09,3532
50.700000,60.00000000,3.612113e-09,3533
50.716667,60.00000000,3.608281e-09,3534
50.733333,60.00000000,3.604454e-09,3535
50.750000,60.00000000,3.600633e-09,3536
50.766667,60.00000000,3.596817e-09,3537
50.783333,60.00000000,3.593007e-09,3538
50.800000,60.00000000,3.589202e-09,3539
50.816667,60.00000000,3.585403e-09,3540
50.833333,60.00000000,3.581610e-09,3541
50.850000,60.00000000,3.577822e-09,3542
50.866667,60.00000000,3.574039e-09,3543
50.883333,60.00000000,3.570262e-09,3544
50.900000,60.00000000,3.566491e-09,3545
50.916667,60.00000000,3.562725e-09,3546
50.933333,60.00000000,3.558964e-09,3547
50.950000,60.00000000,3.555209e-09,3548
50.966667,60.00000000,3.551459e-09,3549
50.983333,60.00000000,3.547715e-09,3550
51.000000,60.00000000,3.543976e-09,3551
51.016667,60.00000000,3.540243e-09,3552
51.033333,60.00000000,3.536515e-09,3553
51.050000,60.00000000,3.532792e-09,3554
51.066667,60.00000000,3.529075e-09,3555
51.083333,60.00000000,3.525363e-09,3556
51.100000,60.00000000,3.521656e-09,3557
51.116667,60.00000000,3.517955e-09,3558
51.133333,60.00000000,3.514259e-09,3559
51.150000,60.00000000,3.510569e-09,3560
51.166667,60.00000000,3.506883e-09,3561
51.183333,60.00000000,3.503204e-09,3562
51.200000,60.00000000,3.499529e-09,3563
51.216667,60.00000000,3.495860e-09,3564
51.233333,60.00000000,3.492196e-09,3565
51.250000,60.00000000,3.488537e-09,3566
51.266667,60.00000000,3.484884e-09,3567
51.283333,60.00000000,3.481235e-09,3568
51.300000,60.00000000,3.477592e-09,3569
51.316667,60.00000000,3.473955e-09,3570
51.333333,60.00000000,3.470322e-09,3571
51.350000,60.00000000,3.466695e-09,3572
51.366667,60.00000000,3.463073e-09,3573
51.383333,60.00000000,3.459456e-09,3574
51.400000,60.00000000,3.455844e-09,3575
51.416667,60.00000000,3.452238e-09,3576
51.433333,60.00000000,3.448636e-09,3577
51.450000,60.00000000,3.445040e-09,3578
51.466667,60.00000000,3.441449e-09,3579
51.483333,60.00000000,3.437863e-09,3580
51.500000,60.00000000,3.434283e-09,3581
51.516667,60.00000000,3.430707e-09,3582
51.533333,60.00000000,3.427136e-09,3583
51.550000,60.00000000,3.423571e-09,3584
51.566667,60.00000000,3.420011e-09,3585
51.583333,60.00000000,3.416456e-09,3586
51.600000,60.00000000,3.412905e-09,3587
51.616667,60.00000000,3.409360e-09,3588
51.633333,60.00000000,3.405820e-09,3589
51.650000,60.00000000,3.402285e-09,3590
51.666667,60.00000000,3.398755e-09,3591
51.683333,60.00000000,3.395231e-09,3592
51.700000,60.00000000,3.391711e-09,3593
51.716667,60.00000000,3.388196e-09,3594
51.733333,60.00000000,3.384686e-09,3595
51.750000,60.00000000,3.381181e-09,3596
51.766667,60.00000000,3.377681e-09,3597
51.783333,60.00000000,3.374186e-09,3598
51.800000,60.00000000,3.370696e-09,3599
51.816667,60.00000000,3.367211e-09,3600
51.833333,60.00000000,3.363731e-09,3601
51.850000,60.00000000,3.360256e-09,3602
51.866667,60.00000000,3.356786e-09,3603
51.883333,60.00000000,3.353321e-09,3604
51.900000,60.00000000,3.349861e-09,3605
51.916667,60.00000000,3.346405e-09,3606
51.933333,60.00000000,3.342955e-09,3607
51.950000,60.00000000,3.339509e-09,3608
51.966667,60.00000000,3.336068e-09,3609
51.983333,60.00000000,3.332632e-09,3610
52.000000,60.00000000,3.329201e-09,3611
52.016667,60.00000000,3.325775e-09,3612
52.033333,60.00000000,3.322354e-09,3613
52.050000,60.00000000,3.318937e-09,3614
52.066667,60.00000000,3.315526e-09,3615
52.083333,60.00000000,3.312119e-09,3616
52.100000,60.00000000,3.308717e-09,3617
52.116667,60.00000000,3.305320e-09,3618
52.133333,60.00000000,3.301927e-09,3619
52.150000,60.00000000,3.298540e-09,3620
52.166667,60.00000000,3.295157e-09,3621
52.183333,60.00000000,3.291779e-09,3622
52.200000,60.00000000,3.288406e-09,3623
52.216667,60.00000000,3.285037e-09,3624
52.233333,60.00000000,3.281673e-09,3625
52.250000,60.00000000,3.278314e-09,3626
52.266667,60.00000000,3.274960e-09,3627
52.283333,60.00000000,3.271610e-09,3628
52.300000,60.00000000,3.268265e-09,3629
52.316667,60.00000000,3.264925e-09,3630
52.333333,60.00000000,3.261589e-09,3631
52.350000,60.00000000,3.258258e-09,3632
52.366667,60.00000000,3.254932e-09,3633
52.383333,60.00000000,3.251611e-09,3634
52.400000,60.00000000,3.248294e-09,3635
52.416667,60.00000000,3.244981e-09,3636
52.433333,60.00000000,3.241674e-09,3637
52.450000,60.00000000,3.238371e-09,3638
52.466667,60.00000000,3.235073e-09,3639
52.483333,60.00000000,3.231779e-09,3640
52.500000,60.00000000,3.228490e-09,3641
52.516667,60.00000000,3.225205e-09,3642
52.533333,60.00000000,3.221925e-09,3643
52.550000,60.00000000,3.218650e-09,3644
52.566667,60.00000000,3.215379e-09,3645
52.583333,60.00000000,3.212113e-09,3646
52.600000,60.00000000,3.208852e-09,3647
52.616667,60.00000000,3.205594e-09,3648
52.633333,60.00000000,3.202342e-09,3649
52.650000,60.00000000,3.199094e-09,3650
52.666667,60.00000000,3.195851e-09,3651
52.683333,60.00000000,3.192612e-09,3652
52.700000,60.00000000,3.189377e-09,3653
52.716667,60.00000000,3.186147e-09,3654
52.733333,60.00000000,3.182922e-09,3655
52.750000,60.00000000,3.179701e-09,3656
52.766667,60.00000000,3.176484e-09,3657
52.783333,60.00000000,3.173273e-09,3658
52.800000,60.00000000,3.170065e-09,3659
52.816667,60.00000000,3.166862e-09,3660
52.833333,60.00000000,3.163663e-09,3661
52.850000,60.00000000,3.160469e-09,3662
52.866667,60.00000000,3.157279e-09,3663
52.883333,60.00000000,3.154094e-09,3664
52.900000,60.00000000,3.150913e-09,3665
52.916667,60.00000000,3.147737e-09,3666
52.933333,60.00000000,3.144565e-09,3667
52.950000,60.00000000,3.141397e-09,3668
52.966667,60.00000000,3.138234e-09,3669
52.983333,60.00000000,3.135075e-09,3670
53.000000,60.00000000,3.131920e-09,3671
53.016667,60.00000000,3.128770e-09,3672
53.033333,60.00000000,3.125624e-09,3673
53.050000,60.00000000,3.122483e-09,3674
53.066667,60.00000000,3.119346e-09,3675
53.083333,60.00000000,3.116213e-09,3676
53.100000,60.00000000,3.113084e-09,3677
53.116667,60.00000000,3.109960e-09,3678
53.133333,60.00000000,3.106840e-09,3679
53.150000,60.00000000,3.103725e-09,3680
53.166667,60.00000000,3.100614e-09,3681
53.183333,60.00000000,3.097507e-09,3682
53.200000,60.00000000,3.094404e-09,3683
53.216667,60.00000000,3.091306e-09,3684
53.233333,60.00000000,3.088211e-09,3685
53.250000,60.00000000,3.085122e-09,3686
53.266667,60.00000000,3.082036e-09,3687
53.283333,60.00000000,3.078955e-09,3688
53.300000,60.00000000,3.075877e-09,3689
53.316667,60.00000000,3.072804e-09,3690
53.333333,60.00000000,3.069736e-09,3691
53.350000,60.00000000,3.066671e-09,3692
53.366667,60.00000000,3.063611e-09,3693
53.383333,60.00000000,3.060555e-09,3694
53.400000,60.00000000,3.057503e-09,3695
53.416667,60.00000000,3.054455e-09,3696
53.433333,60.00000000,3.051412e-09,3697
53.450000,60.00000000,3.048372e-09,3698
53.466667,60.00000000,3.045337e-09,3699
53.483333,60.00000000,3.042306e-09,3700
53.500000,60.00000000,3.039279e-09,3701
53.516667,60.00000000,3.036257e-09,3702
53.533333,60.00000000,3.033238e-09,3703
53.550000,60.00000000,3.030224e-09,3704
53.566667,60.00000000,3.027213e-09,3705
53.583333,60.00000000,3.024207e-09,3706
53.600000,60.00000000,3.021205e-09,3707
53.616667,60.00000000,3.018207e-09,3708
53.633333,60.00000000,3.015213e-09,3709
53.650000,60.00000000,3.012223e-09,3710
53.666667,60.00000000,3.009237e-09,3711
53.683333,60.00000000,3.006255e-09,3712
53.700000,60.00000000,3.003278e-09,3713
53.716667,60.00000000,3.000304e-09,3714
53.733333,60.00000000,2.997335e-09,3715
53.750000,60.00000000,2.994369e-09,3716
53.766667,60.00000000,2.991408e-09,3717
53.783333,60.00000000,2.988450e-09,3718
53.800000,60.00000000,2.985497e-09,3719
53.816667,60.00000000,2.982547e-09,3720
53.833333,60.00000000,2.979602e-09,3721
53.850000,60.00000000,2.976661e-09,3722
53.866667,60.00000000,2.973723e-09,3723
53.883333,60.00000000,2.970790e-09,3724
53.900000,60.00000000,2.967860e-09,3725
53.916667,60.00000000,2.964935e-09,3726
53.933333,60.00000000,2.962013e-09,3727
53.950000,60.00000000,2.959096e-09,3728
53.966667,60.00000000,2.956182e-09,3729
53.983333,60.00000000,2.953273e-09,3730
54.000000,60.00000000,2.950367e-09,3731
54.016667,60.00000000,2.947465e-09,3732
54.033333,60.00000000,2.944567e-09,3733
54.050000,60.00000000,2.941673e-09,3734
54.066667,60.00000000,2.938783e-09,3735
54.083333,60.00000000,2.935897e-09,3736
54.100000,60.00000000,2.933015e-09,3737
54.116667,60.00000000,2.930137e-09,3738
54.133333,60.00000000,2.927262e-09,3739
54.150000,60.00000000,2.924392e-09,3740
54.166667,60.00000000,2.921525e-09,3741
54.183333,60.00000000,2.918662e-09,3742
54.200000,60.00000000,2.915803e-09,3743
54.216667,60.00000000,2.912948e-09,3744
54.233333,60.00000000,2.910097e-09,3745
54.250000,60.00000000,2.907250e-09,3746
54.266667,60.00000000,2.904406e-09,3747
54.283333,60.00000000,2.901566e-09,3748
54.300000,60.00000000,2.898730e-09,3749
54.316667,60.00000000,2.895898e-09,3750
54.333333,60.00000000,2.893070e-09,3751
54.350000,60.00000000,2.890245e-09,3752
54.366667,60.00000000,2.887425e-09,3753
54.383333,60.00000000,2.884608e-09,3754
54.400000,60.00000000,2.881795e-09,3755
54.416667,60.00000000,2.878985e-09,3756
54.433333,60.00000000,2.876180e-09,3757
54.450000,60.00000000,2.873378e-09,3758
54.466667,60.00000000,2.870580e-09,3759
54.483333,60.00000000,2.867785e-09,3760
54.500000,60.00000000,2.864995e-09,3761
54.516667,60.00000000,2.862208e-09,3762
54.533333,60.00000000,2.859425e-09,3763
54.550000,60.00000000,2.856645e-09,3764
54.566667,60.00000000,2.853870e-09,3765
54.583333,60.00000000,2.851098e-09,3766
54.600000,60.00000000,2.848329e-09,3767
54.616667,60.00000000,2.845565e-09,3768
54.633333,60.00000000,2.842804e-09,3769
54.650000,60.00000000,2.840047e-09,3770
54.666667,60.00000000,2.837293e-09,3771
54.683333,60.00000000,2.834543e-09,3772
54.700000,60.00000000,2.831797e-09,3773
54.716667,60.00000000,2.829055e-09,3774
54.733333,60.00000000,2.826316e-09,3775
54.750000,60.00000000,2.823581e-09,3776
54.766667,60.00000000,2.820849e-09,3777
54.783333,60.00000000,2.818121e-09,3778
54.800000,60.00000000,2.815397e-09,3779
54.816667,60.00000000,2.812676e-09,3780
54.833333,60.00000000,2.809959e-09,3781
54.850000,60.00000000,2.807245e-09,3782
54.866667,60.00000000,2.804536e-09,3783
54.883333,60.00000000,2.801829e-09,3784
54.900000,60.00000000,2.799127e-09,3785
54.916667,60.00000000,2.796428e-09,3786
54.933333,60.00000000,2.793732e-09,3787
54.950000,60.00000000,2.791040e-09,3788
54.966667,60.00000000,2.788352e-09,3789
54.983333,60.00000000,2.785667e-09,3790
55.000000,60.00000000,2.782986e-09,3791
55.016667,60.00000000,2.780308e-09,3792
55.033333,60.00000000,2.777634e-09,3793
55.050000,60.00000000,2.774964e-09,3794
55.066667,60.00000000,2.772297e-09,3795
55.083333,60.00000000,2.769633e-09,3796
55.100000,60.00000000,2.766973e-09,3797
55.116667,60.00000000,2.764317e-09,3798
55.133333,60.00000000,2.761664e-09,3799
55.150000,60.00000000,2.759014e-09,3800
55.166667,60.00000000,2.756368e-09,3801
55.183333,60.00000000,2.753726e-09,3802
55.200000,60.00000000,2.751087e-09,3803
55.216667,60.00000000,2.748451e-09,3804
55.233333,60.00000000,2.745819e-09,3805
55.250000,60.00000000,2.743191e-09,3806
55.266667,60.00000000,2.740566e-09,3807
55.283333,60.00000000,2.737944e-09,3808
55.300000,60.00000000,2.735326e-09,3809
55.316667,60.00000000,2.732711e-09,3810
55.333333,60.00000000,2.730100e-09,3811
55.350000,60.00000000,2.727492e-09,3812
55.366667,60.00000000,2.724887e-09,3813
55.383333,60.00000000,2.722287e-09,3814
55.400000,60.00000000,2.719689e-09,3815
55.416667,60.00000000,2.717095e-09,3816
55.433333,60.00000000,2.714504e-09,3817
55.450000,60.00000000,2.711917e-09,3818
55.466667,60.00000000,2.709333e-09,3819
55.483333,60.00000000,2.706752e-09,3820
55.500000,60.00000000,2.704175e-09,3821
55.516667,60.00000000,2.701601e-09,3822
55.533333,60.00000000,2.699031e-09,3823
55.550000,60.00000000,2.696463e-09,3824
55.566667,60.00000000,2.693900e-09,3825
55.583333,60.00000000,2.691339e-09,3826
55.600000,60.00000000,2.688782e-09,3827
55.616667,60.00000000,2.686229e-09,3828
55.633333,60.00000000,2.683678e-09,3829
55.650000,60.00000000,2.681131e-09,3830
55.666667,60.00000000,2.678588e-09,3831
55.683333,60.00000000,2.676047e-09,3832
55.700000,60.00000000,2.673510e-09,3833
55.716667,60.00000000,2.670977e-09,3834
55.733333,60.00000000,2.668446e-09,3835
55.750000,60.00000000,2.665919e-09,3836
55.766667,60.00000000,2.663395e-09,3837
55.783333,60.00000000,2.660875e-09,3838
55.800000,60.00000000,2.658357e-09,3839
55.816667,60.00000000,2.655843e-09,3840
55.833333,60.00000000,2.653333e-09,3841
55.850000,60.00000000,2.650825e-09,3842
55.866667,60.00000000,2.648321e-09,3843
55.883333,60.00000000,2.645820e-09,3844
55.900000,60.00000000,2.643323e-09,3845
55.916667,60.00000000,2.640828e-09,3846
55.933333,60.00000000,2.638337e-09,3847
55.950000,60.00000000,2.635849e-09,3848
55.966667,60.00000000,2.633364e-09,3849
55.983333,60.00000000,2.630883e-09,3850
56.000000,60.00000000,2.628405e-09,3851
56.016667,60.00000000,2.625930e-09,3852
56.033333,60.00000000,2.623458e-09,3853
56.050000,60.00000000,2.620989e-09,3854
56.066667,60.00000000,2.618524e-09,3855
56.083333,60.00000000,2.616062e-09,3856
56.100000,60.00000000,2.613603e-09,3857
56.116667,60.00000000,2.611147e-09,3858
56.133333,60.00000000,2.608694e-09,3859
56.150000,60.00000000,2.606244e-09,3860
56.166667,60.00000000,2.603798e-09,3861
56.183333,60.00000000,2.601355e-09,3862
56.200000,60.00000000,2.598915e-09,3863
56.216667,60.00000000,2.596478e-09,3864
56.233333,60.00000000,2.594044e-09,3865
56.250000,60.00000000,2.591614e-09,3866
56.266667,60.00000000,2.589186e-09,3867
56.283333,60.00000000,2.586762e-09,3868
56.300000,60.00000000,2.584341e-09,3869
56.316667,60.00000000,2.581923e-09,3870
56.333333,60.00000000,2.579508e-09,3871
56.350000,60.00000000,2.577096e-09,3872
56.366667,60.00000000,2.574687e-09,3873
56.383333,60.00000000,2.572281e-09,3874
56.400000,60.00000000,2.569879e-09,3875
56.416667,60.00000000,2.567479e-09,3876
56.433333,60.00000000,2.565083e-09,3877
56.450000,60.00000000,2.562690e-09,3878
56.466667,60.00000000,2.560300e-09,3879
56.483333,60.00000000,2.557912e-09,3880
56.500000,60.00000000,2.555528e-09,3881
56.516667,60.00000000,2.553147e-09,3882
56.533333,60.00000000,2.550769e-09,3883
56.550000,60.00000000,2.548394e-09,3884
56.566667,60.00000000,2.546023e-09,3885
56.583333,60.00000000,2.543654e-09,3886
56.600000,60.00000000,2.541288e-09,3887
56.616667,60.00000000,2.538925e-09,3888
56.633333,60.00000000,2.536565e-09,3889
56.650000,60.00000000,2.534209e-09,3890
56.666667,60.00000000,2.531855e-09,3891
56.683333,60.00000000,2.529504e-09,3892
56.700000,60.00000000,2.527157e-09,3893
56.716667,60.00000000,2.524812e-09,3894
56.733333,60.00000000,2.522470e-09,3895
56.750000,60.00000000,2.520132e-09,3896
56.766667,60.00000000,2.517796e-09,3897
56.783333,60.00000000,2.515463e-09,3898
56.800000,60.00000000,2.513133e-09,3899
56.816667,60.00000000,2.510807e-09,3900
56.833333,60.00000000,2.508483e-09,3901
56.850000,60.00000000,2.506162e-09,3902
56.866667,60.00000000,2.503844e-09,3903
56.883333,60.00000000,2.501529e-09,3904
56.900000,60.00000000,2.499217e-09,3905
56.916667,60.00000000,2.496908e-09,3906
56.933333,60.00000000,2.494602e-09,3907
56.950000,60.00000000,2.492299e-09,3908
56.966667,60.00000000,2.489999e-09,3909
56.983333,60.00000000,2.487701e-09,3910
57.000000,60.00000000,2.485407e-09,3911
57.016667,60.00000000,2.483116e-09,3912
57.033333,60.00000000,2.480827e-09,3913
57.050000,60.00000000,2.478541e-09,3914
57.066667,60.00000000,2.476259e-09,3915
57.083333,60.00000000,2.473979e-09,3916
57.100000,60.00000000,2.471702e-09,3917
57.116667,60.00000000,2.469428e-09,3918
57.133333,60.00000000,2.467157e-09,3919
57.150000,60.00000000,2.464888e-09,3920
57.166667,60.00000000,2.462623e-09,3921
57.183333,60.00000000,2.460360e-09,3922
57.200000,60.00000000,2.458101e-09,3923
57.216667,60.00000000,2.455844e-09,3924
57.233333,60.00000000,2.453590e-09,3925
57.250000,60.00000000,2.451338e-09,3926
57.266667,60.00000000,2.449090e-09,3927
57.283333,60.00000000,2.446845e-09,3928
57.300000,60.00000000,2.444602e-09,3929
57.316667,60.00000000,2.442362e-09,3930
57.333333,60.00000000,2.440125e-09,3931
57.350000,60.00000000,2.437891e-09,3932
57.366667,60.00000000,2.435660e-09,3933
57.383333,60.00000000,2.433431e-09,3934
57.400000,60.00000000,2.431206e-09,3935
57.416667,60.00000000,2.428983e-09,3936
57.433333,60.00000000,2.426763e-09,3937
57.450000,60.00000000,2.424545e-09,3938
57.466667,60.00000000,2.422331e-09,3939
57.483333,60.00000000,2.420119e-09,3940
57.500000,60.00000000,2.417910e-09,3941
57.516667,60.00000000,2.415704e-09,3942
