t_s,R_m,M_intCxi,U_intRhoCpT,C_R,T_R,Cinf,Tinf
0.000,0.02000000,1.2750000000e+00,1.8808861972e+04,2.55000000,28.000000,0.01963000,28.000000
60.000,0.01995767,1.2696693653e+00,1.8810527412e+04,2.08605850,28.352393,0.02002000,28.528000
120.000,0.01991533,1.2648990715e+00,1.8821439664e+04,1.92931876,28.641819,0.02053000,29.192000
180.000,0.01987300,1.2604284987e+00,1.8840901678e+04,1.82307020,28.928487,0.02100000,29.684000
240.000,0.01983067,1.2561737680e+00,1.8864623358e+04,1.74163481,29.196396,0.02151000,30.037000
300.000,0.01978833,1.2520883910e+00,1.8896784690e+04,1.67581800,29.521436,0.02191000,30.834000
360.000,0.01974600,1.2481411247e+00,1.8937695173e+04,1.62081769,29.842371,0.02233000,31.293000
420.000,0.01970367,1.2443104409e+00,1.8983645911e+04,1.57360642,30.166411,0.02278000,31.820000
480.000,0.01966133,1.2405802321e+00,1.9032413093e+04,1.53229672,30.466215,0.02325000,32.121000
540.000,0.01961900,1.2369381906e+00,1.9085374654e+04,1.49581110,30.796291,0.02377000,32.730000
600.000,0.01957667,1.2333737367e+00,1.9144211828e+04,1.46338185,31.132019,0.02428000,33.202000
660.000,0.01953433,1.2298780133e+00,1.9209558100e+04,1.43436974,31.499815,0.02465000,33.879000
720.000,0.01949200,1.2264433926e+00,1.9279695150e+04,1.40816887,31.850091,0.02506000,34.268000
780.000,0.01944967,1.2230640877e+00,1.9352961542e+04,1.38431540,32.209941,0.02552000,34.806000
840.000,0.01940733,1.2197350537e+00,1.9428476073e+04,1.36248296,32.551646,0.02612000,35.142000
900.000,0.01936500,1.2164520586e+00,1.9504473060e+04,1.34231975,32.887588,0.02660000,35.524000
960.000,0.01932267,1.2132108290e+00,1.9583987209e+04,1.32379436,33.251774,0.02687000,36.091000
1020.000,0.01928033,1.2100076307e+00,1.9665021480e+04,1.30664192,33.589359,0.02732000,36.354000
1080.000,0.01923800,1.2068398562e+00,1.9749753724e+04,1.29087821,33.976152,0.02793000,37.067000
1140.000,0.01919567,1.2037039584e+00,1.9838503600e+04,1.27634364,34.346373,0.02826000,37.419000
1200.000,0.01915333,1.2005975512e+00,1.9928224041e+04,1.26279982,34.717631,0.02891000,37.882000
1260.000,0.01911100,1.1975183376e+00,2.0017619702e+04,1.25006431,35.063247,0.02921000,38.134000
1320.000,0.01906867,1.1944641839e+00,2.0109198885e+04,1.23822543,35.450208,0.02961000,38.767000
1380.000,0.01902633,1.1914332123e+00,2.0203645357e+04,1.22728256,35.826260,0.03029000,39.125000
1440.000,0.01898400,1.1884235102e+00,2.0297269532e+04,1.21691626,36.186859,0.03051000,39.458000
1500.000,0.01894167,1.1854335959e+00,2.0387563899e+04,1.20699761,36.511099,0.03098000,39.595000
1560.000,0.01889933,1.1824626416e+00,2.0476795505e+04,1.19762479,36.863255,0.03137000,40.061000
1620.000,0.01885700,1.1795091418e+00,2.0565114005e+04,1.18876567,37.191895,0.03179000,40.238000
1680.000,0.01881467,1.1765721153e+00,2.0651829499e+04,1.18035264,37.532461,0.03219000,40.621000
1740.000,0.01877233,1.1736502323e+00,2.0741330661e+04,1.17258050,37.910429,0.03262000,41.166000
1800.000,0.01873000,1.1707420214e+00,2.0832540948e+04,1.16534530,38.279978,0.03307000,41.513000
1860.000,0.01870367,1.1678479637e+00,2.0924585617e+04,1.15815555,38.597118,0.03345000,41.918000
1920.000,0.01867733,1.1649694722e+00,2.1014249704e+04,1.15098476,38.867152,0.03403000,41.952000
1980.000,0.01865100,1.1621066068e+00,2.1101094795e+04,1.14393399,39.148114,0.03447000,42.263000
2040.000,0.01862467,1.1592584020e+00,2.1188617389e+04,1.13718651,39.443990,0.03476000,42.589000
2100.000,0.01859833,1.1564241073e+00,2.1274698251e+04,1.13065289,39.718977,0.03513000,42.745000
2160.000,0.01857200,1.1536035048e+00,2.1358595805e+04,1.12431631,39.992872,0.03558000,42.985000
2220.000,0.01854567,1.1507961211e+00,2.1443430071e+04,1.11832573,40.295102,0.03609000,43.393000
2280.000,0.01851933,1.1480010267e+00,2.1527571062e+04,1.11256694,40.572571,0.03646000,43.534000
2340.000,0.01849300,1.1452172390e+00,2.1611677912e+04,1.10703413,40.878261,0.03653000,43.970000
2400.000,0.01846667,1.1424441033e+00,2.1695241864e+04,1.10173938,41.158106,0.03694000,44.102000
2460.000,0.01844033,1.1396815673e+00,2.1778180217e+04,1.09667117,41.459914,0.03731000,44.503000
2520.000,0.01841400,1.1369288849e+00,2.1860533950e+04,1.09181303,41.742146,0.03766000,44.663000
2580.000,0.01838767,1.1341859308e+00,2.1938209760e+04,1.08698935,41.988169,0.03812000,44.701000
2640.000,0.01836133,1.1314524451e+00,2.2015140203e+04,1.08236299,42.277378,0.03840000,45.138000
2700.000,0.01833500,1.1287273782e+00,2.2092518568e+04,1.07795975,42.556335,0.03858000,45.323000
2760.000,0.01830867,1.1260106988e+00,2.2165228570e+04,1.07358050,42.792786,0.03903000,45.324000
2820.000,0.01828233,1.1233026671e+00,2.2233397127e+04,1.06923253,43.026197,0.03940000,45.462000
2880.000,0.01825600,1.1206026130e+00,2.2301422198e+04,1.06507639,43.295020,0.03954000,45.818000
2940.000,0.01822967,1.1179103451e+00,2.2366235418e+04,1.06101557,43.514325,0.04013000,45.739000
3000.000,0.01820333,1.1152257108e+00,2.2426595492e+04,1.05693532,43.740559,0.04011000,45.930000
3060.000,0.01817700,1.1125486153e+00,2.2484281337e+04,1.05298285,43.957044,0.04076000,45.999000
3120.000,0.01815067,1.1098786466e+00,2.2543281515e+04,1.04924522,44.234636,0.04070000,46.512000
3180.000,0.01812433,1.1072149984e+00,2.2602948854e+04,1.04573716,44.485088,0.04128000,46.602000
3240.000,0.01809800,1.1045578900e+00,2.2659392827e+04,1.04226326,44.722271,0.04157000,46.761000
3300.000,0.01807167,1.1019068146e+00,2.2713820018e+04,1.03887029,44.958793,0.04187000,46.933000
3360.000,0.01804533,1.0992615051e+00,2.2764172157e+04,1.03546382,45.162486,0.04205000,46.912000
3420.000,0.01801900,1.0966219775e+00,2.2811043626e+04,1.03208246,45.375854,0.04229000,47.089000
3480.000,0.01799267,1.0939881181e+00,2.2853697064e+04,1.02869122,45.555516,0.04247000,47.008000
3540.000,0.01796633,1.0913601552e+00,2.2891815669e+04,1.02529279,45.738978,0.04277000,47.111000
3600.000,0.01794000,1.0887375696e+00,2.2930771920e+04,1.02206476,45.971876,0.04272000,47.485000
3660.000,0.01790967,1.0861196189e+00,2.2968562876e+04,1.01905093,46.191893,0.04312000,47.498000
3720.000,0.01787933,1.0835060744e+00,2.3002731735e+04,1.01610623,46.407450,0.04333000,47.646000
3780.000,0.01784900,1.0808966098e+00,2.3035516570e+04,1.01329770,46.632820,0.04369000,47.840000
3840.000,0.01781867,1.0782907175e+00,2.3065472798e+04,1.01051923,46.836097,0.04373000,47.873000
3900.000,0.01778833,1.0756881752e+00,2.3091309835e+04,1.00773060,47.026640,0.04389000,47.926000
3960.000,0.01775800,1.0730893077e+00,2.3113955621e+04,1.00498675,47.216462,0.04420000,48.016000
4020.000,0.01772767,1.0704938722e+00,2.3132435829e+04,1.00221218,47.383472,0.04422000,47.977000
4080.000,0.01769733,1.0679018111e+00,2.3145525711e+04,0.99937264,47.531670,0.04435000,47.926000
4140.000,0.01766700,1.0653135523e+00,2.3157192193e+04,0.99664568,47.721467,0.04468000,48.199000
4200.000,0.01763667,1.0627287504e+00,2.3167116121e+04,0.99398235,47.887384,0.04483000,48.166000
4260.000,0.01760633,1.0601470911e+00,2.3174369977e+04,0.99133383,48.064364,0.04491000,48.331000
4320.000,0.01757600,1.0575684300e+00,2.3182470417e+04,0.98884854,48.272091,0.04514000,48.615000
4380.000,0.01754567,1.0549925963e+00,2.3186398783e+04,0.98631698,48.411052,0.04530000,48.380000
4440.000,0.01751533,1.0524198764e+00,2.3183636585e+04,0.98364875,48.537119,0.04543000,48.357000
4500.000,0.01748500,1.0498503923e+00,2.3179138755e+04,0.98104281,48.693364,0.04561000,48.526000
4560.000,0.01745467,1.0472840987e+00,2.3173541927e+04,0.97852136,48.848075,0.04589000,48.590000
4620.000,0.01742433,1.0447205358e+00,2.3167595562e+04,0.97607125,49.026126,0.04585000,48.825000
4680.000,0.01739400,1.0421596787e+00,2.3160268272e+04,0.97369534,49.181752,0.04629000,48.827000
4740.000,0.01736367,1.0396016798e+00,2.3151014009e+04,0.97133920,49.346173,0.04641000,48.988000
4800.000,0.01733333,1.0370457643e+00,2.3139631216e+04,0.96896970,49.491287,0.04633000,48.979000
4860.000,0.01730300,1.0344920185e+00,2.3123715973e+04,0.96652231,49.609152,0.04639000,48.900000
4920.000,0.01727267,1.0319409366e+00,2.3106573313e+04,0.96414067,49.764546,0.04660000,49.144000
4980.000,0.01724233,1.0293926113e+00,2.3085574472e+04,0.96172145,49.858650,0.04687000,48.870000
5040.000,0.01721200,1.0268471901e+00,2.3058527484e+04,0.95916135,49.946960,0.04689000,48.840000
5100.000,0.01718167,1.0243046853e+00,2.3029554006e+04,0.95663179,50.055095,0.04707000,48.913000
5160.000,0.01715133,1.0217648131e+00,2.3002647737e+04,0.95425258,50.217686,0.04705000,49.261000
5220.000,0.01712100,1.0192271285e+00,2.2975178546e+04,0.95193044,50.340049,0.04720000,49.169000
5280.000,0.01709067,1.0166917501e+00,2.2942509926e+04,0.94947998,50.427597,0.04713000,49.056000
5340.000,0.01706033,1.0141590912e+00,2.2908466333e+04,0.94708365,50.550880,0.04744000,49.257000
5400.000,0.01703000,1.0116288331e+00,2.2872333006e+04,0.94466225,50.640468,0.04728000,49.116000
5460.000,0.01700400,1.0091015432e+00,2.2835924682e+04,0.94222797,50.754289,0.04760000,49.415000
5520.000,0.01697800,1.0065778830e+00,2.2799402224e+04,0.93979058,50.839581,0.04777000,49.321000
5580.000,0.01695200,1.0040573204e+00,2.2759765330e+04,0.93722604,50.913746,0.04751000,49.317000
5640.000,0.01692600,1.0015402630e+00,2.2718122577e+04,0.93465137,50.984253,0.04782000,49.304000
5700.000,0.01690000,9.9902681925e-01,2.2676677155e+04,0.93210478,51.084564,0.04765000,49.492000
5760.000,0.01687400,9.9651696000e-01,2.2633998589e+04,0.92958015,51.154132,0.04802000,49.384000
5820.000,0.01684800,9.9401078837e-01,2.2587210718e+04,0.92692355,51.199115,0.04779000,49.272000
5880.000,0.01682200,9.9150871575e-01,2.2538332344e+04,0.92427943,51.256838,0.04827000,49.310000
5940.000,0.01679600,9.8901038531e-01,2.2493257993e+04,0.92177762,51.390373,0.04795000,49.749000
6000.000,0.01677000,9.8651527301e-01,2.2450427486e+04,0.91942006,51.496018,0.04841000,49.743000
6060.000,0.01674400,9.8402378655e-01,2.2404410869e+04,0.91697355,51.564021,0.04840000,49.660000
6120.000,0.01671800,9.8153556850e-01,2.2353698452e+04,0.91438527,51.594682,0.04836000,49.463000
6180.000,0.01669200,9.7905106270e-01,2.2303774893e+04,0.91188104,51.697294,0.04851000,49.830000
6240.000,0.01666600,9.7656999888e-01,2.2255034300e+04,0.90945495,51.773467,0.04858000,49.753000
6300.000,0.01664000,9.7409244256e-01,2.2203631703e+04,0.90697418,51.833553,0.04871000,49.739000
6360.000,0.01661400,9.7161804881e-01,2.2149407454e+04,0.90439981,51.871814,0.04842000,49.622000
6420.000,0.01658800,9.6914721880e-01,2.2092104664e+04,0.90178055,51.901946,0.04864000,49.550000
6480.000,0.01656200,9.6668020712e-01,2.2032396311e+04,0.89910455,51.927216,0.04845000,49.477000
6540.000,0.01653600,9.6421709775e-01,2.1975606712e+04,0.89659805,52.030410,0.04875000,49.891000
6600.000,0.01651000,9.6175740682e-01,2.1919237811e+04,0.89411594,52.078725,0.04858000,49.683000
6660.000,0.01648400,9.5930136841e-01,2.1858278349e+04,0.89152433,52.098744,0.04882000,49.569000
6720.000,0.01645800,9.5684943811e-01,2.1796111396e+04,0.88893113,52.139620,0.04886000,49.633000
6780.000,0.01643200,9.5440114707e-01,2.1735317721e+04,0.88641194,52.207069,0.04885000,49.781000
6840.000,0.01640600,9.5195641197e-01,2.1672836335e+04,0.88386619,52.231060,0.04892000,49.592000
6900.000,0.01638000,9.4951557764e-01,2.1611348831e+04,0.88139856,52.316408,0.04908000,49.941000
6960.000,0.01635400,9.4707820331e-01,2.1551668325e+04,0.87901534,52.381211,0.04913000,49.902000
7020.000,0.01632800,9.4464395484e-01,2.1490176355e+04,0.87657530,52.429179,0.04902000,49.892000
7080.000,0.01630200,9.4221304407e-01,2.1426138652e+04,0.87408162,52.450684,0.04911000,49.759000
7140.000,0.01627600,9.3978603654e-01,2.1361186589e+04,0.87160371,52.495186,0.04930000,49.865000
7200.000,0.01625000,9.3736218206e-01,2.1296342208e+04,0.86911714,52.535977,0.04894000,49.852000
7260.000,0.01623800,9.3494269641e-01,2.1231883027e+04,0.86636802,52.503620,0.04897000,49.893000
7320.000,0.01622600,9.3252996799e-01,2.1165778517e+04,0.86336929,52.429882,0.04898000,49.619000
7380.000,0.01621400,9.3012499295e-01,2.1099949781e+04,0.86031121,52.403112,0.04929000,49.792000
7440.000,0.01620200,9.2772762883e-01,2.1034819406e+04,0.85719316,52.351392,0.04920000,49.612000
7500.000,0.01619000,9.2533797550e-01,2.0971278822e+04,0.85409164,52.347178,0.04941000,49.845000
7560.000,0.01617800,9.2295591735e-01,2.0909804604e+04,0.85100957,52.326768,0.04938000,49.770000
7620.000,0.01616600,9.2058112935e-01,2.0847180731e+04,0.84783481,52.287630,0.04924000,49.683000
7680.000,0.01615400,9.1821428004e-01,2.0784304275e+04,0.84465717,52.253544,0.04954000,49.669000
7740.000,0.01614200,9.1585541009e-01,2.0724614404e+04,0.84156148,52.268529,0.04950000,49.916000
7800.000,0.01613000,9.1350357034e-01,2.0665479395e+04,0.83843476,52.237413,0.04928000,49.714000
7860.000,0.01611800,9.1115906767e-01,2.0608807384e+04,0.83538635,52.272829,0.04935000,50.095000
7920.000,0.01610600,9.0882180336e-01,2.0554120210e+04,0.83238919,52.265151,0.04934000,49.929000
7980.000,0.01609400,9.0649182429e-01,2.0496752761e+04,0.82928384,52.230039,0.04929000,49.817000
8040.000,0.01608200,9.0416931960e-01,2.0440154791e+04,0.82620397,52.226769,0.04930000,49.943000
8100.000,0.01607000,9.0185485703e-01,2.0382231376e+04,0.82311445,52.173753,0.04971000,49.664000
8160.000,0.01605800,8.9954817341e-01,2.0327179918e+04,0.82009384,52.214259,0.04948000,50.135000
8220.000,0.01604600,8.9724823212e-01,2.0274297069e+04,0.81713123,52.200464,0.04947000,49.902000
8280.000,0.01603400,8.9495578796e-01,2.0220865946e+04,0.81416781,52.206775,0.04966000,50.056000
8340.000,0.01602200,8.9267069396e-01,2.0165513199e+04,0.81113010,52.150522,0.04959000,49.710000
8400.000,0.01601000,8.9039330936e-01,2.0109578698e+04,0.80809730,52.143351,0.04980000,49.915000
8460.000,0.01599800,8.8812335037e-01,2.0056141293e+04,0.80514277,52.141239,0.04973000,49.920000
8520.000,0.01598600,8.8586018947e-01,2.0005285718e+04,0.80225922,52.172681,0.04960000,50.147000
8580.000,0.01597400,8.8360366041e-01,1.9954626149e+04,0.79937963,52.158311,0.04956000,49.967000
8640.000,0.01596200,8.8135459919e-01,1.9901888686e+04,0.79646966,52.134210,0.04988000,49.921000
8700.000,0.01595000,8.7911293616e-01,1.9848095341e+04,0.79351860,52.100915,0.04976000,49.821000
8760.000,0.01593800,8.7687849796e-01,1.9794239688e+04,0.79058369,52.083060,0.04989000,49.856000
8820.000,0.01592600,8.7465075614e-01,1.9742168402e+04,0.78767878,52.086740,0.04949000,49.953000
8880.000,0.01591400,8.7242994805e-01,1.9690824841e+04,0.78484383,52.078545,0.04986000,49.915000
8940.000,0.01590200,8.7021650363e-01,1.9637211171e+04,0.78193554,52.031979,0.04977000,49.708000
9000.000,0.01589000,8.6801003495e-01,1.9586885805e+04,0.77914802,52.078580,0.04981000,50.163000
9060.000,0.01587767,8.6581035582e-01,1.9541121792e+04,0.77654098,52.117509,0.05004000,50.198000
9120.000,0.01586533,8.6361739935e-01,1.9491353061e+04,0.77380498,52.067393,0.05009000,49.820000
9180.000,0.01585300,8.6143078095e-01,1.9440491556e+04,0.77101138,52.068525,0.04976000,50.027000
9240.000,0.01584067,8.5925064119e-01,1.9389600993e+04,0.76825503,52.034508,0.04998000,49.804000
9300.000,0.01582833,8.5707773715e-01,1.9339857320e+04,0.76557116,52.056888,0.05016000,50.086000
9360.000,0.01581600,8.5491105684e-01,1.9290858022e+04,0.76288819,52.038622,0.04990000,49.891000
9420.000,0.01580367,8.5275060667e-01,1.9242096545e+04,0.76023136,52.053590,0.04998000,50.080000
9480.000,0.01579133,8.5059648372e-01,1.9195497940e+04,0.75765724,52.070420,0.04997000,50.113000
9540.000,0.01577900,8.4844836460e-01,1.9149269667e+04,0.75509466,52.080876,0.04990000,50.134000
9600.000,0.01576667,8.4630678607e-01,1.9099801199e+04,0.75246652,52.027541,0.05021000,49.804000
9660.000,0.01575433,8.4417192900e-01,1.9051817309e+04,0.74989328,52.062665,0.05014000,50.208000
9720.000,0.01574200,8.4204252328e-01,1.9004146660e+04,0.74730112,52.029103,0.04981000,49.865000
9780.000,0.01572967,8.3991970736e-01,1.8952512072e+04,0.74464239,51.982218,0.05025000,49.769000
9840.000,0.01571733,8.3780381393e-01,1.8903266724e+04,0.74207441,52.000711,0.05019000,50.027000
9900.000,0.01570500,8.3569344976e-01,1.8855639025e+04,0.73953126,51.996282,0.04989000,49.935000
9960.000,0.01569267,8.3358911286e-01,1.8809534018e+04,0.73707893,52.027980,0.05017000,50.165000
10020.000,0.01568033,8.3149036392e-01,1.8765298054e+04,0.73465973,52.046534,0.04980000,50.154000
10080.000,0.01566800,8.2939755496e-01,1.8718247702e+04,0.73220113,52.010286,0.05025000,49.909000
10140.000,0.01565567,8.2731107286e-01,1.8672400322e+04,0.72977948,52.042249,0.05008000,50.226000
10200.000,0.01564333,8.2523003055e-01,1.8626103265e+04,0.72734505,52.007450,0.05008000,49.895000
10260.000,0.01563100,8.2315456571e-01,1.8578083036e+04,0.72484437,51.998992,0.04980000,50.008000
10320.000,0.01561867,8.2108521500e-01,1.8530123934e+04,0.72240445,51.974159,0.05020000,49.878000
10380.000,0.01560633,8.1902163315e-01,1.8484685905e+04,0.72001646,52.015691,0.04976000,50.218000
10440.000,0.01559400,8.1696317809e-01,1.8438371846e+04,0.71761767,51.974437,0.04987000,49.832000
10500.000,0.01558167,8.1491079567e-01,1.8388146953e+04,0.71511090,51.929850,0.04982000,49.772000
10560.000,0.01556933,8.1286479918e-01,1.8340002918e+04,0.71272117,51.940021,0.05014000,49.968000
10620.000,0.01555700,8.1082437910e-01,1.8296630954e+04,0.71046070,51.995799,0.04985000,50.246000
10680.000,0.01554467,8.0878926569e-01,1.8254883299e+04,0.70828514,52.018397,0.05021000,50.196000
10740.000,0.01553233,8.0675968502e-01,1.8211579961e+04,0.70604930,52.014753,0.05008000,50.124000
10800.000,0.01552000,8.0473479022e-01,1.8168283926e+04,0.70378755,52.025626,0.04977000,50.195000
10860.000,0.01550600,8.0271457519e-01,1.8125481558e+04,0.70158817,52.043626,0.04975000,50.197000
10920.000,0.01549200,8.0069936344e-01,1.8080533842e+04,0.69936507,52.022507,0.04978000,50.009000
10980.000,0.01547800,7.9868975344e-01,1.8032942451e+04,0.69711426,51.992333,0.05005000,49.908000
11040.000,0.01546400,7.9668579323e-01,1.7987033863e+04,0.69494760,52.018080,0.05015000,50.136000
11100.000,0.01545000,7.9468636240e-01,1.7942584194e+04,0.69280742,52.027748,0.04987000,50.081000
11160.000,0.01543600,7.9269185019e-01,1.7896033347e+04,0.69064557,52.005139,0.05017000,49.937000
11220.000,0.01542200,7.9070224146e-01,1.7846974267e+04,0.68838580,51.966568,0.04978000,49.797000
11280.000,0.01540800,7.8871772890e-01,1.7800318155e+04,0.68626052,52.002763,0.05015000,50.123000
11340.000,0.01539400,7.8673853390e-01,1.7754150081e+04,0.68416860,51.984988,0.05021000,49.881000
11400.000,0.01538000,7.8476409562e-01,1.7709140148e+04,0.68211012,52.028908,0.05014000,50.218000
11460.000,0.01536600,7.8279402646e-01,1.7663522200e+04,0.68003457,51.998503,0.05010000,49.870000
11520.000,0.01535200,7.8082890263e-01,1.7614256660e+04,0.67786622,51.962858,0.05017000,49.811000
11580.000,0.01533800,7.7886816114e-01,1.7568433492e+04,0.67578514,52.009348,0.04977000,50.166000
11640.000,0.01532400,7.7691152896e-01,1.7522293967e+04,0.67371552,51.979202,0.04985000,49.827000
11700.000,0.01531000,7.7495982635e-01,1.7473331202e+04,0.67157518,51.955716,0.04981000,49.840000
11760.000,0.01529600,7.7301313810e-01,1.7426946641e+04,0.66955151,51.983212,0.05000000,50.050000
11820.000,0.01528200,7.7107130266e-01,1.7383707186e+04,0.66764271,52.025452,0.05012000,50.187000
11880.000,0.01526800,7.6913385440e-01,1.7337967928e+04,0.66564610,51.987703,0.05007000,49.848000
11940.000,0.01525400,7.6720116724e-01,1.7289915832e+04,0.66359664,51.971017,0.05018000,49.905000
12000.000,0.01524000,7.6527266668e-01,1.7245002794e+04,0.66162191,52.008123,0.04983000,50.139000
12060.000,0.01522600,7.6334832367e-01,1.7202922413e+04,0.65977233,52.049005,0.05012000,50.236000
12120.000,0.01521200,7.6142812638e-01,1.7158950054e+04,0.65784167,52.028978,0.04985000,50.000000
12180.000,0.01519800,7.5951209480e-01,1.7111153467e+04,0.65580564,51.982207,0.04989000,49.822000
12240.000,0.01518400,7.5760116506e-01,1.7061647363e+04,0.65375832,51.943831,0.05010000,49.757000
12300.000,0.01517000,7.5569543014e-01,1.7013190682e+04,0.65176810,51.940933,0.05024000,49.865000
12360.000,0.01515600,7.5379412259e-01,1.6965509404e+04,0.64978477,51.929904,0.05006000,49.816000
12420.000,0.01514200,7.5189658050e-01,1.6920241367e+04,0.64785569,51.969219,0.04978000,50.089000
12480.000,0.01512800,7.5000328829e-01,1.6874534412e+04,0.64595244,51.943236,0.05006000,49.811000
12540.000,0.01511400,7.4811437857e-01,1.6828326460e+04,0.64401582,51.955958,0.04977000,50.003000
12600.000,0.01510000,7.4622987491e-01,1.6784809527e+04,0.64221151,51.984911,0.05019000,50.097000
12660.000,0.01508900,7.4435009812e-01,1.6741524761e+04,0.64035118,51.973064,0.05010000,50.041000
12720.000,0.01507800,7.4247452069e-01,1.6696132079e+04,0.63835638,51.924965,0.04984000,49.850000
12780.000,0.01506700,7.4060346945e-01,1.6652551999e+04,0.63640718,51.945941,0.04980000,50.152000
12840.000,0.01505600,7.3873708301e-01,1.6611398546e+04,0.63453173,51.950804,0.04984000,50.108000
12900.000,0.01504500,7.3687600497e-01,1.6569962046e+04,0.63267773,51.947480,0.05024000,50.119000
12960.000,0.01503400,7.3501982847e-01,1.6525860288e+04,0.63070047,51.887050,0.04998000,49.816000
13020.000,0.01502300,7.3316860916e-01,1.6479680736e+04,0.62867150,51.843626,0.05014000,49.812000
13080.000,0.01501200,7.3132248540e-01,1.6438078418e+04,0.62678121,51.890657,0.05007000,50.214000
13140.000,0.01500100,7.2948076051e-01,1.6397420261e+04,0.62490677,51.868921,0.05004000,49.949000
13200.000,0.01499000,7.2764349154e-01,1.6354083358e+04,0.62292754,51.835630,0.04982000,49.900000
13260.000,0.01497900,7.2581141872e-01,1.6311725390e+04,0.62102788,51.832034,0.05022000,49.994000
13320.000,0.01496800,7.2398413785e-01,1.6271307434e+04,0.61915431,51.843580,0.04990000,50.081000
13380.000,0.01495700,7.2216114448e-01,1.6233095756e+04,0.61735773,51.873577,0.05004000,50.228000
13440.000,0.01494600,7.2034290922e-01,1.6192793613e+04,0.61550259,51.827121,0.05010000,49.893000
13500.000,0.01493500,7.1852943239e-01,1.6152936133e+04,0.61365917,51.851209,0.05007000,50.212000
13560.000,0.01492400,7.1672066495e-01,1.6111682651e+04,0.61178673,51.786977,0.05022000,49.762000
13620.000,0.01491300,7.1491639039e-01,1.6069529709e+04,0.60985122,51.787166,0.04982000,50.028000
13680.000,0.01490200,7.1311644668e-01,1.6030469748e+04,0.60803760,51.799011,0.05000000,50.067000
13740.000,0.01489100,7.1132127241e-01,1.5989244414e+04,0.60615890,51.750998,0.04995000,49.803000
13800.000,0.01488000,7.0953093530e-01,1.5946353032e+04,0.60423945,51.719339,0.04999000,49.820000
13860.000,0.01486900,7.0774516197e-01,1.5905521208e+04,0.60237332,51.726129,0.04981000,49.960000
13920.000,0.01485800,7.0596363611e-01,1.5868686242e+04,0.60063568,51.777951,0.04982000,50.233000
13980.000,0.01484700,7.0418643446e-01,1.5832138572e+04,0.59891440,51.772188,0.04989000,50.048000
14040.000,0.01483600,7.0241367283e-01,1.5795489043e+04,0.59719183,51.793357,0.04990000,50.217000
14100.000,0.01482500,7.0064519965e-01,1.5759603129e+04,0.59549805,51.796694,0.04996000,50.152000
14160.000,0.01481400,6.9888124243e-01,1.5721482450e+04,0.59374630,51.764085,0.05006000,49.984000
14220.000,0.01480300,6.9712185693e-01,1.5683698746e+04,0.59200889,51.772424,0.05007000,50.142000
14280.000,0.01479200,6.9536666916e-01,1.5643802360e+04,0.59019655,51.708223,0.04996000,49.759000
14340.000,0.01478100,6.9361604271e-01,1.5601588596e+04,0.58832448,51.670973,0.04995000,49.805000
14400.000,0.01477000,6.9186984053e-01,1.5563842311e+04,0.58659237,51.717862,0.04986000,50.165000
14460.000,0.01476000,6.9012822381e-01,1.5526169279e+04,0.58486729,51.695727,0.04999000,50.000000
14520.000,0.01475000,6.8839107002e-01,1.5488733911e+04,0.58313058,51.687120,0.04999000,50.000000
14580.000,0.01474000,6.8665838881e-01,1.5451515016e+04,0.58139619,51.678464,0.04999000,50.000000
14640.000,0.01473000,6.8493017411e-01,1.5414511848e+04,0.57966658,51.669904,0.04999000,50.000000
14700.000,0.01472000,6.8320641431e-01,1.5377720978e+04,0.57794292,51.661524,0.04999000,50.000000
14760.000,0.01471000,6.8148709492e-01,1.5341137699e+04,0.57622587,51.653361,0.04999000,50.000000
14820.000,0.01470000,6.7977219969e-01,1.5304756773e+04,0.57451583,51.645431,0.04999000,50.000000
14880.000,0.01469000,6.7806171123e-01,1.5268572765e+04,0.57281309,51.637739,0.04999000,50.000000
14940.000,0.01468000,6.7635561136e-01,1.5232580217e+04,0.57111784,51.630283,0.04999000,50.000000
15000.000,0.01467000,6.7465388132e-01,1.5196773736e+04,0.56943022,51.623059,0.04999000,50.000000
15060.000,0.01466000,6.7295650196e-01,1.5161148055e+04,0.56775031,51.616062,0.04999000,50.000000
15120.000,0.01465000,6.7126345383e-01,1.5125698062e+04,0.56607818,51.609284,0.04999000,50.000000
15180.000,0.01464000,6.6957471731e-01,1.5090418815e+04,0.56441385,51.602717,0.04999000,50.000000
15240.000,0.01463000,6.6789027266e-01,1.5055305551e+04,0.56275735,51.596355,0.04999000,50.000000
15300.000,0.01462000,6.6621010008e-01,1.5020353690e+04,0.56110866,51.590188,0.04999000,50.000000
15360.000,0.01461000,6.6453417976e-01,1.4985558833e+04,0.55946778,51.584210,0.04999000,50.000000
15420.000,0.01460000,6.6286249193e-01,1.4950916758e+04,0.55783467,51.578413,0.04999000,50.000000
15480.000,0.01459000,6.6119501687e-01,1.4916423414e+04,0.55620930,51.572788,0.04999000,50.000000
15540.000,0.01458000,6.5953173494e-01,1.4882074922e+04,0.55459163,51.567330,0.04999000,50.000000
15600.000,0.01457000,6.5787262663e-01,1.4847867558e+04,0.55298161,51.562031,0.04999000,50.000000
15660.000,0.01456000,6.5621767254e-01,1.4813797759e+04,0.55137918,51.556884,0.04999000,50.000000
15720.000,0.01455000,6.5456685342e-01,1.4779862107e+04,0.54978430,51.551884,0.04999000,50.000000
15780.000,0.01454000,6.5292015016e-01,1.4746057330e+04,0.54819690,51.547023,0.04999000,50.000000
15840.000,0.01453000,6.5127754383e-01,1.4712380291e+04,0.54661691,51.542297,0.04999000,50.000000
15900.000,0.01452000,6.4963901567e-01,1.4678827986e+04,0.54504428,51.537699,0.04999000,50.000000
15960.000,0.01451000,6.4800454711e-01,1.4645397536e+04,0.54347893,51.533224,0.04999000,50.000000
16020.000,0.01450000,6.4637411973e-01,1.4612086185e+04,0.54192079,51.528867,0.04999000,50.000000
16080.000,0.01449000,6.4474771535e-01,1.4578891288e+04,0.54036980,51.524624,0.04999000,50.000000
16140.000,0.01448000,6.4312531595e-01,1.4545810314e+04,0.53882589,51.520488,0.04999000,50.000000
16200.000,0.01447000,6.4150690371e-01,1.4512840838e+04,0.53728898,51.516456,0.04999000,50.000000
16260.000,0.01446233,6.3989263667e-01,1.4480130469e+04,0.53572561,51.499013,0.04999000,50.000000
16320.000,0.01445467,6.3828273241e-01,1.4447789336e+04,0.53414882,51.483677,0.04999000,50.000000
16380.000,0.01444700,6.3667721681e-01,1.4415784203e+04,0.53256958,51.469523,0.04999000,50.000000
16440.000,0.01443933,6.3507609626e-01,1.4384092766e+04,0.53099132,51.456251,0.04999000,50.000000
16500.000,0.01443167,6.3347936891e-01,1.4352697449e+04,0.52941586,51.443704,0.04999000,50.000000
16560.000,0.01442400,6.3188702814e-01,1.4321583450e+04,0.52784430,51.431781,0.04999000,50.000000
16620.000,0.01441633,6.3029906425e-01,1.4290737802e+04,0.52627742,51.420410,0.04999000,50.000000
16680.000,0.01440867,6.2871546537e-01,1.4260148852e+04,0.52471577,51.409542,0.04999000,50.000000
16740.000,0.01440100,6.2713621801e-01,1.4229805931e+04,0.52315975,51.399137,0.04999000,50.000000
16800.000,0.01439333,6.2556130751e-01,1.4199699147e+04,0.52160967,51.389164,0.04999000,50.000000
16860.000,0.01438567,6.2399071823e-01,1.4169819242e+04,0.52006578,51.379596,0.04999000,50.000000
16920.000,0.01437800,6.2242443383e-01,1.4140157502e+04,0.51852825,51.370410,0.04999000,50.000000
16980.000,0.01437033,6.2086243740e-01,1.4110705688e+04,0.51699724,51.361587,0.04999000,50.000000
17040.000,0.01436267,6.1930471155e-01,1.4081455983e+04,0.51547284,51.353107,0.04999000,50.000000
17100.000,0.01435500,6.1775123857e-01,1.4052400962e+04,0.51395515,51.344955,0.04999000,50.000000
17160.000,0.01434733,6.1620200050e-01,1.4023533562e+04,0.51244422,51.337115,0.04999000,50.000000
17220.000,0.01433967,6.1465697917e-01,1.3994847052e+04,0.51094008,51.329571,0.04999000,50.000000
17280.000,0.01433200,6.1311615627e-01,1.3966335023e+04,0.50944277,51.322310,0.04999000,50.000000
17340.000,0.01432433,6.1157951344e-01,1.3937991363e+04,0.50795229,51.315320,0.04999000,50.000000
17400.000,0.01431667,6.1004703226e-01,1.3909810247e+04,0.50646863,51.308586,0.04999000,50.000000
17460.000,0.01430900,6.0851869433e-01,1.3881786117e+04,0.50499179,51.302099,0.04999000,50.000000
17520.000,0.01430133,6.0699448124e-01,1.3853913674e+04,0.50352173,51.295845,0.04999000,50.000000
17580.000,0.01429367,6.0547437467e-01,1.3826187864e+04,0.50205844,51.289815,0.04999000,50.000000
17640.000,0.01428600,6.0395835638e-01,1.3798603865e+04,0.50060188,51.283999,0.04999000,50.000000
17700.000,0.01427833,6.0244640822e-01,1.3771157080e+04,0.49915200,51.278385,0.04999000,50.000000
17760.000,0.01427067,6.0093851214e-01,1.3743843121e+04,0.49770877,51.272966,0.04999000,50.000000
17820.000,0.01426300,5.9943465023e-01,1.3716657805e+04,0.49627212,51.267732,0.04999000,50.000000
17880.000,0.01425533,5.9793480474e-01,1.3689597139e+04,0.49484202,51.262675,0.04999000,50.000000
17940.000,0.01424767,5.9643895805e-01,1.3662657317e+04,0.49341840,51.257786,0.04999000,50.000000
18000.000,0.01424000,5.9494709269e-01,1.3635834705e+04,0.49200121,51.253058,0.04999000,50.000000
18060.000,0.01423100,5.9345909682e-01,1.3609040709e+04,0.49060839,51.256250,0.04999000,50.000000
18120.000,0.01422200,5.9197482636e-01,1.3582208643e+04,0.48923274,51.258406,0.04999000,50.000000
18180.000,0.01421300,5.9049424100e-01,1.3555353287e+04,0.48786825,51.260066,0.04999000,50.000000
18240.000,0.01420400,5.8901731135e-01,1.3528483280e+04,0.48651299,51.261395,0.04999000,50.000000
18300.000,0.01419500,5.8754401279e-01,1.3501604717e+04,0.48516590,51.262478,0.04999000,50.000000
18360.000,0.01418600,5.8607432357e-01,1.3474722274e+04,0.48382626,51.263367,0.04999000,50.000000
18420.000,0.01417700,5.8460822392e-01,1.3447839744e+04,0.48249357,51.264094,0.04999000,50.000000
18480.000,0.01416800,5.8314569556e-01,1.3420960332e+04,0.48116745,51.264681,0.04999000,50.000000
18540.000,0.01415900,5.8168672133e-01,1.3394086835e+04,0.47984756,51.265146,0.04999000,50.000000
18600.000,0.01415000,5.8023128506e-01,1.3367221755e+04,0.47853366,51.265499,0.04999000,50.000000
18660.000,0.01414100,5.7877937135e-01,1.3340367368e+04,0.47722550,51.265750,0.04999000,50.000000
18720.000,0.01413200,5.7733096552e-01,1.3313525773e+04,0.47592290,51.265905,0.04999000,50.000000
18780.000,0.01412300,5.7588605346e-01,1.3286698924e+04,0.47462567,51.265972,0.04999000,50.000000
18840.000,0.01411400,5.7444462160e-01,1.3259888648e+04,0.47333367,51.265955,0.04999000,50.000000
18900.000,0.01410500,5.7300665684e-01,1.3233096663e+04,0.47204676,51.265859,0.04999000,50.000000
18960.000,0.01409600,5.7157214650e-01,1.3206324587e+04,0.47076482,51.265689,0.04999000,50.000000
19020.000,0.01408700,5.7014107827e-01,1.3179573947e+04,0.46948773,51.265449,0.04999000,50.000000
19080.000,0.01407800,5.6871344019e-01,1.3152846183e+04,0.46821538,51.265141,0.04999000,50.000000
19140.000,0.01406900,5.6728922062e-01,1.3126142660e+04,0.46694769,51.264771,0.04999000,50.000000
19200.000,0.01406000,5.6586840818e-01,1.3099464666e+04,0.46568458,51.264341,0.04999000,50.000000
19260.000,0.01405100,5.6445099177e-01,1.3072813418e+04,0.46442595,51.263854,0.04999000,50.000000
19320.000,0.01404200,5.6303696054e-01,1.3046190068e+04,0.46317173,51.263313,0.04999000,50.000000
19380.000,0.01403300,5.6162630383e-01,1.3019595703e+04,0.46192187,51.262721,0.04999000,50.000000
19440.000,0.01402400,5.6021901121e-01,1.2993031351e+04,0.46067629,51.262081,0.04999000,50.000000
19500.000,0.01401500,5.5881507243e-01,1.2966497984e+04,0.45943493,51.261396,0.04999000,50.000000
19560.000,0.01400600,5.5741447743e-01,1.2939996519e+04,0.45819774,51.260667,0.04999000,50.000000
19620.000,0.01399700,5.5601721631e-01,1.2913527819e+04,0.45696467,51.259897,0.04999000,50.000000
19680.000,0.01398800,5.5462327933e-01,1.2887092703e+04,0.45573566,51.259088,0.04999000,50.000000
19740.000,0.01397900,5.5323265689e-01,1.2860691939e+04,0.45451067,51.258243,0.04999000,50.000000
19800.000,0.01397000,5.5184533954e-01,1.2834326254e+04,0.45328966,51.257363,0.04999000,50.000000
19860.000,0.01396233,5.5046140816e-01,1.2808081209e+04,0.45205545,51.248563,0.04999000,50.000000
19920.000,0.01395467,5.4908097518e-01,1.2782020283e+04,0.45081482,51.240953,0.04999000,50.000000
19980.000,0.01394700,5.4770405409e-01,1.2756125929e+04,0.44957341,51.233969,0.04999000,50.000000
20040.000,0.01393933,5.4633064807e-01,1.2730386930e+04,0.44833296,51.227437,0.04999000,50.000000
20100.000,0.01393167,5.4496075597e-01,1.2704794751e+04,0.44709439,51.221264,0.04999000,50.000000
20160.000,0.01392400,5.4359437412e-01,1.2679342385e+04,0.44585827,51.215393,0.04999000,50.000000
20220.000,0.01391633,5.4223149722e-01,1.2654023811e+04,0.44462500,51.209785,0.04999000,50.000000
20280.000,0.01390867,5.4087211880e-01,1.2628833685e+04,0.44339485,51.204415,0.04999000,50.000000
20340.000,0.01390100,5.3951623155e-01,1.2603767164e+04,0.44216805,51.199261,0.04999000,50.000000
20400.000,0.01389333,5.3816382750e-01,1.2578819785e+04,0.44094474,51.194307,0.04999000,50.000000
20460.000,0.01388567,5.3681489815e-01,1.2553987395e+04,0.43972507,51.189541,0.04999000,50.000000
20520.000,0.01387800,5.3546943463e-01,1.2529266099e+04,0.43850912,51.184952,0.04999000,50.000000
20580.000,0.01387033,5.3412742771e-01,1.2504652229e+04,0.43729698,51.180528,0.04999000,50.000000
20640.000,0.01386267,5.3278886794e-01,1.2480142321e+04,0.43608871,51.176262,0.04999000,50.000000
20700.000,0.01385500,5.3145374564e-01,1.2455733093e+04,0.43488435,51.172144,0.04999000,50.000000
20760.000,0.01384733,5.3012205098e-01,1.2431421435e+04,0.43368395,51.168168,0.04999000,50.000000
20820.000,0.01383967,5.2879377403e-01,1.2407204394e+04,0.43248752,51.164326,0.04999000,50.000000
20880.000,0.01383200,5.2746890474e-01,1.2383079170e+04,0.43129508,51.160611,0.04999000,50.000000
20940.000,0.01382433,5.2614743303e-01,1.2359043100e+04,0.43010664,51.157017,0.04999000,50.000000
21000.000,0.01381667,5.2482934875e-01,1.2335093656e+04,0.42892221,51.153538,0.04999000,50.000000
21060.000,0.01380900,5.2351464175e-01,1.2311228437e+04,0.42774178,51.150168,0.04999000,50.000000
21120.000,0.01380133,5.2220330186e-01,1.2287445159e+04,0.42656535,51.146902,0.04999000,50.000000
21180.000,0.01379367,5.2089531894e-01,1.2263741653e+04,0.42539291,51.143735,0.04999000,50.000000
21240.000,0.01378600,5.1959068285e-01,1.2240115858e+04,0.42422445,51.140661,0.04999000,50.000000
21300.000,0.01377833,5.1828938349e-01,1.2216565814e+04,0.42305995,51.137677,0.04999000,50.000000
21360.000,0.01377067,5.1699141079e-01,1.2193089658e+04,0.42189939,51.134776,0.04999000,50.000000
21420.000,0.01376300,5.1569675475e-01,1.2169685619e+04,0.42074276,51.131957,0.04999000,50.000000
21480.000,0.01375533,5.1440540539e-01,1.2146352015e+04,0.41959004,51.129213,0.04999000,50.000000
21540.000,0.01374767,5.1311735280e-01,1.2123087246e+04,0.41844120,51.126542,0.04999000,50.000000
21600.000,0.01374000,5.1183258716e-01,1.2099889789e+04,0.41729622,51.123941,0.04999000,50.000000
21660.000,0.01373400,5.1055120553e-01,1.2076863798e+04,0.41613476,51.111452,0.04999000,50.000000
21720.000,0.01372800,5.0927334272e-01,1.2054085589e+04,0.41496498,51.100598,0.04999000,50.000000
21780.000,0.01372200,5.0799901588e-01,1.2031530904e+04,0.41379358,51.090649,0.04999000,50.000000
21840.000,0.01371600,5.0672822966e-01,1.2009183622e+04,0.41262265,51.081373,0.04999000,50.000000
21900.000,0.01371000,5.0546098344e-01,1.1987031112e+04,0.41145329,51.072645,0.04999000,50.000000
21960.000,0.01370400,5.0419727354e-01,1.1965062769e+04,0.41028618,51.064390,0.04999000,50.000000
22020.000,0.01369800,5.0293709428e-01,1.1943269322e+04,0.40912180,51.056553,0.04999000,50.000000
22080.000,0.01369200,5.0168043857e-01,1.1921642442e+04,0.40796049,51.049096,0.04999000,50.000000
22140.000,0.01368600,5.0042729825e-01,1.1900174513e+04,0.40680251,51.041989,0.04999000,50.000000
22200.000,0.01368000,4.9917766436e-01,1.1878858485e+04,0.40564806,51.035207,0.04999000,50.000000
22260.000,0.01367400,4.9793152732e-01,1.1857687777e+04,0.40449729,51.028730,0.04999000,50.000000
22320.000,0.01366800,4.9668887704e-01,1.1836656216e+04,0.40335033,51.022539,0.04999000,50.000000
22380.000,0.01366200,4.9544970305e-01,1.1815757990e+04,0.40220727,51.016618,0.04999000,50.000000
22440.000,0.01365600,4.9421399456e-01,1.1794987616e+04,0.40106818,51.010952,0.04999000,50.000000
22500.000,0.01365000,4.9298174055e-01,1.1774339914e+04,0.39993312,51.005527,0.04999000,50.000000
22560.000,0.01364400,4.9175292981e-01,1.1753809986e+04,0.39880213,51.000329,0.04999000,50.000000
22620.000,0.01363800,4.9052755099e-01,1.1733393197e+04,0.39767524,50.995348,0.04999000,50.000000
22680.000,0.01363200,4.8930559263e-01,1.1713085161e+04,0.39655246,50.990571,0.04999000,50.000000
22740.000,0.01362600,4.8808704323e-01,1.1692881726e+04,0.39543382,50.985987,0.04999000,50.000000
22800.000,0.01362000,4.8687189122e-01,1.1672778961e+04,0.39431932,50.981587,0.04999000,50.000000
22860.000,0.01361400,4.8566012504e-01,1.1652773143e+04,0.39320894,50.977360,0.04999000,50.000000
22920.000,0.01360800,4.8445173310e-01,1.1632860748e+04,0.39210269,50.973297,0.04999000,50.000000
22980.000,0.01360200,4.8324670387e-01,1.1613038437e+04,0.39100055,50.969390,0.04999000,50.000000
23040.000,0.01359600,4.8204502582e-01,1.1593303051e+04,0.38990250,50.965630,0.04999000,50.000000
23100.000,0.01359000,4.8084668749e-01,1.1573651596e+04,0.38880853,50.962010,0.04999000,50.000000
23160.000,0.01358400,4.7965167744e-01,1.1554081238e+04,0.38771862,50.958522,0.04999000,50.000000
23220.000,0.01357800,4.7845998435e-01,1.1534589291e+04,0.38663274,50.955159,0.04999000,50.000000
23280.000,0.01357200,4.7727159691e-01,1.1515173216e+04,0.38555086,50.951914,0.04999000,50.000000
23340.000,0.01356600,4.7608650394e-01,1.1495830602e+04,0.38447297,50.948782,0.04999000,50.000000
23400.000,0.01356000,4.7490469430e-01,1.1476559172e+04,0.38339903,50.945756,0.04999000,50.000000
23460.000,0.01355367,4.7372613688e-01,1.1457335754e+04,0.38233285,50.944832,0.04999000,50.000000
23520.000,0.01354733,4.7255079350e-01,1.1438142942e+04,0.38127285,50.943681,0.04999000,50.000000
23580.000,0.01354100,4.7137864821e-01,1.1418983428e+04,0.38021772,50.942447,0.04999000,50.000000
23640.000,0.01353467,4.7020968761e-01,1.1399858372e+04,0.37916703,50.941174,0.04999000,50.000000
23700.000,0.01352833,4.6904389936e-01,1.1380768340e+04,0.37812054,50.939880,0.04999000,50.000000
23760.000,0.01352200,4.6788127183e-01,1.1361713589e+04,0.37707808,50.938578,0.04999000,50.000000
23820.000,0.01351567,4.6672179390e-01,1.1342694211e+04,0.37603954,50.937272,0.04999000,50.000000
23880.000,0.01350933,4.6556545480e-01,1.1323710197e+04,0.37500481,50.935968,0.04999000,50.000000
23940.000,0.01350300,4.6441224406e-01,1.1304761485e+04,0.37397381,50.934666,0.04999000,50.000000
24000.000,0.01349667,4.6326215151e-01,1.1285847981e+04,0.37294647,50.933368,0.04999000,50.000000
24060.000,0.01349033,4.6211516717e-01,1.1266969572e+04,0.37192272,50.932075,0.04999000,50.000000
24120.000,0.01348400,4.6097128128e-01,1.1248126141e+04,0.37090250,50.930786,0.04999000,50.000000
24180.000,0.01347767,4.5983048425e-01,1.1229317563e+04,0.36988577,50.929503,0.04999000,50.000000
24240.000,0.01347133,4.5869276666e-01,1.1210543714e+04,0.36887248,50.928224,0.04999000,50.000000
24300.000,0.01346500,4.5755811922e-01,1.1191804470e+04,0.36786259,50.926950,0.04999000,50.000000
24360.000,0.01345867,4.5642653279e-01,1.1173099709e+04,0.36685605,50.925682,0.04999000,50.000000
24420.000,0.01345233,4.5529799836e-01,1.1154429312e+04,0.36585282,50.924417,0.04999000,50.000000
24480.000,0.01344600,4.5417250703e-01,1.1135793161e+04,0.36485288,50.923158,0.04999000,50.000000
24540.000,0.01343967,4.5305005000e-01,1.1117191140e+04,0.36385618,50.921902,0.04999000,50.000000
24600.000,0.01343333,4.5193061858e-01,1.1098623137e+04,0.36286271,50.920652,0.04999000,50.000000
24660.000,0.01342700,4.5081420418e-01,1.1080089042e+04,0.36187242,50.919405,0.04999000,50.000000
24720.000,0.01342067,4.4970079830e-01,1.1061588745e+04,0.36088530,50.918163,0.04999000,50.000000
24780.000,0.01341433,4.4859039252e-01,1.1043122142e+04,0.35990130,50.916924,0.04999000,50.000000
24840.000,0.01340800,4.4748297849e-01,1.1024689129e+04,0.35892042,50.915690,0.04999000,50.000000
24900.000,0.01340167,4.4637854796e-01,1.1006289603e+04,0.35794262,50.914459,0.04999000,50.000000
24960.000,0.01339533,4.4527709274e-01,1.0987923466e+04,0.35696788,50.913232,0.04999000,50.000000
25020.000,0.01338900,4.4417860472e-01,1.0969590618e+04,0.35599618,50.912009,0.04999000,50.000000
25080.000,0.01338267,4.4308307583e-01,1.0951290965e+04,0.35502750,50.910789,0.04999000,50.000000
25140.000,0.01337633,4.4199049811e-01,1.0933024413e+04,0.35406182,50.909573,0.04999000,50.000000
25200.000,0.01337000,4.4090086362e-01,1.0914790867e+04,0.35309911,50.908360,0.04999000,50.000000
25260.000,0.01336467,4.3981422127e-01,1.0896653054e+04,0.35212842,50.901092,0.04999000,50.000000
25320.000,0.01335933,4.3873064071e-01,1.0878656555e+04,0.35115421,50.894818,0.04999000,50.000000
25380.000,0.01335400,4.3765012866e-01,1.0860787247e+04,0.35018011,50.889077,0.04999000,50.000000
25440.000,0.01334867,4.3657268497e-01,1.0843035970e+04,0.34920722,50.883726,0.04999000,50.000000
25500.000,0.01334333,4.3549830660e-01,1.0825395666e+04,0.34823612,50.878689,0.04999000,50.000000
25560.000,0.01333800,4.3442698884e-01,1.0807860477e+04,0.34726717,50.873919,0.04999000,50.000000
25620.000,0.01333267,4.3335872592e-01,1.0790425318e+04,0.34630063,50.869384,0.04999000,50.000000
25680.000,0.01332733,4.3229351129e-01,1.0773085648e+04,0.34533668,50.865062,0.04999000,50.000000
25740.000,0.01332200,4.3123133783e-01,1.0755837328e+04,0.34437544,50.860934,0.04999000,50.000000
25800.000,0.01331667,4.3017219801e-01,1.0738676540e+04,0.34341701,50.856988,0.04999000,50.000000
25860.000,0.01331133,4.2911608393e-01,1.0721599732e+04,0.34246149,50.853210,0.04999000,50.000000
25920.000,0.01330600,4.2806298746e-01,1.0704603582e+04,0.34150892,50.849591,0.04999000,50.000000
25980.000,0.01330067,4.2701290025e-01,1.0687684973e+04,0.34055936,50.846120,0.04999000,50.000000
26040.000,0.01329533,4.2596581380e-01,1.0670840973e+04,0.33961285,50.842789,0.04999000,50.000000
26100.000,0.01329000,4.2492171949e-01,1.0654068826e+04,0.33866940,50.839589,0.04999000,50.000000
26160.000,0.01328467,4.2388060860e-01,1.0637365930e+04,0.33772903,50.836513,0.04999000,50.000000
26220.000,0.01327933,4.2284247233e-01,1.0620729838e+04,0.33679177,50.833555,0.04999000,50.000000
26280.000,0.01327400,4.2180730187e-01,1.0604158238e+04,0.33585762,50.830706,0.04999000,50.000000
26340.000,0.01326867,4.2077508835e-01,1.0587648953e+04,0.33492657,50.827962,0.04999000,50.000000
26400.000,0.01326333,4.1974582290e-01,1.0571199928e+04,0.33399863,50.825315,0.04999000,50.000000
26460.000,0.01325800,4.1871949665e-01,1.0554809224e+04,0.33307380,50.822761,0.04999000,50.000000
26520.000,0.01325267,4.1769610072e-01,1.0538475015e+04,0.33215207,50.820295,0.04999000,50.000000
26580.000,0.01324733,4.1667562626e-01,1.0522195575e+04,0.33123343,50.817911,0.04999000,50.000000
26640.000,0.01324200,4.1565806445e-01,1.0505969276e+04,0.33031786,50.815604,0.04999000,50.000000
26700.000,0.01323667,4.1464340649e-01,1.0489794585e+04,0.32940537,50.813371,0.04999000,50.000000
26760.000,0.01323133,4.1363164361e-01,1.0473670051e+04,0.32849593,50.811206,0.04999000,50.000000
26820.000,0.01322600,4.1262276709e-01,1.0457594308e+04,0.32758953,50.809107,0.04999000,50.000000
26880.000,0.01322067,4.1161676825e-01,1.0441566065e+04,0.32668616,50.807070,0.04999000,50.000000
26940.000,0.01321533,4.1061363844e-01,1.0425584106e+04,0.32578579,50.805090,0.04999000,50.000000
27000.000,0.01321000,4.0961336908e-01,1.0409647280e+04,0.32488843,50.803165,0.04999000,50.000000
27060.000,0.01320667,4.0861605805e-01,1.0393879601e+04,0.32397333,50.789105,0.04999000,50.000000
27120.000,0.01320333,4.0762184271e-01,1.0378370452e+04,0.32304904,50.777126,0.04999000,50.000000
27180.000,0.01320000,4.0663074187e-01,1.0363090517e+04,0.32212248,50.766279,0.04999000,50.000000
27240.000,0.01319667,4.0564276111e-01,1.0348020582e+04,0.32119574,50.756266,0.04999000,50.000000
27300.000,0.01319333,4.0465790043e-01,1.0333145724e+04,0.32026994,50.746931,0.04999000,50.000000
27360.000,0.01319000,4.0367615663e-01,1.0318453488e+04,0.31934578,50.738174,0.04999000,50.000000
27420.000,0.01318667,4.0269752442e-01,1.0303933023e+04,0.31842373,50.729930,0.04999000,50.000000
27480.000,0.01318333,4.0172199703e-01,1.0289574608e+04,0.31750414,50.722151,0.04999000,50.000000
27540.000,0.01318000,4.0074956657e-01,1.0275369381e+04,0.31658727,50.714796,0.04999000,50.000000
27600.000,0.01317667,3.9978022434e-01,1.0261309167e+04,0.31567331,50.707837,0.04999000,50.000000
27660.000,0.01317333,3.9881396096e-01,1.0247386368e+04,0.31476244,50.701245,0.04999000,50.000000
27720.000,0.01317000,3.9785076655e-01,1.0233593892e+04,0.31385476,50.694997,0.04999000,50.000000
27780.000,0.01316667,3.9689063083e-01,1.0219925099e+04,0.31295037,50.689072,0.04999000,50.000000
27840.000,0.01316333,3.9593354321e-01,1.0206373765e+04,0.31204935,50.683448,0.04999000,50.000000
27900.000,0.01316000,3.9497949286e-01,1.0192934043e+04,0.31115175,50.678109,0.04999000,50.000000
27960.000,0.01315667,3.9402846876e-01,1.0179600446e+04,0.31025761,50.673037,0.04999000,50.000000
28020.000,0.01315333,3.9308045977e-01,1.0166367814e+04,0.30936696,50.668215,0.04999000,50.000000
28080.000,0.01315000,3.9213545465e-01,1.0153231300e+04,0.30847981,50.663630,0.04999000,50.000000
28140.000,0.01314667,3.9119344211e-01,1.0140186347e+04,0.30759618,50.659266,0.04999000,50.000000
28200.000,0.01314333,3.9025441081e-01,1.0127228669e+04,0.30671607,50.655110,0.04999000,50.000000
28260.000,0.01314000,3.8931834942e-01,1.0114354241e+04,0.30583947,50.651150,0.04999000,50.000000
28320.000,0.01313667,3.8838524660e-01,1.0101559275e+04,0.30496639,50.647375,0.04999000,50.000000
28380.000,0.01313333,3.8745509105e-01,1.0088840213e+04,0.30409680,50.643773,0.04999000,50.000000
28440.000,0.01313000,3.8652787152e-01,1.0076193706e+04,0.30323070,50.640334,0.04999000,50.000000
28500.000,0.01312667,3.8560357677e-01,1.0063616610e+04,0.30236807,50.637048,0.04999000,50.000000
28560.000,0.01312333,3.8468219565e-01,1.0051105965e+04,0.30150888,50.633906,0.04999000,50.000000
28620.000,0.01312000,3.8376371708e-01,1.0038658992e+04,0.30065312,50.630900,0.04999000,50.000000
28680.000,0.01311667,3.8284813003e-01,1.0026273073e+04,0.29980076,50.628020,0.04999000,50.000000
28740.000,0.01311333,3.8193542356e-01,1.0013945752e+04,0.29895178,50.625261,0.04999000,50.000000
28800.000,0.01311000,3.8102558681e-01,1.0001674717e+04,0.29810615,50.622614,0.04999000,50.000000
28860.000,0.01310600,3.8011857614e-01,9.9894163083e+03,0.29727037,50.624134,0.04999000,50.000000
28920.000,0.01310200,3.7921433560e-01,9.9771386771e+03,0.29644167,50.625064,0.04999000,50.000000
28980.000,0.01309800,3.7831284606e-01,9.9648494157e+03,0.29561786,50.625722,0.04999000,50.000000
29040.000,0.01309400,3.7741409271e-01,9.9525528430e+03,0.29479824,50.626201,0.04999000,50.000000
29100.000,0.01309000,3.7651806258e-01,9.9402519596e+03,0.29398245,50.626549,0.04999000,50.000000
29160.000,0.01308600,3.7562474382e-01,9.9279490559e+03,0.29317023,50.626793,0.04999000,50.000000
29220.000,0.01308200,3.7473412531e-01,9.9156459952e+03,0.29236140,50.626951,0.04999000,50.000000
29280.000,0.01307800,3.7384619650e-01,9.9033443653e+03,0.29155583,50.627033,0.04999000,50.000000
29340.000,0.01307400,3.7296094731e-01,9.8910455641e+03,0.29075341,50.627047,0.04999000,50.000000
29400.000,0.01307000,3.7207836800e-01,9.8787508505e+03,0.28995404,50.627000,0.04999000,50.000000
29460.000,0.01306600,3.7119844912e-01,9.8664613739e+03,0.28915764,50.626897,0.04999000,50.000000
29520.000,0.01306200,3.7032118150e-01,9.8541781943e+03,0.28836416,50.626742,0.04999000,50.000000
29580.000,0.01305800,3.6944655617e-01,9.8419022940e+03,0.28757353,50.626539,0.04999000,50.000000
29640.000,0.01305400,3.6857456435e-01,9.8296345869e+03,0.28678570,50.626290,0.04999000,50.000000
29700.000,0.01305000,3.6770519744e-01,9.8173759245e+03,0.28600063,50.625999,0.04999000,50.000000
29760.000,0.01304600,3.6683844697e-01,9.8051271012e+03,0.28521828,50.625669,0.04999000,50.000000
29820.000,0.01304200,3.6597430460e-01,9.7928888584e+03,0.28443862,50.625302,0.04999000,50.000000
29880.000,0.01303800,3.6511276211e-01,9.7806618884e+03,0.28366160,50.624900,0.04999000,50.000000
29940.000,0.01303400,3.6425381138e-01,9.7684468373e+03,0.28288722,50.624467,0.04999000,50.000000
30000.000,0.01303000,3.6339744439e-01,9.7562443083e+03,0.28211543,50.624003,0.04999000,50.000000
30060.000,0.01302600,3.6254365318e-01,9.7440548641e+03,0.28134621,50.623511,0.04999000,50.000000
30120.000,0.01302200,3.6169242989e-01,9.7318790298e+03,0.28057956,50.622993,0.04999000,50.000000
30180.000,0.01301800,3.6084376672e-01,9.7197172948e+03,0.27981543,50.622451,0.04999000,50.000000
30240.000,0.01301400,3.5999765592e-01,9.7075701155e+03,0.27905382,50.621885,0.04999000,50.000000
30300.000,0.01301000,3.5915408982e-01,9.6954379169e+03,0.27829471,50.621298,0.04999000,50.000000
30360.000,0.01300600,3.5831306079e-01,9.6833210950e+03,0.27753809,50.620692,0.04999000,50.000000
30420.000,0.01300200,3.5747456125e-01,9.6712200180e+03,0.27678393,50.620066,0.04999000,50.000000
30480.000,0.01299800,3.5663858367e-01,9.6591350289e+03,0.27603223,50.619424,0.04999000,50.000000
30540.000,0.01299400,3.5580512057e-01,9.6470664461e+03,0.27528296,50.618765,0.04999000,50.000000
30600.000,0.01299000,3.5497416449e-01,9.6350145655e+03,0.27453613,50.618091,0.04999000,50.000000
30660.000,0.01298733,3.5414576928e-01,9.6230623979e+03,0.27377938,50.609236,0.04999000,50.000000
30720.000,0.01298467,3.5332001255e-01,9.6112693318e+03,0.27301789,50.601773,0.04999000,50.000000
30780.000,0.01298200,3.5249690303e-01,9.5996163972e+03,0.27225580,50.595045,0.04999000,50.000000
30840.000,0.01297933,3.5167644147e-01,9.5880914582e+03,0.27149435,50.588848,0.04999000,50.000000
30900.000,0.01297667,3.5085862525e-01,9.5766852414e+03,0.27073419,50.583077,0.04999000,50.000000
30960.000,0.01297400,3.5004344989e-01,9.5653900929e+03,0.26997574,50.577667,0.04999000,50.000000
31020.000,0.01297133,3.4923090962e-01,9.5541993964e+03,0.26921926,50.572574,0.04999000,50.000000
31080.000,0.01296867,3.4842099785e-01,9.5431072583e+03,0.26846496,50.567767,0.04999000,50.000000
31140.000,0.01296600,3.4761370729e-01,9.5321083269e+03,0.26771298,50.563221,0.04999000,50.000000
31200.000,0.01296333,3.4680903020e-01,9.5211976823e+03,0.26696345,50.558916,0.04999000,50.000000
31260.000,0.01296067,3.4600695843e-01,9.5103707676e+03,0.26621644,50.554836,0.04999000,50.000000
31320.000,0.01295800,3.4520748358e-01,9.4996233426e+03,0.26547203,50.550965,0.04999000,50.000000
31380.000,0.01295533,3.4441059697e-01,9.4889514502e+03,0.26473027,50.547288,0.04999000,50.000000
31440.000,0.01295267,3.4361628979e-01,9.4783513921e+03,0.26399120,50.543795,0.04999000,50.000000
31500.000,0.01295000,3.4282455307e-01,9.4678197074e+03,0.26325485,50.540472,0.04999000,50.000000
31560.000,0.01294733,3.4203537777e-01,9.4573531565e+03,0.26252124,50.537309,0.04999000,50.000000
31620.000,0.01294467,3.4124875475e-01,9.4469487049e+03,0.26179038,50.534297,0.04999000,50.000000
31680.000,0.01294200,3.4046467485e-01,9.4366035102e+03,0.26106227,50.531424,0.04999000,50.000000
31740.000,0.01293933,3.3968312887e-01,9.4263149090e+03,0.26033694,50.528684,0.04999000,50.000000
31800.000,0.01293667,3.3890410760e-01,9.4160804061e+03,0.25961436,50.526066,0.04999000,50.000000
31860.000,0.01293400,3.3812760184e-01,9.4058976632e+03,0.25889454,50.523564,0.04999000,50.000000
31920.000,0.01293133,3.3735360239e-01,9.3957644890e+03,0.25817748,50.521171,0.04999000,50.000000
31980.000,0.01292867,3.3658210008e-01,9.3856788300e+03,0.25746316,50.518879,0.04999000,50.000000
32040.000,0.01292600,3.3581308577e-01,9.3756387617e+03,0.25675158,50.516682,0.04999000,50.000000
32100.000,0.01292333,3.3504655036e-01,9.3656424804e+03,0.25604272,50.514574,0.04999000,50.000000
32160.000,0.01292067,3.3428248478e-01,9.3556882955e+03,0.25533656,50.512550,0.04999000,50.000000
32220.000,0.01291800,3.3352088001e-01,9.3457746224e+03,0.25463311,50.510605,0.04999000,50.000000
32280.000,0.01291533,3.3276172707e-01,9.3358999756e+03,0.25393233,50.508732,0.04999000,50.000000
32340.000,0.01291267,3.3200501705e-01,9.3260629626e+03,0.25323422,50.506929,0.04999000,50.000000
32400.000,0.01291000,3.3125074106e-01,9.3162622780e+03,0.25253876,50.505190,0.04999000,50.000000
32460.000,0.01290667,3.3049886198e-01,9.3064554989e+03,0.25185176,50.507595,0.04999000,50.000000
32520.000,0.01290333,3.2974933147e-01,9.2966121872e+03,0.25117074,50.509344,0.04999000,50.000000
32580.000,0.01290000,3.2900213326e-01,9.2867409334e+03,0.25049370,50.510770,0.04999000,50.000000
32640.000,0.01289667,3.2825725499e-01,9.2768469341e+03,0.24982004,50.511971,0.04999000,50.000000
32700.000,0.01289333,3.2751468594e-01,9.2669339970e+03,0.24914944,50.512998,0.04999000,50.000000
32760.000,0.01289000,3.2677441632e-01,9.2570051657e+03,0.24848169,50.513884,0.04999000,50.000000
32820.000,0.01288667,3.2603643702e-01,9.2470630101e+03,0.24781663,50.514645,0.04999000,50.000000
32880.000,0.01288333,3.2530073940e-01,9.2371097813e+03,0.24715416,50.515297,0.04999000,50.000000
32940.000,0.01288000,3.2456731518e-01,9.2271474992e+03,0.24649419,50.515850,0.04999000,50.000000
33000.000,0.01287667,3.2383615637e-01,9.2171780047e+03,0.24583663,50.516312,0.04999000,50.000000
33060.000,0.01287333,3.2310725522e-01,9.2072029918e+03,0.24518144,50.516690,0.04999000,50.000000
33120.000,0.01287000,3.2238060419e-01,9.1972240278e+03,0.24452857,50.516990,0.04999000,50.000000
33180.000,0.01286667,3.2165619588e-01,9.1872425683e+03,0.24387797,50.517218,0.04999000,50.000000
33240.000,0.01286333,3.2093402307e-01,9.1772599676e+03,0.24322960,50.517377,0.04999000,50.000000
33300.000,0.01286000,3.2021407860e-01,9.1672774873e+03,0.24258344,50.517474,0.04999000,50.000000
33360.000,0.01285667,3.1949635547e-01,9.1572963028e+03,0.24193945,50.517512,0.04999000,50.000000
33420.000,0.01285333,3.1878084673e-01,9.1473175103e+03,0.24129763,50.517495,0.04999000,50.000000
33480.000,0.01285000,3.1806754552e-01,9.1373421316e+03,0.24065793,50.517427,0.04999000,50.000000
33540.000,0.01284667,3.1735644504e-01,9.1273711192e+03,0.24002036,50.517311,0.04999000,50.000000
33600.000,0.01284333,3.1664753854e-01,9.1174053609e+03,0.23938489,50.517150,0.04999000,50.000000
33660.000,0.01284000,3.1594081935e-01,9.1074456842e+03,0.23875150,50.516948,0.04999000,50.000000
33720.000,0.01283667,3.1523628081e-01,9.0974928600e+03,0.23812019,50.516708,0.04999000,50.000000
33780.000,0.01283333,3.1453391631e-01,9.0875476064e+03,0.23749095,50.516431,0.04999000,50.000000
33840.000,0.01283000,3.1383371929e-01,9.0776105922e+03,0.23686376,50.516120,0.04999000,50.000000
33900.000,0.01282667,3.1313568319e-01,9.0676824398e+03,0.23623861,50.515779,0.04999000,50.000000
33960.000,0.01282333,3.1243980152e-01,9.0577637288e+03,0.23561550,50.515407,0.04999000,50.000000
34020.000,0.01282000,3.1174606778e-01,9.0478549979e+03,0.23499441,50.515009,0.04999000,50.000000
34080.000,0.01281667,3.1105447552e-01,9.0379567486e+03,0.23437535,50.514585,0.04999000,50.000000
34140.000,0.01281333,3.1036501828e-01,9.0280694467e+03,0.23375830,50.514138,0.04999000,50.000000
34200.000,0.01281000,3.0967768965e-01,9.0181935253e+03,0.23314326,50.513669,0.04999000,50.000000
34260.000,0.01280733,3.0899250958e-01,9.0083704864e+03,0.23252468,50.509076,0.04999000,50.000000
34320.000,0.01280467,3.0830950883e-01,8.9986297829e+03,0.23190492,50.505188,0.04999000,50.000000
34380.000,0.01280200,3.0762868817e-01,8.9889620139e+03,0.23128586,50.501666,0.04999000,50.000000
34440.000,0.01279933,3.0695004473e-01,8.9793612479e+03,0.23066806,50.498407,0.04999000,50.000000
34500.000,0.01279667,3.0627357413e-01,8.9698229937e+03,0.23005179,50.495355,0.04999000,50.000000
34560.000,0.01279400,3.0559927115e-01,8.9603435663e+03,0.22943723,50.492479,0.04999000,50.000000
34620.000,0.01279133,3.0492713003e-01,8.9509197928e+03,0.22882451,50.489757,0.04999000,50.000000
34680.000,0.01278867,3.0425714461e-01,8.9415488543e+03,0.22821371,50.487174,0.04999000,50.000000
34740.000,0.01278600,3.0358930847e-01,8.9322281967e+03,0.22760489,50.484717,0.04999000,50.000000
34800.000,0.01278333,3.0292361496e-01,8.9229554763e+03,0.22699810,50.482376,0.04999000,50.000000
34860.000,0.01278067,3.0226005729e-01,8.9137285272e+03,0.22639338,50.480142,0.04999000,50.000000
34920.000,0.01277800,3.0159862854e-01,8.9045453379e+03,0.22579075,50.478009,0.04999000,50.000000
34980.000,0.01277533,3.0093932169e-01,8.8954040357e+03,0.22519023,50.475970,0.04999000,50.000000
35040.000,0.01277267,3.0028212968e-01,8.8863028741e+03,0.22459184,50.474018,0.04999000,50.000000
35100.000,0.01277000,2.9962704537e-01,8.8772402228e+03,0.22399558,50.472147,0.04999000,50.000000
35160.000,0.01276733,2.9897406161e-01,8.8682145589e+03,0.22340147,50.470352,0.04999000,50.000000
35220.000,0.01276467,2.9832317121e-01,8.8592244597e+03,0.22280950,50.468628,0.04999000,50.000000
35280.000,0.01276200,2.9767436699e-01,8.8502685950e+03,0.22221967,50.466971,0.04999000,50.000000
35340.000,0.01275933,2.9702764175e-01,8.8413457218e+03,0.22163199,50.465376,0.04999000,50.000000
35400.000,0.01275667,2.9638298831e-01,8.8324546776e+03,0.22104644,50.463839,0.04999000,50.000000
35460.000,0.01275400,2.9574039950e-01,8.8235943757e+03,0.22046303,50.462356,0.04999000,50.000000
35520.000,0.01275133,2.9509986814e-01,8.8147637994e+03,0.21988175,50.460924,0.04999000,50.000000
35580.000,0.01274867,2.9446138709e-01,8.8059619982e+03,0.21930259,50.459539,0.04999000,50.000000
35640.000,0.01274600,2.9382494924e-01,8.7971880827e+03,0.21872555,50.458199,0.04999000,50.000000
35700.000,0.01274333,2.9319054749e-01,8.7884412210e+03,0.21815062,50.456900,0.04999000,50.000000
35760.000,0.01274067,2.9255817476e-01,8.7797206345e+03,0.21757778,50.455641,0.04999000,50.000000
35820.000,0.01273800,2.9192782401e-01,8.7710255946e+03,0.21700704,50.454417,0.04999000,50.000000
35880.000,0.01273533,2.9129948823e-01,8.7623554195e+03,0.21643837,50.453228,0.04999000,50.000000
35940.000,0.01273267,2.9067316044e-01,8.7537094707e+03,0.21587178,50.452070,0.04999000,50.000000
36000.000,0.01273000,2.9004883368e-01,8.7450871503e+03,0.21530725,50.450943,0.04999000,50.000000
36060.000,0.01272767,2.8942651325e-01,8.7365083824e+03,0.21474214,50.447788,0.04999000,50.000000
36120.000,0.01272533,2.8880620963e-01,8.7279870647e+03,0.21417758,50.445026,0.04999000,50.000000
36180.000,0.01272300,2.8818791932e-01,8.7195177980e+03,0.21361446,50.442484,0.04999000,50.000000
36240.000,0.01272067,2.8757163709e-01,8.7110969778e+03,0.21305303,50.440105,0.04999000,50.000000
36300.000,0.01271833,2.8695735704e-01,8.7027217659e+03,0.21249341,50.437861,0.04999000,50.000000
36360.000,0.01271600,2.8634507290e-01,8.6943897684e+03,0.21193569,50.435733,0.04999000,50.000000
36420.000,0.01271367,2.8573477813e-01,8.6860988840e+03,0.21137991,50.433708,0.04999000,50.000000
36480.000,0.01271133,2.8512646609e-01,8.6778472233e+03,0.21082610,50.431777,0.04999000,50.000000
36540.000,0.01270900,2.8452013000e-01,8.6696330611e+03,0.21027429,50.429932,0.04999000,50.000000
36600.000,0.01270667,2.8391576301e-01,8.6614548081e+03,0.20972449,50.428166,0.04999000,50.000000
36660.000,0.01270433,2.8331335823e-01,8.6533109919e+03,0.20917671,50.426475,0.04999000,50.000000
36720.000,0.01270200,2.8271290874e-01,8.6452002443e+03,0.20863096,50.424852,0.04999000,50.000000
36780.000,0.01269967,2.8211440760e-01,8.6371212906e+03,0.20808723,50.423293,0.04999000,50.000000
36840.000,0.01269733,2.8151784785e-01,8.6290729430e+03,0.20754553,50.421793,0.04999000,50.000000
36900.000,0.01269500,2.8092322257e-01,8.6210540926e+03,0.20700586,50.420349,0.04999000,50.000000
36960.000,0.01269267,2.8033052481e-01,8.6130637047e+03,0.20646820,50.418958,0.04999000,50.000000
37020.000,0.01269033,2.7973974765e-01,8.6051008129e+03,0.20593256,50.417615,0.04999000,50.000000
37080.000,0.01268800,2.7915088419e-01,8.5971645146e+03,0.20539893,50.416317,0.04999000,50.000000
37140.000,0.01268567,2.7856392755e-01,8.5892539667e+03,0.20486730,50.415061,0.04999000,50.000000
37200.000,0.01268333,2.7797887088e-01,8.5813683812e+03,0.20433766,50.413845,0.04999000,50.000000
37260.000,0.01268100,2.7739570734e-01,8.5735070218e+03,0.20381000,50.412666,0.04999000,50.000000
37320.000,0.01267867,2.7681443014e-01,8.5656692003e+03,0.20328433,50.411522,0.04999000,50.000000
37380.000,0.01267633,2.7623503250e-01,8.5578542731e+03,0.20276061,50.410410,0.04999000,50.000000
37440.000,0.01267400,2.7565750769e-01,8.5500616386e+03,0.20223886,50.409328,0.04999000,50.000000
37500.000,0.01267167,2.7508184900e-01,8.5422907339e+03,0.20171906,50.408274,0.04999000,50.000000
37560.000,0.01266933,2.7450804974e-01,8.5345410324e+03,0.20120119,50.407247,0.04999000,50.000000
37620.000,0.01266700,2.7393610329e-01,8.5268120416e+03,0.20068526,50.406244,0.04999000,50.000000
37680.000,0.01266467,2.7336600301e-01,8.5191033002e+03,0.20017124,50.405265,0.04999000,50.000000
37740.000,0.01266233,2.7279774234e-01,8.5114143763e+03,0.19965914,50.404307,0.04999000,50.000000
37800.000,0.01266000,2.7223131473e-01,8.5037448656e+03,0.19914894,50.403369,0.04999000,50.000000
37860.000,0.01265800,2.7166672498e-01,8.4961148136e+03,0.19863812,50.400392,0.04999000,50.000000
37920.000,0.01265600,2.7110398285e-01,8.4885381793e+03,0.19812778,50.397806,0.04999000,50.000000
37980.000,0.01265400,2.7054308505e-01,8.4810096896e+03,0.19761875,50.395433,0.04999000,50.000000
38040.000,0.01265200,2.6998402665e-01,8.4735258714e+03,0.19711129,50.393218,0.04999000,50.000000
38100.000,0.01265000,2.6942680205e-01,8.4660840142e+03,0.19660550,50.391131,0.04999000,50.000000
38160.000,0.01264800,2.6887140531e-01,8.4586818453e+03,0.19610147,50.389156,0.04999000,50.000000
38220.000,0.01264600,2.6831783027e-01,8.4513173786e+03,0.19559923,50.387278,0.04999000,50.000000
38280.000,0.01264400,2.6776607064e-01,8.4439888329e+03,0.19509882,50.385489,0.04999000,50.000000
38340.000,0.01264200,2.6721612000e-01,8.4366945859e+03,0.19460026,50.383782,0.04999000,50.000000
38400.000,0.01264000,2.6666797190e-01,8.4294331456e+03,0.19410355,50.382150,0.04999000,50.000000
38460.000,0.01263800,2.6612161983e-01,8.4222031319e+03,0.19360872,50.380587,0.04999000,50.000000
38520.000,0.01263600,2.6557705724e-01,8.4150032642e+03,0.19311575,50.379089,0.04999000,50.000000
38580.000,0.01263400,2.6503427759e-01,8.4078323516e+03,0.19262466,50.377651,0.04999000,50.000000
38640.000,0.01263200,2.6449327433e-01,8.4006892852e+03,0.19213544,50.376269,0.04999000,50.000000
38700.000,0.01263000,2.6395404090e-01,8.3935730320e+03,0.19164810,50.374939,0.04999000,50.000000
38760.000,0.01262800,2.6341657076e-01,8.3864826289e+03,0.19116262,50.373658,0.04999000,50.000000
38820.000,0.01262600,2.6288085738e-01,8.3794171779e+03,0.19067900,50.372422,0.04999000,50.000000
38880.000,0.01262400,2.6234689427e-01,8.3723758413e+03,0.19019724,50.371229,0.04999000,50.000000
38940.000,0.01262200,2.6181467492e-01,8.3653578375e+03,0.18971732,50.370075,0.04999000,50.000000
39000.000,0.01262000,2.6128419289e-01,8.3583624374e+03,0.18923924,50.368958,0.04999000,50.000000
39060.000,0.01261800,2.6075544173e-01,8.3513889602e+03,0.18876300,50.367875,0.04999000,50.000000
39120.000,0.01261600,2.6022841505e-01,8.3444367705e+03,0.18828858,50.366825,0.04999000,50.000000
39180.000,0.01261400,2.5970310645e-01,8.3375052751e+03,0.18781598,50.365804,0.04999000,50.000000
39240.000,0.01261200,2.5917950959e-01,8.3305939197e+03,0.18734519,50.364812,0.04999000,50.000000
39300.000,0.01261000,2.5865761815e-01,8.3237021868e+03,0.18687619,50.363845,0.04999000,50.000000
39360.000,0.01260800,2.5813742584e-01,8.3168295927e+03,0.18640898,50.362903,0.04999000,50.000000
39420.000,0.01260600,2.5761892640e-01,8.3099756853e+03,0.18594356,50.361984,0.04999000,50.000000
39480.000,0.01260400,2.5710211361e-01,8.3031400419e+03,0.18547990,50.361086,0.04999000,50.000000
39540.000,0.01260200,2.5658698127e-01,8.2963222671e+03,0.18501801,50.360208,0.04999000,50.000000
39600.000,0.01260000,2.5607352321e-01,8.2895219912e+03,0.18455788,50.359349,0.04999000,50.000000
39660.000,0.01259767,2.5556172280e-01,8.2827184988e+03,0.18410187,50.360567,0.04999000,50.000000
39720.000,0.01259533,2.5505155875e-01,8.2758972516e+03,0.18364894,50.361425,0.04999000,50.000000
39780.000,0.01259300,2.5454302200e-01,8.2690629157e+03,0.18319825,50.362099,0.04999000,50.000000
39840.000,0.01259067,2.5403610512e-01,8.2622183820e+03,0.18274956,50.362645,0.04999000,50.000000
39900.000,0.01258833,2.5353080138e-01,8.2553658111e+03,0.18230273,50.363088,0.04999000,50.000000
39960.000,0.01258600,2.5302710442e-01,8.2485069575e+03,0.18185769,50.363447,0.04999000,50.000000
40020.000,0.01258367,2.5252500816e-01,8.2416433197e+03,0.18141438,50.363731,0.04999000,50.000000
40080.000,0.01258133,2.5202450668e-01,8.2347762201e+03,0.18097274,50.363950,0.04999000,50.000000
40140.000,0.01257900,2.5152559423e-01,8.2279068486e+03,0.18053276,50.364108,0.04999000,50.000000
40200.000,0.01257667,2.5102826517e-01,8.2210362899e+03,0.18009439,50.364212,0.04999000,50.000000
40260.000,0.01257433,2.5053251394e-01,8.2141655391e+03,0.17965762,50.364264,0.04999000,50.000000
40320.000,0.01257200,2.5003833507e-01,8.2072955138e+03,0.17922243,50.364270,0.04999000,50.000000
40380.000,0.01256967,2.4954572314e-01,8.2004270613e+03,0.17878880,50.364233,0.04999000,50.000000
40440.000,0.01256733,2.4905467280e-01,8.1935609656e+03,0.17835673,50.364156,0.04999000,50.000000
40500.000,0.01256500,2.4856517873e-01,8.1866979521e+03,0.17792619,50.364042,0.04999000,50.000000
40560.000,0.01256267,2.4807723566e-01,8.1798386923e+03,0.17749717,50.363894,0.04999000,50.000000
40620.000,0.01256033,2.4759083833e-01,8.1729838079e+03,0.17706968,50.363713,0.04999000,50.000000
40680.000,0.01255800,2.4710598155e-01,8.1661338741e+03,0.17664369,50.363504,0.04999000,50.000000
40740.000,0.01255567,2.4662266012e-01,8.1592894235e+03,0.17621921,50.363267,0.04999000,50.000000
40800.000,0.01255333,2.4614086887e-01,8.1524509484e+03,0.17579623,50.363004,0.04999000,50.000000
40860.000,0.01255100,2.4566060267e-01,8.1456189043e+03,0.17537474,50.362719,0.04999000,50.000000
40920.000,0.01254867,2.4518185638e-01,8.1387937120e+03,0.17495473,50.362412,0.04999000,50.000000
40980.000,0.01254633,2.4470462490e-01,8.1319757605e+03,0.17453621,50.362084,0.04999000,50.000000
41040.000,0.01254400,2.4422890314e-01,8.1251654088e+03,0.17411916,50.361739,0.04999000,50.000000
41100.000,0.01254167,2.4375468601e-01,8.1183629886e+03,0.17370358,50.361376,0.04999000,50.000000
41160.000,0.01253933,2.4328196845e-01,8.1115688055e+03,0.17328947,50.360998,0.04999000,50.000000
41220.000,0.01253700,2.4281074541e-01,8.1047831415e+03,0.17287682,50.360605,0.04999000,50.000000
41280.000,0.01253467,2.4234101186e-01,8.0980062562e+03,0.17246563,50.360199,0.04999000,50.000000
41340.000,0.01253233,2.4187276276e-01,8.0912383888e+03,0.17205590,50.359780,0.04999000,50.000000
41400.000,0.01253000,2.4140599311e-01,8.0844797591e+03,0.17164762,50.359350,0.04999000,50.000000
41460.000,0.01252833,2.4094071741e-01,8.0777712264e+03,0.17123623,50.354777,0.04999000,50.000000
41520.000,0.01252667,2.4047695927e-01,8.0711412319e+03,0.17082374,50.350957,0.04999000,50.000000
41580.000,0.01252500,2.4001471934e-01,8.0645799400e+03,0.17041174,50.347531,0.04999000,50.000000
41640.000,0.01252333,2.3955399517e-01,8.0580811171e+03,0.17000067,50.344387,0.04999000,50.000000
41700.000,0.01252167,2.3909478313e-01,8.0516400236e+03,0.16959076,50.341469,0.04999000,50.000000
41760.000,0.01252000,2.3863707888e-01,8.0452527585e+03,0.16918215,50.338741,0.04999000,50.000000
41820.000,0.01251833,2.3818087766e-01,8.0389159553e+03,0.16877493,50.336181,0.04999000,50.000000
41880.000,0.01251667,2.3772617445e-01,8.0326266224e+03,0.16836915,50.333772,0.04999000,50.000000
41940.000,0.01251500,2.3727296400e-01,8.0263820522e+03,0.16796487,50.331500,0.04999000,50.000000
42000.000,0.01251333,2.3682124092e-01,8.0201797675e+03,0.16756211,50.329354,0.04999000,50.000000
42060.000,0.01251167,2.3637099971e-01,8.0140174872e+03,0.16716090,50.327323,0.04999000,50.000000
42120.000,0.01251000,2.3592223479e-01,8.0078931028e+03,0.16676125,50.325401,0.04999000,50.000000
42180.000,0.01250833,2.3547494054e-01,8.0018046611e+03,0.16636317,50.323578,0.04999000,50.000000
42240.000,0.01250667,2.3502911130e-01,7.9957503505e+03,0.16596668,50.321848,0.04999000,50.000000
42300.000,0.01250500,2.3458474139e-01,7.9897284895e+03,0.16557177,50.320203,0.04999000,50.000000
42360.000,0.01250333,2.3414182510e-01,7.9837375163e+03,0.16517844,50.318639,0.04999000,50.000000
42420.000,0.01250167,2.3370035675e-01,7.9777759802e+03,0.16478670,50.317148,0.04999000,50.000000
42480.000,0.01250000,2.3326033066e-01,7.9718425335e+03,0.16439654,50.315726,0.04999000,50.000000
42540.000,0.01249833,2.3282174115e-01,7.9659359236e+03,0.16400795,50.314369,0.04999000,50.000000
42600.000,0.01249667,2.3238458256e-01,7.9600549863e+03,0.16362093,50.313071,0.04999000,50.000000
42660.000,0.01249500,2.3194884927e-01,7.9541986396e+03,0.16323547,50.311828,0.04999000,50.000000
42720.000,0.01249333,2.3151453566e-01,7.9483658776e+03,0.16285157,50.310636,0.04999000,50.000000
42780.000,0.01249167,2.3108163614e-01,7.9425557650e+03,0.16246922,50.309493,0.04999000,50.000000
42840.000,0.01249000,2.3065014517e-01,7.9367674322e+03,0.16208841,50.308394,0.04999000,50.000000
42900.000,0.01248833,2.3022005721e-01,7.9310000704e+03,0.16170913,50.307336,0.04999000,50.000000
42960.000,0.01248667,2.2979136677e-01,7.9252529271e+03,0.16133137,50.306317,0.04999000,50.000000
43020.000,0.01248500,2.2936406838e-01,7.9195253027e+03,0.16095513,50.305333,0.04999000,50.000000
43080.000,0.01248333,2.2893815661e-01,7.9138165456e+03,0.16058039,50.304383,0.04999000,50.000000
43140.000,0.01248167,2.2851362604e-01,7.9081260500e+03,0.16020715,50.303463,0.04999000,50.000000
43200.000,0.01248000,2.2809047132e-01,7.9024532516e+03,0.15983540,50.302573,0.04999000,50.000000
43260.000,0.01247867,2.2766869613e-01,7.8968179001e+03,0.15946296,50.299643,0.04999000,50.000000
43320.000,0.01247733,2.2724830859e-01,7.8912335401e+03,0.15909078,50.297123,0.04999000,50.000000
43380.000,0.01247600,2.2682930604e-01,7.8856946860e+03,0.15871962,50.294830,0.04999000,50.000000
43440.000,0.01247467,2.2641168439e-01,7.8801977045e+03,0.15834970,50.292704,0.04999000,50.000000
43500.000,0.01247333,2.2599543900e-01,7.8747397503e+03,0.15798110,50.290717,0.04999000,50.000000
43560.000,0.01247200,2.2558056493e-01,7.8693184324e+03,0.15761389,50.288848,0.04999000,50.000000
43620.000,0.01247067,2.2516705706e-01,7.8639316598e+03,0.15724810,50.287083,0.04999000,50.000000
43680.000,0.01246933,2.2475491018e-01,7.8585775585e+03,0.15688375,50.285414,0.04999000,50.000000
43740.000,0.01246800,2.2434411899e-01,7.8532544240e+03,0.15652086,50.283832,0.04999000,50.000000
43800.000,0.01246667,2.2393467815e-01,7.8479606930e+03,0.15615944,50.282329,0.04999000,50.000000
43860.000,0.01246533,2.2352658231e-01,7.8426949239e+03,0.15579948,50.280901,0.04999000,50.000000
43920.000,0.01246400,2.2311982610e-01,7.8374557837e+03,0.15544099,50.279540,0.04999000,50.000000
43980.000,0.01246267,2.2271440413e-01,7.8322420373e+03,0.15508398,50.278243,0.04999000,50.000000
44040.000,0.01246133,2.2231031105e-01,7.8270525397e+03,0.15472843,50.277005,0.04999000,50.000000
44100.000,0.01246000,2.2190754148e-01,7.8218862281e+03,0.15437434,50.275821,0.04999000,50.000000
44160.000,0.01245867,2.2150609011e-01,7.8167421162e+03,0.15402170,50.274688,0.04999000,50.000000
44220.000,0.01245733,2.2110595161e-01,7.8116192878e+03,0.15367052,50.273601,0.04999000,50.000000
44280.000,0.01245600,2.2070712068e-01,7.8065168922e+03,0.15332078,50.272559,0.04999000,50.000000
44340.000,0.01245467,2.2030959207e-01,7.8014341390e+03,0.15297248,50.271556,0.04999000,50.000000
44400.000,0.01245333,2.1991336052e-01,7.7963702937e+03,0.15262560,50.270592,0.04999000,50.000000
44460.000,0.01245200,2.1951842083e-01,7.7913246738e+03,0.15228015,50.269663,0.04999000,50.000000
44520.000,0.01245067,2.1912476781e-01,7.7862966450e+03,0.15193611,50.268766,0.04999000,50.000000
44580.000,0.01244933,2.1873239631e-01,7.7812856172e+03,0.15159347,50.267899,0.04999000,50.000000
44640.000,0.01244800,2.1834130121e-01,7.7762910421e+03,0.15125222,50.267061,0.04999000,50.000000
44700.000,0.01244667,2.1795147741e-01,7.7713124094e+03,0.15091237,50.266248,0.04999000,50.000000
44760.000,0.01244533,2.1756291985e-01,7.7663492443e+03,0.15057389,50.265460,0.04999000,50.000000
44820.000,0.01244400,2.1717562350e-01,7.7614011052e+03,0.15023679,50.264695,0.04999000,50.000000
44880.000,0.01244267,2.1678958336e-01,7.7564675807e+03,0.14990105,50.263951,0.04999000,50.000000
44940.000,0.01244133,2.1640479445e-01,7.7515482878e+03,0.14956666,50.263226,0.04999000,50.000000
45000.000,0.01244000,2.1602125182e-01,7.7466428697e+03,0.14923362,50.262520,0.04999000,50.000000
45060.000,0.01243867,2.1563895057e-01,7.7417509939e+03,0.14890192,50.261831,0.04999000,50.000000
45120.000,0.01243733,2.1525788580e-01,7.7368723506e+03,0.14857155,50.261158,0.04999000,50.000000
45180.000,0.01243600,2.1487805265e-01,7.7320066504e+03,0.14824251,50.260499,0.04999000,50.000000
45240.000,0.01243467,2.1449944630e-01,7.7271536238e+03,0.14791478,50.259855,0.04999000,50.000000
45300.000,0.01243333,2.1412206193e-01,7.7223130190e+03,0.14758836,50.259223,0.04999000,50.000000
45360.000,0.01243200,2.1374590741e-01,7.7174846035e+03,0.14726325,50.258603,0.04999000,50.000000
45420.000,0.01243067,2.1337096986e-01,7.7126681646e+03,0.14693945,50.257994,0.04999000,50.000000
45480.000,0.01242933,2.1299723994e-01,7.7078634965e+03,0.14661693,50.257395,0.04999000,50.000000
45540.000,0.01242800,2.1262471294e-01,7.7030704059e+03,0.14629569,50.256807,0.04999000,50.000000
45600.000,0.01242667,2.1225338418e-01,7.6982887121e+03,0.14597572,50.256228,0.04999000,50.000000
45660.000,0.01242533,2.1188324902e-01,7.6935182458e+03,0.14565702,50.255657,0.04999000,50.000000
45720.000,0.01242400,2.1151430282e-01,7.6887588483e+03,0.14533959,50.255095,0.04999000,50.000000
45780.000,0.01242267,2.1114654099e-01,7.6840103705e+03,0.14502340,50.254540,0.04999000,50.000000
45840.000,0.01242133,2.1077995894e-01,7.6792726727e+03,0.14470847,50.253992,0.04999000,50.000000
45900.000,0.01242000,2.1041455212e-01,7.6745456235e+03,0.14439478,50.253451,0.04999000,50.000000
45960.000,0.01241867,2.1005031598e-01,7.6698290992e+03,0.14408232,50.252917,0.04999000,50.000000
46020.000,0.01241733,2.0968724602e-01,7.6651229835e+03,0.14377109,50.252388,0.04999000,50.000000
46080.000,0.01241600,2.0932533774e-01,7.6604271667e+03,0.14346109,50.251865,0.04999000,50.000000
46140.000,0.01241467,2.0896458668e-01,7.6557415453e+03,0.14315231,50.251347,0.04999000,50.000000
46200.000,0.01241333,2.0860498838e-01,7.6510660217e+03,0.14284473,50.250834,0.04999000,50.000000
46260.000,0.01241200,2.0824653842e-01,7.6464005035e+03,0.14253837,50.250326,0.04999000,50.000000
46320.000,0.01241067,2.0788923239e-01,7.6417449034e+03,0.14223320,50.249823,0.04999000,50.000000
46380.000,0.01240933,2.0753306590e-01,7.6370991385e+03,0.14192923,50.249323,0.04999000,50.000000
46440.000,0.01240800,2.0717803458e-01,7.6324631302e+03,0.14162645,50.248828,0.04999000,50.000000
46500.000,0.01240667,2.0682413408e-01,7.6278368040e+03,0.14132485,50.248336,0.04999000,50.000000
46560.000,0.01240533,2.0647136008e-01,7.6232200889e+03,0.14102444,50.247848,0.04999000,50.000000
46620.000,0.01240400,2.0611970826e-01,7.6186129174e+03,0.14072519,50.247364,0.04999000,50.000000
46680.000,0.01240267,2.0576917435e-01,7.6140152250e+03,0.14042712,50.246883,0.04999000,50.000000
46740.000,0.01240133,2.0541975405e-01,7.6094269503e+03,0.14013021,50.246405,0.04999000,50.000000
46800.000,0.01240000,2.0507144313e-01,7.6048480345e+03,0.13983445,50.245929,0.04999000,50.000000
46860.000,0.01239867,2.0472423734e-01,7.6002784212e+03,0.13953985,50.245457,0.04999000,50.000000
46920.000,0.01239733,2.0437813247e-01,7.5957180566e+03,0.13924640,50.244988,0.04999000,50.000000
46980.000,0.01239600,2.0403312433e-01,7.5911668888e+03,0.13895409,50.244521,0.04999000,50.000000
47040.000,0.01239467,2.0368920872e-01,7.5866248680e+03,0.13866292,50.244056,0.04999000,50.000000
47100.000,0.01239333,2.0334638149e-01,7.5820919463e+03,0.13837288,50.243594,0.04999000,50.000000
47160.000,0.01239200,2.0300463849e-01,7.5775680775e+03,0.13808398,50.243135,0.04999000,50.000000
47220.000,0.01239067,2.0266397559e-01,7.5730532170e+03,0.13779619,50.242677,0.04999000,50.000000
47280.000,0.01238933,2.0232438868e-01,7.5685473217e+03,0.13750952,50.242222,0.04999000,50.000000
47340.000,0.01238800,2.0198587367e-01,7.5640503498e+03,0.13722397,50.241769,0.04999000,50.000000
47400.000,0.01238667,2.0164842649e-01,7.5595622608e+03,0.13693953,50.241318,0.04999000,50.000000
47460.000,0.01238533,2.0131204305e-01,7.5550830156e+03,0.13665619,50.240869,0.04999000,50.000000
47520.000,0.01238400,2.0097671934e-01,7.5506125759e+03,0.13637395,50.240422,0.04999000,50.000000
47580.000,0.01238267,2.0064245131e-01,7.5461509046e+03,0.13609281,50.239977,0.04999000,50.000000
47640.000,0.01238133,2.0030923496e-01,7.5416979655e+03,0.13581276,50.239533,0.04999000,50.000000
47700.000,0.01238000,1.9997706628e-01,7.5372537234e+03,0.13553380,50.239092,0.04999000,50.000000
47760.000,0.01237867,1.9964594132e-01,7.5328181438e+03,0.13525592,50.238652,0.04999000,50.000000
47820.000,0.01237733,1.9931585609e-01,7.5283911930e+03,0.13497911,50.238214,0.04999000,50.000000
47880.000,0.01237600,1.9898680665e-01,7.5239728381e+03,0.13470338,50.237777,0.04999000,50.000000
47940.000,0.01237467,1.9865878908e-01,7.5195630467e+03,0.13442872,50.237342,0.04999000,50.000000
48000.000,0.01237333,1.9833179945e-01,7.5151617872e+03,0.13415512,50.236909,0.04999000,50.000000
48060.000,0.01237200,1.9800583387e-01,7.5107690285e+03,0.13388259,50.236477,0.04999000,50.000000
48120.000,0.01237067,1.9768088846e-01,7.5063847401e+03,0.13361111,50.236047,0.04999000,50.000000
48180.000,0.01236933,1.9735695934e-01,7.5020088918e+03,0.13334068,50.235619,0.04999000,50.000000
48240.000,0.01236800,1.9703404266e-01,7.4976414542e+03,0.13307129,50.235191,0.04999000,50.000000
48300.000,0.01236667,1.9671213459e-01,7.4932823981e+03,0.13280295,50.234766,0.04999000,50.000000
48360.000,0.01236533,1.9639123129e-01,7.4889316948e+03,0.13253565,50.234342,0.04999000,50.000000
48420.000,0.01236400,1.9607132898e-01,7.4845893159e+03,0.13226939,50.233919,0.04999000,50.000000
48480.000,0.01236267,1.9575242384e-01,7.4802552335e+03,0.13200415,50.233497,0.04999000,50.000000
48540.000,0.01236133,1.9543451211e-01,7.4759294199e+03,0.13173994,50.233077,0.04999000,50.000000
48600.000,0.01236000,1.9511759002e-01,7.4716118479e+03,0.13147676,50.232659,0.04999000,50.000000
48660.000,0.01235900,1.9480166108e-01,7.4673226495e+03,0.13121269,50.230171,0.04999000,50.000000
48720.000,0.01235800,1.9448673270e-01,7.4630756073e+03,0.13094859,50.228081,0.04999000,50.000000
48780.000,0.01235700,1.9417280338e-01,7.4588655896e+03,0.13068516,50.226199,0.04999000,50.000000
48840.000,0.01235600,1.9385987027e-01,7.4546893214e+03,0.13042258,50.224469,0.04999000,50.000000
48900.000,0.01235500,1.9354793004e-01,7.4505443008e+03,0.13016094,50.222860,0.04999000,50.000000
48960.000,0.01235400,1.9323697914e-01,7.4464284613e+03,0.12990028,50.221353,0.04999000,50.000000
49020.000,0.01235300,1.9292701385e-01,7.4423400167e+03,0.12964063,50.219937,0.04999000,50.000000
49080.000,0.01235200,1.9261803036e-01,7.4382773788e+03,0.12938200,50.218602,0.04999000,50.000000
49140.000,0.01235100,1.9231002481e-01,7.4342391119e+03,0.12912442,50.217341,0.04999000,50.000000
49200.000,0.01235000,1.9200299331e-01,7.4302239052e+03,0.12886788,50.216147,0.04999000,50.000000
49260.000,0.01234900,1.9169693192e-01,7.4262305548e+03,0.12861240,50.215015,0.04999000,50.000000
49320.000,0.01234800,1.9139183672e-01,7.4222579513e+03,0.12835797,50.213941,0.04999000,50.000000
49380.000,0.01234700,1.9108770377e-01,7.4183050708e+03,0.12810459,50.212919,0.04999000,50.000000
49440.000,0.01234600,1.9078452914e-01,7.4143709665e+03,0.12785226,50.211947,0.04999000,50.000000
49500.000,0.01234500,1.9048230891e-01,7.4104547630e+03,0.12760098,50.211020,0.04999000,50.000000
49560.000,0.01234400,1.9018103918e-01,7.4065556502e+03,0.12735074,50.210135,0.04999000,50.000000
49620.000,0.01234300,1.8988071604e-01,7.4026728781e+03,0.12710154,50.209288,0.04999000,50.000000
49680.000,0.01234200,1.8958133564e-01,7.3988057526e+03,0.12685337,50.208478,0.04999000,50.000000
49740.000,0.01234100,1.8928289411e-01,7.3949536305e+03,0.12660623,50.207701,0.04999000,50.000000
49800.000,0.01234000,1.8898538762e-01,7.3911159164e+03,0.12636011,50.206954,0.04999000,50.000000
49860.000,0.01233900,1.8868881235e-01,7.3872920583e+03,0.12611501,50.206237,0.04999000,50.000000
49920.000,0.01233800,1.8839316452e-01,7.3834815451e+03,0.12587091,50.205546,0.04999000,50.000000
49980.000,0.01233700,1.8809844036e-01,7.3796839027e+03,0.12562782,50.204879,0.04999000,50.000000
50040.000,0.01233600,1.8780463613e-01,7.3758986917e+03,0.12538573,50.204235,0.04999000,50.000000
50100.000,0.01233500,1.8751174809e-01,7.3721255047e+03,0.12514464,50.203612,0.04999000,50.000000
50160.000,0.01233400,1.8721977256e-01,7.3683639635e+03,0.12490452,50.203009,0.04999000,50.000000
50220.000,0.01233300,1.8692870585e-01,7.3646137176e+03,0.12466539,50.202424,0.04999000,50.000000
50280.000,0.01233200,1.8663854431e-01,7.3608744411e+03,0.12442723,50.201855,0.04999000,50.000000
50340.000,0.01233100,1.8634928431e-01,7.3571458319e+03,0.12419004,50.201303,0.04999000,50.000000
50400.000,0.01233000,1.8606092223e-01,7.3534276091e+03,0.12395382,50.200765,0.04999000,50.000000
50460.000,0.01232867,1.8577344773e-01,7.3496993884e+03,0.12372036,50.202310,0.04999000,50.000000
50520.000,0.01232733,1.8548684674e-01,7.3459471844e+03,0.12348885,50.203470,0.04999000,50.000000
50580.000,0.01232600,1.8520111365e-01,7.3421758977e+03,0.12325860,50.204432,0.04999000,50.000000
50640.000,0.01232467,1.8491624415e-01,7.3383885774e+03,0.12302942,50.205255,0.04999000,50.000000
50700.000,0.01232333,1.8463223442e-01,7.3345875104e+03,0.12280123,50.205968,0.04999000,50.000000
50760.000,0.01232200,1.8434908092e-01,7.3307745595e+03,0.12257398,50.206588,0.04999000,50.000000
50820.000,0.01232067,1.8406678026e-01,7.3269513189e+03,0.12234762,50.207128,0.04999000,50.000000
50880.000,0.01231933,1.8378532916e-01,7.3231191946e+03,0.12212214,50.207595,0.04999000,50.000000
50940.000,0.01231800,1.8350472445e-01,7.3192794502e+03,0.12189752,50.207998,0.04999000,50.000000
51000.000,0.01231667,1.8322496298e-01,7.3154332336e+03,0.12167374,50.208342,0.04999000,50.000000
51060.000,0.01231533,1.8294604169e-01,7.3115815937e+03,0.12145079,50.208631,0.04999000,50.000000
51120.000,0.01231400,1.8266795754e-01,7.3077254930e+03,0.12122866,50.208871,0.04999000,50.000000
51180.000,0.01231267,1.8239070753e-01,7.3038658156e+03,0.12100735,50.209065,0.04999000,50.000000
51240.000,0.01231133,1.8211428866e-01,7.3000033750e+03,0.12078685,50.209216,0.04999000,50.000000
51300.000,0.01231000,1.8183869798e-01,7.2961389197e+03,0.12056715,50.209329,0.04999000,50.000000
51360.000,0.01230867,1.8156393254e-01,7.2922731386e+03,0.12034825,50.209405,0.04999000,50.000000
51420.000,0.01230733,1.8128998940e-01,7.2884066660e+03,0.12013014,50.209449,0.04999000,50.000000
51480.000,0.01230600,1.8101686564e-01,7.2845400854e+03,0.11991283,50.209463,0.04999000,50.000000
51540.000,0.01230467,1.8074455835e-01,7.2806739338e+03,0.11969632,50.209449,0.04999000,50.000000
51600.000,0.01230333,1.8047306461e-01,7.2768087051e+03,0.11948059,50.209409,0.04999000,50.000000
51660.000,0.01230200,1.8020238154e-01,7.2729448537e+03,0.11926564,50.209345,0.04999000,50.000000
51720.000,0.01230067,1.7993250624e-01,7.2690827971e+03,0.11905149,50.209260,0.04999000,50.000000
51780.000,0.01229933,1.7966343583e-01,7.2652229193e+03,0.11883811,50.209155,0.04999000,50.000000
51840.000,0.01229800,1.7939516741e-01,7.2613655729e+03,0.11862552,50.209031,0.04999000,50.000000
51900.000,0.01229667,1.7912769813e-01,7.2575110817e+03,0.11841371,50.208891,0.04999000,50.000000
51960.000,0.01229533,1.7886102511e-01,7.2536597429e+03,0.11820268,50.208735,0.04999000,50.000000
52020.000,0.01229400,1.7859514550e-01,7.2498118294e+03,0.11799242,50.208565,0.04999000,50.000000
52080.000,0.01229267,1.7833005642e-01,7.2459675912e+03,0.11778294,50.208382,0.04999000,50.000000
52140.000,0.01229133,1.7806575504e-01,7.2421272575e+03,0.11757423,50.208187,0.04999000,50.000000
52200.000,0.01229000,1.7780223850e-01,7.2382910382e+03,0.11736630,50.207981,0.04999000,50.000000
52260.000,0.01228900,1.7753951027e-01,7.2344792254e+03,0.11715739,50.205691,0.04999000,50.000000
52320.000,0.01228800,1.7727757747e-01,7.2307056828e+03,0.11694830,50.203794,0.04999000,50.000000
52380.000,0.01228700,1.7701643922e-01,7.2269654204e+03,0.11673969,50.202099,0.04999000,50.000000
52440.000,0.01228600,1.7675609338e-01,7.2232553112e+03,0.11653173,50.200548,0.04999000,50.000000
52500.000,0.01228500,1.7649653739e-01,7.2195729963e+03,0.11632450,50.199111,0.04999000,50.000000
52560.000,0.01228400,1.7623776848e-01,7.2159165446e+03,0.11611803,50.197771,0.04999000,50.000000
52620.000,0.01228300,1.7597978374e-01,7.2122842969e+03,0.11591234,50.196514,0.04999000,50.000000
52680.000,0.01228200,1.7572258016e-01,7.2086747846e+03,0.11570746,50.195333,0.04999000,50.000000
52740.000,0.01228100,1.7546615473e-01,7.2050866843e+03,0.11550340,50.194221,0.04999000,50.000000
52800.000,0.01228000,1.7521050437e-01,7.2015187908e+03,0.11530015,50.193170,0.04999000,50.000000
52860.000,0.01227900,1.7495562599e-01,7.1979699998e+03,0.11509773,50.192177,0.04999000,50.000000
52920.000,0.01227800,1.7470151649e-01,7.1944392960e+03,0.11489614,50.191237,0.04999000,50.000000
52980.000,0.01227700,1.7444817279e-01,7.1909257439e+03,0.11469536,50.190345,0.04999000,50.000000
53040.000,0.01227600,1.7419559178e-01,7.1874284807e+03,0.11449541,50.189498,0.04999000,50.000000
53100.000,0.01227500,1.7394377039e-01,7.1839467097e+03,0.11429628,50.188693,0.04999000,50.000000
53160.000,0.01227400,1.7369270554e-01,7.1804796955e+03,0.11409797,50.187925,0.04999000,50.000000
53220.000,0.01227300,1.7344239416e-01,7.1770267586e+03,0.11390046,50.187194,0.04999000,50.000000
53280.000,0.01227200,1.7319283322e-01,7.1735872710e+03,0.11370377,50.186494,0.04999000,50.000000
53340.000,0.01227100,1.7294401969e-01,7.1701606524e+03,0.11350788,50.185825,0.04999000,50.000000
53400.000,0.01227000,1.7269595054e-01,7.1667463664e+03,0.11331278,50.185184,0.04999000,50.000000
53460.000,0.01226900,1.7244862280e-01,7.1633439170e+03,0.11311849,50.184569,0.04999000,50.000000
53520.000,0.01226800,1.7220203348e-01,7.1599528453e+03,0.11292497,50.183977,0.04999000,50.000000
53580.000,0.01226700,1.7195617963e-01,7.1565727271e+03,0.11273225,50.183408,0.04999000,50.000000
53640.000,0.01226600,1.7171105830e-01,7.1532031697e+03,0.11254030,50.182859,0.04999000,50.000000
53700.000,0.01226500,1.7146666658e-01,7.1498438098e+03,0.11234913,50.182329,0.04999000,50.000000
53760.000,0.01226400,1.7122300157e-01,7.1464943109e+03,0.11215873,50.181817,0.04999000,50.000000
53820.000,0.01226300,1.7098006038e-01,7.1431543616e+03,0.11196909,50.181320,0.04999000,50.000000
53880.000,0.01226200,1.7073784014e-01,7.1398236732e+03,0.11178021,50.180839,0.04999000,50.000000
53940.000,0.01226100,1.7049633801e-01,7.1365019783e+03,0.11159209,50.180372,0.04999000,50.000000
54000.000,0.01226000,1.7025555116e-01,7.1331890290e+03,0.11140472,50.179917,0.04999000,50.000000
54060.000,0.01225900,1.7001547678e-01,7.1298845954e+03,0.11121809,50.179475,0.04999000,50.000000
54120.000,0.01225800,1.6977611207e-01,7.1265884641e+03,0.11103220,50.179043,0.04999000,50.000000
54180.000,0.01225700,1.6953745424e-01,7.1233004372e+03,0.11084706,50.178622,0.04999000,50.000000
54240.000,0.01225600,1.6929950055e-01,7.1200203306e+03,0.11066264,50.178211,0.04999000,50.000000
54300.000,0.01225500,1.6906224824e-01,7.1167479735e+03,0.11047895,50.177808,0.04999000,50.000000
54360.000,0.01225400,1.6882569458e-01,7.1134832070e+03,0.11029599,50.177414,0.04999000,50.000000
54420.000,0.01225300,1.6858983686e-01,7.1102258833e+03,0.11011375,50.177027,0.04999000,50.000000
54480.000,0.01225200,1.6835467237e-01,7.1069758646e+03,0.10993222,50.176648,0.04999000,50.000000
54540.000,0.01225100,1.6812019843e-01,7.1037330229e+03,0.10975141,50.176275,0.04999000,50.000000
54600.000,0.01225000,1.6788641238e-01,7.1004972386e+03,0.10957130,50.175908,0.04999000,50.000000
54660.000,0.01224900,1.6765331156e-01,7.0972684001e+03,0.10939190,50.175548,0.04999000,50.000000
54720.000,0.01224800,1.6742089332e-01,7.0940464032e+03,0.10921320,50.175192,0.04999000,50.000000
54780.000,0.01224700,1.6718915504e-01,7.0908311508e+03,0.10903520,50.174842,0.04999000,50.000000
54840.000,0.01224600,1.6695809410e-01,7.0876225516e+03,0.10885789,50.174496,0.04999000,50.000000
54900.000,0.01224500,1.6672770791e-01,7.0844205205e+03,0.10868127,50.174155,0.04999000,50.000000
54960.000,0.01224400,1.6649799387e-01,7.0812249775e+03,0.10850533,50.173818,0.04999000,50.000000
55020.000,0.01224300,1.6626894943e-01,7.0780358477e+03,0.10833008,50.173485,0.04999000,50.000000
55080.000,0.01224200,1.6604057200e-01,7.0748530606e+03,0.10815551,50.173156,0.04999000,50.000000
55140.000,0.01224100,1.6581285906e-01,7.0716765499e+03,0.10798161,50.172830,0.04999000,50.000000
55200.000,0.01224000,1.6558580805e-01,7.0685062533e+03,0.10780839,50.172507,0.04999000,50.000000
55260.000,0.01223900,1.6535941647e-01,7.0653421119e+03,0.10763584,50.172188,0.04999000,50.000000
55320.000,0.01223800,1.6513368179e-01,7.0621840703e+03,0.10746395,50.171871,0.04999000,50.000000
55380.000,0.01223700,1.6490860153e-01,7.0590320761e+03,0.10729272,50.171557,0.04999000,50.000000
55440.000,0.01223600,1.6468417319e-01,7.0558860794e+03,0.10712216,50.171245,0.04999000,50.000000
55500.000,0.01223500,1.6446039430e-01,7.0527460334e+03,0.10695225,50.170936,0.04999000,50.000000
55560.000,0.01223400,1.6423726239e-01,7.0496118932e+03,0.10678299,50.170630,0.04999000,50.000000
55620.000,0.01223300,1.6401477503e-01,7.0464836164e+03,0.10661438,50.170325,0.04999000,50.000000
55680.000,0.01223200,1.6379292975e-01,7.0433611625e+03,0.10644642,50.170023,0.04999000,50.000000
55740.000,0.01223100,1.6357172415e-01,7.0402444931e+03,0.10627911,50.169722,0.04999000,50.000000
55800.000,0.01223000,1.6335115579e-01,7.0371335713e+03,0.10611244,50.169424,0.04999000,50.000000
55860.000,0.01222933,1.6313122779e-01,7.0340484062e+03,0.10594481,50.167051,0.04999000,50.000000
55920.000,0.01222867,1.6291194663e-01,7.0310025415e+03,0.10577695,50.165088,0.04999000,50.000000
55980.000,0.01222800,1.6269331165e-01,7.0279907537e+03,0.10560949,50.163339,0.04999000,50.000000
56040.000,0.01222733,1.6247532102e-01,7.0250097161e+03,0.10544258,50.161746,0.04999000,50.000000
56100.000,0.01222667,1.6225797251e-01,7.0220568915e+03,0.10527628,50.160277,0.04999000,50.000000
56160.000,0.01222600,1.6204126372e-01,7.0191301880e+03,0.10511063,50.158912,0.04999000,50.000000
56220.000,0.01222533,1.6182519217e-01,7.0162278005e+03,0.10494563,50.157640,0.04999000,50.000000
56280.000,0.01222467,1.6160975529e-01,7.0133481278e+03,0.10478131,50.156451,0.04999000,50.000000
56340.000,0.01222400,1.6139495050e-01,7.0104897266e+03,0.10461767,50.155336,0.04999000,50.000000
56400.000,0.01222333,1.6118077520e-01,7.0076512830e+03,0.10445471,50.154290,0.04999000,50.000000
56460.000,0.01222267,1.6096722677e-01,7.0048315946e+03,0.10429243,50.153306,0.04999000,50.000000
56520.000,0.01222200,1.6075430260e-01,7.0020295576e+03,0.10413084,50.152380,0.04999000,50.000000
56580.000,0.01222133,1.6054200010e-01,6.9992441569e+03,0.10396992,50.151507,0.04999000,50.000000
56640.000,0.01222067,1.6033031667e-01,6.9964744579e+03,0.10380968,50.150683,0.04999000,50.000000
56700.000,0.01222000,1.6011924973e-01,6.9937195996e+03,0.10365011,50.149904,0.04999000,50.000000
56760.000,0.01221933,1.5990879672e-01,6.9909787889e+03,0.10349121,50.149166,0.04999000,50.000000
56820.000,0.01221867,1.5969895508e-01,6.9882512942e+03,0.10333297,50.148466,0.04999000,50.000000
56880.000,0.01221800,1.5948972230e-01,6.9855364414e+03,0.10317539,50.147802,0.04999000,50.000000
56940.000,0.01221733,1.5928109586e-01,6.9828336086e+03,0.10301846,50.147170,0.04999000,50.000000
57000.000,0.01221667,1.5907307327e-01,6.9801422225e+03,0.10286218,50.146568,0.04999000,50.000000
57060.000,0.01221600,1.5886565205e-01,6.9774617540e+03,0.10270655,50.145994,0.04999000,50.000000
57120.000,0.01221533,1.5865882975e-01,6.9747917150e+03,0.10255155,50.145446,0.04999000,50.000000
57180.000,0.01221467,1.5845260395e-01,6.9721316552e+03,0.10239719,50.144921,0.04999000,50.000000
57240.000,0.01221400,1.5824697221e-01,6.9694811588e+03,0.10224346,50.144417,0.04999000,50.000000
57300.000,0.01221333,1.5804193215e-01,6.9668398421e+03,0.10209035,50.143934,0.04999000,50.000000
57360.000,0.01221267,1.5783748138e-01,6.9642073506e+03,0.10193786,50.143469,0.04999000,50.000000
57420.000,0.01221200,1.5763361755e-01,6.9615833572e+03,0.10178599,50.143022,0.04999000,50.000000
57480.000,0.01221133,1.5743033831e-01,6.9589675594e+03,0.10163473,50.142590,0.04999000,50.000000
57540.000,0.01221067,1.5722764132e-01,6.9563596777e+03,0.10148407,50.142173,0.04999000,50.000000
57600.000,0.01221000,1.5702552429e-01,6.9537594538e+03,0.10133401,50.141769,0.04999000,50.000000
57660.000,0.01220933,1.5682398492e-01,6.9511666488e+03,0.10118455,50.141378,0.04999000,50.000000
57720.000,0.01220867,1.5662302092e-01,6.9485810416e+03,0.10103569,50.140998,0.04999000,50.000000
57780.000,0.01220800,1.5642263005e-01,6.9460024278e+03,0.10088741,50.140629,0.04999000,50.000000
57840.000,0.01220733,1.5622281004e-01,6.9434306179e+03,0.10073973,50.140270,0.04999000,50.000000
57900.000,0.01220667,1.5602355866e-01,6.9408654366e+03,0.10059262,50.139920,0.04999000,50.000000
57960.000,0.01220600,1.5582487370e-01,6.9383067212e+03,0.10044609,50.139579,0.04999000,50.000000
58020.000,0.01220533,1.5562675296e-01,6.9357543210e+03,0.10030013,50.139246,0.04999000,50.000000
58080.000,0.01220467,1.5542919423e-01,6.9332080963e+03,0.10015475,50.138920,0.04999000,50.000000
58140.000,0.01220400,1.5523219535e-01,6.9306679171e+03,0.10000994,50.138600,0.04999000,50.000000
58200.000,0.01220333,1.5503575415e-01,6.9281336629e+03,0.09986568,50.138287,0.04999000,50.000000
58260.000,0.01220267,1.5483986848e-01,6.9256052216e+03,0.09972199,50.137980,0.04999000,50.000000
58320.000,0.01220200,1.5464453620e-01,6.9230824888e+03,0.09957886,50.137679,0.04999000,50.000000
58380.000,0.01220133,1.5444975518e-01,6.9205653677e+03,0.09943628,50.137382,0.04999000,50.000000
58440.000,0.01220067,1.5425552331e-01,6.9180537677e+03,0.09929425,50.137090,0.04999000,50.000000
58500.000,0.01220000,1.5406183849e-01,6.9155476044e+03,0.09915277,50.136803,0.04999000,50.000000
58560.000,0.01219933,1.5386869863e-01,6.9130467993e+03,0.09901184,50.136520,0.04999000,50.000000
58620.000,0.01219867,1.5367610164e-01,6.9105512788e+03,0.09887144,50.136240,0.04999000,50.000000
58680.000,0.01219800,1.5348404546e-01,6.9080609740e+03,0.09873159,50.135964,0.04999000,50.000000
58740.000,0.01219733,1.5329252803e-01,6.9055758207e+03,0.09859227,50.135692,0.04999000,50.000000
58800.000,0.01219667,1.5310154731e-01,6.9030957585e+03,0.09845349,50.135423,0.04999000,50.000000
58860.000,0.01219600,1.5291110126e-01,6.9006207309e+03,0.09831524,50.135156,0.04999000,50.000000
58920.000,0.01219533,1.5272118785e-01,6.8981506846e+03,0.09817751,50.134893,0.04999000,50.000000
58980.000,0.01219467,1.5253180507e-01,6.8956855696e+03,0.09804031,50.134632,0.04999000,50.000000
59040.000,0.01219400,1.5234295092e-01,6.8932253389e+03,0.09790364,50.134373,0.04999000,50.000000
59100.000,0.01219333,1.5215462340e-01,6.8907699480e+03,0.09776748,50.134117,0.04999000,50.000000
59160.000,0.01219267,1.5196682052e-01,6.8883193549e+03,0.09763184,50.133863,0.04999000,50.000000
59220.000,0.01219200,1.5177954032e-01,6.8858735200e+03,0.09749672,50.133612,0.04999000,50.000000
59280.000,0.01219133,1.5159278082e-01,6.8834324058e+03,0.09736211,50.133362,0.04999000,50.000000
59340.000,0.01219067,1.5140654007e-01,6.8809959765e+03,0.09722801,50.133114,0.04999000,50.000000
59400.000,0.01219000,1.5122081613e-01,6.8785641983e+03,0.09709441,50.132868,0.04999000,50.000000
59460.000,0.01218967,1.5103561186e-01,6.8761570350e+03,0.09695988,50.130547,0.04999000,50.000000
59520.000,0.01218933,1.5085093330e-01,6.8737879363e+03,0.09682505,50.128641,0.04999000,50.000000
59580.000,0.01218900,1.5066678004e-01,6.8714516466e+03,0.09669054,50.126951,0.04999000,50.000000
59640.000,0.01218867,1.5048315055e-01,6.8691448233e+03,0.09655647,50.125418,0.04999000,50.000000
59700.000,0.01218833,1.5030004300e-01,6.8668649208e+03,0.09642290,50.124009,0.04999000,50.000000
59760.000,0.01218800,1.5011745540e-01,6.8646098424e+03,0.09628986,50.122706,0.04999000,50.000000
59820.000,0.01218767,1.4993538567e-01,6.8623777812e+03,0.09615736,50.121496,0.04999000,50.000000
59880.000,0.01218733,1.4975383171e-01,6.8601671366e+03,0.09602540,50.120368,0.04999000,50.000000
59940.000,0.01218700,1.4957279137e-01,6.8579764673e+03,0.09589400,50.119316,0.04999000,50.000000
60000.000,0.01218667,1.4939226252e-01,6.8558044637e+03,0.09576314,50.118332,0.04999000,50.000000
60060.000,0.01218633,1.4921224301e-01,6.8536499289e+03,0.09563284,50.117410,0.04999000,50.000000
60120.000,0.01218600,1.4903273070e-01,6.8515117658e+03,0.09550309,50.116546,0.04999000,50.000000
60180.000,0.01218567,1.4885372346e-01,6.8493889673e+03,0.09537388,50.115734,0.04999000,50.000000
60240.000,0.01218533,1.4867521917e-01,6.8472806077e+03,0.09524522,50.114972,0.04999000,50.000000
60300.000,0.01218500,1.4849721574e-01,6.8451858355e+03,0.09511709,50.114253,0.04999000,50.000000
60360.000,0.01218467,1.4831971106e-01,6.8431038676e+03,0.09498950,50.113576,0.04999000,50.000000
60420.000,0.01218433,1.4814270307e-01,6.8410339834e+03,0.09486244,50.112937,0.04999000,50.000000
60480.000,0.01218400,1.4796618971e-01,6.8389755193e+03,0.09473591,50.112332,0.04999000,50.000000
60540.000,0.01218367,1.4779016895e-01,6.8369278650e+03,0.09460990,50.111760,0.04999000,50.000000
60600.000,0.01218333,1.4761463877e-01,6.8348904581e+03,0.09448441,50.111216,0.04999000,50.000000
60660.000,0.01218300,1.4743959717e-01,6.8328627812e+03,0.09435942,50.110700,0.04999000,50.000000
60720.000,0.01218267,1.4726504215e-01,6.8308443573e+03,0.09423495,50.110209,0.04999000,50.000000
60780.000,0.01218233,1.4709097176e-01,6.8288347475e+03,0.09411098,50.109741,0.04999000,50.000000
60840.000,0.01218200,1.4691738404e-01,6.8268335473e+03,0.09398751,50.109295,0.04999000,50.000000
60900.000,0.01218167,1.4674427706e-01,6.8248403839e+03,0.09386454,50.108867,0.04999000,50.000000
60960.000,0.01218133,1.4657164889e-01,6.8228549137e+03,0.09374206,50.108458,0.04999000,50.000000
61020.000,0.01218100,1.4639949764e-01,6.8208768202e+03,0.09362007,50.108066,0.04999000,50.000000
61080.000,0.01218067,1.4622782142e-01,6.8189058114e+03,0.09349856,50.107689,0.04999000,50.000000
61140.000,0.01218033,1.4605661835e-01,6.8169416180e+03,0.09337753,50.107325,0.04999000,50.000000
61200.000,0.01218000,1.4588588657e-01,6.8149839915e+03,0.09325698,50.106975,0.04999000,50.000000
61260.000,0.01217933,1.4571561976e-01,6.8130127309e+03,0.09313827,50.108711,0.04999000,50.000000
61320.000,0.01217867,1.4554580855e-01,6.8110141885e+03,0.09302080,50.110044,0.04999000,50.000000
61380.000,0.01217800,1.4537644972e-01,6.8089934094e+03,0.09290395,50.111172,0.04999000,50.000000
61440.000,0.01217733,1.4520754113e-01,6.8069535344e+03,0.09278761,50.112154,0.04999000,50.000000
61500.000,0.01217667,1.4503908096e-01,6.8048969192e+03,0.09267172,50.113021,0.04999000,50.000000
61560.000,0.01217600,1.4487106755e-01,6.8028254824e+03,0.09255624,50.113792,0.04999000,50.000000
61620.000,0.01217533,1.4470349933e-01,6.8007408643e+03,0.09244118,50.114479,0.04999000,50.000000
61680.000,0.01217467,1.4453637479e-01,6.7986445101e+03,0.09232650,50.115091,0.04999000,50.000000
61740.000,0.01217400,1.4436969243e-01,6.7965377150e+03,0.09221221,50.115636,0.04999000,50.000000
61800.000,0.01217333,1.4420345081e-01,6.7944216524e+03,0.09209829,50.116120,0.04999000,50.000000
61860.000,0.01217267,1.4403764849e-01,6.7922973913e+03,0.09198476,50.116548,0.04999000,50.000000
61920.000,0.01217200,1.4387228403e-01,6.7901659086e+03,0.09187159,50.116924,0.04999000,50.000000
61980.000,0.01217133,1.4370735603e-01,6.7880280988e+03,0.09175880,50.117254,0.04999000,50.000000
62040.000,0.01217067,1.4354286306e-01,6.7858847818e+03,0.09164638,50.117541,0.04999000,50.000000
62100.000,0.01217000,1.4337880371e-01,6.7837367092e+03,0.09153432,50.117789,0.04999000,50.000000
62160.000,0.01216933,1.4321517657e-01,6.7815845703e+03,0.09142264,50.118000,0.04999000,50.000000
62220.000,0.01216867,1.4305198024e-01,6.7794289971e+03,0.09131132,50.118178,0.04999000,50.000000
62280.000,0.01216800,1.4288921330e-01,6.7772705693e+03,0.09120038,50.118326,0.04999000,50.000000
62340.000,0.01216733,1.4272687435e-01,6.7751098184e+03,0.09108980,50.118446,0.04999000,50.000000
62400.000,0.01216667,1.4256496197e-01,6.7729472318e+03,0.09097960,50.118541,0.04999000,50.000000
62460.000,0.01216600,1.4240347475e-01,6.7707832561e+03,0.09086976,50.118612,0.04999000,50.000000
62520.000,0.01216533,1.4224241128e-01,6.7686183008e+03,0.09076029,50.118661,0.04999000,50.000000
62580.000,0.01216467,1.4208177014e-01,6.7664527408e+03,0.09065120,50.118691,0.04999000,50.000000
62640.000,0.01216400,1.4192154994e-01,6.7642869199e+03,0.09054247,50.118703,0.04999000,50.000000
62700.000,0.01216333,1.4176174924e-01,6.7621211528e+03,0.09043411,50.118699,0.04999000,50.000000
62760.000,0.01216267,1.4160236665e-01,6.7599557277e+03,0.09032612,50.118679,0.04999000,50.000000
62820.000,0.01216200,1.4144340074e-01,6.7577909083e+03,0.09021851,50.118646,0.04999000,50.000000
62880.000,0.01216133,1.4128485012e-01,6.7556269361e+03,0.09011126,50.118599,0.04999000,50.000000
62940.000,0.01216067,1.4112671335e-01,6.7534640317e+03,0.09000437,50.118542,0.04999000,50.000000
63000.000,0.01216000,1.4096898905e-01,6.7513023972e+03,0.08989786,50.118473,0.04999000,50.000000
63060.000,0.01215933,1.4081167580e-01,6.7491422170e+03,0.08979172,50.118395,0.04999000,50.000000
63120.000,0.01215867,1.4065477219e-01,6.7469836597e+03,0.08968594,50.118308,0.04999000,50.000000
63180.000,0.01215800,1.4049827681e-01,6.7448268793e+03,0.08958053,50.118214,0.04999000,50.000000
63240.000,0.01215733,1.4034218828e-01,6.7426720164e+03,0.08947548,50.118111,0.04999000,50.000000
63300.000,0.01215667,1.4018650519e-01,6.7405191990e+03,0.08937080,50.118002,0.04999000,50.000000
63360.000,0.01215600,1.4003122614e-01,6.7383685439e+03,0.08926649,50.117887,0.04999000,50.000000
63420.000,0.01215533,1.3987634974e-01,6.7362201577e+03,0.08916254,50.117766,0.04999000,50.000000
63480.000,0.01215467,1.3972187460e-01,6.7340741372e+03,0.08905895,50.117641,0.04999000,50.000000
63540.000,0.01215400,1.3956779932e-01,6.7319305704e+03,0.08895572,50.117510,0.04999000,50.000000
63600.000,0.01215333,1.3941412253e-01,6.7297895373e+03,0.08885286,50.117376,0.04999000,50.000000
63660.000,0.01215267,1.3926084285e-01,6.7276511107e+03,0.08875036,50.117237,0.04999000,50.000000
63720.000,0.01215200,1.3910795890e-01,6.7255153564e+03,0.08864821,50.117095,0.04999000,50.000000
63780.000,0.01215133,1.3895546930e-01,6.7233823339e+03,0.08854642,50.116950,0.04999000,50.000000
63840.000,0.01215067,1.3880337269e-01,6.7212520972e+03,0.08844499,50.116803,0.04999000,50.000000
63900.000,0.01215000,1.3865166770e-01,6.7191246949e+03,0.08834392,50.116652,0.04999000,50.000000
63960.000,0.01214933,1.3850035297e-01,6.7170001708e+03,0.08824320,50.116500,0.04999000,50.000000
64020.000,0.01214867,1.3834942714e-01,6.7148785644e+03,0.08814283,50.116345,0.04999000,50.000000
64080.000,0.01214800,1.3819888886e-01,6.7127599110e+03,0.08804282,50.116188,0.04999000,50.000000
64140.000,0.01214733,1.3804873678e-01,6.7106442422e+03,0.08794316,50.116030,0.04999000,50.000000
64200.000,0.01214667,1.3789896956e-01,6.7085315862e+03,0.08784385,50.115870,0.04999000,50.000000
64260.000,0.01214600,1.3774958586e-01,6.7064219680e+03,0.08774488,50.115709,0.04999000,50.000000
64320.000,0.01214533,1.3760058435e-01,6.7043154100e+03,0.08764627,50.115547,0.04999000,50.000000
64380.000,0.01214467,1.3745196368e-01,6.7022119316e+03,0.08754800,50.115384,0.04999000,50.000000
64440.000,0.01214400,1.3730372255e-01,6.7001115501e+03,0.08745008,50.115220,0.04999000,50.000000
64500.000,0.01214333,1.3715585963e-01,6.6980142802e+03,0.08735250,50.115055,0.04999000,50.000000
64560.000,0.01214267,1.3700837359e-01,6.6959201350e+03,0.08725526,50.114889,0.04999000,50.000000
64620.000,0.01214200,1.3686126314e-01,6.6938291254e+03,0.08715837,50.114723,0.04999000,50.000000
64680.000,0.01214133,1.3671452697e-01,6.6917412608e+03,0.08706182,50.114557,0.04999000,50.000000
64740.000,0.01214067,1.3656816377e-01,6.6896565490e+03,0.08696560,50.114390,0.04999000,50.000000
64800.000,0.01214000,1.3642217224e-01,6.6875749962e+03,0.08686972,50.114222,0.04999000,50.000000
64860.000,0.01213967,1.3627655506e-01,6.6855165507e+03,0.08677293,50.111978,0.04999000,50.000000
64920.000,0.01213933,1.3613131769e-01,6.6834945806e+03,0.08667578,50.110151,0.04999000,50.000000
64980.000,0.01213900,1.3598646011e-01,6.6815038149e+03,0.08657884,50.108542,0.04999000,50.000000
65040.000,0.01213867,1.3584198127e-01,6.6795409148e+03,0.08648220,50.107089,0.04999000,50.000000
65100.000,0.01213833,1.3569787986e-01,6.6776033453e+03,0.08638592,50.105761,0.04999000,50.000000
65160.000,0.01213800,1.3555415447e-01,6.6756890239e+03,0.08629002,50.104539,0.04999000,50.000000
65220.000,0.01213767,1.3541080361e-01,6.6737961597e+03,0.08619449,50.103408,0.04999000,50.000000
65280.000,0.01213733,1.3526782580e-01,6.6719231695e+03,0.08609935,50.102360,0.04999000,50.000000
65340.000,0.01213700,1.3512521953e-01,6.6700686306e+03,0.08600460,50.101386,0.04999000,50.000000
65400.000,0.01213667,1.3498298327e-01,6.6682312523e+03,0.08591024,50.100479,0.04999000,50.000000
65460.000,0.01213633,1.3484111552e-01,6.6664098577e+03,0.08581626,50.099634,0.04999000,50.000000
65520.000,0.01213600,1.3469961479e-01,6.6646033701e+03,0.08572267,50.098846,0.04999000,50.000000
65580.000,0.01213567,1.3455847957e-01,6.6628108029e+03,0.08562945,50.098109,0.04999000,50.000000
65640.000,0.01213533,1.3441770839e-01,6.6610312514e+03,0.08553662,50.097420,0.04999000,50.000000
65700.000,0.01213500,1.3427729978e-01,6.6592638851e+03,0.08544415,50.096775,0.04999000,50.000000
65760.000,0.01213467,1.3413725230e-01,6.6575079417e+03,0.08535206,50.096170,0.04999000,50.000000
65820.000,0.01213433,1.3399756449e-01,6.6557627213e+03,0.08526034,50.095602,0.04999000,50.000000
65880.000,0.01213400,1.3385823494e-01,6.6540275808e+03,0.08516898,50.095067,0.04999000,50.000000
65940.000,0.01213367,1.3371926224e-01,6.6523019300e+03,0.08507797,50.094564,0.04999000,50.000000
66000.000,0.01213333,1.3358064499e-01,6.6505852263e+03,0.08498733,50.094089,0.04999000,50.000000
66060.000,0.01213300,1.3344238180e-01,6.6488769714e+03,0.08489704,50.093640,0.04999000,50.000000
66120.000,0.01213267,1.3330447132e-01,6.6471767075e+03,0.08480709,50.093215,0.04999000,50.000000
66180.000,0.01213233,1.3316691218e-01,6.6454840137e+03,0.08471749,50.092813,0.04999000,50.000000
66240.000,0.01213200,1.3302970304e-01,6.6437985034e+03,0.08462824,50.092431,0.04999000,50.000000
66300.000,0.01213167,1.3289284258e-01,6.6421198209e+03,0.08453932,50.092067,0.04999000,50.000000
66360.000,0.01213133,1.3275632947e-01,6.6404476397e+03,0.08445074,50.091721,0.04999000,50.000000
66420.000,0.01213100,1.3262016241e-01,6.6387816590e+03,0.08436250,50.091391,0.04999000,50.000000
66480.000,0.01213067,1.3248434010e-01,6.6371216026e+03,0.08427458,50.091075,0.04999000,50.000000
66540.000,0.01213033,1.3234886126e-01,6.6354672161e+03,0.08418699,50.090772,0.04999000,50.000000
66600.000,0.01213000,1.3221372461e-01,6.6338182658e+03,0.08409973,50.090482,0.04999000,50.000000
66660.000,0.01212967,1.3207892889e-01,6.6321745362e+03,0.08401279,50.090203,0.04999000,50.000000
66720.000,0.01212933,1.3194447286e-01,6.6305358292e+03,0.08392617,50.089935,0.04999000,50.000000
66780.000,0.01212900,1.3181035525e-01,6.6289019624e+03,0.08383987,50.089676,0.04999000,50.000000
66840.000,0.01212867,1.3167657484e-01,6.6272727676e+03,0.08375389,50.089426,0.04999000,50.000000
66900.000,0.01212833,1.3154313041e-01,6.6256480900e+03,0.08366822,50.089184,0.04999000,50.000000
66960.000,0.01212800,1.3141002072e-01,6.6240277868e+03,0.08358286,50.088950,0.04999000,50.000000
67020.000,0.01212767,1.3127724458e-01,6.6224117264e+03,0.08349781,50.088723,0.04999000,50.000000
67080.000,0.01212733,1.3114480079e-01,6.6207997873e+03,0.08341306,50.088502,0.04999000,50.000000
67140.000,0.01212700,1.3101268814e-01,6.6191918576e+03,0.08332862,50.088286,0.04999000,50.000000
67200.000,0.01212667,1.3088090545e-01,6.6175878336e+03,0.08324449,50.088077,0.04999000,50.000000
67260.000,0.01212633,1.3074945155e-01,6.6159876198e+03,0.08316066,50.087872,0.04999000,50.000000
67320.000,0.01212600,1.3061832526e-01,6.6143911279e+03,0.08307712,50.087672,0.04999000,50.000000
67380.000,0.01212567,1.3048752541e-01,6.6127982761e+03,0.08299389,50.087477,0.04999000,50.000000
67440.000,0.01212533,1.3035705086e-01,6.6112089888e+03,0.08291095,50.087285,0.04999000,50.000000
67500.000,0.01212500,1.3022690044e-01,6.6096231960e+03,0.08282830,50.087097,0.04999000,50.000000
67560.000,0.01212467,1.3009707302e-01,6.6080408327e+03,0.08274595,50.086913,0.04999000,50.000000
67620.000,0.01212433,1.2996756746e-01,6.6064618387e+03,0.08266389,50.086732,0.04999000,50.000000
67680.000,0.01212400,1.2983838262e-01,6.6048861581e+03,0.08258211,50.086553,0.04999000,50.000000
67740.000,0.01212367,1.2970951738e-01,6.6033137391e+03,0.08250063,50.086378,0.04999000,50.000000
67800.000,0.01212333,1.2958097061e-01,6.6017445332e+03,0.08241943,50.086205,0.04999000,50.000000
67860.000,0.01212300,1.2945274121e-01,6.6001784956e+03,0.08233852,50.086034,0.04999000,50.000000
67920.000,0.01212267,1.2932482807e-01,6.5986155844e+03,0.08225789,50.085865,0.04999000,50.000000
67980.000,0.01212233,1.2919723007e-01,6.5970557604e+03,0.08217755,50.085699,0.04999000,50.000000
68040.000,0.01212200,1.2906994614e-01,6.5954989872e+03,0.08209748,50.085534,0.04999000,50.000000
68100.000,0.01212167,1.2894297517e-01,6.5939452307e+03,0.08201770,50.085372,0.04999000,50.000000
68160.000,0.01212133,1.2881631607e-01,6.5923944588e+03,0.08193819,50.085211,0.04999000,50.000000
68220.000,0.01212100,1.2868996778e-01,6.5908466418e+03,0.08185896,50.085051,0.04999000,50.000000
68280.000,0.01212067,1.2856392920e-01,6.5893017513e+03,0.08178000,50.084894,0.04999000,50.000000
68340.000,0.01212033,1.2843819928e-01,6.5877597611e+03,0.08170132,50.084737,0.04999000,50.000000
68400.000,0.01212000,1.2831277694e-01,6.5862206462e+03,0.08162291,50.084582,0.04999000,50.000000
68460.000,0.01211967,1.2818766112e-01,6.5846843832e+03,0.08154477,50.084428,0.04999000,50.000000
68520.000,0.01211933,1.2806285077e-01,6.5831509499e+03,0.08146690,50.084275,0.04999000,50.000000
68580.000,0.01211900,1.2793834485e-01,6.5816203253e+03,0.08138930,50.084124,0.04999000,50.000000
68640.000,0.01211867,1.2781414229e-01,6.5800924896e+03,0.08131197,50.083973,0.04999000,50.000000
68700.000,0.01211833,1.2769024207e-01,6.5785674239e+03,0.08123491,50.083823,0.04999000,50.000000
68760.000,0.01211800,1.2756664314e-01,6.5770451104e+03,0.08115811,50.083675,0.04999000,50.000000
68820.000,0.01211767,1.2744334448e-01,6.5755255319e+03,0.08108157,50.083527,0.04999000,50.000000
68880.000,0.01211733,1.2732034505e-01,6.5740086723e+03,0.08100530,50.083380,0.04999000,50.000000
68940.000,0.01211700,1.2719764383e-01,6.5724945159e+03,0.08092929,50.083234,0.04999000,50.000000
69000.000,0.01211667,1.2707523982e-01,6.5709830479e+03,0.08085354,50.083089,0.04999000,50.000000
69060.000,0.01211633,1.2695313198e-01,6.5694742541e+03,0.08077805,50.082945,0.04999000,50.000000
69120.000,0.01211600,1.2683131933e-01,6.5679681207e+03,0.08070281,50.082801,0.04999000,50.000000
69180.000,0.01211567,1.2670980084e-01,6.5664646345e+03,0.08062784,50.082658,0.04999000,50.000000
69240.000,0.01211533,1.2658857552e-01,6.5649637829e+03,0.08055312,50.082515,0.04999000,50.000000
69300.000,0.01211500,1.2646764238e-01,6.5634655536e+03,0.08047865,50.082374,0.04999000,50.000000
69360.000,0.01211467,1.2634700042e-01,6.5619699347e+03,0.08040444,50.082233,0.04999000,50.000000
69420.000,0.01211433,1.2622664866e-01,6.5604769148e+03,0.08033048,50.082092,0.04999000,50.000000
69480.000,0.01211400,1.2610658611e-01,6.5589864828e+03,0.08025678,50.081952,0.04999000,50.000000
69540.000,0.01211367,1.2598681180e-01,6.5574986278e+03,0.08018332,50.081813,0.04999000,50.000000
69600.000,0.01211333,1.2586732474e-01,6.5560133392e+03,0.08011011,50.081674,0.04999000,50.000000
69660.000,0.01211300,1.2574812398e-01,6.5545306070e+03,0.08003715,50.081536,0.04999000,50.000000
69720.000,0.01211267,1.2562920855e-01,6.5530504211e+03,0.07996444,50.081399,0.04999000,50.000000
69780.000,0.01211233,1.2551057748e-01,6.5515727717e+03,0.07989197,50.081261,0.04999000,50.000000
69840.000,0.01211200,1.2539222982e-01,6.5500976493e+03,0.07981975,50.081125,0.04999000,50.000000
69900.000,0.01211167,1.2527416461e-01,6.5486250445e+03,0.07974778,50.080989,0.04999000,50.000000
69960.000,0.01211133,1.2515638090e-01,6.5471549483e+03,0.07967604,50.080853,0.04999000,50.000000
70020.000,0.01211100,1.2503887775e-01,6.5456873515e+03,0.07960455,50.080718,0.04999000,50.000000
70080.000,0.01211067,1.2492165422e-01,6.5442222455e+03,0.07953330,50.080583,0.04999000,50.000000
70140.000,0.01211033,1.2480470936e-01,6.5427596215e+03,0.07946229,50.080449,0.04999000,50.000000
70200.000,0.01211000,1.2468804225e-01,6.5412994710e+03,0.07939152,50.080315,0.04999000,50.000000
70260.000,0.01210967,1.2457165196e-01,6.5398417856e+03,0.07932098,50.080182,0.04999000,50.000000
70320.000,0.01210933,1.2445553756e-01,6.5383865571e+03,0.07925068,50.080049,0.04999000,50.000000
70380.000,0.01210900,1.2433969812e-01,6.5369337771e+03,0.07918062,50.079917,0.04999000,50.000000
70440.000,0.01210867,1.2422413274e-01,6.5354834378e+03,0.07911080,50.079785,0.04999000,50.000000
70500.000,0.01210833,1.2410884049e-01,6.5340355311e+03,0.07904120,50.079653,0.04999000,50.000000
70560.000,0.01210800,1.2399382047e-01,6.5325900491e+03,0.07897184,50.079522,0.04999000,50.000000
70620.000,0.01210767,1.2387907176e-01,6.5311469841e+03,0.07890272,50.079392,0.04999000,50.000000
70680.000,0.01210733,1.2376459348e-01,6.5297063284e+03,0.07883382,50.079261,0.04999000,50.000000
70740.000,0.01210700,1.2365038471e-01,6.5282680743e+03,0.07876515,50.079132,0.04999000,50.000000
70800.000,0.01210667,1.2353644958e-01,6.5268322147e+03,0.07869672,50.079002,0.04999000,50.000000
70860.000,0.01210633,1.2342279454e-01,6.5253987510e+03,0.07862852,50.078872,0.04999000,50.000000
70920.000,0.01210600,1.2330940626e-01,6.5239676787e+03,0.07856055,50.078743,0.04999000,50.000000
70980.000,0.01210567,1.2319628386e-01,6.5225389896e+03,0.07849280,50.078614,0.04999000,50.000000
71040.000,0.01210533,1.2308342645e-01,6.5211126756e+03,0.07842528,50.078486,0.04999000,50.000000
71100.000,0.01210500,1.2297083317e-01,6.5196887284e+03,0.07835798,50.078358,0.04999000,50.000000
71160.000,0.01210467,1.2285850314e-01,6.5182671400e+03,0.07829091,50.078230,0.04999000,50.000000
71220.000,0.01210433,1.2274643549e-01,6.5168479026e+03,0.07822406,50.078103,0.04999000,50.000000
71280.000,0.01210400,1.2263462936e-01,6.5154310081e+03,0.07815743,50.077976,0.04999000,50.000000
71340.000,0.01210367,1.2252308388e-01,6.5140164491e+03,0.07809102,50.077850,0.04999000,50.000000
71400.000,0.01210333,1.2241179819e-01,6.5126042178e+03,0.07802483,50.077724,0.04999000,50.000000
71460.000,0.01210300,1.2230077144e-01,6.5111943068e+03,0.07795886,50.077599,0.04999000,50.000000
71520.000,0.01210267,1.2219000278e-01,6.5097867085e+03,0.07789311,50.077474,0.04999000,50.000000
71580.000,0.01210233,1.2207949136e-01,6.5083814157e+03,0.07782757,50.077349,0.04999000,50.000000
71640.000,0.01210200,1.2196923633e-01,6.5069784211e+03,0.07776226,50.077225,0.04999000,50.000000
71700.000,0.01210167,1.2185923686e-01,6.5055777174e+03,0.07769715,50.077101,0.04999000,50.000000
71760.000,0.01210133,1.2174949211e-01,6.5041792976e+03,0.07763226,50.076977,0.04999000,50.000000
71820.000,0.01210100,1.2164000123e-01,6.5027831546e+03,0.07756759,50.076854,0.04999000,50.000000
71880.000,0.01210067,1.2153076341e-01,6.5013892814e+03,0.07750312,50.076731,0.04999000,50.000000
71940.000,0.01210033,1.2142177781e-01,6.4999976710e+03,0.07743887,50.076609,0.04999000,50.000000
72000.000,0.01210000,1.2131304361e-01,6.4986083165e+03,0.07737483,50.076487,0.04999000,50.000000
72060.000,0.01209967,1.2120455999e-01,6.4972212112e+03,0.07731100,50.076366,0.04999000,50.000000
72120.000,0.01209933,1.2109632613e-01,6.4958363481e+03,0.07724738,50.076244,0.04999000,50.000000
72180.000,0.01209900,1.2098834122e-01,6.4944537206e+03,0.07718396,50.076123,0.04999000,50.000000
72240.000,0.01209867,1.2088060444e-01,6.4930733221e+03,0.07712076,50.076003,0.04999000,50.000000
72300.000,0.01209833,1.2077311500e-01,6.4916951457e+03,0.07705776,50.075883,0.04999000,50.000000
72360.000,0.01209800,1.2066587208e-01,6.4903191850e+03,0.07699496,50.075763,0.04999000,50.000000
72420.000,0.01209767,1.2055887489e-01,6.4889454333e+03,0.07693237,50.075643,0.04999000,50.000000
72480.000,0.01209733,1.2045212262e-01,6.4875738841e+03,0.07686999,50.075524,0.04999000,50.000000
72540.000,0.01209700,1.2034561449e-01,6.4862045309e+03,0.07680781,50.075405,0.04999000,50.000000
72600.000,0.01209667,1.2023934969e-01,6.4848373673e+03,0.07674583,50.075287,0.04999000,50.000000
72660.000,0.01209633,1.2013332745e-01,6.4834723868e+03,0.07668405,50.075169,0.04999000,50.000000
72720.000,0.01209600,1.2002754698e-01,6.4821095831e+03,0.07662247,50.075051,0.04999000,50.000000
72780.000,0.01209567,1.1992200750e-01,6.4807489497e+03,0.07656110,50.074934,0.04999000,50.000000
72840.000,0.01209533,1.1981670823e-01,6.4793904804e+03,0.07649992,50.074817,0.04999000,50.000000
72900.000,0.01209500,1.1971164839e-01,6.4780341688e+03,0.07643894,50.074700,0.04999000,50.000000
72960.000,0.01209467,1.1960682721e-01,6.4766800088e+03,0.07637816,50.074584,0.04999000,50.000000
73020.000,0.01209433,1.1950224393e-01,6.4753279939e+03,0.07631757,50.074468,0.04999000,50.000000
73080.000,0.01209400,1.1939789777e-01,6.4739781181e+03,0.07625718,50.074352,0.04999000,50.000000
73140.000,0.01209367,1.1929378797e-01,6.4726303752e+03,0.07619699,50.074237,0.04999000,50.000000
73200.000,0.01209333,1.1918991378e-01,6.4712847590e+03,0.07613699,50.074122,0.04999000,50.000000
73260.000,0.01209300,1.1908627444e-01,6.4699412633e+03,0.07607718,50.074007,0.04999000,50.000000
73320.000,0.01209267,1.1898286919e-01,6.4685998822e+03,0.07601757,50.073893,0.04999000,50.000000
73380.000,0.01209233,1.1887969728e-01,6.4672606094e+03,0.07595815,50.073779,0.04999000,50.000000
73440.000,0.01209200,1.1877675797e-01,6.4659234389e+03,0.07589892,50.073665,0.04999000,50.000000
73500.000,0.01209167,1.1867405051e-01,6.4645883648e+03,0.07583988,50.073551,0.04999000,50.000000
73560.000,0.01209133,1.1857157416e-01,6.4632553810e+03,0.07578103,50.073438,0.04999000,50.000000
73620.000,0.01209100,1.1846932818e-01,6.4619244815e+03,0.07572237,50.073326,0.04999000,50.000000
73680.000,0.01209067,1.1836731183e-01,6.4605956604e+03,0.07566390,50.073213,0.04999000,50.000000
73740.000,0.01209033,1.1826552438e-01,6.4592689117e+03,0.07560561,50.073101,0.04999000,50.000000
73800.000,0.01209000,1.1816396511e-01,6.4579442296e+03,0.07554751,50.072989,0.04999000,50.000000
73860.000,0.01208967,1.1806263328e-01,6.4566216082e+03,0.07548960,50.072878,0.04999000,50.000000
73920.000,0.01208933,1.1796152817e-01,6.4553010415e+03,0.07543187,50.072767,0.04999000,50.000000
73980.000,0.01208900,1.1786064906e-01,6.4539825237e+03,0.07537433,50.072656,0.04999000,50.000000
74040.000,0.01208867,1.1775999523e-01,6.4526660491e+03,0.07531697,50.072545,0.04999000,50.000000
74100.000,0.01208833,1.1765956596e-01,6.4513516119e+03,0.07525979,50.072435,0.04999000,50.000000
74160.000,0.01208800,1.1755936055e-01,6.4500392062e+03,0.07520280,50.072325,0.04999000,50.000000
74220.000,0.01208767,1.1745937829e-01,6.4487288263e+03,0.07514599,50.072216,0.04999000,50.000000
74280.000,0.01208733,1.1735961845e-01,6.4474204664e+03,0.07508935,50.072107,0.04999000,50.000000
74340.000,0.01208700,1.1726008035e-01,6.4461141210e+03,0.07503290,50.071998,0.04999000,50.000000
74400.000,0.01208667,1.1716076328e-01,6.4448097842e+03,0.07497663,50.071889,0.04999000,50.000000
74460.000,0.01208633,1.1706166655e-01,6.4435074504e+03,0.07492054,50.071781,0.04999000,50.000000
74520.000,0.01208600,1.1696278944e-01,6.4422071139e+03,0.07486462,50.071673,0.04999000,50.000000
74580.000,0.01208567,1.1686413129e-01,6.4409087692e+03,0.07480888,50.071565,0.04999000,50.000000
74640.000,0.01208533,1.1676569138e-01,6.4396124106e+03,0.07475332,50.071457,0.04999000,50.000000
74700.000,0.01208500,1.1666746904e-01,6.4383180325e+03,0.07469794,50.071350,0.04999000,50.000000
74760.000,0.01208467,1.1656946358e-01,6.4370256294e+03,0.07464273,50.071243,0.04999000,50.000000
74820.000,0.01208433,1.1647167431e-01,6.4357351957e+03,0.07458769,50.071137,0.04999000,50.000000
74880.000,0.01208400,1.1637410057e-01,6.4344467258e+03,0.07453283,50.071031,0.04999000,50.000000
74940.000,0.01208367,1.1627674166e-01,6.4331602144e+03,0.07447814,50.070925,0.04999000,50.000000
75000.000,0.01208333,1.1617959692e-01,6.4318756558e+03,0.07442362,50.070819,0.04999000,50.000000
75060.000,0.01208300,1.1608266568e-01,6.4305930446e+03,0.07436928,50.070714,0.04999000,50.000000
75120.000,0.01208267,1.1598594727e-01,6.4293123754e+03,0.07431510,50.070609,0.04999000,50.000000
75180.000,0.01208233,1.1588944101e-01,6.4280336428e+03,0.07426110,50.070504,0.04999000,50.000000
75240.000,0.01208200,1.1579314625e-01,6.4267568412e+03,0.07420726,50.070399,0.04999000,50.000000
75300.000,0.01208167,1.1569706233e-01,6.4254819654e+03,0.07415360,50.070295,0.04999000,50.000000
75360.000,0.01208133,1.1560118858e-01,6.4242090100e+03,0.07410010,50.070191,0.04999000,50.000000
75420.000,0.01208100,1.1550552436e-01,6.4229379695e+03,0.07404677,50.070088,0.04999000,50.000000
75480.000,0.01208067,1.1541006900e-01,6.4216688387e+03,0.07399361,50.069985,0.04999000,50.000000
75540.000,0.01208033,1.1531482187e-01,6.4204016122e+03,0.07394061,50.069881,0.04999000,50.000000
75600.000,0.01208000,1.1521978230e-01,6.4191362848e+03,0.07388778,50.069779,0.04999000,50.000000
75660.000,0.01207967,1.1512494965e-01,6.4178728512e+03,0.07383512,50.069676,0.04999000,50.000000
75720.000,0.01207933,1.1503032328e-01,6.4166113061e+03,0.07378262,50.069574,0.04999000,50.000000
75780.000,0.01207900,1.1493590255e-01,6.4153516442e+03,0.07373028,50.069472,0.04999000,50.000000
75840.000,0.01207867,1.1484168683e-01,6.4140938604e+03,0.07367811,50.069371,0.04999000,50.000000
75900.000,0.01207833,1.1474767547e-01,6.4128379493e+03,0.07362610,50.069269,0.04999000,50.000000
75960.000,0.01207800,1.1465386784e-01,6.4115839060e+03,0.07357425,50.069168,0.04999000,50.000000
76020.000,0.01207767,1.1456026331e-01,6.4103317251e+03,0.07352256,50.069068,0.04999000,50.000000
76080.000,0.01207733,1.1446686126e-01,6.4090814015e+03,0.07347104,50.068967,0.04999000,50.000000
76140.000,0.01207700,1.1437366105e-01,6.4078329301e+03,0.07341967,50.068867,0.04999000,50.000000
76200.000,0.01207667,1.1428066207e-01,6.4065863057e+03,0.07336846,50.068767,0.04999000,50.000000
76260.000,0.01207633,1.1418786369e-01,6.4053415234e+03,0.07331741,50.068667,0.04999000,50.000000
76320.000,0.01207600,1.1409526530e-01,6.4040985779e+03,0.07326652,50.068568,0.04999000,50.000000
76380.000,0.01207567,1.1400286627e-01,6.4028574642e+03,0.07321579,50.068469,0.04999000,50.000000
76440.000,0.01207533,1.1391066600e-01,6.4016181773e+03,0.07316521,50.068370,0.04999000,50.000000
76500.000,0.01207500,1.1381866387e-01,6.4003807121e+03,0.07311479,50.068271,0.04999000,50.000000
76560.000,0.01207467,1.1372685928e-01,6.3991450636e+03,0.07306453,50.068173,0.04999000,50.000000
76620.000,0.01207433,1.1363525161e-01,6.3979112269e+03,0.07301442,50.068075,0.04999000,50.000000
76680.000,0.01207400,1.1354384027e-01,6.3966791969e+03,0.07296446,50.067977,0.04999000,50.000000
76740.000,0.01207367,1.1345262465e-01,6.3954489688e+03,0.07291466,50.067880,0.04999000,50.000000
76800.000,0.01207333,1.1336160414e-01,6.3942205374e+03,0.07286502,50.067783,0.04999000,50.000000
76860.000,0.01207300,1.1327077816e-01,6.3929938980e+03,0.07281552,50.067686,0.04999000,50.000000
76920.000,0.01207267,1.1318014611e-01,6.3917690456e+03,0.07276618,50.067589,0.04999000,50.000000
76980.000,0.01207233,1.1308970740e-01,6.3905459754e+03,0.07271699,50.067493,0.04999000,50.000000
77040.000,0.01207200,1.1299946143e-01,6.3893246823e+03,0.07266795,50.067397,0.04999000,50.000000
77100.000,0.01207167,1.1290940762e-01,6.3881051617e+03,0.07261906,50.067301,0.04999000,50.000000
77160.000,0.01207133,1.1281954538e-01,6.3868874086e+03,0.07257032,50.067205,0.04999000,50.000000
77220.000,0.01207100,1.1272987412e-01,6.3856714182e+03,0.07252173,50.067110,0.04999000,50.000000
77280.000,0.01207067,1.1264039327e-01,6.3844571857e+03,0.07247328,50.067015,0.04999000,50.000000
77340.000,0.01207033,1.1255110225e-01,6.3832447063e+03,0.07242499,50.066920,0.04999000,50.000000
77400.000,0.01207000,1.1246200048e-01,6.3820339752e+03,0.07237684,50.066825,0.04999000,50.000000
77460.000,0.01206967,1.1237308738e-01,6.3808249878e+03,0.07232884,50.066731,0.04999000,50.000000
77520.000,0.01206933,1.1228436238e-01,6.3796177391e+03,0.07228099,50.066637,0.04999000,50.000000
77580.000,0.01206900,1.1219582491e-01,6.3784122246e+03,0.07223328,50.066543,0.04999000,50.000000
77640.000,0.01206867,1.1210747441e-01,6.3772084394e+03,0.07218572,50.066449,0.04999000,50.000000
77700.000,0.01206833,1.1201931030e-01,6.3760063789e+03,0.07213830,50.066356,0.04999000,50.000000
77760.000,0.01206800,1.1193133203e-01,6.3748060384e+03,0.07209103,50.066263,0.04999000,50.000000
77820.000,0.01206767,1.1184353903e-01,6.3736074133e+03,0.07204390,50.066170,0.04999000,50.000000
77880.000,0.01206733,1.1175593073e-01,6.3724104989e+03,0.07199691,50.066078,0.04999000,50.000000
77940.000,0.01206700,1.1166850659e-01,6.3712152905e+03,0.07195007,50.065985,0.04999000,50.000000
78000.000,0.01206667,1.1158126605e-01,6.3700217836e+03,0.07190337,50.065893,0.04999000,50.000000
78060.000,0.01206633,1.1149420856e-01,6.3688299735e+03,0.07185681,50.065801,0.04999000,50.000000
78120.000,0.01206600,1.1140733356e-01,6.3676398557e+03,0.07181039,50.065710,0.04999000,50.000000
78180.000,0.01206567,1.1132064050e-01,6.3664514256e+03,0.07176411,50.065619,0.04999000,50.000000
78240.000,0.01206533,1.1123412884e-01,6.3652646786e+03,0.07171797,50.065528,0.04999000,50.000000
78300.000,0.01206500,1.1114779803e-01,6.3640796102e+03,0.07167197,50.065437,0.04999000,50.000000
78360.000,0.01206467,1.1106164753e-01,6.3628962159e+03,0.07162611,50.065346,0.04999000,50.000000
78420.000,0.01206433,1.1097567680e-01,6.3617144912e+03,0.07158038,50.065256,0.04999000,50.000000
78480.000,0.01206400,1.1088988530e-01,6.3605344315e+03,0.07153480,50.065166,0.04999000,50.000000
78540.000,0.01206367,1.1080427249e-01,6.3593560324e+03,0.07148935,50.065076,0.04999000,50.000000
78600.000,0.01206333,1.1071883785e-01,6.3581792894e+03,0.07144404,50.064986,0.04999000,50.000000
78660.000,0.01206300,1.1063358082e-01,6.3570041981e+03,0.07139886,50.064897,0.04999000,50.000000
78720.000,0.01206267,1.1054850089e-01,6.3558307541e+03,0.07135382,50.064808,0.04999000,50.000000
78780.000,0.01206233,1.1046359753e-01,6.3546589529e+03,0.07130891,50.064719,0.04999000,50.000000
78840.000,0.01206200,1.1037887021e-01,6.3534887901e+03,0.07126414,50.064630,0.04999000,50.000000
78900.000,0.01206167,1.1029431840e-01,6.3523202614e+03,0.07121951,50.064542,0.04999000,50.000000
78960.000,0.01206133,1.1020994158e-01,6.3511533623e+03,0.07117500,50.064454,0.04999000,50.000000
79020.000,0.01206100,1.1012573924e-01,6.3499880885e+03,0.07113063,50.064366,0.04999000,50.000000
79080.000,0.01206067,1.1004171084e-01,6.3488244357e+03,0.07108640,50.064278,0.04999000,50.000000
79140.000,0.01206033,1.0995785588e-01,6.3476623995e+03,0.07104229,50.064191,0.04999000,50.000000
79200.000,0.01206000,1.0987417384e-01,6.3465019756e+03,0.07099832,50.064103,0.04999000,50.000000
79260.000,0.01206000,1.0979066664e-01,6.3453629989e+03,0.07095365,50.061941,0.04999000,50.000000
79320.000,0.01206000,1.0970733821e-01,6.3442585992e+03,0.07090863,50.060207,0.04999000,50.000000
79380.000,0.01206000,1.0962418880e-01,6.3431834041e+03,0.07086369,50.058697,0.04999000,50.000000
79440.000,0.01206000,1.0954121794e-01,6.3421340187e+03,0.07081890,50.057347,0.04999000,50.000000
79500.000,0.01206000,1.0945842498e-01,6.3411078724e+03,0.07077427,50.056124,0.04999000,50.000000
79560.000,0.01206000,1.0937580923e-01,6.3401028589e+03,0.07072983,50.055007,0.04999000,50.000000
79620.000,0.01206000,1.0929336999e-01,6.3391171723e+03,0.07068555,50.053985,0.04999000,50.000000
79680.000,0.01206000,1.0921110657e-01,6.3381492210e+03,0.07064146,50.053045,0.04999000,50.000000
79740.000,0.01206000,1.0912901827e-01,6.3371975793e+03,0.07059753,50.052180,0.04999000,50.000000
79800.000,0.01206000,1.0904710441e-01,6.3362609588e+03,0.07055378,50.051383,0.04999000,50.000000
79860.000,0.01206000,1.0896536431e-01,6.3353381886e+03,0.07051020,50.050648,0.04999000,50.000000
79920.000,0.01206000,1.0888379729e-01,6.3344282018e+03,0.07046679,50.049969,0.04999000,50.000000
79980.000,0.01206000,1.0880240271e-01,6.3335300245e+03,0.07042353,50.049342,0.04999000,50.000000
80040.000,0.01206000,1.0872117990e-01,6.3326427668e+03,0.07038045,50.048761,0.04999000,50.000000
80100.000,0.01206000,1.0864012824e-01,6.3317656155e+03,0.07033752,50.048224,0.04999000,50.000000
80160.000,0.01206000,1.0855924709e-01,6.3308978269e+03,0.07029474,50.047725,0.04999000,50.000000
80220.000,0.01206000,1.0847853583e-01,6.3300387209e+03,0.07025212,50.047263,0.04999000,50.000000
80280.000,0.01206000,1.0839799385e-01,6.3291876754e+03,0.07020966,50.046834,0.04999000,50.000000
80340.000,0.01206000,1.0831762056e-01,6.3283441216e+03,0.07016734,50.046434,0.04999000,50.000000
80400.000,0.01206000,1.0823741536e-01,6.3275075390e+03,0.07012517,50.046062,0.04999000,50.000000
80460.000,0.01206000,1.0815737767e-01,6.3266774513e+03,0.07008315,50.045716,0.04999000,50.000000
80520.000,0.01206000,1.0807750690e-01,6.3258534229e+03,0.07004127,50.045392,0.04999000,50.000000
80580.000,0.01206000,1.0799780250e-01,6.3250350553e+03,0.06999953,50.045090,0.04999000,50.000000
80640.000,0.01206000,1.0791826390e-01,6.3242219839e+03,0.06995794,50.044806,0.04999000,50.000000
80700.000,0.01206000,1.0783889054e-01,6.3234138748e+03,0.06991648,50.044541,0.04999000,50.000000
80760.000,0.01206000,1.0775968188e-01,6.3226104226e+03,0.06987516,50.044291,0.04999000,50.000000
80820.000,0.01206000,1.0768063738e-01,6.3218113480e+03,0.06983397,50.044057,0.04999000,50.000000
80880.000,0.01206000,1.0760175649e-01,6.3210163949e+03,0.06979292,50.043835,0.04999000,50.000000
80940.000,0.01206000,1.0752303868e-01,6.3202253292e+03,0.06975200,50.043627,0.04999000,50.000000
81000.000,0.01206000,1.0744448344e-01,6.3194379365e+03,0.06971121,50.043429,0.04999000,50.000000
81060.000,0.01205967,1.0736608795e-01,6.3186341955e+03,0.06967134,50.045315,0.04999000,50.000000
81120.000,0.01205933,1.0728784747e-01,6.3178008172e+03,0.06963206,50.046782,0.04999000,50.000000
81180.000,0.01205900,1.0720976077e-01,6.3169430120e+03,0.06959295,50.048034,0.04999000,50.000000
81240.000,0.01205867,1.0713182734e-01,6.3160640223e+03,0.06955394,50.049134,0.04999000,50.000000
81300.000,0.01205833,1.0705404680e-01,6.3151662772e+03,0.06951502,50.050114,0.04999000,50.000000
81360.000,0.01205800,1.0697641884e-01,6.3142517519e+03,0.06947619,50.050995,0.04999000,50.000000
81420.000,0.01205767,1.0689894315e-01,6.3133221312e+03,0.06943742,50.051788,0.04999000,50.000000
81480.000,0.01205733,1.0682161943e-01,6.3123788954e+03,0.06939874,50.052504,0.04999000,50.000000
81540.000,0.01205700,1.0674444737e-01,6.3114233669e+03,0.06936014,50.053152,0.04999000,50.000000
81600.000,0.01205667,1.0666742668e-01,6.3104567391e+03,0.06932161,50.053736,0.04999000,50.000000
81660.000,0.01205633,1.0659055705e-01,6.3094800951e+03,0.06928317,50.054263,0.04999000,50.000000
81720.000,0.01205600,1.0651383816e-01,6.3084944208e+03,0.06924480,50.054738,0.04999000,50.000000
81780.000,0.01205567,1.0643726969e-01,6.3075006150e+03,0.06920652,50.055166,0.04999000,50.000000
81840.000,0.01205533,1.0636085132e-01,6.3064994984e+03,0.06916832,50.055551,0.04999000,50.000000
81900.000,0.01205500,1.0628458273e-01,6.3054918198e+03,0.06913021,50.055896,0.04999000,50.000000
81960.000,0.01205467,1.0620846358e-01,6.3044782637e+03,0.06909219,50.056204,0.04999000,50.000000
82020.000,0.01205433,1.0613249353e-01,6.3034594549e+03,0.06905425,50.056480,0.04999000,50.000000
82080.000,0.01205400,1.0605667224e-01,6.3024359644e+03,0.06901640,50.056726,0.04999000,50.000000
82140.000,0.01205367,1.0598099936e-01,6.3014083136e+03,0.06897864,50.056944,0.04999000,50.000000
82200.000,0.01205333,1.0590547454e-01,6.3003769789e+03,0.06894097,50.057137,0.04999000,50.000000
82260.000,0.01205300,1.0583009743e-01,6.2993423953e+03,0.06890339,50.057307,0.04999000,50.000000
82320.000,0.01205267,1.0575486766e-01,6.2983049602e+03,0.06886591,50.057456,0.04999000,50.000000
82380.000,0.01205233,1.0567978488e-01,6.2972650365e+03,0.06882852,50.057586,0.04999000,50.000000
82440.000,0.01205200,1.0560484871e-01,6.2962229555e+03,0.06879122,50.057698,0.04999000,50.000000
82500.000,0.01205167,1.0553005880e-01,6.2951790197e+03,0.06875402,50.057794,0.04999000,50.000000
82560.000,0.01205133,1.0545541477e-01,6.2941335054e+03,0.06871691,50.057876,0.04999000,50.000000
82620.000,0.01205100,1.0538091625e-01,6.2930866648e+03,0.06867990,50.057945,0.04999000,50.000000
82680.000,0.01205067,1.0530656286e-01,6.2920387280e+03,0.06864298,50.058001,0.04999000,50.000000
82740.000,0.01205033,1.0523235424e-01,6.2909899051e+03,0.06860616,50.058046,0.04999000,50.000000
82800.000,0.01205000,1.0515829000e-01,6.2899403879e+03,0.06856944,50.058081,0.04999000,50.000000
82860.000,0.01205000,1.0508437193e-01,6.2889101717e+03,0.06853207,50.056032,0.04999000,50.000000
82920.000,0.01205000,1.0501060368e-01,6.2879125074e+03,0.06849435,50.054406,0.04999000,50.000000
82980.000,0.01205000,1.0493698555e-01,6.2869421546e+03,0.06845670,50.052995,0.04999000,50.000000
83040.000,0.01205000,1.0486351717e-01,6.2859958461e+03,0.06841916,50.051738,0.04999000,50.000000
83100.000,0.01205000,1.0479019800e-01,6.2850711309e+03,0.06838176,50.050602,0.04999000,50.000000
83160.000,0.01205000,1.0471702749e-01,6.2841660142e+03,0.06834450,50.049567,0.04999000,50.000000
83220.000,0.01205000,1.0464400507e-01,6.2832787931e+03,0.06830739,50.048620,0.04999000,50.000000
83280.000,0.01205000,1.0457113019e-01,6.2824079710e+03,0.06827041,50.047751,0.04999000,50.000000
83340.000,0.01205000,1.0449840227e-01,6.2815522102e+03,0.06823358,50.046952,0.04999000,50.000000
83400.000,0.01205000,1.0442582077e-01,6.2807103033e+03,0.06819688,50.046217,0.04999000,50.000000
83460.000,0.01205000,1.0435338513e-01,6.2798811543e+03,0.06816032,50.045539,0.04999000,50.000000
83520.000,0.01205000,1.0428109482e-01,6.2790637654e+03,0.06812390,50.044915,0.04999000,50.000000
83580.000,0.01205000,1.0420894931e-01,6.2782572263e+03,0.06808761,50.044338,0.04999000,50.000000
83640.000,0.01205000,1.0413694807e-01,6.2774607063e+03,0.06805145,50.043805,0.04999000,50.000000
83700.000,0.01205000,1.0406509059e-01,6.2766734462e+03,0.06801541,50.043313,0.04999000,50.000000
83760.000,0.01205000,1.0399337636e-01,6.2758947526e+03,0.06797950,50.042857,0.04999000,50.000000
83820.000,0.01205000,1.0392180489e-01,6.2751239916e+03,0.06794372,50.042434,0.04999000,50.000000
83880.000,0.01205000,1.0385037568e-01,6.2743605840e+03,0.06790806,50.042043,0.04999000,50.000000
83940.000,0.01205000,1.0377908826e-01,6.2736040002e+03,0.06787252,50.041679,0.04999000,50.000000
84000.000,0.01205000,1.0370794214e-01,6.2728537561e+03,0.06783709,50.041341,0.04999000,50.000000
84060.000,0.01205000,1.0363693685e-01,6.2721094091e+03,0.06780179,50.041026,0.04999000,50.000000
84120.000,0.01205000,1.0356607194e-01,6.2713705548e+03,0.06776660,50.040733,0.04999000,50.000000
84180.000,0.01205000,1.0349534695e-01,6.2706368230e+03,0.06773152,50.040459,0.04999000,50.000000
84240.000,0.01205000,1.0342476142e-01,6.2699078756e+03,0.06769656,50.040203,0.04999000,50.000000
84300.000,0.01205000,1.0335431491e-01,6.2691834033e+03,0.06766171,50.039964,0.04999000,50.000000
84360.000,0.01205000,1.0328400698e-01,6.2684631232e+03,0.06762696,50.039739,0.04999000,50.000000
84420.000,0.01205000,1.0321383719e-01,6.2677467766e+03,0.06759233,50.039528,0.04999000,50.000000
84480.000,0.01205000,1.0314380512e-01,6.2670341268e+03,0.06755780,50.039330,0.04999000,50.000000
84540.000,0.01205000,1.0307391033e-01,6.2663249575e+03,0.06752339,50.039143,0.04999000,50.000000
84600.000,0.01205000,1.0300415240e-01,6.2656190706e+03,0.06748907,50.038966,0.04999000,50.000000
84660.000,0.01204967,1.0293452887e-01,6.2648964773e+03,0.06745557,50.040872,0.04999000,50.000000
84720.000,0.01204933,1.0286503550e-01,6.2641439432e+03,0.06742260,50.042355,0.04999000,50.000000
84780.000,0.01204900,1.0279567122e-01,6.2633667090e+03,0.06738976,50.043623,0.04999000,50.000000
84840.000,0.01204867,1.0272643565e-01,6.2625680378e+03,0.06735700,50.044737,0.04999000,50.000000
84900.000,0.01204833,1.0265732851e-01,6.2617503753e+03,0.06732430,50.045731,0.04999000,50.000000
84960.000,0.01204800,1.0258834958e-01,6.2609157098e+03,0.06729166,50.046624,0.04999000,50.000000
85020.000,0.01204767,1.0251949864e-01,6.2600657377e+03,0.06725908,50.047429,0.04999000,50.000000
85080.000,0.01204733,1.0245077547e-01,6.2592019485e+03,0.06722656,50.048157,0.04999000,50.000000
85140.000,0.01204700,1.0238217985e-01,6.2583256725e+03,0.06719409,50.048815,0.04999000,50.000000
85200.000,0.01204667,1.0231371154e-01,6.2574381099e+03,0.06716168,50.049410,0.04999000,50.000000
85260.000,0.01204633,1.0224537032e-01,6.2565403491e+03,0.06712933,50.049948,0.04999000,50.000000
85320.000,0.01204600,1.0217715596e-01,6.2556333806e+03,0.06709704,50.050433,0.04999000,50.000000
85380.000,0.01204567,1.0210906822e-01,6.2547181070e+03,0.06706482,50.050870,0.04999000,50.000000
85440.000,0.01204533,1.0204110683e-01,6.2537953516e+03,0.06703266,50.051264,0.04999000,50.000000
85500.000,0.01204500,1.0197327157e-01,6.2528658659e+03,0.06700057,50.051619,0.04999000,50.000000
85560.000,0.01204467,1.0190556216e-01,6.2519303359e+03,0.06696854,50.051937,0.04999000,50.000000
85620.000,0.01204433,1.0183797835e-01,6.2509893878e+03,0.06693658,50.052222,0.04999000,50.000000
85680.000,0.01204400,1.0177051987e-01,6.2500435935e+03,0.06690469,50.052477,0.04999000,50.000000
85740.000,0.01204367,1.0170318644e-01,6.2490934749e+03,0.06687287,50.052704,0.04999000,50.000000
85800.000,0.01204333,1.0163597780e-01,6.2481395089e+03,0.06684112,50.052906,0.04999000,50.000000
85860.000,0.01204300,1.0156889366e-01,6.2471821305e+03,0.06680945,50.053085,0.04999000,50.000000
85920.000,0.01204267,1.0150193375e-01,6.2462217370e+03,0.06677784,50.053243,0.04999000,50.000000
85980.000,0.01204233,1.0143509777e-01,6.2452586910e+03,0.06674632,50.053382,0.04999000,50.000000
86040.000,0.01204200,1.0136838544e-01,6.2442933235e+03,0.06671486,50.053503,0.04999000,50.000000
86100.000,0.01204167,1.0130179647e-01,6.2433259367e+03,0.06668348,50.053609,0.04999000,50.000000
86160.000,0.01204133,1.0123533056e-01,6.2423568062e+03,0.06665218,50.053700,0.04999000,50.000000
86220.000,0.01204100,1.0116898742e-01,6.2413861836e+03,0.06662095,50.053777,0.04999000,50.000000
86280.000,0.01204067,1.0110276675e-01,6.2404142986e+03,0.06658980,50.053843,0.04999000,50.000000
86340.000,0.01204033,1.0103666826e-01,6.2394413606e+03,0.06655872,50.053897,0.04999000,50.000000
86400.000,0.01204000,1.0097069163e-01,6.2384675606e+03,0.06652772,50.053941,0.04999000,50.000000
86460.000,0.01204000,1.0090483852e-01,6.2375128771e+03,0.06649613,50.051903,0.04999000,50.000000
86520.000,0.01204000,1.0083911227e-01,6.2365905216e+03,0.06646421,50.050287,0.04999000,50.000000
86580.000,0.01204000,1.0077351320e-01,6.2356952364e+03,0.06643233,50.048889,0.04999000,50.000000
86640.000,0.01204000,1.0070804098e-01,6.2348237454e+03,0.06640056,50.047645,0.04999000,50.000000
86700.000,0.01204000,1.0064269516e-01,6.2339735919e+03,0.06636891,50.046522,0.04999000,50.000000
86760.000,0.01204000,1.0057747527e-01,6.2331427777e+03,0.06633737,50.045501,0.04999000,50.000000
86820.000,0.01204000,1.0051238083e-01,6.2323295977e+03,0.06630596,50.044568,0.04999000,50.000000
86880.000,0.01204000,1.0044741137e-01,6.2315325542e+03,0.06627466,50.043712,0.04999000,50.000000
86940.000,0.01204000,1.0038256641e-01,6.2307503095e+03,0.06624348,50.042927,0.04999000,50.000000
87000.000,0.01204000,1.0031784549e-01,6.2299816566e+03,0.06621242,50.042206,0.04999000,50.000000
87060.000,0.01204000,1.0025324816e-01,6.2292255007e+03,0.06618147,50.041543,0.04999000,50.000000
87120.000,0.01204000,1.0018877397e-01,6.2284808454e+03,0.06615063,50.040932,0.04999000,50.000000
87180.000,0.01204000,1.0012442247e-01,6.2277467828e+03,0.06611990,50.040369,0.04999000,50.000000
87240.000,0.01204000,1.0006019323e-01,6.2270224841e+03,0.06608928,50.039850,0.04999000,50.000000
87300.000,0.01204000,9.9996085829e-02,6.2263071931e+03,0.06605877,50.039371,0.04999000,50.000000
87360.000,0.01204000,9.9932099844e-02,6.2256002191e+03,0.06602835,50.038928,0.04999000,50.000000
87420.000,0.01204000,9.9868234866e-02,6.2249009312e+03,0.06599805,50.038519,0.04999000,50.000000
87480.000,0.01204000,9.9804490489e-02,6.2242087531e+03,0.06596784,50.038140,0.04999000,50.000000
87540.000,0.01204000,9.9740866316e-02,6.2235231586e+03,0.06593773,50.037789,0.04999000,50.000000
87600.000,0.01204000,9.9677361956e-02,6.2228436666e+03,0.06590772,50.037464,0.04999000,50.000000
87660.000,0.01204000,9.9613977024e-02,6.2221698378e+03,0.06587780,50.037162,0.04999000,50.000000
87720.000,0.01204000,9.9550711138e-02,6.2215012709e+03,0.06584798,50.036881,0.04999000,50.000000
87780.000,0.01204000,9.9487563925e-02,6.2208375991e+03,0.06581825,50.036619,0.04999000,50.000000
87840.000,0.01204000,9.9424535015e-02,6.2201784872e+03,0.06578862,50.036376,0.04999000,50.000000
87900.000,0.01204000,9.9361624043e-02,6.2195236290e+03,0.06575908,50.036148,0.04999000,50.000000
87960.000,0.01204000,9.9298830649e-02,6.2188727447e+03,0.06572962,50.035935,0.04999000,50.000000
88020.000,0.01204000,9.9236154476e-02,6.2182255784e+03,0.06570026,50.035736,0.04999000,50.000000
88080.000,0.01204000,9.9173595172e-02,6.2175818964e+03,0.06567098,50.035549,0.04999000,50.000000
88140.000,0.01204000,9.9111152390e-02,6.2169414850e+03,0.06564179,50.035374,0.04999000,50.000000
88200.000,0.01204000,9.9048825782e-02,6.2163041490e+03,0.06561268,50.035209,0.04999000,50.000000
88260.000,0.01203967,9.8986613161e-02,6.2156499175e+03,0.06558431,50.037125,0.04999000,50.000000
88320.000,0.01203933,9.8924510730e-02,6.2149655959e+03,0.06555640,50.038617,0.04999000,50.000000
88380.000,0.01203900,9.8862517554e-02,6.2142564430e+03,0.06552861,50.039892,0.04999000,50.000000
88440.000,0.01203867,9.8800633331e-02,6.2135257324e+03,0.06550087,50.041014,0.04999000,50.000000
88500.000,0.01203833,9.8738857872e-02,6.2127759168e+03,0.06547318,50.042015,0.04999000,50.000000
88560.000,0.01203800,9.8677191012e-02,6.2120089898e+03,0.06544553,50.042914,0.04999000,50.000000
88620.000,0.01203767,9.8615632594e-02,6.2112266512e+03,0.06541792,50.043726,0.04999000,50.000000
88680.000,0.01203733,9.8554182458e-02,6.2104303932e+03,0.06539035,50.044460,0.04999000,50.000000
88740.000,0.01203700,9.8492840438e-02,6.2096215477e+03,0.06536282,50.045124,0.04999000,50.000000
88800.000,0.01203667,9.8431606369e-02,6.2088013160e+03,0.06533534,50.045725,0.04999000,50.000000
88860.000,0.01203633,9.8370480075e-02,6.2079707869e+03,0.06530791,50.046268,0.04999000,50.000000
88920.000,0.01203600,9.8309461380e-02,6.2071309508e+03,0.06528052,50.046759,0.04999000,50.000000
88980.000,0.01203567,9.8248550097e-02,6.2062827096e+03,0.06525318,50.047202,0.04999000,50.000000
89040.000,0.01203533,9.8187746039e-02,6.2054268858e+03,0.06522589,50.047602,0.04999000,50.000000
89100.000,0.01203500,9.8127049010e-02,6.2045642298e+03,0.06519865,50.047963,0.04999000,50.000000
89160.000,0.01203467,9.8066458810e-02,6.2036954261e+03,0.06517147,50.048287,0.04999000,50.000000
89220.000,0.01203433,9.8005975235e-02,6.2028210994e+03,0.06514433,50.048578,0.04999000,50.000000
89280.000,0.01203400,9.7945598075e-02,6.2019418199e+03,0.06511725,50.048839,0.04999000,50.000000
89340.000,0.01203367,9.7885327118e-02,6.2010581079e+03,0.06509023,50.049072,0.04999000,50.000000
89400.000,0.01203333,9.7825162145e-02,6.2001704381e+03,0.06506326,50.049280,0.04999000,50.000000
89460.000,0.01203300,9.7765102936e-02,6.1992792440e+03,0.06503636,50.049466,0.04999000,50.000000
89520.000,0.01203267,9.7705149266e-02,6.1983849208e+03,0.06500950,50.049630,0.04999000,50.000000
89580.000,0.01203233,9.7645300909e-02,6.1974878293e+03,0.06498271,50.049775,0.04999000,50.000000
89640.000,0.01203200,9.7585557633e-02,6.1965882988e+03,0.06495598,50.049903,0.04999000,50.000000
89700.000,0.01203167,9.7525919207e-02,6.1956866295e+03,0.06492931,50.050015,0.04999000,50.000000
89760.000,0.01203133,9.7466385395e-02,6.1947830954e+03,0.06490269,50.050113,0.04999000,50.000000
89820.000,0.01203100,9.7406955961e-02,6.1938779465e+03,0.06487614,50.050197,0.04999000,50.000000
89880.000,0.01203067,9.7347630666e-02,6.1929714106e+03,0.06484965,50.050270,0.04999000,50.000000
89940.000,0.01203033,9.7288409269e-02,6.1920636958e+03,0.06482322,50.050331,0.04999000,50.000000
90000.000,0.01203000,9.7229291529e-02,6.1911549915e+03,0.06479686,50.050382,0.04999000,50.000000
90060.000,0.01203000,9.7170278964e-02,6.1902652600e+03,0.06476994,50.048351,0.04999000,50.000000
90120.000,0.01203000,9.7111374631e-02,6.1894076759e+03,0.06474272,50.046745,0.04999000,50.000000
90180.000,0.01203000,9.7052578858e-02,6.1885769653e+03,0.06471553,50.045357,0.04999000,50.000000
90240.000,0.01203000,9.6993891363e-02,6.1877698430e+03,0.06468843,50.044124,0.04999000,50.000000
90300.000,0.01203000,9.6935311760e-02,6.1869838466e+03,0.06466144,50.043012,0.04999000,50.000000
90360.000,0.01203000,9.6876839643e-02,6.1862169740e+03,0.06463455,50.042001,0.04999000,50.000000
90420.000,0.01203000,9.6818474602e-02,6.1854675177e+03,0.06460775,50.041079,0.04999000,50.000000
90480.000,0.01203000,9.6760216233e-02,6.1847339787e+03,0.06458106,50.040236,0.04999000,50.000000
90540.000,0.01203000,9.6702064139e-02,6.1840150184e+03,0.06455447,50.039462,0.04999000,50.000000
90600.000,0.01203000,9.6644017927e-02,6.1833094302e+03,0.06452798,50.038752,0.04999000,50.000000
90660.000,0.01203000,9.6586077213e-02,6.1826161196e+03,0.06450158,50.038100,0.04999000,50.000000
90720.000,0.01203000,9.6528241619e-02,6.1819340917e+03,0.06447527,50.037501,0.04999000,50.000000
90780.000,0.01203000,9.6470510776e-02,6.1812624397e+03,0.06444906,50.036950,0.04999000,50.000000
90840.000,0.01203000,9.6412884320e-02,6.1806003371e+03,0.06442294,50.036442,0.04999000,50.000000
90900.000,0.01203000,9.6355361895e-02,6.1799470296e+03,0.06439690,50.035974,0.04999000,50.000000
90960.000,0.01203000,9.6297943152e-02,6.1793018287e+03,0.06437095,50.035543,0.04999000,50.000000
91020.000,0.01203000,9.6240627750e-02,6.1786641061e+03,0.06434509,50.035145,0.04999000,50.000000
91080.000,0.01203000,9.6183415350e-02,6.1780332882e+03,0.06431931,50.034777,0.04999000,50.000000
91140.000,0.01203000,9.6126305622e-02,6.1774088513e+03,0.06429361,50.034437,0.04999000,50.000000
91200.000,0.01203000,9.6069298242e-02,6.1767903172e+03,0.06426800,50.034122,0.04999000,50.000000
91260.000,0.01203000,9.6012392890e-02,6.1761772494e+03,0.06424246,50.033831,0.04999000,50.000000
91320.000,0.01203000,9.5955589251e-02,6.1755692490e+03,0.06421700,50.033560,0.04999000,50.000000
91380.000,0.01203000,9.5898887015e-02,6.1749659523e+03,0.06419162,50.033309,0.04999000,50.000000
91440.000,0.01203000,9.5842285875e-02,6.1743670266e+03,0.06416631,50.033076,0.04999000,50.000000
91500.000,0.01203000,9.5785785532e-02,6.1737721685e+03,0.06414108,50.032858,0.04999000,50.000000
91560.000,0.01203000,9.5729385686e-02,6.1731811006e+03,0.06411593,50.032655,0.04999000,50.000000
91620.000,0.01203000,9.5673086045e-02,6.1725935698e+03,0.06409084,50.032466,0.04999000,50.000000
91680.000,0.01203000,9.5616886317e-02,6.1720093448e+03,0.06406583,50.032289,0.04999000,50.000000
91740.000,0.01203000,9.5560786215e-02,6.1714282143e+03,0.06404090,50.032123,0.04999000,50.000000
91800.000,0.01203000,9.5504785455e-02,6.1708499853e+03,0.06401603,50.031967,0.04999000,50.000000
91860.000,0.01203000,9.5448883757e-02,6.1702744815e+03,0.06399123,50.031821,0.04999000,50.000000
91920.000,0.01203000,9.5393080840e-02,6.1697015418e+03,0.06396650,50.031683,0.04999000,50.000000
91980.000,0.01203000,9.5337376430e-02,6.1691310190e+03,0.06394184,50.031553,0.04999000,50.000000
92040.000,0.01203000,9.5281770252e-02,6.1685627786e+03,0.06391725,50.031430,0.04999000,50.000000
92100.000,0.01203000,9.5226262036e-02,6.1679966976e+03,0.06389273,50.031313,0.04999000,50.000000
92160.000,0.01203000,9.5170851513e-02,6.1674326636e+03,0.06386827,50.031203,0.04999000,50.000000
92220.000,0.01203000,9.5115538415e-02,6.1668705739e+03,0.06384388,50.031098,0.04999000,50.000000
92280.000,0.01203000,9.5060322477e-02,6.1663103345e+03,0.06381956,50.030998,0.04999000,50.000000
92340.000,0.01203000,9.5005203437e-02,6.1657518596e+03,0.06379530,50.030902,0.04999000,50.000000
92400.000,0.01203000,9.4950181033e-02,6.1651950705e+03,0.06377111,50.030811,0.04999000,50.000000
92460.000,0.01203000,9.4895255006e-02,6.1646398953e+03,0.06374698,50.030723,0.04999000,50.000000
92520.000,0.01203000,9.4840425097e-02,6.1640862683e+03,0.06372292,50.030639,0.04999000,50.000000
92580.000,0.01203000,9.4785691050e-02,6.1635341293e+03,0.06369892,50.030558,0.04999000,50.000000
92640.000,0.01203000,9.4731052610e-02,6.1629834230e+03,0.06367498,50.030480,0.04999000,50.000000
92700.000,0.01203000,9.4676509524e-02,6.1624340991e+03,0.06365111,50.030405,0.04999000,50.000000
92760.000,0.01203000,9.4622061539e-02,6.1618861112e+03,0.06362730,50.030332,0.04999000,50.000000
92820.000,0.01203000,9.4567708406e-02,6.1613394171e+03,0.06360356,50.030261,0.04999000,50.000000
92880.000,0.01203000,9.4513449874e-02,6.1607939778e+03,0.06357987,50.030193,0.04999000,50.000000
92940.000,0.01203000,9.4459285696e-02,6.1602497577e+03,0.06355625,50.030126,0.04999000,50.000000
93000.000,0.01203000,9.4405215624e-02,6.1597067242e+03,0.06353269,50.030061,0.04999000,50.000000
93060.000,0.01203000,9.4351239413e-02,6.1591648472e+03,0.06350919,50.029998,0.04999000,50.000000
93120.000,0.01203000,9.4297356817e-02,6.1586240992e+03,0.06348575,50.029936,0.04999000,50.000000
93180.000,0.01203000,9.4243567595e-02,6.1580844549e+03,0.06346238,50.029876,0.04999000,50.000000
93240.000,0.01203000,9.4189871503e-02,6.1575458910e+03,0.06343906,50.029816,0.04999000,50.000000
93300.000,0.01203000,9.4136268299e-02,6.1570083861e+03,0.06341581,50.029758,0.04999000,50.000000
93360.000,0.01203000,9.4082757744e-02,6.1564719205e+03,0.06339261,50.029701,0.04999000,50.000000
93420.000,0.01203000,9.4029339598e-02,6.1559364760e+03,0.06336947,50.029645,0.04999000,50.000000
93480.000,0.01203000,9.3976013624e-02,6.1554020359e+03,0.06334640,50.029590,0.04999000,50.000000
93540.000,0.01203000,9.3922779582e-02,6.1548685848e+03,0.06332338,50.029536,0.04999000,50.000000
93600.000,0.01203000,9.3869637238e-02,6.1543361083e+03,0.06330042,50.029482,0.04999000,50.000000
93660.000,0.01203000,9.3816586355e-02,6.1538045934e+03,0.06327753,50.029429,0.04999000,50.000000
93720.000,0.01203000,9.3763626700e-02,6.1532740278e+03,0.06325469,50.029377,0.04999000,50.000000
93780.000,0.01203000,9.3710758037e-02,6.1527444003e+03,0.06323191,50.029325,0.04999000,50.000000
93840.000,0.01203000,9.3657980136e-02,6.1522157003e+03,0.06320918,50.029274,0.04999000,50.000000
93900.000,0.01203000,9.3605292763e-02,6.1516879181e+03,0.06318652,50.029223,0.04999000,50.000000
93960.000,0.01203000,9.3552695688e-02,6.1511610447e+03,0.06316391,50.029173,0.04999000,50.000000
94020.000,0.01203000,9.3500188681e-02,6.1506350717e+03,0.06314136,50.029123,0.04999000,50.000000
94080.000,0.01203000,9.3447771512e-02,6.1501099912e+03,0.06311887,50.029074,0.04999000,50.000000
94140.000,0.01203000,9.3395443952e-02,6.1495857959e+03,0.06309643,50.029025,0.04999000,50.000000
94200.000,0.01203000,9.3343205775e-02,6.1490624789e+03,0.06307405,50.028977,0.04999000,50.000000
94260.000,0.01203000,9.3291056753e-02,6.1485400339e+03,0.06305173,50.028929,0.04999000,50.000000
94320.000,0.01203000,9.3238996660e-02,6.1480184548e+03,0.06302947,50.028881,0.04999000,50.000000
94380.000,0.01203000,9.3187025271e-02,6.1474977360e+03,0.06300726,50.028833,0.04999000,50.000000
94440.000,0.01203000,9.3135142362e-02,6.1469778722e+03,0.06298511,50.028786,0.04999000,50.000000
94500.000,0.01203000,9.3083347708e-02,6.1464588583e+03,0.06296301,50.028739,0.04999000,50.000000
94560.000,0.01203000,9.3031641087e-02,6.1459406896e+03,0.06294097,50.028692,0.04999000,50.000000
94620.000,0.01203000,9.2980022277e-02,6.1454233616e+03,0.06291899,50.028646,0.04999000,50.000000
94680.000,0.01203000,9.2928491056e-02,6.1449068701e+03,0.06289706,50.028600,0.04999000,50.000000
94740.000,0.01203000,9.2877047204e-02,6.1443912111e+03,0.06287518,50.028554,0.04999000,50.000000
94800.000,0.01203000,9.2825690500e-02,6.1438763806e+03,0.06285336,50.028508,0.04999000,50.000000
94860.000,0.01203000,9.2774420726e-02,6.1433623750e+03,0.06283160,50.028462,0.04999000,50.000000
94920.000,0.01203000,9.2723237664e-02,6.1428491908e+03,0.06280989,50.028417,0.04999000,50.000000
94980.000,0.01203000,9.2672141095e-02,6.1423368247e+03,0.06278823,50.028372,0.04999000,50.000000
95040.000,0.01203000,9.2621130802e-02,6.1418252734e+03,0.06276663,50.028326,0.04999000,50.000000
95100.000,0.01203000,9.2570206571e-02,6.1413145338e+03,0.06274509,50.028282,0.04999000,50.000000
95160.000,0.01203000,9.2519368184e-02,6.1408046030e+03,0.06272359,50.028237,0.04999000,50.000000
95220.000,0.01203000,9.2468615427e-02,6.1402954781e+03,0.06270215,50.028192,0.04999000,50.000000
95280.000,0.01203000,9.2417948087e-02,6.1397871562e+03,0.06268077,50.028148,0.04999000,50.000000
95340.000,0.01203000,9.2367365950e-02,6.1392796348e+03,0.06265944,50.028104,0.04999000,50.000000
95400.000,0.01203000,9.2316868802e-02,6.1387729111e+03,0.06263816,50.028059,0.04999000,50.000000
95460.000,0.01202967,9.2266454920e-02,6.1382472180e+03,0.06261746,50.030085,0.04999000,50.000000
95520.000,0.01202933,9.2216121224e-02,6.1376895861e+03,0.06259715,50.031676,0.04999000,50.000000
95580.000,0.01202900,9.2165867008e-02,6.1371054481e+03,0.06257690,50.033040,0.04999000,50.000000
95640.000,0.01202867,9.2115692108e-02,6.1364982252e+03,0.06255668,50.034244,0.04999000,50.000000
95700.000,0.01202833,9.2065596445e-02,6.1358705003e+03,0.06253648,50.035319,0.04999000,50.000000
95760.000,0.01202800,9.2015579959e-02,6.1352243831e+03,0.06251630,50.036287,0.04999000,50.000000
95820.000,0.01202767,9.1965642583e-02,6.1345616776e+03,0.06249613,50.037162,0.04999000,50.000000
95880.000,0.01202733,9.1915784249e-02,6.1338839696e+03,0.06247598,50.037954,0.04999000,50.000000
95940.000,0.01202700,9.1866004881e-02,6.1331926755e+03,0.06245586,50.038671,0.04999000,50.000000
96000.000,0.01202667,9.1816304398e-02,6.1324890724e+03,0.06243575,50.039322,0.04999000,50.000000
96060.000,0.01202633,9.1766682712e-02,6.1317743177e+03,0.06241567,50.039911,0.04999000,50.000000
96120.000,0.01202600,9.1717139730e-02,6.1310494632e+03,0.06239562,50.040445,0.04999000,50.000000
96180.000,0.01202567,9.1667675352e-02,6.1303154665e+03,0.06237559,50.040928,0.04999000,50.000000
96240.000,0.01202533,9.1618289473e-02,6.1295732003e+03,0.06235559,50.041365,0.04999000,50.000000
96300.000,0.01202500,9.1568981982e-02,6.1288234597e+03,0.06233562,50.041759,0.04999000,50.000000
96360.000,0.01202467,9.1519752763e-02,6.1280669701e+03,0.06231568,50.042116,0.04999000,50.000000
96420.000,0.01202433,9.1470601696e-02,6.1273043927e+03,0.06229577,50.042437,0.04999000,50.000000
96480.000,0.01202400,9.1421528657e-02,6.1265363306e+03,0.06227589,50.042727,0.04999000,50.000000
96540.000,0.01202367,9.1372533515e-02,6.1257633337e+03,0.06225605,50.042987,0.04999000,50.000000
96600.000,0.01202333,9.1323616137e-02,6.1249859035e+03,0.06223624,50.043221,0.04999000,50.000000
96660.000,0.01202300,9.1274776387e-02,6.1242044976e+03,0.06221647,50.043431,0.04999000,50.000000
96720.000,0.01202267,9.1226014126e-02,6.1234195329e+03,0.06219674,50.043619,0.04999000,50.000000
96780.000,0.01202233,9.1177329209e-02,6.1226313897e+03,0.06217704,50.043786,0.04999000,50.000000
96840.000,0.01202200,9.1128721492e-02,6.1218404148e+03,0.06215738,50.043935,0.04999000,50.000000
96900.000,0.01202167,9.1080190826e-02,6.1210469245e+03,0.06213776,50.044068,0.04999000,50.000000
96960.000,0.01202133,9.1031737061e-02,6.1202512070e+03,0.06211818,50.044185,0.04999000,50.000000
97020.000,0.01202100,9.0983360044e-02,6.1194535251e+03,0.06209864,50.044289,0.04999000,50.000000
97080.000,0.01202067,9.0935059622e-02,6.1186541185e+03,0.06207914,50.044379,0.04999000,50.000000
97140.000,0.01202033,9.0886835638e-02,6.1178532055e+03,0.06205967,50.044458,0.04999000,50.000000
97200.000,0.01202000,9.0838687935e-02,6.1170509853e+03,0.06204025,50.044527,0.04999000,50.000000
97260.000,0.01202000,9.0790617802e-02,6.1162674023e+03,0.06202036,50.042514,0.04999000,50.000000
97320.000,0.01202000,9.0742627827e-02,6.1155155776e+03,0.06200020,50.040929,0.04999000,50.000000
97380.000,0.01202000,9.0694718322e-02,6.1147902180e+03,0.06198007,50.039563,0.04999000,50.000000
97440.000,0.01202000,9.0646889080e-02,6.1140880317e+03,0.06196000,50.038352,0.04999000,50.000000
97500.000,0.01202000,9.0599139808e-02,6.1134065548e+03,0.06194001,50.037262,0.04999000,50.000000
97560.000,0.01202000,9.0551470199e-02,6.1127437864e+03,0.06192009,50.036274,0.04999000,50.000000
97620.000,0.01202000,9.0503879952e-02,6.1120980218e+03,0.06190025,50.035374,0.04999000,50.000000
97680.000,0.01202000,9.0456368768e-02,6.1114677661e+03,0.06188048,50.034552,0.04999000,50.000000
97740.000,0.01202000,9.0408936358e-02,6.1108516858e+03,0.06186079,50.033800,0.04999000,50.000000
97800.000,0.01202000,9.0361582436e-02,6.1102485796e+03,0.06184116,50.033112,0.04999000,50.000000
97860.000,0.01202000,9.0314306724e-02,6.1096573593e+03,0.06182161,50.032481,0.04999000,50.000000
97920.000,0.01202000,9.0267108951e-02,6.1090770362e+03,0.06180212,50.031902,0.04999000,50.000000
97980.000,0.01202000,9.0219988851e-02,6.1085067102e+03,0.06178270,50.031371,0.04999000,50.000000
98040.000,0.01202000,9.0172946165e-02,6.1079455615e+03,0.06176334,50.030883,0.04999000,50.000000
98100.000,0.01202000,9.0125980638e-02,6.1073928426e+03,0.06174404,50.030435,0.04999000,50.000000
98160.000,0.01202000,9.0079092024e-02,6.1068478721e+03,0.06172481,50.030023,0.04999000,50.000000
98220.000,0.01202000,9.0032280080e-02,6.1063100283e+03,0.06170564,50.029644,0.04999000,50.000000
98280.000,0.01202000,8.9985544567e-02,6.1057787444e+03,0.06168652,50.029295,0.04999000,50.000000
98340.000,0.01202000,8.9938885254e-02,6.1052535033e+03,0.06166746,50.028973,0.04999000,50.000000
98400.000,0.01202000,8.9892301910e-02,6.1047338334e+03,0.06164846,50.028677,0.04999000,50.000000
98460.000,0.01202000,8.9845794314e-02,6.1042193043e+03,0.06162952,50.028403,0.04999000,50.000000
98520.000,0.01202000,8.9799362243e-02,6.1037095237e+03,0.06161063,50.028150,0.04999000,50.000000
98580.000,0.01202000,8.9753005481e-02,6.1032041334e+03,0.06159179,50.027915,0.04999000,50.000000
98640.000,0.01202000,8.9706723816e-02,6.1027028069e+03,0.06157301,50.027698,0.04999000,50.000000
98700.000,0.01202000,8.9660517037e-02,6.1022052459e+03,0.06155428,50.027497,0.04999000,50.000000
98760.000,0.01202000,8.9614384938e-02,6.1017111788e+03,0.06153560,50.027311,0.04999000,50.000000
98820.000,0.01202000,8.9568327314e-02,6.1012203573e+03,0.06151697,50.027137,0.04999000,50.000000
98880.000,0.01202000,8.9522343963e-02,6.1007325552e+03,0.06149839,50.026976,0.04999000,50.000000
98940.000,0.01202000,8.9476434688e-02,6.1002475658e+03,0.06147986,50.026825,0.04999000,50.000000
99000.000,0.01202000,8.9430599291e-02,6.0997652007e+03,0.06146138,50.026684,0.04999000,50.000000
99060.000,0.01202000,8.9384837579e-02,6.0992852879e+03,0.06144295,50.026553,0.04999000,50.000000
99120.000,0.01202000,8.9339149357e-02,6.0988076703e+03,0.06142457,50.026430,0.04999000,50.000000
99180.000,0.01202000,8.9293534437e-02,6.0983322048e+03,0.06140623,50.026314,0.04999000,50.000000
99240.000,0.01202000,8.9247992630e-02,6.0978587605e+03,0.06138794,50.026205,0.04999000,50.000000
99300.000,0.01202000,8.9202523748e-02,6.0973872180e+03,0.06136970,50.026103,0.04999000,50.000000
99360.000,0.01202000,8.9157127606e-02,6.0969174683e+03,0.06135150,50.026006,0.04999000,50.000000
99420.000,0.01202000,8.9111804021e-02,6.0964494120e+03,0.06133335,50.025915,0.04999000,50.000000
99480.000,0.01202000,8.9066552810e-02,6.0959829580e+03,0.06131524,50.025828,0.04999000,50.000000
99540.000,0.01202000,8.9021373792e-02,6.0955180235e+03,0.06129718,50.025746,0.04999000,50.000000
99600.000,0.01202000,8.8976266787e-02,6.0950545327e+03,0.06127917,50.025668,0.04999000,50.000000
99660.000,0.01202000,8.8931231617e-02,6.0945924161e+03,0.06126120,50.025594,0.04999000,50.000000
99720.000,0.01202000,8.8886268104e-02,6.0941316107e+03,0.06124327,50.025523,0.04999000,50.000000
99780.000,0.01202000,8.8841376073e-02,6.0936720585e+03,0.06122539,50.025455,0.04999000,50.000000
99840.000,0.01202000,8.8796555348e-02,6.0932137067e+03,0.06120755,50.025390,0.04999000,50.000000
99900.000,0.01202000,8.8751805755e-02,6.0927565070e+03,0.06118976,50.025327,0.04999000,50.000000
99960.000,0.01202000,8.8707127121e-02,6.0923004152e+03,0.06117201,50.025267,0.04999000,50.000000
100020.000,0.01202000,8.8662519273e-02,6.0918453908e+03,0.06115430,50.025208,0.04999000,50.000000
100080.000,0.01202000,8.8617982040e-02,6.0913913970e+03,0.06113663,50.025152,0.04999000,50.000000
100140.000,0.01202000,8.8573515252e-02,6.0909383998e+03,0.06111901,50.025098,0.04999000,50.000000
100200.000,0.01202000,8.8529118739e-02,6.0904863683e+03,0.06110143,50.025045,0.04999000,50.000000
100260.000,0.01202000,8.8484792332e-02,6.0900352742e+03,0.06108389,50.024994,0.04999000,50.000000
100320.000,0.01202000,8.8440535863e-02,6.0895850913e+03,0.06106639,50.024944,0.04999000,50.000000
100380.000,0.01202000,8.8396349165e-02,6.0891357959e+03,0.06104894,50.024895,0.04999000,50.000000
100440.000,0.01202000,8.8352232070e-02,6.0886873661e+03,0.06103152,50.024848,0.04999000,50.000000
100500.000,0.01202000,8.8308184414e-02,6.0882397819e+03,0.06101415,50.024802,0.04999000,50.000000
100560.000,0.01202000,8.8264206031e-02,6.0877930250e+03,0.06099682,50.024756,0.04999000,50.000000
100620.000,0.01202000,8.8220296757e-02,6.0873470783e+03,0.06097953,50.024712,0.04999000,50.000000
100680.000,0.01202000,8.8176456427e-02,6.0869019264e+03,0.06096228,50.024668,0.04999000,50.000000
100740.000,0.01202000,8.8132684878e-02,6.0864575550e+03,0.06094507,50.024625,0.04999000,50.000000
100800.000,0.01202000,8.8088981948e-02,6.0860139509e+03,0.06092791,50.024583,0.04999000,50.000000
100860.000,0.01202000,8.8045347475e-02,6.0855711021e+03,0.06091078,50.024541,0.04999000,50.000000
100920.000,0.01202000,8.8001781297e-02,6.0851289973e+03,0.06089370,50.024500,0.04999000,50.000000
100980.000,0.01202000,8.7958283253e-02,6.0846876264e+03,0.06087665,50.024460,0.04999000,50.000000
101040.000,0.01202000,8.7914853184e-02,6.0842469798e+03,0.06085964,50.024420,0.04999000,50.000000
101100.000,0.01202000,8.7871490930e-02,6.0838070487e+03,0.06084268,50.024381,0.04999000,50.000000
101160.000,0.01202000,8.7828196331e-02,6.0833678250e+03,0.06082575,50.024342,0.04999000,50.000000
101220.000,0.01202000,8.7784969229e-02,6.0829293011e+03,0.06080887,50.024303,0.04999000,50.000000
101280.000,0.01202000,8.7741809466e-02,6.0824914701e+03,0.06079202,50.024265,0.04999000,50.000000
101340.000,0.01202000,8.7698716884e-02,6.0820543256e+03,0.06077521,50.024227,0.04999000,50.000000
101400.000,0.01202000,8.7655691328e-02,6.0816178613e+03,0.06075844,50.024189,0.04999000,50.000000
101460.000,0.01202000,8.7612732640e-02,6.0811820719e+03,0.06074171,50.024152,0.04999000,50.000000
101520.000,0.01202000,8.7569840664e-02,6.0807469519e+03,0.06072502,50.024115,0.04999000,50.000000
101580.000,0.01202000,8.7527015245e-02,6.0803124966e+03,0.06070837,50.024078,0.04999000,50.000000
101640.000,0.01202000,8.7484256228e-02,6.0798787013e+03,0.06069176,50.024042,0.04999000,50.000000
101700.000,0.01202000,8.7441563459e-02,6.0794455617e+03,0.06067518,50.024005,0.04999000,50.000000
101760.000,0.01202000,8.7398936785e-02,6.0790130739e+03,0.06065865,50.023969,0.04999000,50.000000
101820.000,0.01202000,8.7356376051e-02,6.0785812340e+03,0.06064215,50.023934,0.04999000,50.000000
101880.000,0.01202000,8.7313881105e-02,6.0781500386e+03,0.06062569,50.023898,0.04999000,50.000000
101940.000,0.01202000,8.7271451794e-02,6.0777194841e+03,0.06060927,50.023862,0.04999000,50.000000
102000.000,0.01202000,8.7229087967e-02,6.0772895674e+03,0.06059289,50.023827,0.04999000,50.000000
102060.000,0.01202000,8.7186789472e-02,6.0768602856e+03,0.06057654,50.023792,0.04999000,50.000000
102120.000,0.01202000,8.7144556158e-02,6.0764316357e+03,0.06056024,50.023757,0.04999000,50.000000
102180.000,0.01202000,8.7102387875e-02,6.0760036150e+03,0.06054397,50.023722,0.04999000,50.000000
102240.000,0.01202000,8.7060284473e-02,6.0755762210e+03,0.06052773,50.023688,0.04999000,50.000000
102300.000,0.01202000,8.7018245802e-02,6.0751494510e+03,0.06051154,50.023653,0.04999000,50.000000
102360.000,0.01202000,8.6976271714e-02,6.0747233029e+03,0.06049538,50.023619,0.04999000,50.000000
102420.000,0.01202000,8.6934362058e-02,6.0742977742e+03,0.06047926,50.023584,0.04999000,50.000000
102480.000,0.01202000,8.6892516689e-02,6.0738728629e+03,0.06046318,50.023550,0.04999000,50.000000
102540.000,0.01202000,8.6850735457e-02,6.0734485667e+03,0.06044713,50.023516,0.04999000,50.000000
102600.000,0.01202000,8.6809018216e-02,6.0730248837e+03,0.06043112,50.023482,0.04999000,50.000000
102660.000,0.01202000,8.6767364818e-02,6.0726018119e+03,0.06041515,50.023448,0.04999000,50.000000
102720.000,0.01202000,8.6725775118e-02,6.0721793493e+03,0.06039921,50.023415,0.04999000,50.000000
102780.000,0.01202000,8.6684248970e-02,6.0717574943e+03,0.06038331,50.023381,0.04999000,50.000000
102840.000,0.01202000,8.6642786227e-02,6.0713362448e+03,0.06036745,50.023347,0.04999000,50.000000
102900.000,0.01202000,8.6601386746e-02,6.0709155993e+03,0.06035162,50.023314,0.04999000,50.000000
102960.000,0.01202000,8.6560050381e-02,6.0704955560e+03,0.06033583,50.023281,0.04999000,50.000000
103020.000,0.01202000,8.6518776988e-02,6.0700761133e+03,0.06032008,50.023247,0.04999000,50.000000
103080.000,0.01202000,8.6477566425e-02,6.0696572695e+03,0.06030436,50.023214,0.04999000,50.000000
103140.000,0.01202000,8.6436418546e-02,6.0692390231e+03,0.06028867,50.023181,0.04999000,50.000000
103200.000,0.01202000,8.6395333210e-02,6.0688213724e+03,0.06027303,50.023148,0.04999000,50.000000
103260.000,0.01202000,8.6354310275e-02,6.0684043160e+03,0.06025741,50.023115,0.04999000,50.000000
103320.000,0.01202000,8.6313349597e-02,6.0679878524e+03,0.06024184,50.023082,0.04999000,50.000000
103380.000,0.01202000,8.6272451036e-02,6.0675719801e+03,0.06022630,50.023049,0.04999000,50.000000
103440.000,0.01202000,8.6231614451e-02,6.0671566976e+03,0.06021079,50.023017,0.04999000,50.000000
103500.000,0.01202000,8.6190839700e-02,6.0667420036e+03,0.06019532,50.022984,0.04999000,50.000000
103560.000,0.01202000,8.6150126644e-02,6.0663278965e+03,0.06017988,50.022952,0.04999000,50.000000
103620.000,0.01202000,8.6109475142e-02,6.0659143751e+03,0.06016448,50.022919,0.04999000,50.000000
103680.000,0.01202000,8.6068885056e-02,6.0655014379e+03,0.06014912,50.022887,0.04999000,50.000000
103740.000,0.01202000,8.6028356246e-02,6.0650890836e+03,0.06013379,50.022855,0.04999000,50.000000
103800.000,0.01202000,8.5987888573e-02,6.0646773108e+03,0.06011849,50.022822,0.04999000,50.000000
103860.000,0.01202000,8.5947481900e-02,6.0642661182e+03,0.06010323,50.022790,0.04999000,50.000000
103920.000,0.01202000,8.5907136088e-02,6.0638555045e+03,0.06008800,50.022758,0.04999000,50.000000
103980.000,0.01202000,8.5866851000e-02,6.0634454684e+03,0.06007281,50.022726,0.04999000,50.000000
104040.000,0.01202000,8.5826626499e-02,6.0630360086e+03,0.06005765,50.022694,0.04999000,50.000000
104100.000,0.01202000,8.5786462449e-02,6.0626271237e+03,0.06004253,50.022662,0.04999000,50.000000
104160.000,0.01202000,8.5746358713e-02,6.0622188126e+03,0.06002744,50.022631,0.04999000,50.000000
104220.000,0.01202000,8.5706315155e-02,6.0618110740e+03,0.06001238,50.022599,0.04999000,50.000000
104280.000,0.01202000,8.5666331641e-02,6.0614039065e+03,0.05999736,50.022567,0.04999000,50.000000
104340.000,0.01202000,8.5626408035e-02,6.0609973090e+03,0.05998237,50.022536,0.04999000,50.000000
104400.000,0.01202000,8.5586544202e-02,6.0605912802e+03,0.05996742,50.022504,0.04999000,50.000000
104460.000,0.01201967,8.5546738803e-02,6.0601660823e+03,0.05995292,50.024540,0.04999000,50.000000
104520.000,0.01201933,8.5506989397e-02,6.0597088138e+03,0.05993873,50.026138,0.04999000,50.000000
104580.000,0.01201900,8.5467295450e-02,6.0592249365e+03,0.05992458,50.027509,0.04999000,50.000000
104640.000,0.01201867,8.5427656881e-02,6.0587178869e+03,0.05991043,50.028718,0.04999000,50.000000
104700.000,0.01201833,8.5388073674e-02,6.0581902565e+03,0.05989629,50.029798,0.04999000,50.000000
104760.000,0.01201800,8.5348545822e-02,6.0576441601e+03,0.05988216,50.030771,0.04999000,50.000000
104820.000,0.01201767,8.5309073312e-02,6.0570814045e+03,0.05986803,50.031650,0.04999000,50.000000
104880.000,0.01201733,8.5269656126e-02,6.0565035765e+03,0.05985390,50.032446,0.04999000,50.000000
104940.000,0.01201700,8.5230294238e-02,6.0559120922e+03,0.05983978,50.033168,0.04999000,50.000000
105000.000,0.01201667,8.5190987618e-02,6.0553082271e+03,0.05982568,50.033823,0.04999000,50.000000
105060.000,0.01201633,8.5151736229e-02,6.0546931364e+03,0.05981158,50.034417,0.04999000,50.000000
105120.000,0.01201600,8.5112540029e-02,6.0540678690e+03,0.05979749,50.034955,0.04999000,50.000000
105180.000,0.01201567,8.5073398970e-02,6.0534333791e+03,0.05978342,50.035443,0.04999000,50.000000
105240.000,0.01201533,8.5034313000e-02,6.0527905353e+03,0.05976936,50.035885,0.04999000,50.000000
105300.000,0.01201500,8.4995282062e-02,6.0521401288e+03,0.05975532,50.036285,0.04999000,50.000000
105360.000,0.01201467,8.4956306096e-02,6.0514828804e+03,0.05974130,50.036647,0.04999000,50.000000
105420.000,0.01201433,8.4917385035e-02,6.0508194468e+03,0.05972729,50.036974,0.04999000,50.000000
105480.000,0.01201400,8.4878518810e-02,6.0501504267e+03,0.05971330,50.037269,0.04999000,50.000000
105540.000,0.01201367,8.4839707348e-02,6.0494763652e+03,0.05969933,50.037536,0.04999000,50.000000
105600.000,0.01201333,8.4800950575e-02,6.0487977593e+03,0.05968538,50.037776,0.04999000,50.000000
105660.000,0.01201300,8.4762248409e-02,6.0481150620e+03,0.05967145,50.037993,0.04999000,50.000000
105720.000,0.01201267,8.4723600771e-02,6.0474286857e+03,0.05965754,50.038187,0.04999000,50.000000
105780.000,0.01201233,8.4685007575e-02,6.0467390066e+03,0.05964366,50.038362,0.04999000,50.000000
105840.000,0.01201200,8.4646468735e-02,6.0460463671e+03,0.05962979,50.038518,0.04999000,50.000000
105900.000,0.01201167,8.4607984163e-02,6.0453510795e+03,0.05961595,50.038658,0.04999000,50.000000
105960.000,0.01201133,8.4569553767e-02,6.0446534281e+03,0.05960214,50.038783,0.04999000,50.000000
106020.000,0.01201100,8.4531177455e-02,6.0439536720e+03,0.05958835,50.038894,0.04999000,50.000000
106080.000,0.01201067,8.4492855134e-02,6.0432520472e+03,0.05957458,50.038993,0.04999000,50.000000
106140.000,0.01201033,8.4454586708e-02,6.0425487688e+03,0.05956084,50.039080,0.04999000,50.000000
106200.000,0.01201000,8.4416372081e-02,6.0418440327e+03,0.05954712,50.039157,0.04999000,50.000000
106260.000,0.01201000,8.4378212313e-02,6.0411577534e+03,0.05953302,50.037155,0.04999000,50.000000
106320.000,0.01201000,8.4340109525e-02,6.0405029847e+03,0.05951868,50.035583,0.04999000,50.000000
106380.000,0.01201000,8.4302064003e-02,6.0398744040e+03,0.05950437,50.034232,0.04999000,50.000000
106440.000,0.01201000,8.4264075594e-02,6.0392687034e+03,0.05949010,50.033036,0.04999000,50.000000
106500.000,0.01201000,8.4226144080e-02,6.0386834095e+03,0.05947589,50.031962,0.04999000,50.000000
106560.000,0.01201000,8.4188269240e-02,6.0381165151e+03,0.05946173,50.030991,0.04999000,50.000000
106620.000,0.01201000,8.4150450854e-02,6.0375663120e+03,0.05944763,50.030107,0.04999000,50.000000
106680.000,0.01201000,8.4112688711e-02,6.0370313032e+03,0.05943358,50.029302,0.04999000,50.000000
106740.000,0.01201000,8.4074982606e-02,6.0365101549e+03,0.05941958,50.028567,0.04999000,50.000000
106800.000,0.01201000,8.4037332337e-02,6.0360016664e+03,0.05940563,50.027896,0.04999000,50.000000
106860.000,0.01201000,8.3999737712e-02,6.0355047510e+03,0.05939173,50.027281,0.04999000,50.000000
106920.000,0.01201000,8.3962198541e-02,6.0350184223e+03,0.05937787,50.026719,0.04999000,50.000000
106980.000,0.01201000,8.3924714640e-02,6.0345417832e+03,0.05936406,50.026205,0.04999000,50.000000
107040.000,0.01201000,8.3887285832e-02,6.0340740171e+03,0.05935030,50.025734,0.04999000,50.000000
107100.000,0.01201000,8.3849911942e-02,6.0336143805e+03,0.05933658,50.025302,0.04999000,50.000000
107160.000,0.01201000,8.3812592801e-02,6.0331621957e+03,0.05932289,50.024906,0.04999000,50.000000
107220.000,0.01201000,8.3775328245e-02,6.0327168456e+03,0.05930925,50.024542,0.04999000,50.000000
107280.000,0.01201000,8.3738118111e-02,6.0322777676e+03,0.05929565,50.024209,0.04999000,50.000000
107340.000,0.01201000,8.3700962244e-02,6.0318444491e+03,0.05928209,50.023903,0.04999000,50.000000
107400.000,0.01201000,8.3663860488e-02,6.0314164229e+03,0.05926857,50.023621,0.04999000,50.000000
107460.000,0.01201000,8.3626812694e-02,6.0309932634e+03,0.05925508,50.023362,0.04999000,50.000000
107520.000,0.01201000,8.3589818714e-02,6.0305745825e+03,0.05924163,50.023123,0.04999000,50.000000
107580.000,0.01201000,8.3552878404e-02,6.0301600265e+03,0.05922822,50.022904,0.04999000,50.000000
107640.000,0.01201000,8.3515991621e-02,6.0297492733e+03,0.05921484,50.022701,0.04999000,50.000000
107700.000,0.01201000,8.3479158226e-02,6.0293420290e+03,0.05920150,50.022514,0.04999000,50.000000
107760.000,0.01201000,8.3442378082e-02,6.0289380259e+03,0.05918819,50.022341,0.04999000,50.000000
107820.000,0.01201000,8.3405651054e-02,6.0285370199e+03,0.05917491,50.022181,0.04999000,50.000000
107880.000,0.01201000,8.3368977008e-02,6.0281387886e+03,0.05916167,50.022033,0.04999000,50.000000
107940.000,0.01201000,8.3332355815e-02,6.0277431292e+03,0.05914846,50.021895,0.04999000,50.000000
108000.000,0.01201000,8.3295787344e-02,6.0273498569e+03,0.05913528,50.021768,0.04999000,50.000000
108060.000,0.01201000,8.3259271467e-02,6.0269588030e+03,0.05912213,50.021649,0.04999000,50.000000
108120.000,0.01201000,8.3222808058e-02,6.0265698142e+03,0.05910902,50.021538,0.04999000,50.000000
108180.000,0.01201000,8.3186396992e-02,6.0261827501e+03,0.05909593,50.021435,0.04999000,50.000000
108240.000,0.01201000,8.3150038146e-02,6.0257974832e+03,0.05908288,50.021339,0.04999000,50.000000
108300.000,0.01201000,8.3113731397e-02,6.0254138971e+03,0.05906986,50.021248,0.04999000,50.000000
108360.000,0.01201000,8.3077476625e-02,6.0250318854e+03,0.05905686,50.021164,0.04999000,50.000000
108420.000,0.01201000,8.3041273708e-02,6.0246513515e+03,0.05904390,50.021084,0.04999000,50.000000
108480.000,0.01201000,8.3005125591e-02,6.0242722072e+03,0.05903097,50.021009,0.04999000,50.000000
108540.000,0.01201000,8.2969044438e-02,6.0238943816e+03,0.05901807,50.020938,0.04999000,50.000000
108600.000,0.01201000,8.2933014735e-02,6.0235178065e+03,0.05900520,50.020870,0.04999000,50.000000
108660.000,0.01201000,8.2897036366e-02,6.0231424139e+03,0.05899236,50.020806,0.04999000,50.000000
108720.000,0.01201000,8.2861109215e-02,6.0227681413e+03,0.05897955,50.020746,0.04999000,50.000000
108780.000,0.01201000,8.2825233167e-02,6.0223949319e+03,0.05896677,50.020688,0.04999000,50.000000
108840.000,0.01201000,8.2789408109e-02,6.0220227337e+03,0.05895402,50.020634,0.04999000,50.000000
108900.000,0.01201000,8.2753633928e-02,6.0216514992e+03,0.05894129,50.020581,0.04999000,50.000000
108960.000,0.01201000,8.2717910510e-02,6.0212811850e+03,0.05892860,50.020531,0.04999000,50.000000
109020.000,0.01201000,8.2682237744e-02,6.0209117516e+03,0.05891593,50.020483,0.04999000,50.000000
109080.000,0.01201000,8.2646615519e-02,6.0205431628e+03,0.05890329,50.020438,0.04999000,50.000000
109140.000,0.01201000,8.2611043723e-02,6.0201753857e+03,0.05889067,50.020393,0.04999000,50.000000
109200.000,0.01201000,8.2575522246e-02,6.0198083901e+03,0.05887809,50.020351,0.04999000,50.000000
109260.000,0.01201000,8.2540050979e-02,6.0194421485e+03,0.05886553,50.020310,0.04999000,50.000000
109320.000,0.01201000,8.2504629812e-02,6.0190766356e+03,0.05885300,50.020270,0.04999000,50.000000
109380.000,0.01201000,8.2469258637e-02,6.0187118284e+03,0.05884049,50.020231,0.04999000,50.000000
109440.000,0.01201000,8.2433937344e-02,6.0183477058e+03,0.05882802,50.020194,0.04999000,50.000000
109500.000,0.01201000,8.2398665828e-02,6.0179842486e+03,0.05881557,50.020157,0.04999000,50.000000
109560.000,0.01201000,8.2363443979e-02,6.0176214392e+03,0.05880314,50.020122,0.04999000,50.000000
109620.000,0.01201000,8.2328271692e-02,6.0172592613e+03,0.05879075,50.020087,0.04999000,50.000000
109680.000,0.01201000,8.2293148859e-02,6.0168977002e+03,0.05877838,50.020053,0.04999000,50.000000
109740.000,0.01201000,8.2258075375e-02,6.0165367423e+03,0.05876603,50.020020,0.04999000,50.000000
109800.000,0.01201000,8.2223051133e-02,6.0161763752e+03,0.05875372,50.019988,0.04999000,50.000000
109860.000,0.01201000,8.2188076029e-02,6.0158165874e+03,0.05874143,50.019956,0.04999000,50.000000
109920.000,0.01201000,8.2153149957e-02,6.0154573685e+03,0.05872916,50.019925,0.04999000,50.000000
109980.000,0.01201000,8.2118272813e-02,6.0150987088e+03,0.05871692,50.019894,0.04999000,50.000000
110040.000,0.01201000,8.2083444493e-02,6.0147405994e+03,0.05870471,50.019864,0.04999000,50.000000
110100.000,0.01201000,8.2048664893e-02,6.0143830323e+03,0.05869252,50.019834,0.04999000,50.000000
110160.000,0.01201000,8.2013933908e-02,6.0140260000e+03,0.05868036,50.019804,0.04999000,50.000000
110220.000,0.01201000,8.1979251437e-02,6.0136694954e+03,0.05866823,50.019775,0.04999000,50.000000
110280.000,0.01201000,8.1944617376e-02,6.0133135123e+03,0.05865612,50.019746,0.04999000,50.000000
110340.000,0.01201000,8.1910031622e-02,6.0129580447e+03,0.05864404,50.019718,0.04999000,50.000000
110400.000,0.01201000,8.1875494074e-02,6.0126030872e+03,0.05863198,50.019690,0.04999000,50.000000
110460.000,0.01201000,8.1841004629e-02,6.0122486348e+03,0.05861995,50.019662,0.04999000,50.000000
110520.000,0.01201000,8.1806563187e-02,6.0118946827e+03,0.05860794,50.019634,0.04999000,50.000000
110580.000,0.01201000,8.1772169645e-02,6.0115412267e+03,0.05859596,50.019607,0.04999000,50.000000
110640.000,0.01201000,8.1737823902e-02,6.0111882627e+03,0.05858400,50.019579,0.04999000,50.000000
110700.000,0.01201000,8.1703525859e-02,6.0108357869e+03,0.05857207,50.019552,0.04999000,50.000000
110760.000,0.01201000,8.1669275415e-02,6.0104837959e+03,0.05856017,50.019526,0.04999000,50.000000
110820.000,0.01201000,8.1635072469e-02,6.0101322865e+03,0.05854829,50.019499,0.04999000,50.000000
110880.000,0.01201000,8.1600916923e-02,6.0097812555e+03,0.05853643,50.019473,0.04999000,50.000000
110940.000,0.01201000,8.1566808676e-02,6.0094307000e+03,0.05852460,50.019446,0.04999000,50.000000
111000.000,0.01201000,8.1532747629e-02,6.0090806175e+03,0.05851279,50.019420,0.04999000,50.000000
111060.000,0.01201000,8.1498733684e-02,6.0087310055e+03,0.05850101,50.019394,0.04999000,50.000000
111120.000,0.01201000,8.1464766742e-02,6.0083818614e+03,0.05848925,50.019368,0.04999000,50.000000
111180.000,0.01201000,8.1430846705e-02,6.0080331831e+03,0.05847752,50.019342,0.04999000,50.000000
111240.000,0.01201000,8.1396973474e-02,6.0076849686e+03,0.05846581,50.019317,0.04999000,50.000000
111300.000,0.01201000,8.1363146952e-02,6.0073372157e+03,0.05845413,50.019291,0.04999000,50.000000
111360.000,0.01201000,8.1329367042e-02,6.0069899226e+03,0.05844247,50.019266,0.04999000,50.000000
111420.000,0.01201000,8.1295633646e-02,6.0066430874e+03,0.05843084,50.019240,0.04999000,50.000000
111480.000,0.01201000,8.1261946667e-02,6.0062967086e+03,0.05841923,50.019215,0.04999000,50.000000
111540.000,0.01201000,8.1228306010e-02,6.0059507843e+03,0.05840764,50.019190,0.04999000,50.000000
111600.000,0.01201000,8.1194711576e-02,6.0056053130e+03,0.05839608,50.019165,0.04999000,50.000000
111660.000,0.01201000,8.1161163271e-02,6.0052602933e+03,0.05838454,50.019140,0.04999000,50.000000
111720.000,0.01201000,8.1127660998e-02,6.0049157236e+03,0.05837302,50.019115,0.04999000,50.000000
111780.000,0.01201000,8.1094204663e-02,6.0045716026e+03,0.05836153,50.019090,0.04999000,50.000000
111840.000,0.01201000,8.1060794169e-02,6.0042279289e+03,0.05835007,50.019065,0.04999000,50.000000
111900.000,0.01201000,8.1027429421e-02,6.0038847012e+03,0.05833862,50.019040,0.04999000,50.000000
111960.000,0.01201000,8.0994110325e-02,6.0035419183e+03,0.05832721,50.019016,0.04999000,50.000000
112020.000,0.01201000,8.0960836787e-02,6.0031995790e+03,0.05831581,50.018991,0.04999000,50.000000
112080.000,0.01201000,8.0927608712e-02,6.0028576819e+03,0.05830444,50.018966,0.04999000,50.000000
112140.000,0.01201000,8.0894426006e-02,6.0025162261e+03,0.05829309,50.018942,0.04999000,50.000000
112200.000,0.01201000,8.0861288576e-02,6.0021752103e+03,0.05828176,50.018918,0.04999000,50.000000
112260.000,0.01201000,8.0828196327e-02,6.0018346335e+03,0.05827046,50.018893,0.04999000,50.000000
112320.000,0.01201000,8.0795149168e-02,6.0014944946e+03,0.05825918,50.018869,0.04999000,50.000000
112380.000,0.01201000,8.0762147004e-02,6.0011547925e+03,0.05824793,50.018845,0.04999000,50.000000
112440.000,0.01201000,8.0729189743e-02,6.0008155262e+03,0.05823670,50.018821,0.04999000,50.000000
112500.000,0.01201000,8.0696277293e-02,6.0004766947e+03,0.05822549,50.018796,0.04999000,50.000000
112560.000,0.01201000,8.0663409561e-02,6.0001382970e+03,0.05821430,50.018772,0.04999000,50.000000
112620.000,0.01201000,8.0630586456e-02,5.9998003321e+03,0.05820314,50.018748,0.04999000,50.000000
112680.000,0.01201000,8.0597807886e-02,5.9994627991e+03,0.05819200,50.018724,0.04999000,50.000000
112740.000,0.01201000,8.0565073759e-02,5.9991256969e+03,0.05818088,50.018701,0.04999000,50.000000
112800.000,0.01201000,8.0532383985e-02,5.9987890247e+03,0.05816979,50.018677,0.04999000,50.000000
112860.000,0.01201000,8.0499738471e-02,5.9984527815e+03,0.05815872,50.018653,0.04999000,50.000000
112920.000,0.01201000,8.0467137129e-02,5.9981169665e+03,0.05814767,50.018629,0.04999000,50.000000
112980.000,0.01201000,8.0434579866e-02,5.9977815786e+03,0.05813664,50.018606,0.04999000,50.000000
113040.000,0.01201000,8.0402066593e-02,5.9974466171e+03,0.05812564,50.018582,0.04999000,50.000000
113100.000,0.01201000,8.0369597221e-02,5.9971120809e+03,0.05811466,50.018558,0.04999000,50.000000
113160.000,0.01201000,8.0337171658e-02,5.9967779694e+03,0.05810370,50.018535,0.04999000,50.000000
113220.000,0.01201000,8.0304789817e-02,5.9964442815e+03,0.05809276,50.018511,0.04999000,50.000000
113280.000,0.01201000,8.0272451606e-02,5.9961110164e+03,0.05808185,50.018488,0.04999000,50.000000
113340.000,0.01201000,8.0240156939e-02,5.9957781732e+03,0.05807096,50.018464,0.04999000,50.000000
113400.000,0.01201000,8.0207905725e-02,5.9954457512e+03,0.05806009,50.018441,0.04999000,50.000000
113460.000,0.01201000,8.0175697876e-02,5.9951137494e+03,0.05804924,50.018418,0.04999000,50.000000
113520.000,0.01201000,8.0143533304e-02,5.9947821670e+03,0.05803842,50.018395,0.04999000,50.000000
113580.000,0.01201000,8.0111411921e-02,5.9944510032e+03,0.05802761,50.018371,0.04999000,50.000000
113640.000,0.01201000,8.0079333639e-02,5.9941202572e+03,0.05801683,50.018348,0.04999000,50.000000
113700.000,0.01201000,8.0047298371e-02,5.9937899281e+03,0.05800607,50.018325,0.04999000,50.000000
113760.000,0.01201000,8.0015306028e-02,5.9934600150e+03,0.05799533,50.018302,0.04999000,50.000000
113820.000,0.01201000,7.9983356525e-02,5.9931305173e+03,0.05798462,50.018279,0.04999000,50.000000
113880.000,0.01201000,7.9951449774e-02,5.9928014340e+03,0.05797392,50.018256,0.04999000,50.000000
113940.000,0.01201000,7.9919585689e-02,5.9924727644e+03,0.05796325,50.018233,0.04999000,50.000000
114000.000,0.01201000,7.9887764182e-02,5.9921445076e+03,0.05795260,50.018210,0.04999000,50.000000
114060.000,0.01201000,7.9855985168e-02,5.9918166629e+03,0.05794197,50.018187,0.04999000,50.000000
114120.000,0.01201000,7.9824248562e-02,5.9914892294e+03,0.05793136,50.018164,0.04999000,50.000000
114180.000,0.01201000,7.9792554276e-02,5.9911622064e+03,0.05792078,50.018142,0.04999000,50.000000
114240.000,0.01201000,7.9760902227e-02,5.9908355930e+03,0.05791021,50.018119,0.04999000,50.000000
114300.000,0.01201000,7.9729292327e-02,5.9905093886e+03,0.05789967,50.018096,0.04999000,50.000000
114360.000,0.01201000,7.9697724493e-02,5.9901835922e+03,0.05788915,50.018074,0.04999000,50.000000
114420.000,0.01201000,7.9666198640e-02,5.9898582031e+03,0.05787865,50.018051,0.04999000,50.000000
114480.000,0.01201000,7.9634714683e-02,5.9895332205e+03,0.05786817,50.018029,0.04999000,50.000000
114540.000,0.01201000,7.9603272537e-02,5.9892086437e+03,0.05785771,50.018006,0.04999000,50.000000
114600.000,0.01201000,7.9571872119e-02,5.9888844719e+03,0.05784727,50.017984,0.04999000,50.000000
114660.000,0.01201000,7.9540513344e-02,5.9885607042e+03,0.05783685,50.017961,0.04999000,50.000000
114720.000,0.01201000,7.9509196129e-02,5.9882373400e+03,0.05782646,50.017939,0.04999000,50.000000
114780.000,0.01201000,7.9477920390e-02,5.9879143784e+03,0.05781608,50.017916,0.04999000,50.000000
114840.000,0.01201000,7.9446686045e-02,5.9875918187e+03,0.05780573,50.017894,0.04999000,50.000000
114900.000,0.01201000,7.9415493009e-02,5.9872696601e+03,0.05779539,50.017872,0.04999000,50.000000
114960.000,0.01201000,7.9384341201e-02,5.9869479019e+03,0.05778508,50.017850,0.04999000,50.000000
115020.000,0.01201000,7.9353230537e-02,5.9866265433e+03,0.05777479,50.017828,0.04999000,50.000000
115080.000,0.01201000,7.9322160936e-02,5.9863055835e+03,0.05776452,50.017805,0.04999000,50.000000
115140.000,0.01201000,7.9291132315e-02,5.9859850218e+03,0.05775427,50.017783,0.04999000,50.000000
115200.000,0.01201000,7.9260144591e-02,5.9856648575e+03,0.05774404,50.017761,0.04999000,50.000000
115260.000,0.01201000,7.9229197684e-02,5.9853450897e+03,0.05773383,50.017739,0.04999000,50.000000
115320.000,0.01201000,7.9198291512e-02,5.9850257178e+03,0.05772364,50.017717,0.04999000,50.000000
115380.000,0.01201000,7.9167425994e-02,5.9847067410e+03,0.05771347,50.017695,0.04999000,50.000000
115440.000,0.01201000,7.9136601047e-02,5.9843881585e+03,0.05770332,50.017674,0.04999000,50.000000
115500.000,0.01201000,7.9105816593e-02,5.9840699696e+03,0.05769319,50.017652,0.04999000,50.000000
115560.000,0.01201000,7.9075072549e-02,5.9837521735e+03,0.05768308,50.017630,0.04999000,50.000000
115620.000,0.01201000,7.9044368836e-02,5.9834347696e+03,0.05767299,50.017608,0.04999000,50.000000
115680.000,0.01201000,7.9013705372e-02,5.9831177571e+03,0.05766293,50.017587,0.04999000,50.000000
115740.000,0.01201000,7.8983082079e-02,5.9828011352e+03,0.05765288,50.017565,0.04999000,50.000000
115800.000,0.01201000,7.8952498876e-02,5.9824849032e+03,0.05764285,50.017543,0.04999000,50.000000
115860.000,0.01201000,7.8921955684e-02,5.9821690604e+03,0.05763284,50.017522,0.04999000,50.000000
115920.000,0.01201000,7.8891452423e-02,5.9818536061e+03,0.05762285,50.017500,0.04999000,50.000000
115980.000,0.01201000,7.8860989014e-02,5.9815385394e+03,0.05761288,50.017479,0.04999000,50.000000
116040.000,0.01201000,7.8830565378e-02,5.9812238598e+03,0.05760293,50.017457,0.04999000,50.000000
116100.000,0.01201000,7.8800181436e-02,5.9809095665e+03,0.05759300,50.017436,0.04999000,50.000000
116160.000,0.01201000,7.8769837110e-02,5.9805956587e+03,0.05758309,50.017414,0.04999000,50.000000
116220.000,0.01201000,7.8739532321e-02,5.9802821357e+03,0.05757320,50.017393,0.04999000,50.000000
116280.000,0.01201000,7.8709266991e-02,5.9799689969e+03,0.05756333,50.017372,0.04999000,50.000000
116340.000,0.01201000,7.8679041042e-02,5.9796562414e+03,0.05755348,50.017350,0.04999000,50.000000
116400.000,0.01201000,7.8648854397e-02,5.9793438687e+03,0.05754365,50.017329,0.04999000,50.000000
116460.000,0.01201000,7.8618706977e-02,5.9790318779e+03,0.05753384,50.017308,0.04999000,50.000000
116520.000,0.01201000,7.8588598705e-02,5.9787202683e+03,0.05752405,50.017287,0.04999000,50.000000
116580.000,0.01201000,7.8558529505e-02,5.9784090393e+03,0.05751427,50.017266,0.04999000,50.000000
116640.000,0.01201000,7.8528499299e-02,5.9780981902e+03,0.05750452,50.017245,0.04999000,50.000000
116700.000,0.01201000,7.8498508010e-02,5.9777877202e+03,0.05749478,50.017224,0.04999000,50.000000
116760.000,0.01201000,7.8468555562e-02,5.9774776286e+03,0.05748507,50.017203,0.04999000,50.000000
116820.000,0.01201000,7.8438641879e-02,5.9771679147e+03,0.05747537,50.017182,0.04999000,50.000000
116880.000,0.01201000,7.8408766884e-02,5.9768585779e+03,0.05746569,50.017161,0.04999000,50.000000
116940.000,0.01201000,7.8378930501e-02,5.9765496174e+03,0.05745603,50.017140,0.04999000,50.000000
117000.000,0.01201000,7.8349132655e-02,5.9762410325e+03,0.05744639,50.017119,0.04999000,50.000000
117060.000,0.01201000,7.8319373269e-02,5.9759328226e+03,0.05743677,50.017098,0.04999000,50.000000
117120.000,0.01201000,7.8289652269e-02,5.9756249869e+03,0.05742717,50.017078,0.04999000,50.000000
117180.000,0.01201000,7.8259969580e-02,5.9753175247e+03,0.05741759,50.017057,0.04999000,50.000000
117240.000,0.01201000,7.8230325126e-02,5.9750104354e+03,0.05740802,50.017036,0.04999000,50.000000
117300.000,0.01201000,7.8200718832e-02,5.9747037183e+03,0.05739848,50.017016,0.04999000,50.000000
117360.000,0.01201000,7.8171150624e-02,5.9743973727e+03,0.05738895,50.016995,0.04999000,50.000000
117420.000,0.01201000,7.8141620427e-02,5.9740913978e+03,0.05737944,50.016974,0.04999000,50.000000
117480.000,0.01201000,7.8112128168e-02,5.9737857931e+03,0.05736995,50.016954,0.04999000,50.000000
117540.000,0.01201000,7.8082673772e-02,5.9734805578e+03,0.05736048,50.016933,0.04999000,50.000000
117600.000,0.01201000,7.8053257165e-02,5.9731756912e+03,0.05735103,50.016913,0.04999000,50.000000
117660.000,0.01201000,7.8023878274e-02,5.9728711927e+03,0.05734159,50.016893,0.04999000,50.000000
117720.000,0.01201000,7.7994537024e-02,5.9725670616e+03,0.05733218,50.016872,0.04999000,50.000000
117780.000,0.01201000,7.7965233344e-02,5.9722632972e+03,0.05732278,50.016852,0.04999000,50.000000
117840.000,0.01201000,7.7935967159e-02,5.9719598989e+03,0.05731340,50.016831,0.04999000,50.000000
117900.000,0.01201000,7.7906738398e-02,5.9716568659e+03,0.05730404,50.016811,0.04999000,50.000000
117960.000,0.01201000,7.7877546986e-02,5.9713541976e+03,0.05729469,50.016791,0.04999000,50.000000
118020.000,0.01201000,7.7848392852e-02,5.9710518934e+03,0.05728537,50.016771,0.04999000,50.000000
118080.000,0.01201000,7.7819275923e-02,5.9707499525e+03,0.05727606,50.016751,0.04999000,50.000000
118140.000,0.01201000,7.7790196126e-02,5.9704483743e+03,0.05726677,50.016731,0.04999000,50.000000
118200.000,0.01201000,7.7761153391e-02,5.9701471582e+03,0.05725750,50.016710,0.04999000,50.000000
118260.000,0.01201000,7.7732147645e-02,5.9698463034e+03,0.05724825,50.016690,0.04999000,50.000000
118320.000,0.01201000,7.7703178817e-02,5.9695458093e+03,0.05723901,50.016670,0.04999000,50.000000
118380.000,0.01201000,7.7674246835e-02,5.9692456753e+03,0.05722980,50.016650,0.04999000,50.000000
118440.000,0.01201000,7.7645351627e-02,5.9689459007e+03,0.05722060,50.016631,0.04999000,50.000000
118500.000,0.01201000,7.7616493124e-02,5.9686464848e+03,0.05721142,50.016611,0.04999000,50.000000
118560.000,0.01201000,7.7587671253e-02,5.9683474269e+03,0.05720225,50.016591,0.04999000,50.000000
118620.000,0.01201000,7.7558885944e-02,5.9680487266e+03,0.05719311,50.016571,0.04999000,50.000000
118680.000,0.01201000,7.7530137127e-02,5.9677503829e+03,0.05718398,50.016551,0.04999000,50.000000
118740.000,0.01201000,7.7501424731e-02,5.9674523954e+03,0.05717487,50.016531,0.04999000,50.000000
118800.000,0.01201000,7.7472748686e-02,5.9671547634e+03,0.05716577,50.016512,0.04999000,50.000000
118860.000,0.01201000,7.7444108922e-02,5.9668574862e+03,0.05715670,50.016492,0.04999000,50.000000
118920.000,0.01201000,7.7415505370e-02,5.9665605632e+03,0.05714764,50.016472,0.04999000,50.000000
118980.000,0.01201000,7.7386937959e-02,5.9662639938e+03,0.05713860,50.016453,0.04999000,50.000000
119040.000,0.01201000,7.7358406620e-02,5.9659677772e+03,0.05712958,50.016433,0.04999000,50.000000
119100.000,0.01201000,7.7329911284e-02,5.9656719129e+03,0.05712057,50.016414,0.04999000,50.000000
119160.000,0.01201000,7.7301451882e-02,5.9653764002e+03,0.05711158,50.016394,0.04999000,50.000000
119220.000,0.01201000,7.7273028344e-02,5.9650812385e+03,0.05710261,50.016375,0.04999000,50.000000
119280.000,0.01201000,7.7244640602e-02,5.9647864271e+03,0.05709365,50.016355,0.04999000,50.000000
119340.000,0.01201000,7.7216288588e-02,5.9644919655e+03,0.05708472,50.016336,0.04999000,50.000000
119400.000,0.01201000,7.7187972232e-02,5.9641978529e+03,0.05707580,50.016317,0.04999000,50.000000
119460.000,0.01201000,7.7159691467e-02,5.9639040887e+03,0.05706689,50.016297,0.04999000,50.000000
119520.000,0.01201000,7.7131446225e-02,5.9636106724e+03,0.05705801,50.016278,0.04999000,50.000000
119580.000,0.01201000,7.7103236437e-02,5.9633176032e+03,0.05704914,50.016259,0.04999000,50.000000
119640.000,0.01201000,7.7075062037e-02,5.9630248807e+03,0.05704029,50.016239,0.04999000,50.000000
119700.000,0.01201000,7.7046922955e-02,5.9627325040e+03,0.05703145,50.016220,0.04999000,50.000000
119760.000,0.01201000,7.7018819126e-02,5.9624404727e+03,0.05702263,50.016201,0.04999000,50.000000
119820.000,0.01201000,7.6990750481e-02,5.9621487860e+03,0.05701383,50.016182,0.04999000,50.000000
119880.000,0.01201000,7.6962716954e-02,5.9618574434e+03,0.05700505,50.016163,0.04999000,50.000000
119940.000,0.01201000,7.6934718477e-02,5.9615664442e+03,0.05699628,50.016144,0.04999000,50.000000
120000.000,0.01201000,7.6906754985e-02,5.9612757879e+03,0.05698753,50.016125,0.04999000,50.000000
120060.000,0.01201000,7.6878826410e-02,5.9609854738e+03,0.05697879,50.016106,0.04999000,50.000000
120120.000,0.01201000,7.6850932686e-02,5.9606955012e+03,0.05697007,50.016087,0.04999000,50.000000
120180.000,0.01201000,7.6823073747e-02,5.9604058697e+03,0.05696137,50.016068,0.04999000,50.000000
120240.000,0.01201000,7.6795249526e-02,5.9601165785e+03,0.05695269,50.016049,0.04999000,50.000000
120300.000,0.01201000,7.6767459959e-02,5.9598276271e+03,0.05694402,50.016030,0.04999000,50.000000
120360.000,0.01201000,7.6739704979e-02,5.9595390148e+03,0.05693537,50.016011,0.04999000,50.000000
120420.000,0.01201000,7.6711984520e-02,5.9592507410e+03,0.05692673,50.015993,0.04999000,50.000000
120480.000,0.01201000,7.6684298517e-02,5.9589628052e+03,0.05691811,50.015974,0.04999000,50.000000
120540.000,0.01201000,7.6656646905e-02,5.9586752067e+03,0.05690951,50.015955,0.04999000,50.000000
120600.000,0.01201000,7.6629029619e-02,5.9583879450e+03,0.05690092,50.015937,0.04999000,50.000000
120660.000,0.01201000,7.6601446594e-02,5.9581010193e+03,0.05689235,50.015918,0.04999000,50.000000
120720.000,0.01201000,7.6573897765e-02,5.9578144292e+03,0.05688379,50.015899,0.04999000,50.000000
120780.000,0.01201000,7.6546383068e-02,5.9575281740e+03,0.05687526,50.015881,0.04999000,50.000000
120840.000,0.01201000,7.6518902438e-02,5.9572422531e+03,0.05686673,50.015862,0.04999000,50.000000
120900.000,0.01201000,7.6491455810e-02,5.9569566659e+03,0.05685823,50.015844,0.04999000,50.000000
120960.000,0.01201000,7.6464043122e-02,5.9566714118e+03,0.05684974,50.015825,0.04999000,50.000000
121020.000,0.01201000,7.6436664308e-02,5.9563864903e+03,0.05684126,50.015807,0.04999000,50.000000
121080.000,0.01201000,7.6409319305e-02,5.9561019008e+03,0.05683281,50.015788,0.04999000,50.000000
121140.000,0.01201000,7.6382008049e-02,5.9558176425e+03,0.05682436,50.015770,0.04999000,50.000000
121200.000,0.01201000,7.6354730478e-02,5.9555337151e+03,0.05681594,50.015752,0.04999000,50.000000
121260.000,0.01201000,7.6327486526e-02,5.9552501178e+03,0.05680753,50.015733,0.04999000,50.000000
121320.000,0.01201000,7.6300276132e-02,5.9549668501e+03,0.05679913,50.015715,0.04999000,50.000000
121380.000,0.01201000,7.6273099233e-02,5.9546839114e+03,0.05679075,50.015697,0.04999000,50.000000
121440.000,0.01201000,7.6245955765e-02,5.9544013011e+03,0.05678239,50.015679,0.04999000,50.000000
121500.000,0.01201000,7.6218845666e-02,5.9541190186e+03,0.05677404,50.015660,0.04999000,50.000000
121560.000,0.01201000,7.6191768873e-02,5.9538370634e+03,0.05676571,50.015642,0.04999000,50.000000
121620.000,0.01201000,7.6164725324e-02,5.9535554349e+03,0.05675739,50.015624,0.04999000,50.000000
121680.000,0.01201000,7.6137714956e-02,5.9532741324e+03,0.05674909,50.015606,0.04999000,50.000000
121740.000,0.01201000,7.6110737708e-02,5.9529931555e+03,0.05674081,50.015588,0.04999000,50.000000
121800.000,0.01201000,7.6083793518e-02,5.9527125034e+03,0.05673254,50.015570,0.04999000,50.000000
121860.000,0.01201000,7.6056882323e-02,5.9524321758e+03,0.05672428,50.015552,0.04999000,50.000000
121920.000,0.01201000,7.6030004063e-02,5.9521521719e+03,0.05671605,50.015534,0.04999000,50.000000
121980.000,0.01201000,7.6003158675e-02,5.9518724913e+03,0.05670782,50.015516,0.04999000,50.000000
122040.000,0.01201000,7.5976346099e-02,5.9515931333e+03,0.05669961,50.015498,0.04999000,50.000000
122100.000,0.01201000,7.5949566273e-02,5.9513140974e+03,0.05669142,50.015480,0.04999000,50.000000
122160.000,0.01201000,7.5922819136e-02,5.9510353830e+03,0.05668324,50.015463,0.04999000,50.000000
122220.000,0.01201000,7.5896104628e-02,5.9507569895e+03,0.05667508,50.015445,0.04999000,50.000000
122280.000,0.01201000,7.5869422687e-02,5.9504789164e+03,0.05666693,50.015427,0.04999000,50.000000
122340.000,0.01201000,7.5842773253e-02,5.9502011631e+03,0.05665880,50.015409,0.04999000,50.000000
122400.000,0.01201000,7.5816156266e-02,5.9499237291e+03,0.05665069,50.015392,0.04999000,50.000000
122460.000,0.01201000,7.5789571665e-02,5.9496466137e+03,0.05664258,50.015374,0.04999000,50.000000
122520.000,0.01201000,7.5763019390e-02,5.9493698165e+03,0.05663450,50.015356,0.04999000,50.000000
122580.000,0.01201000,7.5736499382e-02,5.9490933368e+03,0.05662643,50.015339,0.04999000,50.000000
122640.000,0.01201000,7.5710011580e-02,5.9488171741e+03,0.05661837,50.015321,0.04999000,50.000000
122700.000,0.01201000,7.5683555924e-02,5.9485413279e+03,0.05661033,50.015303,0.04999000,50.000000
122760.000,0.01201000,7.5657132356e-02,5.9482657976e+03,0.05660230,50.015286,0.04999000,50.000000
122820.000,0.01201000,7.5630740816e-02,5.9479905827e+03,0.05659429,50.015268,0.04999000,50.000000
122880.000,0.01201000,7.5604381244e-02,5.9477156825e+03,0.05658629,50.015251,0.04999000,50.000000
122940.000,0.01201000,7.5578053581e-02,5.9474410965e+03,0.05657831,50.015234,0.04999000,50.000000
123000.000,0.01201000,7.5551757769e-02,5.9471668243e+03,0.05657034,50.015216,0.04999000,50.000000
123060.000,0.01201000,7.5525493748e-02,5.9468928652e+03,0.05656239,50.015199,0.04999000,50.000000
123120.000,0.01201000,7.5499261460e-02,5.9466192187e+03,0.05655445,50.015181,0.04999000,50.000000
123180.000,0.01201000,7.5473060847e-02,5.9463458842e+03,0.05654652,50.015164,0.04999000,50.000000
123240.000,0.01201000,7.5446891850e-02,5.9460728612e+03,0.05653862,50.015147,0.04999000,50.000000
123300.000,0.01201000,7.5420754410e-02,5.9458001492e+03,0.05653072,50.015130,0.04999000,50.000000
123360.000,0.01201000,7.5394648470e-02,5.9455277476e+03,0.05652284,50.015112,0.04999000,50.000000
123420.000,0.01201000,7.5368573972e-02,5.9452556558e+03,0.05651498,50.015095,0.04999000,50.000000
123480.000,0.01201000,7.5342530857e-02,5.9449838734e+03,0.05650712,50.015078,0.04999000,50.000000
123540.000,0.01201000,7.5316519069e-02,5.9447123998e+03,0.05649929,50.015061,0.04999000,50.000000
123600.000,0.01201000,7.5290538549e-02,5.9444412345e+03,0.05649146,50.015044,0.04999000,50.000000
123660.000,0.01201000,7.5264589240e-02,5.9441703769e+03,0.05648366,50.015027,0.04999000,50.000000
123720.000,0.01201000,7.5238671085e-02,5.9438998264e+03,0.05647586,50.015010,0.04999000,50.000000
123780.000,0.01201000,7.5212784027e-02,5.9436295826e+03,0.05646808,50.014993,0.04999000,50.000000
123840.000,0.01201000,7.5186928009e-02,5.9433596449e+03,0.05646032,50.014976,0.04999000,50.000000
123900.000,0.01201000,7.5161102973e-02,5.9430900129e+03,0.05645257,50.014959,0.04999000,50.000000
123960.000,0.01201000,7.5135308864e-02,5.9428206858e+03,0.05644483,50.014942,0.04999000,50.000000
124020.000,0.01201000,7.5109545625e-02,5.9425516633e+03,0.05643711,50.014925,0.04999000,50.000000
124080.000,0.01201000,7.5083813198e-02,5.9422829448e+03,0.05642940,50.014908,0.04999000,50.000000
124140.000,0.01201000,7.5058111529e-02,5.9420145298e+03,0.05642171,50.014891,0.04999000,50.000000
124200.000,0.01201000,7.5032440560e-02,5.9417464177e+03,0.05641403,50.014875,0.04999000,50.000000
124260.000,0.01200967,7.5006799451e-02,5.9414589175e+03,0.05640664,50.016920,0.04999000,50.000000
124320.000,0.01200933,7.4981186627e-02,5.9411392379e+03,0.05639945,50.018524,0.04999000,50.000000
124380.000,0.01200900,7.4955601767e-02,5.9407928869e+03,0.05639227,50.019898,0.04999000,50.000000
124440.000,0.01200867,7.4930044862e-02,5.9404233234e+03,0.05638509,50.021110,0.04999000,50.000000
124500.000,0.01200833,7.4904515945e-02,5.9400331511e+03,0.05637790,50.022192,0.04999000,50.000000
124560.000,0.01200800,7.4879015049e-02,5.9396244911e+03,0.05637071,50.023167,0.04999000,50.000000
124620.000,0.01200767,7.4853542199e-02,5.9391991526e+03,0.05636351,50.024048,0.04999000,50.000000
124680.000,0.01200733,7.4828097416e-02,5.9387587218e+03,0.05635630,50.024845,0.04999000,50.000000
124740.000,0.01200700,7.4802680715e-02,5.9383046126e+03,0.05634909,50.025569,0.04999000,50.000000
124800.000,0.01200667,7.4777292106e-02,5.9378380966e+03,0.05634188,50.026226,0.04999000,50.000000
124860.000,0.01200633,7.4751931594e-02,5.9373603238e+03,0.05633467,50.026822,0.04999000,50.000000
124920.000,0.01200600,7.4726599181e-02,5.9368723369e+03,0.05632746,50.027362,0.04999000,50.000000
124980.000,0.01200567,7.4701294865e-02,5.9363750835e+03,0.05632026,50.027853,0.04999000,50.000000
125040.000,0.01200533,7.4676018641e-02,5.9358694249e+03,0.05631305,50.028298,0.04999000,50.000000
125100.000,0.01200500,7.4650770498e-02,5.9353561445e+03,0.05630585,50.028702,0.04999000,50.000000
125160.000,0.01200467,7.4625550425e-02,5.9348359555e+03,0.05629865,50.029068,0.04999000,50.000000
125220.000,0.01200433,7.4600358407e-02,5.9343095064e+03,0.05629145,50.029399,0.04999000,50.000000
125280.000,0.01200400,7.4575194426e-02,5.9337773879e+03,0.05628426,50.029700,0.04999000,50.000000
125340.000,0.01200367,7.4550058463e-02,5.9332401372e+03,0.05627708,50.029972,0.04999000,50.000000
125400.000,0.01200333,7.4524950495e-02,5.9326982435e+03,0.05626990,50.030217,0.04999000,50.000000
125460.000,0.01200300,7.4499870497e-02,5.9321521518e+03,0.05626273,50.030440,0.04999000,50.000000
125520.000,0.01200267,7.4474818444e-02,5.9316022673e+03,0.05625557,50.030641,0.04999000,50.000000
125580.000,0.01200233,7.4449794307e-02,5.9310489586e+03,0.05624841,50.030822,0.04999000,50.000000
125640.000,0.01200200,7.4424798057e-02,5.9304925613e+03,0.05624126,50.030986,0.04999000,50.000000
125700.000,0.01200167,7.4399829662e-02,5.9299333808e+03,0.05623412,50.031133,0.04999000,50.000000
125760.000,0.01200133,7.4374889091e-02,5.9293716949e+03,0.05622699,50.031266,0.04999000,50.000000
125820.000,0.01200100,7.4349976310e-02,5.9288077566e+03,0.05621987,50.031386,0.04999000,50.000000
125880.000,0.01200067,7.4325091284e-02,5.9282417959e+03,0.05621276,50.031493,0.04999000,50.000000
125940.000,0.01200033,7.4300233977e-02,5.9276740223e+03,0.05620565,50.031589,0.04999000,50.000000
126000.000,0.01200000,7.4275404354e-02,5.9271046264e+03,0.05619856,50.031675,0.04999000,50.000000
126060.000,0.01200000,7.4250603135e-02,5.9265534732e+03,0.05619120,50.029687,0.04999000,50.000000
126120.000,0.01200000,7.4225831758e-02,5.9260335056e+03,0.05618369,50.028134,0.04999000,50.000000
126180.000,0.01200000,7.4201090438e-02,5.9255393527e+03,0.05617617,50.026803,0.04999000,50.000000
126240.000,0.01200000,7.4176379090e-02,5.9250676815e+03,0.05616869,50.025629,0.04999000,50.000000
126300.000,0.01200000,7.4151697587e-02,5.9246160036e+03,0.05616124,50.024577,0.04999000,50.000000
126360.000,0.01200000,7.4127045804e-02,5.9241823028e+03,0.05615382,50.023628,0.04999000,50.000000
126420.000,0.01200000,7.4102423620e-02,5.9237648658e+03,0.05614643,50.022768,0.04999000,50.000000
126480.000,0.01200000,7.4077830921e-02,5.9233621938e+03,0.05613907,50.021986,0.04999000,50.000000
126540.000,0.01200000,7.4053267596e-02,5.9229729527e+03,0.05613173,50.021275,0.04999000,50.000000
126600.000,0.01200000,7.4028733541e-02,5.9225959438e+03,0.05612442,50.020626,0.04999000,50.000000
126660.000,0.01200000,7.4004228656e-02,5.9222300834e+03,0.05611713,50.020035,0.04999000,50.000000
126720.000,0.01200000,7.3979752843e-02,5.9218743893e+03,0.05610987,50.019496,0.04999000,50.000000
126780.000,0.01200000,7.3955306009e-02,5.9215279696e+03,0.05610263,50.019004,0.04999000,50.000000
126840.000,0.01200000,7.3930888064e-02,5.9211900134e+03,0.05609542,50.018555,0.04999000,50.000000
126900.000,0.01200000,7.3906498921e-02,5.9208597832e+03,0.05608822,50.018145,0.04999000,50.000000
126960.000,0.01200000,7.3882138498e-02,5.9205366081e+03,0.05608105,50.017770,0.04999000,50.000000
127020.000,0.01200000,7.3857806711e-02,5.9202198777e+03,0.05607389,50.017428,0.04999000,50.000000
127080.000,0.01200000,7.3833503484e-02,5.9199090365e+03,0.05606676,50.017115,0.04999000,50.000000
127140.000,0.01200000,7.3809228741e-02,5.9196035791e+03,0.05605964,50.016829,0.04999000,50.000000
127200.000,0.01200000,7.3784982406e-02,5.9193030453e+03,0.05605254,50.016568,0.04999000,50.000000
127260.000,0.01200000,7.3760764410e-02,5.9190070166e+03,0.05604546,50.016328,0.04999000,50.000000
127320.000,0.01200000,7.3736574681e-02,5.9187151118e+03,0.05603840,50.016109,0.04999000,50.000000
127380.000,0.01200000,7.3712413153e-02,5.9184269842e+03,0.05603135,50.015908,0.04999000,50.000000
127440.000,0.01200000,7.3688279758e-02,5.9181423183e+03,0.05602432,50.015724,0.04999000,50.000000
127500.000,0.01200000,7.3664174432e-02,5.9178608268e+03,0.05601731,50.015555,0.04999000,50.000000
127560.000,0.01200000,7.3640097111e-02,5.9175822483e+03,0.05601031,50.015400,0.04999000,50.000000
127620.000,0.01200000,7.3616047734e-02,5.9173063448e+03,0.05600332,50.015258,0.04999000,50.000000
127680.000,0.01200000,7.3592026239e-02,5.9170328999e+03,0.05599635,50.015127,0.04999000,50.000000
127740.000,0.01200000,7.3568032567e-02,5.9167617164e+03,0.05598940,50.015007,0.04999000,50.000000
127800.000,0.01200000,7.3544066659e-02,5.9164926150e+03,0.05598246,50.014896,0.04999000,50.000000
127860.000,0.01200000,7.3520128456e-02,5.9162254323e+03,0.05597554,50.014793,0.04999000,50.000000
127920.000,0.01200000,7.3496217902e-02,5.9159600197e+03,0.05596863,50.014699,0.04999000,50.000000
127980.000,0.01200000,7.3472334941e-02,5.9156962420e+03,0.05596173,50.014611,0.04999000,50.000000
128040.000,0.01200000,7.3448479518e-02,5.9154339761e+03,0.05595485,50.014531,0.04999000,50.000000
128100.000,0.01200000,7.3424651577e-02,5.9151731097e+03,0.05594798,50.014456,0.04999000,50.000000
128160.000,0.01200000,7.3400851065e-02,5.9149135410e+03,0.05594112,50.014386,0.04999000,50.000000
128220.000,0.01200000,7.3377077928e-02,5.9146551769e+03,0.05593428,50.014322,0.04999000,50.000000
128280.000,0.01200000,7.3353332113e-02,5.9143979330e+03,0.05592745,50.014262,0.04999000,50.000000
128340.000,0.01200000,7.3329613568e-02,5.9141417321e+03,0.05592064,50.014206,0.04999000,50.000000
128400.000,0.01200000,7.3305922241e-02,5.9138865044e+03,0.05591383,50.014154,0.04999000,50.000000
128460.000,0.01200000,7.3282258081e-02,5.9136321858e+03,0.05590704,50.014105,0.04999000,50.000000
128520.000,0.01200000,7.3258621036e-02,5.9133787183e+03,0.05590027,50.014059,0.04999000,50.000000
128580.000,0.01200000,7.3235011056e-02,5.9131260489e+03,0.05589350,50.014016,0.04999000,50.000000
128640.000,0.01200000,7.3211428090e-02,5.9128741296e+03,0.05588675,50.013976,0.04999000,50.000000
128700.000,0.01200000,7.3187872089e-02,5.9126229163e+03,0.05588001,50.013938,0.04999000,50.000000
128760.000,0.01200000,7.3164343004e-02,5.9123723690e+03,0.05587328,50.013902,0.04999000,50.000000
128820.000,0.01200000,7.3140840784e-02,5.9121224515e+03,0.05586657,50.013868,0.04999000,50.000000
128880.000,0.01200000,7.3117365381e-02,5.9118731304e+03,0.05585986,50.013835,0.04999000,50.000000
128940.000,0.01200000,7.3093916747e-02,5.9116243756e+03,0.05585317,50.013805,0.04999000,50.000000
129000.000,0.01200000,7.3070494832e-02,5.9113761595e+03,0.05584649,50.013775,0.04999000,50.000000
129060.000,0.01200000,7.3047099589e-02,5.9111284570e+03,0.05583983,50.013748,0.04999000,50.000000
129120.000,0.01200000,7.3023730970e-02,5.9108812452e+03,0.05583317,50.013721,0.04999000,50.000000
129180.000,0.01200000,7.3000388926e-02,5.9106345033e+03,0.05582653,50.013695,0.04999000,50.000000
129240.000,0.01200000,7.2977073411e-02,5.9103882123e+03,0.05581990,50.013671,0.04999000,50.000000
129300.000,0.01200000,7.2953784377e-02,5.9101423548e+03,0.05581328,50.013647,0.04999000,50.000000
129360.000,0.01200000,7.2930521777e-02,5.9098969150e+03,0.05580667,50.013624,0.04999000,50.000000
129420.000,0.01200000,7.2907285564e-02,5.9096518784e+03,0.05580007,50.013602,0.04999000,50.000000
129480.000,0.01200000,7.2884075691e-02,5.9094072319e+03,0.05579349,50.013581,0.04999000,50.000000
129540.000,0.01200000,7.2860892113e-02,5.9091629635e+03,0.05578692,50.013560,0.04999000,50.000000
129600.000,0.01200000,7.2837734781e-02,5.9089190622e+03,0.05578036,50.013540,0.04999000,50.000000
129660.000,0.01200000,7.2814603650e-02,5.9086755179e+03,0.05577381,50.013521,0.04999000,50.000000
129720.000,0.01200000,7.2791498675e-02,5.9084323215e+03,0.05576727,50.013502,0.04999000,50.000000
129780.000,0.01200000,7.2768419808e-02,5.9081894647e+03,0.05576074,50.013483,0.04999000,50.000000
129840.000,0.01200000,7.2745367005e-02,5.9079469398e+03,0.05575423,50.013465,0.04999000,50.000000
129900.000,0.01200000,7.2722340220e-02,5.9077047397e+03,0.05574772,50.013447,0.04999000,50.000000
129960.000,0.01200000,7.2699339407e-02,5.9074628581e+03,0.05574123,50.013429,0.04999000,50.000000
130020.000,0.01200000,7.2676364520e-02,5.9072212891e+03,0.05573475,50.013412,0.04999000,50.000000
130080.000,0.01200000,7.2653415515e-02,5.9069800273e+03,0.05572828,50.013395,0.04999000,50.000000
130140.000,0.01200000,7.2630492346e-02,5.9067390678e+03,0.05572182,50.013379,0.04999000,50.000000
130200.000,0.01200000,7.2607594969e-02,5.9064984060e+03,0.05571538,50.013362,0.04999000,50.000000
130260.000,0.01200000,7.2584723339e-02,5.9062580379e+03,0.05570894,50.013346,0.04999000,50.000000
130320.000,0.01200000,7.2561877410e-02,5.9060179595e+03,0.05570252,50.013330,0.04999000,50.000000
130380.000,0.01200000,7.2539057139e-02,5.9057781674e+03,0.05569610,50.013314,0.04999000,50.000000
130440.000,0.01200000,7.2516262481e-02,5.9055386584e+03,0.05568970,50.013298,0.04999000,50.000000
130500.000,0.01200000,7.2493493391e-02,5.9052994295e+03,0.05568331,50.013283,0.04999000,50.000000
130560.000,0.01200000,7.2470749826e-02,5.9050604778e+03,0.05567693,50.013268,0.04999000,50.000000
130620.000,0.01200000,7.2448031740e-02,5.9048218010e+03,0.05567056,50.013252,0.04999000,50.000000
130680.000,0.01200000,7.2425339091e-02,5.9045833967e+03,0.05566420,50.013237,0.04999000,50.000000
130740.000,0.01200000,7.2402671834e-02,5.9043452626e+03,0.05565785,50.013222,0.04999000,50.000000
130800.000,0.01200000,7.2380029925e-02,5.9041073968e+03,0.05565152,50.013208,0.04999000,50.000000
130860.000,0.01200000,7.2357413321e-02,5.9038697974e+03,0.05564519,50.013193,0.04999000,50.000000
130920.000,0.01200000,7.2334821978e-02,5.9036324627e+03,0.05563888,50.013178,0.04999000,50.000000
130980.000,0.01200000,7.2312255853e-02,5.9033953911e+03,0.05563257,50.013164,0.04999000,50.000000
131040.000,0.01200000,7.2289714902e-02,5.9031585811e+03,0.05562628,50.013149,0.04999000,50.000000
131100.000,0.01200000,7.2267199082e-02,5.9029220312e+03,0.05562000,50.013135,0.04999000,50.000000
131160.000,0.01200000,7.2244708350e-02,5.9026857401e+03,0.05561373,50.013120,0.04999000,50.000000
131220.000,0.01200000,7.2222242663e-02,5.9024497067e+03,0.05560747,50.013106,0.04999000,50.000000
131280.000,0.01200000,7.2199801978e-02,5.9022139298e+03,0.05560122,50.013092,0.04999000,50.000000
131340.000,0.01200000,7.2177386252e-02,5.9019784083e+03,0.05559498,50.013078,0.04999000,50.000000
131400.000,0.01200000,7.2154995443e-02,5.9017431411e+03,0.05558875,50.013064,0.04999000,50.000000
131460.000,0.01200000,7.2132629507e-02,5.9015081273e+03,0.05558253,50.013049,0.04999000,50.000000
131520.000,0.01200000,7.2110288402e-02,5.9012733659e+03,0.05557633,50.013035,0.04999000,50.000000
131580.000,0.01200000,7.2087972086e-02,5.9010388562e+03,0.05557013,50.013022,0.04999000,50.000000
131640.000,0.01200000,7.2065680516e-02,5.9008045972e+03,0.05556394,50.013008,0.04999000,50.000000
131700.000,0.01200000,7.2043413651e-02,5.9005705883e+03,0.05555777,50.012994,0.04999000,50.000000
131760.000,0.01200000,7.2021171447e-02,5.9003368286e+03,0.05555160,50.012980,0.04999000,50.000000
131820.000,0.01200000,7.1998953864e-02,5.9001033174e+03,0.05554545,50.012966,0.04999000,50.000000
131880.000,0.01200000,7.1976760858e-02,5.8998700540e+03,0.05553930,50.012952,0.04999000,50.000000
131940.000,0.01200000,7.1954592389e-02,5.8996370378e+03,0.05553317,50.012939,0.04999000,50.000000
132000.000,0.01200000,7.1932448414e-02,5.8994042682e+03,0.05552705,50.012925,0.04999000,50.000000
132060.000,0.01200000,7.1910328892e-02,5.8991717444e+03,0.05552094,50.012911,0.04999000,50.000000
132120.000,0.01200000,7.1888233781e-02,5.8989394660e+03,0.05551483,50.012898,0.04999000,50.000000
132180.000,0.01200000,7.1866163040e-02,5.8987074324e+03,0.05550874,50.012884,0.04999000,50.000000
132240.000,0.01200000,7.1844116627e-02,5.8984756429e+03,0.05550266,50.012871,0.04999000,50.000000
132300.000,0.01200000,7.1822094502e-02,5.8982440971e+03,0.05549659,50.012857,0.04999000,50.000000
132360.000,0.01200000,7.1800096622e-02,5.8980127944e+03,0.05549053,50.012844,0.04999000,50.000000
132420.000,0.01200000,7.1778122947e-02,5.8977817343e+03,0.05548448,50.012830,0.04999000,50.000000
132480.000,0.01200000,7.1756173436e-02,5.8975509164e+03,0.05547844,50.012817,0.04999000,50.000000
132540.000,0.01200000,7.1734248048e-02,5.8973203400e+03,0.05547241,50.012803,0.04999000,50.000000
132600.000,0.01200000,7.1712346742e-02,5.8970900048e+03,0.05546639,50.012790,0.04999000,50.000000
132660.000,0.01200000,7.1690469477e-02,5.8968599103e+03,0.05546038,50.012777,0.04999000,50.000000
132720.000,0.01200000,7.1668616213e-02,5.8966300560e+03,0.05545438,50.012763,0.04999000,50.000000
132780.000,0.01200000,7.1646786910e-02,5.8964004414e+03,0.05544839,50.012750,0.04999000,50.000000
132840.000,0.01200000,7.1624981526e-02,5.8961710661e+03,0.05544241,50.012737,0.04999000,50.000000
132900.000,0.01200000,7.1603200022e-02,5.8959419296e+03,0.05543644,50.012723,0.04999000,50.000000
132960.000,0.01200000,7.1581442357e-02,5.8957130316e+03,0.05543048,50.012710,0.04999000,50.000000
133020.000,0.01200000,7.1559708491e-02,5.8954843716e+03,0.05542453,50.012697,0.04999000,50.000000
133080.000,0.01200000,7.1537998384e-02,5.8952559491e+03,0.05541859,50.012684,0.04999000,50.000000
133140.000,0.01200000,7.1516311996e-02,5.8950277638e+03,0.05541266,50.012671,0.04999000,50.000000
133200.000,0.01200000,7.1494649287e-02,5.8947998152e+03,0.05540674,50.012657,0.04999000,50.000000
133260.000,0.01200000,7.1473010217e-02,5.8945721029e+03,0.05540083,50.012644,0.04999000,50.000000
133320.000,0.01200000,7.1451394747e-02,5.8943446266e+03,0.05539494,50.012631,0.04999000,50.000000
133380.000,0.01200000,7.1429802837e-02,5.8941173857e+03,0.05538905,50.012618,0.04999000,50.000000
133440.000,0.01200000,7.1408234447e-02,5.8938903800e+03,0.05538317,50.012605,0.04999000,50.000000
133500.000,0.01200000,7.1386689538e-02,5.8936636090e+03,0.05537730,50.012592,0.04999000,50.000000
133560.000,0.01200000,7.1365168071e-02,5.8934370722e+03,0.05537144,50.012579,0.04999000,50.000000
133620.000,0.01200000,7.1343670006e-02,5.8932107694e+03,0.05536559,50.012566,0.04999000,50.000000
133680.000,0.01200000,7.1322195304e-02,5.8929847002e+03,0.05535975,50.012553,0.04999000,50.000000
133740.000,0.01200000,7.1300743927e-02,5.8927588640e+03,0.05535392,50.012540,0.04999000,50.000000
133800.000,0.01200000,7.1279315834e-02,5.8925332607e+03,0.05534810,50.012527,0.04999000,50.000000
133860.000,0.01200000,7.1257910987e-02,5.8923078897e+03,0.05534228,50.012514,0.04999000,50.000000
133920.000,0.01200000,7.1236529347e-02,5.8920827507e+03,0.05533648,50.012501,0.04999000,50.000000
133980.000,0.01200000,7.1215170876e-02,5.8918578433e+03,0.05533069,50.012489,0.04999000,50.000000
134040.000,0.01200000,7.1193835535e-02,5.8916331671e+03,0.05532491,50.012476,0.04999000,50.000000
134100.000,0.01200000,7.1172523285e-02,5.8914087218e+03,0.05531914,50.012463,0.04999000,50.000000
134160.000,0.01200000,7.1151234088e-02,5.8911845070e+03,0.05531338,50.012450,0.04999000,50.000000
134220.000,0.01200000,7.1129967905e-02,5.8909605223e+03,0.05530762,50.012437,0.04999000,50.000000
134280.000,0.01200000,7.1108724698e-02,5.8907367673e+03,0.05530188,50.012425,0.04999000,50.000000
134340.000,0.01200000,7.1087504429e-02,5.8905132418e+03,0.05529614,50.012412,0.04999000,50.000000
134400.000,0.01200000,7.1066307059e-02,5.8902899452e+03,0.05529042,50.012399,0.04999000,50.000000
134460.000,0.01200000,7.1045132551e-02,5.8900668772e+03,0.05528471,50.012386,0.04999000,50.000000
134520.000,0.01200000,7.1023980866e-02,5.8898440375e+03,0.05527900,50.012374,0.04999000,50.000000
134580.000,0.01200000,7.1002851967e-02,5.8896214257e+03,0.05527330,50.012361,0.04999000,50.000000
134640.000,0.01200000,7.0981745816e-02,5.8893990415e+03,0.05526762,50.012349,0.04999000,50.000000
134700.000,0.01200000,7.0960662375e-02,5.8891768844e+03,0.05526194,50.012336,0.04999000,50.000000
134760.000,0.01200000,7.0939601606e-02,5.8889549542e+03,0.05525627,50.012323,0.04999000,50.000000
134820.000,0.01200000,7.0918563472e-02,5.8887332504e+03,0.05525061,50.012311,0.04999000,50.000000
134880.000,0.01200000,7.0897547936e-02,5.8885117726e+03,0.05524497,50.012298,0.04999000,50.000000
134940.000,0.01200000,7.0876554959e-02,5.8882905207e+03,0.05523933,50.012286,0.04999000,50.000000
135000.000,0.01200000,7.0855584505e-02,5.8880694940e+03,0.05523370,50.012273,0.04999000,50.000000
135060.000,0.01200000,7.0834636537e-02,5.8878486925e+03,0.05522808,50.012261,0.04999000,50.000000
135120.000,0.01200000,7.0813711016e-02,5.8876281155e+03,0.05522246,50.012248,0.04999000,50.000000
135180.000,0.01200000,7.0792807907e-02,5.8874077629e+03,0.05521686,50.012236,0.04999000,50.000000
135240.000,0.01200000,7.0771927172e-02,5.8871876342e+03,0.05521127,50.012223,0.04999000,50.000000
135300.000,0.01200000,7.0751068774e-02,5.8869677291e+03,0.05520568,50.012211,0.04999000,50.000000
135360.000,0.01200000,7.0730232677e-02,5.8867480473e+03,0.05520011,50.012199,0.04999000,50.000000
135420.000,0.01200000,7.0709418843e-02,5.8865285884e+03,0.05519454,50.012186,0.04999000,50.000000
135480.000,0.01200000,7.0688627236e-02,5.8863093520e+03,0.05518899,50.012174,0.04999000,50.000000
135540.000,0.01200000,7.0667857820e-02,5.8860903378e+03,0.05518344,50.012161,0.04999000,50.000000
135600.000,0.01200000,7.0647110557e-02,5.8858715454e+03,0.05517790,50.012149,0.04999000,50.000000
135660.000,0.01200000,7.0626385412e-02,5.8856529746e+03,0.05517237,50.012137,0.04999000,50.000000
135720.000,0.01200000,7.0605682348e-02,5.8854346248e+03,0.05516685,50.012125,0.04999000,50.000000
135780.000,0.01200000,7.0585001329e-02,5.8852164959e+03,0.05516134,50.012112,0.04999000,50.000000
135840.000,0.01200000,7.0564342318e-02,5.8849985875e+03,0.05515584,50.012100,0.04999000,50.000000
135900.000,0.01200000,7.0543705280e-02,5.8847808991e+03,0.05515035,50.012088,0.04999000,50.000000
135960.000,0.01200000,7.0523090178e-02,5.8845634305e+03,0.05514487,50.012076,0.04999000,50.000000
136020.000,0.01200000,7.0502496977e-02,5.8843461813e+03,0.05513939,50.012063,0.04999000,50.000000
136080.000,0.01200000,7.0481925640e-02,5.8841291512e+03,0.05513392,50.012051,0.04999000,50.000000
136140.000,0.01200000,7.0461376132e-02,5.8839123399e+03,0.05512847,50.012039,0.04999000,50.000000
136200.000,0.01200000,7.0440848418e-02,5.8836957469e+03,0.05512302,50.012027,0.04999000,50.000000
136260.000,0.01200000,7.0420342460e-02,5.8834793720e+03,0.05511758,50.012015,0.04999000,50.000000
136320.000,0.01200000,7.0399858225e-02,5.8832632148e+03,0.05511215,50.012003,0.04999000,50.000000
136380.000,0.01200000,7.0379395676e-02,5.8830472750e+03,0.05510673,50.011991,0.04999000,50.000000
136440.000,0.01200000,7.0358954778e-02,5.8828315522e+03,0.05510132,50.011979,0.04999000,50.000000
136500.000,0.01200000,7.0338535495e-02,5.8826160461e+03,0.05509591,50.011967,0.04999000,50.000000
136560.000,0.01200000,7.0318137793e-02,5.8824007563e+03,0.05509052,50.011955,0.04999000,50.000000
136620.000,0.01200000,7.0297761636e-02,5.8821856826e+03,0.05508513,50.011943,0.04999000,50.000000
136680.000,0.01200000,7.0277406989e-02,5.8819708245e+03,0.05507976,50.011931,0.04999000,50.000000
136740.000,0.01200000,7.0257073817e-02,5.8817561818e+03,0.05507439,50.011919,0.04999000,50.000000
136800.000,0.01200000,7.0236762085e-02,5.8815417542e+03,0.05506903,50.011907,0.04999000,50.000000
136860.000,0.01200000,7.0216471759e-02,5.8813275412e+03,0.05506368,50.011895,0.04999000,50.000000
136920.000,0.01200000,7.0196202802e-02,5.8811135425e+03,0.05505834,50.011883,0.04999000,50.000000
136980.000,0.01200000,7.0175955182e-02,5.8808997579e+03,0.05505300,50.011871,0.04999000,50.000000
137040.000,0.01200000,7.0155728862e-02,5.8806861870e+03,0.05504768,50.011859,0.04999000,50.000000
137100.000,0.01200000,7.0135523809e-02,5.8804728294e+03,0.05504236,50.011847,0.04999000,50.000000
137160.000,0.01200000,7.0115339987e-02,5.8802596848e+03,0.05503705,50.011836,0.04999000,50.000000
137220.000,0.01200000,7.0095177363e-02,5.8800467529e+03,0.05503175,50.011824,0.04999000,50.000000
137280.000,0.01200000,7.0075035903e-02,5.8798340334e+03,0.05502646,50.011812,0.04999000,50.000000
137340.000,0.01200000,7.0054915571e-02,5.8796215260e+03,0.05502118,50.011800,0.04999000,50.000000
137400.000,0.01200000,7.0034816333e-02,5.8794092302e+03,0.05501591,50.011788,0.04999000,50.000000
137460.000,0.01200000,7.0014738156e-02,5.8791971458e+03,0.05501064,50.011777,0.04999000,50.000000
137520.000,0.01200000,6.9994681006e-02,5.8789852725e+03,0.05500539,50.011765,0.04999000,50.000000
137580.000,0.01200000,6.9974644848e-02,5.8787736099e+03,0.05500014,50.011753,0.04999000,50.000000
137640.000,0.01200000,6.9954629648e-02,5.8785621577e+03,0.05499490,50.011742,0.04999000,50.000000
137700.000,0.01200000,6.9934635373e-02,5.8783509156e+03,0.05498967,50.011730,0.04999000,50.000000
137760.000,0.01200000,6.9914661989e-02,5.8781398833e+03,0.05498445,50.011718,0.04999000,50.000000
137820.000,0.01200000,6.9894709462e-02,5.8779290604e+03,0.05497923,50.011707,0.04999000,50.000000
137880.000,0.01200000,6.9874777759e-02,5.8777184466e+03,0.05497403,50.011695,0.04999000,50.000000
137940.000,0.01200000,6.9854866845e-02,5.8775080416e+03,0.05496883,50.011684,0.04999000,50.000000
138000.000,0.01200000,6.9834976688e-02,5.8772978450e+03,0.05496364,50.011672,0.04999000,50.000000
138060.000,0.01200000,6.9815107255e-02,5.8770878566e+03,0.05495846,50.011660,0.04999000,50.000000
138120.000,0.01200000,6.9795258511e-02,5.8768780761e+03,0.05495329,50.011649,0.04999000,50.000000
138180.000,0.01200000,6.9775430423e-02,5.8766685030e+03,0.05494813,50.011637,0.04999000,50.000000
138240.000,0.01200000,6.9755622959e-02,5.8764591372e+03,0.05494297,50.011626,0.04999000,50.000000
138300.000,0.01200000,6.9735836085e-02,5.8762499782e+03,0.05493782,50.011614,0.04999000,50.000000
138360.000,0.01200000,6.9716069768e-02,5.8760410258e+03,0.05493268,50.011603,0.04999000,50.000000
138420.000,0.01200000,6.9696323975e-02,5.8758322796e+03,0.05492755,50.011591,0.04999000,50.000000
138480.000,0.01200000,6.9676598673e-02,5.8756237394e+03,0.05492243,50.011580,0.04999000,50.000000
138540.000,0.01200000,6.9656893830e-02,5.8754154048e+03,0.05491732,50.011569,0.04999000,50.000000
138600.000,0.01200000,6.9637209412e-02,5.8752072754e+03,0.05491221,50.011557,0.04999000,50.000000
138660.000,0.01200000,6.9617545387e-02,5.8749993511e+03,0.05490711,50.011546,0.04999000,50.000000
138720.000,0.01200000,6.9597901723e-02,5.8747916314e+03,0.05490202,50.011534,0.04999000,50.000000
138780.000,0.01200000,6.9578278386e-02,5.8745841161e+03,0.05489694,50.011523,0.04999000,50.000000
138840.000,0.01200000,6.9558675344e-02,5.8743768048e+03,0.05489187,50.011512,0.04999000,50.000000
138900.000,0.01200000,6.9539092565e-02,5.8741696972e+03,0.05488680,50.011500,0.04999000,50.000000
138960.000,0.01200000,6.9519530016e-02,5.8739627931e+03,0.05488174,50.011489,0.04999000,50.000000
139020.000,0.01200000,6.9499987665e-02,5.8737560921e+03,0.05487670,50.011478,0.04999000,50.000000
139080.000,0.01200000,6.9480465480e-02,5.8735495939e+03,0.05487165,50.011467,0.04999000,50.000000
139140.000,0.01200000,6.9460963429e-02,5.8733432982e+03,0.05486662,50.011455,0.04999000,50.000000
139200.000,0.01200000,6.9441481480e-02,5.8731372047e+03,0.05486160,50.011444,0.04999000,50.000000
139260.000,0.01200000,6.9422019600e-02,5.8729313131e+03,0.05485658,50.011433,0.04999000,50.000000
139320.000,0.01200000,6.9402577758e-02,5.8727256230e+03,0.05485157,50.011422,0.04999000,50.000000
139380.000,0.01200000,6.9383155921e-02,5.8725201342e+03,0.05484657,50.011411,0.04999000,50.000000
139440.000,0.01200000,6.9363754059e-02,5.8723148464e+03,0.05484158,50.011399,0.04999000,50.000000
139500.000,0.01200000,6.9344372138e-02,5.8721097592e+03,0.05483659,50.011388,0.04999000,50.000000
139560.000,0.01200000,6.9325010129e-02,5.8719048724e+03,0.05483161,50.011377,0.04999000,50.000000
139620.000,0.01200000,6.9305667998e-02,5.8717001856e+03,0.05482664,50.011366,0.04999000,50.000000
139680.000,0.01200000,6.9286345714e-02,5.8714956986e+03,0.05482168,50.011355,0.04999000,50.000000
139740.000,0.01200000,6.9267043246e-02,5.8712914110e+03,0.05481673,50.011344,0.04999000,50.000000
139800.000,0.01200000,6.9247760563e-02,5.8710873225e+03,0.05481178,50.011333,0.04999000,50.000000
139860.000,0.01200000,6.9228497633e-02,5.8708834329e+03,0.05480684,50.011322,0.04999000,50.000000
139920.000,0.01200000,6.9209254425e-02,5.8706797419e+03,0.05480191,50.011311,0.04999000,50.000000
139980.000,0.01200000,6.9190030907e-02,5.8704762490e+03,0.05479699,50.011300,0.04999000,50.000000
140040.000,0.01200000,6.9170827049e-02,5.8702729542e+03,0.05479208,50.011289,0.04999000,50.000000
140100.000,0.01200000,6.9151642819e-02,5.8700698569e+03,0.05478717,50.011278,0.04999000,50.000000
140160.000,0.01200000,6.9132478186e-02,5.8698669570e+03,0.05478227,50.011267,0.04999000,50.000000
140220.000,0.01200000,6.9113333120e-02,5.8696642542e+03,0.05477738,50.011256,0.04999000,50.000000
140280.000,0.01200000,6.9094207589e-02,5.8694617480e+03,0.05477250,50.011245,0.04999000,50.000000
140340.000,0.01200000,6.9075101563e-02,5.8692594384e+03,0.05476762,50.011234,0.04999000,50.000000
140400.000,0.01200000,6.9056015011e-02,5.8690573249e+03,0.05476275,50.011223,0.04999000,50.000000
140460.000,0.01200000,6.9036947902e-02,5.8688554072e+03,0.05475789,50.011212,0.04999000,50.000000
140520.000,0.01200000,6.9017900206e-02,5.8686536852e+03,0.05475304,50.011202,0.04999000,50.000000
140580.000,0.01200000,6.8998871892e-02,5.8684521584e+03,0.05474819,50.011191,0.04999000,50.000000
140640.000,0.01200000,6.8979862929e-02,5.8682508265e+03,0.05474335,50.011180,0.04999000,50.000000
140700.000,0.01200000,6.8960873287e-02,5.8680496894e+03,0.05473852,50.011169,0.04999000,50.000000
140760.000,0.01200000,6.8941902936e-02,5.8678487466e+03,0.05473370,50.011158,0.04999000,50.000000
140820.000,0.01200000,6.8922951846e-02,5.8676479980e+03,0.05472889,50.011147,0.04999000,50.000000
140880.000,0.01200000,6.8904019985e-02,5.8674474431e+03,0.05472408,50.011137,0.04999000,50.000000
140940.000,0.01200000,6.8885107324e-02,5.8672470818e+03,0.05471928,50.011126,0.04999000,50.000000
141000.000,0.01200000,6.8866213834e-02,5.8670469137e+03,0.05471449,50.011115,0.04999000,50.000000
141060.000,0.01200000,6.8847339483e-02,5.8668469386e+03,0.05470970,50.011105,0.04999000,50.000000
141120.000,0.01200000,6.8828484241e-02,5.8666471561e+03,0.05470493,50.011094,0.04999000,50.000000
141180.000,0.01200000,6.8809648080e-02,5.8664475659e+03,0.05470016,50.011083,0.04999000,50.000000
141240.000,0.01200000,6.8790830968e-02,5.8662481679e+03,0.05469539,50.011072,0.04999000,50.000000
141300.000,0.01200000,6.8772032877e-02,5.8660489616e+03,0.05469064,50.011062,0.04999000,50.000000
141360.000,0.01200000,6.8753253776e-02,5.8658499468e+03,0.05468589,50.011051,0.04999000,50.000000
141420.000,0.01200000,6.8734493636e-02,5.8656511232e+03,0.05468115,50.011041,0.04999000,50.000000
141480.000,0.01200000,6.8715752427e-02,5.8654524906e+03,0.05467642,50.011030,0.04999000,50.000000
141540.000,0.01200000,6.8697030119e-02,5.8652540486e+03,0.05467169,50.011019,0.04999000,50.000000
141600.000,0.01200000,6.8678326683e-02,5.8650557969e+03,0.05466698,50.011009,0.04999000,50.000000
141660.000,0.01200000,6.8659642090e-02,5.8648577354e+03,0.05466227,50.010998,0.04999000,50.000000
141720.000,0.01200000,6.8640976310e-02,5.8646598636e+03,0.05465756,50.010988,0.04999000,50.000000
141780.000,0.01200000,6.8622329314e-02,5.8644621814e+03,0.05465287,50.010977,0.04999000,50.000000
141840.000,0.01200000,6.8603701072e-02,5.8642646883e+03,0.05464818,50.010967,0.04999000,50.000000
141900.000,0.01200000,6.8585091556e-02,5.8640673843e+03,0.05464350,50.010956,0.04999000,50.000000
141960.000,0.01200000,6.8566500737e-02,5.8638702688e+03,0.05463882,50.010946,0.04999000,50.000000
142020.000,0.01200000,6.8547928584e-02,5.8636733418e+03,0.05463416,50.010935,0.04999000,50.000000
142080.000,0.01200000,6.8529375070e-02,5.8634766029e+03,0.05462950,50.010925,0.04999000,50.000000
142140.000,0.01200000,6.8510840164e-02,5.8632800518e+03,0.05462485,50.010914,0.04999000,50.000000
142200.000,0.01200000,6.8492323839e-02,5.8630836882e+03,0.05462020,50.010904,0.04999000,50.000000
142260.000,0.01200000,6.8473826066e-02,5.8628875119e+03,0.05461556,50.010894,0.04999000,50.000000
142320.000,0.01200000,6.8455346815e-02,5.8626915226e+03,0.05461093,50.010883,0.04999000,50.000000
142380.000,0.01200000,6.8436886059e-02,5.8624957201e+03,0.05460631,50.010873,0.04999000,50.000000
142440.000,0.01200000,6.8418443767e-02,5.8623001039e+03,0.05460169,50.010863,0.04999000,50.000000
142500.000,0.01200000,6.8400019912e-02,5.8621046739e+03,0.05459708,50.010852,0.04999000,50.000000
142560.000,0.01200000,6.8381614466e-02,5.8619094298e+03,0.05459248,50.010842,0.04999000,50.000000
142620.000,0.01200000,6.8363227399e-02,5.8617143714e+03,0.05458789,50.010832,0.04999000,50.000000
142680.000,0.01200000,6.8344858684e-02,5.8615194982e+03,0.05458330,50.010821,0.04999000,50.000000
142740.000,0.01200000,6.8326508291e-02,5.8613248101e+03,0.05457872,50.010811,0.04999000,50.000000
142800.000,0.01200000,6.8308176193e-02,5.8611303068e+03,0.05457414,50.010801,0.04999000,50.000000
142860.000,0.01200000,6.8289862361e-02,5.8609359880e+03,0.05456958,50.010791,0.04999000,50.000000
142920.000,0.01200000,6.8271566768e-02,5.8607418535e+03,0.05456502,50.010780,0.04999000,50.000000
142980.000,0.01200000,6.8253289384e-02,5.8605479030e+03,0.05456047,50.010770,0.04999000,50.000000
143040.000,0.01200000,6.8235030183e-02,5.8603541361e+03,0.05455592,50.010760,0.04999000,50.000000
143100.000,0.01200000,6.8216789135e-02,5.8601605527e+03,0.05455138,50.010750,0.04999000,50.000000
143160.000,0.01200000,6.8198566214e-02,5.8599671524e+03,0.05454685,50.010740,0.04999000,50.000000
143220.000,0.01200000,6.8180361390e-02,5.8597739350e+03,0.05454233,50.010729,0.04999000,50.000000
143280.000,0.01200000,6.8162174637e-02,5.8595809003e+03,0.05453781,50.010719,0.04999000,50.000000
143340.000,0.01200000,6.8144005926e-02,5.8593880479e+03,0.05453330,50.010709,0.04999000,50.000000
143400.000,0.01200000,6.8125855230e-02,5.8591953776e+03,0.05452880,50.010699,0.04999000,50.000000
143460.000,0.01200000,6.8107722521e-02,5.8590028891e+03,0.05452430,50.010689,0.04999000,50.000000
143520.000,0.01200000,6.8089607771e-02,5.8588105821e+03,0.05451981,50.010679,0.04999000,50.000000
143580.000,0.01200000,6.8071510953e-02,5.8586184565e+03,0.05451533,50.010669,0.04999000,50.000000
143640.000,0.01200000,6.8053432039e-02,5.8584265118e+03,0.05451085,50.010659,0.04999000,50.000000
143700.000,0.01200000,6.8035371003e-02,5.8582347479e+03,0.05450638,50.010649,0.04999000,50.000000
143760.000,0.01200000,6.8017327815e-02,5.8580431645e+03,0.05450192,50.010639,0.04999000,50.000000
143820.000,0.01200000,6.7999302450e-02,5.8578517614e+03,0.05449746,50.010629,0.04999000,50.000000
143880.000,0.01200000,6.7981294880e-02,5.8576605381e+03,0.05449302,50.010619,0.04999000,50.000000
143940.000,0.01200000,6.7963305078e-02,5.8574694946e+03,0.05448857,50.010609,0.04999000,50.000000
144000.000,0.01200000,6.7945333016e-02,5.8572786306e+03,0.05448414,50.010599,0.04999000,50.000000
144060.000,0.01200000,6.7927378667e-02,5.8570879456e+03,0.05447971,50.010589,0.04999000,50.000000
144120.000,0.01200000,6.7909442005e-02,5.8568974396e+03,0.05447529,50.010579,0.04999000,50.000000
144180.000,0.01200000,6.7891523002e-02,5.8567071123e+03,0.05447087,50.010569,0.04999000,50.000000
144240.000,0.01200000,6.7873621631e-02,5.8565169633e+03,0.05446647,50.010559,0.04999000,50.000000
144300.000,0.01200000,6.7855737866e-02,5.8563269925e+03,0.05446206,50.010549,0.04999000,50.000000
144360.000,0.01200000,6.7837871679e-02,5.8561371995e+03,0.05445767,50.010539,0.04999000,50.000000
144420.000,0.01200000,6.7820023044e-02,5.8559475842e+03,0.05445328,50.010529,0.04999000,50.000000
144480.000,0.01200000,6.7802191934e-02,5.8557581462e+03,0.05444890,50.010520,0.04999000,50.000000
144540.000,0.01200000,6.7784378323e-02,5.8555688853e+03,0.05444453,50.010510,0.04999000,50.000000
144600.000,0.01200000,6.7766582183e-02,5.8553798012e+03,0.05444016,50.010500,0.04999000,50.000000
144660.000,0.01200000,6.7748803489e-02,5.8551908937e+03,0.05443580,50.010490,0.04999000,50.000000
144720.000,0.01200000,6.7731042213e-02,5.8550021625e+03,0.05443144,50.010480,0.04999000,50.000000
144780.000,0.01200000,6.7713298330e-02,5.8548136074e+03,0.05442709,50.010471,0.04999000,50.000000
144840.000,0.01200000,6.7695571812e-02,5.8546252281e+03,0.05442275,50.010461,0.04999000,50.000000
144900.000,0.01200000,6.7677862634e-02,5.8544370243e+03,0.05441842,50.010451,0.04999000,50.000000
144960.000,0.01200000,6.7660170769e-02,5.8542489959e+03,0.05441409,50.010441,0.04999000,50.000000
145020.000,0.01200000,6.7642496191e-02,5.8540611425e+03,0.05440977,50.010432,0.04999000,50.000000
145080.000,0.01200000,6.7624838873e-02,5.8538734638e+03,0.05440545,50.010422,0.04999000,50.000000
145140.000,0.01200000,6.7607198790e-02,5.8536859598e+03,0.05440114,50.010412,0.04999000,50.000000
145200.000,0.01200000,6.7589575916e-02,5.8534986299e+03,0.05439684,50.010403,0.04999000,50.000000
145260.000,0.01200000,6.7571970224e-02,5.8533114742e+03,0.05439255,50.010393,0.04999000,50.000000
145320.000,0.01200000,6.7554381689e-02,5.8531244922e+03,0.05438826,50.010383,0.04999000,50.000000
145380.000,0.01200000,6.7536810284e-02,5.8529376837e+03,0.05438398,50.010374,0.04999000,50.000000
145440.000,0.01200000,6.7519255983e-02,5.8527510485e+03,0.05437970,50.010364,0.04999000,50.000000
145500.000,0.01200000,6.7501718762e-02,5.8525645864e+03,0.05437543,50.010354,0.04999000,50.000000
145560.000,0.01200000,6.7484198593e-02,5.8523782970e+03,0.05437117,50.010345,0.04999000,50.000000
145620.000,0.01200000,6.7466695452e-02,5.8521921802e+03,0.05436691,50.010335,0.04999000,50.000000
145680.000,0.01200000,6.7449209313e-02,5.8520062356e+03,0.05436266,50.010326,0.04999000,50.000000
145740.000,0.01200000,6.7431740149e-02,5.8518204630e+03,0.05435842,50.010316,0.04999000,50.000000
145800.000,0.01200000,6.7414287936e-02,5.8516348623e+03,0.05435418,50.010307,0.04999000,50.000000
145860.000,0.01200000,6.7396852648e-02,5.8514494331e+03,0.05434995,50.010297,0.04999000,50.000000
145920.000,0.01200000,6.7379434259e-02,5.8512641751e+03,0.05434572,50.010287,0.04999000,50.000000
145980.000,0.01200000,6.7362032744e-02,5.8510790882e+03,0.05434150,50.010278,0.04999000,50.000000
146040.000,0.01200000,6.7344648078e-02,5.8508941721e+03,0.05433729,50.010269,0.04999000,50.000000
146100.000,0.01200000,6.7327280235e-02,5.8507094266e+03,0.05433309,50.010259,0.04999000,50.000000
146160.000,0.01200000,6.7309929190e-02,5.8505248514e+03,0.05432889,50.010250,0.04999000,50.000000
146220.000,0.01200000,6.7292594919e-02,5.8503404462e+03,0.05432469,50.010240,0.04999000,50.000000
146280.000,0.01200000,6.7275277394e-02,5.8501562108e+03,0.05432051,50.010231,0.04999000,50.000000
146340.000,0.01200000,6.7257976593e-02,5.8499721450e+03,0.05431633,50.010221,0.04999000,50.000000
146400.000,0.01200000,6.7240692489e-02,5.8497882485e+03,0.05431215,50.010212,0.04999000,50.000000
146460.000,0.01200000,6.7223425057e-02,5.8496045212e+03,0.05430798,50.010203,0.04999000,50.000000
146520.000,0.01200000,6.7206174273e-02,5.8494209626e+03,0.05430382,50.010193,0.04999000,50.000000
146580.000,0.01200000,6.7188940112e-02,5.8492375727e+03,0.05429967,50.010184,0.04999000,50.000000
146640.000,0.01200000,6.7171722548e-02,5.8490543511e+03,0.05429552,50.010174,0.04999000,50.000000
146700.000,0.01200000,6.7154521558e-02,5.8488712977e+03,0.05429137,50.010165,0.04999000,50.000000
146760.000,0.01200000,6.7137337115e-02,5.8486884121e+03,0.05428724,50.010156,0.04999000,50.000000
146820.000,0.01200000,6.7120169196e-02,5.8485056942e+03,0.05428311,50.010146,0.04999000,50.000000
146880.000,0.01200000,6.7103017776e-02,5.8483231436e+03,0.05427898,50.010137,0.04999000,50.000000
146940.000,0.01200000,6.7085882830e-02,5.8481407602e+03,0.05427486,50.010128,0.04999000,50.000000
147000.000,0.01200000,6.7068764333e-02,5.8479585438e+03,0.05427075,50.010119,0.04999000,50.000000
147060.000,0.01200000,6.7051662262e-02,5.8477764940e+03,0.05426664,50.010109,0.04999000,50.000000
147120.000,0.01200000,6.7034576591e-02,5.8475946107e+03,0.05426254,50.010100,0.04999000,50.000000
147180.000,0.01200000,6.7017507297e-02,5.8474128936e+03,0.05425845,50.010091,0.04999000,50.000000
147240.000,0.01200000,6.7000454354e-02,5.8472313424e+03,0.05425436,50.010082,0.04999000,50.000000
147300.000,0.01200000,6.6983417739e-02,5.8470499570e+03,0.05425028,50.010072,0.04999000,50.000000
147360.000,0.01200000,6.6966397427e-02,5.8468687371e+03,0.05424620,50.010063,0.04999000,50.000000
147420.000,0.01200000,6.6949393393e-02,5.8466876825e+03,0.05424213,50.010054,0.04999000,50.000000
147480.000,0.01200000,6.6932405615e-02,5.8465067928e+03,0.05423807,50.010045,0.04999000,50.000000
147540.000,0.01200000,6.6915434068e-02,5.8463260680e+03,0.05423401,50.010036,0.04999000,50.000000
147600.000,0.01200000,6.6898478727e-02,5.8461455078e+03,0.05422996,50.010027,0.04999000,50.000000
147660.000,0.01200000,6.6881539568e-02,5.8459651118e+03,0.05422592,50.010018,0.04999000,50.000000
147720.000,0.01200000,6.6864616568e-02,5.8457848800e+03,0.05422188,50.010008,0.04999000,50.000000
147780.000,0.01200000,6.6847709703e-02,5.8456048120e+03,0.05421784,50.009999,0.04999000,50.000000
147840.000,0.01200000,6.6830818948e-02,5.8454249076e+03,0.05421381,50.009990,0.04999000,50.000000
147900.000,0.01200000,6.6813944280e-02,5.8452451667e+03,0.05420979,50.009981,0.04999000,50.000000
147960.000,0.01200000,6.6797085676e-02,5.8450655889e+03,0.05420578,50.009972,0.04999000,50.000000
148020.000,0.01200000,6.6780243110e-02,5.8448861740e+03,0.05420177,50.009963,0.04999000,50.000000
148080.000,0.01200000,6.6763416561e-02,5.8447069218e+03,0.05419776,50.009954,0.04999000,50.000000
148140.000,0.01200000,6.6746606003e-02,5.8445278321e+03,0.05419376,50.009945,0.04999000,50.000000
148200.000,0.01200000,6.6729811413e-02,5.8443489047e+03,0.05418977,50.009936,0.04999000,50.000000
148260.000,0.01200000,6.6713032768e-02,5.8441701393e+03,0.05418579,50.009927,0.04999000,50.000000
148320.000,0.01200000,6.6696270045e-02,5.8439915356e+03,0.05418181,50.009918,0.04999000,50.000000
148380.000,0.01200000,6.6679523219e-02,5.8438130935e+03,0.05417783,50.009909,0.04999000,50.000000
148440.000,0.01200000,6.6662792267e-02,5.8436348127e+03,0.05417386,50.009900,0.04999000,50.000000
148500.000,0.01200000,6.6646077167e-02,5.8434566931e+03,0.05416990,50.009891,0.04999000,50.000000
148560.000,0.01200000,6.6629377894e-02,5.8432787343e+03,0.05416594,50.009882,0.04999000,50.000000
148620.000,0.01200000,6.6612694425e-02,5.8431009361e+03,0.05416199,50.009873,0.04999000,50.000000
148680.000,0.01200000,6.6596026737e-02,5.8429232984e+03,0.05415805,50.009864,0.04999000,50.000000
148740.000,0.01200000,6.6579374808e-02,5.8427458209e+03,0.05415411,50.009856,0.04999000,50.000000
148800.000,0.01200000,6.6562738613e-02,5.8425685033e+03,0.05415017,50.009847,0.04999000,50.000000
148860.000,0.01200000,6.6546118129e-02,5.8423913455e+03,0.05414625,50.009838,0.04999000,50.000000
148920.000,0.01200000,6.6529513334e-02,5.8422143472e+03,0.05414232,50.009829,0.04999000,50.000000
148980.000,0.01200000,6.6512924205e-02,5.8420375081e+03,0.05413841,50.009820,0.04999000,50.000000
149040.000,0.01200000,6.6496350718e-02,5.8418608282e+03,0.05413450,50.009811,0.04999000,50.000000
149100.000,0.01200000,6.6479792850e-02,5.8416843071e+03,0.05413059,50.009802,0.04999000,50.000000
149160.000,0.01200000,6.6463250580e-02,5.8415079446e+03,0.05412669,50.009794,0.04999000,50.000000
149220.000,0.01200000,6.6446723883e-02,5.8413317406e+03,0.05412280,50.009785,0.04999000,50.000000
149280.000,0.01200000,6.6430212737e-02,5.8411556947e+03,0.05411891,50.009776,0.04999000,50.000000
149340.000,0.01200000,6.6413717120e-02,5.8409798067e+03,0.05411503,50.009767,0.04999000,50.000000
149400.000,0.01200000,6.6397237008e-02,5.8408040765e+03,0.05411115,50.009759,0.04999000,50.000000
149460.000,0.01200000,6.6380772380e-02,5.8406285039e+03,0.05410728,50.009750,0.04999000,50.000000
149520.000,0.01200000,6.6364323211e-02,5.8404530885e+03,0.05410342,50.009741,0.04999000,50.000000
149580.000,0.01200000,6.6347889480e-02,5.8402778302e+03,0.05409956,50.009732,0.04999000,50.000000
149640.000,0.01200000,6.6331471165e-02,5.8401027287e+03,0.05409570,50.009724,0.04999000,50.000000
149700.000,0.01200000,6.6315068242e-02,5.8399277839e+03,0.05409186,50.009715,0.04999000,50.000000
149760.000,0.01200000,6.6298680690e-02,5.8397529955e+03,0.05408801,50.009706,0.04999000,50.000000
149820.000,0.01200000,6.6282308486e-02,5.8395783633e+03,0.05408418,50.009698,0.04999000,50.000000
149880.000,0.01200000,6.6265951607e-02,5.8394038870e+03,0.05408034,50.009689,0.04999000,50.000000
149940.000,0.01200000,6.6249610031e-02,5.8392295666e+03,0.05407652,50.009680,0.04999000,50.000000
150000.000,0.01200000,6.6233283736e-02,5.8390554017e+03,0.05407270,50.009672,0.04999000,50.000000
150060.000,0.01200000,6.6216972700e-02,5.8388813921e+03,0.05406888,50.009663,0.04999000,50.000000
150120.000,0.01200000,6.6200676901e-02,5.8387075376e+03,0.05406507,50.009654,0.04999000,50.000000
150180.000,0.01200000,6.6184396316e-02,5.8385338380e+03,0.05406127,50.009646,0.04999000,50.000000
150240.000,0.01200000,6.6168130923e-02,5.8383602931e+03,0.05405747,50.009637,0.04999000,50.000000
150300.000,0.01200000,6.6151880701e-02,5.8381869027e+03,0.05405368,50.009629,0.04999000,50.000000
150360.000,0.01200000,6.6135645627e-02,5.8380136665e+03,0.05404989,50.009620,0.04999000,50.000000
150420.000,0.01200000,6.6119425679e-02,5.8378405844e+03,0.05404611,50.009612,0.04999000,50.000000
150480.000,0.01200000,6.6103220835e-02,5.8376676561e+03,0.05404233,50.009603,0.04999000,50.000000
150540.000,0.01200000,6.6087031074e-02,5.8374948814e+03,0.05403856,50.009594,0.04999000,50.000000
150600.000,0.01200000,6.6070856374e-02,5.8373222601e+03,0.05403480,50.009586,0.04999000,50.000000
150660.000,0.01200000,6.6054696713e-02,5.8371497919e+03,0.05403104,50.009577,0.04999000,50.000000
150720.000,0.01200000,6.6038552068e-02,5.8369774768e+03,0.05402728,50.009569,0.04999000,50.000000
150780.000,0.01200000,6.6022422419e-02,5.8368053144e+03,0.05402354,50.009560,0.04999000,50.000000
150840.000,0.01200000,6.6006307744e-02,5.8366333045e+03,0.05401979,50.009552,0.04999000,50.000000
150900.000,0.01200000,6.5990208020e-02,5.8364614470e+03,0.05401605,50.009544,0.04999000,50.000000
150960.000,0.01200000,6.5974123228e-02,5.8362897416e+03,0.05401232,50.009535,0.04999000,50.000000
151020.000,0.01200000,6.5958053344e-02,5.8361181881e+03,0.05400859,50.009527,0.04999000,50.000000
151080.000,0.01200000,6.5941998347e-02,5.8359467863e+03,0.05400487,50.009518,0.04999000,50.000000
151140.000,0.01200000,6.5925958217e-02,5.8357755361e+03,0.05400116,50.009510,0.04999000,50.000000
151200.000,0.01200000,6.5909932931e-02,5.8356044371e+03,0.05399744,50.009501,0.04999000,50.000000
151260.000,0.01200000,6.5893922468e-02,5.8354334892e+03,0.05399374,50.009493,0.04999000,50.000000
151320.000,0.01200000,6.5877926807e-02,5.8352626921e+03,0.05399004,50.009485,0.04999000,50.000000
151380.000,0.01200000,6.5861945926e-02,5.8350920457e+03,0.05398634,50.009476,0.04999000,50.000000
151440.000,0.01200000,6.5845979805e-02,5.8349215498e+03,0.05398265,50.009468,0.04999000,50.000000
151500.000,0.01200000,6.5830028422e-02,5.8347512041e+03,0.05397897,50.009460,0.04999000,50.000000
151560.000,0.01200000,6.5814091755e-02,5.8345810084e+03,0.05397529,50.009451,0.04999000,50.000000
151620.000,0.01200000,6.5798169785e-02,5.8344109626e+03,0.05397161,50.009443,0.04999000,50.000000
151680.000,0.01200000,6.5782262489e-02,5.8342410664e+03,0.05396795,50.009435,0.04999000,50.000000
151740.000,0.01200000,6.5766369846e-02,5.8340713196e+03,0.05396428,50.009426,0.04999000,50.000000
151800.000,0.01200000,6.5750491836e-02,5.8339017221e+03,0.05396062,50.009418,0.04999000,50.000000
151860.000,0.01200000,6.5734628438e-02,5.8337322735e+03,0.05395697,50.009410,0.04999000,50.000000
151920.000,0.01200000,6.5718779630e-02,5.8335629737e+03,0.05395332,50.009402,0.04999000,50.000000
151980.000,0.01200000,6.5702945392e-02,5.8333938226e+03,0.05394968,50.009393,0.04999000,50.000000
152040.000,0.01200000,6.5687125703e-02,5.8332248198e+03,0.05394604,50.009385,0.04999000,50.000000
152100.000,0.01200000,6.5671320542e-02,5.8330559653e+03,0.05394241,50.009377,0.04999000,50.000000
152160.000,0.01200000,6.5655529888e-02,5.8328872587e+03,0.05393878,50.009369,0.04999000,50.000000
152220.000,0.01200000,6.5639753720e-02,5.8327186999e+03,0.05393516,50.009360,0.04999000,50.000000
152280.000,0.01200000,6.5623992019e-02,5.8325502887e+03,0.05393155,50.009352,0.04999000,50.000000
152340.000,0.01200000,6.5608244763e-02,5.8323820248e+03,0.05392793,50.009344,0.04999000,50.000000
152400.000,0.01200000,6.5592511931e-02,5.8322139082e+03,0.05392433,50.009336,0.04999000,50.000000
152460.000,0.01200000,6.5576793503e-02,5.8320459385e+03,0.05392073,50.009328,0.04999000,50.000000
152520.000,0.01200000,6.5561089459e-02,5.8318781156e+03,0.05391713,50.009320,0.04999000,50.000000
152580.000,0.01200000,6.5545399778e-02,5.8317104393e+03,0.05391354,50.009311,0.04999000,50.000000
152640.000,0.01200000,6.5529724439e-02,5.8315429094e+03,0.05390996,50.009303,0.04999000,50.000000
152700.000,0.01200000,6.5514063422e-02,5.8313755256e+03,0.05390637,50.009295,0.04999000,50.000000
152760.000,0.01200000,6.5498416707e-02,5.8312082878e+03,0.05390280,50.009287,0.04999000,50.000000
152820.000,0.01200000,6.5482784274e-02,5.8310411958e+03,0.05389923,50.009279,0.04999000,50.000000
152880.000,0.01200000,6.5467166101e-02,5.8308742494e+03,0.05389566,50.009271,0.04999000,50.000000
152940.000,0.01200000,6.5451562169e-02,5.8307074483e+03,0.05389210,50.009263,0.04999000,50.000000
153000.000,0.01200000,6.5435972458e-02,5.8305407924e+03,0.05388855,50.009255,0.04999000,50.000000
153060.000,0.01200000,6.5420396947e-02,5.8303742815e+03,0.05388500,50.009247,0.04999000,50.000000
153120.000,0.01200000,6.5404835616e-02,5.8302079154e+03,0.05388145,50.009239,0.04999000,50.000000
153180.000,0.01200000,6.5389288445e-02,5.8300416939e+03,0.05387791,50.009231,0.04999000,50.000000
153240.000,0.01200000,6.5373755415e-02,5.8298756168e+03,0.05387438,50.009223,0.04999000,50.000000
153300.000,0.01200000,6.5358236504e-02,5.8297096839e+03,0.05387085,50.009215,0.04999000,50.000000
153360.000,0.01200000,6.5342731693e-02,5.8295438950e+03,0.05386732,50.009207,0.04999000,50.000000
153420.000,0.01200000,6.5327240962e-02,5.8293782499e+03,0.05386380,50.009199,0.04999000,50.000000
153480.000,0.01200000,6.5311764292e-02,5.8292127484e+03,0.05386029,50.009191,0.04999000,50.000000
153540.000,0.01200000,6.5296301661e-02,5.8290473903e+03,0.05385678,50.009183,0.04999000,50.000000
153600.000,0.01200000,6.5280853051e-02,5.8288821754e+03,0.05385327,50.009175,0.04999000,50.000000
153660.000,0.01200000,6.5265418441e-02,5.8287171036e+03,0.05384977,50.009167,0.04999000,50.000000
153720.000,0.01200000,6.5249997812e-02,5.8285521746e+03,0.05384628,50.009159,0.04999000,50.000000
153780.000,0.01200000,6.5234591144e-02,5.8283873882e+03,0.05384279,50.009151,0.04999000,50.000000
153840.000,0.01200000,6.5219198418e-02,5.8282227443e+03,0.05383930,50.009143,0.04999000,50.000000
153900.000,0.01200000,6.5203819613e-02,5.8280582426e+03,0.05383582,50.009135,0.04999000,50.000000
153960.000,0.01200000,6.5188454710e-02,5.8278938830e+03,0.05383234,50.009127,0.04999000,50.000000
154020.000,0.01200000,6.5173103689e-02,5.8277296653e+03,0.05382887,50.009119,0.04999000,50.000000
154080.000,0.01200000,6.5157766532e-02,5.8275655892e+03,0.05382541,50.009112,0.04999000,50.000000
154140.000,0.01200000,6.5142443218e-02,5.8274016546e+03,0.05382195,50.009104,0.04999000,50.000000
154200.000,0.01200000,6.5127133727e-02,5.8272378613e+03,0.05381849,50.009096,0.04999000,50.000000
154260.000,0.01200000,6.5111838041e-02,5.8270742092e+03,0.05381504,50.009088,0.04999000,50.000000
154320.000,0.01200000,6.5096556140e-02,5.8269106979e+03,0.05381159,50.009080,0.04999000,50.000000
154380.000,0.01200000,6.5081288005e-02,5.8267473274e+03,0.05380815,50.009072,0.04999000,50.000000
154440.000,0.01200000,6.5066033616e-02,5.8265840974e+03,0.05380471,50.009065,0.04999000,50.000000
154500.000,0.01200000,6.5050792954e-02,5.8264210077e+03,0.05380128,50.009057,0.04999000,50.000000
154560.000,0.01200000,6.5035566000e-02,5.8262580582e+03,0.05379785,50.009049,0.04999000,50.000000
154620.000,0.01200000,6.5020352735e-02,5.8260952487e+03,0.05379443,50.009041,0.04999000,50.000000
154680.000,0.01200000,6.5005153138e-02,5.8259325789e+03,0.05379102,50.009033,0.04999000,50.000000
154740.000,0.01200000,6.4989967192e-02,5.8257700488e+03,0.05378760,50.009026,0.04999000,50.000000
154800.000,0.01200000,6.4974794878e-02,5.8256076580e+03,0.05378419,50.009018,0.04999000,50.000000
154860.000,0.01200000,6.4959636175e-02,5.8254454065e+03,0.05378079,50.009010,0.04999000,50.000000
154920.000,0.01200000,6.4944491065e-02,5.8252832939e+03,0.05377739,50.009003,0.04999000,50.000000
154980.000,0.01200000,6.4929359529e-02,5.8251213203e+03,0.05377400,50.008995,0.04999000,50.000000
155040.000,0.01200000,6.4914241548e-02,5.8249594852e+03,0.05377061,50.008987,0.04999000,50.000000
155100.000,0.01200000,6.4899137103e-02,5.8247977887e+03,0.05376723,50.008979,0.04999000,50.000000
155160.000,0.01200000,6.4884046175e-02,5.8246362304e+03,0.05376385,50.008972,0.04999000,50.000000
155220.000,0.01200000,6.4868968746e-02,5.8244748103e+03,0.05376047,50.008964,0.04999000,50.000000
155280.000,0.01200000,6.4853904795e-02,5.8243135280e+03,0.05375710,50.008956,0.04999000,50.000000
155340.000,0.01200000,6.4838854306e-02,5.8241523835e+03,0.05375374,50.008949,0.04999000,50.000000
155400.000,0.01200000,6.4823817258e-02,5.8239913765e+03,0.05375038,50.008941,0.04999000,50.000000
155460.000,0.01200000,6.4808793634e-02,5.8238305069e+03,0.05374702,50.008934,0.04999000,50.000000
155520.000,0.01200000,6.4793783414e-02,5.8236697745e+03,0.05374367,50.008926,0.04999000,50.000000
155580.000,0.01200000,6.4778786580e-02,5.8235091791e+03,0.05374032,50.008918,0.04999000,50.000000
155640.000,0.01200000,6.4763803113e-02,5.8233487204e+03,0.05373698,50.008911,0.04999000,50.000000
155700.000,0.01200000,6.4748832995e-02,5.8231883984e+03,0.05373364,50.008903,0.04999000,50.000000
155760.000,0.01200000,6.4733876206e-02,5.8230282129e+03,0.05373031,50.008896,0.04999000,50.000000
155820.000,0.01200000,6.4718932729e-02,5.8228681636e+03,0.05372698,50.008888,0.04999000,50.000000
155880.000,0.01200000,6.4704002545e-02,5.8227082504e+03,0.05372366,50.008880,0.04999000,50.000000
155940.000,0.01200000,6.4689085636e-02,5.8225484731e+03,0.05372034,50.008873,0.04999000,50.000000
156000.000,0.01200000,6.4674181983e-02,5.8223888315e+03,0.05371703,50.008865,0.04999000,50.000000
156060.000,0.01200000,6.4659291568e-02,5.8222293255e+03,0.05371372,50.008858,0.04999000,50.000000
156120.000,0.01200000,6.4644414372e-02,5.8220699548e+03,0.05371041,50.008850,0.04999000,50.000000
156180.000,0.01200000,6.4629550377e-02,5.8219107193e+03,0.05370711,50.008843,0.04999000,50.000000
156240.000,0.01200000,6.4614699565e-02,5.8217516188e+03,0.05370381,50.008835,0.04999000,50.000000
156300.000,0.01200000,6.4599861918e-02,5.8215926532e+03,0.05370052,50.008828,0.04999000,50.000000
156360.000,0.01200000,6.4585037417e-02,5.8214338221e+03,0.05369724,50.008820,0.04999000,50.000000
156420.000,0.01200000,6.4570226044e-02,5.8212751256e+03,0.05369395,50.008813,0.04999000,50.000000
156480.000,0.01200000,6.4555427781e-02,5.8211165633e+03,0.05369068,50.008805,0.04999000,50.000000
156540.000,0.01200000,6.4540642610e-02,5.8209581351e+03,0.05368740,50.008798,0.04999000,50.000000
156600.000,0.01200000,6.4525870513e-02,5.8207998408e+03,0.05368414,50.008791,0.04999000,50.000000
156660.000,0.01200000,6.4511111472e-02,5.8206416803e+03,0.05368087,50.008783,0.04999000,50.000000
156720.000,0.01200000,6.4496365469e-02,5.8204836534e+03,0.05367761,50.008776,0.04999000,50.000000
156780.000,0.01200000,6.4481632485e-02,5.8203257599e+03,0.05367436,50.008768,0.04999000,50.000000
156840.000,0.01200000,6.4466912503e-02,5.8201679996e+03,0.05367111,50.008761,0.04999000,50.000000
156900.000,0.01200000,6.4452205506e-02,5.8200103723e+03,0.05366786,50.008753,0.04999000,50.000000
156960.000,0.01200000,6.4437511474e-02,5.8198528779e+03,0.05366462,50.008746,0.04999000,50.000000
157020.000,0.01200000,6.4422830390e-02,5.8196955162e+03,0.05366138,50.008739,0.04999000,50.000000
157080.000,0.01200000,6.4408162237e-02,5.8195382870e+03,0.05365815,50.008731,0.04999000,50.000000
157140.000,0.01200000,6.4393506997e-02,5.8193811902e+03,0.05365492,50.008724,0.04999000,50.000000
157200.000,0.01200000,6.4378864652e-02,5.8192242255e+03,0.05365170,50.008717,0.04999000,50.000000
157260.000,0.01200000,6.4364235183e-02,5.8190673928e+03,0.05364848,50.008709,0.04999000,50.000000
157320.000,0.01200000,6.4349618574e-02,5.8189106919e+03,0.05364526,50.008702,0.04999000,50.000000
157380.000,0.01200000,6.4335014807e-02,5.8187541227e+03,0.05364205,50.008695,0.04999000,50.000000
157440.000,0.01200000,6.4320423865e-02,5.8185976850e+03,0.05363884,50.008687,0.04999000,50.000000
157500.000,0.01200000,6.4305845728e-02,5.8184413785e+03,0.05363564,50.008680,0.04999000,50.000000
157560.000,0.01200000,6.4291280381e-02,5.8182852032e+03,0.05363244,50.008673,0.04999000,50.000000
157620.000,0.01200000,6.4276727806e-02,5.8181291588e+03,0.05362925,50.008666,0.04999000,50.000000
157680.000,0.01200000,6.4262187984e-02,5.8179732452e+03,0.05362606,50.008658,0.04999000,50.000000
157740.000,0.01200000,6.4247660899e-02,5.8178174623e+03,0.05362288,50.008651,0.04999000,50.000000
157800.000,0.01200000,6.4233146534e-02,5.8176618097e+03,0.05361970,50.008644,0.04999000,50.000000
157860.000,0.01200000,6.4218644870e-02,5.8175062874e+03,0.05361652,50.008637,0.04999000,50.000000
157920.000,0.01200000,6.4204155890e-02,5.8173508953e+03,0.05361335,50.008629,0.04999000,50.000000
157980.000,0.01200000,6.4189679578e-02,5.8171956330e+03,0.05361018,50.008622,0.04999000,50.000000
158040.000,0.01200000,6.4175215915e-02,5.8170405005e+03,0.05360702,50.008615,0.04999000,50.000000
158100.000,0.01200000,6.4160764885e-02,5.8168854976e+03,0.05360386,50.008608,0.04999000,50.000000
158160.000,0.01200000,6.4146326471e-02,5.8167306241e+03,0.05360071,50.008601,0.04999000,50.000000
158220.000,0.01200000,6.4131900654e-02,5.8165758798e+03,0.05359756,50.008593,0.04999000,50.000000
158280.000,0.01200000,6.4117487418e-02,5.8164212646e+03,0.05359441,50.008586,0.04999000,50.000000
158340.000,0.01200000,6.4103086746e-02,5.8162667783e+03,0.05359127,50.008579,0.04999000,50.000000
158400.000,0.01200000,6.4088698621e-02,5.8161124208e+03,0.05358814,50.008572,0.04999000,50.000000
158460.000,0.01200000,6.4074323025e-02,5.8159581918e+03,0.05358500,50.008565,0.04999000,50.000000
158520.000,0.01200000,6.4059959942e-02,5.8158040912e+03,0.05358188,50.008558,0.04999000,50.000000
158580.000,0.01200000,6.4045609354e-02,5.8156501189e+03,0.05357875,50.008551,0.04999000,50.000000
158640.000,0.01200000,6.4031271245e-02,5.8154962746e+03,0.05357563,50.008543,0.04999000,50.000000
158700.000,0.01200000,6.4016945598e-02,5.8153425582e+03,0.05357252,50.008536,0.04999000,50.000000
158760.000,0.01200000,6.4002632395e-02,5.8151889696e+03,0.05356941,50.008529,0.04999000,50.000000
158820.000,0.01200000,6.3988331620e-02,5.8150355085e+03,0.05356630,50.008522,0.04999000,50.000000
158880.000,0.01200000,6.3974043255e-02,5.8148821748e+03,0.05356319,50.008515,0.04999000,50.000000
158940.000,0.01200000,6.3959767285e-02,5.8147289684e+03,0.05356010,50.008508,0.04999000,50.000000
159000.000,0.01200000,6.3945503692e-02,5.8145758890e+03,0.05355700,50.008501,0.04999000,50.000000
159060.000,0.01200000,6.3931252460e-02,5.8144229365e+03,0.05355391,50.008494,0.04999000,50.000000
159120.000,0.01200000,6.3917013571e-02,5.8142701108e+03,0.05355083,50.008487,0.04999000,50.000000
159180.000,0.01200000,6.3902787010e-02,5.8141174116e+03,0.05354774,50.008480,0.04999000,50.000000
159240.000,0.01200000,6.3888572759e-02,5.8139648388e+03,0.05354467,50.008473,0.04999000,50.000000
159300.000,0.01200000,6.3874370801e-02,5.8138123923e+03,0.05354159,50.008466,0.04999000,50.000000
159360.000,0.01200000,6.3860181121e-02,5.8136600719e+03,0.05353852,50.008459,0.04999000,50.000000
159420.000,0.01200000,6.3846003701e-02,5.8135078774e+03,0.05353546,50.008452,0.04999000,50.000000
159480.000,0.01200000,6.3831838525e-02,5.8133558086e+03,0.05353240,50.008445,0.04999000,50.000000
159540.000,0.01200000,6.3817685576e-02,5.8132038654e+03,0.05352934,50.008438,0.04999000,50.000000
159600.000,0.01200000,6.3803544838e-02,5.8130520476e+03,0.05352629,50.008431,0.04999000,50.000000
159660.000,0.01200000,6.3789416295e-02,5.8129003551e+03,0.05352324,50.008424,0.04999000,50.000000
159720.000,0.01200000,6.3775299930e-02,5.8127487877e+03,0.05352019,50.008417,0.04999000,50.000000
159780.000,0.01200000,6.3761195726e-02,5.8125973453e+03,0.05351715,50.008410,0.04999000,50.000000
159840.000,0.01200000,6.3747103668e-02,5.8124460276e+03,0.05351412,50.008403,0.04999000,50.000000
159900.000,0.01200000,6.3733023738e-02,5.8122948345e+03,0.05351108,50.008396,0.04999000,50.000000
159960.000,0.01200000,6.3718955921e-02,5.8121437659e+03,0.05350805,50.008389,0.04999000,50.000000
160020.000,0.01200000,6.3704900201e-02,5.8119928216e+03,0.05350503,50.008382,0.04999000,50.000000
160080.000,0.01200000,6.3690856560e-02,5.8118420014e+03,0.05350201,50.008376,0.04999000,50.000000
160140.000,0.01200000,6.3676824983e-02,5.8116913052e+03,0.05349899,50.008369,0.04999000,50.000000
160200.000,0.01200000,6.3662805453e-02,5.8115407328e+03,0.05349598,50.008362,0.04999000,50.000000
160260.000,0.01200000,6.3648797955e-02,5.8113902841e+03,0.05349297,50.008355,0.04999000,50.000000
160320.000,0.01200000,6.3634802472e-02,5.8112399588e+03,0.05348997,50.008348,0.04999000,50.000000
160380.000,0.01200000,6.3620818989e-02,5.8110897569e+03,0.05348697,50.008341,0.04999000,50.000000
160440.000,0.01200000,6.3606847488e-02,5.8109396781e+03,0.05348397,50.008334,0.04999000,50.000000
160500.000,0.01200000,6.3592887954e-02,5.8107897224e+03,0.05348098,50.008328,0.04999000,50.000000
160560.000,0.01200000,6.3578940371e-02,5.8106398895e+03,0.05347799,50.008321,0.04999000,50.000000
160620.000,0.01200000,6.3565004723e-02,5.8104901794e+03,0.05347501,50.008314,0.04999000,50.000000
160680.000,0.01200000,6.3551080994e-02,5.8103405917e+03,0.05347203,50.008307,0.04999000,50.000000
160740.000,0.01200000,6.3537169168e-02,5.8101911265e+03,0.05346905,50.008300,0.04999000,50.000000
160800.000,0.01200000,6.3523269229e-02,5.8100417835e+03,0.05346608,50.008294,0.04999000,50.000000
160860.000,0.01200000,6.3509381161e-02,5.8098925625e+03,0.05346311,50.008287,0.04999000,50.000000
160920.000,0.01200000,6.3495504949e-02,5.8097434635e+03,0.05346015,50.008280,0.04999000,50.000000
160980.000,0.01200000,6.3481640576e-02,5.8095944862e+03,0.05345719,50.008273,0.04999000,50.000000
161040.000,0.01200000,6.3467788027e-02,5.8094456305e+03,0.05345423,50.008266,0.04999000,50.000000
161100.000,0.01200000,6.3453947285e-02,5.8092968963e+03,0.05345128,50.008260,0.04999000,50.000000
161160.000,0.01200000,6.3440118336e-02,5.8091482833e+03,0.05344833,50.008253,0.04999000,50.000000
161220.000,0.01200000,6.3426301163e-02,5.8089997915e+03,0.05344539,50.008246,0.04999000,50.000000
161280.000,0.01200000,6.3412495752e-02,5.8088514207e+03,0.05344245,50.008240,0.04999000,50.000000
161340.000,0.01200000,6.3398702085e-02,5.8087031707e+03,0.05343951,50.008233,0.04999000,50.000000
161400.000,0.01200000,6.3384920147e-02,5.8085550413e+03,0.05343658,50.008226,0.04999000,50.000000
161460.000,0.01200000,6.3371149924e-02,5.8084070325e+03,0.05343365,50.008219,0.04999000,50.000000
161520.000,0.01200000,6.3357391399e-02,5.8082591440e+03,0.05343073,50.008213,0.04999000,50.000000
161580.000,0.01200000,6.3343644556e-02,5.8081113758e+03,0.05342780,50.008206,0.04999000,50.000000
161640.000,0.01200000,6.3329909381e-02,5.8079637276e+03,0.05342489,50.008199,0.04999000,50.000000
161700.000,0.01200000,6.3316185858e-02,5.8078161993e+03,0.05342197,50.008193,0.04999000,50.000000
161760.000,0.01200000,6.3302473971e-02,5.8076687907e+03,0.05341907,50.008186,0.04999000,50.000000
161820.000,0.01200000,6.3288773704e-02,5.8075215017e+03,0.05341616,50.008180,0.04999000,50.000000
161880.000,0.01200000,6.3275085043e-02,5.8073743322e+03,0.05341326,50.008173,0.04999000,50.000000
161940.000,0.01200000,6.3261407972e-02,5.8072272819e+03,0.05341036,50.008166,0.04999000,50.000000
162000.000,0.01200000,6.3247742476e-02,5.8070803508e+03,0.05340747,50.008160,0.04999000,50.000000
162060.000,0.01200000,6.3234088539e-02,5.8069335387e+03,0.05340458,50.008153,0.04999000,50.000000
162120.000,0.01200000,6.3220446146e-02,5.8067868454e+03,0.05340169,50.008146,0.04999000,50.000000
162180.000,0.01200000,6.3206815281e-02,5.8066402708e+03,0.05339881,50.008140,0.04999000,50.000000
162240.000,0.01200000,6.3193195930e-02,5.8064938148e+03,0.05339593,50.008133,0.04999000,50.000000
162300.000,0.01200000,6.3179588078e-02,5.8063474771e+03,0.05339305,50.008127,0.04999000,50.000000
162360.000,0.01200000,6.3165991708e-02,5.8062012576e+03,0.05339018,50.008120,0.04999000,50.000000
162420.000,0.01200000,6.3152406807e-02,5.8060551562e+03,0.05338732,50.008114,0.04999000,50.000000
162480.000,0.01200000,6.3138833358e-02,5.8059091728e+03,0.05338445,50.008107,0.04999000,50.000000
162540.000,0.01200000,6.3125271347e-02,5.8057633071e+03,0.05338159,50.008100,0.04999000,50.000000
162600.000,0.01200000,6.3111720758e-02,5.8056175591e+03,0.05337874,50.008094,0.04999000,50.000000
162660.000,0.01200000,6.3098181577e-02,5.8054719285e+03,0.05337589,50.008087,0.04999000,50.000000
162720.000,0.01200000,6.3084653788e-02,5.8053264153e+03,0.05337304,50.008081,0.04999000,50.000000
162780.000,0.01200000,6.3071137377e-02,5.8051810192e+03,0.05337019,50.008074,0.04999000,50.000000
162840.000,0.01200000,6.3057632328e-02,5.8050357402e+03,0.05336735,50.008068,0.04999000,50.000000
162900.000,0.01200000,6.3044138627e-02,5.8048905781e+03,0.05336451,50.008061,0.04999000,50.000000
162960.000,0.01200000,6.3030656258e-02,5.8047455327e+03,0.05336168,50.008055,0.04999000,50.000000
163020.000,0.01200000,6.3017185207e-02,5.8046006039e+03,0.05335885,50.008048,0.04999000,50.000000
163080.000,0.01200000,6.3003725459e-02,5.8044557916e+03,0.05335603,50.008042,0.04999000,50.000000
163140.000,0.01200000,6.2990276999e-02,5.8043110955e+03,0.05335320,50.008036,0.04999000,50.000000
163200.000,0.01200000,6.2976839812e-02,5.8041665156e+03,0.05335038,50.008029,0.04999000,50.000000
163260.000,0.01200000,6.2963413883e-02,5.8040220518e+03,0.05334757,50.008023,0.04999000,50.000000
163320.000,0.01200000,6.2949999198e-02,5.8038777037e+03,0.05334476,50.008016,0.04999000,50.000000
163380.000,0.01200000,6.2936595741e-02,5.8037334714e+03,0.05334195,50.008010,0.04999000,50.000000
163440.000,0.01200000,6.2923203499e-02,5.8035893546e+03,0.05333915,50.008003,0.04999000,50.000000
163500.000,0.01200000,6.2909822456e-02,5.8034453533e+03,0.05333635,50.007997,0.04999000,50.000000
163560.000,0.01200000,6.2896452598e-02,5.8033014672e+03,0.05333355,50.007991,0.04999000,50.000000
163620.000,0.01200000,6.2883093910e-02,5.8031576963e+03,0.05333076,50.007984,0.04999000,50.000000
163680.000,0.01200000,6.2869746377e-02,5.8030140403e+03,0.05332797,50.007978,0.04999000,50.000000
163740.000,0.01200000,6.2856409985e-02,5.8028704992e+03,0.05332518,50.007971,0.04999000,50.000000
163800.000,0.01200000,6.2843084719e-02,5.8027270728e+03,0.05332240,50.007965,0.04999000,50.000000
163860.000,0.01200000,6.2829770566e-02,5.8025837609e+03,0.05331962,50.007959,0.04999000,50.000000
163920.000,0.01200000,6.2816467509e-02,5.8024405635e+03,0.05331685,50.007952,0.04999000,50.000000
163980.000,0.01200000,6.2803175535e-02,5.8022974803e+03,0.05331408,50.007946,0.04999000,50.000000
164040.000,0.01200000,6.2789894630e-02,5.8021545112e+03,0.05331131,50.007940,0.04999000,50.000000
164100.000,0.01200000,6.2776624778e-02,5.8020116561e+03,0.05330855,50.007933,0.04999000,50.000000
164160.000,0.01200000,6.2763365966e-02,5.8018689148e+03,0.05330579,50.007927,0.04999000,50.000000
164220.000,0.01200000,6.2750118179e-02,5.8017262872e+03,0.05330303,50.007921,0.04999000,50.000000
164280.000,0.01200000,6.2736881402e-02,5.8015837732e+03,0.05330028,50.007914,0.04999000,50.000000
164340.000,0.01200000,6.2723655622e-02,5.8014413726e+03,0.05329753,50.007908,0.04999000,50.000000
164400.000,0.01200000,6.2710440824e-02,5.8012990852e+03,0.05329478,50.007902,0.04999000,50.000000
164460.000,0.01200000,6.2697236994e-02,5.8011569110e+03,0.05329204,50.007896,0.04999000,50.000000
164520.000,0.01200000,6.2684044117e-02,5.8010148497e+03,0.05328930,50.007889,0.04999000,50.000000
164580.000,0.01200000,6.2670862179e-02,5.8008729013e+03,0.05328657,50.007883,0.04999000,50.000000
164640.000,0.01200000,6.2657691166e-02,5.8007310656e+03,0.05328384,50.007877,0.04999000,50.000000
164700.000,0.01200000,6.2644531065e-02,5.8005893424e+03,0.05328111,50.007870,0.04999000,50.000000
164760.000,0.01200000,6.2631381860e-02,5.8004477316e+03,0.05327838,50.007864,0.04999000,50.000000
164820.000,0.01200000,6.2618243537e-02,5.8003062332e+03,0.05327566,50.007858,0.04999000,50.000000
164880.000,0.01200000,6.2605116083e-02,5.8001648468e+03,0.05327294,50.007852,0.04999000,50.000000
164940.000,0.01200000,6.2591999483e-02,5.8000235725e+03,0.05327023,50.007846,0.04999000,50.000000
165000.000,0.01200000,6.2578893723e-02,5.7998824100e+03,0.05326752,50.007839,0.04999000,50.000000
165060.000,0.01200000,6.2565798790e-02,5.7997413592e+03,0.05326481,50.007833,0.04999000,50.000000
165120.000,0.01200000,6.2552714669e-02,5.7996004200e+03,0.05326211,50.007827,0.04999000,50.000000
165180.000,0.01200000,6.2539641346e-02,5.7994595923e+03,0.05325941,50.007821,0.04999000,50.000000
165240.000,0.01200000,6.2526578807e-02,5.7993188758e+03,0.05325671,50.007815,0.04999000,50.000000
165300.000,0.01200000,6.2513527038e-02,5.7991782705e+03,0.05325402,50.007808,0.04999000,50.000000
165360.000,0.01200000,6.2500486026e-02,5.7990377762e+03,0.05325133,50.007802,0.04999000,50.000000
165420.000,0.01200000,6.2487455757e-02,5.7988973929e+03,0.05324865,50.007796,0.04999000,50.000000
165480.000,0.01200000,6.2474436216e-02,5.7987571202e+03,0.05324596,50.007790,0.04999000,50.000000
165540.000,0.01200000,6.2461427389e-02,5.7986169582e+03,0.05324328,50.007784,0.04999000,50.000000
165600.000,0.01200000,6.2448429264e-02,5.7984769066e+03,0.05324061,50.007778,0.04999000,50.000000
165660.000,0.01200000,6.2435441826e-02,5.7983369654e+03,0.05323794,50.007772,0.04999000,50.000000
165720.000,0.01200000,6.2422465061e-02,5.7981971344e+03,0.05323527,50.007765,0.04999000,50.000000
165780.000,0.01200000,6.2409498956e-02,5.7980574134e+03,0.05323260,50.007759,0.04999000,50.000000
165840.000,0.01200000,6.2396543496e-02,5.7979178024e+03,0.05322994,50.007753,0.04999000,50.000000
165900.000,0.01200000,6.2383598669e-02,5.7977783011e+03,0.05322728,50.007747,0.04999000,50.000000
165960.000,0.01200000,6.2370664460e-02,5.7976389095e+03,0.05322463,50.007741,0.04999000,50.000000
166020.000,0.01200000,6.2357740856e-02,5.7974996275e+03,0.05322198,50.007735,0.04999000,50.000000
166080.000,0.01200000,6.2344827844e-02,5.7973604548e+03,0.05321933,50.007729,0.04999000,50.000000
166140.000,0.01200000,6.2331925409e-02,5.7972213913e+03,0.05321668,50.007723,0.04999000,50.000000
166200.000,0.01200000,6.2319033537e-02,5.7970824370e+03,0.05321404,50.007717,0.04999000,50.000000
166260.000,0.01200000,6.2306152217e-02,5.7969435916e+03,0.05321141,50.007711,0.04999000,50.000000
166320.000,0.01200000,6.2293281433e-02,5.7968048551e+03,0.05320877,50.007705,0.04999000,50.000000
166380.000,0.01200000,6.2280421172e-02,5.7966662273e+03,0.05320614,50.007699,0.04999000,50.000000
166440.000,0.01200000,6.2267571422e-02,5.7965277080e+03,0.05320351,50.007693,0.04999000,50.000000
166500.000,0.01200000,6.2254732167e-02,5.7963892972e+03,0.05320089,50.007687,0.04999000,50.000000
166560.000,0.01200000,6.2241903396e-02,5.7962509947e+03,0.05319827,50.007681,0.04999000,50.000000
166620.000,0.01200000,6.2229085094e-02,5.7961128004e+03,0.05319565,50.007675,0.04999000,50.000000
166680.000,0.01200000,6.2216277249e-02,5.7959747141e+03,0.05319303,50.007669,0.04999000,50.000000
166740.000,0.01200000,6.2203479846e-02,5.7958367357e+03,0.05319042,50.007663,0.04999000,50.000000
166800.000,0.01200000,6.2190692872e-02,5.7956988651e+03,0.05318782,50.007657,0.04999000,50.000000
166860.000,0.01200000,6.2177916315e-02,5.7955611021e+03,0.05318521,50.007651,0.04999000,50.000000
166920.000,0.01200000,6.2165150160e-02,5.7954234467e+03,0.05318261,50.007645,0.04999000,50.000000
166980.000,0.01200000,6.2152394395e-02,5.7952858986e+03,0.05318001,50.007639,0.04999000,50.000000
167040.000,0.01200000,6.2139649006e-02,5.7951484577e+03,0.05317742,50.007633,0.04999000,50.000000
167100.000,0.01200000,6.2126913980e-02,5.7950111240e+03,0.05317483,50.007627,0.04999000,50.000000
167160.000,0.01200000,6.2114189303e-02,5.7948738973e+03,0.05317224,50.007621,0.04999000,50.000000
167220.000,0.01200000,6.2101474964e-02,5.7947367773e+03,0.05316966,50.007615,0.04999000,50.000000
167280.000,0.01200000,6.2088770947e-02,5.7945997642e+03,0.05316707,50.007609,0.04999000,50.000000
167340.000,0.01200000,6.2076077241e-02,5.7944628576e+03,0.05316450,50.007603,0.04999000,50.000000
167400.000,0.01200000,6.2063393832e-02,5.7943260574e+03,0.05316192,50.007597,0.04999000,50.000000
167460.000,0.01200000,6.2050720707e-02,5.7941893636e+03,0.05315935,50.007591,0.04999000,50.000000
167520.000,0.01200000,6.2038057852e-02,5.7940527760e+03,0.05315678,50.007585,0.04999000,50.000000
167580.000,0.01200000,6.2025405256e-02,5.7939162944e+03,0.05315422,50.007579,0.04999000,50.000000
167640.000,0.01200000,6.2012762904e-02,5.7937799188e+03,0.05315166,50.007574,0.04999000,50.000000
167700.000,0.01200000,6.2000130785e-02,5.7936436490e+03,0.05314910,50.007568,0.04999000,50.000000
167760.000,0.01200000,6.1987508883e-02,5.7935074848e+03,0.05314654,50.007562,0.04999000,50.000000
167820.000,0.01200000,6.1974897188e-02,5.7933714262e+03,0.05314399,50.007556,0.04999000,50.000000
167880.000,0.01200000,6.1962295686e-02,5.7932354730e+03,0.05314144,50.007550,0.04999000,50.000000
167940.000,0.01200000,6.1949704363e-02,5.7930996252e+03,0.05313890,50.007544,0.04999000,50.000000
168000.000,0.01200000,6.1937123208e-02,5.7929638824e+03,0.05313636,50.007538,0.04999000,50.000000
168060.000,0.01200000,6.1924552206e-02,5.7928282447e+03,0.05313382,50.007533,0.04999000,50.000000
168120.000,0.01200000,6.1911991346e-02,5.7926927119e+03,0.05313128,50.007527,0.04999000,50.000000
168180.000,0.01200000,6.1899440615e-02,5.7925572839e+03,0.05312875,50.007521,0.04999000,50.000000
168240.000,0.01200000,6.1886899999e-02,5.7924219606e+03,0.05312622,50.007515,0.04999000,50.000000
168300.000,0.01200000,6.1874369486e-02,5.7922867417e+03,0.05312369,50.007509,0.04999000,50.000000
168360.000,0.01200000,6.1861849062e-02,5.7921516273e+03,0.05312117,50.007504,0.04999000,50.000000
168420.000,0.01200000,6.1849338716e-02,5.7920166171e+03,0.05311865,50.007498,0.04999000,50.000000
168480.000,0.01200000,6.1836838435e-02,5.7918817110e+03,0.05311614,50.007492,0.04999000,50.000000
168540.000,0.01200000,6.1824348206e-02,5.7917469090e+03,0.05311362,50.007486,0.04999000,50.000000
168600.000,0.01200000,6.1811868015e-02,5.7916122108e+03,0.05311111,50.007480,0.04999000,50.000000
168660.000,0.01200000,6.1799397851e-02,5.7914776165e+03,0.05310860,50.007475,0.04999000,50.000000
168720.000,0.01200000,6.1786937701e-02,5.7913431257e+03,0.05310610,50.007469,0.04999000,50.000000
168780.000,0.01200000,6.1774487553e-02,5.7912087385e+03,0.05310360,50.007463,0.04999000,50.000000
168840.000,0.01200000,6.1762047392e-02,5.7910744546e+03,0.05310110,50.007457,0.04999000,50.000000
168900.000,0.01200000,6.1749617208e-02,5.7909402740e+03,0.05309861,50.007452,0.04999000,50.000000
168960.000,0.01200000,6.1737196988e-02,5.7908061965e+03,0.05309612,50.007446,0.04999000,50.000000
169020.000,0.01200000,6.1724786718e-02,5.7906722221e+03,0.05309363,50.007440,0.04999000,50.000000
169080.000,0.01200000,6.1712386386e-02,5.7905383505e+03,0.05309114,50.007435,0.04999000,50.000000
169140.000,0.01200000,6.1699995981e-02,5.7904045817e+03,0.05308866,50.007429,0.04999000,50.000000
169200.000,0.01200000,6.1687615489e-02,5.7902709155e+03,0.05308618,50.007423,0.04999000,50.000000
169260.000,0.01200000,6.1675244898e-02,5.7901373518e+03,0.05308371,50.007417,0.04999000,50.000000
169320.000,0.01200000,6.1662884195e-02,5.7900038905e+03,0.05308124,50.007412,0.04999000,50.000000
169380.000,0.01200000,6.1650533369e-02,5.7898705314e+03,0.05307877,50.007406,0.04999000,50.000000
169440.000,0.01200000,6.1638192406e-02,5.7897372745e+03,0.05307630,50.007400,0.04999000,50.000000
169500.000,0.01200000,6.1625861295e-02,5.7896041197e+03,0.05307384,50.007395,0.04999000,50.000000
169560.000,0.01200000,6.1613540023e-02,5.7894710667e+03,0.05307138,50.007389,0.04999000,50.000000
169620.000,0.01200000,6.1601228577e-02,5.7893381154e+03,0.05306892,50.007383,0.04999000,50.000000
169680.000,0.01200000,6.1588926946e-02,5.7892052659e+03,0.05306647,50.007378,0.04999000,50.000000
169740.000,0.01200000,6.1576635117e-02,5.7890725178e+03,0.05306402,50.007372,0.04999000,50.000000
169800.000,0.01200000,6.1564353078e-02,5.7889398711e+03,0.05306157,50.007367,0.04999000,50.000000
169860.000,0.01200000,6.1552080816e-02,5.7888073257e+03,0.05305912,50.007361,0.04999000,50.000000
169920.000,0.01200000,6.1539818320e-02,5.7886748815e+03,0.05305668,50.007355,0.04999000,50.000000
169980.000,0.01200000,6.1527565576e-02,5.7885425383e+03,0.05305424,50.007350,0.04999000,50.000000
170040.000,0.01200000,6.1515322574e-02,5.7884102961e+03,0.05305181,50.007344,0.04999000,50.000000
170100.000,0.01200000,6.1503089301e-02,5.7882781546e+03,0.05304938,50.007338,0.04999000,50.000000
170160.000,0.01200000,6.1490865744e-02,5.7881461137e+03,0.05304695,50.007333,0.04999000,50.000000
170220.000,0.01200000,6.1478651892e-02,5.7880141735e+03,0.05304452,50.007327,0.04999000,50.000000
170280.000,0.01200000,6.1466447732e-02,5.7878823336e+03,0.05304210,50.007322,0.04999000,50.000000
170340.000,0.01200000,6.1454253252e-02,5.7877505941e+03,0.05303968,50.007316,0.04999000,50.000000
170400.000,0.01200000,6.1442068441e-02,5.7876189547e+03,0.05303726,50.007311,0.04999000,50.000000
170460.000,0.01200000,6.1429893286e-02,5.7874874155e+03,0.05303484,50.007305,0.04999000,50.000000
170520.000,0.01200000,6.1417727775e-02,5.7873559761e+03,0.05303243,50.007300,0.04999000,50.000000
170580.000,0.01200000,6.1405571896e-02,5.7872246366e+03,0.05303002,50.007294,0.04999000,50.000000
170640.000,0.01200000,6.1393425638e-02,5.7870933968e+03,0.05302762,50.007288,0.04999000,50.000000
170700.000,0.01200000,6.1381288987e-02,5.7869622566e+03,0.05302522,50.007283,0.04999000,50.000000
170760.000,0.01200000,6.1369161933e-02,5.7868312158e+03,0.05302282,50.007277,0.04999000,50.000000
170820.000,0.01200000,6.1357044464e-02,5.7867002744e+03,0.05302042,50.007272,0.04999000,50.000000
170880.000,0.01200000,6.1344936567e-02,5.7865694323e+03,0.05301803,50.007266,0.04999000,50.000000
170940.000,0.01200000,6.1332838230e-02,5.7864386892e+03,0.05301564,50.007261,0.04999000,50.000000
171000.000,0.01200000,6.1320749443e-02,5.7863080451e+03,0.05301325,50.007255,0.04999000,50.000000
171060.000,0.01200000,6.1308670192e-02,5.7861775000e+03,0.05301087,50.007250,0.04999000,50.000000
171120.000,0.01200000,6.1296600466e-02,5.7860470535e+03,0.05300848,50.007244,0.04999000,50.000000
171180.000,0.01200000,6.1284540253e-02,5.7859167057e+03,0.05300610,50.007239,0.04999000,50.000000
171240.000,0.01200000,6.1272489542e-02,5.7857864564e+03,0.05300373,50.007233,0.04999000,50.000000
171300.000,0.01200000,6.1260448321e-02,5.7856563056e+03,0.05300136,50.007228,0.04999000,50.000000
171360.000,0.01200000,6.1248416578e-02,5.7855262530e+03,0.05299899,50.007223,0.04999000,50.000000
171420.000,0.01200000,6.1236394300e-02,5.7853962986e+03,0.05299662,50.007217,0.04999000,50.000000
171480.000,0.01200000,6.1224381478e-02,5.7852664422e+03,0.05299426,50.007212,0.04999000,50.000000
171540.000,0.01200000,6.1212378098e-02,5.7851366838e+03,0.05299190,50.007206,0.04999000,50.000000
171600.000,0.01200000,6.1200384149e-02,5.7850070232e+03,0.05298954,50.007201,0.04999000,50.000000
171660.000,0.01200000,6.1188399620e-02,5.7848774602e+03,0.05298718,50.007195,0.04999000,50.000000
171720.000,0.01200000,6.1176424499e-02,5.7847479949e+03,0.05298483,50.007190,0.04999000,50.000000
171780.000,0.01200000,6.1164458774e-02,5.7846186270e+03,0.05298248,50.007184,0.04999000,50.000000
171840.000,0.01200000,6.1152502434e-02,5.7844893565e+03,0.05298013,50.007179,0.04999000,50.000000
171900.000,0.01200000,6.1140555467e-02,5.7843601833e+03,0.05297779,50.007174,0.04999000,50.000000
171960.000,0.01200000,6.1128617862e-02,5.7842311071e+03,0.05297545,50.007168,0.04999000,50.000000
172020.000,0.01200000,6.1116689606e-02,5.7841021280e+03,0.05297311,50.007163,0.04999000,50.000000
172080.000,0.01200000,6.1104770689e-02,5.7839732457e+03,0.05297078,50.007158,0.04999000,50.000000
172140.000,0.01200000,6.1092861099e-02,5.7838444603e+03,0.05296844,50.007152,0.04999000,50.000000
172200.000,0.01200000,6.1080960825e-02,5.7837157715e+03,0.05296612,50.007147,0.04999000,50.000000
172260.000,0.01200000,6.1069069855e-02,5.7835871792e+03,0.05296379,50.007141,0.04999000,50.000000
172320.000,0.01200000,6.1057188177e-02,5.7834586834e+03,0.05296147,50.007136,0.04999000,50.000000
172380.000,0.01200000,6.1045315781e-02,5.7833302838e+03,0.05295914,50.007131,0.04999000,50.000000
172440.000,0.01200000,6.1033452654e-02,5.7832019805e+03,0.05295683,50.007125,0.04999000,50.000000
172500.000,0.01200000,6.1021598786e-02,5.7830737733e+03,0.05295451,50.007120,0.04999000,50.000000
172560.000,0.01200000,6.1009754165e-02,5.7829456621e+03,0.05295220,50.007115,0.04999000,50.000000
172620.000,0.01200000,6.0997918780e-02,5.7828176467e+03,0.05294989,50.007109,0.04999000,50.000000
172680.000,0.01200000,6.0986092619e-02,5.7826897271e+03,0.05294758,50.007104,0.04999000,50.000000
172740.000,0.01200000,6.0974275672e-02,5.7825619031e+03,0.05294528,50.007099,0.04999000,50.000000
172800.000,0.01200000,6.0962467926e-02,5.7824341746e+03,0.05294298,50.007093,0.04999000,50.000000
172860.000,0.01200000,6.0950669370e-02,5.7823065416e+03,0.05294068,50.007088,0.04999000,50.000000
172920.000,0.01200000,6.0938879994e-02,5.7821790038e+03,0.05293839,50.007083,0.04999000,50.000000
172980.000,0.01200000,6.0927099787e-02,5.7820515612e+03,0.05293609,50.007078,0.04999000,50.000000
173040.000,0.01200000,6.0915328736e-02,5.7819242137e+03,0.05293381,50.007072,0.04999000,50.000000
173100.000,0.01200000,6.0903566830e-02,5.7817969612e+03,0.05293152,50.007067,0.04999000,50.000000
173160.000,0.01200000,6.0891814059e-02,5.7816698035e+03,0.05292923,50.007062,0.04999000,50.000000
173220.000,0.01200000,6.0880070412e-02,5.7815427406e+03,0.05292695,50.007057,0.04999000,50.000000
173280.000,0.01200000,6.0868335876e-02,5.7814157723e+03,0.05292468,50.007051,0.04999000,50.000000
173340.000,0.01200000,6.0856610442e-02,5.7812888985e+03,0.05292240,50.007046,0.04999000,50.000000
173400.000,0.01200000,6.0844894098e-02,5.7811621191e+03,0.05292013,50.007041,0.04999000,50.000000
173460.000,0.01200000,6.0833186832e-02,5.7810354339e+03,0.05291786,50.007036,0.04999000,50.000000
173520.000,0.01200000,6.0821488635e-02,5.7809088430e+03,0.05291559,50.007030,0.04999000,50.000000
173580.000,0.01200000,6.0809799494e-02,5.7807823462e+03,0.05291333,50.007025,0.04999000,50.000000
173640.000,0.01200000,6.0798119399e-02,5.7806559433e+03,0.05291106,50.007020,0.04999000,50.000000
173700.000,0.01200000,6.0786448338e-02,5.7805296342e+03,0.05290880,50.007015,0.04999000,50.000000
173760.000,0.01200000,6.0774786301e-02,5.7804034189e+03,0.05290655,50.007009,0.04999000,50.000000
173820.000,0.01200000,6.0763133277e-02,5.7802772973e+03,0.05290429,50.007004,0.04999000,50.000000
173880.000,0.01200000,6.0751489255e-02,5.7801512691e+03,0.05290204,50.006999,0.04999000,50.000000
173940.000,0.01200000,6.0739854224e-02,5.7800253344e+03,0.05289980,50.006994,0.04999000,50.000000
174000.000,0.01200000,6.0728228173e-02,5.7798994929e+03,0.05289755,50.006989,0.04999000,50.000000
174060.000,0.01200000,6.0716611090e-02,5.7797737447e+03,0.05289531,50.006984,0.04999000,50.000000
174120.000,0.01200000,6.0705002966e-02,5.7796480895e+03,0.05289307,50.006978,0.04999000,50.000000
174180.000,0.01200000,6.0693403789e-02,5.7795225273e+03,0.05289083,50.006973,0.04999000,50.000000
174240.000,0.01200000,6.0681813548e-02,5.7793970580e+03,0.05288860,50.006968,0.04999000,50.000000
174300.000,0.01200000,6.0670232233e-02,5.7792716814e+03,0.05288637,50.006963,0.04999000,50.000000
174360.000,0.01200000,6.0658659833e-02,5.7791463975e+03,0.05288414,50.006958,0.04999000,50.000000
174420.000,0.01200000,6.0647096336e-02,5.7790212062e+03,0.05288191,50.006953,0.04999000,50.000000
174480.000,0.01200000,6.0635541733e-02,5.7788961072e+03,0.05287969,50.006947,0.04999000,50.000000
174540.000,0.01200000,6.0623996012e-02,5.7787711006e+03,0.05287747,50.006942,0.04999000,50.000000
174600.000,0.01200000,6.0612459163e-02,5.7786461862e+03,0.05287525,50.006937,0.04999000,50.000000
174660.000,0.01200000,6.0600931175e-02,5.7785213639e+03,0.05287303,50.006932,0.04999000,50.000000
174720.000,0.01200000,6.0589412037e-02,5.7783966336e+03,0.05287082,50.006927,0.04999000,50.000000
174780.000,0.01200000,6.0577901738e-02,5.7782719952e+03,0.05286861,50.006922,0.04999000,50.000000
174840.000,0.01200000,6.0566400269e-02,5.7781474486e+03,0.05286640,50.006917,0.04999000,50.000000
174900.000,0.01200000,6.0554907617e-02,5.7780229937e+03,0.05286420,50.006912,0.04999000,50.000000
174960.000,0.01200000,6.0543423773e-02,5.7778986303e+03,0.05286199,50.006907,0.04999000,50.000000
175020.000,0.01200000,6.0531948726e-02,5.7777743584e+03,0.05285979,50.006902,0.04999000,50.000000
175080.000,0.01200000,6.0520484031e-02,5.7776501780e+03,0.05285760,50.006896,0.04999000,50.000000
175140.000,0.01200000,6.0509046040e-02,5.7775260990e+03,0.05285541,50.006890,0.04999000,50.000000
175200.000,0.01200000,6.0497616786e-02,5.7774021291e+03,0.05285322,50.006884,0.04999000,50.000000
175260.000,0.01200000,6.0486196257e-02,5.7772782667e+03,0.05285103,50.006878,0.04999000,50.000000
175320.000,0.01200000,6.0474784442e-02,5.7771545102e+03,0.05284885,50.006873,0.04999000,50.000000
175380.000,0.01200000,6.0463381331e-02,5.7770308582e+03,0.05284667,50.006867,0.04999000,50.000000
175440.000,0.01200000,6.0451986915e-02,5.7769073092e+03,0.05284449,50.006861,0.04999000,50.000000
175500.000,0.01200000,6.0440601181e-02,5.7767838621e+03,0.05284232,50.006855,0.04999000,50.000000
175560.000,0.01200000,6.0429224121e-02,5.7766605156e+03,0.05284015,50.006850,0.04999000,50.000000
175620.000,0.01200000,6.0417855722e-02,5.7765372688e+03,0.05283798,50.006844,0.04999000,50.000000
175680.000,0.01200000,6.0406495976e-02,5.7764141205e+03,0.05283581,50.006839,0.04999000,50.000000
175740.000,0.01200000,6.0395144872e-02,5.7762910700e+03,0.05283365,50.006834,0.04999000,50.000000
175800.000,0.01200000,6.0383802398e-02,5.7761681164e+03,0.05283148,50.006828,0.04999000,50.000000
175860.000,0.01200000,6.0372468546e-02,5.7760452589e+03,0.05282932,50.006823,0.04999000,50.000000
175920.000,0.01200000,6.0361143304e-02,5.7759224969e+03,0.05282717,50.006818,0.04999000,50.000000
175980.000,0.01200000,6.0349826662e-02,5.7757998297e+03,0.05282501,50.006812,0.04999000,50.000000
176040.000,0.01200000,6.0338518611e-02,5.7756772568e+03,0.05282286,50.006807,0.04999000,50.000000
176100.000,0.01200000,6.0327219139e-02,5.7755547775e+03,0.05282071,50.006802,0.04999000,50.000000
176160.000,0.01200000,6.0315928236e-02,5.7754323914e+03,0.05281857,50.006797,0.04999000,50.000000
176220.000,0.01200000,6.0304645893e-02,5.7753100980e+03,0.05281642,50.006792,0.04999000,50.000000
176280.000,0.01200000,6.0293372098e-02,5.7751878968e+03,0.05281428,50.006786,0.04999000,50.000000
176340.000,0.01200000,6.0282106843e-02,5.7750657876e+03,0.05281214,50.006781,0.04999000,50.000000
176400.000,0.01200000,6.0270850115e-02,5.7749437698e+03,0.05281001,50.006776,0.04999000,50.000000
176460.000,0.01200000,6.0259601907e-02,5.7748218431e+03,0.05280787,50.006771,0.04999000,50.000000
176520.000,0.01200000,6.0248362206e-02,5.7747000073e+03,0.05280574,50.006766,0.04999000,50.000000
176580.000,0.01200000,6.0237131004e-02,5.7745782619e+03,0.05280361,50.006761,0.04999000,50.000000
176640.000,0.01200000,6.0225908289e-02,5.7744566068e+03,0.05280149,50.006756,0.04999000,50.000000
176700.000,0.01200000,6.0214694052e-02,5.7743350416e+03,0.05279937,50.006751,0.04999000,50.000000
176760.000,0.01200000,6.0203488284e-02,5.7742135661e+03,0.05279724,50.006746,0.04999000,50.000000
176820.000,0.01200000,6.0192290972e-02,5.7740921800e+03,0.05279513,50.006741,0.04999000,50.000000
176880.000,0.01200000,6.0181102109e-02,5.7739708832e+03,0.05279301,50.006736,0.04999000,50.000000
176940.000,0.01200000,6.0169921682e-02,5.7738496753e+03,0.05279090,50.006731,0.04999000,50.000000
177000.000,0.01200000,6.0158749684e-02,5.7737285562e+03,0.05278879,50.006726,0.04999000,50.000000
177060.000,0.01200000,6.0147586103e-02,5.7736075257e+03,0.05278668,50.006722,0.04999000,50.000000
177120.000,0.01200000,6.0136430929e-02,5.7734865837e+03,0.05278457,50.006717,0.04999000,50.000000
177180.000,0.01200000,6.0125284153e-02,5.7733657298e+03,0.05278247,50.006712,0.04999000,50.000000
177240.000,0.01200000,6.0114145765e-02,5.7732449640e+03,0.05278037,50.006707,0.04999000,50.000000
177300.000,0.01200000,6.0103015754e-02,5.7731242861e+03,0.05277827,50.006702,0.04999000,50.000000
177360.000,0.01200000,6.0091894111e-02,5.7730036960e+03,0.05277617,50.006697,0.04999000,50.000000
177420.000,0.01200000,6.0080780826e-02,5.7728831934e+03,0.05277408,50.006692,0.04999000,50.000000
177480.000,0.01200000,6.0069675889e-02,5.7727627782e+03,0.05277199,50.006687,0.04999000,50.000000
177540.000,0.01200000,6.0058579289e-02,5.7726424504e+03,0.05276990,50.006683,0.04999000,50.000000
177600.000,0.01200000,6.0047491018e-02,5.7725222097e+03,0.05276782,50.006678,0.04999000,50.000000
177660.000,0.01200000,6.0036411065e-02,5.7724020559e+03,0.05276573,50.006673,0.04999000,50.000000
177720.000,0.01200000,6.0025339421e-02,5.7722819891e+03,0.05276365,50.006668,0.04999000,50.000000
177780.000,0.01200000,6.0014276075e-02,5.7721620090e+03,0.05276157,50.006663,0.04999000,50.000000
177840.000,0.01200000,6.0003221018e-02,5.7720421156e+03,0.05275950,50.006658,0.04999000,50.000000
177900.000,0.01200000,5.9992174241e-02,5.7719223086e+03,0.05275742,50.006654,0.04999000,50.000000
177960.000,0.01200000,5.9981135732e-02,5.7718025881e+03,0.05275535,50.006649,0.04999000,50.000000
178020.000,0.01200000,5.9970105483e-02,5.7716829538e+03,0.05275328,50.006644,0.04999000,50.000000
178080.000,0.01200000,5.9959083484e-02,5.7715634056e+03,0.05275122,50.006639,0.04999000,50.000000
178140.000,0.01200000,5.9948069725e-02,5.7714439435e+03,0.05274915,50.006634,0.04999000,50.000000
178200.000,0.01200000,5.9937064196e-02,5.7713245672e+03,0.05274709,50.006630,0.04999000,50.000000
178260.000,0.01200000,5.9926066888e-02,5.7712052768e+03,0.05274503,50.006625,0.04999000,50.000000
178320.000,0.01200000,5.9915077790e-02,5.7710860721e+03,0.05274298,50.006620,0.04999000,50.000000
178380.000,0.01200000,5.9904096895e-02,5.7709669530e+03,0.05274092,50.006615,0.04999000,50.000000
178440.000,0.01200000,5.9893124190e-02,5.7708479194e+03,0.05273887,50.006611,0.04999000,50.000000
178500.000,0.01200000,5.9882159668e-02,5.7707289711e+03,0.05273682,50.006606,0.04999000,50.000000
178560.000,0.01200000,5.9871203318e-02,5.7706101081e+03,0.05273477,50.006601,0.04999000,50.000000
178620.000,0.01200000,5.9860255132e-02,5.7704913302e+03,0.05273273,50.006596,0.04999000,50.000000
178680.000,0.01200000,5.9849315098e-02,5.7703726375e+03,0.05273069,50.006592,0.04999000,50.000000
178740.000,0.01200000,5.9838383208e-02,5.7702540296e+03,0.05272865,50.006587,0.04999000,50.000000
178800.000,0.01200000,5.9827459452e-02,5.7701355067e+03,0.05272661,50.006582,0.04999000,50.000000
178860.000,0.01200000,5.9816543820e-02,5.7700170684e+03,0.05272458,50.006578,0.04999000,50.000000
178920.000,0.01200000,5.9805636304e-02,5.7698987149e+03,0.05272254,50.006573,0.04999000,50.000000
178980.000,0.01200000,5.9794736893e-02,5.7697804459e+03,0.05272051,50.006568,0.04999000,50.000000
179040.000,0.01200000,5.9783845578e-02,5.7696622613e+03,0.05271848,50.006564,0.04999000,50.000000
179100.000,0.01200000,5.9772962350e-02,5.7695441611e+03,0.05271646,50.006559,0.04999000,50.000000
179160.000,0.01200000,5.9762087198e-02,5.7694261451e+03,0.05271444,50.006554,0.04999000,50.000000
179220.000,0.01200000,5.9751220115e-02,5.7693082134e+03,0.05271242,50.006550,0.04999000,50.000000
179280.000,0.01200000,5.9740361089e-02,5.7691903656e+03,0.05271040,50.006545,0.04999000,50.000000
179340.000,0.01200000,5.9729510113e-02,5.7690726018e+03,0.05270838,50.006540,0.04999000,50.000000
179400.000,0.01200000,5.9718667175e-02,5.7689549219e+03,0.05270637,50.006536,0.04999000,50.000000
179460.000,0.01200000,5.9707832268e-02,5.7688373258e+03,0.05270436,50.006531,0.04999000,50.000000
179520.000,0.01200000,5.9697005381e-02,5.7687198133e+03,0.05270235,50.006526,0.04999000,50.000000
179580.000,0.01200000,5.9686186505e-02,5.7686023844e+03,0.05270034,50.006522,0.04999000,50.000000
179640.000,0.01200000,5.9675375631e-02,5.7684850390e+03,0.05269834,50.006517,0.04999000,50.000000
179700.000,0.01200000,5.9664572750e-02,5.7683677770e+03,0.05269634,50.006512,0.04999000,50.000000
179760.000,0.01200000,5.9653777852e-02,5.7682505983e+03,0.05269434,50.006508,0.04999000,50.000000
179820.000,0.01200000,5.9642990928e-02,5.7681335027e+03,0.05269234,50.006503,0.04999000,50.000000
179880.000,0.01200000,5.9632211968e-02,5.7680164903e+03,0.05269034,50.006498,0.04999000,50.000000
179940.000,0.01200000,5.9621440964e-02,5.7678995609e+03,0.05268835,50.006494,0.04999000,50.000000
180000.000,0.01200000,5.9610677906e-02,5.7677827143e+03,0.05268636,50.006489,0.04999000,50.000000
180060.000,0.01200000,5.9599922785e-02,5.7676659506e+03,0.05268437,50.006485,0.04999000,50.000000
180120.000,0.01200000,5.9589175591e-02,5.7675492697e+03,0.05268239,50.006480,0.04999000,50.000000
180180.000,0.01200000,5.9578436316e-02,5.7674326713e+03,0.05268040,50.006475,0.04999000,50.000000
180240.000,0.01200000,5.9567704950e-02,5.7673161555e+03,0.05267842,50.006471,0.04999000,50.000000
180300.000,0.01200000,5.9556981483e-02,5.7671997221e+03,0.05267644,50.006466,0.04999000,50.000000
180360.000,0.01200000,5.9546265908e-02,5.7670833711e+03,0.05267447,50.006462,0.04999000,50.000000
180420.000,0.01200000,5.9535558214e-02,5.7669671024e+03,0.05267249,50.006457,0.04999000,50.000000
180480.000,0.01200000,5.9524858393e-02,5.7668509158e+03,0.05267052,50.006453,0.04999000,50.000000
180540.000,0.01200000,5.9514166435e-02,5.7667348112e+03,0.05266855,50.006448,0.04999000,50.000000
180600.000,0.01200000,5.9503482332e-02,5.7666187887e+03,0.05266659,50.006444,0.04999000,50.000000
180660.000,0.01200000,5.9492806074e-02,5.7665028481e+03,0.05266462,50.006439,0.04999000,50.000000
180720.000,0.01200000,5.9482137651e-02,5.7663869892e+03,0.05266266,50.006434,0.04999000,50.000000
180780.000,0.01200000,5.9471477056e-02,5.7662712121e+03,0.05266070,50.006430,0.04999000,50.000000
180840.000,0.01200000,5.9460824279e-02,5.7661555165e+03,0.05265874,50.006425,0.04999000,50.000000
180900.000,0.01200000,5.9450179310e-02,5.7660399025e+03,0.05265678,50.006421,0.04999000,50.000000
180960.000,0.01200000,5.9439542142e-02,5.7659243700e+03,0.05265483,50.006416,0.04999000,50.000000
181020.000,0.01200000,5.9428912764e-02,5.7658089187e+03,0.05265288,50.006412,0.04999000,50.000000
181080.000,0.01200000,5.9418291168e-02,5.7656935487e+03,0.05265093,50.006407,0.04999000,50.000000
181140.000,0.01200000,5.9407677345e-02,5.7655782599e+03,0.05264898,50.006403,0.04999000,50.000000
181200.000,0.01200000,5.9397071286e-02,5.7654630522e+03,0.05264704,50.006398,0.04999000,50.000000
181260.000,0.01200000,5.9386472981e-02,5.7653479254e+03,0.05264510,50.006394,0.04999000,50.000000
181320.000,0.01200000,5.9375882423e-02,5.7652328795e+03,0.05264316,50.006389,0.04999000,50.000000
181380.000,0.01200000,5.9365299602e-02,5.7651179144e+03,0.05264122,50.006385,0.04999000,50.000000
181440.000,0.01200000,5.9354724508e-02,5.7650030300e+03,0.05263928,50.006380,0.04999000,50.000000
181500.000,0.01200000,5.9344157134e-02,5.7648882262e+03,0.05263735,50.006376,0.04999000,50.000000
181560.000,0.01200000,5.9333597471e-02,5.7647735030e+03,0.05263542,50.006371,0.04999000,50.000000
181620.000,0.01200000,5.9323045509e-02,5.7646588602e+03,0.05263349,50.006367,0.04999000,50.000000
181680.000,0.01200000,5.9312501239e-02,5.7645442977e+03,0.05263156,50.006362,0.04999000,50.000000
181740.000,0.01200000,5.9301964653e-02,5.7644298155e+03,0.05262964,50.006358,0.04999000,50.000000
181800.000,0.01200000,5.9291435742e-02,5.7643154135e+03,0.05262771,50.006354,0.04999000,50.000000
181860.000,0.01200000,5.9280914497e-02,5.7642010915e+03,0.05262579,50.006349,0.04999000,50.000000
181920.000,0.01200000,5.9270400909e-02,5.7640868496e+03,0.05262388,50.006345,0.04999000,50.000000
181980.000,0.01200000,5.9259894969e-02,5.7639726875e+03,0.05262196,50.006340,0.04999000,50.000000
182040.000,0.01200000,5.9249396670e-02,5.7638586053e+03,0.05262005,50.006336,0.04999000,50.000000
182100.000,0.01200000,5.9238906001e-02,5.7637446028e+03,0.05261814,50.006331,0.04999000,50.000000
182160.000,0.01200000,5.9228422954e-02,5.7636306799e+03,0.05261623,50.006327,0.04999000,50.000000
182220.000,0.01200000,5.9217947521e-02,5.7635168366e+03,0.05261432,50.006323,0.04999000,50.000000
182280.000,0.01200000,5.9207479692e-02,5.7634030727e+03,0.05261242,50.006318,0.04999000,50.000000
182340.000,0.01200000,5.9197019460e-02,5.7632893882e+03,0.05261051,50.006314,0.04999000,50.000000
