relpath,ext,size,reason,has_origin
_非md非文本清单.txt,.txt,923500,本目录自建产物,N
2026国赛AI助攻资料合集\2026数学建模国赛AI全自动自查表（标准版）\AI全自动检测完整演示.mp4,.mp4,97591499,二进制_不可索引不可直读,Y
2026国赛论文写作模版\latex\latex\Fira Code Retina Nerd Font Complete.otf,.otf,2285564,二进制_不可索引不可直读,N
2026国赛论文写作模版\latex\latex\YaHei.Consolas.1.11b.ttf,.ttf,14476528,二进制_不可索引不可直读,N
2026国赛论文写作模版\latex\latex\数模通用模板.tex,.tex,6042,纯文本_扩展名未收录,N
2026国赛论文写作模版\latex\latex\figures\example.eps,.eps,458067,纯文本_扩展名未收录,N
2026国赛论文写作模版\latex\latex\fonts\SourceHanSerifCN-Bold.otf,.otf,11772444,二进制_不可索引不可直读,N
2026国赛论文写作模版\latex\latex\fonts\SourceHanSerifCN-Regular.otf,.otf,11257480,二进制_不可索引不可直读,N
2026数学建模核心资料\国赛B题必备模型+代码资料合集\国赛B题必备优化模型——0-1整数规划\0-1规划的两种求解（模拟退火及Lingo求解）\2011年国赛B题论文代码复现\cumcm2011B附件2_全市六区交通网路和平台设置的数据表.xls,.xls,116736,二进制_不可索引不可直读,N
2026数学建模核心资料\国赛B题必备模型+代码资料合集\国赛B题必备优化模型——0-1整数规划\0-1规划的两种求解（模拟退火及Lingo求解）\2011年国赛B题论文代码复现\rask2.lg4,.lg4,6656,二进制_不可索引不可直读,N
2026数学建模核心资料\国赛B题必备模型+代码资料合集\国赛B题必备优化模型——动态规划\动态规划经典题PPT.ppt,.ppt,570368,二进制_不可索引不可直读,Y
2026数学建模核心资料\国赛B题必备模型+代码资料合集\国赛B题必备优化模型——单目标规划与多目标规划\多目标规划.ppt,.ppt,484354,二进制_不可索引不可直读,Y
2026数学建模核心资料\国赛B题必备模型+代码资料合集\国赛B题必备优化模型——单目标规划与多目标规划\多目标规划ppt(1).ppt,.ppt,5462016,二进制_不可索引不可直读,Y
2026数学建模核心资料\国赛B题必备模型+代码资料合集\国赛B题必备优化模型——单目标规划与多目标规划\多目标规划模型.pptx,.pptx,2629654,二进制_不可索引不可直读,Y
2026数学建模核心资料\国赛B题必备模型+代码资料合集\国赛B题必备优化模型——单目标规划与多目标规划\最优化之多目标规划.ppt,.ppt,3478528,二进制_不可索引不可直读,Y
2026数学建模核心资料\国赛B题必备模型+代码资料合集\国赛B题必备优化模型——单目标规划与多目标规划\第8章 多目标优化.ppt,.ppt,615936,二进制_不可索引不可直读,Y
2026数学建模核心资料\国赛B题必备模型+代码资料合集\国赛B题必备优化模型——单目标规划与多目标规划\第五章多目标问题的最优化方法.ppt,.ppt,336896,二进制_不可索引不可直读,Y
2026数学建模核心资料\国赛B题必备模型+代码资料合集\国赛B题必备优化模型——单目标规划与多目标规划\第六章--多目标规划.ppt,.ppt,571392,二进制_不可索引不可直读,Y
2026数学建模核心资料\国赛B题必备模型+代码资料合集\国赛B题必备优化模型——单目标规划与多目标规划\第十章 多目标优化方法简介.ppt,.ppt,224256,二进制_不可索引不可直读,Y
2026数学建模核心资料\国赛B题必备模型+代码资料合集\国赛B题必备优化模型——模拟退火算法\数学建模———离散模型.ppt,.ppt,1392128,二进制_不可索引不可直读,Y
2026数学建模核心资料\国赛B题必备模型+代码资料合集\国赛B题必备优化模型——模拟退火算法\数学建模——模拟退火.ppt,.ppt,369664,二进制_不可索引不可直读,Y
2026数学建模核心资料\国赛B题必备模型+代码资料合集\国赛B题必备优化模型——模拟退火算法\数学建模模拟退火算法PPT文档51页.ppt,.ppt,7364096,二进制_不可索引不可直读,Y
2026数学建模核心资料\国赛B题必备模型+代码资料合集\国赛B题必备优化模型——模拟退火算法\模拟退火算法与MATLAB实现.pptx,.pptx,1060877,二进制_不可索引不可直读,Y
2026数学建模核心资料\国赛B题必备模型+代码资料合集\国赛B题必备优化模型——模拟退火算法\模拟退火算法讲解PPT.ppt,.ppt,2203136,二进制_不可索引不可直读,Y
2026数学建模核心资料\国赛B题必备模型+代码资料合集\国赛B题必备优化模型——模拟退火算法\用MATLAB实现模拟退火算法.pptx,.pptx,983245,二进制_不可索引不可直读,Y
2026数学建模核心资料\国赛B题必备模型+代码资料合集\国赛B题必备优化模型——模拟退火算法\模拟退火算法\模拟退火算法学习及试验分析.ppt,.ppt,660992,二进制_不可索引不可直读,N
2026数学建模核心资料\国赛B题必备模型+代码资料合集\国赛B题必备优化模型——模拟退火算法\模拟退火算法的matlab示例\SA_TSP\stsp.fig,.fig,40136,二进制_不可索引不可直读,N
2026数学建模核心资料\国赛B题必备模型+代码资料合集\国赛B题必备优化模型——模拟退火算法\模拟退火算法的matlab示例\SA_TSP\stsp_v61.fig,.fig,39296,二进制_不可索引不可直读,N
2026数学建模核心资料\国赛B题必备模型+代码资料合集\国赛B题必备优化模型——混合整数规划\Matlab工具包混合整数规划\Mixed Integer Linear Program\lpkit23.lib,.lib,5120,二进制_不可索引不可直读,N
2026数学建模核心资料\国赛B题必备模型+代码资料合集\国赛B题必备优化模型——混合整数规划\Matlab工具包混合整数规划\Mixed Integer Linear Program\README,,347,无扩展名_不可索引_文本,N
2026数学建模核心资料\国赛B题必备模型+代码资料合集\国赛B题必备优化模型——混合整数规划\Matlab工具包混合整数规划\Mixed Integer Linear Program\README1,,1426,无扩展名_不可索引_文本,N
2026数学建模核心资料\国赛B题必备模型+代码资料合集\国赛B题必备优化模型——混合整数规划\Matlab工具包混合整数规划\Mixed Integer Linear Program\lp20w95\CHANGELO,,4000,无扩展名_不可索引_文本,N
2026数学建模核心资料\国赛B题必备模型+代码资料合集\国赛B题必备优化模型——混合整数规划\Matlab工具包混合整数规划\Mixed Integer Linear Program\lp20w95\LEX.L,.l,1232,纯文本_扩展名未收录,N
2026数学建模核心资料\国赛B题必备模型+代码资料合集\国赛B题必备优化模型——混合整数规划\Matlab工具包混合整数规划\Mixed Integer Linear Program\lp20w95\LP.Y,.y,3690,纯文本_扩展名未收录,N
2026数学建模核心资料\国赛B题必备模型+代码资料合集\国赛B题必备优化模型——混合整数规划\Matlab工具包混合整数规划\Mixed Integer Linear Program\lp20w95\LPKIT.LIB,.lib,109056,二进制_不可索引不可直读,N
2026数学建模核心资料\国赛B题必备模型+代码资料合集\国赛B题必备优化模型——混合整数规划\Matlab工具包混合整数规划\Mixed Integer Linear Program\lp20w95\LP_SOLVE.1,.1,7913,纯文本_扩展名未收录,N
2026数学建模核心资料\国赛B题必备模型+代码资料合集\国赛B题必备优化模型——混合整数规划\Matlab工具包混合整数规划\Mixed Integer Linear Program\lp20w95\LP_SOLVE.DSW,.dsw,6039,二进制_不可索引不可直读,N
2026数学建模核心资料\国赛B题必备模型+代码资料合集\国赛B题必备优化模型——混合整数规划\Matlab工具包混合整数规划\Mixed Integer Linear Program\lp20w95\LP_SOLVE.IDE,.ide,43018,二进制_不可索引不可直读,N
2026数学建模核心资料\国赛B题必备模型+代码资料合集\国赛B题必备优化模型——混合整数规划\Matlab工具包混合整数规划\Mixed Integer Linear Program\lp20w95\MAKEFILE,,2881,无扩展名_不可索引_文本,N
2026数学建模核心资料\国赛B题必备模型+代码资料合集\国赛B题必备优化模型——混合整数规划\Matlab工具包混合整数规划\Mixed Integer Linear Program\lp20w95\MANIFEST,,2655,无扩展名_不可索引_文本,N
2026数学建模核心资料\国赛B题必备模型+代码资料合集\国赛B题必备优化模型——混合整数规划\Matlab工具包混合整数规划\Mixed Integer Linear Program\lp20w95\MIPLIB_R,,2976,无扩展名_不可索引_文本,N
2026数学建模核心资料\国赛B题必备模型+代码资料合集\国赛B题必备优化模型——混合整数规划\Matlab工具包混合整数规划\Mixed Integer Linear Program\lp20w95\NETLIB_R,,5719,无扩展名_不可索引_文本,N
2026数学建模核心资料\国赛B题必备模型+代码资料合集\国赛B题必备优化模型——混合整数规划\Matlab工具包混合整数规划\Mixed Integer Linear Program\lp20w95\README,,598,无扩展名_不可索引_文本,N
2026数学建模核心资料\国赛B题必备模型+代码资料合集\国赛B题必备优化模型——混合整数规划\Matlab工具包混合整数规划\Mixed Integer Linear Program\lp20w95\LP_EXAMP\DEMO_LAG.LP,.lp,349,纯文本_扩展名未收录,N
2026数学建模核心资料\国赛B题必备模型+代码资料合集\国赛B题必备优化模型——混合整数规划\Matlab工具包混合整数规划\Mixed Integer Linear Program\lp20w95\LP_EXAMP\EX1.MPS,.mps,416,纯文本_扩展名未收录,N
2026数学建模核心资料\国赛B题必备模型+代码资料合集\国赛B题必备优化模型——混合整数规划\Matlab工具包混合整数规划\Mixed Integer Linear Program\lp20w95\LP_EXAMP\EX1.OUT,.out,226,纯文本_扩展名未收录,N
2026数学建模核心资料\国赛B题必备模型+代码资料合集\国赛B题必备优化模型——混合整数规划\Matlab工具包混合整数规划\Mixed Integer Linear Program\lp20w95\LP_EXAMP\EX2.LP,.lp,61,纯文本_扩展名未收录,N
2026数学建模核心资料\国赛B题必备模型+代码资料合集\国赛B题必备优化模型——混合整数规划\Matlab工具包混合整数规划\Mixed Integer Linear Program\lp20w95\LP_EXAMP\EX2.OUT,.out,175,纯文本_扩展名未收录,N
2026数学建模核心资料\国赛B题必备模型+代码资料合集\国赛B题必备优化模型——混合整数规划\Matlab工具包混合整数规划\Mixed Integer Linear Program\lp20w95\LP_EXAMP\EX3.LP,.lp,58,纯文本_扩展名未收录,N
2026数学建模核心资料\国赛B题必备模型+代码资料合集\国赛B题必备优化模型——混合整数规划\Matlab工具包混合整数规划\Mixed Integer Linear Program\lp20w95\LP_EXAMP\EX3.OUT,.out,175,纯文本_扩展名未收录,N
2026数学建模核心资料\国赛B题必备模型+代码资料合集\国赛B题必备优化模型——混合整数规划\Matlab工具包混合整数规划\Mixed Integer Linear Program\lp20w95\LP_EXAMP\EX4.OUT,.out,4398,纯文本_扩展名未收录,N
2026数学建模核心资料\国赛B题必备模型+代码资料合集\国赛B题必备优化模型——混合整数规划\Matlab工具包混合整数规划\Mixed Integer Linear Program\lp20w95\LP_EXAMP\EX5.OUT,.out,6671,纯文本_扩展名未收录,N
2026数学建模核心资料\国赛B题必备模型+代码资料合集\国赛B题必备优化模型——混合整数规划\Matlab工具包混合整数规划\Mixed Integer Linear Program\lp20w95\LP_EXAMP\EX6.LP,.lp,538,纯文本_扩展名未收录,N
2026数学建模核心资料\国赛B题必备模型+代码资料合集\国赛B题必备优化模型——混合整数规划\Matlab工具包混合整数规划\Mixed Integer Linear Program\lp20w95\LP_EXAMP\EX6.OUT,.out,338,纯文本_扩展名未收录,N
2026数学建模核心资料\国赛B题必备模型+代码资料合集\国赛B题必备优化模型——混合整数规划\Matlab工具包混合整数规划\Mixed Integer Linear Program\lp20w95\LP_EXAMP\EX7.LP,.lp,7893,纯文本_扩展名未收录,N
2026数学建模核心资料\国赛B题必备模型+代码资料合集\国赛B题必备优化模型——混合整数规划\Matlab工具包混合整数规划\Mixed Integer Linear Program\lp20w95\LP_EXAMP\EX7.OUT,.out,1323,纯文本_扩展名未收录,N
2026数学建模核心资料\国赛B题必备模型+代码资料合集\国赛B题必备优化模型——混合整数规划\Matlab工具包混合整数规划\Mixed Integer Linear Program\lp23\lp23\bison.hairy,.hairy,6811,纯文本_扩展名未收录,N
2026数学建模核心资料\国赛B题必备模型+代码资料合集\国赛B题必备优化模型——混合整数规划\Matlab工具包混合整数规划\Mixed Integer Linear Program\lp23\lp23\bison.simple,.simple,17775,纯文本_扩展名未收录,N
2026数学建模核心资料\国赛B题必备模型+代码资料合集\国赛B题必备优化模型——混合整数规划\Matlab工具包混合整数规划\Mixed Integer Linear Program\lp23\lp23\CHANGELOG,,5161,无扩展名_不可索引_文本,N
2026数学建模核心资料\国赛B题必备模型+代码资料合集\国赛B题必备优化模型——混合整数规划\Matlab工具包混合整数规划\Mixed Integer Linear Program\lp23\lp23\HARTMUT_DOCUMENTATION,,85343,无扩展名_不可索引_文本,N
2026数学建模核心资料\国赛B题必备模型+代码资料合集\国赛B题必备优化模型——混合整数规划\Matlab工具包混合整数规划\Mixed Integer Linear Program\lp23\lp23\lex.l,.l,1331,纯文本_扩展名未收录,N
2026数学建模核心资料\国赛B题必备模型+代码资料合集\国赛B题必备优化模型——混合整数规划\Matlab工具包混合整数规划\Mixed Integer Linear Program\lp23\lp23\lp.y,.y,3844,纯文本_扩展名未收录,N
2026数学建模核心资料\国赛B题必备模型+代码资料合集\国赛B题必备优化模型——混合整数规划\Matlab工具包混合整数规划\Mixed Integer Linear Program\lp23\lp23\lp23.ide,.ide,46046,二进制_不可索引不可直读,N
2026数学建模核心资料\国赛B题必备模型+代码资料合集\国赛B题必备优化模型——混合整数规划\Matlab工具包混合整数规划\Mixed Integer Linear Program\lp23\lp23\lp_solve.1,.1,7872,纯文本_扩展名未收录,N
2026数学建模核心资料\国赛B题必备模型+代码资料合集\国赛B题必备优化模型——混合整数规划\Matlab工具包混合整数规划\Mixed Integer Linear Program\lp23\lp23\lp_solve.man,.man,10680,纯文本_扩展名未收录,N
2026数学建模核心资料\国赛B题必备模型+代码资料合集\国赛B题必备优化模型——混合整数规划\Matlab工具包混合整数规划\Mixed Integer Linear Program\lp23\lp23\Makefile,,3505,无扩展名_不可索引_文本,N
2026数学建模核心资料\国赛B题必备模型+代码资料合集\国赛B题必备优化模型——混合整数规划\Matlab工具包混合整数规划\Mixed Integer Linear Program\lp23\lp23\makefile.dos,.dos,7235,纯文本_扩展名未收录,N
2026数学建模核心资料\国赛B题必备模型+代码资料合集\国赛B题必备优化模型——混合整数规划\Matlab工具包混合整数规划\Mixed Integer Linear Program\lp23\lp23\Makefile.linux,.linux,3501,纯文本_扩展名未收录,N
2026数学建模核心资料\国赛B题必备模型+代码资料合集\国赛B题必备优化模型——混合整数规划\Matlab工具包混合整数规划\Mixed Integer Linear Program\lp23\lp23\MANIFEST,,3428,无扩展名_不可索引_文本,N
2026数学建模核心资料\国赛B题必备模型+代码资料合集\国赛B题必备优化模型——混合整数规划\Matlab工具包混合整数规划\Mixed Integer Linear Program\lp23\lp23\MPS.description,.description,4823,纯文本_扩展名未收录,N
2026数学建模核心资料\国赛B题必备模型+代码资料合集\国赛B题必备优化模型——混合整数规划\Matlab工具包混合整数规划\Mixed Integer Linear Program\lp23\lp23\NETLIB_RESULTS,,4688,无扩展名_不可索引_文本,N
2026数学建模核心资料\国赛B题必备模型+代码资料合集\国赛B题必备优化模型——混合整数规划\Matlab工具包混合整数规划\Mixed Integer Linear Program\lp23\lp23\README,,1469,无扩展名_不可索引_文本,N
2026数学建模核心资料\国赛B题必备模型+代码资料合集\国赛B题必备优化模型——混合整数规划\Matlab工具包混合整数规划\Mixed Integer Linear Program\lp23\lp23\lp_ex\demo_lag.out,.out,450,纯文本_扩展名未收录,N
2026数学建模核心资料\国赛B题必备模型+代码资料合集\国赛B题必备优化模型——混合整数规划\Matlab工具包混合整数规划\Mixed Integer Linear Program\lp23\lp23\lp_ex\ex1.out,.out,195,纯文本_扩展名未收录,N
2026数学建模核心资料\国赛B题必备模型+代码资料合集\国赛B题必备优化模型——混合整数规划\Matlab工具包混合整数规划\Mixed Integer Linear Program\lp23\lp23\lp_ex\ex2.out,.out,169,纯文本_扩展名未收录,N
2026数学建模核心资料\国赛B题必备模型+代码资料合集\国赛B题必备优化模型——混合整数规划\Matlab工具包混合整数规划\Mixed Integer Linear Program\lp23\lp23\lp_ex\ex3.out,.out,166,纯文本_扩展名未收录,N
2026数学建模核心资料\国赛B题必备模型+代码资料合集\国赛B题必备优化模型——混合整数规划\Matlab工具包混合整数规划\Mixed Integer Linear Program\lp23\lp23\lp_ex\ex4.out,.out,4176,纯文本_扩展名未收录,N
2026数学建模核心资料\国赛B题必备模型+代码资料合集\国赛B题必备优化模型——混合整数规划\Matlab工具包混合整数规划\Mixed Integer Linear Program\lp23\lp23\lp_ex\ex5.out,.out,6690,纯文本_扩展名未收录,N
2026数学建模核心资料\国赛B题必备模型+代码资料合集\国赛B题必备优化模型——混合整数规划\Matlab工具包混合整数规划\Mixed Integer Linear Program\lp23\lp23\lp_ex\ex6.out,.out,303,纯文本_扩展名未收录,N
2026数学建模核心资料\国赛B题必备模型+代码资料合集\国赛B题必备优化模型——混合整数规划\Matlab工具包混合整数规划\Mixed Integer Linear Program\lp23\lp23\lp_ex\ex7.out,.out,1236,纯文本_扩展名未收录,N
2026数学建模核心资料\国赛B题必备模型+代码资料合集\国赛B题必备优化模型——混合整数规划\Matlab工具包混合整数规划\Mixed Integer Linear Program\lp23\lp23\out\lp23.lib,.lib,245248,二进制_不可索引不可直读,N
2026数学建模核心资料\国赛B题必备模型+代码资料合集\国赛B题必备优化模型——混合整数规划\Matlab工具包混合整数规划\Mixed Integer Linear Program\lp2djgpp\MAKEFILE,,3749,无扩展名_不可索引_文本,N
2026数学建模核心资料\国赛B题必备模型+代码资料合集\国赛B题必备优化模型——混合整数规划\Matlab工具包混合整数规划\Mixed Integer Linear Program\lpdos14.tar\defines.p1,.p1,570,纯文本_扩展名未收录,N
2026数学建模核心资料\国赛B题必备模型+代码资料合集\国赛B题必备优化模型——混合整数规划\Matlab工具包混合整数规划\Mixed Integer Linear Program\lpdos14.tar\developr.not,.not,1722,纯文本_扩展名未收录,N
2026数学建模核心资料\国赛B题必备模型+代码资料合集\国赛B题必备优化模型——混合整数规划\Matlab工具包混合整数规划\Mixed Integer Linear Program\lpdos14.tar\dos_port,,2648,无扩展名_不可索引_文本,N
2026数学建模核心资料\国赛B题必备模型+代码资料合集\国赛B题必备优化模型——混合整数规划\Matlab工具包混合整数规划\Mixed Integer Linear Program\lpdos14.tar\lp.p1,.p1,182,纯文本_扩展名未收录,N
2026数学建模核心资料\国赛B题必备模型+代码资料合集\国赛B题必备优化模型——混合整数规划\Matlab工具包混合整数规划\Mixed Integer Linear Program\lpdos14.tar\main.p1,.p1,274,纯文本_扩展名未收录,N
2026数学建模核心资料\国赛B题必备模型+代码资料合集\国赛B题必备优化模型——混合整数规划\Matlab工具包混合整数规划\Mixed Integer Linear Program\lpdos14.tar\makefile.dos,.dos,973,纯文本_扩展名未收录,N
2026数学建模核心资料\国赛B题必备模型+代码资料合集\国赛B题必备优化模型——混合整数规划\Matlab工具包混合整数规划\Mixed Integer Linear Program\lpdos14.tar\readme.dos,.dos,762,纯文本_扩展名未收录,N
2026数学建模核心资料\国赛B题必备模型+代码资料合集\国赛B题必备优化模型——混合整数规划\Matlab工具包混合整数规划\Mixed Integer Linear Program\lpdos14.tar\solve.p1,.p1,230,纯文本_扩展名未收录,N
2026数学建模核心资料\国赛B题必备模型+代码资料合集\国赛B题必备优化模型——混合整数规划\Matlab工具包混合整数规划\Mixed Integer Linear Program\lpdos15\CHANGELO,,3255,无扩展名_不可索引_文本,N
2026数学建模核心资料\国赛B题必备模型+代码资料合集\国赛B题必备优化模型——混合整数规划\Matlab工具包混合整数规划\Mixed Integer Linear Program\lpdos15\COPYRIGH,,350,无扩展名_不可索引_文本,N
2026数学建模核心资料\国赛B题必备模型+代码资料合集\国赛B题必备优化模型——混合整数规划\Matlab工具包混合整数规划\Mixed Integer Linear Program\lpdos15\DPMI32VM.OVL,.ovl,58344,二进制_不可索引不可直读,N
2026数学建模核心资料\国赛B题必备模型+代码资料合集\国赛B题必备优化模型——混合整数规划\Matlab工具包混合整数规划\Mixed Integer Linear Program\lpdos15\EX1.LP,.lp,72,纯文本_扩展名未收录,N
2026数学建模核心资料\国赛B题必备模型+代码资料合集\国赛B题必备优化模型——混合整数规划\Matlab工具包混合整数规划\Mixed Integer Linear Program\lpdos15\EX1.OUT,.out,104,纯文本_扩展名未收录,N
2026数学建模核心资料\国赛B题必备模型+代码资料合集\国赛B题必备优化模型——混合整数规划\Matlab工具包混合整数规划\Mixed Integer Linear Program\lpdos15\EX2.LP,.lp,62,纯文本_扩展名未收录,N
2026数学建模核心资料\国赛B题必备模型+代码资料合集\国赛B题必备优化模型——混合整数规划\Matlab工具包混合整数规划\Mixed Integer Linear Program\lpdos15\EX2.OUT,.out,104,纯文本_扩展名未收录,N
2026数学建模核心资料\国赛B题必备模型+代码资料合集\国赛B题必备优化模型——混合整数规划\Matlab工具包混合整数规划\Mixed Integer Linear Program\lpdos15\EX3.LP,.lp,59,纯文本_扩展名未收录,N
2026数学建模核心资料\国赛B题必备模型+代码资料合集\国赛B题必备优化模型——混合整数规划\Matlab工具包混合整数规划\Mixed Integer Linear Program\lpdos15\EX3.OUT,.out,104,纯文本_扩展名未收录,N
2026数学建模核心资料\国赛B题必备模型+代码资料合集\国赛B题必备优化模型——混合整数规划\Matlab工具包混合整数规划\Mixed Integer Linear Program\lpdos15\EX4.LP,.lp,4958,纯文本_扩展名未收录,N
2026数学建模核心资料\国赛B题必备模型+代码资料合集\国赛B题必备优化模型——混合整数规划\Matlab工具包混合整数规划\Mixed Integer Linear Program\lpdos15\EX4.OUT,.out,1588,纯文本_扩展名未收录,N
2026数学建模核心资料\国赛B题必备模型+代码资料合集\国赛B题必备优化模型——混合整数规划\Matlab工具包混合整数规划\Mixed Integer Linear Program\lpdos15\EX5.LP,.lp,9068,纯文本_扩展名未收录,N
2026数学建模核心资料\国赛B题必备模型+代码资料合集\国赛B题必备优化模型——混合整数规划\Matlab工具包混合整数规划\Mixed Integer Linear Program\lpdos15\EX5.OUT,.out,3968,纯文本_扩展名未收录,N
2026数学建模核心资料\国赛B题必备模型+代码资料合集\国赛B题必备优化模型——混合整数规划\Matlab工具包混合整数规划\Mixed Integer Linear Program\lpdos15\EX6.LP,.lp,539,纯文本_扩展名未收录,N
2026数学建模核心资料\国赛B题必备模型+代码资料合集\国赛B题必备优化模型——混合整数规划\Matlab工具包混合整数规划\Mixed Integer Linear Program\lpdos15\EX6.OUT,.out,244,纯文本_扩展名未收录,N
2026数学建模核心资料\国赛B题必备模型+代码资料合集\国赛B题必备优化模型——混合整数规划\Matlab工具包混合整数规划\Mixed Integer Linear Program\lpdos15\EX7.LP,.lp,7894,纯文本_扩展名未收录,N
2026数学建模核心资料\国赛B题必备模型+代码资料合集\国赛B题必备优化模型——混合整数规划\Matlab工具包混合整数规划\Mixed Integer Linear Program\lpdos15\EX7.OUT,.out,496,纯文本_扩展名未收录,N
2026数学建模核心资料\国赛B题必备模型+代码资料合集\国赛B题必备优化模型——混合整数规划\Matlab工具包混合整数规划\Mixed Integer Linear Program\lpdos15\INSTALL,,739,无扩展名_不可索引_文本,N
2026数学建模核心资料\国赛B题必备模型+代码资料合集\国赛B题必备优化模型——混合整数规划\Matlab工具包混合整数规划\Mixed Integer Linear Program\lpdos15\KNOWN_BU,,1787,无扩展名_不可索引_文本,N
2026数学建模核心资料\国赛B题必备模型+代码资料合集\国赛B题必备优化模型——混合整数规划\Matlab工具包混合整数规划\Mixed Integer Linear Program\lpdos15\LEX.L,.l,1241,纯文本_扩展名未收录,N
2026数学建模核心资料\国赛B题必备模型+代码资料合集\国赛B题必备优化模型——混合整数规划\Matlab工具包混合整数规划\Mixed Integer Linear Program\lpdos15\LP.Y,.y,3808,纯文本_扩展名未收录,N
2026数学建模核心资料\国赛B题必备模型+代码资料合集\国赛B题必备优化模型——混合整数规划\Matlab工具包混合整数规划\Mixed Integer Linear Program\lpdos15\LP_SOLVE.1,.1,7897,纯文本_扩展名未收录,N
2026数学建模核心资料\国赛B题必备模型+代码资料合集\国赛B题必备优化模型——混合整数规划\Matlab工具包混合整数规划\Mixed Integer Linear Program\lpdos15\LP_SOLVE.DSW,.dsw,3421,二进制_不可索引不可直读,N
2026数学建模核心资料\国赛B题必备模型+代码资料合集\国赛B题必备优化模型——混合整数规划\Matlab工具包混合整数规划\Mixed Integer Linear Program\lpdos15\LP_SOLVE.IDE,.ide,26436,二进制_不可索引不可直读,N
2026数学建模核心资料\国赛B题必备模型+代码资料合集\国赛B题必备优化模型——混合整数规划\Matlab工具包混合整数规划\Mixed Integer Linear Program\lpdos15\LP_SOLVE.MAN,.man,12241,纯文本_扩展名未收录,N
2026数学建模核心资料\国赛B题必备模型+代码资料合集\国赛B题必备优化模型——混合整数规划\Matlab工具包混合整数规划\Mixed Integer Linear Program\lpdos15\MANIFEST,,2210,无扩展名_不可索引_文本,N
2026数学建模核心资料\国赛B题必备模型+代码资料合集\国赛B题必备优化模型——混合整数规划\Matlab工具包混合整数规划\Mixed Integer Linear Program\lpdos15\README,,3050,无扩展名_不可索引_文本,N
2026数学建模核心资料\国赛B题必备模型+代码资料合集\国赛B题必备优化模型——混合整数规划\Matlab工具包混合整数规划\Mixed Integer Linear Program\lpdos15\SCHED.SH,.sh,198,纯文本_扩展名未收录,N
2026数学建模核心资料\国赛B题必备模型+代码资料合集\国赛B题必备优化模型——混合整数规划\Matlab工具包混合整数规划\Mixed Integer Linear Program\lpdos15\SCHEDOP.PRN,.prn,1317,纯文本_扩展名未收录,N
2026数学建模核心资料\国赛B题必备模型+代码资料合集\国赛B题必备优化模型——混合整数规划\Matlab工具包混合整数规划\Mixed Integer Linear Program\lpdos15\SCHEDPRE.PL,.pl,2524,纯文本_扩展名未收录,N
2026数学建模核心资料\国赛B题必备模型+代码资料合集\国赛B题必备优化模型——混合整数规划\Matlab工具包混合整数规划\Mixed Integer Linear Program\lpdos15\SCHEPOST.PL,.pl,1301,纯文本_扩展名未收录,N
2026数学建模核心资料\国赛B题必备模型+代码资料合集\国赛B题必备优化模型——混合整数规划\Matlab工具包混合整数规划\Mixed Integer Linear Program\lpdos15\WINDPMI.386,.386,17996,二进制_不可索引不可直读,N
2026数学建模核心资料\国赛B题必备模型+代码资料合集\国赛B题必备优化模型——混合整数规划\Matlab工具包混合整数规划\Mixed Integer Linear Program\lpdos20\DPMI32VM.OVL,.ovl,58392,二进制_不可索引不可直读,N
2026数学建模核心资料\国赛B题必备模型+代码资料合集\国赛B题必备优化模型——混合整数规划\Matlab工具包混合整数规划\Mixed Integer Linear Program\lpdos20\LPKIT.LIB,.lib,106989,二进制_不可索引不可直读,N
2026数学建模核心资料\国赛B题必备模型+代码资料合集\国赛B题必备优化模型——混合整数规划\Matlab工具包混合整数规划\Mixed Integer Linear Program\lpdos20\LP_SOLVE.DSW,.dsw,4168,二进制_不可索引不可直读,N
2026数学建模核心资料\国赛B题必备模型+代码资料合集\国赛B题必备优化模型——混合整数规划\Matlab工具包混合整数规划\Mixed Integer Linear Program\lpdos20\LP_SOLVE.IDE,.ide,35922,二进制_不可索引不可直读,N
2026数学建模核心资料\国赛B题必备模型+代码资料合集\国赛B题必备优化模型——混合整数规划\Matlab工具包混合整数规划\Mixed Integer Linear Program\lpsol14\CHANGES,,2414,无扩展名_不可索引_文本,N
2026数学建模核心资料\国赛B题必备模型+代码资料合集\国赛B题必备优化模型——混合整数规划\Matlab工具包混合整数规划\Mixed Integer Linear Program\lpsol14\DOS_PORT,,2694,无扩展名_不可索引_文本,N
2026数学建模核心资料\国赛B题必备模型+代码资料合集\国赛B题必备优化模型——混合整数规划\Matlab工具包混合整数规划\Mixed Integer Linear Program\lpsol14\EX1.LP,.lp,71,纯文本_扩展名未收录,N
2026数学建模核心资料\国赛B题必备模型+代码资料合集\国赛B题必备优化模型——混合整数规划\Matlab工具包混合整数规划\Mixed Integer Linear Program\lpsol14\EX1.OUT,.out,192,纯文本_扩展名未收录,N
2026数学建模核心资料\国赛B题必备模型+代码资料合集\国赛B题必备优化模型——混合整数规划\Matlab工具包混合整数规划\Mixed Integer Linear Program\lpsol14\EX2.LP,.lp,53,纯文本_扩展名未收录,N
2026数学建模核心资料\国赛B题必备模型+代码资料合集\国赛B题必备优化模型——混合整数规划\Matlab工具包混合整数规划\Mixed Integer Linear Program\lpsol14\EX2.OUT,.out,192,纯文本_扩展名未收录,N
2026数学建模核心资料\国赛B题必备模型+代码资料合集\国赛B题必备优化模型——混合整数规划\Matlab工具包混合整数规划\Mixed Integer Linear Program\lpsol14\EX3.LP,.lp,50,纯文本_扩展名未收录,N
2026数学建模核心资料\国赛B题必备模型+代码资料合集\国赛B题必备优化模型——混合整数规划\Matlab工具包混合整数规划\Mixed Integer Linear Program\lpsol14\EX3.OUT,.out,192,纯文本_扩展名未收录,N
2026数学建模核心资料\国赛B题必备模型+代码资料合集\国赛B题必备优化模型——混合整数规划\Matlab工具包混合整数规划\Mixed Integer Linear Program\lpsol14\EX4.LP,.lp,4957,纯文本_扩展名未收录,N
2026数学建模核心资料\国赛B题必备模型+代码资料合集\国赛B题必备优化模型——混合整数规划\Matlab工具包混合整数规划\Mixed Integer Linear Program\lpsol14\EX4.OUT,.out,4364,纯文本_扩展名未收录,N
2026数学建模核心资料\国赛B题必备模型+代码资料合集\国赛B题必备优化模型——混合整数规划\Matlab工具包混合整数规划\Mixed Integer Linear Program\lpsol14\EX5.LP,.lp,9067,纯文本_扩展名未收录,N
2026数学建模核心资料\国赛B题必备模型+代码资料合集\国赛B题必备优化模型——混合整数规划\Matlab工具包混合整数规划\Mixed Integer Linear Program\lpsol14\EX5.OUT,.out,6688,纯文本_扩展名未收录,N
2026数学建模核心资料\国赛B题必备模型+代码资料合集\国赛B题必备优化模型——混合整数规划\Matlab工具包混合整数规划\Mixed Integer Linear Program\lpsol14\EX6.LP,.lp,537,纯文本_扩展名未收录,N
2026数学建模核心资料\国赛B题必备模型+代码资料合集\国赛B题必备优化模型——混合整数规划\Matlab工具包混合整数规划\Mixed Integer Linear Program\lpsol14\EX6.OUT,.out,304,纯文本_扩展名未收录,N
2026数学建模核心资料\国赛B题必备模型+代码资料合集\国赛B题必备优化模型——混合整数规划\Matlab工具包混合整数规划\Mixed Integer Linear Program\lpsol14\FILELIST,,1099,无扩展名_不可索引_文本,N
2026数学建模核心资料\国赛B题必备模型+代码资料合集\国赛B题必备优化模型——混合整数规划\Matlab工具包混合整数规划\Mixed Integer Linear Program\lpsol14\KNOWN.BUG,.bug,1598,纯文本_扩展名未收录,N
2026数学建模核心资料\国赛B题必备模型+代码资料合集\国赛B题必备优化模型——混合整数规划\Matlab工具包混合整数规划\Mixed Integer Linear Program\lpsol14\LP_SOLVE.1,.1,7201,纯文本_扩展名未收录,N
2026数学建模核心资料\国赛B题必备模型+代码资料合集\国赛B题必备优化模型——混合整数规划\Matlab工具包混合整数规划\Mixed Integer Linear Program\lpsol14\LP_SOLVE.MAN,.man,10192,纯文本_扩展名未收录,N
2026数学建模核心资料\国赛B题必备模型+代码资料合集\国赛B题必备优化模型——混合整数规划\Matlab工具包混合整数规划\Mixed Integer Linear Program\lpsol14\MIPLIB.RES,.res,2349,纯文本_扩展名未收录,N
2026数学建模核心资料\国赛B题必备模型+代码资料合集\国赛B题必备优化模型——混合整数规划\Matlab工具包混合整数规划\Mixed Integer Linear Program\lpsol14\NETLIB.RES,.res,6281,纯文本_扩展名未收录,N
2026数学建模核心资料\国赛B题必备模型+代码资料合集\国赛B题必备优化模型——混合整数规划\Matlab工具包混合整数规划\Mixed Integer Linear Program\lpsol14\README,,3090,无扩展名_不可索引_文本,N
2026数学建模核心资料\国赛B题必备模型+代码资料合集\国赛B题必备优化模型——混合整数规划\Matlab工具包混合整数规划\Mixed Integer Linear Program\lpsol14\README.DOS,.dos,785,纯文本_扩展名未收录,N
2026数学建模核心资料\国赛B题必备模型+代码资料合集\国赛B题必备优化模型——混合整数规划\Matlab工具包混合整数规划\Mixed Integer Linear Program\lp_solve_1.4.tar\lp_solve_1.4\CHANGELOG,,2356,无扩展名_不可索引_文本,N
2026数学建模核心资料\国赛B题必备模型+代码资料合集\国赛B题必备优化模型——混合整数规划\Matlab工具包混合整数规划\Mixed Integer Linear Program\lp_solve_1.4.tar\lp_solve_1.4\ex1.lp,.lp,65,纯文本_扩展名未收录,N
2026数学建模核心资料\国赛B题必备模型+代码资料合集\国赛B题必备优化模型——混合整数规划\Matlab工具包混合整数规划\Mixed Integer Linear Program\lp_solve_1.4.tar\lp_solve_1.4\ex1.out,.out,185,纯文本_扩展名未收录,N
2026数学建模核心资料\国赛B题必备模型+代码资料合集\国赛B题必备优化模型——混合整数规划\Matlab工具包混合整数规划\Mixed Integer Linear Program\lp_solve_1.4.tar\lp_solve_1.4\ex2.lp,.lp,50,纯文本_扩展名未收录,N
2026数学建模核心资料\国赛B题必备模型+代码资料合集\国赛B题必备优化模型——混合整数规划\Matlab工具包混合整数规划\Mixed Integer Linear Program\lp_solve_1.4.tar\lp_solve_1.4\ex2.out,.out,185,纯文本_扩展名未收录,N
2026数学建模核心资料\国赛B题必备模型+代码资料合集\国赛B题必备优化模型——混合整数规划\Matlab工具包混合整数规划\Mixed Integer Linear Program\lp_solve_1.4.tar\lp_solve_1.4\ex3.lp,.lp,47,纯文本_扩展名未收录,N
2026数学建模核心资料\国赛B题必备模型+代码资料合集\国赛B题必备优化模型——混合整数规划\Matlab工具包混合整数规划\Mixed Integer Linear Program\lp_solve_1.4.tar\lp_solve_1.4\ex3.out,.out,185,纯文本_扩展名未收录,N
2026数学建模核心资料\国赛B题必备模型+代码资料合集\国赛B题必备优化模型——混合整数规划\Matlab工具包混合整数规划\Mixed Integer Linear Program\lp_solve_1.4.tar\lp_solve_1.4\ex4.lp,.lp,4821,纯文本_扩展名未收录,N
2026数学建模核心资料\国赛B题必备模型+代码资料合集\国赛B题必备优化模型——混合整数规划\Matlab工具包混合整数规划\Mixed Integer Linear Program\lp_solve_1.4.tar\lp_solve_1.4\ex4.out,.out,4208,纯文本_扩展名未收录,N
2026数学建模核心资料\国赛B题必备模型+代码资料合集\国赛B题必备优化模型——混合整数规划\Matlab工具包混合整数规划\Mixed Integer Linear Program\lp_solve_1.4.tar\lp_solve_1.4\ex5.lp,.lp,8873,纯文本_扩展名未收录,N
2026数学建模核心资料\国赛B题必备模型+代码资料合集\国赛B题必备优化模型——混合整数规划\Matlab工具包混合整数规划\Mixed Integer Linear Program\lp_solve_1.4.tar\lp_solve_1.4\ex5.out,.out,6449,纯文本_扩展名未收录,N
2026数学建模核心资料\国赛B题必备模型+代码资料合集\国赛B题必备优化模型——混合整数规划\Matlab工具包混合整数规划\Mixed Integer Linear Program\lp_solve_1.4.tar\lp_solve_1.4\ex6.lp,.lp,511,纯文本_扩展名未收录,N
2026数学建模核心资料\国赛B题必备模型+代码资料合集\国赛B题必备优化模型——混合整数规划\Matlab工具包混合整数规划\Mixed Integer Linear Program\lp_solve_1.4.tar\lp_solve_1.4\ex6.out,.out,293,纯文本_扩展名未收录,N
2026数学建模核心资料\国赛B题必备模型+代码资料合集\国赛B题必备优化模型——混合整数规划\Matlab工具包混合整数规划\Mixed Integer Linear Program\lp_solve_1.4.tar\lp_solve_1.4\INSTALL,,714,无扩展名_不可索引_文本,N
2026数学建模核心资料\国赛B题必备模型+代码资料合集\国赛B题必备优化模型——混合整数规划\Matlab工具包混合整数规划\Mixed Integer Linear Program\lp_solve_1.4.tar\lp_solve_1.4\KNOWN_BUGS,,1570,无扩展名_不可索引_文本,N
2026数学建模核心资料\国赛B题必备模型+代码资料合集\国赛B题必备优化模型——混合整数规划\Matlab工具包混合整数规划\Mixed Integer Linear Program\lp_solve_1.4.tar\lp_solve_1.4\lex.l,.l,1140,纯文本_扩展名未收录,N
2026数学建模核心资料\国赛B题必备模型+代码资料合集\国赛B题必备优化模型——混合整数规划\Matlab工具包混合整数规划\Mixed Integer Linear Program\lp_solve_1.4.tar\lp_solve_1.4\lp.y,.y,3423,纯文本_扩展名未收录,N
2026数学建模核心资料\国赛B题必备模型+代码资料合集\国赛B题必备优化模型——混合整数规划\Matlab工具包混合整数规划\Mixed Integer Linear Program\lp_solve_1.4.tar\lp_solve_1.4\lp_solve.1,.1,7004,纯文本_扩展名未收录,N
2026数学建模核心资料\国赛B题必备模型+代码资料合集\国赛B题必备优化模型——混合整数规划\Matlab工具包混合整数规划\Mixed Integer Linear Program\lp_solve_1.4.tar\lp_solve_1.4\lp_solve.man,.man,9932,纯文本_扩展名未收录,N
2026数学建模核心资料\国赛B题必备模型+代码资料合集\国赛B题必备优化模型——混合整数规划\Matlab工具包混合整数规划\Mixed Integer Linear Program\lp_solve_1.4.tar\lp_solve_1.4\Makefile,,2253,无扩展名_不可索引_文本,N
2026数学建模核心资料\国赛B题必备模型+代码资料合集\国赛B题必备优化模型——混合整数规划\Matlab工具包混合整数规划\Mixed Integer Linear Program\lp_solve_1.4.tar\lp_solve_1.4\MANIFEST,,2241,无扩展名_不可索引_文本,N
2026数学建模核心资料\国赛B题必备模型+代码资料合集\国赛B题必备优化模型——混合整数规划\Matlab工具包混合整数规划\Mixed Integer Linear Program\lp_solve_1.4.tar\lp_solve_1.4\MIPLIB_RESULTS,,2281,无扩展名_不可索引_文本,N
2026数学建模核心资料\国赛B题必备模型+代码资料合集\国赛B题必备优化模型——混合整数规划\Matlab工具包混合整数规划\Mixed Integer Linear Program\lp_solve_1.4.tar\lp_solve_1.4\NETLIB_RESULTS,,6154,无扩展名_不可索引_文本,N
2026数学建模核心资料\国赛B题必备模型+代码资料合集\国赛B题必备优化模型——混合整数规划\Matlab工具包混合整数规划\Mixed Integer Linear Program\lp_solve_1.4.tar\lp_solve_1.4\README,,2997,无扩展名_不可索引_文本,N
2026数学建模核心资料\国赛B题必备模型+代码资料合集\国赛B题必备优化模型——混合整数规划\Matlab工具包混合整数规划\Mixed Integer Linear Program\lp_solve_1.4.tar\lp_solve_1.4\VMS_SUPPORT,,4416,无扩展名_不可索引_文本,N
2026数学建模核心资料\国赛B题必备模型+代码资料合集\国赛B题必备优化模型——混合整数规划\Matlab工具包混合整数规划\Mixed Integer Linear Program\lp_solve_1.5.tar\lp_solve_1.5\CHANGELOG,,3181,无扩展名_不可索引_文本,N
2026数学建模核心资料\国赛B题必备模型+代码资料合集\国赛B题必备优化模型——混合整数规划\Matlab工具包混合整数规划\Mixed Integer Linear Program\lp_solve_1.5.tar\lp_solve_1.5\COPYRIGHT,,340,无扩展名_不可索引_文本,N
2026数学建模核心资料\国赛B题必备模型+代码资料合集\国赛B题必备优化模型——混合整数规划\Matlab工具包混合整数规划\Mixed Integer Linear Program\lp_solve_1.5.tar\lp_solve_1.5\ex1.out,.out,100,纯文本_扩展名未收录,N
2026数学建模核心资料\国赛B题必备模型+代码资料合集\国赛B题必备优化模型——混合整数规划\Matlab工具包混合整数规划\Mixed Integer Linear Program\lp_solve_1.5.tar\lp_solve_1.5\ex2.lp,.lp,58,纯文本_扩展名未收录,N
2026数学建模核心资料\国赛B题必备模型+代码资料合集\国赛B题必备优化模型——混合整数规划\Matlab工具包混合整数规划\Mixed Integer Linear Program\lp_solve_1.5.tar\lp_solve_1.5\ex2.out,.out,100,纯文本_扩展名未收录,N
2026数学建模核心资料\国赛B题必备模型+代码资料合集\国赛B题必备优化模型——混合整数规划\Matlab工具包混合整数规划\Mixed Integer Linear Program\lp_solve_1.5.tar\lp_solve_1.5\ex3.lp,.lp,55,纯文本_扩展名未收录,N
2026数学建模核心资料\国赛B题必备模型+代码资料合集\国赛B题必备优化模型——混合整数规划\Matlab工具包混合整数规划\Mixed Integer Linear Program\lp_solve_1.5.tar\lp_solve_1.5\ex3.out,.out,100,纯文本_扩展名未收录,N
2026数学建模核心资料\国赛B题必备模型+代码资料合集\国赛B题必备优化模型——混合整数规划\Matlab工具包混合整数规划\Mixed Integer Linear Program\lp_solve_1.5.tar\lp_solve_1.5\ex4.out,.out,1531,纯文本_扩展名未收录,N
2026数学建模核心资料\国赛B题必备模型+代码资料合集\国赛B题必备优化模型——混合整数规划\Matlab工具包混合整数规划\Mixed Integer Linear Program\lp_solve_1.5.tar\lp_solve_1.5\ex5.out,.out,3826,纯文本_扩展名未收录,N
2026数学建模核心资料\国赛B题必备模型+代码资料合集\国赛B题必备优化模型——混合整数规划\Matlab工具包混合整数规划\Mixed Integer Linear Program\lp_solve_1.5.tar\lp_solve_1.5\ex6.lp,.lp,512,纯文本_扩展名未收录,N
2026数学建模核心资料\国赛B题必备模型+代码资料合集\国赛B题必备优化模型——混合整数规划\Matlab工具包混合整数规划\Mixed Integer Linear Program\lp_solve_1.5.tar\lp_solve_1.5\ex6.out,.out,235,纯文本_扩展名未收录,N
2026数学建模核心资料\国赛B题必备模型+代码资料合集\国赛B题必备优化模型——混合整数规划\Matlab工具包混合整数规划\Mixed Integer Linear Program\lp_solve_1.5.tar\lp_solve_1.5\ex7.lp,.lp,7858,纯文本_扩展名未收录,N
2026数学建模核心资料\国赛B题必备模型+代码资料合集\国赛B题必备优化模型——混合整数规划\Matlab工具包混合整数规划\Mixed Integer Linear Program\lp_solve_1.5.tar\lp_solve_1.5\ex7.out,.out,478,纯文本_扩展名未收录,N
2026数学建模核心资料\国赛B题必备模型+代码资料合集\国赛B题必备优化模型——混合整数规划\Matlab工具包混合整数规划\Mixed Integer Linear Program\lp_solve_1.5.tar\lp_solve_1.5\KNOWN_BUGS,,1754,无扩展名_不可索引_文本,N
2026数学建模核心资料\国赛B题必备模型+代码资料合集\国赛B题必备优化模型——混合整数规划\Matlab工具包混合整数规划\Mixed Integer Linear Program\lp_solve_1.5.tar\lp_solve_1.5\lex.l,.l,1155,纯文本_扩展名未收录,N
2026数学建模核心资料\国赛B题必备模型+代码资料合集\国赛B题必备优化模型——混合整数规划\Matlab工具包混合整数规划\Mixed Integer Linear Program\lp_solve_1.5.tar\lp_solve_1.5\lp.y,.y,3549,纯文本_扩展名未收录,N
2026数学建模核心资料\国赛B题必备模型+代码资料合集\国赛B题必备优化模型——混合整数规划\Matlab工具包混合整数规划\Mixed Integer Linear Program\lp_solve_1.5.tar\lp_solve_1.5\Makefile,,2482,无扩展名_不可索引_文本,N
2026数学建模核心资料\国赛B题必备模型+代码资料合集\国赛B题必备优化模型——混合整数规划\Matlab工具包混合整数规划\Mixed Integer Linear Program\lp_solve_1.5.tar\lp_solve_1.5\MANIFEST,,2393,无扩展名_不可索引_文本,N
2026数学建模核心资料\国赛B题必备模型+代码资料合集\国赛B题必备优化模型——混合整数规划\Matlab工具包混合整数规划\Mixed Integer Linear Program\lp_solve_1.5.tar\lp_solve_1.5\MIPLIB_RESULTS,,2285,无扩展名_不可索引_文本,N
2026数学建模核心资料\国赛B题必备模型+代码资料合集\国赛B题必备优化模型——混合整数规划\Matlab工具包混合整数规划\Mixed Integer Linear Program\lp_solve_1.5.tar\lp_solve_1.5\README,,2957,无扩展名_不可索引_文本,N
2026数学建模核心资料\国赛B题必备模型+代码资料合集\国赛B题必备优化模型——混合整数规划\Matlab工具包混合整数规划\Mixed Integer Linear Program\lp_solve_2.0.tar\lp_solve_2.0\CHANGELOG,,3891,无扩展名_不可索引_文本,N
2026数学建模核心资料\国赛B题必备模型+代码资料合集\国赛B题必备优化模型——混合整数规划\Matlab工具包混合整数规划\Mixed Integer Linear Program\lp_solve_2.0.tar\lp_solve_2.0\lex.l,.l,1147,纯文本_扩展名未收录,N
2026数学建模核心资料\国赛B题必备模型+代码资料合集\国赛B题必备优化模型——混合整数规划\Matlab工具包混合整数规划\Mixed Integer Linear Program\lp_solve_2.0.tar\lp_solve_2.0\lp.y,.y,3429,纯文本_扩展名未收录,N
2026数学建模核心资料\国赛B题必备模型+代码资料合集\国赛B题必备优化模型——混合整数规划\Matlab工具包混合整数规划\Mixed Integer Linear Program\lp_solve_2.0.tar\lp_solve_2.0\lp_solve.1,.1,7693,纯文本_扩展名未收录,N
2026数学建模核心资料\国赛B题必备模型+代码资料合集\国赛B题必备优化模型——混合整数规划\Matlab工具包混合整数规划\Mixed Integer Linear Program\lp_solve_2.0.tar\lp_solve_2.0\Makefile,,2789,无扩展名_不可索引_文本,N
2026数学建模核心资料\国赛B题必备模型+代码资料合集\国赛B题必备优化模型——混合整数规划\Matlab工具包混合整数规划\Mixed Integer Linear Program\lp_solve_2.0.tar\lp_solve_2.0\MANIFEST,,2610,无扩展名_不可索引_文本,N
2026数学建模核心资料\国赛B题必备模型+代码资料合集\国赛B题必备优化模型——混合整数规划\Matlab工具包混合整数规划\Mixed Integer Linear Program\lp_solve_2.0.tar\lp_solve_2.0\MIPLIB_RESULTS,,2899,无扩展名_不可索引_文本,N
2026数学建模核心资料\国赛B题必备模型+代码资料合集\国赛B题必备优化模型——混合整数规划\Matlab工具包混合整数规划\Mixed Integer Linear Program\lp_solve_2.0.tar\lp_solve_2.0\NETLIB_RESULTS,,5600,无扩展名_不可索引_文本,N
2026数学建模核心资料\国赛B题必备模型+代码资料合集\国赛B题必备优化模型——混合整数规划\Matlab工具包混合整数规划\Mixed Integer Linear Program\lp_solve_2.0.tar\lp_solve_2.0\README,,579,无扩展名_不可索引_文本,N
2026数学建模核心资料\国赛B题必备模型+代码资料合集\国赛B题必备优化模型——混合整数规划\Matlab工具包混合整数规划\Mixed Integer Linear Program\lp_solve_2.0.tar\lp_solve_2.0\read_mps.c.new,.new,14377,纯文本_扩展名未收录,N
2026数学建模核心资料\国赛B题必备模型+代码资料合集\国赛B题必备优化模型——混合整数规划\Matlab工具包混合整数规划\Mixed Integer Linear Program\lp_solve_2.0.tar\lp_solve_2.0\lp_examples\demo_lag.lp,.lp,334,纯文本_扩展名未收录,N
2026数学建模核心资料\国赛B题必备模型+代码资料合集\国赛B题必备优化模型——混合整数规划\Matlab工具包混合整数规划\Mixed Integer Linear Program\lp_solve_2.0.tar\lp_solve_2.0\lp_examples\ex1.mps,.mps,397,纯文本_扩展名未收录,N
2026数学建模核心资料\国赛B题必备模型+代码资料合集\国赛B题必备优化模型——混合整数规划\Matlab工具包混合整数规划\Mixed Integer Linear Program\lp_solve_2.0.tar\lp_solve_2.0\lp_examples\ex1.out,.out,220,纯文本_扩展名未收录,N
2026数学建模核心资料\国赛B题必备模型+代码资料合集\国赛B题必备优化模型——混合整数规划\Matlab工具包混合整数规划\Mixed Integer Linear Program\lp_solve_2.0.tar\lp_solve_2.0\lp_examples\ex2.out,.out,168,纯文本_扩展名未收录,N
2026数学建模核心资料\国赛B题必备模型+代码资料合集\国赛B题必备优化模型——混合整数规划\Matlab工具包混合整数规划\Mixed Integer Linear Program\lp_solve_2.0.tar\lp_solve_2.0\lp_examples\ex3.out,.out,168,纯文本_扩展名未收录,N
2026数学建模核心资料\国赛B题必备模型+代码资料合集\国赛B题必备优化模型——混合整数规划\Matlab工具包混合整数规划\Mixed Integer Linear Program\lp_solve_2.0.tar\lp_solve_2.0\lp_examples\ex4.out,.out,4243,纯文本_扩展名未收录,N
2026数学建模核心资料\国赛B题必备模型+代码资料合集\国赛B题必备优化模型——混合整数规划\Matlab工具包混合整数规划\Mixed Integer Linear Program\lp_solve_2.0.tar\lp_solve_2.0\lp_examples\ex5.out,.out,6432,纯文本_扩展名未收录,N
2026数学建模核心资料\国赛B题必备模型+代码资料合集\国赛B题必备优化模型——混合整数规划\Matlab工具包混合整数规划\Mixed Integer Linear Program\lp_solve_2.0.tar\lp_solve_2.0\lp_examples\ex6.out,.out,328,纯文本_扩展名未收录,N
2026数学建模核心资料\国赛B题必备模型+代码资料合集\国赛B题必备优化模型——混合整数规划\Matlab工具包混合整数规划\Mixed Integer Linear Program\lp_solve_2.0.tar\lp_solve_2.0\lp_examples\ex7.out,.out,1275,纯文本_扩展名未收录,N
2026数学建模核心资料\国赛B题必备模型+代码资料合集\国赛B题必备优化模型——混合整数规划\Matlab工具包混合整数规划\Mixed Integer Linear Program\lp_solve_2.1.tar\lp_solve_2.1\CHANGELOG,,4409,无扩展名_不可索引_文本,N
2026数学建模核心资料\国赛B题必备模型+代码资料合集\国赛B题必备优化模型——混合整数规划\Matlab工具包混合整数规划\Mixed Integer Linear Program\lp_solve_2.1.tar\lp_solve_2.1\HARTMUT_DOCUMENTATION,,82600,无扩展名_不可索引_文本,N
2026数学建模核心资料\国赛B题必备模型+代码资料合集\国赛B题必备优化模型——混合整数规划\Matlab工具包混合整数规划\Mixed Integer Linear Program\lp_solve_2.1.tar\lp_solve_2.1\lex.l,.l,1242,纯文本_扩展名未收录,N
2026数学建模核心资料\国赛B题必备模型+代码资料合集\国赛B题必备优化模型——混合整数规划\Matlab工具包混合整数规划\Mixed Integer Linear Program\lp_solve_2.1.tar\lp_solve_2.1\lp.y,.y,3653,纯文本_扩展名未收录,N
2026数学建模核心资料\国赛B题必备模型+代码资料合集\国赛B题必备优化模型——混合整数规划\Matlab工具包混合整数规划\Mixed Integer Linear Program\lp_solve_2.1.tar\lp_solve_2.1\lp_solve.1,.1,7146,纯文本_扩展名未收录,N
2026数学建模核心资料\国赛B题必备模型+代码资料合集\国赛B题必备优化模型——混合整数规划\Matlab工具包混合整数规划\Mixed Integer Linear Program\lp_solve_2.1.tar\lp_solve_2.1\lp_solve.man,.man,10171,纯文本_扩展名未收录,N
2026数学建模核心资料\国赛B题必备模型+代码资料合集\国赛B题必备优化模型——混合整数规划\Matlab工具包混合整数规划\Mixed Integer Linear Program\lp_solve_2.1.tar\lp_solve_2.1\Makefile,,3047,无扩展名_不可索引_文本,N
2026数学建模核心资料\国赛B题必备模型+代码资料合集\国赛B题必备优化模型——混合整数规划\Matlab工具包混合整数规划\Mixed Integer Linear Program\lp_solve_2.1.tar\lp_solve_2.1\MANIFEST,,2873,无扩展名_不可索引_文本,N
2026数学建模核心资料\国赛B题必备模型+代码资料合集\国赛B题必备优化模型——混合整数规划\Matlab工具包混合整数规划\Mixed Integer Linear Program\lp_solve_2.1.tar\lp_solve_2.1\NETLIB_RESULTS,,4576,无扩展名_不可索引_文本,N
2026数学建模核心资料\国赛B题必备模型+代码资料合集\国赛B题必备优化模型——混合整数规划\Matlab工具包混合整数规划\Mixed Integer Linear Program\lp_solve_2.1.tar\lp_solve_2.1\README,,571,无扩展名_不可索引_文本,N
2026数学建模核心资料\国赛B题必备模型+代码资料合集\国赛B题必备优化模型——混合整数规划\Matlab工具包混合整数规划\Mixed Integer Linear Program\lp_solve_2.1.tar\lp_solve_2.1\lp_examples\demo_lag.out,.out,436,纯文本_扩展名未收录,N
2026数学建模核心资料\国赛B题必备模型+代码资料合集\国赛B题必备优化模型——混合整数规划\Matlab工具包混合整数规划\Mixed Integer Linear Program\lp_solve_2.1.tar\lp_solve_2.1\lp_examples\ex1.out,.out,220,纯文本_扩展名未收录,N
2026数学建模核心资料\国赛B题必备模型+代码资料合集\国赛B题必备优化模型——混合整数规划\Matlab工具包混合整数规划\Mixed Integer Linear Program\lp_solve_2.1.tar\lp_solve_2.1\lp_examples\ex4.out,.out,4243,纯文本_扩展名未收录,N
2026数学建模核心资料\国赛B题必备模型+代码资料合集\国赛B题必备优化模型——混合整数规划\Matlab工具包混合整数规划\Mixed Integer Linear Program\lp_solve_2.1.tar\lp_solve_2.1\lp_examples\ex5.out,.out,6432,纯文本_扩展名未收录,N
2026数学建模核心资料\国赛B题必备模型+代码资料合集\国赛B题必备优化模型——混合整数规划\Matlab工具包混合整数规划\Mixed Integer Linear Program\lp_solve_2.1.tar\lp_solve_2.1\lp_examples\ex6.out,.out,328,纯文本_扩展名未收录,N
2026数学建模核心资料\国赛B题必备模型+代码资料合集\国赛B题必备优化模型——混合整数规划\Matlab工具包混合整数规划\Mixed Integer Linear Program\lp_solve_2.1.tar\lp_solve_2.1\lp_examples\ex7.out,.out,1275,纯文本_扩展名未收录,N
2026数学建模核心资料\国赛B题必备模型+代码资料合集\国赛B题必备优化模型——混合整数规划\Matlab工具包混合整数规划\Mixed Integer Linear Program\lp_solve_2.2.tar\lp_solve_2.2\CHANGELOG,,4547,无扩展名_不可索引_文本,N
2026数学建模核心资料\国赛B题必备模型+代码资料合集\国赛B题必备优化模型——混合整数规划\Matlab工具包混合整数规划\Mixed Integer Linear Program\lp_solve_2.2.tar\lp_solve_2.2\lp_solve.1,.1,7564,纯文本_扩展名未收录,N
2026数学建模核心资料\国赛B题必备模型+代码资料合集\国赛B题必备优化模型——混合整数规划\Matlab工具包混合整数规划\Mixed Integer Linear Program\lp_solve_2.2.tar\lp_solve_2.2\lp_solve.man,.man,10709,纯文本_扩展名未收录,N
2026数学建模核心资料\国赛B题必备模型+代码资料合集\国赛B题必备优化模型——混合整数规划\Matlab工具包混合整数规划\Mixed Integer Linear Program\lp_solve_2.2.tar\lp_solve_2.2\Makefile,,3126,无扩展名_不可索引_文本,N
2026数学建模核心资料\国赛B题必备模型+代码资料合集\国赛B题必备优化模型——混合整数规划\Matlab工具包混合整数规划\Mixed Integer Linear Program\lp_solve_2.2.tar\lp_solve_2.2\MANIFEST,,3005,无扩展名_不可索引_文本,N
2026数学建模核心资料\国赛B题必备模型+代码资料合集\国赛B题必备优化模型——混合整数规划\Matlab工具包混合整数规划\Mixed Integer Linear Program\lp_solve_2.2.tar\lp_solve_2.2\README,,571,无扩展名_不可索引_文本,N
2026数学建模核心资料\国赛B题必备模型+代码资料合集\国赛B题必备优化模型——混合整数规划\Matlab工具包混合整数规划\Mixed Integer Linear Program\lp_solve_2.3.tar\lp_solve_2.3\CHANGELOG,,5020,无扩展名_不可索引_文本,N
2026数学建模核心资料\国赛B题必备模型+代码资料合集\国赛B题必备优化模型——混合整数规划\Matlab工具包混合整数规划\Mixed Integer Linear Program\lp_solve_2.3.tar\lp_solve_2.3\lp.y,.y,3641,纯文本_扩展名未收录,N
2026数学建模核心资料\国赛B题必备模型+代码资料合集\国赛B题必备优化模型——混合整数规划\Matlab工具包混合整数规划\Mixed Integer Linear Program\lp_solve_2.3.tar\lp_solve_2.3\lp_solve.1,.1,7648,纯文本_扩展名未收录,N
2026数学建模核心资料\国赛B题必备模型+代码资料合集\国赛B题必备优化模型——混合整数规划\Matlab工具包混合整数规划\Mixed Integer Linear Program\lp_solve_2.3.tar\lp_solve_2.3\Makefile,,3379,无扩展名_不可索引_文本,N
2026数学建模核心资料\国赛B题必备模型+代码资料合集\国赛B题必备优化模型——混合整数规划\Matlab工具包混合整数规划\Mixed Integer Linear Program\lp_solve_2.3.tar\lp_solve_2.3\Makefile.linux,.linux,3380,纯文本_扩展名未收录,N
2026数学建模核心资料\国赛B题必备模型+代码资料合集\国赛B题必备优化模型——混合整数规划\Matlab工具包混合整数规划\Mixed Integer Linear Program\lp_solve_2.3.tar\lp_solve_2.3\MANIFEST,,3372,无扩展名_不可索引_文本,N
2026数学建模核心资料\国赛B题必备模型+代码资料合集\国赛B题必备优化模型——混合整数规划\Matlab工具包混合整数规划\Mixed Integer Linear Program\lp_solve_2.3.tar\lp_solve_2.3\MPS.description,.description,4706,纯文本_扩展名未收录,N
2026数学建模核心资料\国赛B题必备模型+代码资料合集\国赛B题必备优化模型——混合整数规划\Matlab工具包混合整数规划\Mixed Integer Linear Program\lp_solve_2.3.tar\lp_solve_2.3\README,,572,无扩展名_不可索引_文本,N
2026数学建模核心资料\国赛B题必备模型+代码资料合集\国赛B题必备优化模型——混合整数规划\Matlab工具包混合整数规划\Mixed Integer Linear Program\lp_solve_2.3.tar\lp_solve_2.3\lp_examples\ex1.out,.out,189,纯文本_扩展名未收录,N
2026数学建模核心资料\国赛B题必备模型+代码资料合集\国赛B题必备优化模型——混合整数规划\Matlab工具包混合整数规划\Mixed Integer Linear Program\lp_solve_2.3.tar\lp_solve_2.3\lp_examples\ex2.out,.out,162,纯文本_扩展名未收录,N
2026数学建模核心资料\国赛B题必备模型+代码资料合集\国赛B题必备优化模型——混合整数规划\Matlab工具包混合整数规划\Mixed Integer Linear Program\lp_solve_2.3.tar\lp_solve_2.3\lp_examples\ex3.out,.out,159,纯文本_扩展名未收录,N
2026数学建模核心资料\国赛B题必备模型+代码资料合集\国赛B题必备优化模型——混合整数规划\Matlab工具包混合整数规划\Mixed Integer Linear Program\lp_solve_2.3.tar\lp_solve_2.3\lp_examples\ex4.out,.out,4021,纯文本_扩展名未收录,N
2026数学建模核心资料\国赛B题必备模型+代码资料合集\国赛B题必备优化模型——混合整数规划\Matlab工具包混合整数规划\Mixed Integer Linear Program\lp_solve_2.3.tar\lp_solve_2.3\lp_examples\ex5.out,.out,6451,纯文本_扩展名未收录,N
2026数学建模核心资料\国赛B题必备模型+代码资料合集\国赛B题必备优化模型——混合整数规划\Matlab工具包混合整数规划\Mixed Integer Linear Program\lp_solve_2.3.tar\lp_solve_2.3\lp_examples\ex6.out,.out,293,纯文本_扩展名未收录,N
2026数学建模核心资料\国赛B题必备模型+代码资料合集\国赛B题必备优化模型——混合整数规划\Matlab工具包混合整数规划\Mixed Integer Linear Program\lp_solve_2.3.tar\lp_solve_2.3\lp_examples\ex7.out,.out,1188,纯文本_扩展名未收录,N
2026数学建模核心资料\国赛B题必备模型+代码资料合集\国赛B题必备优化模型——混合整数规划\Matlab工具包混合整数规划\Mixed Integer Linear Program\lp_solve_3.0.tar\lp_solve_3.0\CHANGELOG,,5256,无扩展名_不可索引_文本,N
2026数学建模核心资料\国赛B题必备模型+代码资料合集\国赛B题必备优化模型——混合整数规划\Matlab工具包混合整数规划\Mixed Integer Linear Program\lp_solve_3.0.tar\lp_solve_3.0\Makefile,,3379,无扩展名_不可索引_文本,N
2026数学建模核心资料\国赛B题必备模型+代码资料合集\国赛B题必备优化模型——混合整数规划\Matlab工具包混合整数规划\Mixed Integer Linear Program\lp_solve_3.0.tar\lp_solve_3.0\MANIFEST,,3447,无扩展名_不可索引_文本,N
2026数学建模核心资料\国赛B题必备模型+代码资料合集\国赛B题必备优化模型——混合整数规划\Matlab工具包混合整数规划\Mixed Integer Linear Program\lp_solve_3.0.tar\lp_solve_3.0\MPS.description,.description,4868,纯文本_扩展名未收录,N
2026数学建模核心资料\国赛B题必备模型+代码资料合集\国赛B题必备优化模型——混合整数规划\Matlab工具包混合整数规划\Mixed Integer Linear Program\lp_solve_3.0.tar\lp_solve_3.0\README,,746,无扩展名_不可索引_文本,N
2026数学建模核心资料\国赛B题必备模型+代码资料合集\国赛B题必备优化模型——混合整数规划\Matlab工具包混合整数规划\Mixed Integer Linear Program\lp_solve_3.0.tar\lp_solve_3.0\test.lp,.lp,50,纯文本_扩展名未收录,N
2026数学建模核心资料\国赛B题必备模型+代码资料合集\国赛B题必备优化模型——混合整数规划\Matlab工具包混合整数规划\Mixed Integer Linear Program\lp_solve_3.0.tar\lp_solve_3.0\test.mps,.mps,239,纯文本_扩展名未收录,N
2026数学建模核心资料\国赛B题必备模型+代码资料合集\国赛B题必备优化模型——混合整数规划\Matlab工具包混合整数规划\Mixed Integer Linear Program\lp_solve_3.0.tar\lp_solve_3.0\lp_examples\xx,,6451,无扩展名_不可索引_文本,N
2026数学建模核心资料\国赛B题必备模型+代码资料合集\国赛B题必备优化模型——混合整数规划\Matlab工具包混合整数规划\Mixed Integer Linear Program\lp_solve_3.1a.tar\lp_solve_3.1a\CHANGELOG,,5592,无扩展名_不可索引_文本,N
2026数学建模核心资料\国赛B题必备模型+代码资料合集\国赛B题必备优化模型——混合整数规划\Matlab工具包混合整数规划\Mixed Integer Linear Program\lp_solve_3.1a.tar\lp_solve_3.1a\Makefile,,3399,无扩展名_不可索引_文本,N
2026数学建模核心资料\国赛B题必备模型+代码资料合集\国赛B题必备优化模型——混合整数规划\Matlab工具包混合整数规划\Mixed Integer Linear Program\lp_solve_3.1a.tar\lp_solve_3.1a\MANIFEST,,3330,无扩展名_不可索引_文本,N
2026数学建模核心资料\国赛B题必备模型+代码资料合集\国赛B题必备优化模型——混合整数规划\Matlab工具包混合整数规划\Mixed Integer Linear Program\lp_solve_3.1a.tar\lp_solve_3.1a\README,,746,无扩展名_不可索引_文本,N
2026数学建模核心资料\国赛B题必备模型+代码资料合集\国赛B题必备优化模型——混合整数规划\Matlab工具包混合整数规划\Mixed Integer Linear Program\lp_solve_3.2.tar\lp_solve_3.2\CHANGELOG,,5667,无扩展名_不可索引_文本,N
2026数学建模核心资料\国赛B题必备模型+代码资料合集\国赛B题必备优化模型——混合整数规划\Matlab工具包混合整数规划\Mixed Integer Linear Program\lp_solve_3.2.tar\lp_solve_3.2\lp_solve.man,.man,10618,纯文本_扩展名未收录,N
2026数学建模核心资料\国赛B题必备模型+代码资料合集\国赛B题必备优化模型——混合整数规划\Matlab工具包混合整数规划\Mixed Integer Linear Program\lp_solve_3.2.tar\lp_solve_3.2\Makefile,,3397,无扩展名_不可索引_文本,N
2026数学建模核心资料\国赛B题必备模型+代码资料合集\国赛B题必备优化模型——混合整数规划\Matlab工具包混合整数规划\Mixed Integer Linear Program\lp_solve_3.2.tar\lp_solve_3.2\MANIFEST,,3330,无扩展名_不可索引_文本,N
2026数学建模核心资料\国赛B题必备模型+代码资料合集\国赛B题必备优化模型——混合整数规划\Matlab工具包混合整数规划\Mixed Integer Linear Program\lp_solve_4.0.tar\lp_solve_4.0\CHANGELOG,,32654,无扩展名_不可索引_文本,N
2026数学建模核心资料\国赛B题必备模型+代码资料合集\国赛B题必备优化模型——混合整数规划\Matlab工具包混合整数规划\Mixed Integer Linear Program\lp_solve_4.0.tar\lp_solve_4.0\lex.l,.l,1253,纯文本_扩展名未收录,N
2026数学建模核心资料\国赛B题必备模型+代码资料合集\国赛B题必备优化模型——混合整数规划\Matlab工具包混合整数规划\Mixed Integer Linear Program\lp_solve_4.0.tar\lp_solve_4.0\lp.y,.y,4088,纯文本_扩展名未收录,N
2026数学建模核心资料\国赛B题必备模型+代码资料合集\国赛B题必备优化模型——混合整数规划\Matlab工具包混合整数规划\Mixed Integer Linear Program\lp_solve_4.0.tar\lp_solve_4.0\lpsolve.rc,.rc,2535,纯文本_扩展名未收录,N
2026数学建模核心资料\国赛B题必备模型+代码资料合集\国赛B题必备优化模型——混合整数规划\Matlab工具包混合整数规划\Mixed Integer Linear Program\lp_solve_4.0.tar\lp_solve_4.0\lp_solve.1,.1,9419,纯文本_扩展名未收录,N
2026数学建模核心资料\国赛B题必备模型+代码资料合集\国赛B题必备优化模型——混合整数规划\Matlab工具包混合整数规划\Mixed Integer Linear Program\lp_solve_4.0.tar\lp_solve_4.0\lp_solve.man,.man,12969,纯文本_扩展名未收录,N
2026数学建模核心资料\国赛B题必备模型+代码资料合集\国赛B题必备优化模型——混合整数规划\Matlab工具包混合整数规划\Mixed Integer Linear Program\lp_solve_4.0.tar\lp_solve_4.0\Makefile,,3858,无扩展名_不可索引_文本,N
2026数学建模核心资料\国赛B题必备模型+代码资料合集\国赛B题必备优化模型——混合整数规划\Matlab工具包混合整数规划\Mixed Integer Linear Program\lp_solve_4.0.tar\lp_solve_4.0\Makefile.msc,.msc,4134,纯文本_扩展名未收录,N
2026数学建模核心资料\国赛B题必备模型+代码资料合集\国赛B题必备优化模型——混合整数规划\Matlab工具包混合整数规划\Mixed Integer Linear Program\lp_solve_4.0.tar\lp_solve_4.0\Makefile.sco5,.sco5,3877,纯文本_扩展名未收录,N
2026数学建模核心资料\国赛B题必备模型+代码资料合集\国赛B题必备优化模型——混合整数规划\Matlab工具包混合整数规划\Mixed Integer Linear Program\lp_solve_4.0.tar\lp_solve_4.0\MANIFEST,,4971,无扩展名_不可索引_文本,N
2026数学建模核心资料\国赛B题必备模型+代码资料合集\国赛B题必备优化模型——混合整数规划\Matlab工具包混合整数规划\Mixed Integer Linear Program\lp_solve_4.0.tar\lp_solve_4.0\README,,831,无扩展名_不可索引_文本,N
2026数学建模核心资料\国赛B题必备模型+代码资料合集\国赛B题必备优化模型——混合整数规划\Matlab工具包混合整数规划\Mixed Integer Linear Program\lp_solve_4.0.tar\lp_solve_4.0\windll.def,.def,4374,纯文本_扩展名未收录,N
2026数学建模核心资料\国赛B题必备模型+代码资料合集\国赛B题必备优化模型——混合整数规划\Matlab工具包混合整数规划\Mixed Integer Linear Program\lp_solve_4.0.tar\lp_solve_4.0\lp_examples\demo_lag.lp,.lp,330,纯文本_扩展名未收录,N
2026数学建模核心资料\国赛B题必备模型+代码资料合集\国赛B题必备优化模型——混合整数规划\Matlab工具包混合整数规划\Mixed Integer Linear Program\lp_solve_4.0.tar\lp_solve_4.0\lp_examples\demo_lag.out,.out,378,纯文本_扩展名未收录,N
2026数学建模核心资料\国赛B题必备模型+代码资料合集\国赛B题必备优化模型——混合整数规划\Matlab工具包混合整数规划\Mixed Integer Linear Program\lp_solve_4.0.tar\lp_solve_4.0\lp_examples\ex1.out,.out,192,纯文本_扩展名未收录,N
2026数学建模核心资料\国赛B题必备模型+代码资料合集\国赛B题必备优化模型——混合整数规划\Matlab工具包混合整数规划\Mixed Integer Linear Program\lp_solve_4.0.tar\lp_solve_4.0\lp_examples\ex1sc.mps,.mps,14854,纯文本_扩展名未收录,N
2026数学建模核心资料\国赛B题必备模型+代码资料合集\国赛B题必备优化模型——混合整数规划\Matlab工具包混合整数规划\Mixed Integer Linear Program\lp_solve_4.0.tar\lp_solve_4.0\lp_examples\ex1sc.out,.out,4307,纯文本_扩展名未收录,N
2026数学建模核心资料\国赛B题必备模型+代码资料合集\国赛B题必备优化模型——混合整数规划\Matlab工具包混合整数规划\Mixed Integer Linear Program\lp_solve_4.0.tar\lp_solve_4.0\lp_examples\ex1sos.mps,.mps,1023,纯文本_扩展名未收录,N
2026数学建模核心资料\国赛B题必备模型+代码资料合集\国赛B题必备优化模型——混合整数规划\Matlab工具包混合整数规划\Mixed Integer Linear Program\lp_solve_4.0.tar\lp_solve_4.0\lp_examples\ex1sos.out,.out,262,纯文本_扩展名未收录,N
2026数学建模核心资料\国赛B题必备模型+代码资料合集\国赛B题必备优化模型——混合整数规划\Matlab工具包混合整数规划\Mixed Integer Linear Program\lp_solve_4.0.tar\lp_solve_4.0\lp_examples\ex2.out,.out,210,纯文本_扩展名未收录,N
2026数学建模核心资料\国赛B题必备模型+代码资料合集\国赛B题必备优化模型——混合整数规划\Matlab工具包混合整数规划\Mixed Integer Linear Program\lp_solve_4.0.tar\lp_solve_4.0\lp_examples\ex2sc.mps,.mps,14854,纯文本_扩展名未收录,N
2026数学建模核心资料\国赛B题必备模型+代码资料合集\国赛B题必备优化模型——混合整数规划\Matlab工具包混合整数规划\Mixed Integer Linear Program\lp_solve_4.0.tar\lp_solve_4.0\lp_examples\ex2sc.out,.out,4311,纯文本_扩展名未收录,N
2026数学建模核心资料\国赛B题必备模型+代码资料合集\国赛B题必备优化模型——混合整数规划\Matlab工具包混合整数规划\Mixed Integer Linear Program\lp_solve_4.0.tar\lp_solve_4.0\lp_examples\ex2sos.mps,.mps,1093,纯文本_扩展名未收录,N
2026数学建模核心资料\国赛B题必备模型+代码资料合集\国赛B题必备优化模型——混合整数规划\Matlab工具包混合整数规划\Mixed Integer Linear Program\lp_solve_4.0.tar\lp_solve_4.0\lp_examples\ex2sos.out,.out,273,纯文本_扩展名未收录,N
2026数学建模核心资料\国赛B题必备模型+代码资料合集\国赛B题必备优化模型——混合整数规划\Matlab工具包混合整数规划\Mixed Integer Linear Program\lp_solve_4.0.tar\lp_solve_4.0\lp_examples\ex3.out,.out,201,纯文本_扩展名未收录,N
2026数学建模核心资料\国赛B题必备模型+代码资料合集\国赛B题必备优化模型——混合整数规划\Matlab工具包混合整数规划\Mixed Integer Linear Program\lp_solve_4.0.tar\lp_solve_4.0\lp_examples\ex3sos.mps,.mps,1124,纯文本_扩展名未收录,N
2026数学建模核心资料\国赛B题必备模型+代码资料合集\国赛B题必备优化模型——混合整数规划\Matlab工具包混合整数规划\Mixed Integer Linear Program\lp_solve_4.0.tar\lp_solve_4.0\lp_examples\ex3sos.out,.out,289,纯文本_扩展名未收录,N
2026数学建模核心资料\国赛B题必备模型+代码资料合集\国赛B题必备优化模型——混合整数规划\Matlab工具包混合整数规划\Mixed Integer Linear Program\lp_solve_4.0.tar\lp_solve_4.0\lp_examples\ex4.out,.out,4320,纯文本_扩展名未收录,N
2026数学建模核心资料\国赛B题必备模型+代码资料合集\国赛B题必备优化模型——混合整数规划\Matlab工具包混合整数规划\Mixed Integer Linear Program\lp_solve_4.0.tar\lp_solve_4.0\lp_examples\ex4sos.mps,.mps,1130,纯文本_扩展名未收录,N
2026数学建模核心资料\国赛B题必备模型+代码资料合集\国赛B题必备优化模型——混合整数规划\Matlab工具包混合整数规划\Mixed Integer Linear Program\lp_solve_4.0.tar\lp_solve_4.0\lp_examples\ex4sos.out,.out,289,纯文本_扩展名未收录,N
2026数学建模核心资料\国赛B题必备模型+代码资料合集\国赛B题必备优化模型——混合整数规划\Matlab工具包混合整数规划\Mixed Integer Linear Program\lp_solve_4.0.tar\lp_solve_4.0\lp_examples\ex5.out,.out,6152,纯文本_扩展名未收录,N
2026数学建模核心资料\国赛B题必备模型+代码资料合集\国赛B题必备优化模型——混合整数规划\Matlab工具包混合整数规划\Mixed Integer Linear Program\lp_solve_4.0.tar\lp_solve_4.0\lp_examples\ex5sos.mps,.mps,6912,纯文本_扩展名未收录,N
2026数学建模核心资料\国赛B题必备模型+代码资料合集\国赛B题必备优化模型——混合整数规划\Matlab工具包混合整数规划\Mixed Integer Linear Program\lp_solve_4.0.tar\lp_solve_4.0\lp_examples\ex5sos.out,.out,1734,纯文本_扩展名未收录,N
2026数学建模核心资料\国赛B题必备模型+代码资料合集\国赛B题必备优化模型——混合整数规划\Matlab工具包混合整数规划\Mixed Integer Linear Program\lp_solve_4.0.tar\lp_solve_4.0\lp_examples\ex6.out,.out,294,纯文本_扩展名未收录,N
2026数学建模核心资料\国赛B题必备模型+代码资料合集\国赛B题必备优化模型——混合整数规划\Matlab工具包混合整数规划\Mixed Integer Linear Program\lp_solve_4.0.tar\lp_solve_4.0\lp_examples\ex6sos.mps,.mps,6912,纯文本_扩展名未收录,N
2026数学建模核心资料\国赛B题必备模型+代码资料合集\国赛B题必备优化模型——混合整数规划\Matlab工具包混合整数规划\Mixed Integer Linear Program\lp_solve_4.0.tar\lp_solve_4.0\lp_examples\ex6sos.out,.out,1739,纯文本_扩展名未收录,N
2026数学建模核心资料\国赛B题必备模型+代码资料合集\国赛B题必备优化模型——混合整数规划\Matlab工具包混合整数规划\Mixed Integer Linear Program\lp_solve_4.0.tar\lp_solve_4.0\lp_examples\ex7.out,.out,1325,纯文本_扩展名未收录,N
2026数学建模核心资料\国赛B题必备模型+代码资料合集\国赛B题必备优化模型——混合整数规划\Matlab工具包混合整数规划\Mixed Integer Linear Program\lp_solve_4.0beta1.tar\lp_solve_4.0\CHANGELOG,,27150,无扩展名_不可索引_文本,N
2026数学建模核心资料\国赛B题必备模型+代码资料合集\国赛B题必备优化模型——混合整数规划\Matlab工具包混合整数规划\Mixed Integer Linear Program\lp_solve_4.0beta1.tar\lp_solve_4.0\MANIFEST,,5127,无扩展名_不可索引_文本,N
2026数学建模核心资料\国赛B题必备模型+代码资料合集\国赛B题必备优化模型——混合整数规划\Matlab工具包混合整数规划\Mixed Integer Linear Program\lp_solve_4.0beta1.tar\lp_solve_4.0\windll.def,.def,1991,纯文本_扩展名未收录,N
2026数学建模核心资料\国赛B题必备模型+代码资料合集\国赛B题必备优化模型——混合整数规划\Matlab工具包混合整数规划\Mixed Integer Linear Program\lp_solve_4.0beta1_vb\lpsolve.bas,.bas,31312,纯文本_扩展名未收录,N
2026数学建模核心资料\国赛B题必备模型+代码资料合集\国赛B题必备优化模型——混合整数规划\Matlab工具包混合整数规划\Mixed Integer Linear Program\lp_solve_4.0beta1_vb\Module1.bas,.bas,10079,纯文本_扩展名未收录,N
2026数学建模核心资料\国赛B题必备模型+代码资料合集\国赛B题必备优化模型——混合整数规划\Matlab工具包混合整数规划\Mixed Integer Linear Program\lp_solve_4.0beta1_vb\project1.vbp,.vbp,981,纯文本_扩展名未收录,N
2026数学建模核心资料\国赛B题必备模型+代码资料合集\国赛B题必备优化模型——混合整数规划\Matlab工具包混合整数规划\Mixed Integer Linear Program\lp_solve_4.0beta1_vb\Project1.vbw,.vbw,61,纯文本_扩展名未收录,N
2026数学建模核心资料\国赛B题必备模型+代码资料合集\国赛B题必备优化模型——混合整数规划\Matlab工具包混合整数规划\Mixed Integer Linear Program\lp_solve_4.0_vb\lpsolve.bas,.bas,36550,纯文本_扩展名未收录,N
2026数学建模核心资料\国赛B题必备模型+代码资料合集\国赛B题必备优化模型——混合整数规划\Matlab工具包混合整数规划\Mixed Integer Linear Program\lp_solve_4.0_vb\Module1.bas,.bas,10363,纯文本_扩展名未收录,N
2026数学建模核心资料\国赛B题必备模型+代码资料合集\国赛B题必备优化模型——混合整数规划\Matlab工具包混合整数规划\Mixed Integer Linear Program\lp_solve_4.0_vb\project1.vbp,.vbp,704,纯文本_扩展名未收录,N
2026数学建模核心资料\国赛B题必备模型+代码资料合集\国赛B题必备优化模型——混合整数规划\Matlab工具包混合整数规划\Mixed Integer Linear Program\mps2eq_0.2.tar\mps2eq\bore3d.lp,.lp,29370,纯文本_扩展名未收录,N
2026数学建模核心资料\国赛B题必备模型+代码资料合集\国赛B题必备优化模型——混合整数规划\Matlab工具包混合整数规划\Mixed Integer Linear Program\mps2eq_0.2.tar\mps2eq\bore3d.mps,.mps,51550,纯文本_扩展名未收录,N
2026数学建模核心资料\国赛B题必备模型+代码资料合集\国赛B题必备优化模型——混合整数规划\Matlab工具包混合整数规划\Mixed Integer Linear Program\mps2eq_0.2.tar\mps2eq\CHANGELOG,,235,无扩展名_不可索引_文本,N
2026数学建模核心资料\国赛B题必备模型+代码资料合集\国赛B题必备优化模型——混合整数规划\Matlab工具包混合整数规划\Mixed Integer Linear Program\mps2eq_0.2.tar\mps2eq\INSTALL,,200,无扩展名_不可索引_文本,N
2026数学建模核心资料\国赛B题必备模型+代码资料合集\国赛B题必备优化模型——混合整数规划\Matlab工具包混合整数规划\Mixed Integer Linear Program\mps2eq_0.2.tar\mps2eq\Makefile,,907,无扩展名_不可索引_文本,N
2026数学建模核心资料\国赛B题必备模型+代码资料合集\国赛B题必备优化模型——混合整数规划\Matlab工具包混合整数规划\Mixed Integer Linear Program\mps2eq_0.2.tar\mps2eq\MANIFEST,,1521,无扩展名_不可索引_文本,N
2026数学建模核心资料\国赛B题必备模型+代码资料合集\国赛B题必备优化模型——混合整数规划\Matlab工具包混合整数规划\Mixed Integer Linear Program\mps2eq_0.2.tar\mps2eq\mps2eq.1,.1,2485,纯文本_扩展名未收录,N
2026数学建模核心资料\国赛B题必备模型+代码资料合集\国赛B题必备优化模型——混合整数规划\Matlab工具包混合整数规划\Mixed Integer Linear Program\mps2eq_0.2.tar\mps2eq\mps2eq.man,.man,2704,纯文本_扩展名未收录,N
2026数学建模核心资料\国赛B题必备模型+代码资料合集\国赛B题必备优化模型——混合整数规划\Matlab工具包混合整数规划\Mixed Integer Linear Program\mps2eq_0.2.tar\mps2eq\MPS_FORMAT_GREGORY,,6088,无扩展名_不可索引_文本,N
2026数学建模核心资料\国赛B题必备模型+代码资料合集\国赛B题必备优化模型——混合整数规划\Matlab工具包混合整数规划\Mixed Integer Linear Program\mps2eq_0.2.tar\mps2eq\MPS_FORMAT_MIPLIB,,4646,无扩展名_不可索引_文本,N
2026数学建模核心资料\国赛B题必备模型+代码资料合集\国赛B题必备优化模型——混合整数规划\Matlab工具包混合整数规划\Mixed Integer Linear Program\mps2eq_0.2.tar\mps2eq\README,,1120,无扩展名_不可索引_文本,N
2026数学建模核心资料\国赛B题必备模型+代码资料合集\国赛B题必备优化模型——混合整数规划\Matlab工具包混合整数规划\Mixed Integer Linear Program\mps2eq_0.2.tar\mps2eq\share1b.lp,.lp,17610,纯文本_扩展名未收录,N
2026数学建模核心资料\国赛B题必备模型+代码资料合集\国赛B题必备优化模型——混合整数规划\Matlab工具包混合整数规划\Mixed Integer Linear Program\mps2eq_0.2.tar\mps2eq\share1b.mps,.mps,41581,纯文本_扩展名未收录,N
2026数学建模核心资料\国赛B题必备模型+代码资料合集\国赛B题必备优化模型——混合整数规划\Matlab工具包混合整数规划\Mixed Integer Linear Program\mps2eq_0.2.tar\mps2eq\stein9.lp,.lp,947,纯文本_扩展名未收录,N
2026数学建模核心资料\国赛B题必备模型+代码资料合集\国赛B题必备优化模型——混合整数规划\Matlab工具包混合整数规划\Mixed Integer Linear Program\mps2eq_0.2.tar\mps2eq\stein9.mps,.mps,3135,纯文本_扩展名未收录,N
2026数学建模核心资料\国赛B题必备模型+代码资料合集\国赛B题必备优化模型——混合整数规划\Matlab工具包混合整数规划\Mixed Integer Linear Program\mps2eq_0.2.tar\mps2eq\stein9b.mps,.mps,2877,纯文本_扩展名未收录,N
2026数学建模核心资料\国赛B题必备模型+代码资料合集\国赛B题必备优化模型——混合整数规划\Matlab工具包混合整数规划\Mixed Integer Linear Program\mps2eq_0.2.tar\mps2eq\test.lp,.lp,255,纯文本_扩展名未收录,N
2026数学建模核心资料\国赛B题必备模型+代码资料合集\国赛B题必备优化模型——混合整数规划\Matlab工具包混合整数规划\Mixed Integer Linear Program\mps2eq_0.2.tar\mps2eq\test.mps,.mps,644,纯文本_扩展名未收录,N
2026数学建模核心资料\国赛B题必备模型+代码资料合集\国赛B题必备优化模型——混合整数规划\Matlab工具包混合整数规划\Mixed Integer Linear Program\mps2eq_0.2.tar\mps2eq\test2.lp,.lp,929,纯文本_扩展名未收录,N
2026数学建模核心资料\国赛B题必备模型+代码资料合集\国赛B题必备优化模型——混合整数规划\Matlab工具包混合整数规划\Mixed Integer Linear Program\mps2eq_0.2.tar\mps2eq\test2.mps,.mps,2032,纯文本_扩展名未收录,N
2026数学建模核心资料\国赛B题必备模型+代码资料合集\国赛B题必备优化模型——粒子群算法\粒子群算法基本原理与案例分享.pptx,.pptx,2315458,二进制_不可索引不可直读,Y
2026数学建模核心资料\国赛B题必备模型+代码资料合集\国赛B题必备优化模型——粒子群算法\粒子群算法优化RBF网络\Matlab中文论坛--助努力的人完成毕业设计.url,.url,183,纯文本_扩展名未收录,N
2026数学建模核心资料\国赛B题必备模型+代码资料合集\国赛B题必备优化模型——粒子群算法\粒子群算法优化RBF网络\粒子群算法优化RBF网络\pfile1.mat,.mat,288,二进制_不可索引不可直读,N
2026数学建模核心资料\国赛B题必备模型+代码资料合集\国赛B题必备优化模型——粒子群算法\粒子群算法遗传算法学习资料+工具箱+代码\粒子群算法\粒子群优化.ppt,.ppt,1396736,二进制_不可索引不可直读,N
2026数学建模核心资料\国赛B题必备模型+代码资料合集\国赛B题必备优化模型——粒子群算法\粒子群算法遗传算法学习资料+工具箱+代码\粒子群算法\粒子群优化算法.ppt,.ppt,2099712,二进制_不可索引不可直读,N
2026数学建模核心资料\国赛B题必备模型+代码资料合集\国赛B题必备优化模型——粒子群算法\粒子群算法遗传算法学习资料+工具箱+代码\粒子群算法\粒子群优化算法PPT.ppt,.ppt,2845696,二进制_不可索引不可直读,N
2026数学建模核心资料\国赛B题必备模型+代码资料合集\国赛B题必备优化模型——粒子群算法\粒子群算法遗传算法学习资料+工具箱+代码\粒子群算法\粒子群优化算法求优.ppt,.ppt,468480,二进制_不可索引不可直读,N
2026数学建模核心资料\国赛B题必备模型+代码资料合集\国赛B题必备优化模型——粒子群算法\粒子群算法遗传算法学习资料+工具箱+代码\粒子群算法\粒子群算法简介.ppt,.ppt,873472,二进制_不可索引不可直读,N
2026数学建模核心资料\国赛B题必备模型+代码资料合集\国赛B题必备优化模型——粒子群算法\粒子群算法遗传算法学习资料+工具箱+代码\粒子群算法\蚁群算法.ppt,.ppt,1187328,二进制_不可索引不可直读,N
2026数学建模核心资料\国赛B题必备模型+代码资料合集\国赛B题必备优化模型——线性规划模型\整数规划与非线性规划.pptx,.pptx,3367056,二进制_不可索引不可直读,Y
2026数学建模核心资料\国赛B题必备模型+代码资料合集\国赛B题必备优化模型——线性规划模型\第4讲 线性规划.ppt,.ppt,638976,二进制_不可索引不可直读,Y
2026数学建模核心资料\国赛B题必备模型+代码资料合集\国赛B题必备优化模型——线性规划模型\线性规划 凸集凸函数.ppt,.ppt,400384,二进制_不可索引不可直读,Y
2026数学建模核心资料\国赛B题必备模型+代码资料合集\国赛B题必备优化模型——线性规划模型\线性规划的基本概念与基本定理.ppt,.ppt,1175552,二进制_不可索引不可直读,Y
2026数学建模核心资料\国赛B题必备模型+代码资料合集\国赛B题必备优化模型——线性规划模型\01型整数线性规划\01型整数线性规划\BintLp_E.asv,.asv,373,纯文本_扩展名未收录,N
2026数学建模核心资料\国赛B题必备模型+代码资料合集\国赛B题必备优化模型——线性规划模型\01型整数线性规划\01型整数线性规划\Untitled.asv,.asv,833,纯文本_扩展名未收录,N
2026数学建模核心资料\国赛B题必备模型+代码资料合集\国赛B题必备优化模型——线性规划模型\线性规划\第4讲 线性规划\LINGO1.lg4,.lg4,4096,二进制_不可索引不可直读,N
2026数学建模核心资料\国赛B题必备模型+代码资料合集\国赛B题必备优化模型——遗传算法\基于遗传算法的随机优化搜索.ppt,.ppt,473088,二进制_不可索引不可直读,Y
2026数学建模核心资料\国赛B题必备模型+代码资料合集\国赛B题必备优化模型——遗传算法\遗传算法.ppt,.ppt,123904,二进制_不可索引不可直读,Y
2026数学建模核心资料\国赛B题必备模型+代码资料合集\国赛B题必备优化模型——遗传算法\遗传算法原理与应用.ppt,.ppt,395776,二进制_不可索引不可直读,Y
2026数学建模核心资料\国赛B题必备模型+代码资料合集\国赛B题必备优化模型——遗传算法\基于 python 实现的遗传算法解决旅行商（TSP）问题\ga-tsp-main\.idea\ga-tsp.iml,.iml,284,纯文本_扩展名未收录,N
2026数学建模核心资料\国赛B题必备模型+代码资料合集\国赛B题必备优化模型——遗传算法\基于 python 实现的遗传算法解决旅行商（TSP）问题\ga-tsp-main\.idea\misc.xml,.xml,288,纯文本_扩展名未收录,N
2026数学建模核心资料\国赛B题必备模型+代码资料合集\国赛B题必备优化模型——遗传算法\基于 python 实现的遗传算法解决旅行商（TSP）问题\ga-tsp-main\.idea\modules.xml,.xml,264,纯文本_扩展名未收录,N
2026数学建模核心资料\国赛B题必备模型+代码资料合集\国赛B题必备优化模型——遗传算法\基于 python 实现的遗传算法解决旅行商（TSP）问题\ga-tsp-main\.idea\vcs.xml,.xml,180,纯文本_扩展名未收录,N
2026数学建模核心资料\国赛B题必备模型+代码资料合集\国赛B题必备优化模型——遗传算法\基于 python 实现的遗传算法解决旅行商（TSP）问题\ga-tsp-main\.idea\workspace.xml,.xml,9803,纯文本_扩展名未收录,N
2026数学建模核心资料\国赛B题必备模型+代码资料合集\国赛B题必备优化模型——遗传算法\基于 python 实现的遗传算法解决旅行商（TSP）问题\ga-tsp-main\__pycache__\config.cpython-37.pyc,.pyc,1235,二进制_不可索引不可直读,N
2026数学建模核心资料\国赛B题必备模型+代码资料合集\国赛B题必备优化模型——遗传算法\基于 python 实现的遗传算法解决旅行商（TSP）问题\ga-tsp-main\__pycache__\ga.cpython-37.pyc,.pyc,4211,二进制_不可索引不可直读,N
2026数学建模核心资料\国赛B题必备模型+代码资料合集\国赛B题必备优化模型——遗传算法\基于 python 实现的遗传算法解决旅行商（TSP）问题\__MACOSX\._ga-tsp-main,,312,无扩展名_不可索引,N
2026数学建模核心资料\国赛B题必备模型+代码资料合集\国赛B题必备优化模型——遗传算法\基于 python 实现的遗传算法解决旅行商（TSP）问题\__MACOSX\ga-tsp-main\._.idea,.idea,212,二进制_不可索引不可直读,N
2026数学建模核心资料\国赛B题必备模型+代码资料合集\国赛B题必备优化模型——随机规划\随机动态规划.ppt,.ppt,775168,二进制_不可索引不可直读,Y
2026数学建模核心资料\国赛B题必备模型+代码资料合集\国赛B题必备优化模型——非线性规划\非线性规划模型基本原理.ppt,.ppt,3649024,二进制_不可索引不可直读,Y
2026数学建模核心资料\国赛B题必备模型+代码资料合集\国赛B题必备分类模型——K-means分类及代码\K-means 算法应用及其编程实现.ppt,.ppt,248832,二进制_不可索引不可直读,Y
2026数学建模核心资料\国赛B题必备模型+代码资料合集\国赛B题必备分类模型——K-means分类及代码\K-means算法.ppt,.ppt,3446784,二进制_不可索引不可直读,Y
2026数学建模核心资料\国赛B题必备模型+代码资料合集\国赛B题必备分类模型——K-means分类及代码\K-means算法讲解.ppt,.ppt,3323904,二进制_不可索引不可直读,Y
2026数学建模核心资料\国赛B题必备模型+代码资料合集\国赛B题必备分类模型——K-means分类及代码\K-NN和K-means算法讲解.ppt,.ppt,2573824,二进制_不可索引不可直读,Y
2026数学建模核心资料\国赛B题必备模型+代码资料合集\国赛B题必备分类模型——决策树分类及代码\决策树建模概述.pptx,.pptx,628194,二进制_不可索引不可直读,Y
2026数学建模核心资料\国赛B题必备模型+代码资料合集\国赛B题必备分类模型——决策树分类及代码\分类基本概念决策树与模型评估.ppt,.ppt,8216576,二进制_不可索引不可直读,Y
2026数学建模核心资料\国赛B题必备模型+代码资料合集\国赛B题必备分类模型——决策树分类及代码\基本概念、决策树与模型评价.pptx,.pptx,2699148,二进制_不可索引不可直读,Y
2026数学建模核心资料\国赛B题必备模型+代码资料合集\国赛B题必备分类模型——决策树分类及代码\建立模型之决策树讲义.pptx,.pptx,792167,二进制_不可索引不可直读,Y
2026数学建模核心资料\国赛B题必备模型+代码资料合集\国赛B题必备分类模型——决策树分类及代码\数学建模-决策树.ppt,.ppt,509440,二进制_不可索引不可直读,Y
2026数学建模核心资料\国赛B题必备模型+代码资料合集\国赛B题必备分类模型——决策树分类及代码\数学建模决策分析1.ppt,.ppt,499712,二进制_不可索引不可直读,Y
2026数学建模核心资料\国赛B题必备模型+代码资料合集\国赛B题必备分类模型——决策树分类及代码\数学建模对策与决策模型.ppt,.ppt,3119616,二进制_不可索引不可直读,Y
2026数学建模核心资料\国赛B题必备模型+代码资料合集\国赛B题必备分类模型——决策树分类及代码\数学建模对策与决策模型选读.ppt,.ppt,638978,二进制_不可索引不可直读,Y
2026数学建模核心资料\国赛B题必备模型+代码资料合集\国赛B题必备分类模型——决策树分类及代码\数学建模-决策树的预测模型的Python实现\decision_tree材料包\decision_tree.dot,.dot,18732,纯文本_扩展名未收录,N
2026数学建模核心资料\国赛B题必备模型+代码资料合集\国赛B题必备模型——精美绘图Matlab代码\数学建模--MATLAB作图.ppt,.ppt,900608,二进制_不可索引不可直读,Y
2026数学建模核心资料\国赛B题必备模型+代码资料合集\国赛B题必备模型——精美绘图Matlab代码\数学建模精美绘图 Matlab.ppt,.ppt,2187776,二进制_不可索引不可直读,Y
2026数学建模核心资料\国赛B题必备模型+代码资料合集\国赛B题必备评价模型——topsis模型\TOPSIS模型基础入门与实践.pptx,.pptx,861399,二进制_不可索引不可直读,Y
2026数学建模核心资料\国赛B题必备模型+代码资料合集\国赛B题必备评价模型——topsis模型\TOPSIS模型具体步骤及代码\TOPSIS模型具体步骤\data.mat,.mat,379,二进制_不可索引不可直读,Y
2026数学建模核心资料\国赛B题必备模型+代码资料合集\国赛B题必备评价模型——主成分分析法\201104-主成分分析.ppt,.ppt,1017344,二进制_不可索引不可直读,Y
2026数学建模核心资料\国赛B题必备模型+代码资料合集\国赛B题必备评价模型——主成分分析法\主成分分析法案例.ppt,.ppt,1895424,二进制_不可索引不可直读,Y
2026数学建模核心资料\国赛B题必备模型+代码资料合集\国赛B题必备评价模型——主成分分析法\pca主成分分析\pca主成分分析\importance.xls,.xls,464,纯文本_扩展名未收录,N
2026数学建模核心资料\国赛B题必备模型+代码资料合集\国赛B题必备评价模型——主成分分析法\pca主成分分析\pca主成分分析\newTab.xls,.xls,2180,纯文本_扩展名未收录,N
2026数学建模核心资料\国赛B题必备模型+代码资料合集\国赛B题必备评价模型——主成分分析法\pca主成分分析\pca主成分分析\PC.xls,.xls,4408501,纯文本_扩展名未收录,N
2026数学建模核心资料\国赛B题必备模型+代码资料合集\国赛B题必备评价模型——主成分分析法\pca主成分分析\pca主成分分析\pca.R,.r,2226,纯文本_扩展名未收录,N
2026数学建模核心资料\国赛B题必备模型+代码资料合集\国赛B题必备评价模型——主成分分析法\pca主成分分析\pca主成分分析\pca主成分分析.ppt,.ppt,296960,二进制_不可索引不可直读,N
2026数学建模核心资料\国赛B题必备模型+代码资料合集\国赛B题必备评价模型——主成分分析法\pca主成分分析\pca主成分分析\Thumbs.db,.db,33280,二进制_不可索引不可直读,N
2026数学建模核心资料\国赛B题必备模型+代码资料合集\国赛B题必备评价模型——因子分析法\Eviews主成分分析和因子分析.ppt,.ppt,2015744,二进制_不可索引不可直读,Y
2026数学建模核心资料\国赛B题必备模型+代码资料合集\国赛B题必备评价模型——因子分析法\因子分析法原理及其实例分析.ppt,.ppt,1480192,二进制_不可索引不可直读,Y
2026数学建模核心资料\国赛B题必备模型+代码资料合集\国赛B题必备评价模型——层次分析法\数学建模(层次分析法(AHP法)).ppt,.ppt,1111552,二进制_不可索引不可直读,Y
2026数学建模核心资料\国赛B题必备模型+代码资料合集\国赛B题必备评价模型——层次分析法\数模常规算法之层次分析法应用讲解.pptx,.pptx,648701,二进制_不可索引不可直读,Y
2026数学建模核心资料\国赛B题必备模型+代码资料合集\国赛B题必备评价模型——层次分析法\层次分析法建模\层次分析法建模.ppt,.ppt,995328,二进制_不可索引不可直读,N
2026数学建模核心资料\国赛B题必备模型+代码资料合集\国赛B题必备评价模型——灰色关联分析法\最容易掌握灰色关联分析法的教程.ppt,.ppt,675840,二进制_不可索引不可直读,Y
2026数学建模核心资料\国赛B题必备模型+代码资料合集\国赛B题必备评价模型——灰色关联分析法\灰色关联分析方法.ppt,.ppt,395264,二进制_不可索引不可直读,Y
2026数学建模核心资料\国赛B题必备模型+代码资料合集\国赛B题必备评价模型——神经网络算法\神经网络算法MATLAB程序\data1.mat,.mat,93015,二进制_不可索引不可直读,N
2026数学建模核心资料\国赛B题必备模型+代码资料合集\国赛B题必备评价模型——神经网络算法\神经网络算法MATLAB程序\data1.xlsx,.xlsx,190026,二进制_不可索引不可直读,N
2026数学建模核心资料\国赛B题必备模型+代码资料合集\国赛B题必备评价模型——神经网络算法\神经网络算法MATLAB程序\data2.mat,.mat,92845,二进制_不可索引不可直读,N
2026数学建模核心资料\国赛B题必备模型+代码资料合集\国赛B题必备评价模型——神经网络算法\神经网络算法MATLAB程序\data2.xlsx,.xlsx,191202,二进制_不可索引不可直读,N
2026数学建模核心资料\国赛B题必备模型+代码资料合集\国赛B题必备评价模型——神经网络算法\神经网络算法MATLAB程序\data3.mat,.mat,92937,二进制_不可索引不可直读,N
2026数学建模核心资料\国赛B题必备模型+代码资料合集\国赛B题必备评价模型——神经网络算法\神经网络算法MATLAB程序\data3.xlsx,.xlsx,190905,二进制_不可索引不可直读,N
2026数学建模核心资料\国赛B题必备模型+代码资料合集\国赛B题必备评价模型——神经网络算法\神经网络算法MATLAB程序\data4.mat,.mat,93438,二进制_不可索引不可直读,N
2026数学建模核心资料\国赛B题必备模型+代码资料合集\国赛B题必备评价模型——神经网络算法\神经网络算法MATLAB程序\data4.xlsx,.xlsx,192048,二进制_不可索引不可直读,N
2026数学建模核心资料\国赛B题必备模型+代码资料合集\国赛B题必备评价模型——神经网络算法\神经网络详细的预测内容\预测多组\预测多组\spectra_data.mat,.mat,171497,二进制_不可索引不可直读,N
2026数学建模核心资料\国赛B题必备模型+代码资料合集\国赛B题必备评价模型——神经网络算法\神经网络预测\神经网络预测\神经网络预测\test.xls,.xls,19968,二进制_不可索引不可直读,N
2026数学建模核心资料\国赛B题必备模型+代码资料合集\国赛B题必备预测模型——Logistic模型\Logistic 回归_1.pptx,.pptx,1761125,二进制_不可索引不可直读,Y
2026数学建模核心资料\国赛B题必备模型+代码资料合集\国赛B题必备预测模型——Logistic模型\logistic回归模型.ppt,.ppt,513536,二进制_不可索引不可直读,Y
2026数学建模核心资料\国赛B题必备模型+代码资料合集\国赛B题必备预测模型——Logistic模型\Logistic模型(1).ppt,.ppt,2389504,二进制_不可索引不可直读,Y
2026数学建模核心资料\国赛B题必备模型+代码资料合集\国赛B题必备预测模型——Logistic模型\Logistic回归模型\Logistic回归模型\Ch3_logistic_ex1.xlsx,.xlsx,13150,二进制_不可索引不可直读,N
2026数学建模核心资料\国赛B题必备模型+代码资料合集\国赛B题必备预测模型——LSTM模型\时间序列预测（LSTM模型）python代码实现\chapter_15\.gitignore,,1149,无扩展名_不可索引_文本,N
2026数学建模核心资料\国赛B题必备模型+代码资料合集\国赛B题必备预测模型——回归分析\MATLAB回归分析.ppt,.ppt,2571776,二进制_不可索引不可直读,Y
2026数学建模核心资料\国赛B题必备模型+代码资料合集\国赛B题必备预测模型——回归分析\matlab多元回归分析.ppt,.ppt,1254952,二进制_不可索引不可直读,Y
2026数学建模核心资料\国赛B题必备模型+代码资料合集\国赛B题必备预测模型——回归分析\Python与机器学习-- 电影数据分析与预测(多项式回归).ppt,.ppt,7334400,二进制_不可索引不可直读,Y
2026数学建模核心资料\国赛B题必备模型+代码资料合集\国赛B题必备预测模型——回归分析\偏最小二乘回归分析.ppt,.ppt,1485312,二进制_不可索引不可直读,Y
2026数学建模核心资料\国赛B题必备模型+代码资料合集\国赛B题必备预测模型——回归分析\回归分析(1).pps,.pps,467456,二进制_不可索引不可直读,Y
2026数学建模核心资料\国赛B题必备模型+代码资料合集\国赛B题必备预测模型——回归分析\回归分析与matlab实现讲解.ppt,.ppt,1226755,二进制_不可索引不可直读,Y
2026数学建模核心资料\国赛B题必备模型+代码资料合集\国赛B题必备预测模型——回归分析\多元线性回归与多元逐步回归.ppt,.ppt,1475584,二进制_不可索引不可直读,Y
2026数学建模核心资料\国赛B题必备模型+代码资料合集\国赛B题必备预测模型——回归分析\多元线性回归方法及其应用实例.ppt,.ppt,531968,二进制_不可索引不可直读,Y
2026数学建模核心资料\国赛B题必备模型+代码资料合集\国赛B题必备预测模型——回归分析\数学建模-回归分析.ppt,.ppt,1553920,二进制_不可索引不可直读,Y
2026数学建模核心资料\国赛B题必备模型+代码资料合集\国赛B题必备预测模型——回归分析\简单实用回归分析(含matlab程序).ppt,.ppt,1021952,二进制_不可索引不可直读,Y
2026数学建模核心资料\国赛B题必备模型+代码资料合集\国赛B题必备预测模型——回归分析\Matlab的回归分析\9回归分析\examp9_2_1.xls,.xls,18432,二进制_不可索引不可直读,N
2026数学建模核心资料\国赛B题必备模型+代码资料合集\国赛B题必备预测模型——回归分析\Matlab的回归分析\9回归分析\examp9_3_1.xls,.xls,244736,二进制_不可索引不可直读,N
2026数学建模核心资料\国赛B题必备模型+代码资料合集\国赛B题必备预测模型——回归分析\Matlab的回归分析\9回归分析\examp9_4_1.xls,.xls,16384,二进制_不可索引不可直读,N
2026数学建模核心资料\国赛B题必备模型+代码资料合集\国赛B题必备预测模型——回归分析\Matlab的回归分析\9回归分析\examp9_6_1.xls,.xls,30720,二进制_不可索引不可直读,N
2026数学建模核心资料\国赛B题必备模型+代码资料合集\国赛B题必备预测模型——微分方程\数学建模—微分方程PPT.ppt,.ppt,514048,二进制_不可索引不可直读,Y
2026数学建模核心资料\国赛B题必备模型+代码资料合集\国赛B题必备预测模型——灰色预测模型\2020美赛巅峰培训6：灰色预测模型及其应用.pptx,.pptx,454060,二进制_不可索引不可直读,Y
2026数学建模核心资料\国赛B题必备模型+代码资料合集\国赛B题必备预测模型——灰色预测模型\灰色预测模型原理与应用实例.pptx,.pptx,683827,二进制_不可索引不可直读,Y
2026数学建模核心资料\国赛B题必备模型+代码资料合集\国赛B题必备预测模型——灰色预测模型\灰色预测\灰色预测.ppt,.ppt,222208,二进制_不可索引不可直读,N
2026数学建模核心资料\国赛B题必备模型+代码资料合集\国赛B题必备预测模型——相关性分析\两变量之间的关系的分析相关与回归.ppt,.ppt,4900900,二进制_不可索引不可直读,Y
2026数学建模核心资料\国赛B题必备模型+代码资料合集\国赛B题必备预测模型——相关性分析\两变量关联性分析.ppt,.ppt,815104,二进制_不可索引不可直读,Y
2026数学建模核心资料\国赛B题必备模型+代码资料合集\国赛B题必备预测模型——相关性分析\相关性分析及回归分析.pptx,.pptx,1314713,二进制_不可索引不可直读,Y
2026数学建模核心资料\数学建模典型题目优秀论文\‌评价类：2012A葡萄酒的评价问题\2012国赛国家一等奖A题优秀论文4(1)\A0285\附件\1.xlsx,.xlsx,115713,二进制_不可索引不可直读,N
2026数学建模核心资料\数学建模典型题目优秀论文\‌评价类：2012A葡萄酒的评价问题\2012国赛国家一等奖A题优秀论文4(1)\A0285\附件\2.xls,.xls,393216,二进制_不可索引不可直读,N
2026数学建模核心资料\数学建模典型题目优秀论文\‌评价类：2012A葡萄酒的评价问题\2012国赛国家一等奖A题优秀论文4(1)\A0285\附件\3.xlsx,.xlsx,35069,二进制_不可索引不可直读,N
2026数学建模核心资料\数学建模典型题目优秀论文\‌评价类：2012A葡萄酒的评价问题\2012国赛国家一等奖A题优秀论文4(1)\A0285\附件\4.xls,.xls,228864,二进制_不可索引不可直读,N
2026数学建模核心资料\数学建模典型题目优秀论文\‌评价类：2012A葡萄酒的评价问题\2012国赛国家一等奖A题优秀论文4(1)\A0285\附件\5.xlsx,.xlsx,16706,二进制_不可索引不可直读,N
2026数学建模核心资料\数学建模典型题目优秀论文\‌评价类：2012A葡萄酒的评价问题\2012国赛国家一等奖A题优秀论文4(1)\A0285\附件\b系数.xls,.xls,5632,二进制_不可索引不可直读,N
2026数学建模核心资料\数学建模典型题目优秀论文\‌评价类：2012A葡萄酒的评价问题\2012国赛国家一等奖A题优秀论文4(1)\A0285\附件\b系数1.xls,.xls,6144,二进制_不可索引不可直读,N
2026数学建模核心资料\数学建模典型题目优秀论文\‌评价类：2012A葡萄酒的评价问题\2012国赛国家一等奖A题优秀论文4(1)\A0285\附件\b系数2.xls,.xls,23552,二进制_不可索引不可直读,N
2026数学建模核心资料\数学建模典型题目优秀论文\‌评价类：2012A葡萄酒的评价问题\2012国赛国家一等奖A题优秀论文4(1)\A0285\附件\b系数3.xls,.xls,27136,二进制_不可索引不可直读,N
2026数学建模核心资料\数学建模典型题目优秀论文\‌评价类：2012A葡萄酒的评价问题\2012国赛国家一等奖A题优秀论文4(1)\A0285\附件\指标总表2.xlsx,.xlsx,117706,二进制_不可索引不可直读,N
2026数学建模核心资料\数学建模典型题目优秀论文\‌评价类：2012A葡萄酒的评价问题\2012国赛国家一等奖A题优秀论文4(1)\A0285\附件\白葡萄酒.xlsx,.xlsx,10070,二进制_不可索引不可直读,N
2026数学建模核心资料\数学建模典型题目优秀论文\‌评价类：2012A葡萄酒的评价问题\2012国赛国家一等奖A题优秀论文4(1)\A0285\附件\系数.xls,.xls,6656,二进制_不可索引不可直读,N
2026数学建模核心资料\数学建模典型题目优秀论文\‌评价类：2012A葡萄酒的评价问题\2012国赛国家一等奖A题优秀论文4(1)\A0285\附件\系数1.xls,.xls,6144,二进制_不可索引不可直读,N
2026数学建模核心资料\数学建模典型题目优秀论文\‌评价类：2012A葡萄酒的评价问题\2012国赛国家一等奖A题优秀论文4(1)\A0285\附件\系数3.xls,.xls,5632,二进制_不可索引不可直读,N
2026数学建模核心资料\数学建模典型题目优秀论文\‌评价类：2012A葡萄酒的评价问题\2012国赛国家一等奖A题优秀论文4(1)\A0285\附件\红葡萄酒.xlsx,.xlsx,131880,二进制_不可索引不可直读,N
2026数学建模核心资料\流程图！美赛O奖论文同款流程图模版！\数学建模论文流程图1.pptx,.pptx,75147,二进制_不可索引不可直读,N
2026数学建模核心资料\流程图！美赛O奖论文同款流程图模版！\数学建模论文流程图2.pptx,.pptx,920440,二进制_不可索引不可直读,N
2026数学建模核心资料\流程图！美赛O奖论文同款流程图模版！\数学建模论文流程图3.pptx,.pptx,75203,二进制_不可索引不可直读,N
2026数学建模核心资料\流程图！美赛O奖论文同款流程图模版！\数学建模论文流程图4.pptx,.pptx,1088914,二进制_不可索引不可直读,N
2026数学建模核心资料\流程图！美赛O奖论文同款流程图模版！\数学建模论文流程图5.pptx,.pptx,76142,二进制_不可索引不可直读,N
2026数学建模核心资料\流程图！美赛O奖论文同款流程图模版！\数学建模论文流程图6.pptx,.pptx,75688,二进制_不可索引不可直读,N
2026数学建模核心资料\美赛按题目题型分类常用算法代码程序包！\优化与控制题型参考代码【数学建模老哥】\GA优化后的RBF神经网络优化分析代码\pfile.mat,.mat,276,二进制_不可索引不可直读,N
2026数学建模核心资料\美赛按题目题型分类常用算法代码程序包！\优化与控制题型参考代码【数学建模老哥】\PSO求解多目标优化问题代码\data.mat,.mat,422,二进制_不可索引不可直读,Y
2026数学建模核心资料\美赛按题目题型分类常用算法代码程序包！\优化与控制题型参考代码【数学建模老哥】\人工鱼群求解TSP问题源代码\att48.tsp,.tsp,793,纯文本_扩展名未收录,N
2026数学建模核心资料\美赛按题目题型分类常用算法代码程序包！\优化与控制题型参考代码【数学建模老哥】\人工鱼群求解TSP问题源代码\ulysses22.tsp,.tsp,545,纯文本_扩展名未收录,N
2026数学建模核心资料\美赛按题目题型分类常用算法代码程序包！\优化与控制题型参考代码【数学建模老哥】\免疫优化算法在物流配送中心选址中的应用代码\centre.fig,.fig,7910,二进制_不可索引不可直读,N
2026数学建模核心资料\美赛按题目题型分类常用算法代码程序包！\优化与控制题型参考代码【数学建模老哥】\免疫优化算法在物流配送中心选址中的应用代码\figure.fig,.fig,9007,二进制_不可索引不可直读,N
2026数学建模核心资料\美赛按题目题型分类常用算法代码程序包！\优化与控制题型参考代码【数学建模老哥】\免疫优化算法在物流配送中心选址中的应用代码\IAdata.mat,.mat,4838,二进制_不可索引不可直读,N
2026数学建模核心资料\美赛按题目题型分类常用算法代码程序包！\优化与控制题型参考代码【数学建模老哥】\基于遗传算法的Bp神经网络优化算法代码\基于遗传算法的Bp神经网络优化算法代码(1)\data.mat,.mat,1605,二进制_不可索引不可直读,Y
2026数学建模核心资料\美赛按题目题型分类常用算法代码程序包！\优化与控制题型参考代码【数学建模老哥】\基于遗传算法的优化计算——建模自变量降维代码\data.mat,.mat,85513,二进制_不可索引不可直读,Y
2026数学建模核心资料\美赛按题目题型分类常用算法代码程序包！\优化与控制题型参考代码【数学建模老哥】\多目标粒子群优化算法代码\www.kalami.ir.url,.url,110,纯文本_扩展名未收录,N
2026数学建模核心资料\美赛按题目题型分类常用算法代码程序包！\优化与控制题型参考代码【数学建模老哥】\多种群遗传算法的函数优化算法代码\gatbx\DOC\GATBXA0.LOG,.log,273,纯文本_扩展名未收录,N
2026数学建模核心资料\美赛按题目题型分类常用算法代码程序包！\优化与控制题型参考代码【数学建模老哥】\多种群遗传算法的函数优化算法代码\gatbx\DOC\GATBXA0.PS,.ps,53484,纯文本_扩展名未收录,N
2026数学建模核心资料\美赛按题目题型分类常用算法代码程序包！\优化与控制题型参考代码【数学建模老哥】\多种群遗传算法的函数优化算法代码\gatbx\DOC\GATBXA1.LOG,.log,458,纯文本_扩展名未收录,N
2026数学建模核心资料\美赛按题目题型分类常用算法代码程序包！\优化与控制题型参考代码【数学建模老哥】\多种群遗传算法的函数优化算法代码\gatbx\DOC\GATBXA1.PS,.ps,204230,纯文本_扩展名未收录,N
2026数学建模核心资料\美赛按题目题型分类常用算法代码程序包！\优化与控制题型参考代码【数学建模老哥】\多种群遗传算法的函数优化算法代码\gatbx\DOC\GATBXA2.LOG,.log,273,纯文本_扩展名未收录,N
2026数学建模核心资料\美赛按题目题型分类常用算法代码程序包！\优化与控制题型参考代码【数学建模老哥】\多种群遗传算法的函数优化算法代码\gatbx\DOC\GATBXA2.PS,.ps,200234,纯文本_扩展名未收录,N
2026数学建模核心资料\美赛按题目题型分类常用算法代码程序包！\优化与控制题型参考代码【数学建模老哥】\多种群遗传算法的函数优化算法代码\gatbx\DOC\The MathWorks - 1-18GTU Why do I get an error in MATLAB 6_0 (R12) where I got a warning in R11 with reference to uninitialized variables.mht,.mht,98687,纯文本_扩展名未收录,N
2026数学建模核心资料\美赛按题目题型分类常用算法代码程序包！\优化与控制题型参考代码【数学建模老哥】\多种群遗传算法的函数优化算法代码\gatbx\TEST_FNS\TEST_FNS.PS,.ps,140988,纯文本_扩展名未收录,N
2026数学建模核心资料\美赛按题目题型分类常用算法代码程序包！\优化与控制题型参考代码【数学建模老哥】\蚁群算法求解TSP问题matlab代码\citys_data.mat,.mat,309,二进制_不可索引不可直读,N
2026数学建模核心资料\美赛按题目题型分类常用算法代码程序包！\分类与判别类题型参考代码【数学建模老哥】\100多种数据处理与分类算法集合\模式分类（Matlab程序）\classifier.mat,.mat,4520,二进制_不可索引不可直读,N
2026数学建模核心资料\美赛按题目题型分类常用算法代码程序包！\分类与判别类题型参考代码【数学建模老哥】\100多种数据处理与分类算法集合\模式分类（Matlab程序）\enter_distributions.mat,.mat,2136,二进制_不可索引不可直读,N
2026数学建模核心资料\美赛按题目题型分类常用算法代码程序包！\分类与判别类题型参考代码【数学建模老哥】\100多种数据处理与分类算法集合\模式分类（Matlab程序）\feature_selection.mat,.mat,1720,二进制_不可索引不可直读,N
2026数学建模核心资料\美赛按题目题型分类常用算法代码程序包！\分类与判别类题型参考代码【数学建模老哥】\100多种数据处理与分类算法集合\模式分类（Matlab程序）\FindParameters.mat,.mat,2968,二进制_不可索引不可直读,N
2026数学建模核心资料\美赛按题目题型分类常用算法代码程序包！\分类与判别类题型参考代码【数学建模老哥】\100多种数据处理与分类算法集合\模式分类（Matlab程序）\GaussianParameters.mat,.mat,1896,二进制_不可索引不可直读,N
2026数学建模核心资料\美赛按题目题型分类常用算法代码程序包！\分类与判别类题型参考代码【数学建模老哥】\100多种数据处理与分类算法集合\模式分类（Matlab程序）\multialgorithms.mat,.mat,4816,二进制_不可索引不可直读,N
2026数学建模核心资料\美赛按题目题型分类常用算法代码程序包！\分类与判别类题型参考代码【数学建模老哥】\100多种数据处理与分类算法集合\模式分类（Matlab程序）\synthetic.mat,.mat,1096,二进制_不可索引不可直读,N
2026数学建模核心资料\美赛按题目题型分类常用算法代码程序包！\分类与判别类题型参考代码【数学建模老哥】\100多种数据处理与分类算法集合\模式分类（Matlab程序）\datasets\chess.mat,.mat,2776,二进制_不可索引不可直读,N
2026数学建模核心资料\美赛按题目题型分类常用算法代码程序包！\分类与判别类题型参考代码【数学建模老哥】\100多种数据处理与分类算法集合\模式分类（Matlab程序）\datasets\clouds.mat,.mat,86496,二进制_不可索引不可直读,N
2026数学建模核心资料\美赛按题目题型分类常用算法代码程序包！\分类与判别类题型参考代码【数学建模老哥】\100多种数据处理与分类算法集合\模式分类（Matlab程序）\datasets\DHSchapter10.mat,.mat,768,二进制_不可索引不可直读,N
2026数学建模核心资料\美赛按题目题型分类常用算法代码程序包！\分类与判别类题型参考代码【数学建模老哥】\100多种数据处理与分类算法集合\模式分类（Matlab程序）\datasets\DHSchapter2.mat,.mat,1008,二进制_不可索引不可直读,N
2026数学建模核心资料\美赛按题目题型分类常用算法代码程序包！\分类与判别类题型参考代码【数学建模老哥】\100多种数据处理与分类算法集合\模式分类（Matlab程序）\datasets\DHSchapter3.mat,.mat,1008,二进制_不可索引不可直读,N
2026数学建模核心资料\美赛按题目题型分类常用算法代码程序包！\分类与判别类题型参考代码【数学建模老哥】\100多种数据处理与分类算法集合\模式分类（Matlab程序）\datasets\DHSchapter4.mat,.mat,1008,二进制_不可索引不可直读,N
2026数学建模核心资料\美赛按题目题型分类常用算法代码程序包！\分类与判别类题型参考代码【数学建模老哥】\100多种数据处理与分类算法集合\模式分类（Matlab程序）\datasets\DHSchapter5.mat,.mat,936,二进制_不可索引不可直读,N
2026数学建模核心资料\美赛按题目题型分类常用算法代码程序包！\分类与判别类题型参考代码【数学建模老哥】\100多种数据处理与分类算法集合\模式分类（Matlab程序）\datasets\DHSchapter6.mat,.mat,1008,二进制_不可索引不可直读,N
2026数学建模核心资料\美赛按题目题型分类常用算法代码程序包！\分类与判别类题型参考代码【数学建模老哥】\100多种数据处理与分类算法集合\模式分类（Matlab程序）\datasets\DHSchapter7.mat,.mat,768,二进制_不可索引不可直读,N
2026数学建模核心资料\美赛按题目题型分类常用算法代码程序包！\分类与判别类题型参考代码【数学建模老哥】\100多种数据处理与分类算法集合\模式分类（Matlab程序）\datasets\DHSchapter8.mat,.mat,384,二进制_不可索引不可直读,N
2026数学建模核心资料\美赛按题目题型分类常用算法代码程序包！\分类与判别类题型参考代码【数学建模老哥】\100多种数据处理与分类算法集合\模式分类（Matlab程序）\datasets\DHSchapter9.mat,.mat,1256,二进制_不可索引不可直读,N
2026数学建模核心资料\美赛按题目题型分类常用算法代码程序包！\分类与判别类题型参考代码【数学建模老哥】\100多种数据处理与分类算法集合\模式分类（Matlab程序）\datasets\DHS_cover.mat,.mat,1432,二进制_不可索引不可直读,N
2026数学建模核心资料\美赛按题目题型分类常用算法代码程序包！\分类与判别类题型参考代码【数学建模老哥】\100多种数据处理与分类算法集合\模式分类（Matlab程序）\datasets\four_spiral.mat,.mat,17256,二进制_不可索引不可直读,N
2026数学建模核心资料\美赛按题目题型分类常用算法代码程序包！\分类与判别类题型参考代码【数学建模老哥】\100多种数据处理与分类算法集合\模式分类（Matlab程序）\datasets\spiral.mat,.mat,34256,二进制_不可索引不可直读,N
2026数学建模核心资料\美赛按题目题型分类常用算法代码程序包！\分类与判别类题型参考代码【数学建模老哥】\100多种数据处理与分类算法集合\模式分类（Matlab程序）\datasets\XOR.mat,.mat,35432,二进制_不可索引不可直读,N
2026数学建模核心资料\美赛按题目题型分类常用算法代码程序包！\分类与判别类题型参考代码【数学建模老哥】\100多种数据处理与分类算法集合\模式分类（Matlab程序）\Other\Bayes_belief_net.mat,.mat,1560,二进制_不可索引不可直读,N
2026数学建模核心资料\美赛按题目题型分类常用算法代码程序包！\分类与判别类题型参考代码【数学建模老哥】\100多种数据处理与分类算法集合\模式分类（Matlab程序）\Other\sample_hmm.mat,.mat,528,二进制_不可索引不可直读,N
2026数学建模核心资料\美赛按题目题型分类常用算法代码程序包！\分类与判别类题型参考代码【数学建模老哥】\动态聚类或迭代自组织数据分析算法（ISODATA）(1)\isodata\dades.mat,.mat,4512,二进制_不可索引不可直读,N
2026数学建模核心资料\美赛按题目题型分类常用算法代码程序包！\分类与判别类题型参考代码【数学建模老哥】\基于LVQ神经网络的乳腺肿瘤诊断分类代码\data.mat,.mat,86267,二进制_不可索引不可直读,Y
2026数学建模核心资料\美赛按题目题型分类常用算法代码程序包！\分类与判别类题型参考代码【数学建模老哥】\基于SVM神经网络的葡萄酒种类识别代码\chapter12_wine.mat,.mat,20168,二进制_不可索引不可直读,N
2026数学建模核心资料\美赛按题目题型分类常用算法代码程序包！\分类与判别类题型参考代码【数学建模老哥】\基于模糊神经网络的嘉陵江水质评价代码\data1.mat,.mat,9939,二进制_不可索引不可直读,N
2026数学建模核心资料\美赛按题目题型分类常用算法代码程序包！\分类与判别类题型参考代码【数学建模老哥】\基于模糊神经网络的嘉陵江水质评价代码\data2.mat,.mat,1954,二进制_不可索引不可直读,N
2026数学建模核心资料\美赛按题目题型分类常用算法代码程序包！\分类与判别类题型参考代码【数学建模老哥】\离散Hopfield神经网络的联想记忆数字识别代码\data0.mat,.mat,191,二进制_不可索引不可直读,N
2026数学建模核心资料\美赛按题目题型分类常用算法代码程序包！\分类与判别类题型参考代码【数学建模老哥】\离散Hopfield神经网络的联想记忆数字识别代码\data1.mat,.mat,195,二进制_不可索引不可直读,N
2026数学建模核心资料\美赛按题目题型分类常用算法代码程序包！\分类与判别类题型参考代码【数学建模老哥】\离散Hopfield神经网络的联想记忆数字识别代码\data1_noisy.mat,.mat,216,二进制_不可索引不可直读,N
2026数学建模核心资料\美赛按题目题型分类常用算法代码程序包！\分类与判别类题型参考代码【数学建模老哥】\离散Hopfield神经网络的联想记忆数字识别代码\data2.mat,.mat,205,二进制_不可索引不可直读,N
2026数学建模核心资料\美赛按题目题型分类常用算法代码程序包！\分类与判别类题型参考代码【数学建模老哥】\离散Hopfield神经网络的联想记忆数字识别代码\data2_noisy.mat,.mat,224,二进制_不可索引不可直读,N
2026数学建模核心资料\美赛按题目题型分类常用算法代码程序包！\分类与判别类题型参考代码【数学建模老哥】\离散Hopfield神经网络的联想记忆数字识别代码\data3.mat,.mat,192,二进制_不可索引不可直读,N
2026数学建模核心资料\美赛按题目题型分类常用算法代码程序包！\分类与判别类题型参考代码【数学建模老哥】\离散Hopfield神经网络的联想记忆数字识别代码\data4.mat,.mat,195,二进制_不可索引不可直读,N
2026数学建模核心资料\美赛按题目题型分类常用算法代码程序包！\分类与判别类题型参考代码【数学建模老哥】\离散Hopfield神经网络的联想记忆数字识别代码\data5.mat,.mat,195,二进制_不可索引不可直读,N
2026数学建模核心资料\美赛按题目题型分类常用算法代码程序包！\分类与判别类题型参考代码【数学建模老哥】\离散Hopfield神经网络的联想记忆数字识别代码\data6.mat,.mat,195,二进制_不可索引不可直读,N
2026数学建模核心资料\美赛按题目题型分类常用算法代码程序包！\分类与判别类题型参考代码【数学建模老哥】\离散Hopfield神经网络的联想记忆数字识别代码\data7.mat,.mat,191,二进制_不可索引不可直读,N
2026数学建模核心资料\美赛按题目题型分类常用算法代码程序包！\分类与判别类题型参考代码【数学建模老哥】\离散Hopfield神经网络的联想记忆数字识别代码\data8.mat,.mat,195,二进制_不可索引不可直读,N
2026数学建模核心资料\美赛按题目题型分类常用算法代码程序包！\分类与判别类题型参考代码【数学建模老哥】\离散Hopfield神经网络的联想记忆数字识别代码\data9.mat,.mat,194,二进制_不可索引不可直读,N
2026数学建模核心资料\美赛按题目题型分类常用算法代码程序包！\分类与判别类题型参考代码【数学建模老哥】\随机森林应用于分类问题代码(1)\random forest-matlab\aaa.mat,.mat,4218541,二进制_不可索引不可直读,N
2026数学建模核心资料\美赛按题目题型分类常用算法代码程序包！\数据处理类题型参考代码【数学建模老哥】\34种数据降维方法代码\drtoolbox\gui\._choose_method.fig,.fig,225,二进制_不可索引不可直读,N
2026数学建模核心资料\美赛按题目题型分类常用算法代码程序包！\数据处理类题型参考代码【数学建模老哥】\34种数据降维方法代码\drtoolbox\gui\._drtool.fig,.fig,225,二进制_不可索引不可直读,N
2026数学建模核心资料\美赛按题目题型分类常用算法代码程序包！\数据处理类题型参考代码【数学建模老哥】\34种数据降维方法代码\drtoolbox\gui\._load_data.fig,.fig,225,二进制_不可索引不可直读,N
2026数学建模核心资料\美赛按题目题型分类常用算法代码程序包！\数据处理类题型参考代码【数学建模老哥】\34种数据降维方法代码\drtoolbox\gui\._load_data_1_var.fig,.fig,225,二进制_不可索引不可直读,N
2026数学建模核心资料\美赛按题目题型分类常用算法代码程序包！\数据处理类题型参考代码【数学建模老哥】\34种数据降维方法代码\drtoolbox\gui\._load_data_vars.fig,.fig,225,二进制_不可索引不可直读,N
2026数学建模核心资料\美赛按题目题型分类常用算法代码程序包！\数据处理类题型参考代码【数学建模老哥】\34种数据降维方法代码\drtoolbox\gui\._load_xls.fig,.fig,225,二进制_不可索引不可直读,N
2026数学建模核心资料\美赛按题目题型分类常用算法代码程序包！\数据处理类题型参考代码【数学建模老哥】\34种数据降维方法代码\drtoolbox\gui\._mapping_parameters.fig,.fig,225,二进制_不可索引不可直读,N
2026数学建模核心资料\美赛按题目题型分类常用算法代码程序包！\数据处理类题型参考代码【数学建模老哥】\34种数据降维方法代码\drtoolbox\gui\._not_calculated.fig,.fig,225,二进制_不可索引不可直读,N
2026数学建模核心资料\美赛按题目题型分类常用算法代码程序包！\数据处理类题型参考代码【数学建模老哥】\34种数据降维方法代码\drtoolbox\gui\._not_loaded.fig,.fig,225,二进制_不可索引不可直读,N
2026数学建模核心资料\美赛按题目题型分类常用算法代码程序包！\数据处理类题型参考代码【数学建模老哥】\34种数据降维方法代码\drtoolbox\gui\._no_history.fig,.fig,225,二进制_不可索引不可直读,N
2026数学建模核心资料\美赛按题目题型分类常用算法代码程序包！\数据处理类题型参考代码【数学建模老哥】\34种数据降维方法代码\drtoolbox\gui\choose_method.fig,.fig,3027,二进制_不可索引不可直读,N
2026数学建模核心资料\美赛按题目题型分类常用算法代码程序包！\数据处理类题型参考代码【数学建模老哥】\34种数据降维方法代码\drtoolbox\gui\drtool.fig,.fig,6452,二进制_不可索引不可直读,N
2026数学建模核心资料\美赛按题目题型分类常用算法代码程序包！\数据处理类题型参考代码【数学建模老哥】\34种数据降维方法代码\drtoolbox\gui\load_data.fig,.fig,4822,二进制_不可索引不可直读,N
2026数学建模核心资料\美赛按题目题型分类常用算法代码程序包！\数据处理类题型参考代码【数学建模老哥】\34种数据降维方法代码\drtoolbox\gui\load_data_1_var.fig,.fig,3469,二进制_不可索引不可直读,N
2026数学建模核心资料\美赛按题目题型分类常用算法代码程序包！\数据处理类题型参考代码【数学建模老哥】\34种数据降维方法代码\drtoolbox\gui\load_data_vars.fig,.fig,5464,二进制_不可索引不可直读,N
2026数学建模核心资料\美赛按题目题型分类常用算法代码程序包！\数据处理类题型参考代码【数学建模老哥】\34种数据降维方法代码\drtoolbox\gui\load_xls.fig,.fig,3711,二进制_不可索引不可直读,N
2026数学建模核心资料\美赛按题目题型分类常用算法代码程序包！\数据处理类题型参考代码【数学建模老哥】\34种数据降维方法代码\drtoolbox\gui\mapping_parameters.fig,.fig,12377,二进制_不可索引不可直读,N
2026数学建模核心资料\美赛按题目题型分类常用算法代码程序包！\数据处理类题型参考代码【数学建模老哥】\34种数据降维方法代码\drtoolbox\gui\not_calculated.fig,.fig,6733,二进制_不可索引不可直读,N
2026数学建模核心资料\美赛按题目题型分类常用算法代码程序包！\数据处理类题型参考代码【数学建模老哥】\34种数据降维方法代码\drtoolbox\gui\not_loaded.fig,.fig,6670,二进制_不可索引不可直读,N
2026数学建模核心资料\美赛按题目题型分类常用算法代码程序包！\数据处理类题型参考代码【数学建模老哥】\34种数据降维方法代码\drtoolbox\gui\no_history.fig,.fig,7957,二进制_不可索引不可直读,N
2026数学建模核心资料\美赛按题目题型分类常用算法代码程序包！\数据处理类题型参考代码【数学建模老哥】\34种数据降维方法代码\drtoolbox\techniques\computegr.mexa64,.mexa64,9340,二进制_不可索引不可直读,N
2026数学建模核心资料\美赛按题目题型分类常用算法代码程序包！\数据处理类题型参考代码【数学建模老哥】\34种数据降维方法代码\drtoolbox\techniques\computegr.mexglx,.mexglx,6588,二进制_不可索引不可直读,N
2026数学建模核心资料\美赛按题目题型分类常用算法代码程序包！\数据处理类题型参考代码【数学建模老哥】\34种数据降维方法代码\drtoolbox\techniques\computegr.mexmaci,.mexmaci,12784,二进制_不可索引不可直读,N
2026数学建模核心资料\美赛按题目题型分类常用算法代码程序包！\数据处理类题型参考代码【数学建模老哥】\34种数据降维方法代码\drtoolbox\techniques\computegr.mexmaci64,.mexmaci64,9056,二进制_不可索引不可直读,N
2026数学建模核心资料\美赛按题目题型分类常用算法代码程序包！\数据处理类题型参考代码【数学建模老哥】\34种数据降维方法代码\drtoolbox\techniques\csdplinux,,1696895,无扩展名_不可索引,N
2026数学建模核心资料\美赛按题目题型分类常用算法代码程序包！\数据处理类题型参考代码【数学建模老哥】\34种数据降维方法代码\drtoolbox\techniques\csdpmac,,82476,无扩展名_不可索引,N
2026数学建模核心资料\美赛按题目题型分类常用算法代码程序包！\数据处理类题型参考代码【数学建模老哥】\34种数据降维方法代码\drtoolbox\techniques\csdpmaci,,89600,无扩展名_不可索引,N
2026数学建模核心资料\美赛按题目题型分类常用算法代码程序包！\数据处理类题型参考代码【数学建模老哥】\34种数据降维方法代码\drtoolbox\techniques\dijkstra.mexa64,.mexa64,21415,二进制_不可索引不可直读,N
2026数学建模核心资料\美赛按题目题型分类常用算法代码程序包！\数据处理类题型参考代码【数学建模老哥】\34种数据降维方法代码\drtoolbox\techniques\dijkstra.mexglx,.mexglx,16937,二进制_不可索引不可直读,N
2026数学建模核心资料\美赛按题目题型分类常用算法代码程序包！\数据处理类题型参考代码【数学建模老哥】\34种数据降维方法代码\drtoolbox\techniques\dijkstra.mexmaci,.mexmaci,23020,二进制_不可索引不可直读,N
2026数学建模核心资料\美赛按题目题型分类常用算法代码程序包！\数据处理类题型参考代码【数学建模老哥】\34种数据降维方法代码\drtoolbox\techniques\dijkstra.mexmaci64,.mexmaci64,19896,二进制_不可索引不可直读,N
2026数学建模核心资料\美赛按题目题型分类常用算法代码程序包！\数据处理类题型参考代码【数学建模老哥】\34种数据降维方法代码\drtoolbox\techniques\kernel_function.mexmaci,.mexmaci,17228,二进制_不可索引不可直读,N
2026数学建模核心资料\美赛按题目题型分类常用算法代码程序包！\数据处理类题型参考代码【数学建模老哥】\34种数据降维方法代码\drtoolbox\techniques\mexCCACollectData.mexa64,.mexa64,11814,二进制_不可索引不可直读,N
2026数学建模核心资料\美赛按题目题型分类常用算法代码程序包！\数据处理类题型参考代码【数学建模老哥】\34种数据降维方法代码\drtoolbox\techniques\mexCCACollectData.mexglx,.mexglx,9096,二进制_不可索引不可直读,N
2026数学建模核心资料\美赛按题目题型分类常用算法代码程序包！\数据处理类题型参考代码【数学建模老哥】\34种数据降维方法代码\drtoolbox\techniques\mexCCACollectData.mexmaci,.mexmaci,17068,二进制_不可索引不可直读,N
2026数学建模核心资料\美赛按题目题型分类常用算法代码程序包！\数据处理类题型参考代码【数学建模老哥】\34种数据降维方法代码\drtoolbox\techniques\mexCCACollectData.mexmaci64,.mexmaci64,13392,二进制_不可索引不可直读,N
2026数学建模核心资料\美赛按题目题型分类常用算法代码程序包！\数据处理类题型参考代码【数学建模老哥】\34种数据降维方法代码\drtoolbox\techniques\mexCCACollectData2.mexa64,.mexa64,10202,二进制_不可索引不可直读,N
2026数学建模核心资料\美赛按题目题型分类常用算法代码程序包！\数据处理类题型参考代码【数学建模老哥】\34种数据降维方法代码\drtoolbox\techniques\mexCCACollectData2.mexglx,.mexglx,7836,二进制_不可索引不可直读,N
2026数学建模核心资料\美赛按题目题型分类常用算法代码程序包！\数据处理类题型参考代码【数学建模老哥】\34种数据降维方法代码\drtoolbox\techniques\mexCCACollectData2.mexmaci,.mexmaci,16972,二进制_不可索引不可直读,N
2026数学建模核心资料\美赛按题目题型分类常用算法代码程序包！\数据处理类题型参考代码【数学建模老哥】\34种数据降维方法代码\drtoolbox\techniques\mexCCACollectData2.mexmaci64,.mexmaci64,13200,二进制_不可索引不可直读,N
2026数学建模核心资料\美赛按题目题型分类常用算法代码程序包！\数据处理类题型参考代码【数学建模老哥】\利用多尺度小波分解侦测时间序列中奇异点位置(1)\A20040101.mat,.mat,968,二进制_不可索引不可直读,N
2026数学建模核心资料\美赛按题目题型分类常用算法代码程序包！\数据处理类题型参考代码【数学建模老哥】\基于RPCA异常值检测代码\ALM_RPCA_pub\Hall_airport_1000_1496_497_144_176_gray.mat,.mat,10812346,二进制_不可索引不可直读,N
2026数学建模核心资料\美赛按题目题型分类常用算法代码程序包！\数据处理类题型参考代码【数学建模老哥】\基于压缩感知算法的数据压缩与复原代码\CS\Erate.mat,.mat,232,二进制_不可索引不可直读,N
2026数学建模核心资料\美赛按题目题型分类常用算法代码程序包！\数据处理类题型参考代码【数学建模老哥】\基于压缩感知算法的数据压缩与复原代码\CS\EZR.asv,.asv,1691,纯文本_扩展名未收录,N
2026数学建模核心资料\美赛按题目题型分类常用算法代码程序包！\数据处理类题型参考代码【数学建模老哥】\基于压缩感知算法的数据压缩与复原代码\CS\hs_err_pid1620.log,.log,18627,纯文本_扩展名未收录,N
2026数学建模核心资料\美赛按题目题型分类常用算法代码程序包！\数据处理类题型参考代码【数学建模老哥】\基于压缩感知算法的数据压缩与复原代码\CS\M1_1.wav,.wav,39944,二进制_不可索引不可直读,N
2026数学建模核心资料\美赛按题目题型分类常用算法代码程序包！\数据处理类题型参考代码【数学建模老哥】\基于压缩感知算法的数据压缩与复原代码\CS\wrd.wav,.wav,54444,二进制_不可索引不可直读,N
2026数学建模核心资料\美赛按题目题型分类常用算法代码程序包！\数据处理类题型参考代码【数学建模老哥】\基于压缩感知算法的数据压缩与复原代码\CS\ZER.mat,.mat,312617,二进制_不可索引不可直读,N
2026数学建模核心资料\美赛按题目题型分类常用算法代码程序包！\数据处理类题型参考代码【数学建模老哥】\基于压缩感知算法的数据压缩与复原代码\CS\voice\1.wav,.wav,54444,二进制_不可索引不可直读,N
2026数学建模核心资料\美赛按题目题型分类常用算法代码程序包！\数据处理类题型参考代码【数学建模老哥】\基于压缩感知算法的数据压缩与复原代码\CS\voice\2.wav,.wav,54444,二进制_不可索引不可直读,N
2026数学建模核心资料\美赛按题目题型分类常用算法代码程序包！\数据处理类题型参考代码【数学建模老哥】\基于压缩感知算法的数据压缩与复原代码\CS\voice\3.wav,.wav,54444,二进制_不可索引不可直读,N
2026数学建模核心资料\美赛按题目题型分类常用算法代码程序包！\数据处理类题型参考代码【数学建模老哥】\基于压缩感知算法的数据压缩与复原代码\CS\voice\4noise.wav,.wav,54444,二进制_不可索引不可直读,N
2026数学建模核心资料\美赛按题目题型分类常用算法代码程序包！\数据处理类题型参考代码【数学建模老哥】\基于压缩感知算法的数据压缩与复原代码\CS\voice\Copy_of_3.wav,.wav,54444,二进制_不可索引不可直读,N
2026数学建模核心资料\美赛按题目题型分类常用算法代码程序包！\数据处理类题型参考代码【数学建模老哥】\基于压缩感知算法的数据压缩与复原代码\CS\voice\F1_1.wav,.wav,51654,二进制_不可索引不可直读,N
2026数学建模核心资料\美赛按题目题型分类常用算法代码程序包！\数据处理类题型参考代码【数学建模老哥】\基于压缩感知算法的数据压缩与复原代码\CS\结果图\1.fig,.fig,16145,二进制_不可索引不可直读,N
2026数学建模核心资料\美赛按题目题型分类常用算法代码程序包！\数据处理类题型参考代码【数学建模老哥】\基于压缩感知算法的数据压缩与复原代码\CS\结果图\11.fig,.fig,3589,二进制_不可索引不可直读,N
2026数学建模核心资料\美赛按题目题型分类常用算法代码程序包！\数据处理类题型参考代码【数学建模老哥】\基于压缩感知算法的数据压缩与复原代码\CS\结果图\12.fig,.fig,4600,二进制_不可索引不可直读,N
2026数学建模核心资料\美赛按题目题型分类常用算法代码程序包！\数据处理类题型参考代码【数学建模老哥】\基于压缩感知算法的数据压缩与复原代码\CS\结果图\13.fig,.fig,112829,二进制_不可索引不可直读,N
2026数学建模核心资料\美赛按题目题型分类常用算法代码程序包！\数据处理类题型参考代码【数学建模老哥】\基于压缩感知算法的数据压缩与复原代码\CS\结果图\2.fig,.fig,16096,二进制_不可索引不可直读,N
2026数学建模核心资料\美赛按题目题型分类常用算法代码程序包！\数据处理类题型参考代码【数学建模老哥】\基于压缩感知算法的数据压缩与复原代码\CS\结果图\3.fig,.fig,16152,二进制_不可索引不可直读,N
2026数学建模核心资料\美赛按题目题型分类常用算法代码程序包！\数据处理类题型参考代码【数学建模老哥】\基于压缩感知算法的数据压缩与复原代码\CS\结果图\4.fig,.fig,16143,二进制_不可索引不可直读,N
2026数学建模核心资料\美赛按题目题型分类常用算法代码程序包！\数据处理类题型参考代码【数学建模老哥】\基于压缩感知算法的数据压缩与复原代码\CS\结果图\decision omp.fig,.fig,2112,二进制_不可索引不可直读,N
2026数学建模核心资料\美赛按题目题型分类常用算法代码程序包！\数据处理类题型参考代码【数学建模老哥】\基于压缩感知算法的数据压缩与复原代码\CS\结果图\omp directly.fig,.fig,2096,二进制_不可索引不可直读,N
2026数学建模核心资料\美赛按题目题型分类常用算法代码程序包！\数据处理类题型参考代码【数学建模老哥】\基于压缩感知算法的数据压缩与复原代码\CS\结果图\ompcmp.fig,.fig,8631,二进制_不可索引不可直读,N
2026数学建模核心资料\美赛按题目题型分类常用算法代码程序包！\数据处理类题型参考代码【数学建模老哥】\基于压缩感知算法的数据压缩与复原代码\CS\结果图\snr比较.fig,.fig,14085,二进制_不可索引不可直读,N
2026数学建模核心资料\美赛按题目题型分类常用算法代码程序包！\数据处理类题型参考代码【数学建模老哥】\基于压缩感知算法的数据压缩与复原代码\CS\结果图\原始时域语音.fig,.fig,3913,二进制_不可索引不可直读,N
2026数学建模核心资料\美赛按题目题型分类常用算法代码程序包！\数据处理类题型参考代码【数学建模老哥】\基于压缩感知算法的数据压缩与复原代码\CS\结果图\清浊音.fig,.fig,510546,二进制_不可索引不可直读,N
2026数学建模核心资料\美赛按题目题型分类常用算法代码程序包！\数据处理类题型参考代码【数学建模老哥】\基于压缩感知算法的数据压缩与复原代码\CS\结果图\误差.fig,.fig,701212,二进制_不可索引不可直读,N
2026数学建模核心资料\美赛按题目题型分类常用算法代码程序包！\数据处理类题型参考代码【数学建模老哥】\基于压缩感知算法的数据压缩与复原代码\CS\结果图\频域.fig,.fig,5348,二进制_不可索引不可直读,N
2026数学建模核心资料\美赛按题目题型分类常用算法代码程序包！\数据处理类题型参考代码【数学建模老哥】\基于压缩感知算法的数据压缩与复原代码\CS_code\DCVS2009\Tools\wavelet_routines\lphd.mex4,.mex4,14940,二进制_不可索引不可直读,N
2026数学建模核心资料\美赛按题目题型分类常用算法代码程序包！\数据处理类题型参考代码【数学建模老哥】\基于压缩感知算法的数据压缩与复原代码\CS_code\DCVS2009\Tools\wavelet_routines\lphd.mexhp7,.mexhp7,16384,二进制_不可索引不可直读,N
2026数学建模核心资料\美赛按题目题型分类常用算法代码程序包！\数据处理类题型参考代码【数学建模老哥】\基于压缩感知算法的数据压缩与复原代码\CS_code\DCVS2009\Tools\wavelet_routines\lphd.mexlx,.mexlx,6999,二进制_不可索引不可直读,N
2026数学建模核心资料\美赛按题目题型分类常用算法代码程序包！\数据处理类题型参考代码【数学建模老哥】\基于压缩感知算法的数据压缩与复原代码\CS_code\DCVS2009\Tools\wavelet_routines\lphd.mexsol,.mexsol,6548,二进制_不可索引不可直读,N
2026数学建模核心资料\美赛按题目题型分类常用算法代码程序包！\数据处理类题型参考代码【数学建模老哥】\基于压缩感知算法的数据压缩与复原代码\CS_code\DCVS2009\Tools\wavelet_routines\lphr.mex4,.mex4,17580,二进制_不可索引不可直读,N
2026数学建模核心资料\美赛按题目题型分类常用算法代码程序包！\数据处理类题型参考代码【数学建模老哥】\基于压缩感知算法的数据压缩与复原代码\CS_code\DCVS2009\Tools\wavelet_routines\lphr.mexhp7,.mexhp7,24576,二进制_不可索引不可直读,N
2026数学建模核心资料\美赛按题目题型分类常用算法代码程序包！\数据处理类题型参考代码【数学建模老哥】\基于压缩感知算法的数据压缩与复原代码\CS_code\DCVS2009\Tools\wavelet_routines\lphr.mexlx,.mexlx,7840,二进制_不可索引不可直读,N
2026数学建模核心资料\美赛按题目题型分类常用算法代码程序包！\数据处理类题型参考代码【数学建模老哥】\基于压缩感知算法的数据压缩与复原代码\CS_code\DCVS2009\Tools\wavelet_routines\lphr.mexsol,.mexsol,7280,二进制_不可索引不可直读,N
2026数学建模核心资料\美赛按题目题型分类常用算法代码程序包！\数据处理类题型参考代码【数学建模老哥】\基于压缩感知算法的数据压缩与复原代码\CS_code\DCVS2009\Tools\wavelet_routines\README,,627,无扩展名_不可索引_文本,N
2026数学建模核心资料\美赛按题目题型分类常用算法代码程序包！\数据处理类题型参考代码【数学建模老哥】\基于压缩感知算法的数据压缩与复原代码\CS_code\GaBP_src\fault_detection\README,,1776,无扩展名_不可索引_文本,N
2026数学建模核心资料\美赛按题目题型分类常用算法代码程序包！\数据处理类题型参考代码【数学建模老哥】\基于压缩感知算法的数据压缩与复原代码\CS_code\GaBP_src\Gaussian Belief Propagation Resources.files\main.css,.css,1144,纯文本_扩展名未收录,N
2026数学建模核心资料\美赛按题目题型分类常用算法代码程序包！\数据处理类题型参考代码【数学建模老哥】\基于压缩感知算法的数据压缩与复原代码\CS_code\GaBP_src\NBP\H_N_121_d_3_1.mat,.mat,4636,二进制_不可索引不可直读,N
2026数学建模核心资料\美赛按题目题型分类常用算法代码程序包！\数据处理类题型参考代码【数学建模老哥】\基于压缩感知算法的数据压缩与复原代码\CS_code\GaBP_src\NBP\H_N_961_d_7.mat,.mat,112932,二进制_不可索引不可直读,N
2026数学建模核心资料\美赛按题目题型分类常用算法代码程序包！\数据处理类题型参考代码【数学建模老哥】\基于压缩感知算法的数据压缩与复原代码\CS_code\GaBP_src\NBP\rep2_danny10_1.mat,.mat,2240,二进制_不可索引不可直读,N
2026数学建模核心资料\美赛按题目题型分类常用算法代码程序包！\数据处理类题型参考代码【数学建模老哥】\基于压缩感知算法的数据压缩与复原代码\CS_code\GaBP_src\NBP_decoder\n1000d9.mat,.mat,9116,二进制_不可索引不可直读,N
2026数学建模核心资料\美赛按题目题型分类常用算法代码程序包！\数据处理类题型参考代码【数学建模老哥】\基于压缩感知算法的数据压缩与复原代码\CS_code\GaBP_src\SS\aug-dec2006.mat,.mat,34436,二进制_不可索引不可直读,N
2026数学建模核心资料\美赛按题目题型分类常用算法代码程序包！\数据处理类题型参考代码【数学建模老哥】\基于压缩感知算法的数据压缩与复原代码\CS_code\GPSR_6.0\.DS_Store,,6148,无扩展名_不可索引,N
2026数学建模核心资料\美赛按题目题型分类常用算法代码程序包！\数据处理类题型参考代码【数学建模老哥】\基于压缩感知算法的数据压缩与复原代码\CS_code\GPSR_6.0\figures_1_2_3.asv,.asv,8489,纯文本_扩展名未收录,N
2026数学建模核心资料\美赛按题目题型分类常用算法代码程序包！\数据处理类题型参考代码【数学建模老哥】\基于压缩感知算法的数据压缩与复原代码\CS_code\GPSR_6.0\GP.asv,.asv,958,纯文本_扩展名未收录,N
2026数学建模核心资料\美赛按题目题型分类常用算法代码程序包！\数据处理类题型参考代码【数学建模老哥】\基于压缩感知算法的数据压缩与复原代码\CS_code\GPSR_6.0\GPSR_Basic.asv,.asv,21918,纯文本_扩展名未收录,N
2026数学建模核心资料\美赛按题目题型分类常用算法代码程序包！\数据处理类题型参考代码【数学建模老哥】\基于压缩感知算法的数据压缩与复原代码\CS_code\GPSR_6.0\immi1.mat,.mat,1296396,二进制_不可索引不可直读,N
2026数学建模核心资料\美赛按题目题型分类常用算法代码程序包！\数据处理类题型参考代码【数学建模老哥】\基于压缩感知算法的数据压缩与复原代码\CS_code\GPSR_6.0\max_coherent.asv,.asv,343,纯文本_扩展名未收录,N
2026数学建模核心资料\美赛按题目题型分类常用算法代码程序包！\数据处理类题型参考代码【数学建模老哥】\基于压缩感知算法的数据压缩与复原代码\CS_code\l1magic-1.1\.DS_Store,,6148,无扩展名_不可索引,N
2026数学建模核心资料\美赛按题目题型分类常用算法代码程序包！\数据处理类题型参考代码【数学建模老哥】\基于压缩感知算法的数据压缩与复原代码\CS_code\l1magic-1.1\._.DS_Store,.ds_store,82,二进制_不可索引不可直读,N
2026数学建模核心资料\美赛按题目题型分类常用算法代码程序包！\数据处理类题型参考代码【数学建模老哥】\基于压缩感知算法的数据压缩与复原代码\CS_code\l1magic-1.1\Data\boats.mat,.mat,65728,二进制_不可索引不可直读,N
2026数学建模核心资料\美赛按题目题型分类常用算法代码程序包！\数据处理类题型参考代码【数学建模老哥】\基于压缩感知算法的数据压缩与复原代码\CS_code\l1magic-1.1\Data\camera.mat,.mat,65728,二进制_不可索引不可直读,N
2026数学建模核心资料\美赛按题目题型分类常用算法代码程序包！\数据处理类题型参考代码【数学建模老哥】\基于压缩感知算法的数据压缩与复原代码\CS_code\l1magic-1.1\Data\RandomStates.mat,.mat,543,二进制_不可索引不可直读,N
2026数学建模核心资料\美赛按题目题型分类常用算法代码程序包！\数据处理类题型参考代码【数学建模老哥】\基于压缩感知算法的数据压缩与复原代码\CS_code\PRISM\check.vc,.vc,14336,二进制_不可索引不可直读,N
2026数学建模核心资料\美赛按题目题型分类常用算法代码程序包！\数据处理类题型参考代码【数学建模老哥】\基于压缩感知算法的数据压缩与复原代码\CS_code\PRISM\DecodeData_qcif.yuv,.yuv,36864,纯文本_扩展名未收录,N
2026数学建模核心资料\美赛按题目题型分类常用算法代码程序包！\数据处理类题型参考代码【数学建模老哥】\基于压缩感知算法的数据压缩与复原代码\CS_code\PRISM\foreman3_qcif.yuv,.yuv,114048,纯文本_扩展名未收录,N
2026数学建模核心资料\美赛按题目题型分类常用算法代码程序包！\数据处理类题型参考代码【数学建模老哥】\基于压缩感知算法的数据压缩与复原代码\CS_code\PRISM\foreman_qcif.yuv,.yuv,3801600,纯文本_扩展名未收录,N
2026数学建模核心资料\美赛按题目题型分类常用算法代码程序包！\数据处理类题型参考代码【数学建模老哥】\基于压缩感知算法的数据压缩与复原代码\CS_code\PRISM\mobile_qcif.yuv,.yuv,3801600,纯文本_扩展名未收录,N
2026数学建模核心资料\美赛按题目题型分类常用算法代码程序包！\数据处理类题型参考代码【数学建模老哥】\基于压缩感知算法的数据压缩与复原代码\CS_code\PRISM\mother-daughter.yuv,.yuv,3801600,纯文本_扩展名未收录,N
2026数学建模核心资料\美赛按题目题型分类常用算法代码程序包！\数据处理类题型参考代码【数学建模老哥】\基于压缩感知算法的数据压缩与复原代码\CS_code\PRISM\Motion_qcif.mv,.mv,792,二进制_不可索引不可直读,N
2026数学建模核心资料\美赛按题目题型分类常用算法代码程序包！\数据处理类题型参考代码【数学建模老哥】\基于压缩感知算法的数据压缩与复原代码\CS_code\PRISM\PRISM.dsp,.dsp,4581,纯文本_扩展名未收录,N
2026数学建模核心资料\美赛按题目题型分类常用算法代码程序包！\数据处理类题型参考代码【数学建模老哥】\基于压缩感知算法的数据压缩与复原代码\CS_code\PRISM\PRISM.dsw,.dsw,533,纯文本_扩展名未收录,N
2026数学建模核心资料\美赛按题目题型分类常用算法代码程序包！\数据处理类题型参考代码【数学建模老哥】\基于压缩感知算法的数据压缩与复原代码\CS_code\PRISM\PRISM.ncb,.ncb,91136,二进制_不可索引不可直读,N
2026数学建模核心资料\美赛按题目题型分类常用算法代码程序包！\数据处理类题型参考代码【数学建模老哥】\基于压缩感知算法的数据压缩与复原代码\CS_code\PRISM\PRISM.opt,.opt,70656,二进制_不可索引不可直读,N
2026数学建模核心资料\美赛按题目题型分类常用算法代码程序包！\数据处理类题型参考代码【数学建模老哥】\基于压缩感知算法的数据压缩与复原代码\CS_code\PRISM\PRISM.plg,.plg,1428,纯文本_扩展名未收录,N
2026数学建模核心资料\美赛按题目题型分类常用算法代码程序包！\数据处理类题型参考代码【数学建模老哥】\基于压缩感知算法的数据压缩与复原代码\CS_code\PRISM\salesman_qcif.yuv,.yuv,3801600,纯文本_扩展名未收录,N
2026数学建模核心资料\美赛按题目题型分类常用算法代码程序包！\数据处理类题型参考代码【数学建模老哥】\基于压缩感知算法的数据压缩与复原代码\CS_code\PRISM\theoryPb_qcif.pb,.pb,78408,二进制_不可索引不可直读,N
2026数学建模核心资料\美赛按题目题型分类常用算法代码程序包！\数据处理类题型参考代码【数学建模老哥】\基于压缩感知算法的数据压缩与复原代码\CS_code\PRISM\variable.vc,.vc,28672,二进制_不可索引不可直读,N
2026数学建模核心资料\美赛按题目题型分类常用算法代码程序包！\数据处理类题型参考代码【数学建模老哥】\基于压缩感知算法的数据压缩与复原代码\CS_code\PRISM\Debug\decode.obj,.obj,31944,二进制_不可索引不可直读,N
2026数学建模核心资料\美赛按题目题型分类常用算法代码程序包！\数据处理类题型参考代码【数学建模老哥】\基于压缩感知算法的数据压缩与复原代码\CS_code\PRISM\Debug\encode.obj,.obj,17090,二进制_不可索引不可直读,N
2026数学建模核心资料\美赛按题目题型分类常用算法代码程序包！\数据处理类题型参考代码【数学建模老哥】\基于压缩感知算法的数据压缩与复原代码\CS_code\PRISM\Debug\PRISM.obj,.obj,14351,二进制_不可索引不可直读,N
2026数学建模核心资料\美赛按题目题型分类常用算法代码程序包！\数据处理类题型参考代码【数学建模老哥】\基于压缩感知算法的数据压缩与复原代码\CS_code\PRISM\Debug\PRISM.pdb,.pdb,427008,二进制_不可索引不可直读,N
2026数学建模核心资料\美赛按题目题型分类常用算法代码程序包！\数据处理类题型参考代码【数学建模老哥】\基于压缩感知算法的数据压缩与复原代码\CS_code\PRISM\Debug\vc60.pdb,.pdb,53248,二进制_不可索引不可直读,N
2026数学建模核心资料\美赛按题目题型分类常用算法代码程序包！\数据处理类题型参考代码【数学建模老哥】\基于压缩感知算法的数据压缩与复原代码\其他\barrank.fig,.fig,2741,二进制_不可索引不可直读,N
2026数学建模核心资料\美赛按题目题型分类常用算法代码程序包！\数据处理类题型参考代码【数学建模老哥】\基于压缩感知算法的数据压缩与复原代码\其他\figopera.fig,.fig,5338,二进制_不可索引不可直读,N
2026数学建模核心资料\美赛按题目题型分类常用算法代码程序包！\数据处理类题型参考代码【数学建模老哥】\基于压缩感知算法的数据压缩与复原代码\其他\hold on.fig,.fig,124461,二进制_不可索引不可直读,N
2026数学建模核心资料\美赛按题目题型分类常用算法代码程序包！\数据处理类题型参考代码【数学建模老哥】\基于压缩感知算法的数据压缩与复原代码\其他\LRC.mdl,.mdl,22263,纯文本_扩展名未收录,N
2026数学建模核心资料\美赛按题目题型分类常用算法代码程序包！\数据处理类题型参考代码【数学建模老哥】\基于压缩感知算法的数据压缩与复原代码\其他\magicmarker.fig,.fig,3664,二进制_不可索引不可直读,N
2026数学建模核心资料\美赛按题目题型分类常用算法代码程序包！\数据处理类题型参考代码【数学建模老哥】\基于压缩感知算法的数据压缩与复原代码\其他\stem.fig,.fig,68650,二进制_不可索引不可直读,N
2026数学建模核心资料\美赛按题目题型分类常用算法代码程序包！\数据处理类题型参考代码【数学建模老哥】\基于格拉布斯准则判断异常数据代码\实验1\Untitled2.asv,.asv,1045,纯文本_扩展名未收录,N
2026数学建模核心资料\美赛按题目题型分类常用算法代码程序包！\数据处理类题型参考代码【数学建模老哥】\基于马氏距离剔除异常样本代码\马氏距离法剔除异常样本可运行\shuju.mat,.mat,74127,二进制_不可索引不可直读,N
2026数学建模核心资料\美赛按题目题型分类常用算法代码程序包！\美赛照题目分类程序包【数学建模老哥】\美赛A题常见参考代码【数学建模老哥】\微分方程模型【数学建模老哥】\第七讲__差分方程模型(lin).ppt,.ppt,983552,二进制_不可索引不可直读,N
2026数学建模核心资料\美赛按题目题型分类常用算法代码程序包！\美赛照题目分类程序包【数学建模老哥】\美赛A题常见参考代码【数学建模老哥】\微分方程模型【数学建模老哥】\第八讲__离散模型.ppt,.ppt,1323008,二进制_不可索引不可直读,N
2026数学建模核心资料\美赛按题目题型分类常用算法代码程序包！\美赛照题目分类程序包【数学建模老哥】\美赛A题常见参考代码【数学建模老哥】\微分方程模型【数学建模老哥】\第六讲__稳定性模型(lin).ppt,.ppt,1111040,二进制_不可索引不可直读,N
2026数学建模核心资料\美赛按题目题型分类常用算法代码程序包！\美赛照题目分类程序包【数学建模老哥】\美赛A题常见参考代码【数学建模老哥】\灰色关联分析代码【数学建模老哥】\gray_data1.xlsx,.xlsx,8945,二进制_不可索引不可直读,N
2026数学建模核心资料\美赛按题目题型分类常用算法代码程序包！\美赛照题目分类程序包【数学建模老哥】\美赛A题常见参考代码【数学建模老哥】\灰色关联分析代码【数学建模老哥】\gray_data2.xlsx,.xlsx,10474,二进制_不可索引不可直读,N
2026数学建模核心资料\美赛按题目题型分类常用算法代码程序包！\美赛照题目分类程序包【数学建模老哥】\美赛B题常见参考代码【数学建模老哥】\各种离散优化方法的matlab程序【数学建模老哥】\离散优化\LPINT.asv,.asv,2048,纯文本_扩展名未收录,N
2026数学建模核心资料\美赛按题目题型分类常用算法代码程序包！\美赛照题目分类程序包【数学建模老哥】\美赛B题常见参考代码【数学建模老哥】\离散小波与主成分分析的数据降维方法【数学建模老哥】\DWT_PCA\PCA.fig,.fig,18552,二进制_不可索引不可直读,N
2026数学建模核心资料\美赛按题目题型分类常用算法代码程序包！\美赛照题目分类程序包【数学建模老哥】\美赛D题常见参考代码【数学建模老哥】\matlab 病毒传播【数学建模老哥】\test.in,.in,53,纯文本_扩展名未收录,N
2026数学建模核心资料\美赛按题目题型分类常用算法代码程序包！\美赛照题目分类程序包【数学建模老哥】\美赛D题常见参考代码【数学建模老哥】\传染病的SI SIS SIR 三种数学建模模型【数学建模老哥】\si(1)(1).fig,.fig,14054,二进制_不可索引不可直读,N
2026数学建模核心资料\美赛按题目题型分类常用算法代码程序包！\美赛照题目分类程序包【数学建模老哥】\美赛D题常见参考代码【数学建模老哥】\传染病的SI SIS SIR 三种数学建模模型【数学建模老哥】\si(2)(1).fig,.fig,2511,二进制_不可索引不可直读,N
2026数学建模核心资料\美赛按题目题型分类常用算法代码程序包！\美赛照题目分类程序包【数学建模老哥】\美赛D题常见参考代码【数学建模老哥】\传染病的SI SIS SIR 三种数学建模模型【数学建模老哥】\sir(1)(1).fig,.fig,2421,二进制_不可索引不可直读,N
2026数学建模核心资料\美赛按题目题型分类常用算法代码程序包！\美赛照题目分类程序包【数学建模老哥】\美赛D题常见参考代码【数学建模老哥】\传染病的SI SIS SIR 三种数学建模模型【数学建模老哥】\sir(2)(1).fig,.fig,2067,二进制_不可索引不可直读,N
2026数学建模核心资料\美赛按题目题型分类常用算法代码程序包！\美赛照题目分类程序包【数学建模老哥】\美赛D题常见参考代码【数学建模老哥】\传染病的SI SIS SIR 三种数学建模模型【数学建模老哥】\sir(3)(1).fig,.fig,7336,二进制_不可索引不可直读,N
2026数学建模核心资料\美赛按题目题型分类常用算法代码程序包！\美赛照题目分类程序包【数学建模老哥】\美赛D题常见参考代码【数学建模老哥】\传染病的SI SIS SIR 三种数学建模模型【数学建模老哥】\sis(1)(1).fig,.fig,2577,二进制_不可索引不可直读,N
2026数学建模核心资料\美赛按题目题型分类常用算法代码程序包！\美赛照题目分类程序包【数学建模老哥】\美赛D题常见参考代码【数学建模老哥】\传染病的SI SIS SIR 三种数学建模模型【数学建模老哥】\sis(2)(1).fig,.fig,1904,二进制_不可索引不可直读,N
2026数学建模核心资料\美赛按题目题型分类常用算法代码程序包！\美赛照题目分类程序包【数学建模老哥】\美赛D题常见参考代码【数学建模老哥】\传染病的SI SIS SIR 三种数学建模模型【数学建模老哥】\sis(3)(1).fig,.fig,2724,二进制_不可索引不可直读,N
2026数学建模核心资料\美赛按题目题型分类常用算法代码程序包！\美赛照题目分类程序包【数学建模老哥】\美赛D题常见参考代码【数学建模老哥】\传染病的SI SIS SIR 三种数学建模模型【数学建模老哥】\sis(4)(1).fig,.fig,2148,二进制_不可索引不可直读,N
2026数学建模核心资料\美赛按题目题型分类常用算法代码程序包！\美赛照题目分类程序包【数学建模老哥】\美赛E题常见参考代码【数学建模老哥】\基于SVM支持向量机算法的降水量预测模型代码【数学建模老哥】\300new\300\farutoUltimateVersion2[1].0\libsvmread.mexw32,.mexw32,20480,二进制_不可索引不可直读,N
2026数学建模核心资料\美赛按题目题型分类常用算法代码程序包！\美赛照题目分类程序包【数学建模老哥】\美赛E题常见参考代码【数学建模老哥】\基于SVM支持向量机算法的降水量预测模型代码【数学建模老哥】\300new\300\farutoUltimateVersion2[1].0\libsvmwrite.mexw32,.mexw32,20480,二进制_不可索引不可直读,N
2026数学建模核心资料\美赛按题目题型分类常用算法代码程序包！\美赛照题目分类程序包【数学建模老哥】\美赛E题常见参考代码【数学建模老哥】\基于SVM支持向量机算法的降水量预测模型代码【数学建模老哥】\300new\300\farutoUltimateVersion2[1].0\svmpredict.mexw32,.mexw32,24576,二进制_不可索引不可直读,N
2026数学建模核心资料\美赛按题目题型分类常用算法代码程序包！\美赛照题目分类程序包【数学建模老哥】\美赛E题常见参考代码【数学建模老哥】\基于SVM支持向量机算法的降水量预测模型代码【数学建模老哥】\300new\300\farutoUltimateVersion2[1].0\test_data\x123.mat,.mat,2936,二进制_不可索引不可直读,N
2026数学建模核心资料\美赛按题目题型分类常用算法代码程序包！\美赛照题目分类程序包【数学建模老哥】\美赛E题常见参考代码【数学建模老哥】\基于SVM支持向量机算法的降水量预测模型代码【数学建模老哥】(1)\300new\300\data.mat,.mat,12268,二进制_不可索引不可直读,Y
2026数学建模核心资料\美赛按题目题型分类常用算法代码程序包！\美赛照题目分类程序包【数学建模老哥】\美赛E题常见参考代码【数学建模老哥】\基于SVM支持向量机算法的降水量预测模型代码【数学建模老哥】(1)\300new\300\main.asv,.asv,2805,纯文本_扩展名未收录,N
2026数学建模核心资料\美赛按题目题型分类常用算法代码程序包！\美赛照题目分类程序包【数学建模老哥】\美赛E题常见参考代码【数学建模老哥】\基于SVM支持向量机算法的降水量预测模型代码【数学建模老哥】(1)\300new\300\main1.asv,.asv,2676,纯文本_扩展名未收录,N
2026数学建模核心资料\美赛按题目题型分类常用算法代码程序包！\美赛照题目分类程序包【数学建模老哥】\美赛E题常见参考代码【数学建模老哥】\基于SVM支持向量机算法的降水量预测模型代码【数学建模老哥】(1)\300new\300\读我.wps,.wps,17920,二进制_不可索引不可直读,N
2026数学建模核心资料\美赛按题目题型分类常用算法代码程序包！\美赛照题目分类程序包【数学建模老哥】\美赛E题常见参考代码【数学建模老哥】\基于SVM支持向量机算法的降水量预测模型代码【数学建模老哥】(1)\300new\300\farutoUltimateVersion2[1].0\COPYRIGHT,,1497,无扩展名_不可索引_文本,N
2026数学建模核心资料\美赛按题目题型分类常用算法代码程序包！\美赛照题目分类程序包【数学建模老哥】\美赛E题常见参考代码【数学建模老哥】\基于SVM支持向量机算法的降水量预测模型代码【数学建模老哥】(1)\300new\300\farutoUltimateVersion2[1].0\Makefile,,1462,无扩展名_不可索引_文本,N
2026数学建模核心资料\美赛按题目题型分类常用算法代码程序包！\美赛照题目分类程序包【数学建模老哥】\美赛E题常见参考代码【数学建模老哥】\基于SVM支持向量机算法的降水量预测模型代码【数学建模老哥】(1)\300new\300\farutoUltimateVersion2[1].0\README,,9181,无扩展名_不可索引_文本,N
2026数学建模核心资料\美赛按题目题型分类常用算法代码程序包！\美赛照题目分类程序包【数学建模老哥】\美赛E题常见参考代码【数学建模老哥】\基于SVM支持向量机算法的降水量预测模型代码【数学建模老哥】(1)\300new\300\farutoUltimateVersion2[1].0\svm.obj,.obj,65048,二进制_不可索引不可直读,N
2026数学建模核心资料\美赛按题目题型分类常用算法代码程序包！\美赛照题目分类程序包【数学建模老哥】\美赛E题常见参考代码【数学建模老哥】\基于SVM支持向量机算法的降水量预测模型代码【数学建模老哥】(1)\300new\300\farutoUltimateVersion2[1].0\svmtrain.mexw32,.mexw32,45056,二进制_不可索引不可直读,N
2026数学建模核心资料\美赛按题目题型分类常用算法代码程序包！\美赛照题目分类程序包【数学建模老哥】\美赛E题常见参考代码【数学建模老哥】\基于SVM支持向量机算法的降水量预测模型代码【数学建模老哥】(1)\300new\300\farutoUltimateVersion2[1].0\svm_model_matlab.obj,.obj,6294,二进制_不可索引不可直读,N
2026数学建模核心资料\美赛按题目题型分类常用算法代码程序包！\美赛照题目分类程序包【数学建模老哥】\美赛E题常见参考代码【数学建模老哥】\基于SVM支持向量机算法的降水量预测模型代码【数学建模老哥】(1)\300new\300\farutoUltimateVersion2[1].0\test_data\image_seg.mat,.mat,146444,二进制_不可索引不可直读,N
2026数学建模核心资料\美赛按题目题型分类常用算法代码程序包！\美赛照题目分类程序包【数学建模老哥】\美赛E题常见参考代码【数学建模老哥】\基于SVM支持向量机算法的降水量预测模型代码【数学建模老哥】(1)\300new\300\farutoUltimateVersion2[1].0\test_data\wine_test.mat,.mat,23120,二进制_不可索引不可直读,N
2026数学建模核心资料\美赛按题目题型分类常用算法代码程序包！\美赛照题目分类程序包【数学建模老哥】\美赛E题常见参考代码【数学建模老哥】\基于小波神经网络的短时交通流量时间序列预测程序【数学建模老哥】\traffic_flux.mat,.mat,1574,二进制_不可索引不可直读,N
2026数学建模核心资料\美赛按题目题型分类常用算法代码程序包！\美赛照题目分类程序包【数学建模老哥】\美赛E题常见参考代码【数学建模老哥】\基于小波神经网络的短时交通流量时间序列预测程序【数学建模老哥】\wavenn.asv,.asv,3405,纯文本_扩展名未收录,N
2026数学建模核心资料\美赛按题目题型分类常用算法代码程序包！\美赛照题目分类程序包【数学建模老哥】\美赛F题常见参考代码【数学建模老哥】\人员疏散过程建模仿真代码【数学建模老哥】(1)\1、Matlab 2009a 源程序\renyuanshusan.asv,.asv,34996,纯文本_扩展名未收录,N
2026数学建模核心资料\美赛按题目题型分类常用算法代码程序包！\美赛照题目分类程序包【数学建模老哥】\美赛F题常见参考代码【数学建模老哥】\人员疏散过程建模仿真代码【数学建模老哥】(1)\1、Matlab 2009a 源程序\renyuanshusan.fig,.fig,17494,二进制_不可索引不可直读,N
2026数学建模核心资料\美赛按题目题型分类常用算法代码程序包！\美赛照题目分类程序包【数学建模老哥】\美赛F题常见参考代码【数学建模老哥】\药物相关性分析代码【数学建模老哥】(1)\DataAnalysis\威灵仙聚类分析用数据.xls,.xls,38400,二进制_不可索引不可直读,N
2026数学建模核心资料\美赛按题目题型分类常用算法代码程序包！\美赛照题目分类程序包【数学建模老哥】\美赛F题常见参考代码【数学建模老哥】\药物相关性分析代码【数学建模老哥】(1)\DataAnalysis\program\AnalysisCHM.chm,.chm,405268,二进制_不可索引不可直读,N
2026数学建模核心资料\美赛按题目题型分类常用算法代码程序包！\美赛照题目分类程序包【数学建模老哥】\美赛F题常见参考代码【数学建模老哥】\药物相关性分析代码【数学建模老哥】(1)\DataAnalysis\program\DataAnalysis.asv,.asv,28829,纯文本_扩展名未收录,N
2026数学建模核心资料\美赛按题目题型分类常用算法代码程序包！\美赛照题目分类程序包【数学建模老哥】\美赛F题常见参考代码【数学建模老哥】\药物相关性分析代码【数学建模老哥】(1)\DataAnalysis\program\DataAnalysis.fig,.fig,62520,二进制_不可索引不可直读,N
2026数学建模核心资料\美赛按题目题型分类常用算法代码程序包！\美赛照题目分类程序包【数学建模老哥】\美赛F题常见参考代码【数学建模老哥】\药物相关性分析代码【数学建模老哥】(1)\DataAnalysis\program\DataAnalysisGUI.fig,.fig,30720,二进制_不可索引不可直读,N
2026数学建模核心资料\美赛按题目题型分类常用算法代码程序包！\美赛照题目分类程序包【数学建模老哥】\美赛F题常见参考代码【数学建模老哥】\随机动态规划的实例的matlab代码【数学建模老哥】(1)\Matlab code for stochastic dynamic programming\matlab_code8.tex,.tex,678,纯文本_扩展名未收录,N
2026数学建模核心资料\美赛按题目题型分类常用算法代码程序包！\预测与预报类题型参考代码【数学建模老哥】\基于BP_Adaboost算法的公司财务预警建模代码\data.mat,.mat,11820,二进制_不可索引不可直读,Y
2026数学建模核心资料\美赛按题目题型分类常用算法代码程序包！\预测与预报类题型参考代码【数学建模老哥】\基于BP_Adaboost算法的公司财务预警建模代码\data1.mat,.mat,46394,二进制_不可索引不可直读,N
2026数学建模核心资料\美赛按题目题型分类常用算法代码程序包！\预测与预报类题型参考代码【数学建模老哥】\基于Logistic回归模型评估企业还款能力代码\数据.xlsx,.xlsx,9458,二进制_不可索引不可直读,N
2026数学建模核心资料\美赛按题目题型分类常用算法代码程序包！\预测与预报类题型参考代码【数学建模老哥】\基于SVM神经网络的上证开盘指数预测回归预测分析代码\chapter14_sh.mat,.mat,219976,二进制_不可索引不可直读,N
2026数学建模核心资料\美赛按题目题型分类常用算法代码程序包！\预测与预报类题型参考代码【数学建模老哥】\基于单层竞争神经网络的患者癌症发病预测代码\gene.mat,.mat,23895,二进制_不可索引不可直读,N
2026数学建模核心资料\美赛按题目题型分类常用算法代码程序包！\预测与预报类题型参考代码【数学建模老哥】\基于广义回归神经网络货运量预测代码\best.mat,.mat,1228,二进制_不可索引不可直读,N
2026数学建模核心资料\美赛按题目题型分类常用算法代码程序包！\预测与预报类题型参考代码【数学建模老哥】\基于广义回归神经网络货运量预测代码\chapter8.2.asv,.asv,2562,纯文本_扩展名未收录,N
2026数学建模核心资料\美赛按题目题型分类常用算法代码程序包！\预测与预报类题型参考代码【数学建模老哥】\基于广义回归神经网络货运量预测代码\data.mat,.mat,815,二进制_不可索引不可直读,Y
2026数学建模核心资料\美赛按题目题型分类常用算法代码程序包！\预测与预报类题型参考代码【数学建模老哥】\基于灰色神经网络的订单需求预测代码\data.mat,.mat,1504,二进制_不可索引不可直读,Y
2026数学建模核心资料\美赛按题目题型分类常用算法代码程序包！\预测与预报类题型参考代码【数学建模老哥】\混沌时间序列的RBF神经网络预测代码\Prediction_RBF\LorenzData.mexw32,.mexw32,20480,二进制_不可索引不可直读,N
2026数学建模核心资料\美赛按题目题型分类常用算法代码程序包！\预测与预报类题型参考代码【数学建模老哥】\混沌时间序列的RBF神经网络预测代码\Prediction_RBF\normalize_1.p,.p,1174,二进制_不可索引不可直读,N
2026数学建模核心资料\美赛按题目题型分类常用算法代码程序包！\预测与预报类题型参考代码【数学建模老哥】\混沌时间序列的RBF神经网络预测代码\Prediction_RBF\normalize_a.p,.p,1302,二进制_不可索引不可直读,N
2026数学建模核心资料\美赛按题目题型分类常用算法代码程序包！\预测与预报类题型参考代码【数学建模老哥】\混沌时间序列的RBF神经网络预测代码\Prediction_RBF\PhaSpaRecon.p,.p,3302,二进制_不可索引不可直读,N
2026老哥！2026国赛最强备战资料！3天速成国奖配套资料！\数学建模论文精美流程图中英文模板PPT！.pptx,.pptx,259404,二进制_不可索引不可直读,N
_无效内容\2026数学建模核心资料\国赛B题必备模型+代码资料合集\国赛B题必备评价模型——主成分分析法\pca主成分分析\pca主成分分析\pcaPlot.md,.md,87,已标记_无效内容,N
_无效内容\2026数学建模核心资料\美赛按题目题型分类常用算法代码程序包！\数据处理类题型参考代码【数学建模老哥】\基于压缩感知算法的数据压缩与复原代码\CS_code\PRISM\decodeInfo.md,.md,79,已标记_无效内容,N
_无效内容\数学建模国赛速成资料汇总！\数学建模各类创新型算法汇总！\【预测模型】改进或组合预测模型汇总\改进海鸥算法优化BP神经网...大庆地区风电功率预测的应用_韩星【公众号：数学建模老哥】.md,.md,76,已标记_无效内容,N
数学建模国赛速成资料汇总！\国赛A题必备模型+代码资料合集\国赛A题必备优化模型——0-1整数规划\0-1整数规划的MATLAB源码.zip,.zip,1545,二进制_不可索引不可直读,Y
数学建模国赛速成资料汇总！\国赛A题必备模型+代码资料合集\国赛A题必备优化模型——0-1整数规划\0-1规划的两种求解（模拟退火及Lingo求解）.rar,.rar,393919,二进制_不可索引不可直读,Y
数学建模国赛速成资料汇总！\国赛A题必备模型+代码资料合集\国赛A题必备优化模型——0-1整数规划\0_1线性规划模型的MATLAB实现及应用.pdf,.pdf,184037,二进制_不可索引不可直读,Y
数学建模国赛速成资料汇总！\国赛A题必备模型+代码资料合集\国赛A题必备优化模型——二次规划\二次规划Matlab程序.rar,.rar,202,二进制_不可索引不可直读,Y
数学建模国赛速成资料汇总！\国赛A题必备模型+代码资料合集\国赛A题必备优化模型——二次规划\二次规划算法.docx,.docx,159284,二进制_不可索引不可直读,Y
数学建模国赛速成资料汇总！\国赛A题必备模型+代码资料合集\国赛A题必备优化模型——二次规划\使用python求解二次规划的问题.pdf,.pdf,128176,二进制_不可索引不可直读,Y
数学建模国赛速成资料汇总！\国赛A题必备模型+代码资料合集\国赛A题必备优化模型——二次规划\序列二次规划法及matlab代码.zip,.zip,589980,二进制_不可索引不可直读,Y
数学建模国赛速成资料汇总！\国赛A题必备模型+代码资料合集\国赛A题必备优化模型——动态规划\动态规划笔记.pdf,.pdf,97201,二进制_不可索引不可直读,Y
数学建模国赛速成资料汇总！\国赛A题必备模型+代码资料合集\国赛A题必备优化模型——动态规划\动态规划经典题PPT.ppt,.ppt,570368,二进制_不可索引不可直读,Y
数学建模国赛速成资料汇总！\国赛A题必备模型+代码资料合集\国赛A题必备优化模型——动态规划\动态规划解决背包问题 MATLAB.zip,.zip,32179,二进制_不可索引不可直读,Y
数学建模国赛速成资料汇总！\国赛A题必备模型+代码资料合集\国赛A题必备优化模型——单目标规划与多目标规划\单目标优化（含约束）.zip,.zip,5765,二进制_不可索引不可直读,Y
数学建模国赛速成资料汇总！\国赛A题必备模型+代码资料合集\国赛A题必备优化模型——单目标规划与多目标规划\单目标多目标与整数规划.pdf,.pdf,2037599,二进制_不可索引不可直读,Y
数学建模国赛速成资料汇总！\国赛A题必备模型+代码资料合集\国赛A题必备优化模型——单目标规划与多目标规划\基于TSP模型对旅行问题的多目标规划.pdf,.pdf,3673400,二进制_不可索引不可直读,Y
数学建模国赛速成资料汇总！\国赛A题必备模型+代码资料合集\国赛A题必备优化模型——单目标规划与多目标规划\多目标规划-matlab程序.pdf,.pdf,1100151,二进制_不可索引不可直读,Y
数学建模国赛速成资料汇总！\国赛A题必备模型+代码资料合集\国赛A题必备优化模型——单目标规划与多目标规划\多目标规划.pdf,.pdf,1615274,二进制_不可索引不可直读,Y
数学建模国赛速成资料汇总！\国赛A题必备模型+代码资料合集\国赛A题必备优化模型——单目标规划与多目标规划\多目标规划.ppt,.ppt,484354,二进制_不可索引不可直读,Y
数学建模国赛速成资料汇总！\国赛A题必备模型+代码资料合集\国赛A题必备优化模型——单目标规划与多目标规划\多目标规划matlab程序实现【公众号：数学建模老哥】.doc,.doc,260134,二进制_不可索引不可直读,Y
数学建模国赛速成资料汇总！\国赛A题必备模型+代码资料合集\国赛A题必备优化模型——单目标规划与多目标规划\多目标规划ppt(1).ppt,.ppt,5462016,二进制_不可索引不可直读,Y
数学建模国赛速成资料汇总！\国赛A题必备模型+代码资料合集\国赛A题必备优化模型——单目标规划与多目标规划\多目标规划模型.pptx,.pptx,2629654,二进制_不可索引不可直读,Y
数学建模国赛速成资料汇总！\国赛A题必备模型+代码资料合集\国赛A题必备优化模型——单目标规划与多目标规划\最优化之多目标规划.ppt,.ppt,3478528,二进制_不可索引不可直读,Y
数学建模国赛速成资料汇总！\国赛A题必备模型+代码资料合集\国赛A题必备优化模型——单目标规划与多目标规划\程序包：多目标规划matlab程序实现 .doc,.doc,260134,二进制_不可索引不可直读,Y
数学建模国赛速成资料汇总！\国赛A题必备模型+代码资料合集\国赛A题必备优化模型——单目标规划与多目标规划\第8章 多目标优化.ppt,.ppt,615936,二进制_不可索引不可直读,Y
数学建模国赛速成资料汇总！\国赛A题必备模型+代码资料合集\国赛A题必备优化模型——单目标规划与多目标规划\第五章多目标问题的最优化方法.ppt,.ppt,336896,二进制_不可索引不可直读,Y
数学建模国赛速成资料汇总！\国赛A题必备模型+代码资料合集\国赛A题必备优化模型——单目标规划与多目标规划\第六章--多目标规划.ppt,.ppt,571392,二进制_不可索引不可直读,Y
数学建模国赛速成资料汇总！\国赛A题必备模型+代码资料合集\国赛A题必备优化模型——单目标规划与多目标规划\第十章 多目标优化方法简介.ppt,.ppt,224256,二进制_不可索引不可直读,Y
数学建模国赛速成资料汇总！\国赛A题必备模型+代码资料合集\国赛A题必备优化模型——整数规划\3 老哥带你学数模-整数规划.pdf,.pdf,2768263,二进制_不可索引不可直读,Y
数学建模国赛速成资料汇总！\国赛A题必备模型+代码资料合集\国赛A题必备优化模型——整数规划\整数规划.docx,.docx,149670,二进制_不可索引不可直读,Y
数学建模国赛速成资料汇总！\国赛A题必备模型+代码资料合集\国赛A题必备优化模型——整数规划\整数规划：分支定界算法代码.zip,.zip,2514,二进制_不可索引不可直读,Y
数学建模国赛速成资料汇总！\国赛A题必备模型+代码资料合集\国赛A题必备优化模型——整数规划\整数规划：割平面算法代码.zip,.zip,2060,二进制_不可索引不可直读,Y
数学建模国赛速成资料汇总！\国赛A题必备模型+代码资料合集\国赛A题必备优化模型——整数规划\第02章  整数规划.pdf,.pdf,203910,二进制_不可索引不可直读,Y
数学建模国赛速成资料汇总！\国赛A题必备模型+代码资料合集\国赛A题必备优化模型——模拟退火算法\数学建模 模拟退火.doc,.doc,145920,二进制_不可索引不可直读,Y
数学建模国赛速成资料汇总！\国赛A题必备模型+代码资料合集\国赛A题必备优化模型——模拟退火算法\数学建模———离散模型.ppt,.ppt,1392128,二进制_不可索引不可直读,Y
数学建模国赛速成资料汇总！\国赛A题必备模型+代码资料合集\国赛A题必备优化模型——模拟退火算法\数学建模——模拟退火.ppt,.ppt,369664,二进制_不可索引不可直读,Y
数学建模国赛速成资料汇总！\国赛A题必备模型+代码资料合集\国赛A题必备优化模型——模拟退火算法\数学建模模拟退火算法PPT文档51页.ppt,.ppt,7364096,二进制_不可索引不可直读,Y
数学建模国赛速成资料汇总！\国赛A题必备模型+代码资料合集\国赛A题必备优化模型——模拟退火算法\模拟退火工具箱satools.zip,.zip,215935,二进制_不可索引不可直读,Y
数学建模国赛速成资料汇总！\国赛A题必备模型+代码资料合集\国赛A题必备优化模型——模拟退火算法\模拟退火法.doc,.doc,31232,二进制_不可索引不可直读,Y
数学建模国赛速成资料汇总！\国赛A题必备模型+代码资料合集\国赛A题必备优化模型——模拟退火算法\模拟退火算法.rar,.rar,983825,二进制_不可索引不可直读,Y
数学建模国赛速成资料汇总！\国赛A题必备模型+代码资料合集\国赛A题必备优化模型——模拟退火算法\模拟退火算法与MATLAB实现.pptx,.pptx,1060877,二进制_不可索引不可直读,Y
数学建模国赛速成资料汇总！\国赛A题必备模型+代码资料合集\国赛A题必备优化模型——模拟退火算法\模拟退火算法的matlab示例.zip,.zip,501670,二进制_不可索引不可直读,Y
数学建模国赛速成资料汇总！\国赛A题必备模型+代码资料合集\国赛A题必备优化模型——模拟退火算法\模拟退火算法讲解PPT.ppt,.ppt,2203136,二进制_不可索引不可直读,Y
数学建模国赛速成资料汇总！\国赛A题必备模型+代码资料合集\国赛A题必备优化模型——模拟退火算法\用MATLAB实现模拟退火算法.pptx,.pptx,983245,二进制_不可索引不可直读,Y
数学建模国赛速成资料汇总！\国赛A题必备模型+代码资料合集\国赛A题必备优化模型——模拟退火算法\模拟退火算法论文集\切割问题的概率解法.vip,.vip,113796,二进制_不可索引不可直读,Y
数学建模国赛速成资料汇总！\国赛A题必备模型+代码资料合集\国赛A题必备优化模型——模拟退火算法\模拟退火算法论文集\单纯行—模拟退火算法.vip,.vip,86306,二进制_不可索引不可直读,Y
数学建模国赛速成资料汇总！\国赛A题必备模型+代码资料合集\国赛A题必备优化模型——模拟退火算法\模拟退火算法论文集\基于MATLAB的模拟退火算法的实现.vip,.vip,103895,二进制_不可索引不可直读,Y
数学建模国赛速成资料汇总！\国赛A题必备模型+代码资料合集\国赛A题必备优化模型——模拟退火算法\模拟退火算法论文集\基于模拟退火算法旅行商问题的实现.vip,.vip,65490,二进制_不可索引不可直读,Y
数学建模国赛速成资料汇总！\国赛A题必备模型+代码资料合集\国赛A题必备优化模型——模拟退火算法\模拟退火算法论文集\多目标优化的一类模拟退火算法.vip,.vip,124932,二进制_不可索引不可直读,Y
数学建模国赛速成资料汇总！\国赛A题必备模型+代码资料合集\国赛A题必备优化模型——模拟退火算法\模拟退火算法论文集\多重运输问题的模拟退火算法.vip,.vip,88601,二进制_不可索引不可直读,Y
数学建模国赛速成资料汇总！\国赛A题必备模型+代码资料合集\国赛A题必备优化模型——模拟退火算法\模拟退火算法论文集\布局问题的模拟退火算法.vip,.vip,105053,二进制_不可索引不可直读,Y
数学建模国赛速成资料汇总！\国赛A题必备模型+代码资料合集\国赛A题必备优化模型——模拟退火算法\模拟退火算法论文集\模拟退火算法中的退火策略研究.vip,.vip,99432,二进制_不可索引不可直读,Y
数学建模国赛速成资料汇总！\国赛A题必备模型+代码资料合集\国赛A题必备优化模型——模拟退火算法\模拟退火算法论文集\求解旅行商问题的模拟退火算法.vip,.vip,82691,二进制_不可索引不可直读,Y
数学建模国赛速成资料汇总！\国赛A题必备模型+代码资料合集\国赛A题必备优化模型——模拟退火算法\模拟退火算法论文集\用模拟退火算法求解有顺序约束指派问题.vip,.vip,153578,二进制_不可索引不可直读,Y
数学建模国赛速成资料汇总！\国赛A题必备模型+代码资料合集\国赛A题必备优化模型——混合整数规划\Matlab工具包混合整数规划.rar,.rar,4104386,二进制_不可索引不可直读,Y
数学建模国赛速成资料汇总！\国赛A题必备模型+代码资料合集\国赛A题必备优化模型——粒子群算法\Python实现单目标粒子群算法.pdf,.pdf,77843,二进制_不可索引不可直读,Y
数学建模国赛速成资料汇总！\国赛A题必备模型+代码资料合集\国赛A题必备优化模型——粒子群算法\Python编程实现粒子群算法(PSO)详解.pdf,.pdf,105677,二进制_不可索引不可直读,Y
数学建模国赛速成资料汇总！\国赛A题必备模型+代码资料合集\国赛A题必备优化模型——粒子群算法\粒子群算法PSO源代码 MATLAB.docx,.docx,22789,二进制_不可索引不可直读,Y
数学建模国赛速成资料汇总！\国赛A题必备模型+代码资料合集\国赛A题必备优化模型——粒子群算法\粒子群算法优化RBF网络.rar,.rar,4621,二进制_不可索引不可直读,Y
数学建模国赛速成资料汇总！\国赛A题必备模型+代码资料合集\国赛A题必备优化模型——粒子群算法\粒子群算法基本原理与案例分享.pptx,.pptx,2315458,二进制_不可索引不可直读,Y
数学建模国赛速成资料汇总！\国赛A题必备模型+代码资料合集\国赛A题必备优化模型——粒子群算法\粒子群算法求解最大值问题详解（附python代码）.pdf,.pdf,60690,二进制_不可索引不可直读,Y
数学建模国赛速成资料汇总！\国赛A题必备模型+代码资料合集\国赛A题必备优化模型——粒子群算法\粒子群算法遗传算法学习资料+工具箱+代码.zip,.zip,119288206,二进制_不可索引不可直读,Y
数学建模国赛速成资料汇总！\国赛A题必备模型+代码资料合集\国赛A题必备优化模型——线性规划模型\01型整数线性规划.zip,.zip,3338,二进制_不可索引不可直读,Y
数学建模国赛速成资料汇总！\国赛A题必备模型+代码资料合集\国赛A题必备优化模型——线性规划模型\1..第一章  线性规划.pdf,.pdf,192715,二进制_不可索引不可直读,Y
数学建模国赛速成资料汇总！\国赛A题必备模型+代码资料合集\国赛A题必备优化模型——线性规划模型\Matlab线性规划与非线性规划.pdf,.pdf,4492543,二进制_不可索引不可直读,Y
数学建模国赛速成资料汇总！\国赛A题必备模型+代码资料合集\国赛A题必备优化模型——线性规划模型\数学建模 Matlab求解线性规划问题.doc,.doc,258606,二进制_不可索引不可直读,Y
数学建模国赛速成资料汇总！\国赛A题必备模型+代码资料合集\国赛A题必备优化模型——线性规划模型\整数规划与非线性规划.pptx,.pptx,3367056,二进制_不可索引不可直读,Y
数学建模国赛速成资料汇总！\国赛A题必备模型+代码资料合集\国赛A题必备优化模型——线性规划模型\第01章  线性规划_20220618113034.pdf,.pdf,192715,二进制_不可索引不可直读,Y
数学建模国赛速成资料汇总！\国赛A题必备模型+代码资料合集\国赛A题必备优化模型——线性规划模型\第4讲 线性规划.ppt,.ppt,638976,二进制_不可索引不可直读,Y
数学建模国赛速成资料汇总！\国赛A题必备模型+代码资料合集\国赛A题必备优化模型——线性规划模型\线性规划 凸集凸函数.ppt,.ppt,400384,二进制_不可索引不可直读,Y
数学建模国赛速成资料汇总！\国赛A题必备模型+代码资料合集\国赛A题必备优化模型——线性规划模型\线性规划.pdf,.pdf,192715,二进制_不可索引不可直读,Y
数学建模国赛速成资料汇总！\国赛A题必备模型+代码资料合集\国赛A题必备优化模型——线性规划模型\线性规划.ppt,.ppt,638976,二进制_不可索引不可直读,Y
数学建模国赛速成资料汇总！\国赛A题必备模型+代码资料合集\国赛A题必备优化模型——线性规划模型\线性规划.rar,.rar,2396,二进制_不可索引不可直读,Y
数学建模国赛速成资料汇总！\国赛A题必备模型+代码资料合集\国赛A题必备优化模型——线性规划模型\线性规划与非线性规划.pdf,.pdf,4492543,二进制_不可索引不可直读,Y
数学建模国赛速成资料汇总！\国赛A题必备模型+代码资料合集\国赛A题必备优化模型——线性规划模型\线性规划模型基本原理.pdf,.pdf,3644077,二进制_不可索引不可直读,Y
数学建模国赛速成资料汇总！\国赛A题必备模型+代码资料合集\国赛A题必备优化模型——线性规划模型\线性规划模型的MATLAB实现及应用.pdf,.pdf,184037,二进制_不可索引不可直读,Y
数学建模国赛速成资料汇总！\国赛A题必备模型+代码资料合集\国赛A题必备优化模型——线性规划模型\线性规划的基本概念与基本定理.ppt,.ppt,1175552,二进制_不可索引不可直读,Y
数学建模国赛速成资料汇总！\国赛A题必备模型+代码资料合集\国赛A题必备优化模型——遗传算法\基于 python 实现的遗传算法解决旅行商（TSP）问题.zip,.zip,63077,二进制_不可索引不可直读,Y
数学建模国赛速成资料汇总！\国赛A题必备模型+代码资料合集\国赛A题必备优化模型——遗传算法\基于遗传算法的随机优化搜索.ppt,.ppt,473088,二进制_不可索引不可直读,Y
数学建模国赛速成资料汇总！\国赛A题必备模型+代码资料合集\国赛A题必备优化模型——遗传算法\用MATLAB实现遗传算法程序.pdf,.pdf,163488,二进制_不可索引不可直读,Y
数学建模国赛速成资料汇总！\国赛A题必备模型+代码资料合集\国赛A题必备优化模型——遗传算法\遗传算法.ppt,.ppt,123904,二进制_不可索引不可直读,Y
数学建模国赛速成资料汇总！\国赛A题必备模型+代码资料合集\国赛A题必备优化模型——遗传算法\遗传算法原理与应用.ppt,.ppt,395776,二进制_不可索引不可直读,Y
数学建模国赛速成资料汇总！\国赛A题必备模型+代码资料合集\国赛A题必备优化模型——遗传算法\python遗传算法旅行商代码\LICENSE,,11357,无扩展名_不可索引_文本,Y
数学建模国赛速成资料汇总！\国赛A题必备模型+代码资料合集\国赛A题必备优化模型——遗传算法\python遗传算法旅行商代码\mytsp\__pycache__\DW.cpython-36.pyc,.pyc,1637,二进制_不可索引不可直读,N
数学建模国赛速成资料汇总！\国赛A题必备模型+代码资料合集\国赛A题必备优化模型——遗传算法\python遗传算法旅行商代码\mytsp\__pycache__\DW.cpython-37.pyc,.pyc,1625,二进制_不可索引不可直读,N
数学建模国赛速成资料汇总！\国赛A题必备模型+代码资料合集\国赛A题必备优化模型——遗传算法\遗传算法工具箱\GA(1)\Genetic Algorithms\ga.htmk,.htmk,8183,纯文本_扩展名未收录,N
数学建模国赛速成资料汇总！\国赛A题必备模型+代码资料合集\国赛A题必备优化模型——遗传算法\遗传算法工具箱\GA(1)\Genetic Algorithms\gaot.ps,.ps,133622,纯文本_扩展名未收录,N
数学建模国赛速成资料汇总！\国赛A题必备模型+代码资料合集\国赛A题必备优化模型——遗传算法\遗传算法工具箱\GA(1)\Genetic Algorithms\seed.mat,.mat,31,二进制_不可索引不可直读,N
数学建模国赛速成资料汇总！\国赛A题必备模型+代码资料合集\国赛A题必备优化模型——遗传算法\遗传算法工具箱\GA(1)\Genetic Algorithms\seed2.mat,.mat,31,二进制_不可索引不可直读,N
数学建模国赛速成资料汇总！\国赛A题必备模型+代码资料合集\国赛A题必备优化模型——遗传算法\遗传算法工具箱\GA2(1)\GAOT\gaot.dvi,.dvi,57780,二进制_不可索引不可直读,N
数学建模国赛速成资料汇总！\国赛A题必备模型+代码资料合集\国赛A题必备优化模型——遗传算法\遗传算法工具箱\GA2(1)\GAOT\README,,803,无扩展名_不可索引_文本,N
数学建模国赛速成资料汇总！\国赛A题必备模型+代码资料合集\国赛A题必备优化模型——遗传算法\遗传算法工具箱2\遗传工具箱(1)\遗传工具箱\gaotv5.ps,.ps,132728,纯文本_扩展名未收录,N
数学建模国赛速成资料汇总！\国赛A题必备模型+代码资料合集\国赛A题必备优化模型——遗传算法\遗传算法工具箱2\遗传工具箱(1)\遗传工具箱\README,,1110,无扩展名_不可索引_文本,N
数学建模国赛速成资料汇总！\国赛A题必备模型+代码资料合集\国赛A题必备优化模型——随机规划\基于遗传算法的随机规划（matlab）.zip,.zip,3335,二进制_不可索引不可直读,Y
数学建模国赛速成资料汇总！\国赛A题必备模型+代码资料合集\国赛A题必备优化模型——随机规划\随机动态规划.ppt,.ppt,775168,二进制_不可索引不可直读,Y
数学建模国赛速成资料汇总！\国赛A题必备模型+代码资料合集\国赛A题必备优化模型——随机规划\随机规划&模糊规划.pdf,.pdf,3614133,二进制_不可索引不可直读,Y
数学建模国赛速成资料汇总！\国赛A题必备模型+代码资料合集\国赛A题必备优化模型——非线性规划\matlab多元非线性回归教程.doc,.doc,341196,二进制_不可索引不可直读,Y
数学建模国赛速成资料汇总！\国赛A题必备模型+代码资料合集\国赛A题必备优化模型——非线性规划\matlab求解非线性规划.doc,.doc,28672,二进制_不可索引不可直读,Y
数学建模国赛速成资料汇总！\国赛A题必备模型+代码资料合集\国赛A题必备优化模型——非线性规划\Matlab线性规划与非线性规划.pdf,.pdf,4492543,二进制_不可索引不可直读,Y
数学建模国赛速成资料汇总！\国赛A题必备模型+代码资料合集\国赛A题必备优化模型——非线性规划\第03章  非线性规划.pdf,.pdf,264610,二进制_不可索引不可直读,Y
数学建模国赛速成资料汇总！\国赛A题必备模型+代码资料合集\国赛A题必备优化模型——非线性规划\第6讲 非线性规划.rar,.rar,142942,二进制_不可索引不可直读,Y
数学建模国赛速成资料汇总！\国赛A题必备模型+代码资料合集\国赛A题必备优化模型——非线性规划\线性规划与非线性规划.pdf,.pdf,4492543,二进制_不可索引不可直读,Y
数学建模国赛速成资料汇总！\国赛A题必备模型+代码资料合集\国赛A题必备优化模型——非线性规划\运筹学第六章：非线性规划.pdf,.pdf,264460,二进制_不可索引不可直读,Y
数学建模国赛速成资料汇总！\国赛A题必备模型+代码资料合集\国赛A题必备优化模型——非线性规划\非线性规划.pdf,.pdf,264610,二进制_不可索引不可直读,Y
数学建模国赛速成资料汇总！\国赛A题必备模型+代码资料合集\国赛A题必备优化模型——非线性规划\非线性规划.rar,.rar,142942,二进制_不可索引不可直读,Y
数学建模国赛速成资料汇总！\国赛A题必备模型+代码资料合集\国赛A题必备优化模型——非线性规划\非线性规划模型Python代码【公众号：数学建模老哥】.docx,.docx,41199,二进制_不可索引不可直读,Y
数学建模国赛速成资料汇总！\国赛A题必备模型+代码资料合集\国赛A题必备优化模型——非线性规划\非线性规划模型基本原理.ppt,.ppt,3649024,二进制_不可索引不可直读,Y
数学建模国赛速成资料汇总！\国赛A题必备模型+代码资料合集\国赛A题必备优化模型——非线性规划\第6讲 非线性规划\第6讲 非线性规划.ppt,.ppt,693760,二进制_不可索引不可直读,Y
数学建模国赛速成资料汇总！\国赛A题必备模型+代码资料合集\国赛A题必备优化模型——非线性规划\非线性规划与多目标规划模型\非线性规划与多目标规划.pptx,.pptx,1760298,二进制_不可索引不可直读,Y
数学建模国赛速成资料汇总！\国赛A题必备模型+代码资料合集\国赛A题必备模型——微分方程及差分方程模型和代码\Matlab求解微分方程(组)及偏微分方程(组).doc,.doc,282664,二进制_不可索引不可直读,Y
数学建模国赛速成资料汇总！\国赛A题必备模型+代码资料合集\国赛A题必备模型——微分方程及差分方程模型和代码\Matlab求解微分方程组及偏微分方程组.doc,.doc,229376,二进制_不可索引不可直读,Y
数学建模国赛速成资料汇总！\国赛A题必备模型+代码资料合集\国赛A题必备模型——微分方程及差分方程模型和代码\偏微分方程的MATLAB解法(最新整理).pdf,.pdf,671723,二进制_不可索引不可直读,Y
数学建模国赛速成资料汇总！\国赛A题必备模型+代码资料合集\国赛A题必备模型——微分方程及差分方程模型和代码\如何使用MATLAB求解微分方程(组)(1).ppt,.ppt,3646976,二进制_不可索引不可直读,N
数学建模国赛速成资料汇总！\国赛A题必备模型+代码资料合集\国赛A题必备模型——微分方程及差分方程模型和代码\如何使用MATLAB求解微分方程(组).ppt,.ppt,3646976,二进制_不可索引不可直读,Y
数学建模国赛速成资料汇总！\国赛A题必备模型+代码资料合集\国赛A题必备模型——微分方程及差分方程模型和代码\如何使用MATLAB求解微分方程(组)学习资料(1).ppt,.ppt,1286656,二进制_不可索引不可直读,N
数学建模国赛速成资料汇总！\国赛A题必备模型+代码资料合集\国赛A题必备模型——微分方程及差分方程模型和代码\如何使用MATLAB求解微分方程(组)学习资料.ppt,.ppt,1286656,二进制_不可索引不可直读,Y
数学建模国赛速成资料汇总！\国赛A题必备模型+代码资料合集\国赛A题必备模型——微分方程及差分方程模型和代码\常微分方程组的MATLAB求解范例.pdf,.pdf,433041,二进制_不可索引不可直读,Y
数学建模国赛速成资料汇总！\国赛A题必备模型+代码资料合集\国赛A题必备模型——微分方程及差分方程模型和代码\微分方程_MATLAB智能算法代码.zip,.zip,440171,二进制_不可索引不可直读,Y
数学建模国赛速成资料汇总！\国赛A题必备模型+代码资料合集\国赛A题必备模型——微分方程及差分方程模型和代码\微分方程模型——数学建模真题解析(1).pptx,.pptx,1779160,二进制_不可索引不可直读,N
数学建模国赛速成资料汇总！\国赛A题必备模型+代码资料合集\国赛A题必备模型——微分方程及差分方程模型和代码\微分方程模型——数学建模真题解析.pptx,.pptx,1779160,二进制_不可索引不可直读,Y
数学建模国赛速成资料汇总！\国赛A题必备模型+代码资料合集\国赛A题必备模型——微分方程及差分方程模型和代码\用MATLAB求解微分方程及微分方程组(1).ppt,.ppt,451072,二进制_不可索引不可直读,N
数学建模国赛速成资料汇总！\国赛A题必备模型+代码资料合集\国赛A题必备模型——微分方程及差分方程模型和代码\用MATLAB求解微分方程及微分方程组.ppt,.ppt,451072,二进制_不可索引不可直读,Y
数学建模国赛速成资料汇总！\国赛A题必备模型+代码资料合集\国赛A题必备模型——微分方程及差分方程模型和代码\第5讲 用MATLAB求解微分方程及微分方程组(1).ppt,.ppt,460288,二进制_不可索引不可直读,N
数学建模国赛速成资料汇总！\国赛A题必备模型+代码资料合集\国赛A题必备模型——微分方程及差分方程模型和代码\第5讲 用MATLAB求解微分方程及微分方程组.ppt,.ppt,460288,二进制_不可索引不可直读,Y
数学建模国赛速成资料汇总！\国赛A题必备模型+代码资料合集\国赛A题必备模型——微分方程及差分方程模型和代码\微分方程模型和代码\第7讲 微分方程.ppt,.ppt,670720,二进制_不可索引不可直读,Y
数学建模国赛速成资料汇总！\国赛A题必备模型+代码资料合集\国赛A题必备模型——热传导模型及代码等\3热传导方程(扩散方程).pdf,.pdf,1963298,二进制_不可索引不可直读,Y
数学建模国赛速成资料汇总！\国赛A题必备模型+代码资料合集\国赛A题必备模型——热传导模型及代码等\3第三讲 热传导方程的解法(1).pdf,.pdf,99344,二进制_不可索引不可直读,Y
数学建模国赛速成资料汇总！\国赛A题必备模型+代码资料合集\国赛A题必备模型——热传导模型及代码等\matlab二维热传导方程.docx,.docx,15257,二进制_不可索引不可直读,Y
数学建模国赛速成资料汇总！\国赛A题必备模型+代码资料合集\国赛A题必备模型——热传导模型及代码等\Matlab解热传导方程代码.doc,.doc,37928,二进制_不可索引不可直读,Y
数学建模国赛速成资料汇总！\国赛A题必备模型+代码资料合集\国赛A题必备模型——热传导模型及代码等\一维热传导方程.doc,.doc,167976,二进制_不可索引不可直读,Y
数学建模国赛速成资料汇总！\国赛A题必备模型+代码资料合集\国赛A题必备模型——热传导模型及代码等\一维非定常热传导方程的matlab代码.docx,.docx,37696,二进制_不可索引不可直读,Y
数学建模国赛速成资料汇总！\国赛A题必备模型+代码资料合集\国赛A题必备模型——热传导模型及代码等\一维非稳态导热.doc,.doc,665128,二进制_不可索引不可直读,Y
数学建模国赛速成资料汇总！\国赛A题必备模型+代码资料合集\国赛A题必备模型——热传导模型及代码等\一维非稳态导热方程-热流绝热边界(附Matlab程序).pdf,.pdf,40847,二进制_不可索引不可直读,Y
数学建模国赛速成资料汇总！\国赛A题必备模型+代码资料合集\国赛A题必备模型——热传导模型及代码等\一维非稳态导热方程求解 附Matlab程序 .pdf,.pdf,94791,二进制_不可索引不可直读,Y
数学建模国赛速成资料汇总！\国赛A题必备模型+代码资料合集\国赛A题必备模型——热传导模型及代码等\一维非稳态导热方程求解(附Matlab程序).pdf,.pdf,89715,二进制_不可索引不可直读,Y
数学建模国赛速成资料汇总！\国赛A题必备模型+代码资料合集\国赛A题必备模型——热传导模型及代码等\二维热传导方程 matlab.docx,.docx,39207,二进制_不可索引不可直读,Y
数学建模国赛速成资料汇总！\国赛A题必备模型+代码资料合集\国赛A题必备模型——热传导模型及代码等\二维稳态导热问题的数值解法.pdf,.pdf,643280,二进制_不可索引不可直读,Y
数学建模国赛速成资料汇总！\国赛A题必备模型+代码资料合集\国赛A题必备模型——热传导模型及代码等\传热一维非稳态导热过程分析(大平壁matlab计算)(1).ppt,.ppt,306728,二进制_不可索引不可直读,N
数学建模国赛速成资料汇总！\国赛A题必备模型+代码资料合集\国赛A题必备模型——热传导模型及代码等\传热一维非稳态导热过程分析(大平壁matlab计算).ppt,.ppt,306728,二进制_不可索引不可直读,Y
数学建模国赛速成资料汇总！\国赛A题必备模型+代码资料合集\国赛A题必备模型——热传导模型及代码等\利用matlab程序解决热传导问题.doc,.doc,185896,二进制_不可索引不可直读,Y
数学建模国赛速成资料汇总！\国赛A题必备模型+代码资料合集\国赛A题必备模型——热传导模型及代码等\热传导-热传导问题的数值解法.pdf,.pdf,2359902,二进制_不可索引不可直读,Y
数学建模国赛速成资料汇总！\国赛A题必备模型+代码资料合集\国赛A题必备模型——热传导模型及代码等\热传导方程(扩散方程)(1).ppt,.ppt,1276928,二进制_不可索引不可直读,N
数学建模国赛速成资料汇总！\国赛A题必备模型+代码资料合集\国赛A题必备模型——热传导模型及代码等\热传导方程(扩散方程).ppt,.ppt,1276928,二进制_不可索引不可直读,Y
数学建模国赛速成资料汇总！\国赛A题必备模型+代码资料合集\国赛A题必备模型——热传导模型及代码等\热传导方程(扩散方程)ppt课件(1).ppt,.ppt,1024512,二进制_不可索引不可直读,N
数学建模国赛速成资料汇总！\国赛A题必备模型+代码资料合集\国赛A题必备模型——热传导模型及代码等\热传导方程(扩散方程)ppt课件.ppt,.ppt,1024512,二进制_不可索引不可直读,Y
数学建模国赛速成资料汇总！\国赛A题必备模型+代码资料合集\国赛A题必备模型——热传导模型及代码等\热传导方程(扩散方程)剖析(1).ppt,.ppt,1276931,二进制_不可索引不可直读,N
数学建模国赛速成资料汇总！\国赛A题必备模型+代码资料合集\国赛A题必备模型——热传导模型及代码等\热传导方程(扩散方程)剖析.ppt,.ppt,1276931,二进制_不可索引不可直读,Y
数学建模国赛速成资料汇总！\国赛A题必备模型+代码资料合集\国赛A题必备模型——热传导模型及代码等\热传导方程.pdf,.pdf,146989,二进制_不可索引不可直读,Y
数学建模国赛速成资料汇总！\国赛A题必备模型+代码资料合集\国赛A题必备模型——热传导模型及代码等\热传导方程与扩散方程(1)(1).ppt,.ppt,411648,二进制_不可索引不可直读,N
数学建模国赛速成资料汇总！\国赛A题必备模型+代码资料合集\国赛A题必备模型——热传导模型及代码等\热传导方程与扩散方程(1).ppt,.ppt,411648,二进制_不可索引不可直读,Y
数学建模国赛速成资料汇总！\国赛A题必备模型+代码资料合集\国赛A题必备模型——热传导模型及代码等\热传导方程与扩散方程.ppt,.ppt,411648,二进制_不可索引不可直读,Y
数学建模国赛速成资料汇总！\国赛A题必备模型+代码资料合集\国赛A题必备模型——热传导模型及代码等\热传导模型方程matlab.doc,.doc,11387,二进制_不可索引不可直读,Y
数学建模国赛速成资料汇总！\国赛A题必备模型+代码资料合集\国赛A题必备模型——热传导模型及代码等\第三章 一维稳态和非稳态导热(1).ppt,.ppt,5345792,二进制_不可索引不可直读,N
数学建模国赛速成资料汇总！\国赛A题必备模型+代码资料合集\国赛A题必备模型——热传导模型及代码等\第三章 一维稳态和非稳态导热.ppt,.ppt,5345792,二进制_不可索引不可直读,Y
数学建模国赛速成资料汇总！\国赛A题必备模型+代码资料合集\国赛A题必备模型——热传导模型及代码等\第四章热传导方程.pdf,.pdf,599550,二进制_不可索引不可直读,Y
数学建模国赛速成资料汇总！\国赛A题必备模型+代码资料合集\国赛A题必备模型——空气动力学模型及代码\matlab动力学分析程序详解.doc,.doc,1330176,二进制_不可索引不可直读,Y
数学建模国赛速成资料汇总！\国赛A题必备模型+代码资料合集\国赛A题必备模型——空气动力学模型及代码\matlab动力学分析程序详解.pdf,.pdf,1375603,二进制_不可索引不可直读,Y
数学建模国赛速成资料汇总！\国赛A题必备模型+代码资料合集\国赛A题必备模型——空气动力学模型及代码\matlab动力学解析程序详解.doc,.doc,1337384,二进制_不可索引不可直读,Y
数学建模国赛速成资料汇总！\国赛A题必备模型+代码资料合集\国赛A题必备模型——空气动力学模型及代码\matlab求解动力学方程.doc,.doc,12507,二进制_不可索引不可直读,Y
数学建模国赛速成资料汇总！\国赛A题必备模型+代码资料合集\国赛A题必备模型——空气动力学模型及代码\《理论力学 动力学》动力学普遍方程.pdf,.pdf,327160,二进制_不可索引不可直读,Y
数学建模国赛速成资料汇总！\国赛A题必备模型+代码资料合集\国赛A题必备模型——空气动力学模型及代码\动力学基本方程(1).ppt,.ppt,1348096,二进制_不可索引不可直读,N
数学建模国赛速成资料汇总！\国赛A题必备模型+代码资料合集\国赛A题必备模型——空气动力学模型及代码\动力学基本方程.ppt,.ppt,1348096,二进制_不可索引不可直读,Y
数学建模国赛速成资料汇总！\国赛A题必备模型+代码资料合集\国赛A题必备模型——空气动力学模型及代码\动力学方程(1)(1).ppt,.ppt,663040,二进制_不可索引不可直读,N
数学建模国赛速成资料汇总！\国赛A题必备模型+代码资料合集\国赛A题必备模型——空气动力学模型及代码\动力学方程(1).ppt,.ppt,1264128,二进制_不可索引不可直读,Y
数学建模国赛速成资料汇总！\国赛A题必备模型+代码资料合集\国赛A题必备模型——空气动力学模型及代码\动力学方程.ppt,.ppt,1264128,二进制_不可索引不可直读,Y
数学建模国赛速成资料汇总！\国赛A题必备模型+代码资料合集\国赛A题必备模型——空气动力学模型及代码\动力学方程的建立及其参数的确定(1).ppt,.ppt,377345,二进制_不可索引不可直读,N
数学建模国赛速成资料汇总！\国赛A题必备模型+代码资料合集\国赛A题必备模型——空气动力学模型及代码\动力学方程的建立及其参数的确定.ppt,.ppt,377345,二进制_不可索引不可直读,Y
数学建模国赛速成资料汇总！\国赛A题必备模型+代码资料合集\国赛A题必备模型——空气动力学模型及代码\动力学方程的建立实例.docx,.docx,34269,二进制_不可索引不可直读,Y
数学建模国赛速成资料汇总！\国赛A题必备模型+代码资料合集\国赛A题必备模型——空气动力学模型及代码\建立动力学方程式的方法(1).ppt,.ppt,473088,二进制_不可索引不可直读,N
数学建模国赛速成资料汇总！\国赛A题必备模型+代码资料合集\国赛A题必备模型——空气动力学模型及代码\建立动力学方程式的方法.ppt,.ppt,473088,二进制_不可索引不可直读,Y
数学建模国赛速成资料汇总！\国赛A题必备模型+代码资料合集\国赛A题必备模型——空气动力学模型及代码\理论力学matlab编程.doc,.doc,137256,二进制_不可索引不可直读,Y
数学建模国赛速成资料汇总！\国赛A题必备模型+代码资料合集\国赛A题必备模型——空气动力学模型及代码\结构动力学方程常用数值解法.doc,.doc,560680,二进制_不可索引不可直读,Y
数学建模国赛速成资料汇总！\国赛A题必备模型+代码资料合集\国赛A题必备模型——精美绘图Matlab代码\数学建模--MATLAB作图.ppt,.ppt,900608,二进制_不可索引不可直读,Y
数学建模国赛速成资料汇总！\国赛A题必备模型+代码资料合集\国赛A题必备模型——精美绘图Matlab代码\数学建模精美绘图 Matlab.ppt,.ppt,2187776,二进制_不可索引不可直读,Y
数学建模国赛速成资料汇总！\国赛A题必备模型+代码资料合集\国赛A题必备模型——蒙特卡洛模型和代码\用蒙特卡洛法实现对排队等待问题模拟代码【数学建模老哥】.rar,.rar,36269,二进制_不可索引不可直读,Y
数学建模国赛速成资料汇总！\国赛A题必备模型+代码资料合集\国赛A题必备模型——蒙特卡洛模型和代码\蒙特卡洛模型Python代码.docx,.docx,14642,二进制_不可索引不可直读,Y
数学建模国赛速成资料汇总！\国赛A题必备模型+代码资料合集\国赛A题必备模型——蒙特卡洛模型和代码\蒙特卡洛模型Python代码【公众号：数学建模老哥】.docx,.docx,14642,二进制_不可索引不可直读,Y
数学建模国赛速成资料汇总！\国赛A题必备模型+代码资料合集\国赛A题必备模型——蒙特卡洛模型和代码\蒙特卡洛模拟方法(1).ppt,.ppt,1203200,二进制_不可索引不可直读,N
数学建模国赛速成资料汇总！\国赛A题必备模型+代码资料合集\国赛A题必备模型——蒙特卡洛模型和代码\蒙特卡洛模拟方法.ppt,.ppt,1203200,二进制_不可索引不可直读,Y
数学建模国赛速成资料汇总！\国赛A题必备模型+代码资料合集\国赛A题必备模型——蒙特卡洛模型和代码\马尔科夫链蒙特卡洛模拟的matlab源代码【数学建模老哥】.rar,.rar,16217,二进制_不可索引不可直读,Y
数学建模国赛速成资料汇总！\国赛A题必备模型+代码资料合集\国赛A题必备模型——蒙特卡洛模型和代码\数模常规算法之蒙特卡洛算法\数学建模-蒙特卡罗方法.ppt,.ppt,1243648,二进制_不可索引不可直读,Y
数学建模国赛速成资料汇总！\国赛A题必备模型+代码资料合集\国赛A题必备模型——蒙特卡洛模型和代码\用蒙特卡洛法实现对排队等待问题模拟代码【数学建模老哥】(1)\更多实例信息.url,.url,186,纯文本_扩展名未收录,N
数学建模国赛速成资料汇总！\国赛A题必备模型+代码资料合集\国赛A题必备模型——蒙特卡洛模型和代码\马尔科夫链蒙特卡洛模拟的matlab源代码【数学建模老哥】(1)\mcmc的matlab代码\Copyright,,487,无扩展名_不可索引_文本,N
数学建模国赛速成资料汇总！\国赛A题必备模型+代码资料合集\国赛A题必备模型——蒙特卡洛模型和代码\马尔科夫链蒙特卡洛模拟的matlab源代码【数学建模老哥】(1)\mcmc的matlab代码\Version,,29,无扩展名_不可索引_文本,N
数学建模国赛速成资料汇总！\国赛A题必备模型+代码资料合集\国赛A题必备：数学建模编程学习\Python超全进阶学习资料\01第1章  Python语言快速入门.pptx,.pptx,6151170,二进制_不可索引不可直读,N
数学建模国赛速成资料汇总！\国赛A题必备模型+代码资料合集\国赛A题必备：数学建模编程学习\Python超全进阶学习资料\02第2章  数据处理与可视化.pptx,.pptx,7299682,二进制_不可索引不可直读,N
数学建模国赛速成资料汇总！\国赛A题必备模型+代码资料合集\国赛A题必备：数学建模编程学习\Python超全进阶学习资料\03第3章  Python在高等数学和线性代数中的应用.pptx,.pptx,5785655,二进制_不可索引不可直读,N
数学建模国赛速成资料汇总！\国赛A题必备模型+代码资料合集\国赛A题必备：数学建模编程学习\Python超全进阶学习资料\04第4章  概率论与数理统计1.pptx,.pptx,4865154,二进制_不可索引不可直读,N
数学建模国赛速成资料汇总！\国赛A题必备模型+代码资料合集\国赛A题必备：数学建模编程学习\Python超全进阶学习资料\04第4章  概率论与数理统计2.pptx,.pptx,5161515,二进制_不可索引不可直读,N
数学建模国赛速成资料汇总！\国赛A题必备模型+代码资料合集\国赛A题必备：数学建模编程学习\Python超全进阶学习资料\05第5章  线性规划.pptx,.pptx,3234622,二进制_不可索引不可直读,N
数学建模国赛速成资料汇总！\国赛A题必备模型+代码资料合集\国赛A题必备：数学建模编程学习\Python超全进阶学习资料\07第7章  插值与拟合.pptx,.pptx,4376442,二进制_不可索引不可直读,N
数学建模国赛速成资料汇总！\国赛A题必备模型+代码资料合集\国赛A题必备：数学建模编程学习\Python超全进阶学习资料\08第8章  微分方程模型.pptx,.pptx,4171263,二进制_不可索引不可直读,N
数学建模国赛速成资料汇总！\国赛A题必备模型+代码资料合集\国赛A题必备：数学建模编程学习\Python超全进阶学习资料\09第9章  综合评价方法.pptx,.pptx,4022596,二进制_不可索引不可直读,N
数学建模国赛速成资料汇总！\国赛A题必备模型+代码资料合集\国赛A题必备：数学建模编程学习\Python超全进阶学习资料\10第10章  图论模型.pptx,.pptx,7445538,二进制_不可索引不可直读,N
数学建模国赛速成资料汇总！\国赛A题必备模型+代码资料合集\国赛A题必备：数学建模编程学习\Python超全进阶学习资料\11第11章  多元分析.pptx,.pptx,6280373,二进制_不可索引不可直读,N
数学建模国赛速成资料汇总！\国赛A题必备模型+代码资料合集\国赛A题必备：数学建模编程学习\Python超全进阶学习资料\12第12章  回归分析.pptx,.pptx,3655843,二进制_不可索引不可直读,N
数学建模国赛速成资料汇总！\国赛A题必备模型+代码资料合集\国赛A题必备：数学建模编程学习\Python超全进阶学习资料\13第13章差分方程模型.pptx,.pptx,4213454,二进制_不可索引不可直读,N
数学建模国赛速成资料汇总！\国赛A题必备模型+代码资料合集\国赛A题必备：数学建模编程学习\Python超全进阶学习资料\14第14章模糊数学.pptx,.pptx,3757211,二进制_不可索引不可直读,N
数学建模国赛速成资料汇总！\国赛A题必备模型+代码资料合集\国赛A题必备：数学建模编程学习\Python超全进阶学习资料\15第15章灰色系统预测.pptx,.pptx,3032449,二进制_不可索引不可直读,N
数学建模国赛速成资料汇总！\国赛A题必备模型+代码资料合集\国赛A题必备：数学建模编程学习\Python超全进阶学习资料\16第16章Monte Carlo模拟.pptx,.pptx,2745142,二进制_不可索引不可直读,N
数学建模国赛速成资料汇总！\国赛A题必备模型+代码资料合集\国赛A题必备：数学建模编程学习\Python超全进阶学习资料\17第17章智能算法.pptx,.pptx,3501167,二进制_不可索引不可直读,N
数学建模国赛速成资料汇总！\国赛A题必备模型+代码资料合集\国赛A题必备：数学建模编程学习\Python超全进阶学习资料\18第18章时间序列分析.pptx,.pptx,4579493,二进制_不可索引不可直读,N
数学建模国赛速成资料汇总！\国赛A题必备模型+代码资料合集\国赛A题必备：数学建模编程学习\Python超全进阶学习资料\19第19章支持向量机.pptx,.pptx,2417363,二进制_不可索引不可直读,N
数学建模国赛速成资料汇总！\国赛A题必备模型+代码资料合集\国赛A题必备：数学建模编程学习\Python超全进阶学习资料\20第20章数字图像处理.pptx,.pptx,5633433,二进制_不可索引不可直读,N
数学建模国赛速成资料汇总！\国赛A题必备模型+代码资料合集\国赛A题必备：数学建模编程学习\数学建模30种常用算法(Python代码)\0-1背包问题动态规划模型Python代码\基础0-1背包问题（动态规划）\2.spec,.spec,924,纯文本_扩展名未收录,N
数学建模国赛速成资料汇总！\国赛A题必备模型+代码资料合集\国赛A题必备：数学建模编程学习\数学建模42种常用算法程序包Matlab版（公众号：数学建模老哥）\程序包：GRNN的数据预测-基于广义回归神经网络货运量预测(1)\案例8 GRNN的数据预测-基于广义回归神经网络货运量预测\best.mat,.mat,1241,二进制_不可索引不可直读,N
数学建模国赛速成资料汇总！\国赛A题必备模型+代码资料合集\国赛A题必备：数学建模编程学习\数学建模42种常用算法程序包Matlab版（公众号：数学建模老哥）\程序包：GRNN的数据预测-基于广义回归神经网络货运量预测(1)\案例8 GRNN的数据预测-基于广义回归神经网络货运量预测\电力系统负荷预测.ppt,.ppt,4601344,二进制_不可索引不可直读,N
数学建模国赛速成资料汇总！\国赛A题必备模型+代码资料合集\国赛A题必备：数学建模编程学习\数学建模42种常用算法程序包Matlab版（公众号：数学建模老哥）\程序包：《MATLAB+神经网络43个案例分析》源代码&数据(1)\《MATLAB 神经网络43个案例分析》源代码&数据\chapter20\chapter20\libsvm-3.1-[FarutoUltimate3.1Mcode]\COPYRIGHT,,1497,无扩展名_不可索引_文本,N
数学建模国赛速成资料汇总！\国赛A题必备模型+代码资料合集\国赛A题必备：数学建模编程学习\数学建模42种常用算法程序包Matlab版（公众号：数学建模老哥）\程序包：《MATLAB+神经网络43个案例分析》源代码&数据(1)\《MATLAB 神经网络43个案例分析》源代码&数据\chapter27\chapter27\Images\Thumbs.db,.db,313344,二进制_不可索引不可直读,N
数学建模国赛速成资料汇总！\国赛A题必备模型+代码资料合集\国赛A题必备：数学建模编程学习\数学建模42种常用算法程序包Matlab版（公众号：数学建模老哥）\程序包：《MATLAB+神经网络43个案例分析》源代码&数据(1)\《MATLAB 神经网络43个案例分析》源代码&数据\chapter42\chapter42\chapter42.asv,.asv,364,纯文本_扩展名未收录,N
数学建模国赛速成资料汇总！\国赛A题必备模型+代码资料合集\国赛A题必备：数学建模编程学习\数学建模42种常用算法程序包Matlab版（公众号：数学建模老哥）\程序包：《MATLAB+神经网络43个案例分析》源代码&数据(1)\《MATLAB 神经网络43个案例分析》源代码&数据\chapter42\chapter42\chapter42_2.asv,.asv,2122,纯文本_扩展名未收录,N
数学建模国赛速成资料汇总！\国赛A题必备模型+代码资料合集\国赛A题必备：数学建模编程学习\数学建模42种常用算法程序包Matlab版（公众号：数学建模老哥）\程序包：数字图像处理matlab代码(1)\数字图像处理matlab代码\connectpoly.asv,.asv,1029,纯文本_扩展名未收录,N
数学建模国赛速成资料汇总！\国赛A题必备模型+代码资料合集\国赛A题必备：数学建模编程学习\数学建模42种常用算法程序包Matlab版（公众号：数学建模老哥）\程序包：数字图像处理matlab代码(1)\数字图像处理matlab代码\ice.fig,.fig,46808,二进制_不可索引不可直读,N
数学建模国赛速成资料汇总！\国赛A题必备模型+代码资料合集\国赛A题必备：数学建模编程学习\数学建模42种常用算法程序包Matlab版（公众号：数学建模老哥）\程序包：数字图像处理matlab代码(1)\数字图像处理matlab代码\rgbcube.asv,.asv,2032,纯文本_扩展名未收录,N
数学建模国赛速成资料汇总！\国赛A题必备模型+代码资料合集\国赛A题必备：数学建模编程学习\数学建模42种常用算法程序包Matlab版（公众号：数学建模老哥）\程序包：数字图像处理matlab代码(1)\数字图像处理matlab代码\unravel.mexaxp,.mexaxp,24576,二进制_不可索引不可直读,N
数学建模国赛速成资料汇总！\国赛A题必备模型+代码资料合集\国赛A题必备：数学建模编程学习\数学建模42种常用算法程序包Matlab版（公众号：数学建模老哥）\程序包：数字图像处理matlab代码(1)\数字图像处理matlab代码\unravel.mexglx,.mexglx,19426,二进制_不可索引不可直读,N
数学建模国赛速成资料汇总！\国赛A题必备模型+代码资料合集\国赛A题必备：数学建模编程学习\数学建模42种常用算法程序包Matlab版（公众号：数学建模老哥）\程序包：数字图像处理matlab代码(1)\数字图像处理matlab代码\unravel.mexhpux,.mexhpux,12288,二进制_不可索引不可直读,N
数学建模国赛速成资料汇总！\国赛A题必备模型+代码资料合集\国赛A题必备：数学建模编程学习\数学建模42种常用算法程序包Matlab版（公众号：数学建模老哥）\程序包：数字图像处理matlab代码(1)\数字图像处理matlab代码\unravel.mexmac,.mexmac,8884,二进制_不可索引不可直读,N
数学建模国赛速成资料汇总！\国赛A题必备模型+代码资料合集\国赛A题必备：数学建模编程学习\数学建模42种常用算法程序包Matlab版（公众号：数学建模老哥）\程序包：数字图像处理matlab代码(1)\数字图像处理matlab代码\unravel.mexrs6,.mexrs6,2774,二进制_不可索引不可直读,N
数学建模国赛速成资料汇总！\国赛A题必备模型+代码资料合集\国赛A题必备：数学建模编程学习\数学建模42种常用算法程序包Matlab版（公众号：数学建模老哥）\程序包：数字图像处理matlab代码(1)\数字图像处理matlab代码\unravel.mexsg,.mexsg,25024,二进制_不可索引不可直读,N
数学建模国赛速成资料汇总！\国赛A题必备模型+代码资料合集\国赛A题必备：数学建模编程学习\数学建模42种常用算法程序包Matlab版（公众号：数学建模老哥）\程序包：数字图像处理matlab代码(1)\数字图像处理matlab代码\unravel.mexsol,.mexsol,8744,二进制_不可索引不可直读,N
数学建模国赛速成资料汇总！\国赛A题必备模型+代码资料合集\国赛A题必备：数学建模编程学习\数学建模42种常用算法程序包Matlab版（公众号：数学建模老哥）\程序包：时间序列模型ARIMA的讲解与matlab代码实现（含多个实例）(1)\时间序列模型ARIMA的讲解与matlab代码实现（含多个实例）\ARIMA（单独的实例）\ARIMA.asv,.asv,14462,纯文本_扩展名未收录,N
数学建模国赛速成资料汇总！\国赛A题必备模型+代码资料合集\国赛A题必备：数学建模编程学习\数学建模42种常用算法程序包Matlab版（公众号：数学建模老哥）\程序包：隐马尔可夫预测代码（含有大量案例）(1)\隐马尔可夫预测代码（含有大量案例）\whmt1\example3.m~,.m~,954,纯文本_扩展名未收录,N
数学建模国赛速成资料汇总！\国赛A题必备模型+代码资料合集\国赛A题必备：数学建模编程学习\数学建模42种常用算法程序包Matlab版（公众号：数学建模老哥）\程序包：隐马尔可夫预测代码（含有大量案例）(1)\隐马尔可夫预测代码（含有大量案例）\whmt1\lena256,,65536,无扩展名_不可索引_文本,N
数学建模国赛速成资料汇总！\国赛A题必备模型+代码资料合集\国赛A题必备：数学建模编程学习\数学建模42种常用算法程序包Matlab版（公众号：数学建模老哥）\程序包：隐马尔可夫预测代码（含有大量案例）(1)\隐马尔可夫预测代码（含有大量案例）\whmt1\lena512,,262144,无扩展名_不可索引_文本,N
数学建模国赛速成资料汇总！\国赛A题必备模型+代码资料合集\国赛A题必备：数学建模编程学习\数学建模42种常用算法程序包Matlab版（公众号：数学建模老哥）\程序包：隐马尔可夫预测代码（含有大量案例）(1)\隐马尔可夫预测代码（含有大量案例）\whmt1\lenamodel.mat,.mat,17301888,二进制_不可索引不可直读,N
数学建模国赛速成资料汇总！\国赛A题必备模型+代码资料合集\国赛A题必备：数学建模编程学习\数学建模42种常用算法程序包Matlab版（公众号：数学建模老哥）\程序包：隐马尔可夫预测代码（含有大量案例）(1)\隐马尔可夫预测代码（含有大量案例）\whmt1\README,,2786,无扩展名_不可索引_文本,N
数学建模国赛速成资料汇总！\国赛A题必备模型+代码资料合集\数学建模历年典型题目（源代码复现+数据）\CUMCM2003B题：露天矿生产的车辆安排（源码+数据+题目）\Data_2003B.mat,.mat,897,二进制_不可索引不可直读,N
数学建模国赛速成资料汇总！\国赛B题必备模型+代码资料合集\国赛B题必备优化模型——0-1整数规划\0-1整数规划的MATLAB源码.zip,.zip,1545,二进制_不可索引不可直读,Y
数学建模国赛速成资料汇总！\国赛B题必备模型+代码资料合集\国赛B题必备优化模型——0-1整数规划\0-1规划的两种求解（模拟退火及Lingo求解）.rar,.rar,393919,二进制_不可索引不可直读,Y
数学建模国赛速成资料汇总！\国赛B题必备模型+代码资料合集\国赛B题必备优化模型——0-1整数规划\0_1线性规划模型的MATLAB实现及应用.pdf,.pdf,184037,二进制_不可索引不可直读,Y
数学建模国赛速成资料汇总！\国赛B题必备模型+代码资料合集\国赛B题必备优化模型——二次规划\二次规划Matlab程序.rar,.rar,202,二进制_不可索引不可直读,Y
数学建模国赛速成资料汇总！\国赛B题必备模型+代码资料合集\国赛B题必备优化模型——二次规划\二次规划算法.docx,.docx,159284,二进制_不可索引不可直读,Y
数学建模国赛速成资料汇总！\国赛B题必备模型+代码资料合集\国赛B题必备优化模型——二次规划\使用python求解二次规划的问题.pdf,.pdf,128176,二进制_不可索引不可直读,Y
数学建模国赛速成资料汇总！\国赛B题必备模型+代码资料合集\国赛B题必备优化模型——二次规划\序列二次规划法及matlab代码.zip,.zip,589980,二进制_不可索引不可直读,Y
数学建模国赛速成资料汇总！\国赛B题必备模型+代码资料合集\国赛B题必备优化模型——动态规划\动态规划笔记.pdf,.pdf,97201,二进制_不可索引不可直读,Y
数学建模国赛速成资料汇总！\国赛B题必备模型+代码资料合集\国赛B题必备优化模型——动态规划\动态规划经典题PPT.ppt,.ppt,570368,二进制_不可索引不可直读,Y
数学建模国赛速成资料汇总！\国赛B题必备模型+代码资料合集\国赛B题必备优化模型——动态规划\动态规划解决背包问题 MATLAB.zip,.zip,32179,二进制_不可索引不可直读,Y
数学建模国赛速成资料汇总！\国赛B题必备模型+代码资料合集\国赛B题必备优化模型——单目标规划与多目标规划\单目标优化（含约束）.zip,.zip,5765,二进制_不可索引不可直读,Y
数学建模国赛速成资料汇总！\国赛B题必备模型+代码资料合集\国赛B题必备优化模型——单目标规划与多目标规划\单目标多目标与整数规划.pdf,.pdf,2037599,二进制_不可索引不可直读,Y
数学建模国赛速成资料汇总！\国赛B题必备模型+代码资料合集\国赛B题必备优化模型——单目标规划与多目标规划\基于TSP模型对旅行问题的多目标规划.pdf,.pdf,3673400,二进制_不可索引不可直读,Y
数学建模国赛速成资料汇总！\国赛B题必备模型+代码资料合集\国赛B题必备优化模型——单目标规划与多目标规划\多目标规划-matlab程序.pdf,.pdf,1100151,二进制_不可索引不可直读,Y
数学建模国赛速成资料汇总！\国赛B题必备模型+代码资料合集\国赛B题必备优化模型——单目标规划与多目标规划\多目标规划.pdf,.pdf,1615274,二进制_不可索引不可直读,Y
数学建模国赛速成资料汇总！\国赛B题必备模型+代码资料合集\国赛B题必备优化模型——单目标规划与多目标规划\多目标规划.ppt,.ppt,484354,二进制_不可索引不可直读,Y
数学建模国赛速成资料汇总！\国赛B题必备模型+代码资料合集\国赛B题必备优化模型——单目标规划与多目标规划\多目标规划matlab程序实现【公众号：数学建模老哥】.doc,.doc,260134,二进制_不可索引不可直读,Y
数学建模国赛速成资料汇总！\国赛B题必备模型+代码资料合集\国赛B题必备优化模型——单目标规划与多目标规划\多目标规划ppt(1).ppt,.ppt,5462016,二进制_不可索引不可直读,Y
数学建模国赛速成资料汇总！\国赛B题必备模型+代码资料合集\国赛B题必备优化模型——单目标规划与多目标规划\多目标规划模型.pptx,.pptx,2629654,二进制_不可索引不可直读,Y
数学建模国赛速成资料汇总！\国赛B题必备模型+代码资料合集\国赛B题必备优化模型——单目标规划与多目标规划\最优化之多目标规划.ppt,.ppt,3478528,二进制_不可索引不可直读,Y
数学建模国赛速成资料汇总！\国赛B题必备模型+代码资料合集\国赛B题必备优化模型——单目标规划与多目标规划\程序包：多目标规划matlab程序实现 .doc,.doc,260134,二进制_不可索引不可直读,Y
数学建模国赛速成资料汇总！\国赛B题必备模型+代码资料合集\国赛B题必备优化模型——单目标规划与多目标规划\第8章 多目标优化.ppt,.ppt,615936,二进制_不可索引不可直读,Y
数学建模国赛速成资料汇总！\国赛B题必备模型+代码资料合集\国赛B题必备优化模型——单目标规划与多目标规划\第五章多目标问题的最优化方法.ppt,.ppt,336896,二进制_不可索引不可直读,Y
数学建模国赛速成资料汇总！\国赛B题必备模型+代码资料合集\国赛B题必备优化模型——单目标规划与多目标规划\第六章--多目标规划.ppt,.ppt,571392,二进制_不可索引不可直读,Y
数学建模国赛速成资料汇总！\国赛B题必备模型+代码资料合集\国赛B题必备优化模型——单目标规划与多目标规划\第十章 多目标优化方法简介.ppt,.ppt,224256,二进制_不可索引不可直读,Y
数学建模国赛速成资料汇总！\国赛B题必备模型+代码资料合集\国赛B题必备优化模型——整数规划\3 老哥带你学数模-整数规划.pdf,.pdf,2768263,二进制_不可索引不可直读,Y
数学建模国赛速成资料汇总！\国赛B题必备模型+代码资料合集\国赛B题必备优化模型——整数规划\整数规划.docx,.docx,149670,二进制_不可索引不可直读,Y
数学建模国赛速成资料汇总！\国赛B题必备模型+代码资料合集\国赛B题必备优化模型——整数规划\整数规划：分支定界算法代码.zip,.zip,2514,二进制_不可索引不可直读,Y
数学建模国赛速成资料汇总！\国赛B题必备模型+代码资料合集\国赛B题必备优化模型——整数规划\整数规划：割平面算法代码.zip,.zip,2060,二进制_不可索引不可直读,Y
数学建模国赛速成资料汇总！\国赛B题必备模型+代码资料合集\国赛B题必备优化模型——整数规划\第02章  整数规划.pdf,.pdf,203910,二进制_不可索引不可直读,Y
数学建模国赛速成资料汇总！\国赛B题必备模型+代码资料合集\国赛B题必备优化模型——模拟退火算法\数学建模 模拟退火.doc,.doc,145920,二进制_不可索引不可直读,Y
数学建模国赛速成资料汇总！\国赛B题必备模型+代码资料合集\国赛B题必备优化模型——模拟退火算法\数学建模———离散模型.ppt,.ppt,1392128,二进制_不可索引不可直读,Y
数学建模国赛速成资料汇总！\国赛B题必备模型+代码资料合集\国赛B题必备优化模型——模拟退火算法\数学建模——模拟退火.ppt,.ppt,369664,二进制_不可索引不可直读,Y
数学建模国赛速成资料汇总！\国赛B题必备模型+代码资料合集\国赛B题必备优化模型——模拟退火算法\数学建模模拟退火算法PPT文档51页.ppt,.ppt,7364096,二进制_不可索引不可直读,Y
数学建模国赛速成资料汇总！\国赛B题必备模型+代码资料合集\国赛B题必备优化模型——模拟退火算法\模拟退火工具箱satools.zip,.zip,215935,二进制_不可索引不可直读,Y
数学建模国赛速成资料汇总！\国赛B题必备模型+代码资料合集\国赛B题必备优化模型——模拟退火算法\模拟退火法.doc,.doc,31232,二进制_不可索引不可直读,Y
数学建模国赛速成资料汇总！\国赛B题必备模型+代码资料合集\国赛B题必备优化模型——模拟退火算法\模拟退火算法.rar,.rar,983825,二进制_不可索引不可直读,Y
数学建模国赛速成资料汇总！\国赛B题必备模型+代码资料合集\国赛B题必备优化模型——模拟退火算法\模拟退火算法与MATLAB实现.pptx,.pptx,1060877,二进制_不可索引不可直读,Y
数学建模国赛速成资料汇总！\国赛B题必备模型+代码资料合集\国赛B题必备优化模型——模拟退火算法\模拟退火算法的matlab示例.zip,.zip,501670,二进制_不可索引不可直读,Y
数学建模国赛速成资料汇总！\国赛B题必备模型+代码资料合集\国赛B题必备优化模型——模拟退火算法\模拟退火算法讲解PPT.ppt,.ppt,2203136,二进制_不可索引不可直读,Y
数学建模国赛速成资料汇总！\国赛B题必备模型+代码资料合集\国赛B题必备优化模型——模拟退火算法\用MATLAB实现模拟退火算法.pptx,.pptx,983245,二进制_不可索引不可直读,Y
数学建模国赛速成资料汇总！\国赛B题必备模型+代码资料合集\国赛B题必备优化模型——混合整数规划\Matlab工具包混合整数规划.rar,.rar,4104386,二进制_不可索引不可直读,Y
数学建模国赛速成资料汇总！\国赛B题必备模型+代码资料合集\国赛B题必备优化模型——粒子群算法\Python实现单目标粒子群算法.pdf,.pdf,77843,二进制_不可索引不可直读,Y
数学建模国赛速成资料汇总！\国赛B题必备模型+代码资料合集\国赛B题必备优化模型——粒子群算法\Python编程实现粒子群算法(PSO)详解.pdf,.pdf,105677,二进制_不可索引不可直读,Y
数学建模国赛速成资料汇总！\国赛B题必备模型+代码资料合集\国赛B题必备优化模型——粒子群算法\粒子群算法PSO源代码 MATLAB.docx,.docx,22789,二进制_不可索引不可直读,Y
数学建模国赛速成资料汇总！\国赛B题必备模型+代码资料合集\国赛B题必备优化模型——粒子群算法\粒子群算法优化RBF网络.rar,.rar,4621,二进制_不可索引不可直读,Y
数学建模国赛速成资料汇总！\国赛B题必备模型+代码资料合集\国赛B题必备优化模型——粒子群算法\粒子群算法基本原理与案例分享.pptx,.pptx,2315458,二进制_不可索引不可直读,Y
数学建模国赛速成资料汇总！\国赛B题必备模型+代码资料合集\国赛B题必备优化模型——粒子群算法\粒子群算法求解最大值问题详解（附python代码）.pdf,.pdf,60690,二进制_不可索引不可直读,Y
数学建模国赛速成资料汇总！\国赛B题必备模型+代码资料合集\国赛B题必备优化模型——线性规划模型\01型整数线性规划.zip,.zip,3338,二进制_不可索引不可直读,Y
数学建模国赛速成资料汇总！\国赛B题必备模型+代码资料合集\国赛B题必备优化模型——线性规划模型\1..第一章  线性规划.pdf,.pdf,192715,二进制_不可索引不可直读,Y
数学建模国赛速成资料汇总！\国赛B题必备模型+代码资料合集\国赛B题必备优化模型——线性规划模型\Matlab线性规划与非线性规划.pdf,.pdf,4492543,二进制_不可索引不可直读,Y
数学建模国赛速成资料汇总！\国赛B题必备模型+代码资料合集\国赛B题必备优化模型——线性规划模型\数学建模 Matlab求解线性规划问题.doc,.doc,258606,二进制_不可索引不可直读,Y
数学建模国赛速成资料汇总！\国赛B题必备模型+代码资料合集\国赛B题必备优化模型——线性规划模型\整数规划与非线性规划.pptx,.pptx,3367056,二进制_不可索引不可直读,Y
数学建模国赛速成资料汇总！\国赛B题必备模型+代码资料合集\国赛B题必备优化模型——线性规划模型\第01章  线性规划_20220618113034.pdf,.pdf,192715,二进制_不可索引不可直读,Y
数学建模国赛速成资料汇总！\国赛B题必备模型+代码资料合集\国赛B题必备优化模型——线性规划模型\第4讲 线性规划.ppt,.ppt,638976,二进制_不可索引不可直读,Y
数学建模国赛速成资料汇总！\国赛B题必备模型+代码资料合集\国赛B题必备优化模型——线性规划模型\线性规划 凸集凸函数.ppt,.ppt,400384,二进制_不可索引不可直读,Y
数学建模国赛速成资料汇总！\国赛B题必备模型+代码资料合集\国赛B题必备优化模型——线性规划模型\线性规划.pdf,.pdf,192715,二进制_不可索引不可直读,Y
数学建模国赛速成资料汇总！\国赛B题必备模型+代码资料合集\国赛B题必备优化模型——线性规划模型\线性规划.ppt,.ppt,638976,二进制_不可索引不可直读,Y
数学建模国赛速成资料汇总！\国赛B题必备模型+代码资料合集\国赛B题必备优化模型——线性规划模型\线性规划.rar,.rar,2396,二进制_不可索引不可直读,Y
数学建模国赛速成资料汇总！\国赛B题必备模型+代码资料合集\国赛B题必备优化模型——线性规划模型\线性规划与非线性规划.pdf,.pdf,4492543,二进制_不可索引不可直读,Y
数学建模国赛速成资料汇总！\国赛B题必备模型+代码资料合集\国赛B题必备优化模型——线性规划模型\线性规划模型基本原理.pdf,.pdf,3644077,二进制_不可索引不可直读,Y
数学建模国赛速成资料汇总！\国赛B题必备模型+代码资料合集\国赛B题必备优化模型——线性规划模型\线性规划模型的MATLAB实现及应用.pdf,.pdf,184037,二进制_不可索引不可直读,Y
数学建模国赛速成资料汇总！\国赛B题必备模型+代码资料合集\国赛B题必备优化模型——线性规划模型\线性规划的基本概念与基本定理.ppt,.ppt,1175552,二进制_不可索引不可直读,Y
数学建模国赛速成资料汇总！\国赛B题必备模型+代码资料合集\国赛B题必备优化模型——遗传算法\基于 python 实现的遗传算法解决旅行商（TSP）问题.zip,.zip,63077,二进制_不可索引不可直读,Y
数学建模国赛速成资料汇总！\国赛B题必备模型+代码资料合集\国赛B题必备优化模型——遗传算法\基于遗传算法的随机优化搜索.ppt,.ppt,473088,二进制_不可索引不可直读,Y
数学建模国赛速成资料汇总！\国赛B题必备模型+代码资料合集\国赛B题必备优化模型——遗传算法\用MATLAB实现遗传算法程序.pdf,.pdf,163488,二进制_不可索引不可直读,Y
数学建模国赛速成资料汇总！\国赛B题必备模型+代码资料合集\国赛B题必备优化模型——遗传算法\遗传算法.ppt,.ppt,123904,二进制_不可索引不可直读,Y
数学建模国赛速成资料汇总！\国赛B题必备模型+代码资料合集\国赛B题必备优化模型——遗传算法\遗传算法原理与应用.ppt,.ppt,395776,二进制_不可索引不可直读,Y
数学建模国赛速成资料汇总！\国赛B题必备模型+代码资料合集\国赛B题必备优化模型——随机规划\基于遗传算法的随机规划（matlab）.zip,.zip,3335,二进制_不可索引不可直读,Y
数学建模国赛速成资料汇总！\国赛B题必备模型+代码资料合集\国赛B题必备优化模型——随机规划\随机动态规划.ppt,.ppt,775168,二进制_不可索引不可直读,Y
数学建模国赛速成资料汇总！\国赛B题必备模型+代码资料合集\国赛B题必备优化模型——随机规划\随机规划&模糊规划.pdf,.pdf,3614133,二进制_不可索引不可直读,Y
数学建模国赛速成资料汇总！\国赛B题必备模型+代码资料合集\国赛B题必备优化模型——非线性规划\matlab多元非线性回归教程.doc,.doc,341196,二进制_不可索引不可直读,Y
数学建模国赛速成资料汇总！\国赛B题必备模型+代码资料合集\国赛B题必备优化模型——非线性规划\matlab求解非线性规划.doc,.doc,28672,二进制_不可索引不可直读,Y
数学建模国赛速成资料汇总！\国赛B题必备模型+代码资料合集\国赛B题必备优化模型——非线性规划\Matlab线性规划与非线性规划.pdf,.pdf,4492543,二进制_不可索引不可直读,Y
数学建模国赛速成资料汇总！\国赛B题必备模型+代码资料合集\国赛B题必备优化模型——非线性规划\第03章  非线性规划.pdf,.pdf,264610,二进制_不可索引不可直读,Y
数学建模国赛速成资料汇总！\国赛B题必备模型+代码资料合集\国赛B题必备优化模型——非线性规划\第6讲 非线性规划.rar,.rar,142942,二进制_不可索引不可直读,Y
数学建模国赛速成资料汇总！\国赛B题必备模型+代码资料合集\国赛B题必备优化模型——非线性规划\线性规划与非线性规划.pdf,.pdf,4492543,二进制_不可索引不可直读,Y
数学建模国赛速成资料汇总！\国赛B题必备模型+代码资料合集\国赛B题必备优化模型——非线性规划\运筹学第六章：非线性规划.pdf,.pdf,264460,二进制_不可索引不可直读,Y
数学建模国赛速成资料汇总！\国赛B题必备模型+代码资料合集\国赛B题必备优化模型——非线性规划\非线性规划.pdf,.pdf,264610,二进制_不可索引不可直读,Y
数学建模国赛速成资料汇总！\国赛B题必备模型+代码资料合集\国赛B题必备优化模型——非线性规划\非线性规划.rar,.rar,142942,二进制_不可索引不可直读,Y
数学建模国赛速成资料汇总！\国赛B题必备模型+代码资料合集\国赛B题必备优化模型——非线性规划\非线性规划模型Python代码【公众号：数学建模老哥】.docx,.docx,41199,二进制_不可索引不可直读,Y
数学建模国赛速成资料汇总！\国赛B题必备模型+代码资料合集\国赛B题必备优化模型——非线性规划\非线性规划模型基本原理.ppt,.ppt,3649024,二进制_不可索引不可直读,Y
数学建模国赛速成资料汇总！\国赛B题必备模型+代码资料合集\国赛B题必备分类模型——K-means分类及代码\K-means 算法应用及其编程实现.ppt,.ppt,248832,二进制_不可索引不可直读,Y
数学建模国赛速成资料汇总！\国赛B题必备模型+代码资料合集\国赛B题必备分类模型——K-means分类及代码\K-MEANS算法(K均值算法).doc,.doc,523304,二进制_不可索引不可直读,Y
数学建模国赛速成资料汇总！\国赛B题必备模型+代码资料合集\国赛B题必备分类模型——K-means分类及代码\K-means算法.ppt,.ppt,3446784,二进制_不可索引不可直读,Y
数学建模国赛速成资料汇总！\国赛B题必备模型+代码资料合集\国赛B题必备分类模型——K-means分类及代码\K-means算法讲解.ppt,.ppt,3323904,二进制_不可索引不可直读,Y
数学建模国赛速成资料汇总！\国赛B题必备模型+代码资料合集\国赛B题必备分类模型——K-means分类及代码\K-means算法过程示意介绍.pdf,.pdf,137528,二进制_不可索引不可直读,Y
数学建模国赛速成资料汇总！\国赛B题必备模型+代码资料合集\国赛B题必备分类模型——K-means分类及代码\K-Means聚类算法 Matlab代码.docx,.docx,15737,二进制_不可索引不可直读,Y
数学建模国赛速成资料汇总！\国赛B题必备模型+代码资料合集\国赛B题必备分类模型——K-means分类及代码\K-Means聚类算法.doc,.doc,54312,二进制_不可索引不可直读,Y
数学建模国赛速成资料汇总！\国赛B题必备模型+代码资料合集\国赛B题必备分类模型——K-means分类及代码\K-NN和K-means算法讲解.ppt,.ppt,2573824,二进制_不可索引不可直读,Y
数学建模国赛速成资料汇总！\国赛B题必备模型+代码资料合集\国赛B题必备分类模型——K-means分类及代码\Python实现 K-means聚类算法\data.txt~,.txt~,80,纯文本_扩展名未收录,Y
数学建模国赛速成资料汇总！\国赛B题必备模型+代码资料合集\国赛B题必备分类模型——K-means分类及代码\Python实现 K-means聚类算法\kmeans.pyc,.pyc,2649,二进制_不可索引不可直读,Y
数学建模国赛速成资料汇总！\国赛B题必备模型+代码资料合集\国赛B题必备分类模型——决策树分类及代码\决策树建模概述.pptx,.pptx,628194,二进制_不可索引不可直读,Y
数学建模国赛速成资料汇总！\国赛B题必备模型+代码资料合集\国赛B题必备分类模型——决策树分类及代码\决策树模型案例实例.doc,.doc,13863,二进制_不可索引不可直读,Y
数学建模国赛速成资料汇总！\国赛B题必备模型+代码资料合集\国赛B题必备分类模型——决策树分类及代码\分类基本概念决策树与模型评估.ppt,.ppt,8216576,二进制_不可索引不可直读,Y
数学建模国赛速成资料汇总！\国赛B题必备模型+代码资料合集\国赛B题必备分类模型——决策树分类及代码\基本概念、决策树与模型评价.pptx,.pptx,2699148,二进制_不可索引不可直读,Y
数学建模国赛速成资料汇总！\国赛B题必备模型+代码资料合集\国赛B题必备分类模型——决策树分类及代码\建立模型之决策树讲义.pptx,.pptx,792167,二进制_不可索引不可直读,Y
数学建模国赛速成资料汇总！\国赛B题必备模型+代码资料合集\国赛B题必备分类模型——决策树分类及代码\数学建模-决策树.ppt,.ppt,509440,二进制_不可索引不可直读,Y
数学建模国赛速成资料汇总！\国赛B题必备模型+代码资料合集\国赛B题必备分类模型——决策树分类及代码\数学建模-决策树的预测模型的Python实现.rar,.rar,25657,二进制_不可索引不可直读,Y
数学建模国赛速成资料汇总！\国赛B题必备模型+代码资料合集\国赛B题必备分类模型——决策树分类及代码\数学建模决策分析1.ppt,.ppt,499712,二进制_不可索引不可直读,Y
数学建模国赛速成资料汇总！\国赛B题必备模型+代码资料合集\国赛B题必备分类模型——决策树分类及代码\数学建模对策与决策模型.ppt,.ppt,3119616,二进制_不可索引不可直读,Y
数学建模国赛速成资料汇总！\国赛B题必备模型+代码资料合集\国赛B题必备分类模型——决策树分类及代码\数学建模对策与决策模型选读.ppt,.ppt,638978,二进制_不可索引不可直读,Y
数学建模国赛速成资料汇总！\国赛B题必备模型+代码资料合集\国赛B题必备分类模型——决策树分类及代码\决策树基本原理与应用\线性回归与决策树.pptx,.pptx,4650184,二进制_不可索引不可直读,Y
数学建模国赛速成资料汇总！\国赛B题必备模型+代码资料合集\国赛B题必备数据预处理模型——分类变量处理\数据变换——分类变量处理.pdf,.pdf,175227,二进制_不可索引不可直读,Y
数学建模国赛速成资料汇总！\国赛B题必备模型+代码资料合集\国赛B题必备数据预处理模型——异常值处理\数据预处理——异常值处理.pdf,.pdf,333522,二进制_不可索引不可直读,Y
数学建模国赛速成资料汇总！\国赛B题必备模型+代码资料合集\国赛B题必备数据预处理模型——标准化处理\数据变换——标准化变换.pdf,.pdf,243678,二进制_不可索引不可直读,Y
数学建模国赛速成资料汇总！\国赛B题必备模型+代码资料合集\国赛B题必备数据预处理模型——简单函数变换\数据变换——简单函数变换.pdf,.pdf,98372,二进制_不可索引不可直读,Y
数学建模国赛速成资料汇总！\国赛B题必备模型+代码资料合集\国赛B题必备数据预处理模型——缺失值处理\数据预处理——缺失值处理.pdf,.pdf,308111,二进制_不可索引不可直读,Y
数学建模国赛速成资料汇总！\国赛B题必备模型+代码资料合集\国赛B题必备数据预处理模型——连续变量离散化\数据变换——连续变量离散化.pdf,.pdf,158676,二进制_不可索引不可直读,Y
数学建模国赛速成资料汇总！\国赛B题必备模型+代码资料合集\国赛B题必备数据预处理模型——重复值处理\数据预处理——重复值处理.pdf,.pdf,45366,二进制_不可索引不可直读,Y
数学建模国赛速成资料汇总！\国赛B题必备模型+代码资料合集\国赛B题必备模型——图与网络模型\图与网络.pdf,.pdf,493246,二进制_不可索引不可直读,Y
数学建模国赛速成资料汇总！\国赛B题必备模型+代码资料合集\国赛B题必备模型——图与网络模型\图论算法软件Graph安装包 .rar,.rar,419470,二进制_不可索引不可直读,Y
数学建模国赛速成资料汇总！\国赛B题必备模型+代码资料合集\国赛B题必备模型——图与网络模型\MATLAB工具箱-图论工具箱\V100\参考资料\关于匈牙利算法的一个程序 - 萝卜驿站 - 歪酷博客 Ycool Blog_files\prom_files\style2.css,.css,43345,纯文本_扩展名未收录,N
数学建模国赛速成资料汇总！\国赛B题必备模型+代码资料合集\国赛B题必备模型——图与网络模型\MATLAB工具箱-图论工具箱\V300\iscircle.asv,.asv,251,纯文本_扩展名未收录,N
数学建模国赛速成资料汇总！\国赛B题必备模型+代码资料合集\国赛B题必备模型——图与网络模型\MATLAB工具箱-图论工具箱\V300\MaxFlow.asv,.asv,1219,纯文本_扩展名未收录,N
数学建模国赛速成资料汇总！\国赛B题必备模型+代码资料合集\国赛B题必备模型——图与网络模型\MATLAB工具箱-图论工具箱\V300\mccExcludedFiles.log,.log,838,纯文本_扩展名未收录,N
数学建模国赛速成资料汇总！\国赛B题必备模型+代码资料合集\国赛B题必备模型——图与网络模型\MATLAB工具箱-图论工具箱\V300\MKTPTN.MAT,.mat,20480,二进制_不可索引不可直读,N
数学建模国赛速成资料汇总！\国赛B题必备模型+代码资料合集\国赛B题必备模型——图与网络模型\MATLAB工具箱-图论工具箱\V300\MKTPTN0.MAT,.mat,20432,二进制_不可索引不可直读,N
数学建模国赛速成资料汇总！\国赛B题必备模型+代码资料合集\国赛B题必备模型——图与网络模型\MATLAB工具箱-图论工具箱\V300\Prim.asv,.asv,1034,纯文本_扩展名未收录,N
数学建模国赛速成资料汇总！\国赛B题必备模型+代码资料合集\国赛B题必备模型——图与网络模型\MATLAB工具箱-图论工具箱\V300\PRIVATE\GUIERR.MAT,.mat,1720,二进制_不可索引不可直读,N
数学建模国赛速成资料汇总！\国赛B题必备模型+代码资料合集\国赛B题必备模型——图与网络模型\MATLAB工具箱-图论工具箱\V300\PRIVATE\GUIFUN.MAT,.mat,2216,二进制_不可索引不可直读,N
数学建模国赛速成资料汇总！\国赛B题必备模型+代码资料合集\国赛B题必备模型——图与网络模型\MATLAB工具箱-图论工具箱\V300\PRIVATE\GUIMAIN.MAT,.mat,2880,二进制_不可索引不可直读,N
数学建模国赛速成资料汇总！\国赛B题必备模型+代码资料合集\国赛B题必备模型——图与网络模型\MATLAB工具箱-图论工具箱\V300\PRIVATE\GUISET.MAT,.mat,1808,二进制_不可索引不可直读,N
数学建模国赛速成资料汇总！\国赛B题必备模型+代码资料合集\国赛B题必备模型——图与网络模型\图论模型(Python 程序及数据)\Pdata10_14.xlsx,.xlsx,9867,二进制_不可索引不可直读,Y
数学建模国赛速成资料汇总！\国赛B题必备模型+代码资料合集\国赛B题必备模型——图与网络模型\图论模型(Python 程序及数据)\Pex10_5.xlsx,.xlsx,13953,二进制_不可索引不可直读,Y
数学建模国赛速成资料汇总！\国赛B题必备模型+代码资料合集\国赛B题必备模型——图与网络模型\图论模型基本原理及案例分享\数模常规算法之图论算法.pptx,.pptx,2379780,二进制_不可索引不可直读,Y
数学建模国赛速成资料汇总！\国赛B题必备模型+代码资料合集\国赛B题必备模型——图与网络模型\图论算法软件【公众号：数学建模老哥】\help.chm,.chm,47231,二进制_不可索引不可直读,Y
数学建模国赛速成资料汇总！\国赛B题必备模型+代码资料合集\国赛B题必备模型——图与网络模型\数学建模常用十大算法——图论\灾情巡查.ppt,.ppt,3162112,二进制_不可索引不可直读,Y
数学建模国赛速成资料汇总！\国赛B题必备模型+代码资料合集\国赛B题必备模型——图与网络模型\数学建模常用十大算法——图论\哈密尔顿回路\TSP模拟退火\cost.mat,.mat,22672,二进制_不可索引不可直读,N
数学建模国赛速成资料汇总！\国赛B题必备模型+代码资料合集\国赛B题必备模型——精美绘图Matlab代码\数学建模--MATLAB作图.ppt,.ppt,900608,二进制_不可索引不可直读,Y
数学建模国赛速成资料汇总！\国赛B题必备模型+代码资料合集\国赛B题必备模型——精美绘图Matlab代码\数学建模精美绘图 Matlab.ppt,.ppt,2187776,二进制_不可索引不可直读,Y
数学建模国赛速成资料汇总！\国赛B题必备模型+代码资料合集\国赛B题必备模型——精美绘图Matlab代码\高质量美赛精美绘图实战解析课.pdf,.pdf,5836464,二进制_不可索引不可直读,Y
数学建模国赛速成资料汇总！\国赛B题必备模型+代码资料合集\国赛B题必备模型——精美绘图Matlab代码\Matlab数学建模精美绘图资料\Matlab数学建模精美绘图代码解析课件.pptx,.pptx,1545101,二进制_不可索引不可直读,Y
数学建模国赛速成资料汇总！\国赛B题必备模型+代码资料合集\国赛B题必备模型——精美绘图Matlab代码\Matlab数学建模精美绘图资料\Matlab数学建模精美绘图代码解析资料(1)\画图更新07_29\color_cell.mat,.mat,1059,二进制_不可索引不可直读,N
数学建模国赛速成资料汇总！\国赛B题必备模型+代码资料合集\国赛B题必备模型——精美绘图Matlab代码\Matlab数学建模精美绘图资料\Matlab数学建模精美绘图代码解析资料(1)\画图更新07_29\color_list.mat,.mat,2202,二进制_不可索引不可直读,N
数学建模国赛速成资料汇总！\国赛B题必备模型+代码资料合集\国赛B题必备模型——精美绘图Matlab代码\Matlab数学建模精美绘图资料\Matlab数学建模精美绘图代码解析资料(1)\画图更新07_29\figure_youwant.p,.p,1582,二进制_不可索引不可直读,N
数学建模国赛速成资料汇总！\国赛B题必备模型+代码资料合集\国赛B题必备模型——精美绘图Matlab代码\Matlab数学建模精美绘图资料\Matlab数学建模精美绘图代码解析资料(1)\画图更新07_29\复现SCI柱状图数据.mat,.mat,186,二进制_不可索引不可直读,N
数学建模国赛速成资料汇总！\国赛B题必备模型+代码资料合集\国赛B题必备模型——精美绘图Matlab代码\Matlab数学建模精美绘图资料\Matlab数学建模精美绘图代码解析资料(1)\画图更新07_29\折线图复现数据.mat,.mat,394,二进制_不可索引不可直读,N
数学建模国赛速成资料汇总！\国赛B题必备模型+代码资料合集\国赛B题必备模型——精美绘图Matlab代码\Matlab数学建模精美绘图资料\Matlab数学建模精美绘图代码解析资料(1)\画图更新07_29\数据3.xlsx,.xlsx,9930,二进制_不可索引不可直读,N
数学建模国赛速成资料汇总！\国赛B题必备模型+代码资料合集\国赛B题必备模型——精美绘图Matlab代码\Matlab数学建模精美绘图资料\Matlab数学建模精美绘图代码解析资料(1)\画图更新07_29\数据4.xlsx,.xlsx,8943,二进制_不可索引不可直读,N
数学建模国赛速成资料汇总！\国赛B题必备模型+代码资料合集\国赛B题必备模型——精美绘图Matlab代码\Matlab数学建模精美绘图资料\Matlab数学建模精美绘图代码解析资料(1)\画图更新07_29\示例数据1.xlsx,.xlsx,18385,二进制_不可索引不可直读,N
数学建模国赛速成资料汇总！\国赛B题必备模型+代码资料合集\国赛B题必备模型——精美绘图Matlab代码\Matlab数学建模精美绘图资料\Matlab数学建模精美绘图代码解析资料(1)\画图更新07_29\示例数据2.mat,.mat,250,二进制_不可索引不可直读,N
数学建模国赛速成资料汇总！\国赛B题必备模型+代码资料合集\国赛B题必备模型——精美绘图Matlab代码\Matlab数学建模精美绘图资料\Matlab数学建模精美绘图代码解析资料(1)\画图更新07_29\示例数据3.mat,.mat,260,二进制_不可索引不可直读,N
数学建模国赛速成资料汇总！\国赛B题必备模型+代码资料合集\国赛B题必备模型——精美绘图Matlab代码\Matlab数学建模精美绘图资料\Matlab数学建模精美绘图代码解析资料(1)\画图更新07_29\子块1\fenduan1_picture_plot.p,.p,8755,二进制_不可索引不可直读,N
数学建模国赛速成资料汇总！\国赛B题必备模型+代码资料合集\国赛B题必备模型——精美绘图Matlab代码\Matlab数学建模精美绘图资料\Matlab数学建模精美绘图代码解析资料(1)\画图更新07_29\子块1\picture_plot.p,.p,9023,二进制_不可索引不可直读,N
数学建模国赛速成资料汇总！\国赛B题必备模型+代码资料合集\国赛B题必备模型——精美绘图Matlab代码\Matlab数学建模精美绘图资料\Matlab数学建模精美绘图代码解析资料(1)\画图更新07_29\子块1\reli_plot.p,.p,6363,二进制_不可索引不可直读,N
数学建模国赛速成资料汇总！\国赛B题必备模型+代码资料合集\国赛B题必备模型——精美绘图Matlab代码\Matlab数学建模精美绘图资料\Matlab数学建模精美绘图代码解析资料(1)\画图更新07_29\子块1\sanwei_qumian_plot.p,.p,10001,二进制_不可索引不可直读,N
数学建模国赛速成资料汇总！\国赛B题必备模型+代码资料合集\国赛B题必备模型——精美绘图Matlab代码\Matlab数学建模精美绘图资料\Matlab数学建模精美绘图代码解析资料(1)\画图更新07_29\子块1\sanwei_zhuzuang_plot.p,.p,7594,二进制_不可索引不可直读,N
数学建模国赛速成资料汇总！\国赛B题必备模型+代码资料合集\国赛B题必备模型——精美绘图Matlab代码\Matlab数学建模精美绘图资料\Matlab数学建模精美绘图代码解析资料(1)\画图更新07_29\子块1\shuiping_zhuzuang_plot.p,.p,7712,二进制_不可索引不可直读,N
数学建模国赛速成资料汇总！\国赛B题必备模型+代码资料合集\国赛B题必备模型——精美绘图Matlab代码\Matlab数学建模精美绘图资料\Matlab数学建模精美绘图代码解析资料(1)\画图更新07_29\子块1\shungY_picture_plot.p,.p,10399,二进制_不可索引不可直读,N
数学建模国赛速成资料汇总！\国赛B题必备模型+代码资料合集\国赛B题必备模型——精美绘图Matlab代码\Matlab数学建模精美绘图资料\Matlab数学建模精美绘图代码解析资料(1)\画图更新07_29\子块1\tongji_picture_plot.p,.p,8193,二进制_不可索引不可直读,N
数学建模国赛速成资料汇总！\国赛B题必备模型+代码资料合集\国赛B题必备模型——精美绘图Matlab代码\Matlab数学建模精美绘图资料\Matlab数学建模精美绘图代码解析资料(1)\画图更新07_29\子块1\zhuzuang_plot.p,.p,7366,二进制_不可索引不可直读,N
数学建模国赛速成资料汇总！\国赛B题必备模型+代码资料合集\国赛B题必备模型——精美绘图Matlab代码\Matlab数学建模精美绘图资料\Matlab数学建模精美绘图代码解析资料(1)\画图更新07_29\数据\三维曲面图测试数据.mat,.mat,2084,二进制_不可索引不可直读,N
数学建模国赛速成资料汇总！\国赛B题必备模型+代码资料合集\国赛B题必备模型——精美绘图Matlab代码\Matlab数学建模精美绘图资料\Matlab数学建模精美绘图代码解析资料(1)\画图更新07_29\数据\分段折线_面积图测试数据.mat,.mat,1594,二进制_不可索引不可直读,N
数学建模国赛速成资料汇总！\国赛B题必备模型+代码资料合集\国赛B题必备模型——精美绘图Matlab代码\Matlab数学建模精美绘图资料\Matlab数学建模精美绘图代码解析资料(1)\画图更新07_29\数据\分段折线测试数据.xlsx,.xlsx,10801,二进制_不可索引不可直读,N
数学建模国赛速成资料汇总！\国赛B题必备模型+代码资料合集\国赛B题必备模型——精美绘图Matlab代码\Matlab数学建模精美绘图资料\Matlab数学建模精美绘图代码解析资料(1)\画图更新07_29\数据\双Y轴测试数据.mat,.mat,681,二进制_不可索引不可直读,N
数学建模国赛速成资料汇总！\国赛B题必备模型+代码资料合集\国赛B题必备模型——精美绘图Matlab代码\Matlab数学建模精美绘图资料\Matlab数学建模精美绘图代码解析资料(1)\画图更新07_29\数据\折线图测试数据.mat,.mat,590,二进制_不可索引不可直读,N
数学建模国赛速成资料汇总！\国赛B题必备模型+代码资料合集\国赛B题必备模型——精美绘图Matlab代码\Matlab数学建模精美绘图资料\Matlab数学建模精美绘图代码解析资料(1)\画图更新07_29\数据\柱状图测试数据.mat,.mat,412,二进制_不可索引不可直读,N
数学建模国赛速成资料汇总！\国赛B题必备模型+代码资料合集\国赛B题必备模型——精美绘图Matlab代码\Matlab数学建模精美绘图资料\Matlab数学建模精美绘图代码解析资料(1)\画图更新07_29\数据\热力图测试数据.mat,.mat,9217,二进制_不可索引不可直读,N
数学建模国赛速成资料汇总！\国赛B题必备模型+代码资料合集\国赛B题必备模型——精美绘图Matlab代码\Matlab数学建模精美绘图资料\Matlab数学建模精美绘图代码解析资料(1)\画图更新07_29\数据\统计图测试数据.mat,.mat,822,二进制_不可索引不可直读,N
数学建模国赛速成资料汇总！\国赛B题必备模型+代码资料合集\国赛B题必备模型——精美绘图Matlab代码\Matlab数学建模精美绘图资料\Matlab数学建模精美绘图代码解析资料(1)\画图更新07_29\数据\统计图测试数据.xlsx,.xlsx,9332,二进制_不可索引不可直读,N
数学建模国赛速成资料汇总！\国赛B题必备模型+代码资料合集\国赛B题必备模型——精美绘图Matlab代码\Visio制作神经网络结构图资料\CNN CNN卷积神经网络 .vsdx,.vsdx,137285,二进制_不可索引不可直读,Y
数学建模国赛速成资料汇总！\国赛B题必备模型+代码资料合集\国赛B题必备模型——精美绘图Matlab代码\Visio制作神经网络结构图资料\CNN卷积神经网络经典结构图 .vsdx,.vsdx,81325,二进制_不可索引不可直读,Y
数学建模国赛速成资料汇总！\国赛B题必备模型+代码资料合集\国赛B题必备模型——精美绘图Matlab代码\Visio制作神经网络结构图资料\CNN卷积神经网络经典结构图2 .vsdx,.vsdx,53529,二进制_不可索引不可直读,Y
数学建模国赛速成资料汇总！\国赛B题必备模型+代码资料合集\国赛B题必备模型——精美绘图Matlab代码\Visio制作神经网络结构图资料\CNN卷积神经网络经典结构图3 .vsdx,.vsdx,138619,二进制_不可索引不可直读,Y
数学建模国赛速成资料汇总！\国赛B题必备模型+代码资料合集\国赛B题必备模型——精美绘图Matlab代码\Visio制作神经网络结构图资料\多层感知器模型结构图模板 .vsdx,.vsdx,80403,二进制_不可索引不可直读,Y
数学建模国赛速成资料汇总！\国赛B题必备模型+代码资料合集\国赛B题必备模型——精美绘图Matlab代码\Visio制作神经网络结构图资料\完整的VISIO教程 .ppt,.ppt,2706432,二进制_不可索引不可直读,Y
数学建模国赛速成资料汇总！\国赛B题必备模型+代码资料合集\国赛B题必备模型——精美绘图Matlab代码\Visio制作神经网络结构图资料\数学建模流程图经典模板 .vsdx,.vsdx,31384,二进制_不可索引不可直读,Y
数学建模国赛速成资料汇总！\国赛B题必备模型+代码资料合集\国赛B题必备模型——精美绘图Matlab代码\Visio制作神经网络结构图资料\数学建模流程图经典模板2 .vsdx,.vsdx,58483,二进制_不可索引不可直读,Y
数学建模国赛速成资料汇总！\国赛B题必备模型+代码资料合集\国赛B题必备模型——精美绘图Matlab代码\Visio制作神经网络结构图资料\深度学习结构图模板 .vsdx,.vsdx,338340,二进制_不可索引不可直读,Y
数学建模国赛速成资料汇总！\国赛B题必备模型+代码资料合集\国赛B题必备模型——精美绘图Matlab代码\Visio制作神经网络结构图资料\神经网络结构图模板 .vsdx,.vsdx,36802,二进制_不可索引不可直读,Y
数学建模国赛速成资料汇总！\国赛B题必备模型+代码资料合集\国赛B题必备模型——精美绘图Matlab代码\Visio制作神经网络结构图资料\visio最全模板\visio最全模板\visio模板（非常实用）\visio模板（非常实用）(1).lnk,.lnk,1007,二进制_不可索引不可直读,N
数学建模国赛速成资料汇总！\国赛B题必备模型+代码资料合集\国赛B题必备模型——精美绘图Matlab代码\Visio制作神经网络结构图资料\visio最全模板\visio最全模板\visio模板（非常实用）\网络拓扑图库整理.ppt,.ppt,876544,二进制_不可索引不可直读,N
数学建模国赛速成资料汇总！\国赛B题必备模型+代码资料合集\国赛B题必备模型——精美绘图Matlab代码\Visio制作神经网络结构图资料\visio最全模板\visio最全模板\visio模板（非常实用）\Visio 3COM网络设备2D模板\Visio 3COM网络设备2D模板\3Com Firewall (US units).vss,.vss,81408,二进制_不可索引不可直读,N
数学建模国赛速成资料汇总！\国赛B题必备模型+代码资料合集\国赛B题必备模型——精美绘图Matlab代码\Visio制作神经网络结构图资料\visio最全模板\visio最全模板\visio模板（非常实用）\Visio 3COM网络设备2D模板\Visio 3COM网络设备2D模板\3Com Router 5000 Series (US units).vss,.vss,640512,二进制_不可索引不可直读,N
数学建模国赛速成资料汇总！\国赛B题必备模型+代码资料合集\国赛B题必备模型——精美绘图Matlab代码\Visio制作神经网络结构图资料\visio最全模板\visio最全模板\visio模板（非常实用）\Visio 3COM网络设备2D模板\Visio 3COM网络设备2D模板\3Com Security Switch (US units).vss,.vss,226304,二进制_不可索引不可直读,N
数学建模国赛速成资料汇总！\国赛B题必备模型+代码资料合集\国赛B题必备模型——精美绘图Matlab代码\Visio制作神经网络结构图资料\visio最全模板\visio最全模板\visio模板（非常实用）\Visio 3COM网络设备2D模板\Visio 3COM网络设备2D模板\3Com SuperStack III (US units).vss,.vss,2118144,二进制_不可索引不可直读,N
数学建模国赛速成资料汇总！\国赛B题必备模型+代码资料合集\国赛B题必备模型——精美绘图Matlab代码\Visio制作神经网络结构图资料\visio最全模板\visio最全模板\visio模板（非常实用）\Visio APC电源设备2D模板\Visio APC电源设备2D模板\APC Smart UPS (US units).vss,.vss,5860864,二进制_不可索引不可直读,N
数学建模国赛速成资料汇总！\国赛B题必备模型+代码资料合集\国赛B题必备模型——精美绘图Matlab代码\Visio制作神经网络结构图资料\visio最全模板\visio最全模板\visio模板（非常实用）\Visio Cisco交换机3D模板\Visio Cisco交换机3D模板\Cisco-3D.vss,.vss,266240,二进制_不可索引不可直读,N
数学建模国赛速成资料汇总！\国赛B题必备模型+代码资料合集\国赛B题必备模型——精美绘图Matlab代码\Visio制作神经网络结构图资料\visio最全模板\visio最全模板\visio模板（非常实用）\Visio Cisco网络设备2D模板[全部]\Visio Cisco网络设备2D模板[全部]\Access Server-AS5300.vss,.vss,633856,二进制_不可索引不可直读,N
数学建模国赛速成资料汇总！\国赛B题必备模型+代码资料合集\国赛B题必备模型——精美绘图Matlab代码\Visio制作神经网络结构图资料\visio最全模板\visio最全模板\visio模板（非常实用）\Visio Cisco网络设备2D模板[全部]\Visio Cisco网络设备2D模板[全部]\Access Server-AS5400.vss,.vss,253952,二进制_不可索引不可直读,N
数学建模国赛速成资料汇总！\国赛B题必备模型+代码资料合集\国赛B题必备模型——精美绘图Matlab代码\Visio制作神经网络结构图资料\visio最全模板\visio最全模板\visio模板（非常实用）\Visio Cisco网络设备2D模板[全部]\Visio Cisco网络设备2D模板[全部]\Access Server-AS5800.vss,.vss,462848,二进制_不可索引不可直读,N
数学建模国赛速成资料汇总！\国赛B题必备模型+代码资料合集\国赛B题必备模型——精美绘图Matlab代码\Visio制作神经网络结构图资料\visio最全模板\visio最全模板\visio模板（非常实用）\Visio Cisco网络设备2D模板[全部]\Visio Cisco网络设备2D模板[全部]\Aironet 1410.vss,.vss,51200,二进制_不可索引不可直读,N
数学建模国赛速成资料汇总！\国赛B题必备模型+代码资料合集\国赛B题必备模型——精美绘图Matlab代码\Visio制作神经网络结构图资料\visio最全模板\visio最全模板\visio模板（非常实用）\Visio Cisco网络设备2D模板[全部]\Visio Cisco网络设备2D模板[全部]\Cable Products-ubr 10012.9.04.vss,.vss,512000,二进制_不可索引不可直读,N
数学建模国赛速成资料汇总！\国赛B题必备模型+代码资料合集\国赛B题必备模型——精美绘图Matlab代码\Visio制作神经网络结构图资料\visio最全模板\visio最全模板\visio模板（非常实用）\Visio Cisco网络设备2D模板[全部]\Visio Cisco网络设备2D模板[全部]\Catalyst 2970.9.04.vss,.vss,104960,二进制_不可索引不可直读,N
数学建模国赛速成资料汇总！\国赛B题必备模型+代码资料合集\国赛B题必备模型——精美绘图Matlab代码\Visio制作神经网络结构图资料\visio最全模板\visio最全模板\visio模板（非常实用）\Visio Cisco网络设备2D模板[全部]\Visio Cisco网络设备2D模板[全部]\Catalyst 4500.vss,.vss,89600,二进制_不可索引不可直读,N
数学建模国赛速成资料汇总！\国赛B题必备模型+代码资料合集\国赛B题必备模型——精美绘图Matlab代码\Visio制作神经网络结构图资料\visio最全模板\visio最全模板\visio模板（非常实用）\Visio Cisco网络设备2D模板[全部]\Visio Cisco网络设备2D模板[全部]\Cisco 15530.3.05.vss,.vss,560128,二进制_不可索引不可直读,N
数学建模国赛速成资料汇总！\国赛B题必备模型+代码资料合集\国赛B题必备模型——精美绘图Matlab代码\Visio制作神经网络结构图资料\visio最全模板\visio最全模板\visio模板（非常实用）\Visio Cisco网络设备2D模板[全部]\Visio Cisco网络设备2D模板[全部]\Cisco 15600.vss,.vss,178688,二进制_不可索引不可直读,N
数学建模国赛速成资料汇总！\国赛B题必备模型+代码资料合集\国赛B题必备模型——精美绘图Matlab代码\Visio制作神经网络结构图资料\visio最全模板\visio最全模板\visio模板（非常实用）\Visio Cisco网络设备2D模板[全部]\Visio Cisco网络设备2D模板[全部]\Cisco PIX (US units).vss,.vss,870912,二进制_不可索引不可直读,N
数学建模国赛速成资料汇总！\国赛B题必备模型+代码资料合集\国赛B题必备模型——精美绘图Matlab代码\Visio制作神经网络结构图资料\visio最全模板\visio最全模板\visio模板（非常实用）\Visio Cisco网络设备2D模板[全部]\Visio Cisco网络设备2D模板[全部]\Cisco Routers.3800.11.29.04.vss,.vss,155136,二进制_不可索引不可直读,N
数学建模国赛速成资料汇总！\国赛B题必备模型+代码资料合集\国赛B题必备模型——精美绘图Matlab代码\Visio制作神经网络结构图资料\visio最全模板\visio最全模板\visio模板（非常实用）\Visio Cisco网络设备2D模板[全部]\Visio Cisco网络设备2D模板[全部]\Cisco Systems 2600 (US units).vss,.vss,844800,二进制_不可索引不可直读,N
数学建模国赛速成资料汇总！\国赛B题必备模型+代码资料合集\国赛B题必备模型——精美绘图Matlab代码\Visio制作神经网络结构图资料\visio最全模板\visio最全模板\visio模板（非常实用）\Visio Cisco网络设备2D模板[全部]\Visio Cisco网络设备2D模板[全部]\Cisco Systems Aironet (US units).vss,.vss,733184,二进制_不可索引不可直读,N
数学建模国赛速成资料汇总！\国赛B题必备模型+代码资料合集\国赛B题必备模型——精美绘图Matlab代码\Visio制作神经网络结构图资料\visio最全模板\visio最全模板\visio模板（非常实用）\Visio Cisco网络设备2D模板[全部]\Visio Cisco网络设备2D模板[全部]\Cisco Systems Catalyst 2950 (US units).vss,.vss,1074688,二进制_不可索引不可直读,N
数学建模国赛速成资料汇总！\国赛B题必备模型+代码资料合集\国赛B题必备模型——精美绘图Matlab代码\Visio制作神经网络结构图资料\visio最全模板\visio最全模板\visio模板（非常实用）\Visio Cisco网络设备2D模板[全部]\Visio Cisco网络设备2D模板[全部]\Cisco Systems Catalyst 3550 (US units).vss,.vss,500224,二进制_不可索引不可直读,N
数学建模国赛速成资料汇总！\国赛B题必备模型+代码资料合集\国赛B题必备模型——精美绘图Matlab代码\Visio制作神经网络结构图资料\visio最全模板\visio最全模板\visio模板（非常实用）\Visio Cisco网络设备2D模板[全部]\Visio Cisco网络设备2D模板[全部]\Cisco VG 224 Analog Phone Gateway.6.7.04.vss,.vss,99328,二进制_不可索引不可直读,N
数学建模国赛速成资料汇总！\国赛B题必备模型+代码资料合集\国赛B题必备模型——精美绘图Matlab代码\Visio制作神经网络结构图资料\visio最全模板\visio最全模板\visio模板（非常实用）\Visio Cisco网络设备2D模板[全部]\Visio Cisco网络设备2D模板[全部]\Cisco-8540.vss,.vss,864256,二进制_不可索引不可直读,N
数学建模国赛速成资料汇总！\国赛B题必备模型+代码资料合集\国赛B题必备模型——精美绘图Matlab代码\Visio制作神经网络结构图资料\visio最全模板\visio最全模板\visio模板（非常实用）\Visio Cisco网络设备2D模板[全部]\Visio Cisco网络设备2D模板[全部]\Cisco-SAN.vss,.vss,3372032,二进制_不可索引不可直读,N
数学建模国赛速成资料汇总！\国赛B题必备模型+代码资料合集\国赛B题必备模型——精美绘图Matlab代码\Visio制作神经网络结构图资料\visio最全模板\visio最全模板\visio模板（非常实用）\Visio Cisco网络设备2D模板[全部]\Visio Cisco网络设备2D模板[全部]\CSS 11500.vss,.vss,324096,二进制_不可索引不可直读,N
数学建模国赛速成资料汇总！\国赛B题必备模型+代码资料合集\国赛B题必备模型——精美绘图Matlab代码\Visio制作神经网络结构图资料\visio最全模板\visio最全模板\visio模板（非常实用）\Visio Cisco网络设备2D模板[全部]\Visio Cisco网络设备2D模板[全部]\Integrated Access Devices - Cisco  IAD 2400.6.7.04.vss,.vss,574976,二进制_不可索引不可直读,N
数学建模国赛速成资料汇总！\国赛B题必备模型+代码资料合集\国赛B题必备模型——精美绘图Matlab代码\Visio制作神经网络结构图资料\visio最全模板\visio最全模板\visio模板（非常实用）\Visio Cisco网络设备2D模板[全部]\Visio Cisco网络设备2D模板[全部]\Interfaces and Modules - Port Adaptors.10.04.vss,.vss,966656,二进制_不可索引不可直读,N
数学建模国赛速成资料汇总！\国赛B题必备模型+代码资料合集\国赛B题必备模型——精美绘图Matlab代码\Visio制作神经网络结构图资料\visio最全模板\visio最全模板\visio模板（非常实用）\Visio Cisco网络设备2D模板[全部]\Visio Cisco网络设备2D模板[全部]\IP Phone - IP Telephone.5.04.vss,.vss,762368,二进制_不可索引不可直读,N
数学建模国赛速成资料汇总！\国赛B题必备模型+代码资料合集\国赛B题必备模型——精美绘图Matlab代码\Visio制作神经网络结构图资料\visio最全模板\visio最全模板\visio模板（非常实用）\Visio Cisco网络设备2D模板[全部]\Visio Cisco网络设备2D模板[全部]\Mds 9120.vss,.vss,194048,二进制_不可索引不可直读,N
数学建模国赛速成资料汇总！\国赛B题必备模型+代码资料合集\国赛B题必备模型——精美绘图Matlab代码\Visio制作神经网络结构图资料\visio最全模板\visio最全模板\visio模板（非常实用）\Visio Cisco网络设备2D模板[全部]\Visio Cisco网络设备2D模板[全部]\Modules-Network Modules.8.21.03.vss,.vss,1683456,二进制_不可索引不可直读,N
数学建模国赛速成资料汇总！\国赛B题必备模型+代码资料合集\国赛B题必备模型——精美绘图Matlab代码\Visio制作神经网络结构图资料\visio最全模板\visio最全模板\visio模板（非常实用）\Visio Cisco网络设备2D模板[全部]\Visio Cisco网络设备2D模板[全部]\Modules-WICs.4.7.05.vss,.vss,131584,二进制_不可索引不可直读,N
数学建模国赛速成资料汇总！\国赛B题必备模型+代码资料合集\国赛B题必备模型——精美绘图Matlab代码\Visio制作神经网络结构图资料\visio最全模板\visio最全模板\visio模板（非常实用）\Visio Cisco网络设备2D模板[全部]\Visio Cisco网络设备2D模板[全部]\ONS 15302.vss,.vss,62464,二进制_不可索引不可直读,N
数学建模国赛速成资料汇总！\国赛B题必备模型+代码资料合集\国赛B题必备模型——精美绘图Matlab代码\Visio制作神经网络结构图资料\visio最全模板\visio最全模板\visio模板（非常实用）\Visio Cisco网络设备2D模板[全部]\Visio Cisco网络设备2D模板[全部]\ONS15216.vss,.vss,778752,二进制_不可索引不可直读,N
数学建模国赛速成资料汇总！\国赛B题必备模型+代码资料合集\国赛B题必备模型——精美绘图Matlab代码\Visio制作神经网络结构图资料\visio最全模板\visio最全模板\visio模板（非常实用）\Visio Cisco网络设备2D模板[全部]\Visio Cisco网络设备2D模板[全部]\Optical Networking - Cisco ONS 15305.4.7.05.vss,.vss,258048,二进制_不可索引不可直读,N
数学建模国赛速成资料汇总！\国赛B题必备模型+代码资料合集\国赛B题必备模型——精美绘图Matlab代码\Visio制作神经网络结构图资料\visio最全模板\visio最全模板\visio模板（非常实用）\Visio Cisco网络设备2D模板[全部]\Visio Cisco网络设备2D模板[全部]\Optical Networking-Cisco Metro 1500.vss,.vss,437760,二进制_不可索引不可直读,N
数学建模国赛速成资料汇总！\国赛B题必备模型+代码资料合集\国赛B题必备模型——精美绘图Matlab代码\Visio制作神经网络结构图资料\visio最全模板\visio最全模板\visio模板（非常实用）\Visio Cisco网络设备2D模板[全部]\Visio Cisco网络设备2D模板[全部]\RFSwitch.2.2.04.vss,.vss,434176,二进制_不可索引不可直读,N
数学建模国赛速成资料汇总！\国赛B题必备模型+代码资料合集\国赛B题必备模型——精美绘图Matlab代码\Visio制作神经网络结构图资料\visio最全模板\visio最全模板\visio模板（非常实用）\Visio Cisco网络设备2D模板[全部]\Visio Cisco网络设备2D模板[全部]\Routers - Cisco 2800.12.3.04.vss,.vss,249344,二进制_不可索引不可直读,N
数学建模国赛速成资料汇总！\国赛B题必备模型+代码资料合集\国赛B题必备模型——精美绘图Matlab代码\Visio制作神经网络结构图资料\visio最全模板\visio最全模板\visio模板（非常实用）\Visio Cisco网络设备2D模板[全部]\Visio Cisco网络设备2D模板[全部]\Routers - Cisco7200.10.04.vss,.vss,332288,二进制_不可索引不可直读,N
数学建模国赛速成资料汇总！\国赛B题必备模型+代码资料合集\国赛B题必备模型——精美绘图Matlab代码\Visio制作神经网络结构图资料\visio最全模板\visio最全模板\visio模板（非常实用）\Visio Cisco网络设备2D模板[全部]\Visio Cisco网络设备2D模板[全部]\Routers-Cisco 12000.3.3.03.vss,.vss,2873856,二进制_不可索引不可直读,N
数学建模国赛速成资料汇总！\国赛B题必备模型+代码资料合集\国赛B题必备模型——精美绘图Matlab代码\Visio制作神经网络结构图资料\visio最全模板\visio最全模板\visio模板（非常实用）\Visio Cisco网络设备2D模板[全部]\Visio Cisco网络设备2D模板[全部]\Routers-Cisco 3600.2.26.03.vss,.vss,380928,二进制_不可索引不可直读,N
数学建模国赛速成资料汇总！\国赛B题必备模型+代码资料合集\国赛B题必备模型——精美绘图Matlab代码\Visio制作神经网络结构图资料\visio最全模板\visio最全模板\visio模板（非常实用）\Visio Cisco网络设备2D模板[全部]\Visio Cisco网络设备2D模板[全部]\Routers-Cisco 7600.2.26.03.vss,.vss,391680,二进制_不可索引不可直读,N
数学建模国赛速成资料汇总！\国赛B题必备模型+代码资料合集\国赛B题必备模型——精美绘图Matlab代码\Visio制作神经网络结构图资料\visio最全模板\visio最全模板\visio模板（非常实用）\Visio Cisco网络设备2D模板[全部]\Visio Cisco网络设备2D模板[全部]\Routers-Cisco CRS-1.01.26.05.vss,.vss,92672,二进制_不可索引不可直读,N
数学建模国赛速成资料汇总！\国赛B题必备模型+代码资料合集\国赛B题必备模型——精美绘图Matlab代码\Visio制作神经网络结构图资料\visio最全模板\visio最全模板\visio模板（非常实用）\Visio Cisco网络设备2D模板[全部]\Visio Cisco网络设备2D模板[全部]\Routers-Cisco8500.vss,.vss,633344,二进制_不可索引不可直读,N
数学建模国赛速成资料汇总！\国赛B题必备模型+代码资料合集\国赛B题必备模型——精美绘图Matlab代码\Visio制作神经网络结构图资料\visio最全模板\visio最全模板\visio模板（非常实用）\Visio Cisco网络设备2D模板[全部]\Visio Cisco网络设备2D模板[全部]\Security - Cisco Pix.vss,.vss,242176,二进制_不可索引不可直读,N
数学建模国赛速成资料汇总！\国赛B题必备模型+代码资料合集\国赛B题必备模型——精美绘图Matlab代码\Visio制作神经网络结构图资料\visio最全模板\visio最全模板\visio模板（非常实用）\Visio Cisco网络设备2D模板[全部]\Visio Cisco网络设备2D模板[全部]\Security-Cisco VPN.2.26.03.vss,.vss,320512,二进制_不可索引不可直读,N
数学建模国赛速成资料汇总！\国赛B题必备模型+代码资料合集\国赛B题必备模型——精美绘图Matlab代码\Visio制作神经网络结构图资料\visio最全模板\visio最全模板\visio模板（非常实用）\Visio Cisco网络设备2D模板[全部]\Visio Cisco网络设备2D模板[全部]\SN5428-2.vss,.vss,55296,二进制_不可索引不可直读,N
数学建模国赛速成资料汇总！\国赛B题必备模型+代码资料合集\国赛B题必备模型——精美绘图Matlab代码\Visio制作神经网络结构图资料\visio最全模板\visio最全模板\visio模板（非常实用）\Visio Cisco网络设备2D模板[全部]\Visio Cisco网络设备2D模板[全部]\Switches - Catalyst 2900.6.7.04.vss,.vss,206336,二进制_不可索引不可直读,N
数学建模国赛速成资料汇总！\国赛B题必备模型+代码资料合集\国赛B题必备模型——精美绘图Matlab代码\Visio制作神经网络结构图资料\visio最全模板\visio最全模板\visio模板（非常实用）\Visio Cisco网络设备2D模板[全部]\Visio Cisco网络设备2D模板[全部]\Switches - Catalyst 6500.12.3.04.vss,.vss,473600,二进制_不可索引不可直读,N
数学建模国赛速成资料汇总！\国赛B题必备模型+代码资料合集\国赛B题必备模型——精美绘图Matlab代码\Visio制作神经网络结构图资料\visio最全模板\visio最全模板\visio模板（非常实用）\Visio Cisco网络设备2D模板[全部]\Visio Cisco网络设备2D模板[全部]\Switches - Global Site Selector 4490.6.7.04.vss,.vss,97280,二进制_不可索引不可直读,N
数学建模国赛速成资料汇总！\国赛B题必备模型+代码资料合集\国赛B题必备模型——精美绘图Matlab代码\Visio制作神经网络结构图资料\visio最全模板\visio最全模板\visio模板（非常实用）\Visio Cisco网络设备2D模板[全部]\Visio Cisco网络设备2D模板[全部]\Switches - IGX8400 Series Switches.5.04.vss,.vss,23040,二进制_不可索引不可直读,N
数学建模国赛速成资料汇总！\国赛B题必备模型+代码资料合集\国赛B题必备模型——精美绘图Matlab代码\Visio制作神经网络结构图资料\visio最全模板\visio最全模板\visio模板（非常实用）\Visio Cisco网络设备2D模板[全部]\Visio Cisco网络设备2D模板[全部]\Switches-Catalyst 4500.12.3.04.vss,.vss,179712,二进制_不可索引不可直读,N
数学建模国赛速成资料汇总！\国赛B题必备模型+代码资料合集\国赛B题必备模型——精美绘图Matlab代码\Visio制作神经网络结构图资料\visio最全模板\visio最全模板\visio模板（非常实用）\Visio Cisco网络设备2D模板[全部]\Visio Cisco网络设备2D模板[全部]\Swithces-Catalyst 2950.3.28.05.vss,.vss,525824,二进制_不可索引不可直读,N
数学建模国赛速成资料汇总！\国赛B题必备模型+代码资料合集\国赛B题必备模型——精美绘图Matlab代码\Visio制作神经网络结构图资料\visio最全模板\visio最全模板\visio模板（非常实用）\Visio Cisco网络设备2D模板[全部]\Visio Cisco网络设备2D模板[全部]\Swithces-Catalyst 6000.3.3.03.vss,.vss,803328,二进制_不可索引不可直读,N
数学建模国赛速成资料汇总！\国赛B题必备模型+代码资料合集\国赛B题必备模型——精美绘图Matlab代码\Visio制作神经网络结构图资料\visio最全模板\visio最全模板\visio模板（非常实用）\Visio Cisco网络设备2D模板[全部]\Visio Cisco网络设备2D模板[全部]\uMG9820.vss,.vss,39936,二进制_不可索引不可直读,N
数学建模国赛速成资料汇总！\国赛B题必备模型+代码资料合集\国赛B题必备模型——精美绘图Matlab代码\Visio制作神经网络结构图资料\visio最全模板\visio最全模板\visio模板（非常实用）\Visio Cisco网络设备2D模板[全部]\Visio Cisco网络设备2D模板[全部]\Voice Gateway-Cisco 248.3.3.03.vss,.vss,75776,二进制_不可索引不可直读,N
数学建模国赛速成资料汇总！\国赛B题必备模型+代码资料合集\国赛B题必备模型——精美绘图Matlab代码\Visio制作神经网络结构图资料\visio最全模板\visio最全模板\visio模板（非常实用）\Visio Cisco网络设备2D模板[全部]\Visio Cisco网络设备2D模板[全部]\Wireless Aironet.3.3.03.vss,.vss,112640,二进制_不可索引不可直读,N
数学建模国赛速成资料汇总！\国赛B题必备模型+代码资料合集\国赛B题必备模型——精美绘图Matlab代码\Visio制作神经网络结构图资料\visio最全模板\visio最全模板\visio模板（非常实用）\Visio Cisco网络设备2D模板[全部]\Visio Cisco网络设备2D模板[全部]\Modules - Shared Port Adapters(SPA)\Modules - Shared Port Adapters(SPA).vss,.vss,261632,二进制_不可索引不可直读,N
数学建模国赛速成资料汇总！\国赛B题必备模型+代码资料合集\国赛B题必备模型——精美绘图Matlab代码\Visio制作神经网络结构图资料\visio最全模板\visio最全模板\visio模板（非常实用）\Visio Cisco网络设备2D模板[全部]\Visio Cisco网络设备2D模板[全部]\Modules-Line Cards.4.26.05\Modules-Line Cards.4.26.05.vss,.vss,3504640,二进制_不可索引不可直读,N
数学建模国赛速成资料汇总！\国赛B题必备模型+代码资料合集\国赛B题必备模型——精美绘图Matlab代码\Visio制作神经网络结构图资料\visio最全模板\visio最全模板\visio模板（非常实用）\Visio Cisco网络设备2D模板[全部]\Visio Cisco网络设备2D模板[全部]\Optical Networking-Cisco ONS 15454.11.5.04\Optical Networking-Cisco ONS 15454.11.5.04.vss,.vss,986624,二进制_不可索引不可直读,N
数学建模国赛速成资料汇总！\国赛B题必备模型+代码资料合集\国赛B题必备模型——精美绘图Matlab代码\Visio制作神经网络结构图资料\visio最全模板\visio最全模板\visio模板（非常实用）\Visio Cisco网络设备2D模板[全部]\Visio Cisco网络设备2D模板[全部]\Routers-Cisco 2600.9.04\Routers-Cisco 2600.9.04.vss,.vss,347648,二进制_不可索引不可直读,N
数学建模国赛速成资料汇总！\国赛B题必备模型+代码资料合集\国赛B题必备模型——精美绘图Matlab代码\Visio制作神经网络结构图资料\visio最全模板\visio最全模板\visio模板（非常实用）\Visio Cisco网络设备2D模板[全部]\Visio Cisco网络设备2D模板[全部]\Storage Networking - Cisco MDS9000\Storage Networking - Cisco MDS9000.vss,.vss,456704,二进制_不可索引不可直读,N
数学建模国赛速成资料汇总！\国赛B题必备模型+代码资料合集\国赛B题必备模型——精美绘图Matlab代码\Visio制作神经网络结构图资料\visio最全模板\visio最全模板\visio模板（非常实用）\Visio Cisco网络设备2D模板[全部]\Visio Cisco网络设备2D模板[全部]\Switches  - Catalyst 3750.4.26.05\Switches  - Catalyst 3750.4.26.05.vss,.vss,581120,二进制_不可索引不可直读,N
数学建模国赛速成资料汇总！\国赛B题必备模型+代码资料合集\国赛B题必备模型——精美绘图Matlab代码\Visio制作神经网络结构图资料\visio最全模板\visio最全模板\visio模板（非常实用）\Visio Cisco网络设备2D模板[全部]\Visio Cisco网络设备2D模板[全部]\Switches-Catalyst 3560.7.20.04\Switches-Catalyst 3560.7.20.04.vss,.vss,129536,二进制_不可索引不可直读,N
数学建模国赛速成资料汇总！\国赛B题必备模型+代码资料合集\国赛B题必备模型——精美绘图Matlab代码\Visio制作神经网络结构图资料\visio最全模板\visio最全模板\visio模板（非常实用）\Visio CMOS电路2D模板\Visio CMOS电路2D模板\Cisco-LAN.vss,.vss,711680,二进制_不可索引不可直读,N
数学建模国赛速成资料汇总！\国赛B题必备模型+代码资料合集\国赛B题必备模型——精美绘图Matlab代码\Visio制作神经网络结构图资料\visio最全模板\visio最全模板\visio模板（非常实用）\Visio CMOS电路2D模板\Visio CMOS电路2D模板\Cisco-SAN.vss,.vss,3124736,二进制_不可索引不可直读,N
数学建模国赛速成资料汇总！\国赛B题必备模型+代码资料合集\国赛B题必备模型——精美绘图Matlab代码\Visio制作神经网络结构图资料\visio最全模板\visio最全模板\visio模板（非常实用）\Visio CMOS电路2D模板\Visio CMOS电路2D模板\Cisco-SFS.vss,.vss,1300480,二进制_不可索引不可直读,N
数学建模国赛速成资料汇总！\国赛B题必备模型+代码资料合集\国赛B题必备模型——精美绘图Matlab代码\Visio制作神经网络结构图资料\visio最全模板\visio最全模板\visio模板（非常实用）\Visio CMOS电路2D模板\Visio CMOS电路2D模板\NCHU-AIC_2004.vss,.vss,354304,二进制_不可索引不可直读,N
数学建模国赛速成资料汇总！\国赛B题必备模型+代码资料合集\国赛B题必备模型——精美绘图Matlab代码\Visio制作神经网络结构图资料\visio最全模板\visio最全模板\visio模板（非常实用）\Visio DELL网络设备2D模板\Visio DELL网络设备2D模板\Dell PowerConnect Switches.vss,.vss,181248,二进制_不可索引不可直读,N
数学建模国赛速成资料汇总！\国赛B题必备模型+代码资料合集\国赛B题必备模型——精美绘图Matlab代码\Visio制作神经网络结构图资料\visio最全模板\visio最全模板\visio模板（非常实用）\Visio DELL网络设备2D模板\Visio DELL网络设备2D模板\Dell PowerEdge (US units).vss,.vss,5996544,二进制_不可索引不可直读,N
数学建模国赛速成资料汇总！\国赛B题必备模型+代码资料合集\国赛B题必备模型——精美绘图Matlab代码\Visio制作神经网络结构图资料\visio最全模板\visio最全模板\visio模板（非常实用）\Visio DELL网络设备2D模板\Visio DELL网络设备2D模板\Dell_PowerEdge_1XXX.vss,.vss,756736,二进制_不可索引不可直读,N
数学建模国赛速成资料汇总！\国赛B题必备模型+代码资料合集\国赛B题必备模型——精美绘图Matlab代码\Visio制作神经网络结构图资料\visio最全模板\visio最全模板\visio模板（非常实用）\Visio DELL网络设备2D模板\Visio DELL网络设备2D模板\Dell_PowerEdge_2XXX.vss,.vss,1157120,二进制_不可索引不可直读,N
数学建模国赛速成资料汇总！\国赛B题必备模型+代码资料合集\国赛B题必备模型——精美绘图Matlab代码\Visio制作神经网络结构图资料\visio最全模板\visio最全模板\visio模板（非常实用）\Visio DELL网络设备2D模板\Visio DELL网络设备2D模板\Dell_PowerEdge_4XXX.vss,.vss,954880,二进制_不可索引不可直读,N
数学建模国赛速成资料汇总！\国赛B题必备模型+代码资料合集\国赛B题必备模型——精美绘图Matlab代码\Visio制作神经网络结构图资料\visio最全模板\visio最全模板\visio模板（非常实用）\Visio DELL网络设备2D模板\Visio DELL网络设备2D模板\Dell_PowerEdge_6XXX.vss,.vss,1455104,二进制_不可索引不可直读,N
数学建模国赛速成资料汇总！\国赛B题必备模型+代码资料合集\国赛B题必备模型——精美绘图Matlab代码\Visio制作神经网络结构图资料\visio最全模板\visio最全模板\visio模板（非常实用）\Visio DELL网络设备2D模板\Visio DELL网络设备2D模板\Dell_PowerEdge_7XXX_8XXX_RACK.vss,.vss,707584,二进制_不可索引不可直读,N
数学建模国赛速成资料汇总！\国赛B题必备模型+代码资料合集\国赛B题必备模型——精美绘图Matlab代码\Visio制作神经网络结构图资料\visio最全模板\visio最全模板\visio模板（非常实用）\Visio Extreme网络设备2D模板\Visio Extreme网络设备2D模板\Alpine_v2002.vss,.vss,223232,二进制_不可索引不可直读,N
数学建模国赛速成资料汇总！\国赛B题必备模型+代码资料合集\国赛B题必备模型——精美绘图Matlab代码\Visio制作神经网络结构图资料\visio最全模板\visio最全模板\visio模板（非常实用）\Visio Extreme网络设备2D模板\Visio Extreme网络设备2D模板\Alpine_v5.vss,.vss,187392,二进制_不可索引不可直读,N
数学建模国赛速成资料汇总！\国赛B题必备模型+代码资料合集\国赛B题必备模型——精美绘图Matlab代码\Visio制作神经网络结构图资料\visio最全模板\visio最全模板\visio模板（非常实用）\Visio Extreme网络设备2D模板\Visio Extreme网络设备2D模板\BlackDiamond_v2002.vss,.vss,462848,二进制_不可索引不可直读,N
数学建模国赛速成资料汇总！\国赛B题必备模型+代码资料合集\国赛B题必备模型——精美绘图Matlab代码\Visio制作神经网络结构图资料\visio最全模板\visio最全模板\visio模板（非常实用）\Visio Extreme网络设备2D模板\Visio Extreme网络设备2D模板\BlackDiamond_v5.vss,.vss,412672,二进制_不可索引不可直读,N
数学建模国赛速成资料汇总！\国赛B题必备模型+代码资料合集\国赛B题必备模型——精美绘图Matlab代码\Visio制作神经网络结构图资料\visio最全模板\visio最全模板\visio模板（非常实用）\Visio Extreme网络设备2D模板\Visio Extreme网络设备2D模板\Summit_v2002.vss,.vss,434688,二进制_不可索引不可直读,N
数学建模国赛速成资料汇总！\国赛B题必备模型+代码资料合集\国赛B题必备模型——精美绘图Matlab代码\Visio制作神经网络结构图资料\visio最全模板\visio最全模板\visio模板（非常实用）\Visio Extreme网络设备2D模板\Visio Extreme网络设备2D模板\Summit_v5.vss,.vss,381440,二进制_不可索引不可直读,N
数学建模国赛速成资料汇总！\国赛B题必备模型+代码资料合集\国赛B题必备模型——精美绘图Matlab代码\Visio制作神经网络结构图资料\visio最全模板\visio最全模板\visio模板（非常实用）\Visio Foundry网络设备2D模板\Visio Foundry网络设备2D模板\Foundry BigIron IronCore v1.vss,.vss,527872,二进制_不可索引不可直读,N
数学建模国赛速成资料汇总！\国赛B题必备模型+代码资料合集\国赛B题必备模型——精美绘图Matlab代码\Visio制作神经网络结构图资料\visio最全模板\visio最全模板\visio模板（非常实用）\Visio Foundry网络设备2D模板\Visio Foundry网络设备2D模板\Foundry BigIron R6A.vss,.vss,137216,二进制_不可索引不可直读,N
数学建模国赛速成资料汇总！\国赛B题必备模型+代码资料合集\国赛B题必备模型——精美绘图Matlab代码\Visio制作神经网络结构图资料\visio最全模板\visio最全模板\visio模板（非常实用）\Visio Foundry网络设备2D模板\Visio Foundry网络设备2D模板\Foundry BigIron-NetIr#AF44C.vss,.vss,300032,二进制_不可索引不可直读,N
数学建模国赛速成资料汇总！\国赛B题必备模型+代码资料合集\国赛B题必备模型——精美绘图Matlab代码\Visio制作神经网络结构图资料\visio最全模板\visio最全模板\visio模板（非常实用）\Visio Foundry网络设备2D模板\Visio Foundry网络设备2D模板\Foundry Bitmaps R6A.vss,.vss,78336,二进制_不可索引不可直读,N
数学建模国赛速成资料汇总！\国赛B题必备模型+代码资料合集\国赛B题必备模型——精美绘图Matlab代码\Visio制作神经网络结构图资料\visio最全模板\visio最全模板\visio模板（非常实用）\Visio Foundry网络设备2D模板\Visio Foundry网络设备2D模板\Foundry Bitmaps.vss,.vss,27648,二进制_不可索引不可直读,N
数学建模国赛速成资料汇总！\国赛B题必备模型+代码资料合集\国赛B题必备模型——精美绘图Matlab代码\Visio制作神经网络结构图资料\visio最全模板\visio最全模板\visio模板（非常实用）\Visio Foundry网络设备2D模板\Visio Foundry网络设备2D模板\Foundry Chassis Systems V201.vss,.vss,281088,二进制_不可索引不可直读,N
数学建模国赛速成资料汇总！\国赛B题必备模型+代码资料合集\国赛B题必备模型——精美绘图Matlab代码\Visio制作神经网络结构图资料\visio最全模板\visio最全模板\visio模板（非常实用）\Visio Foundry网络设备2D模板\Visio Foundry网络设备2D模板\Foundry EdgeIron Stackables v1.vss,.vss,143360,二进制_不可索引不可直读,N
数学建模国赛速成资料汇总！\国赛B题必备模型+代码资料合集\国赛B题必备模型——精美绘图Matlab代码\Visio制作神经网络结构图资料\visio最全模板\visio最全模板\visio模板（非常实用）\Visio Foundry网络设备2D模板\Visio Foundry网络设备2D模板\Foundry Equipment V201.vst,.vst,29184,二进制_不可索引不可直读,N
数学建模国赛速成资料汇总！\国赛B题必备模型+代码资料合集\国赛B题必备模型——精美绘图Matlab代码\Visio制作神经网络结构图资料\visio最全模板\visio最全模板\visio模板（非常实用）\Visio Foundry网络设备2D模板\Visio Foundry网络设备2D模板\Foundry Equipment.vst,.vst,35328,二进制_不可索引不可直读,N
数学建模国赛速成资料汇总！\国赛B题必备模型+代码资料合集\国赛B题必备模型——精美绘图Matlab代码\Visio制作神经网络结构图资料\visio最全模板\visio最全模板\visio模板（非常实用）\Visio Foundry网络设备2D模板\Visio Foundry网络设备2D模板\Foundry FastIron-II R6A.vss,.vss,221184,二进制_不可索引不可直读,N
数学建模国赛速成资料汇总！\国赛B题必备模型+代码资料合集\国赛B题必备模型——精美绘图Matlab代码\Visio制作神经网络结构图资料\visio最全模板\visio最全模板\visio模板（非常实用）\Visio Foundry网络设备2D模板\Visio Foundry网络设备2D模板\Foundry NetIron IronCore v1.vss,.vss,384512,二进制_不可索引不可直读,N
数学建模国赛速成资料汇总！\国赛B题必备模型+代码资料合集\国赛B题必备模型——精美绘图Matlab代码\Visio制作神经网络结构图资料\visio最全模板\visio最全模板\visio模板（非常实用）\Visio Foundry网络设备2D模板\Visio Foundry网络设备2D模板\Foundry ServerIron v1.vss,.vss,326656,二进制_不可索引不可直读,N
数学建模国赛速成资料汇总！\国赛B题必备模型+代码资料合集\国赛B题必备模型——精美绘图Matlab代码\Visio制作神经网络结构图资料\visio最全模板\visio最全模板\visio模板（非常实用）\Visio Foundry网络设备2D模板\Visio Foundry网络设备2D模板\Foundry Stackables R6A.vss,.vss,156672,二进制_不可索引不可直读,N
数学建模国赛速成资料汇总！\国赛B题必备模型+代码资料合集\国赛B题必备模型——精美绘图Matlab代码\Visio制作神经网络结构图资料\visio最全模板\visio最全模板\visio模板（非常实用）\Visio Foundry网络设备2D模板\Visio Foundry网络设备2D模板\Foundry Stackables V201.vss,.vss,140800,二进制_不可索引不可直读,N
数学建模国赛速成资料汇总！\国赛B题必备模型+代码资料合集\国赛B题必备模型——精美绘图Matlab代码\Visio制作神经网络结构图资料\visio最全模板\visio最全模板\visio模板（非常实用）\Visio HP网络设备2D模板\Visio HP网络设备2D模板\Compaq AlphaServer (US units).vss,.vss,1175040,二进制_不可索引不可直读,N
数学建模国赛速成资料汇总！\国赛B题必备模型+代码资料合集\国赛B题必备模型——精美绘图Matlab代码\Visio制作神经网络结构图资料\visio最全模板\visio最全模板\visio模板（非常实用）\Visio HP网络设备2D模板\Visio HP网络设备2D模板\Compaq Network Adapter (US units).vss,.vss,20992,二进制_不可索引不可直读,N
数学建模国赛速成资料汇总！\国赛B题必备模型+代码资料合集\国赛B题必备模型——精美绘图Matlab代码\Visio制作神经网络结构图资料\visio最全模板\visio最全模板\visio模板（非常实用）\Visio HP网络设备2D模板\Visio HP网络设备2D模板\Compaq Proliant (US units).vss,.vss,7040000,二进制_不可索引不可直读,N
数学建模国赛速成资料汇总！\国赛B题必备模型+代码资料合集\国赛B题必备模型——精美绘图Matlab代码\Visio制作神经网络结构图资料\visio最全模板\visio最全模板\visio模板（非常实用）\Visio HP网络设备2D模板\Visio HP网络设备2D模板\Hewlett-Packard AlphaServer (US units).vss,.vss,886272,二进制_不可索引不可直读,N
数学建模国赛速成资料汇总！\国赛B题必备模型+代码资料合集\国赛B题必备模型——精美绘图Matlab代码\Visio制作神经网络结构图资料\visio最全模板\visio最全模板\visio模板（非常实用）\Visio HP网络设备2D模板\Visio HP网络设备2D模板\Hewlett-Packard NetServer (US units).vss,.vss,2718208,二进制_不可索引不可直读,N
数学建模国赛速成资料汇总！\国赛B题必备模型+代码资料合集\国赛B题必备模型——精美绘图Matlab代码\Visio制作神经网络结构图资料\visio最全模板\visio最全模板\visio模板（非常实用）\Visio HP网络设备2D模板\Visio HP网络设备2D模板\Hewlett-Packard ProCurve (US units).vss,.vss,4327936,二进制_不可索引不可直读,N
数学建模国赛速成资料汇总！\国赛B题必备模型+代码资料合集\国赛B题必备模型——精美绘图Matlab代码\Visio制作神经网络结构图资料\visio最全模板\visio最全模板\visio模板（非常实用）\Visio HP网络设备2D模板\Visio HP网络设备2D模板\Hewlett-Packard Proliant (US units).vss,.vss,2468864,二进制_不可索引不可直读,N
数学建模国赛速成资料汇总！\国赛B题必备模型+代码资料合集\国赛B题必备模型——精美绘图Matlab代码\Visio制作神经网络结构图资料\visio最全模板\visio最全模板\visio模板（非常实用）\Visio HP网络设备3D模板\Visio HP网络设备3D模板\HP-Blades-3D.vss,.vss,4182528,二进制_不可索引不可直读,N
数学建模国赛速成资料汇总！\国赛B题必备模型+代码资料合集\国赛B题必备模型——精美绘图Matlab代码\Visio制作神经网络结构图资料\visio最全模板\visio最全模板\visio模板（非常实用）\Visio HP网络设备3D模板\Visio HP网络设备3D模板\HP-Desktop-3D.vss,.vss,391680,二进制_不可索引不可直读,N
数学建模国赛速成资料汇总！\国赛B题必备模型+代码资料合集\国赛B题必备模型——精美绘图Matlab代码\Visio制作神经网络结构图资料\visio最全模板\visio最全模板\visio模板（非常实用）\Visio HP网络设备3D模板\Visio HP网络设备3D模板\HP-Disk-3D.vss,.vss,2838016,二进制_不可索引不可直读,N
数学建模国赛速成资料汇总！\国赛B题必备模型+代码资料合集\国赛B题必备模型——精美绘图Matlab代码\Visio制作神经网络结构图资料\visio最全模板\visio最全模板\visio模板（非常实用）\Visio HP网络设备3D模板\Visio HP网络设备3D模板\HP-Integrity-3D.vss,.vss,1172992,二进制_不可索引不可直读,N
数学建模国赛速成资料汇总！\国赛B题必备模型+代码资料合集\国赛B题必备模型——精美绘图Matlab代码\Visio制作神经网络结构图资料\visio最全模板\visio最全模板\visio模板（非常实用）\Visio HP网络设备3D模板\Visio HP网络设备3D模板\HP-ProCurve-3D.vss,.vss,621056,二进制_不可索引不可直读,N
数学建模国赛速成资料汇总！\国赛B题必备模型+代码资料合集\国赛B题必备模型——精美绘图Matlab代码\Visio制作神经网络结构图资料\visio最全模板\visio最全模板\visio模板（非常实用）\Visio HP网络设备3D模板\Visio HP网络设备3D模板\HP-ProLiant-3D.vss,.vss,1950208,二进制_不可索引不可直读,N
数学建模国赛速成资料汇总！\国赛B题必备模型+代码资料合集\国赛B题必备模型——精美绘图Matlab代码\Visio制作神经网络结构图资料\visio最全模板\visio最全模板\visio模板（非常实用）\Visio HP网络设备3D模板\Visio HP网络设备3D模板\HP-Rack+Power-3D.vss,.vss,552960,二进制_不可索引不可直读,N
数学建模国赛速成资料汇总！\国赛B题必备模型+代码资料合集\国赛B题必备模型——精美绘图Matlab代码\Visio制作神经网络结构图资料\visio最全模板\visio最全模板\visio模板（非常实用）\Visio HP网络设备3D模板\Visio HP网络设备3D模板\HP-SAN-3D.vss,.vss,1245184,二进制_不可索引不可直读,N
数学建模国赛速成资料汇总！\国赛B题必备模型+代码资料合集\国赛B题必备模型——精美绘图Matlab代码\Visio制作神经网络结构图资料\visio最全模板\visio最全模板\visio模板（非常实用）\Visio HP网络设备3D模板\Visio HP网络设备3D模板\HP-StorageServer-3D.vss,.vss,1207296,二进制_不可索引不可直读,N
数学建模国赛速成资料汇总！\国赛B题必备模型+代码资料合集\国赛B题必备模型——精美绘图Matlab代码\Visio制作神经网络结构图资料\visio最全模板\visio最全模板\visio模板（非常实用）\Visio HP网络设备3D模板\Visio HP网络设备3D模板\HP-Tape-3D.vss,.vss,472576,二进制_不可索引不可直读,N
数学建模国赛速成资料汇总！\国赛B题必备模型+代码资料合集\国赛B题必备模型——精美绘图Matlab代码\Visio制作神经网络结构图资料\visio最全模板\visio最全模板\visio模板（非常实用）\Visio IBM服务器3D模板\Visio IBM服务器3D模板\IBM-3D.vss,.vss,1056256,二进制_不可索引不可直读,N
数学建模国赛速成资料汇总！\国赛B题必备模型+代码资料合集\国赛B题必备模型——精美绘图Matlab代码\Visio制作神经网络结构图资料\visio最全模板\visio最全模板\visio模板（非常实用）\Visio IBM网络设备2D模板\Visio IBM网络设备2D模板\IBM AS 400 (US units).vss,.vss,277504,二进制_不可索引不可直读,N
数学建模国赛速成资料汇总！\国赛B题必备模型+代码资料合集\国赛B题必备模型——精美绘图Matlab代码\Visio制作神经网络结构图资料\visio最全模板\visio最全模板\visio模板（非常实用）\Visio IBM网络设备2D模板\Visio IBM网络设备2D模板\IBM eServer (US units).vss,.vss,1492480,二进制_不可索引不可直读,N
数学建模国赛速成资料汇总！\国赛B题必备模型+代码资料合集\国赛B题必备模型——精美绘图Matlab代码\Visio制作神经网络结构图资料\visio最全模板\visio最全模板\visio模板（非常实用）\Visio IBM网络设备2D模板\Visio IBM网络设备2D模板\IBM xSeries (US units).vss,.vss,6491648,二进制_不可索引不可直读,N
数学建模国赛速成资料汇总！\国赛B题必备模型+代码资料合集\国赛B题必备模型——精美绘图Matlab代码\Visio制作神经网络结构图资料\visio最全模板\visio最全模板\visio模板（非常实用）\Visio IBM网络设备2D模板\Visio IBM网络设备2D模板\IBM_Servers.vss,.vss,103424,二进制_不可索引不可直读,N
数学建模国赛速成资料汇总！\国赛B题必备模型+代码资料合集\国赛B题必备模型——精美绘图Matlab代码\Visio制作神经网络结构图资料\visio最全模板\visio最全模板\visio模板（非常实用）\Visio IBM网络设备2D模板\Visio IBM网络设备2D模板\Robots.vss,.vss,668672,二进制_不可索引不可直读,N
数学建模国赛速成资料汇总！\国赛B题必备模型+代码资料合集\国赛B题必备模型——精美绘图Matlab代码\Visio制作神经网络结构图资料\visio最全模板\visio最全模板\visio模板（非常实用）\Visio IBM网络设备2D模板\Visio IBM网络设备2D模板\SAN.vss,.vss,2244096,二进制_不可索引不可直读,N
数学建模国赛速成资料汇总！\国赛B题必备模型+代码资料合集\国赛B题必备模型——精美绘图Matlab代码\Visio制作神经网络结构图资料\visio最全模板\visio最全模板\visio模板（非常实用）\Visio IBM网络设备2D模板\Visio IBM网络设备2D模板\StorageTek_Disk.vss,.vss,869888,二进制_不可索引不可直读,N
数学建模国赛速成资料汇总！\国赛B题必备模型+代码资料合集\国赛B题必备模型——精美绘图Matlab代码\Visio制作神经网络结构图资料\visio最全模板\visio最全模板\visio模板（非常实用）\Visio IBM网络设备2D模板\Visio IBM网络设备2D模板\StorageTek_Disk_V5.vss,.vss,829440,二进制_不可索引不可直读,N
数学建模国赛速成资料汇总！\国赛B题必备模型+代码资料合集\国赛B题必备模型——精美绘图Matlab代码\Visio制作神经网络结构图资料\visio最全模板\visio最全模板\visio模板（非常实用）\Visio ITPosters流程图2D-3D模板\Visio ITPosters流程图2D-3D模板\UAflowchart.vss,.vss,49664,二进制_不可索引不可直读,N
数学建模国赛速成资料汇总！\国赛B题必备模型+代码资料合集\国赛B题必备模型——精美绘图Matlab代码\Visio制作神经网络结构图资料\visio最全模板\visio最全模板\visio模板（非常实用）\Visio ITPosters流程图2D-3D模板\Visio ITPosters流程图2D-3D模板\UAscripting.vss,.vss,225792,二进制_不可索引不可直读,N
数学建模国赛速成资料汇总！\国赛B题必备模型+代码资料合集\国赛B题必备模型——精美绘图Matlab代码\Visio制作神经网络结构图资料\visio最全模板\visio最全模板\visio模板（非常实用）\Visio ITPosters流程图2D-3D模板\Visio ITPosters流程图2D-3D模板\UAsymbols-callouts.vss,.vss,144896,二进制_不可索引不可直读,N
数学建模国赛速成资料汇总！\国赛B题必备模型+代码资料合集\国赛B题必备模型——精美绘图Matlab代码\Visio制作神经网络结构图资料\visio最全模板\visio最全模板\visio模板（非常实用）\Visio ITPosters流程图2D-3D模板\Visio ITPosters流程图2D-3D模板\UAsymbols-grayscale.vss,.vss,227840,二进制_不可索引不可直读,N
数学建模国赛速成资料汇总！\国赛B题必备模型+代码资料合集\国赛B题必备模型——精美绘图Matlab代码\Visio制作神经网络结构图资料\visio最全模板\visio最全模板\visio模板（非常实用）\Visio ITPosters流程图2D-3D模板\Visio ITPosters流程图2D-3D模板\UAsymbols-orangehightlight.vss,.vss,238080,二进制_不可索引不可直读,N
数学建模国赛速成资料汇总！\国赛B题必备模型+代码资料合集\国赛B题必备模型——精美绘图Matlab代码\Visio制作神经网络结构图资料\visio最全模板\visio最全模板\visio模板（非常实用）\Visio ITPosters流程图2D-3D模板\Visio ITPosters流程图2D-3D模板\UAsymbols-primary.vss,.vss,436224,二进制_不可索引不可直读,N
数学建模国赛速成资料汇总！\国赛B题必备模型+代码资料合集\国赛B题必备模型——精美绘图Matlab代码\Visio制作神经网络结构图资料\visio最全模板\visio最全模板\visio模板（非常实用）\Visio nCipher网络主机3D模板\Visio nCipher网络主机3D模板\nCipher-3D.vss,.vss,326656,二进制_不可索引不可直读,N
数学建模国赛速成资料汇总！\国赛B题必备模型+代码资料合集\国赛B题必备模型——精美绘图Matlab代码\Visio制作神经网络结构图资料\visio最全模板\visio最全模板\visio模板（非常实用）\Visio SUN网络设备2D模板\Visio SUN网络设备2D模板\pullig_cabling.vss,.vss,613888,二进制_不可索引不可直读,N
数学建模国赛速成资料汇总！\国赛B题必备模型+代码资料合集\国赛B题必备模型——精美绘图Matlab代码\Visio制作神经网络结构图资料\visio最全模板\visio最全模板\visio模板（非常实用）\Visio SUN网络设备2D模板\Visio SUN网络设备2D模板\pullig_cabling2.vss,.vss,3342848,二进制_不可索引不可直读,N
数学建模国赛速成资料汇总！\国赛B题必备模型+代码资料合集\国赛B题必备模型——精美绘图Matlab代码\Visio制作神经网络结构图资料\visio最全模板\visio最全模板\visio模板（非常实用）\Visio SUN网络设备2D模板\Visio SUN网络设备2D模板\pullig_storedge.vss,.vss,1392128,二进制_不可索引不可直读,N
数学建模国赛速成资料汇总！\国赛B题必备模型+代码资料合集\国赛B题必备模型——精美绘图Matlab代码\Visio制作神经网络结构图资料\visio最全模板\visio最全模板\visio模板（非常实用）\Visio SUN网络设备2D模板\Visio SUN网络设备2D模板\pullig_sun.vss,.vss,2384384,二进制_不可索引不可直读,N
数学建模国赛速成资料汇总！\国赛B题必备模型+代码资料合集\国赛B题必备模型——精美绘图Matlab代码\Visio制作神经网络结构图资料\visio最全模板\visio最全模板\visio模板（非常实用）\Visio SUN网络设备2D模板\Visio SUN网络设备2D模板\pullig_sunlogo.vss,.vss,29184,二进制_不可索引不可直读,N
数学建模国赛速成资料汇总！\国赛B题必备模型+代码资料合集\国赛B题必备模型——精美绘图Matlab代码\Visio制作神经网络结构图资料\visio最全模板\visio最全模板\visio模板（非常实用）\Visio SUN网络设备2D模板\Visio SUN网络设备2D模板\Sun Microsystems (US units).vss,.vss,194560,二进制_不可索引不可直读,N
数学建模国赛速成资料汇总！\国赛B题必备模型+代码资料合集\国赛B题必备模型——精美绘图Matlab代码\Visio制作神经网络结构图资料\visio最全模板\visio最全模板\visio模板（非常实用）\Visio SWDB流程图2D模板\Visio SWDB流程图2D模板\EXPRG_M.VSS,.vss,79872,二进制_不可索引不可直读,N
数学建模国赛速成资料汇总！\国赛B题必备模型+代码资料合集\国赛B题必备模型——精美绘图Matlab代码\Visio制作神经网络结构图资料\visio最全模板\visio最全模板\visio模板（非常实用）\Visio SWDB流程图2D模板\Visio SWDB流程图2D模板\EXPRG_U.VSS,.vss,78336,二进制_不可索引不可直读,N
数学建模国赛速成资料汇总！\国赛B题必备模型+代码资料合集\国赛B题必备模型——精美绘图Matlab代码\Visio制作神经网络结构图资料\visio最全模板\visio最全模板\visio模板（非常实用）\Visio SWDB流程图2D模板\Visio SWDB流程图2D模板\Jacksn_M.vss,.vss,40960,二进制_不可索引不可直读,N
数学建模国赛速成资料汇总！\国赛B题必备模型+代码资料合集\国赛B题必备模型——精美绘图Matlab代码\Visio制作神经网络结构图资料\visio最全模板\visio最全模板\visio模板（非常实用）\Visio SWDB流程图2D模板\Visio SWDB流程图2D模板\Jacksn_U.vss,.vss,40448,二进制_不可索引不可直读,N
数学建模国赛速成资料汇总！\国赛B题必备模型+代码资料合集\国赛B题必备模型——精美绘图Matlab代码\Visio制作神经网络结构图资料\visio最全模板\visio最全模板\visio模板（非常实用）\Visio SWDB流程图2D模板\Visio SWDB流程图2D模板\ORM_M.VSS,.vss,80384,二进制_不可索引不可直读,N
数学建模国赛速成资料汇总！\国赛B题必备模型+代码资料合集\国赛B题必备模型——精美绘图Matlab代码\Visio制作神经网络结构图资料\visio最全模板\visio最全模板\visio模板（非常实用）\Visio SWDB流程图2D模板\Visio SWDB流程图2D模板\ORM_U.VSS,.vss,79872,二进制_不可索引不可直读,N
数学建模国赛速成资料汇总！\国赛B题必备模型+代码资料合集\国赛B题必备模型——精美绘图Matlab代码\Visio制作神经网络结构图资料\visio最全模板\visio最全模板\visio模板（非常实用）\Visio SWDB流程图2D模板\Visio SWDB流程图2D模板\ROOM_M.vss,.vss,77824,二进制_不可索引不可直读,N
数学建模国赛速成资料汇总！\国赛B题必备模型+代码资料合集\国赛B题必备模型——精美绘图Matlab代码\Visio制作神经网络结构图资料\visio最全模板\visio最全模板\visio模板（非常实用）\Visio SWDB流程图2D模板\Visio SWDB流程图2D模板\ROOM_U.vss,.vss,76800,二进制_不可索引不可直读,N
数学建模国赛速成资料汇总！\国赛B题必备模型+代码资料合集\国赛B题必备模型——精美绘图Matlab代码\Visio制作神经网络结构图资料\visio最全模板\visio最全模板\visio模板（非常实用）\Visio Web网站2D模板\Visio Web网站2D模板\网站总体设计形状.vss,.vss,91136,二进制_不可索引不可直读,N
数学建模国赛速成资料汇总！\国赛B题必备模型+代码资料合集\国赛B题必备模型——精美绘图Matlab代码\Visio制作神经网络结构图资料\visio最全模板\visio最全模板\visio模板（非常实用）\Visio 力学2D模板\Visio 力学2D模板\Forces.vst,.vst,80896,二进制_不可索引不可直读,N
数学建模国赛速成资料汇总！\国赛B题必备模型+代码资料合集\国赛B题必备模型——精美绘图Matlab代码\Visio制作神经网络结构图资料\visio最全模板\visio最全模板\visio模板（非常实用）\Visio 力学2D模板\Visio 力学2D模板\Pulleys and Levers.vss,.vss,230400,二进制_不可索引不可直读,N
数学建模国赛速成资料汇总！\国赛B题必备模型+代码资料合集\国赛B题必备模型——精美绘图Matlab代码\Visio制作神经网络结构图资料\visio最全模板\visio最全模板\visio模板（非常实用）\Visio 力学2D模板\Visio 力学2D模板\Vehicles.vss,.vss,52224,二进制_不可索引不可直读,N
数学建模国赛速成资料汇总！\国赛B题必备模型+代码资料合集\国赛B题必备模型——精美绘图Matlab代码\Visio制作神经网络结构图资料\visio最全模板\visio最全模板\visio模板（非常实用）\Visio 化学符号2D模板\Visio 化学符号2D模板\Equations.vst,.vst,100864,二进制_不可索引不可直读,N
数学建模国赛速成资料汇总！\国赛B题必备模型+代码资料合集\国赛B题必备模型——精美绘图Matlab代码\Visio制作神经网络结构图资料\visio最全模板\visio最全模板\visio模板（非常实用）\Visio 化学符号2D模板\Visio 化学符号2D模板\Organic Compounds.vss,.vss,157696,二进制_不可索引不可直读,N
数学建模国赛速成资料汇总！\国赛B题必备模型+代码资料合集\国赛B题必备模型——精美绘图Matlab代码\Visio制作神经网络结构图资料\visio最全模板\visio最全模板\visio模板（非常实用）\Visio 地图2D模板\Visio 地图2D模板\United States Maps (US units).vss,.vss,4356608,二进制_不可索引不可直读,N
数学建模国赛速成资料汇总！\国赛B题必备模型+代码资料合集\国赛B题必备模型——精美绘图Matlab代码\Visio制作神经网络结构图资料\visio最全模板\visio最全模板\visio模板（非常实用）\Visio 地图2D模板\Visio 地图2D模板\World Maps (Metric).vss,.vss,4880384,二进制_不可索引不可直读,N
数学建模国赛速成资料汇总！\国赛B题必备模型+代码资料合集\国赛B题必备模型——精美绘图Matlab代码\Visio制作神经网络结构图资料\visio最全模板\visio最全模板\visio模板（非常实用）\Visio 地图2D模板\Visio 地图2D模板\World Maps (US units).vss,.vss,4875776,二进制_不可索引不可直读,N
数学建模国赛速成资料汇总！\国赛B题必备模型+代码资料合集\国赛B题必备模型——精美绘图Matlab代码\Visio制作神经网络结构图资料\visio最全模板\visio最全模板\visio模板（非常实用）\Visio 底纹背景模板\Visio 底纹背景模板\ISO-A4.vst,.vst,378368,二进制_不可索引不可直读,N
数学建模国赛速成资料汇总！\国赛B题必备模型+代码资料合集\国赛B题必备模型——精美绘图Matlab代码\Visio制作神经网络结构图资料\visio最全模板\visio最全模板\visio模板（非常实用）\Visio 底纹背景模板\Visio 底纹背景模板\ISO.vst,.vst,376320,二进制_不可索引不可直读,N
数学建模国赛速成资料汇总！\国赛B题必备模型+代码资料合集\国赛B题必备模型——精美绘图Matlab代码\Visio制作神经网络结构图资料\visio最全模板\visio最全模板\visio模板（非常实用）\Visio 数学函数2D模板\Visio 数学函数2D模板\Analytical Geometry.vss,.vss,412672,二进制_不可索引不可直读,N
数学建模国赛速成资料汇总！\国赛B题必备模型+代码资料合集\国赛B题必备模型——精美绘图Matlab代码\Visio制作神经网络结构图资料\visio最全模板\visio最全模板\visio模板（非常实用）\Visio 数学函数2D模板\Visio 数学函数2D模板\Angles.vss,.vss,172544,二进制_不可索引不可直读,N
数学建模国赛速成资料汇总！\国赛B题必备模型+代码资料合集\国赛B题必备模型——精美绘图Matlab代码\Visio制作神经网络结构图资料\visio最全模板\visio最全模板\visio模板（非常实用）\Visio 数学函数2D模板\Visio 数学函数2D模板\Circles and Ellipses.vss,.vss,224256,二进制_不可索引不可直读,N
数学建模国赛速成资料汇总！\国赛B题必备模型+代码资料合集\国赛B题必备模型——精美绘图Matlab代码\Visio制作神经网络结构图资料\visio最全模板\visio最全模板\visio模板（非常实用）\Visio 数学函数2D模板\Visio 数学函数2D模板\Common Functions.vss,.vss,316416,二进制_不可索引不可直读,N
数学建模国赛速成资料汇总！\国赛B题必备模型+代码资料合集\国赛B题必备模型——精美绘图Matlab代码\Visio制作神经网络结构图资料\visio最全模板\visio最全模板\visio模板（非常实用）\Visio 数学函数2D模板\Visio 数学函数2D模板\Exponential Logarithmic and Power Functions.vss,.vss,264704,二进制_不可索引不可直读,N
数学建模国赛速成资料汇总！\国赛B题必备模型+代码资料合集\国赛B题必备模型——精美绘图Matlab代码\Visio制作神经网络结构图资料\visio最全模板\visio最全模板\visio模板（非常实用）\Visio 数学函数2D模板\Visio 数学函数2D模板\Hyperbolas and Parabolas.vss,.vss,187904,二进制_不可索引不可直读,N
数学建模国赛速成资料汇总！\国赛B题必备模型+代码资料合集\国赛B题必备模型——精美绘图Matlab代码\Visio制作神经网络结构图资料\visio最全模板\visio最全模板\visio模板（非常实用）\Visio 数学函数2D模板\Visio 数学函数2D模板\Plane Geometry.vss,.vss,290304,二进制_不可索引不可直读,N
数学建模国赛速成资料汇总！\国赛B题必备模型+代码资料合集\国赛B题必备模型——精美绘图Matlab代码\Visio制作神经网络结构图资料\visio最全模板\visio最全模板\visio模板（非常实用）\Visio 数学函数2D模板\Visio 数学函数2D模板\Set.vss,.vss,31232,二进制_不可索引不可直读,N
数学建模国赛速成资料汇总！\国赛B题必备模型+代码资料合集\国赛B题必备模型——精美绘图Matlab代码\Visio制作神经网络结构图资料\visio最全模板\visio最全模板\visio模板（非常实用）\Visio 数学函数2D模板\Visio 数学函数2D模板\Sets.vst,.vst,100352,二进制_不可索引不可直读,N
数学建模国赛速成资料汇总！\国赛B题必备模型+代码资料合集\国赛B题必备模型——精美绘图Matlab代码\Visio制作神经网络结构图资料\visio最全模板\visio最全模板\visio模板（非常实用）\Visio 数学函数2D模板\Visio 数学函数2D模板\Sine Cosine and Tan.vss,.vss,534016,二进制_不可索引不可直读,N
数学建模国赛速成资料汇总！\国赛B题必备模型+代码资料合集\国赛B题必备模型——精美绘图Matlab代码\Visio制作神经网络结构图资料\visio最全模板\visio最全模板\visio模板（非常实用）\Visio 电路2D模板\Visio 电路2D模板\Circuit Diagram.vss,.vss,82432,二进制_不可索引不可直读,N
数学建模国赛速成资料汇总！\国赛B题必备模型+代码资料合集\国赛B题必备模型——精美绘图Matlab代码\Visio制作神经网络结构图资料\visio最全模板\visio最全模板\visio模板（非常实用）\Visio 绘图2D模板\Visio 绘图2D模板\Equations.vss,.vss,37376,二进制_不可索引不可直读,N
数学建模国赛速成资料汇总！\国赛B题必备模型+代码资料合集\国赛B题必备模型——精美绘图Matlab代码\Visio制作神经网络结构图资料\visio最全模板\visio最全模板\visio模板（非常实用）\Visio 绘图2D模板\Visio 绘图2D模板\Geometry.vst,.vst,81408,二进制_不可索引不可直读,N
数学建模国赛速成资料汇总！\国赛B题必备模型+代码资料合集\国赛B题必备模型——精美绘图Matlab代码\Visio制作神经网络结构图资料\visio最全模板\visio最全模板\visio模板（非常实用）\Visio 绘图2D模板\Visio 绘图2D模板\Lenses Mirrors and Prisms.vss,.vss,52736,二进制_不可索引不可直读,N
数学建模国赛速成资料汇总！\国赛B题必备模型+代码资料合集\国赛B题必备模型——精美绘图Matlab代码\Visio制作神经网络结构图资料\visio最全模板\visio最全模板\visio模板（非常实用）\Visio 绘图2D模板\Visio 绘图2D模板\Light Sources and Waves.vss,.vss,92160,二进制_不可索引不可直读,N
数学建模国赛速成资料汇总！\国赛B题必备模型+代码资料合集\国赛B题必备模型——精美绘图Matlab代码\Visio制作神经网络结构图资料\visio最全模板\visio最全模板\visio模板（非常实用）\Visio 绘图2D模板\Visio 绘图2D模板\Molecular Models.vst,.vst,100352,二进制_不可索引不可直读,N
数学建模国赛速成资料汇总！\国赛B题必备模型+代码资料合集\国赛B题必备模型——精美绘图Matlab代码\Visio制作神经网络结构图资料\visio最全模板\visio最全模板\visio模板（非常实用）\Visio 绘图2D模板\Visio 绘图2D模板\Molecules.vss,.vss,546304,二进制_不可索引不可直读,N
数学建模国赛速成资料汇总！\国赛B题必备模型+代码资料合集\国赛B题必备模型——精美绘图Matlab代码\Visio制作神经网络结构图资料\visio最全模板\visio最全模板\visio模板（非常实用）\Visio 网络接口2D-3D模板\Visio 网络接口2D-3D模板\NetApp-CableConnectors.vss,.vss,1629696,二进制_不可索引不可直读,N
数学建模国赛速成资料汇总！\国赛B题必备模型+代码资料合集\国赛B题必备模型——精美绘图Matlab代码\Visio制作神经网络结构图资料\visio最全模板\visio最全模板\visio模板（非常实用）\Visio 网络符号3D模板\Visio 网络符号3D模板\Algebra.vst,.vst,81408,二进制_不可索引不可直读,N
数学建模国赛速成资料汇总！\国赛B题必备模型+代码资料合集\国赛B题必备模型——精美绘图Matlab代码\Visio制作神经网络结构图资料\visio最全模板\visio最全模板\visio模板（非常实用）\Visio 网络符号3D模板\Visio 网络符号3D模板\VSDfx-Network-Symbols-Blue.vss,.vss,1691648,二进制_不可索引不可直读,N
数学建模国赛速成资料汇总！\国赛B题必备模型+代码资料合集\国赛B题必备模型——精美绘图Matlab代码\Visio制作神经网络结构图资料\visio最全模板\visio最全模板\visio模板（非常实用）\Visio 网络符号3D模板\Visio 网络符号3D模板\VSDfx-Network-Symbols-Green.vss,.vss,1644032,二进制_不可索引不可直读,N
数学建模国赛速成资料汇总！\国赛B题必备模型+代码资料合集\国赛B题必备模型——精美绘图Matlab代码\Visio制作神经网络结构图资料\visio最全模板\visio最全模板\visio模板（非常实用）\Visio 网络符号3D模板\Visio 网络符号3D模板\VSDfx-Network-Symbols-Grey.vss,.vss,1528832,二进制_不可索引不可直读,N
数学建模国赛速成资料汇总！\国赛B题必备模型+代码资料合集\国赛B题必备模型——精美绘图Matlab代码\Visio制作神经网络结构图资料\visio最全模板\visio最全模板\visio模板（非常实用）\Visio 网络设备2D模板\Visio 网络设备2D模板\Adic-TapeLibrary.vss,.vss,203776,二进制_不可索引不可直读,N
数学建模国赛速成资料汇总！\国赛B题必备模型+代码资料合集\国赛B题必备模型——精美绘图Matlab代码\Visio制作神经网络结构图资料\visio最全模板\visio最全模板\visio模板（非常实用）\Visio 网络设备2D模板\Visio 网络设备2D模板\Brocade-SAN.vss,.vss,5239808,二进制_不可索引不可直读,N
数学建模国赛速成资料汇总！\国赛B题必备模型+代码资料合集\国赛B题必备模型——精美绘图Matlab代码\Visio制作神经网络结构图资料\visio最全模板\visio最全模板\visio模板（非常实用）\Visio 网络设备2D模板\Visio 网络设备2D模板\CNT-SAN.vss,.vss,188416,二进制_不可索引不可直读,N
数学建模国赛速成资料汇总！\国赛B题必备模型+代码资料合集\国赛B题必备模型——精美绘图Matlab代码\Visio制作神经网络结构图资料\visio最全模板\visio最全模板\visio模板（非常实用）\Visio 网络设备2D模板\Visio 网络设备2D模板\DDN-Storage.vss,.vss,283136,二进制_不可索引不可直读,N
数学建模国赛速成资料汇总！\国赛B题必备模型+代码资料合集\国赛B题必备模型——精美绘图Matlab代码\Visio制作神经网络结构图资料\visio最全模板\visio最全模板\visio模板（非常实用）\Visio 网络设备2D模板\Visio 网络设备2D模板\Generic-IO-Cards.vss,.vss,611328,二进制_不可索引不可直读,N
数学建模国赛速成资料汇总！\国赛B题必备模型+代码资料合集\国赛B题必备模型——精美绘图Matlab代码\Visio制作神经网络结构图资料\visio最全模板\visio最全模板\visio模板（非常实用）\Visio 网络设备2D模板\Visio 网络设备2D模板\Generic-Racks.vss,.vss,376832,二进制_不可索引不可直读,N
数学建模国赛速成资料汇总！\国赛B题必备模型+代码资料合集\国赛B题必备模型——精美绘图Matlab代码\Visio制作神经网络结构图资料\visio最全模板\visio最全模板\visio模板（非常实用）\Visio 网络设备2D模板\Visio 网络设备2D模板\Mellanox-HPS.vss,.vss,898560,二进制_不可索引不可直读,N
数学建模国赛速成资料汇总！\国赛B题必备模型+代码资料合集\国赛B题必备模型——精美绘图Matlab代码\Visio制作神经网络结构图资料\visio最全模板\visio最全模板\visio模板（非常实用）\Visio 网络设备2D模板\Visio 网络设备2D模板\Myrinet-HPS.vss,.vss,1201152,二进制_不可索引不可直读,N
数学建模国赛速成资料汇总！\国赛B题必备模型+代码资料合集\国赛B题必备模型——精美绘图Matlab代码\Visio制作神经网络结构图资料\visio最全模板\visio最全模板\visio模板（非常实用）\Visio 网络设备2D模板\Visio 网络设备2D模板\Nortel Networks BayStack (US units).vss,.vss,2295808,二进制_不可索引不可直读,N
数学建模国赛速成资料汇总！\国赛B题必备模型+代码资料合集\国赛B题必备模型——精美绘图Matlab代码\Visio制作神经网络结构图资料\visio最全模板\visio最全模板\visio模板（非常实用）\Visio 网络设备2D模板\Visio 网络设备2D模板\Panduit (US units).vss,.vss,278528,二进制_不可索引不可直读,N
数学建模国赛速成资料汇总！\国赛B题必备模型+代码资料合集\国赛B题必备模型——精美绘图Matlab代码\Visio制作神经网络结构图资料\visio最全模板\visio最全模板\visio模板（非常实用）\Visio 网络设备2D模板\Visio 网络设备2D模板\Qlogic-HPS.vss,.vss,2413568,二进制_不可索引不可直读,N
数学建模国赛速成资料汇总！\国赛B题必备模型+代码资料合集\国赛B题必备模型——精美绘图Matlab代码\Visio制作神经网络结构图资料\visio最全模板\visio最全模板\visio模板（非常实用）\Visio 网络设备2D模板\Visio 网络设备2D模板\Qlogic-SAN.vss,.vss,765952,二进制_不可索引不可直读,N
数学建模国赛速成资料汇总！\国赛B题必备模型+代码资料合集\国赛B题必备模型——精美绘图Matlab代码\Visio制作神经网络结构图资料\visio最全模板\visio最全模板\visio模板（非常实用）\Visio 网络设备2D模板\Visio 网络设备2D模板\Quadrics-HPS.vss,.vss,1073152,二进制_不可索引不可直读,N
数学建模国赛速成资料汇总！\国赛B题必备模型+代码资料合集\国赛B题必备模型——精美绘图Matlab代码\Visio制作神经网络结构图资料\visio最全模板\visio最全模板\visio模板（非常实用）\Visio 网络设备2D模板\Visio 网络设备2D模板\Topspin-HPS.vss,.vss,599552,二进制_不可索引不可直读,N
数学建模国赛速成资料汇总！\国赛B题必备模型+代码资料合集\国赛B题必备模型——精美绘图Matlab代码\Visio制作神经网络结构图资料\visio最全模板\visio最全模板\visio模板（非常实用）\Visio 网络设备2D模板\Visio 网络设备2D模板\Voltaire-HPS.vss,.vss,6303744,二进制_不可索引不可直读,N
数学建模国赛速成资料汇总！\国赛B题必备模型+代码资料合集\国赛B题必备模型——精美绘图Matlab代码\Visio制作神经网络结构图资料\visio最全模板\visio最全模板\visio模板（非常实用）\Visio 网络设备2D模板\Visio 网络设备2D模板\易老师主机模块.vss,.vss,871424,二进制_不可索引不可直读,N
数学建模国赛速成资料汇总！\国赛B题必备模型+代码资料合集\国赛B题必备模型——精美绘图Matlab代码\Visio制作神经网络结构图资料\visio最全模板\visio最全模板\visio模板（非常实用）\Visio 网络设备2D模板\Visio 网络设备2D模板\易老师网络模块.vss,.vss,2189824,二进制_不可索引不可直读,N
数学建模国赛速成资料汇总！\国赛B题必备模型+代码资料合集\国赛B题必备模型——精美绘图Matlab代码\Visio制作神经网络结构图资料\visio最全模板\visio最全模板\visio模板（非常实用）\Visio 网络设备3D模板\Visio 网络设备3D模板\Brocade-3D.vss,.vss,1135104,二进制_不可索引不可直读,N
数学建模国赛速成资料汇总！\国赛B题必备模型+代码资料合集\国赛B题必备模型——精美绘图Matlab代码\Visio制作神经网络结构图资料\visio最全模板\visio最全模板\visio模板（非常实用）\Visio 网络设备3D模板\Visio 网络设备3D模板\NetApp-3D.vss,.vss,2466816,二进制_不可索引不可直读,N
数学建模国赛速成资料汇总！\国赛B题必备模型+代码资料合集\国赛B题必备模型——精美绘图Matlab代码\Visio制作神经网络结构图资料\visio最全模板\visio最全模板\visio模板（非常实用）\Visio 网络设备3D模板\Visio 网络设备3D模板\NetApp-DataFort-3D.vss,.vss,81920,二进制_不可索引不可直读,N
数学建模国赛速成资料汇总！\国赛B题必备模型+代码资料合集\国赛B题必备模型——精美绘图Matlab代码\Visio制作神经网络结构图资料\visio最全模板\visio最全模板\visio模板（非常实用）\Visio 网络设备3D模板\Visio 网络设备3D模板\NetApp-Solutions-3D.vss,.vss,228352,二进制_不可索引不可直读,N
数学建模国赛速成资料汇总！\国赛B题必备模型+代码资料合集\国赛B题必备模型——精美绘图Matlab代码\Visio制作神经网络结构图资料\visio最全模板\visio最全模板\visio模板（非常实用）\Visio 网络设备3D模板\Visio 网络设备3D模板\NetApp-StoreVault-3D.vss,.vss,326144,二进制_不可索引不可直读,N
数学建模国赛速成资料汇总！\国赛B题必备模型+代码资料合集\国赛B题必备模型——精美绘图Matlab代码\Visio制作神经网络结构图资料\visio最全模板\visio最全模板\visio模板（非常实用）\Visio 网络设备3D模板\Visio 网络设备3D模板\VSDfx-Computers-3D.vss,.vss,1224192,二进制_不可索引不可直读,N
数学建模国赛速成资料汇总！\国赛B题必备模型+代码资料合集\国赛B题必备模型——精美绘图Matlab代码\Visio制作神经网络结构图资料\visio最全模板\visio最全模板\visio模板（非常实用）\Visio 网络设备3D模板\Visio 网络设备3D模板\VSDfx-Email-3D.vss,.vss,231424,二进制_不可索引不可直读,N
数学建模国赛速成资料汇总！\国赛B题必备模型+代码资料合集\国赛B题必备模型——精美绘图Matlab代码\Visio制作神经网络结构图资料\visio最全模板\visio最全模板\visio模板（非常实用）\Visio 网络设备3D模板\Visio 网络设备3D模板\VSDfx-Essentials-3D.vss,.vss,82432,二进制_不可索引不可直读,N
数学建模国赛速成资料汇总！\国赛B题必备模型+代码资料合集\国赛B题必备模型——精美绘图Matlab代码\Visio制作神经网络结构图资料\visio最全模板\visio最全模板\visio模板（非常实用）\Visio 网络设备3D模板\Visio 网络设备3D模板\VSDfx-Network-3D.vss,.vss,794624,二进制_不可索引不可直读,N
数学建模国赛速成资料汇总！\国赛B题必备模型+代码资料合集\国赛B题必备模型——精美绘图Matlab代码\Visio制作神经网络结构图资料\visio最全模板\visio最全模板\visio模板（非常实用）\Visio 网络设备3D模板\Visio 网络设备3D模板\VSDfx-Office-3D.vss,.vss,1254400,二进制_不可索引不可直读,N
数学建模国赛速成资料汇总！\国赛B题必备模型+代码资料合集\国赛B题必备模型——精美绘图Matlab代码\Visio制作神经网络结构图资料\visio最全模板\visio最全模板\visio模板（非常实用）\Visio 网络设备3D模板\Visio 网络设备3D模板\VSDfx-People-3D.vss,.vss,391680,二进制_不可索引不可直读,N
数学建模国赛速成资料汇总！\国赛B题必备模型+代码资料合集\国赛B题必备模型——精美绘图Matlab代码\Visio制作神经网络结构图资料\visio最全模板\visio最全模板\visio模板（非常实用）\Visio 网络设备3D模板\Visio 网络设备3D模板\VSDfx-Peripherals-3D.vss,.vss,225792,二进制_不可索引不可直读,N
数学建模国赛速成资料汇总！\国赛B题必备模型+代码资料合集\国赛B题必备模型——精美绘图Matlab代码\Visio制作神经网络结构图资料\visio最全模板\visio最全模板\visio模板（非常实用）\Visio 网络设备3D模板\Visio 网络设备3D模板\VSDfx-Racks-3D.vss,.vss,320000,二进制_不可索引不可直读,N
数学建模国赛速成资料汇总！\国赛B题必备模型+代码资料合集\国赛B题必备模型——精美绘图Matlab代码\Visio制作神经网络结构图资料\visio最全模板\visio最全模板\visio模板（非常实用）\visio模板\visio模板\electronics_metric.vst,.vst,14336,二进制_不可索引不可直读,N
数学建模国赛速成资料汇总！\国赛B题必备模型+代码资料合集\国赛B题必备模型——精美绘图Matlab代码\Visio制作神经网络结构图资料\visio最全模板\visio最全模板\visio模板（非常实用）\visio模板\visio模板\electronics_US.vst,.vst,14336,二进制_不可索引不可直读,N
数学建模国赛速成资料汇总！\国赛B题必备模型+代码资料合集\国赛B题必备模型——精美绘图Matlab代码\Visio制作神经网络结构图资料\visio最全模板\visio最全模板\visio模板（非常实用）\visio模板\visio模板\模板-工艺.vtx,.vtx,1876125,纯文本_扩展名未收录,N
数学建模国赛速成资料汇总！\国赛B题必备模型+代码资料合集\国赛B题必备模型——精美绘图Matlab代码\Visio制作神经网络结构图资料\visio最全模板\visio最全模板\visio模板（非常实用）\visio模板\visio模板\模板-液压.vst,.vst,303616,二进制_不可索引不可直读,N
数学建模国赛速成资料汇总！\国赛B题必备模型+代码资料合集\国赛B题必备模型——精美绘图Matlab代码\Visio制作神经网络结构图资料\visio最全模板\visio最全模板\visio模板（非常实用）\visio模板\visio模板\模板-电控.vst,.vst,904704,二进制_不可索引不可直读,N
数学建模国赛速成资料汇总！\国赛B题必备模型+代码资料合集\国赛B题必备模型——精美绘图Matlab代码\Visio制作神经网络结构图资料\visio最全模板\visio最全模板\visio模板（非常实用）\visio模板\visio模板\模板-窑炉.vst,.vst,960512,二进制_不可索引不可直读,N
数学建模国赛速成资料汇总！\国赛B题必备模型+代码资料合集\国赛B题必备模型——精美绘图Matlab代码\Visio制作神经网络结构图资料\visio最全模板\visio最全模板\visio模板（非常实用）\visio模板\visio模板\液压原理图.VST,.vst,749568,二进制_不可索引不可直读,N
数学建模国赛速成资料汇总！\国赛B题必备模型+代码资料合集\国赛B题必备模型——精美绘图Matlab代码\Visio制作神经网络结构图资料\visio最全模板\visio最全模板\visio模板（非常实用）\visio模板\visio模板\状态转换图.VST,.vst,45056,二进制_不可索引不可直读,N
数学建模国赛速成资料汇总！\国赛B题必备模型+代码资料合集\国赛B题必备模型——精美绘图Matlab代码\Visio制作神经网络结构图资料\visio最全模板\visio最全模板\visio模板（非常实用）\visio模板\visio模板\电气原理图.VST,.vst,1022464,二进制_不可索引不可直读,N
数学建模国赛速成资料汇总！\国赛B题必备模型+代码资料合集\国赛B题必备模型——精美绘图Matlab代码\Visio制作神经网络结构图资料\visio最全模板\visio最全模板\visio模板（非常实用）\visio模板\visio模板\电气原理图（DWK）.vst,.vst,1344512,二进制_不可索引不可直读,N
数学建模国赛速成资料汇总！\国赛B题必备模型+代码资料合集\国赛B题必备模型——精美绘图Matlab代码\Visio制作神经网络结构图资料\visio最全模板\visio最全模板\visio模板（非常实用）\visio模板\visio模板\电气图.vst,.vst,754176,二进制_不可索引不可直读,N
数学建模国赛速成资料汇总！\国赛B题必备模型+代码资料合集\国赛B题必备模型——精美绘图Matlab代码\Visio制作神经网络结构图资料\visio最全模板\visio最全模板\visio模板（非常实用）\visio模板\visio模板\模具\状态.vss,.vss,16384,二进制_不可索引不可直读,N
数学建模国赛速成资料汇总！\国赛B题必备模型+代码资料合集\国赛B题必备模型——精美绘图Matlab代码\Visio制作神经网络结构图资料\visio最全模板\visio最全模板\visio模板（非常实用）\visio模板\visio模板\模具\自创模具.vss,.vss,352256,二进制_不可索引不可直读,N
数学建模国赛速成资料汇总！\国赛B题必备模型+代码资料合集\国赛B题必备模型——精美绘图Matlab代码\Visio制作神经网络结构图资料\visio最全模板\visio最全模板\visio模板（非常实用）\visio模板\visio模板\模具\表格.vss,.vss,40448,二进制_不可索引不可直读,N
数学建模国赛速成资料汇总！\国赛B题必备模型+代码资料合集\国赛B题必备模型——精美绘图Matlab代码\Visio制作神经网络结构图资料\visio最全模板\visio最全模板\visio模板（非常实用）\visio模板\visio模板\模具\未分类\abstract electronics.vss,.vss,82432,二进制_不可索引不可直读,N
数学建模国赛速成资料汇总！\国赛B题必备模型+代码资料合集\国赛B题必备模型——精美绘图Matlab代码\Visio制作神经网络结构图资料\visio最全模板\visio最全模板\visio模板（非常实用）\visio模板\visio模板\模具\未分类\capacitors.vss,.vss,51712,二进制_不可索引不可直读,N
数学建模国赛速成资料汇总！\国赛B题必备模型+代码资料合集\国赛B题必备模型——精美绘图Matlab代码\Visio制作神经网络结构图资料\visio最全模板\visio最全模板\visio模板（非常实用）\visio模板\visio模板\模具\未分类\circuit boards.vss,.vss,30720,二进制_不可索引不可直读,N
数学建模国赛速成资料汇总！\国赛B题必备模型+代码资料合集\国赛B题必备模型——精美绘图Matlab代码\Visio制作神经网络结构图资料\visio最全模板\visio最全模板\visio模板（非常实用）\visio模板\visio模板\模具\未分类\components.vss,.vss,87040,二进制_不可索引不可直读,N
数学建模国赛速成资料汇总！\国赛B题必备模型+代码资料合集\国赛B题必备模型——精美绘图Matlab代码\Visio制作神经网络结构图资料\visio最全模板\visio最全模板\visio模板（非常实用）\visio模板\visio模板\模具\未分类\connectors.vss,.vss,80896,二进制_不可索引不可直读,N
数学建模国赛速成资料汇总！\国赛B题必备模型+代码资料合集\国赛B题必备模型——精美绘图Matlab代码\Visio制作神经网络结构图资料\visio最全模板\visio最全模板\visio模板（非常实用）\visio模板\visio模板\模具\未分类\data bus and registers.vss,.vss,63488,二进制_不可索引不可直读,N
数学建模国赛速成资料汇总！\国赛B题必备模型+代码资料合集\国赛B题必备模型——精美绘图Matlab代码\Visio制作神经网络结构图资料\visio最全模板\visio最全模板\visio模板（非常实用）\visio模板\visio模板\模具\未分类\DIN connectors.vss,.vss,37376,二进制_不可索引不可直读,N
数学建模国赛速成资料汇总！\国赛B题必备模型+代码资料合集\国赛B题必备模型——精美绘图Matlab代码\Visio制作神经网络结构图资料\visio最全模板\visio最全模板\visio模板（非常实用）\visio模板\visio模板\模具\未分类\electro-mechanical.vss,.vss,53248,二进制_不可索引不可直读,N
数学建模国赛速成资料汇总！\国赛B题必备模型+代码资料合集\国赛B题必备模型——精美绘图Matlab代码\Visio制作神经网络结构图资料\visio最全模板\visio最全模板\visio模板（非常实用）\visio模板\visio模板\模具\未分类\IEC logic gates.vss,.vss,28672,二进制_不可索引不可直读,N
数学建模国赛速成资料汇总！\国赛B题必备模型+代码资料合集\国赛B题必备模型——精美绘图Matlab代码\Visio制作神经网络结构图资料\visio最全模板\visio最全模板\visio模板（非常实用）\visio模板\visio模板\模具\未分类\inductors.vss,.vss,59904,二进制_不可索引不可直读,N
数学建模国赛速成资料汇总！\国赛B题必备模型+代码资料合集\国赛B题必备模型——精美绘图Matlab代码\Visio制作神经网络结构图资料\visio最全模板\visio最全模板\visio模板（非常实用）\visio模板\visio模板\模具\未分类\instruments.vss,.vss,26624,二进制_不可索引不可直读,N
数学建模国赛速成资料汇总！\国赛B题必备模型+代码资料合集\国赛B题必备模型——精美绘图Matlab代码\Visio制作神经网络结构图资料\visio最全模板\visio最全模板\visio模板（非常实用）\visio模板\visio模板\模具\未分类\ladder - plc.vss,.vss,31744,二进制_不可索引不可直读,N
数学建模国赛速成资料汇总！\国赛B题必备模型+代码资料合集\国赛B题必备模型——精美绘图Matlab代码\Visio制作神经网络结构图资料\visio最全模板\visio最全模板\visio模板（非常实用）\visio模板\visio模板\模具\未分类\logic gates.vss,.vss,72192,二进制_不可索引不可直读,N
数学建模国赛速成资料汇总！\国赛B题必备模型+代码资料合集\国赛B题必备模型——精美绘图Matlab代码\Visio制作神经网络结构图资料\visio最全模板\visio最全模板\visio模板（非常实用）\visio模板\visio模板\模具\未分类\op-amp circuit building blocks.vss,.vss,142848,二进制_不可索引不可直读,N
数学建模国赛速成资料汇总！\国赛B题必备模型+代码资料合集\国赛B题必备模型——精美绘图Matlab代码\Visio制作神经网络结构图资料\visio最全模板\visio最全模板\visio模板（非常实用）\visio模板\visio模板\模具\未分类\opto-electronics.vss,.vss,71168,二进制_不可索引不可直读,N
数学建模国赛速成资料汇总！\国赛B题必备模型+代码资料合集\国赛B题必备模型——精美绘图Matlab代码\Visio制作神经网络结构图资料\visio最全模板\visio最全模板\visio模板（非常实用）\visio模板\visio模板\模具\未分类\power semiconductors.vss,.vss,116224,二进制_不可索引不可直读,N
数学建模国赛速成资料汇总！\国赛B题必备模型+代码资料合集\国赛B题必备模型——精美绘图Matlab代码\Visio制作神经网络结构图资料\visio最全模板\visio最全模板\visio模板（非常实用）\visio模板\visio模板\模具\未分类\radio.vss,.vss,38400,二进制_不可索引不可直读,N
数学建模国赛速成资料汇总！\国赛B题必备模型+代码资料合集\国赛B题必备模型——精美绘图Matlab代码\Visio制作神经网络结构图资料\visio最全模板\visio最全模板\visio模板（非常实用）\visio模板\visio模板\模具\未分类\resistors.vss,.vss,58368,二进制_不可索引不可直读,N
数学建模国赛速成资料汇总！\国赛B题必备模型+代码资料合集\国赛B题必备模型——精美绘图Matlab代码\Visio制作神经网络结构图资料\visio最全模板\visio最全模板\visio模板（非常实用）\visio模板\visio模板\模具\未分类\semiconductors.vss,.vss,169984,二进制_不可索引不可直读,N
数学建模国赛速成资料汇总！\国赛B题必备模型+代码资料合集\国赛B题必备模型——精美绘图Matlab代码\Visio制作神经网络结构图资料\visio最全模板\visio最全模板\visio模板（非常实用）\visio模板\visio模板\模具\未分类\thermionic devices.vss,.vss,68096,二进制_不可索引不可直读,N
数学建模国赛速成资料汇总！\国赛B题必备模型+代码资料合集\国赛B题必备模型——精美绘图Matlab代码\Visio制作神经网络结构图资料\visio最全模板\visio最全模板\visio模板（非常实用）\visio模板\visio模板\模具\未分类\waveforms.vss,.vss,46080,二进制_不可索引不可直读,N
数学建模国赛速成资料汇总！\国赛B题必备模型+代码资料合集\国赛B题必备模型——精美绘图Matlab代码\Visio制作神经网络结构图资料\visio最全模板\visio最全模板\visio模板（非常实用）\visio模板\visio模板\模具\液压\单向阀.vss,.vss,696320,二进制_不可索引不可直读,N
数学建模国赛速成资料汇总！\国赛B题必备模型+代码资料合集\国赛B题必备模型——精美绘图Matlab代码\Visio制作神经网络结构图资料\visio最全模板\visio最全模板\visio模板（非常实用）\visio模板\visio模板\模具\液压\方向控制阀.vss,.vss,201216,二进制_不可索引不可直读,N
数学建模国赛速成资料汇总！\国赛B题必备模型+代码资料合集\国赛B题必备模型——精美绘图Matlab代码\Visio制作神经网络结构图资料\visio最全模板\visio最全模板\visio模板（非常实用）\visio模板\visio模板\模具\液压\液压元件.vss,.vss,580096,二进制_不可索引不可直读,N
数学建模国赛速成资料汇总！\国赛B题必备模型+代码资料合集\国赛B题必备模型——精美绘图Matlab代码\Visio制作神经网络结构图资料\visio最全模板\visio最全模板\visio模板（非常实用）\visio模板\visio模板\模具\液压\液压元件2.vss,.vss,32256,二进制_不可索引不可直读,N
数学建模国赛速成资料汇总！\国赛B题必备模型+代码资料合集\国赛B题必备模型——精美绘图Matlab代码\Visio制作神经网络结构图资料\visio最全模板\visio最全模板\visio模板（非常实用）\visio模板\visio模板\模具\液压\液压附件.vss,.vss,38912,二进制_不可索引不可直读,N
数学建模国赛速成资料汇总！\国赛B题必备模型+代码资料合集\国赛B题必备模型——精美绘图Matlab代码\Visio制作神经网络结构图资料\visio最全模板\visio最全模板\visio模板（非常实用）\visio模板\visio模板\模具\液压\管路及附件.vss,.vss,142336,二进制_不可索引不可直读,N
数学建模国赛速成资料汇总！\国赛B题必备模型+代码资料合集\国赛B题必备模型——精美绘图Matlab代码\Visio制作神经网络结构图资料\visio最全模板\visio最全模板\visio模板（非常实用）\visio模板\visio模板\模具\电气\0.vss,.vss,956928,二进制_不可索引不可直读,N
数学建模国赛速成资料汇总！\国赛B题必备模型+代码资料合集\国赛B题必备模型——精美绘图Matlab代码\Visio制作神经网络结构图资料\visio最全模板\visio最全模板\visio模板（非常实用）\visio模板\visio模板\模具\电气\PLC 仪表类.vss,.vss,3455488,二进制_不可索引不可直读,N
数学建模国赛速成资料汇总！\国赛B题必备模型+代码资料合集\国赛B题必备模型——精美绘图Matlab代码\Visio制作神经网络结构图资料\visio最全模板\visio最全模板\visio模板（非常实用）\visio模板\visio模板\模具\电气\其他元件.vss,.vss,184320,二进制_不可索引不可直读,N
数学建模国赛速成资料汇总！\国赛B题必备模型+代码资料合集\国赛B题必备模型——精美绘图Matlab代码\Visio制作神经网络结构图资料\visio最全模板\visio最全模板\visio模板（非常实用）\visio模板\visio模板\模具\电气\变压器.vss,.vss,62976,二进制_不可索引不可直读,N
数学建模国赛速成资料汇总！\国赛B题必备模型+代码资料合集\国赛B题必备模型——精美绘图Matlab代码\Visio制作神经网络结构图资料\visio最全模板\visio最全模板\visio模板（非常实用）\visio模板\visio模板\模具\电气\开关.vss,.vss,177664,二进制_不可索引不可直读,N
数学建模国赛速成资料汇总！\国赛B题必备模型+代码资料合集\国赛B题必备模型——精美绘图Matlab代码\Visio制作神经网络结构图资料\visio最全模板\visio最全模板\visio模板（非常实用）\visio模板\visio模板\模具\电气\用电设备.vss,.vss,77312,二进制_不可索引不可直读,N
数学建模国赛速成资料汇总！\国赛B题必备模型+代码资料合集\国赛B题必备模型——精美绘图Matlab代码\Visio制作神经网络结构图资料\visio最全模板\visio最全模板\visio模板（非常实用）\visio模板\visio模板\模具\电气\电器.vss,.vss,393216,二进制_不可索引不可直读,N
数学建模国赛速成资料汇总！\国赛B题必备模型+代码资料合集\国赛B题必备模型——精美绘图Matlab代码\Visio制作神经网络结构图资料\visio最全模板\visio最全模板\visio模板（非常实用）\visio模板\visio模板\模具\电气\电气元件.vss,.vss,502784,二进制_不可索引不可直读,N
数学建模国赛速成资料汇总！\国赛B题必备模型+代码资料合集\国赛B题必备模型——精美绘图Matlab代码\Visio制作神经网络结构图资料\visio最全模板\visio最全模板\visio模板（非常实用）\visio模板\visio模板\模具\电气\电气原理.vss,.vss,4366336,二进制_不可索引不可直读,N
数学建模国赛速成资料汇总！\国赛B题必备模型+代码资料合集\国赛B题必备模型——精美绘图Matlab代码\Visio制作神经网络结构图资料\visio最全模板\visio最全模板\visio模板（非常实用）\visio模板\visio模板\模具\电气\电气接线.vss,.vss,1786368,二进制_不可索引不可直读,N
数学建模国赛速成资料汇总！\国赛B题必备模型+代码资料合集\国赛B题必备模型——精美绘图Matlab代码\Visio制作神经网络结构图资料\visio最全模板\visio最全模板\visio模板（非常实用）\visio模板\visio模板\模具\电气\电气接线1.vss,.vss,1788416,二进制_不可索引不可直读,N
数学建模国赛速成资料汇总！\国赛B题必备模型+代码资料合集\国赛B题必备模型——精美绘图Matlab代码\Visio制作神经网络结构图资料\visio最全模板\visio最全模板\visio模板（非常实用）\visio模板\visio模板\模具\电气\继电器.vss,.vss,124928,二进制_不可索引不可直读,N
数学建模国赛速成资料汇总！\国赛B题必备模型+代码资料合集\国赛B题必备模型——精美绘图Matlab代码\Visio制作神经网络结构图资料\visio最全模板\visio最全模板\visio模板（非常实用）\visio模板\visio模板\模具\管道\阀门和管件.vss,.vss,214016,二进制_不可索引不可直读,N
数学建模国赛速成资料汇总！\国赛B题必备模型+代码资料合集\国赛B题必备模型——精美绘图Matlab代码\Visio制作神经网络结构图资料\visio最全模板\visio最全模板\visio模板（非常实用）\思科所有产品 Visio图库Casco81-2006\思科所有产品 Visio图库Casco81-2006\Application Networking Services - Wide Area Application Engine.11.06.vss,.vss,2225152,二进制_不可索引不可直读,N
数学建模国赛速成资料汇总！\国赛B题必备模型+代码资料合集\国赛B题必备模型——精美绘图Matlab代码\Visio制作神经网络结构图资料\visio最全模板\visio最全模板\visio模板（非常实用）\思科所有产品 Visio图库Casco81-2006\思科所有产品 Visio图库Casco81-2006\Cisco Unified IP Phone.3.31.06.vss,.vss,1138176,二进制_不可索引不可直读,N
数学建模国赛速成资料汇总！\国赛B题必备模型+代码资料合集\国赛B题必备模型——精美绘图Matlab代码\Visio制作神经网络结构图资料\visio最全模板\visio最全模板\visio模板（非常实用）\思科所有产品 Visio图库Casco81-2006\思科所有产品 Visio图库Casco81-2006\Mds 9140.vss,.vss,174080,二进制_不可索引不可直读,N
数学建模国赛速成资料汇总！\国赛B题必备模型+代码资料合集\国赛B题必备模型——精美绘图Matlab代码\Visio制作神经网络结构图资料\visio最全模板\visio最全模板\visio模板（非常实用）\思科所有产品 Visio图库Casco81-2006\思科所有产品 Visio图库Casco81-2006\ME Series.2.06.vss,.vss,287232,二进制_不可索引不可直读,N
数学建模国赛速成资料汇总！\国赛B题必备模型+代码资料合集\国赛B题必备模型——精美绘图Matlab代码\Visio制作神经网络结构图资料\visio最全模板\visio最全模板\visio模板（非常实用）\思科所有产品 Visio图库Casco81-2006\思科所有产品 Visio图库Casco81-2006\Modules - Shared Port Adapters(SPA)8.2.06.vss,.vss,2250240,二进制_不可索引不可直读,N
数学建模国赛速成资料汇总！\国赛B题必备模型+代码资料合集\国赛B题必备模型——精美绘图Matlab代码\Visio制作神经网络结构图资料\visio最全模板\visio最全模板\visio模板（非常实用）\思科所有产品 Visio图库Casco81-2006\思科所有产品 Visio图库Casco81-2006\Modules-Line Cards.1.06.vss,.vss,3526144,二进制_不可索引不可直读,N
数学建模国赛速成资料汇总！\国赛B题必备模型+代码资料合集\国赛B题必备模型——精美绘图Matlab代码\Visio制作神经网络结构图资料\visio最全模板\visio最全模板\visio模板（非常实用）\思科所有产品 Visio图库Casco81-2006\思科所有产品 Visio图库Casco81-2006\Modules-Network Modules.1.06.vss,.vss,1810432,二进制_不可索引不可直读,N
数学建模国赛速成资料汇总！\国赛B题必备模型+代码资料合集\国赛B题必备模型——精美绘图Matlab代码\Visio制作神经网络结构图资料\visio最全模板\visio最全模板\visio模板（非常实用）\思科所有产品 Visio图库Casco81-2006\思科所有产品 Visio图库Casco81-2006\Modules-VICs.2.26.03.vss,.vss,202752,二进制_不可索引不可直读,N
数学建模国赛速成资料汇总！\国赛B题必备模型+代码资料合集\国赛B题必备模型——精美绘图Matlab代码\Visio制作神经网络结构图资料\visio最全模板\visio最全模板\visio模板（非常实用）\思科所有产品 Visio图库Casco81-2006\思科所有产品 Visio图库Casco81-2006\Optical Networking - Cisco ONS 15305.11.04.05.vss,.vss,278528,二进制_不可索引不可直读,N
数学建模国赛速成资料汇总！\国赛B题必备模型+代码资料合集\国赛B题必备模型——精美绘图Matlab代码\Visio制作神经网络结构图资料\visio最全模板\visio最全模板\visio模板（非常实用）\思科所有产品 Visio图库Casco81-2006\思科所有产品 Visio图库Casco81-2006\Optical Networking - Cisco ONS 15310.vss,.vss,876032,二进制_不可索引不可直读,N
数学建模国赛速成资料汇总！\国赛B题必备模型+代码资料合集\国赛B题必备模型——精美绘图Matlab代码\Visio制作神经网络结构图资料\visio最全模板\visio最全模板\visio模板（非常实用）\思科所有产品 Visio图库Casco81-2006\思科所有产品 Visio图库Casco81-2006\Optical Networking-Cisco ONS 15454.10.6.06.vss,.vss,1507328,二进制_不可索引不可直读,N
数学建模国赛速成资料汇总！\国赛B题必备模型+代码资料合集\国赛B题必备模型——精美绘图Matlab代码\Visio制作神经网络结构图资料\visio最全模板\visio最全模板\visio模板（非常实用）\思科所有产品 Visio图库Casco81-2006\思科所有产品 Visio图库Casco81-2006\Routers - Cisco 3200 Mobile Access Routers.5.04.vss,.vss,145408,二进制_不可索引不可直读,N
数学建模国赛速成资料汇总！\国赛B题必备模型+代码资料合集\国赛B题必备模型——精美绘图Matlab代码\Visio制作神经网络结构图资料\visio最全模板\visio最全模板\visio模板（非常实用）\思科所有产品 Visio图库Casco81-2006\思科所有产品 Visio图库Casco81-2006\Routers - Cisco 7500.vss,.vss,511488,二进制_不可索引不可直读,N
数学建模国赛速成资料汇总！\国赛B题必备模型+代码资料合集\国赛B题必备模型——精美绘图Matlab代码\Visio制作神经网络结构图资料\visio最全模板\visio最全模板\visio模板（非常实用）\思科所有产品 Visio图库Casco81-2006\思科所有产品 Visio图库Casco81-2006\Routers - Cisco6400-6x60.vss,.vss,1201664,二进制_不可索引不可直读,N
数学建模国赛速成资料汇总！\国赛B题必备模型+代码资料合集\国赛B题必备模型——精美绘图Matlab代码\Visio制作神经网络结构图资料\visio最全模板\visio最全模板\visio模板（非常实用）\思科所有产品 Visio图库Casco81-2006\思科所有产品 Visio图库Casco81-2006\Routers - Cisco7100.vss,.vss,1956864,二进制_不可索引不可直读,N
数学建模国赛速成资料汇总！\国赛B题必备模型+代码资料合集\国赛B题必备模型——精美绘图Matlab代码\Visio制作神经网络结构图资料\visio最全模板\visio最全模板\visio模板（非常实用）\思科所有产品 Visio图库Casco81-2006\思科所有产品 Visio图库Casco81-2006\Routers-Cisco 10000.2.26.03.vss,.vss,658432,二进制_不可索引不可直读,N
数学建模国赛速成资料汇总！\国赛B题必备模型+代码资料合集\国赛B题必备模型——精美绘图Matlab代码\Visio制作神经网络结构图资料\visio最全模板\visio最全模板\visio模板（非常实用）\思科所有产品 Visio图库Casco81-2006\思科所有产品 Visio图库Casco81-2006\Routers-Cisco 10720.2.26.03.vss,.vss,391168,二进制_不可索引不可直读,N
数学建模国赛速成资料汇总！\国赛B题必备模型+代码资料合集\国赛B题必备模型——精美绘图Matlab代码\Visio制作神经网络结构图资料\visio最全模板\visio最全模板\visio模板（非常实用）\思科所有产品 Visio图库Casco81-2006\思科所有产品 Visio图库Casco81-2006\Routers-Cisco 12000.5.06.vss,.vss,3119104,二进制_不可索引不可直读,N
数学建模国赛速成资料汇总！\国赛B题必备模型+代码资料合集\国赛B题必备模型——精美绘图Matlab代码\Visio制作神经网络结构图资料\visio最全模板\visio最全模板\visio模板（非常实用）\思科所有产品 Visio图库Casco81-2006\思科所有产品 Visio图库Casco81-2006\Routers-Cisco 1700.9.04.vss,.vss,248832,二进制_不可索引不可直读,N
数学建模国赛速成资料汇总！\国赛B题必备模型+代码资料合集\国赛B题必备模型——精美绘图Matlab代码\Visio制作神经网络结构图资料\visio最全模板\visio最全模板\visio模板（非常实用）\思科所有产品 Visio图库Casco81-2006\思科所有产品 Visio图库Casco81-2006\Routers-Cisco 1841.vss,.vss,55296,二进制_不可索引不可直读,N
数学建模国赛速成资料汇总！\国赛B题必备模型+代码资料合集\国赛B题必备模型——精美绘图Matlab代码\Visio制作神经网络结构图资料\visio最全模板\visio最全模板\visio模板（非常实用）\思科所有产品 Visio图库Casco81-2006\思科所有产品 Visio图库Casco81-2006\Routers-Cisco 2500.2.26.03.vss,.vss,185856,二进制_不可索引不可直读,N
数学建模国赛速成资料汇总！\国赛B题必备模型+代码资料合集\国赛B题必备模型——精美绘图Matlab代码\Visio制作神经网络结构图资料\visio最全模板\visio最全模板\visio模板（非常实用）\思科所有产品 Visio图库Casco81-2006\思科所有产品 Visio图库Casco81-2006\Routers-Cisco 2600.11.16.05.vss,.vss,421888,二进制_不可索引不可直读,N
数学建模国赛速成资料汇总！\国赛B题必备模型+代码资料合集\国赛B题必备模型——精美绘图Matlab代码\Visio制作神经网络结构图资料\visio最全模板\visio最全模板\visio模板（非常实用）\思科所有产品 Visio图库Casco81-2006\思科所有产品 Visio图库Casco81-2006\Routers-Cisco 3700.2.26.03.vss,.vss,102400,二进制_不可索引不可直读,N
数学建模国赛速成资料汇总！\国赛B题必备模型+代码资料合集\国赛B题必备模型——精美绘图Matlab代码\Visio制作神经网络结构图资料\visio最全模板\visio最全模板\visio模板（非常实用）\思科所有产品 Visio图库Casco81-2006\思科所有产品 Visio图库Casco81-2006\Routers-Cisco 7300.9.3.04.vss,.vss,527872,二进制_不可索引不可直读,N
数学建模国赛速成资料汇总！\国赛B题必备模型+代码资料合集\国赛B题必备模型——精美绘图Matlab代码\Visio制作神经网络结构图资料\visio最全模板\visio最全模板\visio模板（非常实用）\思科所有产品 Visio图库Casco81-2006\思科所有产品 Visio图库Casco81-2006\Routers-Cisco 7600.10.6.06.vss,.vss,584704,二进制_不可索引不可直读,N
数学建模国赛速成资料汇总！\国赛B题必备模型+代码资料合集\国赛B题必备模型——精美绘图Matlab代码\Visio制作神经网络结构图资料\visio最全模板\visio最全模板\visio模板（非常实用）\思科所有产品 Visio图库Casco81-2006\思科所有产品 Visio图库Casco81-2006\Routers-Cisco 800.7.13.04.vss,.vss,354816,二进制_不可索引不可直读,N
数学建模国赛速成资料汇总！\国赛B题必备模型+代码资料合集\国赛B题必备模型——精美绘图Matlab代码\Visio制作神经网络结构图资料\visio最全模板\visio最全模板\visio模板（非常实用）\思科所有产品 Visio图库Casco81-2006\思科所有产品 Visio图库Casco81-2006\Security-Cisco ASA 55xx.vss,.vss,168448,二进制_不可索引不可直读,N
数学建模国赛速成资料汇总！\国赛B题必备模型+代码资料合集\国赛B题必备模型——精美绘图Matlab代码\Visio制作神经网络结构图资料\visio最全模板\visio最全模板\visio模板（非常实用）\思科所有产品 Visio图库Casco81-2006\思科所有产品 Visio图库Casco81-2006\Security-Cisco IDS 4215 Sensor.vss,.vss,76800,二进制_不可索引不可直读,N
数学建模国赛速成资料汇总！\国赛B题必备模型+代码资料合集\国赛B题必备模型——精美绘图Matlab代码\Visio制作神经网络结构图资料\visio最全模板\visio最全模板\visio模板（非常实用）\思科所有产品 Visio图库Casco81-2006\思科所有产品 Visio图库Casco81-2006\Security-VPN CCA-3140-H18.16.06.vss,.vss,908800,二进制_不可索引不可直读,N
数学建模国赛速成资料汇总！\国赛B题必备模型+代码资料合集\国赛B题必备模型——精美绘图Matlab代码\Visio制作神经网络结构图资料\visio最全模板\visio最全模板\visio模板（非常实用）\思科所有产品 Visio图库Casco81-2006\思科所有产品 Visio图库Casco81-2006\Server Switching - SFSxxx.4.06.vss,.vss,38757888,二进制_不可索引不可直读,N
数学建模国赛速成资料汇总！\国赛B题必备模型+代码资料合集\国赛B题必备模型——精美绘图Matlab代码\Visio制作神经网络结构图资料\visio最全模板\visio最全模板\visio模板（非常实用）\思科所有产品 Visio图库Casco81-2006\思科所有产品 Visio图库Casco81-2006\Storage Networking - Cisco MDS 9000.8.21.06.vss,.vss,3912704,二进制_不可索引不可直读,N
数学建模国赛速成资料汇总！\国赛B题必备模型+代码资料合集\国赛B题必备模型——精美绘图Matlab代码\Visio制作神经网络结构图资料\visio最全模板\visio最全模板\visio模板（非常实用）\思科所有产品 Visio图库Casco81-2006\思科所有产品 Visio图库Casco81-2006\Switches  - Catalyst 3750.1.31.06.vss,.vss,678400,二进制_不可索引不可直读,N
数学建模国赛速成资料汇总！\国赛B题必备模型+代码资料合集\国赛B题必备模型——精美绘图Matlab代码\Visio制作神经网络结构图资料\visio最全模板\visio最全模板\visio模板（非常实用）\思科所有产品 Visio图库Casco81-2006\思科所有产品 Visio图库Casco81-2006\Switches - Catalyst 2900XL.5.04.vss,.vss,192512,二进制_不可索引不可直读,N
数学建模国赛速成资料汇总！\国赛B题必备模型+代码资料合集\国赛B题必备模型——精美绘图Matlab代码\Visio制作神经网络结构图资料\visio最全模板\visio最全模板\visio模板（非常实用）\思科所有产品 Visio图库Casco81-2006\思科所有产品 Visio图库Casco81-2006\Switches - Catalyst 2940.5.04.vss,.vss,60928,二进制_不可索引不可直读,N
数学建模国赛速成资料汇总！\国赛B题必备模型+代码资料合集\国赛B题必备模型——精美绘图Matlab代码\Visio制作神经网络结构图资料\visio最全模板\visio最全模板\visio模板（非常实用）\思科所有产品 Visio图库Casco81-2006\思科所有产品 Visio图库Casco81-2006\Switches - Catalyst 2955.6.7.04.vss,.vss,351744,二进制_不可索引不可直读,N
数学建模国赛速成资料汇总！\国赛B题必备模型+代码资料合集\国赛B题必备模型——精美绘图Matlab代码\Visio制作神经网络结构图资料\visio最全模板\visio最全模板\visio模板（非常实用）\思科所有产品 Visio图库Casco81-2006\思科所有产品 Visio图库Casco81-2006\Switches - Catalyst 2960.11.06.vss,.vss,2030080,二进制_不可索引不可直读,N
数学建模国赛速成资料汇总！\国赛B题必备模型+代码资料合集\国赛B题必备模型——精美绘图Matlab代码\Visio制作神经网络结构图资料\visio最全模板\visio最全模板\visio模板（非常实用）\思科所有产品 Visio图库Casco81-2006\思科所有产品 Visio图库Casco81-2006\Switches - Catalyst 4000.vss,.vss,440832,二进制_不可索引不可直读,N
数学建模国赛速成资料汇总！\国赛B题必备模型+代码资料合集\国赛B题必备模型——精美绘图Matlab代码\Visio制作神经网络结构图资料\visio最全模板\visio最全模板\visio模板（非常实用）\思科所有产品 Visio图库Casco81-2006\思科所有产品 Visio图库Casco81-2006\Switches - Catalyst 4948.vss,.vss,56832,二进制_不可索引不可直读,N
数学建模国赛速成资料汇总！\国赛B题必备模型+代码资料合集\国赛B题必备模型——精美绘图Matlab代码\Visio制作神经网络结构图资料\visio最全模板\visio最全模板\visio模板（非常实用）\思科所有产品 Visio图库Casco81-2006\思科所有产品 Visio图库Casco81-2006\Switches - Catalyst 5000.vss,.vss,1496064,二进制_不可索引不可直读,N
数学建模国赛速成资料汇总！\国赛B题必备模型+代码资料合集\国赛B题必备模型——精美绘图Matlab代码\Visio制作神经网络结构图资料\visio最全模板\visio最全模板\visio模板（非常实用）\思科所有产品 Visio图库Casco81-2006\思科所有产品 Visio图库Casco81-2006\Switches - Catalyst 6500.vss,.vss,867840,二进制_不可索引不可直读,N
数学建模国赛速成资料汇总！\国赛B题必备模型+代码资料合集\国赛B题必备模型——精美绘图Matlab代码\Visio制作神经网络结构图资料\visio最全模板\visio最全模板\visio模板（非常实用）\思科所有产品 Visio图库Casco81-2006\思科所有产品 Visio图库Casco81-2006\Switches-Catalyst 3500.2.26.03.vss,.vss,329728,二进制_不可索引不可直读,N
数学建模国赛速成资料汇总！\国赛B题必备模型+代码资料合集\国赛B题必备模型——精美绘图Matlab代码\Visio制作神经网络结构图资料\visio最全模板\visio最全模板\visio模板（非常实用）\思科所有产品 Visio图库Casco81-2006\思科所有产品 Visio图库Casco81-2006\Switches-Catalyst 3560.11.06.vss,.vss,879104,二进制_不可索引不可直读,N
数学建模国赛速成资料汇总！\国赛B题必备模型+代码资料合集\国赛B题必备模型——精美绘图Matlab代码\Visio制作神经网络结构图资料\visio最全模板\visio最全模板\visio模板（非常实用）\思科所有产品 Visio图库Casco81-2006\思科所有产品 Visio图库Casco81-2006\Switches-Catalyst 4000.3.3.03.vss,.vss,439296,二进制_不可索引不可直读,N
数学建模国赛速成资料汇总！\国赛B题必备模型+代码资料合集\国赛B题必备模型——精美绘图Matlab代码\Visio制作神经网络结构图资料\visio最全模板\visio最全模板\visio模板（非常实用）\思科所有产品 Visio图库Casco81-2006\思科所有产品 Visio图库Casco81-2006\Switches-Catalyst 4500.vss,.vss,392192,二进制_不可索引不可直读,N
数学建模国赛速成资料汇总！\国赛B题必备模型+代码资料合集\国赛B题必备模型——精美绘图Matlab代码\Visio制作神经网络结构图资料\visio最全模板\visio最全模板\visio模板（非常实用）\思科所有产品 Visio图库Casco81-2006\思科所有产品 Visio图库Casco81-2006\Switches-Catalyst Express 500.vss,.vss,238080,二进制_不可索引不可直读,N
数学建模国赛速成资料汇总！\国赛B题必备模型+代码资料合集\国赛B题必备模型——精美绘图Matlab代码\Visio制作神经网络结构图资料\visio最全模板\visio最全模板\visio模板（非常实用）\思科所有产品 Visio图库Casco81-2006\思科所有产品 Visio图库Casco81-2006\Swithces-Catalyst 2950.12.05.vss,.vss,862208,二进制_不可索引不可直读,N
数学建模国赛速成资料汇总！\国赛B题必备模型+代码资料合集\国赛B题必备模型——精美绘图Matlab代码\Visio制作神经网络结构图资料\visio最全模板\visio最全模板\visio模板（非常实用）\思科所有产品 Visio图库Casco81-2006\思科所有产品 Visio图库Casco81-2006\Swithces-Catalyst 6000.3.30.06.vss,.vss,635904,二进制_不可索引不可直读,N
数学建模国赛速成资料汇总！\国赛B题必备模型+代码资料合集\国赛B题必备模型——精美绘图Matlab代码\Visio制作神经网络结构图资料\visio最全模板\visio最全模板\visio模板（非常实用）\思科所有产品 Visio图库Casco81-2006\思科所有产品 Visio图库Casco81-2006\Swithces-CSS 11000.2.26.03.vss,.vss,532480,二进制_不可索引不可直读,N
数学建模国赛速成资料汇总！\国赛B题必备模型+代码资料合集\国赛B题必备模型——精美绘图Matlab代码\Visio制作神经网络结构图资料\visio最全模板\visio最全模板\visio模板（非常实用）\思科所有产品 Visio图库Casco81-2006\思科所有产品 Visio图库Casco81-2006\Wireless.1.31.06.vss,.vss,634368,二进制_不可索引不可直读,N
数学建模国赛速成资料汇总！\国赛B题必备模型+代码资料合集\国赛B题必备模型——精美绘图Matlab代码\Visio制作神经网络结构图资料\VISIO模板\Colorful visio flowchart template V1.vss,.vss,71168,二进制_不可索引不可直读,N
数学建模国赛速成资料汇总！\国赛B题必备模型+代码资料合集\国赛B题必备模型——精美绘图Matlab代码\Visio制作神经网络结构图资料\VISIO模板\GUUUI Web Prototyping Stencil 3.vss,.vss,150528,二进制_不可索引不可直读,N
数学建模国赛速成资料汇总！\国赛B题必备模型+代码资料合集\国赛B题必备模型——精美绘图Matlab代码\Visio制作神经网络结构图资料\VISIO模板\Sketch-GUI-shapes-2k7.vss,.vss,562176,二进制_不可索引不可直读,N
数学建模国赛速成资料汇总！\国赛B题必备模型+代码资料合集\国赛B题必备模型——精美绘图Matlab代码\Visio制作神经网络结构图资料\VISIO模板\UML 用例.vss,.vss,56320,二进制_不可索引不可直读,N
数学建模国赛速成资料汇总！\国赛B题必备模型+代码资料合集\国赛B题必备模型——精美绘图Matlab代码\Visio制作神经网络结构图资料\VISIO模板\收藏夹.vss,.vss,68096,二进制_不可索引不可直读,N
数学建模国赛速成资料汇总！\国赛B题必备模型+代码资料合集\国赛B题必备模型——精美绘图Matlab代码\Visio制作神经网络结构图资料\VISIO模板\流程图绘制模板.vst,.vst,293376,二进制_不可索引不可直读,N
数学建模国赛速成资料汇总！\国赛B题必备模型+代码资料合集\国赛B题必备模型——精美绘图Matlab代码\世界地图、中国地图模版\世界地图生成模板 - 经典分档填色型.xlsm,.xlsm,664174,二进制_不可索引不可直读,Y
数学建模国赛速成资料汇总！\国赛B题必备模型+代码资料合集\国赛B题必备模型——精美绘图Matlab代码\世界地图、中国地图模版\中国数据地图生成模板.xlsm,.xlsm,2845026,二进制_不可索引不可直读,Y
数学建模国赛速成资料汇总！\国赛B题必备模型+代码资料合集\国赛B题必备模型——精美绘图Matlab代码\世界地图、中国地图模版\热力气泡中国数据地图.xlsm,.xlsm,1913485,二进制_不可索引不可直读,Y
数学建模国赛速成资料汇总！\国赛B题必备模型+代码资料合集\国赛B题必备模型——精美绘图Matlab代码\超美绘图软件\超美绘图软件画图更新07_29(2020以下GBK编码)\画图更新07_29(2020以下GBK编码)\figure_youwant.p,.p,1524,二进制_不可索引不可直读,N
数学建模国赛速成资料汇总！\国赛B题必备模型+代码资料合集\国赛B题必备模型——精美绘图Matlab代码\超美绘图软件\超美绘图软件画图更新07_29(2020以下GBK编码)\画图更新07_29(2020以下GBK编码)\子块2\reli_plot.p,.p,6271,二进制_不可索引不可直读,N
数学建模国赛速成资料汇总！\国赛B题必备模型+代码资料合集\国赛B题必备模型——精美绘图Matlab代码\超美绘图软件\超美绘图软件画图更新07_29(2020以下GBK编码)\画图更新07_29(2020以下GBK编码)\子块2\sanwei_qumian_plot.p,.p,9882,二进制_不可索引不可直读,N
数学建模国赛速成资料汇总！\国赛B题必备模型+代码资料合集\国赛B题必备模型——精美绘图Matlab代码\超美绘图软件\超美绘图软件画图更新07_29(2020以下GBK编码)\画图更新07_29(2020以下GBK编码)\子块2\sanwei_zhuzuang_plot.p,.p,7503,二进制_不可索引不可直读,N
数学建模国赛速成资料汇总！\国赛B题必备模型+代码资料合集\国赛B题必备模型——精美绘图Matlab代码\超美绘图软件\超美绘图软件画图更新07_29(2020以下GBK编码)\画图更新07_29(2020以下GBK编码)\子块2\shuiping_zhuzuang_plot.p,.p,7611,二进制_不可索引不可直读,N
数学建模国赛速成资料汇总！\国赛B题必备模型+代码资料合集\国赛B题必备模型——精美绘图Matlab代码\超美绘图软件\超美绘图软件画图更新07_29(2020以下GBK编码)\画图更新07_29(2020以下GBK编码)\子块2\shungY_picture_plot.p,.p,10283,二进制_不可索引不可直读,N
数学建模国赛速成资料汇总！\国赛B题必备模型+代码资料合集\国赛B题必备模型——精美绘图Matlab代码\超美绘图软件\超美绘图软件画图更新07_29(2020以下GBK编码)\画图更新07_29(2020以下GBK编码)\子块2\zhuzuang_plot.p,.p,7560,二进制_不可索引不可直读,N
数学建模国赛速成资料汇总！\国赛B题必备模型+代码资料合集\国赛B题必备评价模型——topsis模型\TOPSIS模型具体步骤及代码.zip,.zip,20059,二进制_不可索引不可直读,Y
数学建模国赛速成资料汇总！\国赛B题必备模型+代码资料合集\国赛B题必备评价模型——topsis模型\TOPSIS模型基本原理.pdf,.pdf,341993,二进制_不可索引不可直读,Y
数学建模国赛速成资料汇总！\国赛B题必备模型+代码资料合集\国赛B题必备评价模型——topsis模型\TOPSIS模型基础入门与实践.pptx,.pptx,861399,二进制_不可索引不可直读,Y
数学建模国赛速成资料汇总！\国赛B题必备模型+代码资料合集\国赛B题必备评价模型——主成分分析法\201104-主成分分析.ppt,.ppt,1017344,二进制_不可索引不可直读,Y
数学建模国赛速成资料汇总！\国赛B题必备模型+代码资料合集\国赛B题必备评价模型——主成分分析法\pca主成分分析.zip,.zip,3615463,二进制_不可索引不可直读,Y
数学建模国赛速成资料汇总！\国赛B题必备模型+代码资料合集\国赛B题必备评价模型——主成分分析法\主成分分析法案例.ppt,.ppt,1895424,二进制_不可索引不可直读,Y
数学建模国赛速成资料汇总！\国赛B题必备模型+代码资料合集\国赛B题必备评价模型——主成分分析法\主成分分析法步骤，例子.rar,.rar,218365,二进制_不可索引不可直读,Y
数学建模国赛速成资料汇总！\国赛B题必备模型+代码资料合集\国赛B题必备评价模型——主成分分析法\主成分分析法的MATLAB代码实现.zip,.zip,866559,二进制_不可索引不可直读,Y
数学建模国赛速成资料汇总！\国赛B题必备模型+代码资料合集\国赛B题必备评价模型——主成分分析法\主成分分析法的原理应用及计算步骤.doc,.doc,100352,二进制_不可索引不可直读,Y
数学建模国赛速成资料汇总！\国赛B题必备模型+代码资料合集\国赛B题必备评价模型——主成分分析法\主成分分析降维代码（直接调用版）.doc,.doc,30720,二进制_不可索引不可直读,Y
数学建模国赛速成资料汇总！\国赛B题必备模型+代码资料合集\国赛B题必备评价模型——因子分析法\Eviews主成分分析和因子分析.ppt,.ppt,2015744,二进制_不可索引不可直读,Y
数学建模国赛速成资料汇总！\国赛B题必备模型+代码资料合集\国赛B题必备评价模型——因子分析法\因子分析.pdf,.pdf,717435,二进制_不可索引不可直读,Y
数学建模国赛速成资料汇总！\国赛B题必备模型+代码资料合集\国赛B题必备评价模型——因子分析法\因子分析法MATLAB程序.rar,.rar,1088,二进制_不可索引不可直读,Y
数学建模国赛速成资料汇总！\国赛B题必备模型+代码资料合集\国赛B题必备评价模型——因子分析法\因子分析法原理及其实例分析.ppt,.ppt,1480192,二进制_不可索引不可直读,Y
数学建模国赛速成资料汇总！\国赛B题必备模型+代码资料合集\国赛B题必备评价模型——因子分析法\数据建模中因子分析法的详解.ppt,.ppt,1480192,二进制_不可索引不可直读,Y
数学建模国赛速成资料汇总！\国赛B题必备模型+代码资料合集\国赛B题必备评价模型——层次分析法\06层次分析法.pdf,.pdf,1041109,二进制_不可索引不可直读,Y
数学建模国赛速成资料汇总！\国赛B题必备模型+代码资料合集\国赛B题必备评价模型——层次分析法\AHP层次分析法软件.rar,.rar,48323,二进制_不可索引不可直读,Y
数学建模国赛速成资料汇总！\国赛B题必备模型+代码资料合集\国赛B题必备评价模型——层次分析法\AHP层次分析法软件及操作方法(含图).rar,.rar,6048464,二进制_不可索引不可直读,Y
数学建模国赛速成资料汇总！\国赛B题必备模型+代码资料合集\国赛B题必备评价模型——层次分析法\层次分析法建模.rar,.rar,277410,二进制_不可索引不可直读,Y
数学建模国赛速成资料汇总！\国赛B题必备模型+代码资料合集\国赛B题必备评价模型——层次分析法\层次分析法软件 yaahp V10.3（全功能免费版）.zip,.zip,37949117,二进制_不可索引不可直读,Y
数学建模国赛速成资料汇总！\国赛B题必备模型+代码资料合集\国赛B题必备评价模型——层次分析法\数学建模(层次分析法(AHP法)).ppt,.ppt,1111552,二进制_不可索引不可直读,Y
数学建模国赛速成资料汇总！\国赛B题必备模型+代码资料合集\国赛B题必备评价模型——层次分析法\数模常规算法之层次分析法应用讲解.pptx,.pptx,648701,二进制_不可索引不可直读,Y
数学建模国赛速成资料汇总！\国赛B题必备模型+代码资料合集\国赛B题必备评价模型——模糊综合评价\模糊综合评价matlab代码.docx,.docx,21448,二进制_不可索引不可直读,Y
数学建模国赛速成资料汇总！\国赛B题必备模型+代码资料合集\国赛B题必备评价模型——模糊综合评价\模糊综合评价富营养化评价.rar,.rar,1098,二进制_不可索引不可直读,Y
数学建模国赛速成资料汇总！\国赛B题必备模型+代码资料合集\国赛B题必备评价模型——模糊综合评价\模糊综合评价模型.docx,.docx,83397,二进制_不可索引不可直读,Y
数学建模国赛速成资料汇总！\国赛B题必备模型+代码资料合集\国赛B题必备评价模型——模糊综合评价\老哥带你学数模：模糊综合评价算法 .pdf,.pdf,1533295,二进制_不可索引不可直读,Y
数学建模国赛速成资料汇总！\国赛B题必备模型+代码资料合集\国赛B题必备评价模型——模糊综合评价\模糊综合评价_7个部分_下载后请先解压(1)\更新11_模糊综合评价_第1部分_模糊数学的概述.ev1,.ev1,38883679,二进制_不可索引不可直读,N
数学建模国赛速成资料汇总！\国赛B题必备模型+代码资料合集\国赛B题必备评价模型——模糊综合评价\模糊综合评价_7个部分_下载后请先解压(1)\更新11_模糊综合评价_第2部分_模糊集合和隶属函数.ev1,.ev1,121044978,二进制_不可索引不可直读,N
数学建模国赛速成资料汇总！\国赛B题必备模型+代码资料合集\国赛B题必备评价模型——模糊综合评价\模糊综合评价_7个部分_下载后请先解压(1)\更新11_模糊综合评价_第3部分_隶属函数的三种确定方法.ev1,.ev1,115549229,二进制_不可索引不可直读,N
数学建模国赛速成资料汇总！\国赛B题必备模型+代码资料合集\国赛B题必备评价模型——模糊综合评价\模糊综合评价_7个部分_下载后请先解压(1)\更新11_模糊综合评价_第4部分_对员工进行年终综合评定.ev1,.ev1,189855680,二进制_不可索引不可直读,N
数学建模国赛速成资料汇总！\国赛B题必备模型+代码资料合集\国赛B题必备评价模型——模糊综合评价\模糊综合评价_7个部分_下载后请先解压(1)\更新11_模糊综合评价_第5部分_空气质量等级评定和煤矿边坡方案选择.ev1,.ev1,145386097,二进制_不可索引不可直读,N
数学建模国赛速成资料汇总！\国赛B题必备模型+代码资料合集\国赛B题必备评价模型——模糊综合评价\模糊综合评价_7个部分_下载后请先解压(1)\更新11_模糊综合评价_第6部分_根据学生表现评选奖学金.ev1,.ev1,185968409,二进制_不可索引不可直读,N
数学建模国赛速成资料汇总！\国赛B题必备模型+代码资料合集\国赛B题必备评价模型——模糊综合评价\模糊综合评价_7个部分_下载后请先解压(1)\更新11_模糊综合评价_第7部分_陶瓷厂六种产品销量的评判.ev1,.ev1,99466403,二进制_不可索引不可直读,N
数学建模国赛速成资料汇总！\国赛B题必备模型+代码资料合集\国赛B题必备评价模型——灰色关联分析法\最容易掌握灰色关联分析法的教程.ppt,.ppt,675840,二进制_不可索引不可直读,Y
数学建模国赛速成资料汇总！\国赛B题必备模型+代码资料合集\国赛B题必备评价模型——灰色关联分析法\最容易掌握灰色关联分析法的教程.zip,.zip,289585,二进制_不可索引不可直读,Y
数学建模国赛速成资料汇总！\国赛B题必备模型+代码资料合集\国赛B题必备评价模型——灰色关联分析法\灰色关联分析方法.ppt,.ppt,395264,二进制_不可索引不可直读,Y
数学建模国赛速成资料汇总！\国赛B题必备模型+代码资料合集\国赛B题必备评价模型——灰色关联分析法\灰色关联分析法MATLAB实现.zip,.zip,4603,二进制_不可索引不可直读,Y
数学建模国赛速成资料汇总！\国赛B题必备模型+代码资料合集\国赛B题必备评价模型——灰色关联分析法\灰色关联分析软件.rar,.rar,98652,二进制_不可索引不可直读,Y
数学建模国赛速成资料汇总！\国赛B题必备模型+代码资料合集\国赛B题必备评价模型——灰色关联分析法\2-灰色关联分析\灰色接近关联度.xls,.xls,13824,二进制_不可索引不可直读,Y
数学建模国赛速成资料汇总！\国赛B题必备模型+代码资料合集\国赛B题必备评价模型——灰色关联分析法\2-灰色关联分析\灰色相似关联度.xls,.xls,13824,二进制_不可索引不可直读,Y
数学建模国赛速成资料汇总！\国赛B题必备模型+代码资料合集\国赛B题必备评价模型——灰色关联分析法\2-灰色关联分析\灰色相对关联度.xls,.xls,18432,二进制_不可索引不可直读,Y
数学建模国赛速成资料汇总！\国赛B题必备模型+代码资料合集\国赛B题必备评价模型——灰色关联分析法\2-灰色关联分析\灰色绝对关联度.xls,.xls,14336,二进制_不可索引不可直读,Y
数学建模国赛速成资料汇总！\国赛B题必备模型+代码资料合集\国赛B题必备评价模型——灰色关联分析法\2-灰色关联分析\灰色综合关联度.xls,.xls,13824,二进制_不可索引不可直读,Y
数学建模国赛速成资料汇总！\国赛B题必备模型+代码资料合集\国赛B题必备评价模型——灰色关联分析法\2-灰色关联分析\邓氏关联度.xls,.xls,14336,二进制_不可索引不可直读,Y
数学建模国赛速成资料汇总！\国赛B题必备模型+代码资料合集\国赛B题必备评价模型——神经网络算法\神经网络算法MATLAB程序.rar,.rar,1125807,二进制_不可索引不可直读,Y
数学建模国赛速成资料汇总！\国赛B题必备模型+代码资料合集\国赛B题必备评价模型——神经网络算法\神经网络算法基本原理.pdf,.pdf,71284,二进制_不可索引不可直读,Y
数学建模国赛速成资料汇总！\国赛B题必备模型+代码资料合集\国赛B题必备评价模型——神经网络算法\神经网络详细的预测内容.zip,.zip,172976,二进制_不可索引不可直读,Y
数学建模国赛速成资料汇总！\国赛B题必备模型+代码资料合集\国赛B题必备评价模型——神经网络算法\神经网络预测.zip,.zip,5346,二进制_不可索引不可直读,Y
数学建模国赛速成资料汇总！\国赛B题必备模型+代码资料合集\国赛B题必备预测模型——Logistic模型\Logistic 回归_1.pptx,.pptx,1761125,二进制_不可索引不可直读,Y
数学建模国赛速成资料汇总！\国赛B题必备模型+代码资料合集\国赛B题必备预测模型——Logistic模型\Logistic回归.pdf,.pdf,385946,二进制_不可索引不可直读,Y
数学建模国赛速成资料汇总！\国赛B题必备模型+代码资料合集\国赛B题必备预测模型——Logistic模型\logistic回归matlab代码.doc,.doc,11126,二进制_不可索引不可直读,Y
数学建模国赛速成资料汇总！\国赛B题必备模型+代码资料合集\国赛B题必备预测模型——Logistic模型\Logistic回归模型.doc,.doc,747048,二进制_不可索引不可直读,Y
数学建模国赛速成资料汇总！\国赛B题必备模型+代码资料合集\国赛B题必备预测模型——Logistic模型\logistic回归模型.ppt,.ppt,513536,二进制_不可索引不可直读,Y
数学建模国赛速成资料汇总！\国赛B题必备模型+代码资料合集\国赛B题必备预测模型——Logistic模型\Logistic回归模型.zip,.zip,11065,二进制_不可索引不可直读,Y
数学建模国赛速成资料汇总！\国赛B题必备模型+代码资料合集\国赛B题必备预测模型——Logistic模型\Logistic回归模型介绍.doc,.doc,757824,二进制_不可索引不可直读,Y
数学建模国赛速成资料汇总！\国赛B题必备模型+代码资料合集\国赛B题必备预测模型——Logistic模型\logistic回归模型代码python.docx,.docx,3731,二进制_不可索引不可直读,Y
数学建模国赛速成资料汇总！\国赛B题必备模型+代码资料合集\国赛B题必备预测模型——Logistic模型\logistic模型(1).doc,.doc,493608,二进制_不可索引不可直读,Y
数学建模国赛速成资料汇总！\国赛B题必备模型+代码资料合集\国赛B题必备预测模型——Logistic模型\Logistic模型(1).ppt,.ppt,2389504,二进制_不可索引不可直读,Y
数学建模国赛速成资料汇总！\国赛B题必备模型+代码资料合集\国赛B题必备预测模型——Logistic模型\logistic模型及其matlab算法.pdf,.pdf,598358,二进制_不可索引不可直读,Y
数学建模国赛速成资料汇总！\国赛B题必备模型+代码资料合集\国赛B题必备预测模型——Logistic模型\Logistic模型应用(1).doc,.doc,138792,二进制_不可索引不可直读,Y
数学建模国赛速成资料汇总！\国赛B题必备模型+代码资料合集\国赛B题必备预测模型——Logistic模型\Logistic模型应用模板.doc,.doc,138755,二进制_不可索引不可直读,Y
数学建模国赛速成资料汇总！\国赛B题必备模型+代码资料合集\国赛B题必备预测模型——Logistic模型\数学建模logistic人口增长模型.docx,.docx,31765,二进制_不可索引不可直读,Y
数学建模国赛速成资料汇总！\国赛B题必备模型+代码资料合集\国赛B题必备预测模型——LSTM模型\lstm 模型结构.docx,.docx,15066,二进制_不可索引不可直读,Y
数学建模国赛速成资料汇总！\国赛B题必备模型+代码资料合集\国赛B题必备预测模型——LSTM模型\lstm多步预测matlab代码.doc,.doc,13866,二进制_不可索引不可直读,Y
数学建模国赛速成资料汇总！\国赛B题必备模型+代码资料合集\国赛B题必备预测模型——LSTM模型\LSTM时间序列神经网络预测MATLAB代码.zip,.zip,980,二进制_不可索引不可直读,Y
数学建模国赛速成资料汇总！\国赛B题必备模型+代码资料合集\国赛B题必备预测模型——LSTM模型\lstm模型常用的参数优化方法.docx,.docx,3894,二进制_不可索引不可直读,Y
数学建模国赛速成资料汇总！\国赛B题必备模型+代码资料合集\国赛B题必备预测模型——LSTM模型\lstm算法模型代码讲解.doc,.doc,13352,二进制_不可索引不可直读,Y
数学建模国赛速成资料汇总！\国赛B题必备模型+代码资料合集\国赛B题必备预测模型——LSTM模型\时间序列预测（LSTM模型）python代码实现.zip,.zip,400716,二进制_不可索引不可直读,Y
数学建模国赛速成资料汇总！\国赛B题必备模型+代码资料合集\国赛B题必备预测模型——回归分析\12第十二章 回归分析.pdf,.pdf,367866,二进制_不可索引不可直读,Y
数学建模国赛速成资料汇总！\国赛B题必备模型+代码资料合集\国赛B题必备预测模型——回归分析\27第二十七章  偏最小二乘回归分析.pdf,.pdf,181663,二进制_不可索引不可直读,Y
数学建模国赛速成资料汇总！\国赛B题必备模型+代码资料合集\国赛B题必备预测模型——回归分析\3b相关和回归分析.pdf,.pdf,1207465,纯文本_扩展名未收录,Y
数学建模国赛速成资料汇总！\国赛B题必备模型+代码资料合集\国赛B题必备预测模型——回归分析\Matlab回归分析.doc,.doc,118272,二进制_不可索引不可直读,Y
数学建模国赛速成资料汇总！\国赛B题必备模型+代码资料合集\国赛B题必备预测模型——回归分析\MATLAB回归分析.ppt,.ppt,2571776,二进制_不可索引不可直读,Y
数学建模国赛速成资料汇总！\国赛B题必备模型+代码资料合集\国赛B题必备预测模型——回归分析\matlab多元回归分析.ppt,.ppt,1254952,二进制_不可索引不可直读,Y
数学建模国赛速成资料汇总！\国赛B题必备模型+代码资料合集\国赛B题必备预测模型——回归分析\Matlab多变量回归分析教程.pdf,.pdf,288344,二进制_不可索引不可直读,Y
数学建模国赛速成资料汇总！\国赛B题必备模型+代码资料合集\国赛B题必备预测模型——回归分析\Matlab的回归分析.rar,.rar,89555,二进制_不可索引不可直读,Y
数学建模国赛速成资料汇总！\国赛B题必备模型+代码资料合集\国赛B题必备预测模型——回归分析\python基础教程-递归函数.pdf,.pdf,873260,二进制_不可索引不可直读,Y
数学建模国赛速成资料汇总！\国赛B题必备模型+代码资料合集\国赛B题必备预测模型——回归分析\python多元回归代码.docx,.docx,14283,二进制_不可索引不可直读,Y
数学建模国赛速成资料汇总！\国赛B题必备模型+代码资料合集\国赛B题必备预测模型——回归分析\python多元回归的步骤和方法.docx,.docx,37815,二进制_不可索引不可直读,Y
数学建模国赛速成资料汇总！\国赛B题必备模型+代码资料合集\国赛B题必备预测模型——回归分析\python线性回归实验.doc,.doc,242216,二进制_不可索引不可直读,Y
数学建模国赛速成资料汇总！\国赛B题必备模型+代码资料合集\国赛B题必备预测模型——回归分析\多元回归分析matlab剖析.doc,.doc,130091,二进制_不可索引不可直读,Y
数学建模国赛速成资料汇总！\国赛B题必备模型+代码资料合集\国赛B题必备预测模型——回归分析\多元回归分析的步骤.docx,.docx,27125,二进制_不可索引不可直读,Y
数学建模国赛速成资料汇总！\国赛B题必备模型+代码资料合集\国赛B题必备预测模型——灰色预测模型\2020美赛巅峰培训6：灰色预测模型及其应用.pptx,.pptx,454060,二进制_不可索引不可直读,Y
数学建模国赛速成资料汇总！\国赛B题必备模型+代码资料合集\国赛B题必备预测模型——灰色预测模型\Matlab灰色预测模型.pdf,.pdf,2826537,二进制_不可索引不可直读,Y
数学建模国赛速成资料汇总！\国赛B题必备模型+代码资料合集\国赛B题必备预测模型——灰色预测模型\数学建模——灰色预测模型.doc,.doc,112128,二进制_不可索引不可直读,Y
数学建模国赛速成资料汇总！\国赛B题必备模型+代码资料合集\国赛B题必备预测模型——灰色预测模型\灰色预测.pdf,.pdf,254693,二进制_不可索引不可直读,Y
数学建模国赛速成资料汇总！\国赛B题必备模型+代码资料合集\国赛B题必备预测模型——灰色预测模型\灰色预测.rar,.rar,89846,二进制_不可索引不可直读,Y
数学建模国赛速成资料汇总！\国赛B题必备模型+代码资料合集\国赛B题必备预测模型——灰色预测模型\灰色预测模型原理与应用实例.pptx,.pptx,683827,二进制_不可索引不可直读,Y
数学建模国赛速成资料汇总！\国赛B题必备模型+代码资料合集\国赛B题必备预测模型——灰色预测模型\灰色预测的MATLAB代码实现.zip,.zip,39256,二进制_不可索引不可直读,Y
数学建模国赛速成资料汇总！\国赛B题必备模型+代码资料合集\国赛B题必备预测模型——灰色预测模型\灰色预测软件\Excel输入模板\1-灰色序列生成\灰色序列生成.xls,.xls,14336,二进制_不可索引不可直读,N
数学建模国赛速成资料汇总！\国赛B题必备模型+代码资料合集\国赛B题必备预测模型——灰色预测模型\灰色预测软件\Excel输入模板\1-灰色序列生成\灰色序列生成（含权重）.xls,.xls,14848,二进制_不可索引不可直读,N
数学建模国赛速成资料汇总！\国赛B题必备模型+代码资料合集\国赛B题必备预测模型——灰色预测模型\灰色预测软件\Excel输入模板\3-灰色聚类分析\基于中心点的三角白化权函数聚类.xls,.xls,16384,二进制_不可索引不可直读,N
数学建模国赛速成资料汇总！\国赛B题必备模型+代码资料合集\国赛B题必备预测模型——灰色预测模型\灰色预测软件\Excel输入模板\3-灰色聚类分析\灰色变权聚类.xls,.xls,10752,二进制_不可索引不可直读,N
数学建模国赛速成资料汇总！\国赛B题必备模型+代码资料合集\国赛B题必备预测模型——灰色预测模型\灰色预测软件\Excel输入模板\3-灰色聚类分析\灰色定权聚类.xls,.xls,18432,二进制_不可索引不可直读,N
数学建模国赛速成资料汇总！\国赛B题必备模型+代码资料合集\国赛B题必备预测模型——灰色预测模型\灰色预测软件\Excel输入模板\4-灰色预测模型\DGM模型.xls,.xls,14336,二进制_不可索引不可直读,N
"数学建模国赛速成资料汇总！\国赛B题必备模型+代码资料合集\国赛B题必备预测模型——灰色预测模型\灰色预测软件\Excel输入模板\4-灰色预测模型\GM(1,1)模型.xls",.xls,14336,二进制_不可索引不可直读,N
"数学建模国赛速成资料汇总！\国赛B题必备模型+代码资料合集\国赛B题必备预测模型——灰色预测模型\灰色预测软件\Excel输入模板\4-灰色预测模型\GM(1,n)模型.xls",.xls,13824,二进制_不可索引不可直读,N
数学建模国赛速成资料汇总！\国赛B题必备模型+代码资料合集\国赛B题必备预测模型——灰色预测模型\灰色预测软件\Excel输入模板\4-灰色预测模型\Verhulst模型.xls,.xls,13824,二进制_不可索引不可直读,N
数学建模国赛速成资料汇总！\国赛B题必备模型+代码资料合集\国赛B题必备预测模型——灰色预测模型\灰色预测软件\Excel输入模板\5-灰色决策分析\单目标化决策.xls,.xls,15360,二进制_不可索引不可直读,N
数学建模国赛速成资料汇总！\国赛B题必备模型+代码资料合集\国赛B题必备预测模型——灰色预测模型\灰色预测软件\Excel输入模板\5-灰色决策分析\智能灰靶决策.xls,.xls,18432,二进制_不可索引不可直读,N
数学建模国赛速成资料汇总！\数学建模各类创新型算法汇总！\【优化模型】改进或组合优化模型汇总（1）\【模型】基于改进模拟退火算法的货位分配优化研究【公众号：数学建模老哥】.caj,.caj,2255661,二进制_不可索引不可直读,Y
数学建模国赛速成资料汇总！\数学建模各类创新型算法汇总！\【优化模型】改进或组合优化模型汇总（1）\【模型】基于改进粒子群算法的带时间窗车辆路径问题优化研究【公众号：数学建模老哥】.caj,.caj,3296021,二进制_不可索引不可直读,Y
数学建模国赛速成资料汇总！\数学建模各类创新型算法汇总！\【优化模型】改进或组合优化模型汇总（1）\【模型】基于改进鱼群算法的船舶储能系统多目标优化研究【公众号：数学建模老哥】.caj,.caj,3502892,二进制_不可索引不可直读,Y
数学建模国赛速成资料汇总！\数学建模各类创新型算法汇总！\【优化模型】改进或组合优化模型汇总（1）\【模型】基于改进鲸鱼优化算法的车间调度问题研究【公众号：数学建模老哥】.caj,.caj,3078043,二进制_不可索引不可直读,Y
数学建模国赛速成资料汇总！\数学建模各类创新型算法汇总！\【优化模型】改进或组合优化模型汇总（1）\【模型】基于模拟退火粒子群算法的模型优化研究【公众号：数学建模老哥】.caj,.caj,2580484,二进制_不可索引不可直读,Y
数学建模国赛速成资料汇总！\数学建模各类创新型算法汇总！\【优化模型】改进或组合优化模型汇总（2）\【模型】基于改进候鸟优化算法的车间调度研究【公众号：数学建模老哥】.caj,.caj,4702721,二进制_不可索引不可直读,Y
数学建模国赛速成资料汇总！\数学建模各类创新型算法汇总！\【优化模型】改进或组合优化模型汇总（2）\【模型】基于改进多元宇宙算法的支持向量机优化算法【公众号：数学建模老哥】.caj,.caj,3739994,二进制_不可索引不可直读,Y
数学建模国赛速成资料汇总！\数学建模各类创新型算法汇总！\【优化模型】改进或组合优化模型汇总（2）\【模型】基于改进的模拟退火粒子群算法的参数优化研究【公众号：数学建模老哥】.caj,.caj,11775757,二进制_不可索引不可直读,Y
数学建模国赛速成资料汇总！\数学建模各类创新型算法汇总！\【优化模型】改进或组合优化模型汇总（2）\【模型】基于改进飞蛾优化算法的车辆路径问题研究【公众号：数学建模老哥】.caj,.caj,3078603,二进制_不可索引不可直读,Y
数学建模国赛速成资料汇总！\数学建模各类创新型算法汇总！\【优化模型】改进或组合优化模型汇总（2）\【模型】改进鲸鱼优化算法的路径规划研究【公众号：数学建模老哥】.caj,.caj,6734711,二进制_不可索引不可直读,Y
数学建模国赛速成资料汇总！\数学建模各类创新型算法汇总！\【优化模型】改进或组合优化模型汇总（2）\【模型】灰狼优化算法的改进及应用研究【公众号：数学建模老哥】.caj,.caj,2852876,二进制_不可索引不可直读,Y
数学建模国赛速成资料汇总！\数学建模各类创新型算法汇总！\【智能优化】30种智能优化算法代码汇总\30种智能优化算法\多种智能优化算法测试文件夹\color_list.mat,.mat,2202,二进制_不可索引不可直读,N
数学建模国赛速成资料汇总！\数学建模各类创新型算法汇总！\【智能优化】30种智能优化算法代码汇总\30种智能优化算法\多种智能优化算法测试文件夹\DMOA.asv,.asv,5557,纯文本_扩展名未收录,N
数学建模国赛速成资料汇总！\数学建模各类创新型算法汇总！\【智能优化】30种智能优化算法代码汇总\30种智能优化算法\多种智能优化算法测试文件夹\Get_Functions_details.asv,.asv,2691,纯文本_扩展名未收录,N
数学建模国赛速成资料汇总！\数学建模各类创新型算法汇总！\【神经网络】评价预测和优化赛题代码\【优化类】神经网络遗传算法函数极值寻优——非线性函数极值寻优【公众号：数学建模老哥】\chapter4\data.mat,.mat,92512,二进制_不可索引不可直读,Y
数学建模国赛速成资料汇总！\数学建模各类创新型算法汇总！\【神经网络】评价预测和优化赛题代码\【优化类】神经网络遗传算法函数极值寻优——非线性函数极值寻优【公众号：数学建模老哥】\chapter4\data1.mat,.mat,92540,二进制_不可索引不可直读,N
数学建模国赛速成资料汇总！\数学建模各类创新型算法汇总！\【神经网络】评价预测和优化赛题代码\【优化类】神经网络遗传算法函数极值寻优——非线性函数极值寻优【公众号：数学建模老哥】\chapter4\net.mat,.mat,535,二进制_不可索引不可直读,N
数学建模国赛速成资料汇总！\数学建模各类创新型算法汇总！\【神经网络】评价预测和优化赛题代码\【优化类】连续Hopfield神经网络的优化——旅行商问题优化计算【公众号：数学建模老哥】\city_location.mat,.mat,232,二进制_不可索引不可直读,N
数学建模国赛速成资料汇总！\数学建模各类创新型算法汇总！\【神经网络】评价预测和优化赛题代码\【聚类问题】SVM的参数优化——如何更好的提升分类器的性能【公众号：数学建模老哥】\wine.mat,.mat,20168,二进制_不可索引不可直读,N
数学建模国赛速成资料汇总！\数学建模各类创新型算法汇总！\【神经网络】评价预测和优化赛题代码\【聚类问题】广义神经网络的聚类算法——网络入侵聚类【公众号：数学建模老哥】\chapter34\netattack.mat,.mat,27939,二进制_不可索引不可直读,N
数学建模国赛速成资料汇总！\数学建模各类创新型算法汇总！\【神经网络】评价预测和优化赛题代码\【评价类】BP神经网络的数据分类——语音特征信号分类【公众号：数学建模老哥】\chapter1_1.asv,.asv,3896,纯文本_扩展名未收录,N
数学建模国赛速成资料汇总！\数学建模各类创新型算法汇总！\【神经网络】评价预测和优化赛题代码\【评价类】SOM神经网络的数据分类--柴油机故障诊断【公众号：数学建模老哥】\chapter22\chapter22.asv,.asv,2846,纯文本_扩展名未收录,N
数学建模国赛速成资料汇总！\数学建模各类创新型算法汇总！\【神经网络】评价预测和优化赛题代码\【评价类】SOM神经网络的数据分类--柴油机故障诊断【公众号：数学建模老哥】\chapter22\p.mat,.mat,606,二进制_不可索引不可直读,N
数学建模国赛速成资料汇总！\数学建模各类创新型算法汇总！\【神经网络】评价预测和优化赛题代码\【评价类】初始SVM分类与回归【公众号：数学建模老哥】\heart_scale.mat,.mat,28904,二进制_不可索引不可直读,N
数学建模国赛速成资料汇总！\数学建模各类创新型算法汇总！\【神经网络】评价预测和优化赛题代码\【评价类】基于Kohonen网络的聚类算法——网络入侵聚类【公众号：数学建模老哥】\chapter38\data.mat,.mat,90502,二进制_不可索引不可直读,Y
数学建模国赛速成资料汇总！\数学建模各类创新型算法汇总！\【神经网络】评价预测和优化赛题代码\【评价类】基于随机森林思想的组合分类器设计——乳腺癌诊断【公众号：数学建模老哥】\chapter30\RF_MexStandalone-v0.02\randomforest-matlab\RF_Class_C\Compile_Check,,856,无扩展名_不可索引_文本,N
数学建模国赛速成资料汇总！\数学建模各类创新型算法汇总！\【神经网络】评价预测和优化赛题代码\【评价类】基于随机森林思想的组合分类器设计——乳腺癌诊断【公众号：数学建模老哥】\chapter30\RF_MexStandalone-v0.02\randomforest-matlab\RF_Class_C\Makefile,,2693,无扩展名_不可索引_文本,N
数学建模国赛速成资料汇总！\数学建模各类创新型算法汇总！\【神经网络】评价预测和优化赛题代码\【评价类】基于随机森林思想的组合分类器设计——乳腺癌诊断【公众号：数学建模老哥】\chapter30\RF_MexStandalone-v0.02\randomforest-matlab\RF_Class_C\Makefile.windows,.windows,2523,纯文本_扩展名未收录,N
数学建模国赛速成资料汇总！\数学建模各类创新型算法汇总！\【神经网络】评价预测和优化赛题代码\【评价类】基于随机森林思想的组合分类器设计——乳腺癌诊断【公众号：数学建模老哥】\chapter30\RF_MexStandalone-v0.02\randomforest-matlab\RF_Class_C\mexClassRF_predict.mexw32,.mexw32,20480,二进制_不可索引不可直读,N
数学建模国赛速成资料汇总！\数学建模各类创新型算法汇总！\【神经网络】评价预测和优化赛题代码\【评价类】基于随机森林思想的组合分类器设计——乳腺癌诊断【公众号：数学建模老哥】\chapter30\RF_MexStandalone-v0.02\randomforest-matlab\RF_Class_C\mexClassRF_train.mexw32,.mexw32,32256,二进制_不可索引不可直读,N
数学建模国赛速成资料汇总！\数学建模各类创新型算法汇总！\【神经网络】评价预测和优化赛题代码\【评价类】基于随机森林思想的组合分类器设计——乳腺癌诊断【公众号：数学建模老哥】\chapter30\RF_MexStandalone-v0.02\randomforest-matlab\RF_Class_C\rfsub.o,.o,9840,二进制_不可索引不可直读,N
数学建模国赛速成资料汇总！\数学建模各类创新型算法汇总！\【神经网络】评价预测和优化赛题代码\【评价类】基于随机森林思想的组合分类器设计——乳腺癌诊断【公众号：数学建模老哥】\chapter30\RF_MexStandalone-v0.02\randomforest-matlab\RF_Class_C\twonorm_C_devcpp.dev,.dev,1783,纯文本_扩展名未收录,N
数学建模国赛速成资料汇总！\数学建模各类创新型算法汇总！\【神经网络】评价预测和优化赛题代码\【评价类】基于随机森林思想的组合分类器设计——乳腺癌诊断【公众号：数学建模老哥】\chapter30\RF_MexStandalone-v0.02\randomforest-matlab\RF_Class_C\data\twonorm.mat,.mat,48856,二进制_不可索引不可直读,N
数学建模国赛速成资料汇总！\数学建模各类创新型算法汇总！\【神经网络】评价预测和优化赛题代码\【评价类】基于随机森林思想的组合分类器设计——乳腺癌诊断【公众号：数学建模老哥】\chapter30\RF_MexStandalone-v0.02\randomforest-matlab\RF_Class_C\precompiled_rfsub\win32\rfsub.o,.o,6848,二进制_不可索引不可直读,N
数学建模国赛速成资料汇总！\数学建模各类创新型算法汇总！\【神经网络】评价预测和优化赛题代码\【评价类】基于随机森林思想的组合分类器设计——乳腺癌诊断【公众号：数学建模老哥】\chapter30\RF_MexStandalone-v0.02\randomforest-matlab\RF_Class_C\src\rfsub.f,.f,15851,纯文本_扩展名未收录,N
数学建模国赛速成资料汇总！\数学建模各类创新型算法汇总！\【神经网络】评价预测和优化赛题代码\【评价类】基于随机森林思想的组合分类器设计——乳腺癌诊断【公众号：数学建模老哥】\chapter30\RF_MexStandalone-v0.02\randomforest-matlab\RF_Reg_C\Compile_Check_kcachegrind,,611,无扩展名_不可索引_文本,N
数学建模国赛速成资料汇总！\数学建模各类创新型算法汇总！\【神经网络】评价预测和优化赛题代码\【评价类】基于随机森林思想的组合分类器设计——乳腺癌诊断【公众号：数学建模老哥】\chapter30\RF_MexStandalone-v0.02\randomforest-matlab\RF_Reg_C\Compile_Check_memcheck,,623,无扩展名_不可索引_文本,N
数学建模国赛速成资料汇总！\数学建模各类创新型算法汇总！\【神经网络】评价预测和优化赛题代码\【评价类】基于随机森林思想的组合分类器设计——乳腺癌诊断【公众号：数学建模老哥】\chapter30\RF_MexStandalone-v0.02\randomforest-matlab\RF_Reg_C\diabetes_C_devc.dev,.dev,1293,纯文本_扩展名未收录,N
数学建模国赛速成资料汇总！\数学建模各类创新型算法汇总！\【神经网络】评价预测和优化赛题代码\【评价类】基于随机森林思想的组合分类器设计——乳腺癌诊断【公众号：数学建模老哥】\chapter30\RF_MexStandalone-v0.02\randomforest-matlab\RF_Reg_C\Makefile,,1774,无扩展名_不可索引_文本,N
数学建模国赛速成资料汇总！\数学建模各类创新型算法汇总！\【神经网络】评价预测和优化赛题代码\【评价类】基于随机森林思想的组合分类器设计——乳腺癌诊断【公众号：数学建模老哥】\chapter30\RF_MexStandalone-v0.02\randomforest-matlab\RF_Reg_C\mexRF_predict.mexw32,.mexw32,20480,二进制_不可索引不可直读,N
数学建模国赛速成资料汇总！\数学建模各类创新型算法汇总！\【神经网络】评价预测和优化赛题代码\【评价类】基于随机森林思想的组合分类器设计——乳腺癌诊断【公众号：数学建模老哥】\chapter30\RF_MexStandalone-v0.02\randomforest-matlab\RF_Reg_C\mexRF_train.mexw32,.mexw32,28672,二进制_不可索引不可直读,N
数学建模国赛速成资料汇总！\数学建模各类创新型算法汇总！\【神经网络】评价预测和优化赛题代码\【评价类】基于随机森林思想的组合分类器设计——乳腺癌诊断【公众号：数学建模老哥】\chapter30\RF_MexStandalone-v0.02\randomforest-matlab\RF_Reg_C\data\diabetes.mat,.mat,265664,二进制_不可索引不可直读,N
数学建模国赛速成资料汇总！\数学建模各类创新型算法汇总！\【神经网络】评价预测和优化赛题代码\【评价类】概率神经网络的分类预测--基于PNN的变压器故障诊断【公众号：数学建模老哥】\chapter24\data.mat,.mat,805,二进制_不可索引不可直读,Y
数学建模国赛速成资料汇总！\数学建模各类创新型算法汇总！\【神经网络】评价预测和优化赛题代码\【评价类】离散Hopfield神经网络的分类——高校科研能力评价【公众号：数学建模老哥】\class.mat,.mat,443,二进制_不可索引不可直读,N
数学建模国赛速成资料汇总！\数学建模各类创新型算法汇总！\【神经网络】评价预测和优化赛题代码\【评价类】离散Hopfield神经网络的分类——高校科研能力评价【公众号：数学建模老哥】\sim.mat,.mat,465,二进制_不可索引不可直读,N
数学建模国赛速成资料汇总！\数学建模各类创新型算法汇总！\【神经网络】评价预测和优化赛题代码\【预测类】Elman神经网络的数据预测----电力负荷预测模型研究【公众号：数学建模老哥】\data.mat,.mat,406,二进制_不可索引不可直读,Y
数学建模国赛速成资料汇总！\数学建模各类创新型算法汇总！\【神经网络】评价预测和优化赛题代码\【预测类】GRNN网络的预测----基于广义回归神经网络的货运量预测【公众号：数学建模老哥】\best.mat,.mat,1231,二进制_不可索引不可直读,N
数学建模国赛速成资料汇总！\数学建模各类创新型算法汇总！\【神经网络】评价预测和优化赛题代码\【预测类】GRNN网络的预测----基于广义回归神经网络的货运量预测【公众号：数学建模老哥】\chapter8_1.asv,.asv,4510,纯文本_扩展名未收录,N
数学建模国赛速成资料汇总！\数学建模各类创新型算法汇总！\【神经网络】评价预测和优化赛题代码\【预测类】基于SVM的信息粒化时序回归预测——上证指数开盘指数变化趋势和变化空间预测【公众号：数学建模老哥】\chapter_sh.mat,.mat,256680,二进制_不可索引不可直读,N
数学建模国赛速成资料汇总！\数学建模各类创新型算法汇总！\【神经网络】评价预测和优化赛题代码\【预测类】思维进化算法优化BP神经网络——非线性函数拟合【公众号：数学建模老哥】\chapter31\data.mat,.mat,46375,二进制_不可索引不可直读,Y
数学建模国赛速成资料汇总！\数学建模各类创新型算法汇总！\【神经网络】评价预测和优化赛题代码\【预测类】遗传算法优化BP神经网络——非线性函数拟合【公众号：数学建模老哥】\data.mat,.mat,46404,二进制_不可索引不可直读,Y
数学建模国赛速成资料汇总！\数学建模各类创新型算法汇总！\【评价模型】改进或组合评价模型汇总（1）\【模型】基于动态系数与CRITIC综合评估及应用研究方法【公众号：数学建模老哥】.caj,.caj,2351075,二进制_不可索引不可直读,Y
数学建模国赛速成资料汇总！\数学建模各类创新型算法汇总！\【评价模型】改进或组合评价模型汇总（2）\【模型】基于改进型PSO-BP神经网络算法评价模型研究【公众号：数学建模老哥】.caj,.caj,4721747,二进制_不可索引不可直读,Y
数学建模国赛速成资料汇总！\数学建模各类创新型算法汇总！\【预测模型】改进或组合预测模型汇总\基于改进鲸鱼算法的神经网络电力负荷预测研究_马泽龙【公众号：数学建模老哥】.caj,.caj,7288162,二进制_不可索引不可直读,Y
数学建模国赛速成资料汇总！\数学建模各类创新型算法汇总！\【预测模型】改进或组合预测模型汇总\【源码】基于贝叶斯优化的LSTM时间序列预测【公众号：数学建模老哥】(1)\InternationalAirlinePassengers.xlsx,.xlsx,9728,二进制_不可索引不可直读,N
数学建模国赛速成资料汇总！\数学建模各类创新型算法汇总！\【预测模型】改进或组合预测模型汇总（2）\【模型】基于SARIMA时间序列预测模型【公众号：数学建模老哥】.caj,.caj,1440028,二进制_不可索引不可直读,Y
数学建模国赛速成资料汇总！\数学建模各类创新型算法汇总！\【预测模型】改进或组合预测模型汇总（2）\【模型】基于WOA-BP神经网络的的需求预测模型【公众号：数学建模老哥】.caj,.caj,1469161,二进制_不可索引不可直读,Y
数学建模国赛速成资料汇总！\数学建模各类创新型算法汇总！\【预测模型】改进或组合预测模型汇总（2）\【模型】基于自适应遗传算法优化的BP神经网络预测模型【公众号：数学建模老哥】.caj,.caj,897742,二进制_不可索引不可直读,Y
数学建模国赛速成资料汇总！\数学建模各类创新型算法汇总！\【预测模型】改进或组合预测模型汇总（2）\【代码】GA-LSTM 遗传算法优化的lstm 预测代码【公众号：数学建模老哥】(1)\test\__pycache__\Ga.cpython-38.pyc,.pyc,2529,二进制_不可索引不可直读,N
数学建模国赛速成资料汇总！\数学建模各类创新型算法汇总！\【预测模型】改进或组合预测模型汇总（2）\【代码】GA-LSTM 遗传算法优化的lstm 预测代码【公众号：数学建模老哥】(1)\test\__pycache__\lstm.cpython-38.pyc,.pyc,2517,二进制_不可索引不可直读,N
