path,ext,size,md5,sha1,chars,note
2026数学建模核心资料\50多种常用算法源代码！（Matlab+Python）\0-1规划模型Matlab+Python代码\zero_one_programming(1).m,.m,1526,b0c404fb74b359289dab8d481870a99c,608c8b7e010204afed4facd07f83dde424c65ecb,1034,
2026数学建模核心资料\50多种常用算法源代码！（Matlab+Python）\0-1规划模型Matlab+Python代码\zero_one_programming(1).py,.py,1671,ef58c2b08679c18568912700fdd967a7,871072bc8519f148bbac59da2bfc8df9399886e0,1125,
2026数学建模核心资料\50多种常用算法源代码！（Matlab+Python）\ARMA时间序列预测模型Matlab+Python代码\arma_model(1).m,.m,5383,3199d98638a7f8de21c217b5cada7fb2,1f9f8210cca937c288b3d7dc5c82b9550a2b99d0,3913,
2026数学建模核心资料\50多种常用算法源代码！（Matlab+Python）\ARMA时间序列预测模型Matlab+Python代码\arma_prediction(1).py,.py,3484,3b9e5423c2a2bebdf524503171d489c3,00fb160faffaa80a4c31a1a19cf394be876bf9fe,2578,
2026数学建模核心资料\50多种常用算法源代码！（Matlab+Python）\BP 神经网络分类模型Matlab+Python代码\bp_neural_network(1).m,.m,5272,6409195b6ced2ad9de35baab0ff9c652,929861cc40c3fdcec0c1af3cb6bc7934e4bd7955,3836,
2026数学建模核心资料\50多种常用算法源代码！（Matlab+Python）\BP 神经网络分类模型Matlab+Python代码\bp_neural_network(1).py,.py,5005,2280b42197ed79af8c8b60924068436a,7cb009101b038d8adbb8a183b945d49f7c38ce5b,3885,
2026数学建模核心资料\50多种常用算法源代码！（Matlab+Python）\BP神经网络预测模型Matlab+Python代码\bp_neural_network(1).m,.m,5642,d55e922c59cab58e8a05ecd2af38fb82,4db656713cbb4510fb49c35d338dc305bfefbadc,4464,
2026数学建模核心资料\50多种常用算法源代码！（Matlab+Python）\BP神经网络预测模型Matlab+Python代码\bp_neural_network(1).py,.py,5116,c19e366bf0d87a77dfd76e7114016da3,c5da780db8b7e7d7e4e30afebc725147162de0a9,3970,
2026数学建模核心资料\50多种常用算法源代码！（Matlab+Python）\DEA综合评价法Matlab+Python代码\dea_matlab_final(1).m,.m,2989,15857667f32b365a8531fb3e0b751a3e,22d6e90b80ceeac0e5e3916fe77dbb7e0dd83615,2211,
2026数学建模核心资料\50多种常用算法源代码！（Matlab+Python）\DEA综合评价法Matlab+Python代码\dea_python_final(1).py,.py,2920,07e64f930cb29a3a03144d88ebc4bfdd,a8e54a5f5e1dfd36c40f3de71ee26159ac98bfbb,2172,
2026数学建模核心资料\50多种常用算法源代码！（Matlab+Python）\Dijkstra 算法（最短路径算法）Matlab+Python代码\dijkstra_algorithm(1).m,.m,5791,e01457bc4ba1382f28664ae2b5b96f62,6d89a1af121d298ebc2f3a87ae82d682fc6ce410,4381,
2026数学建模核心资料\50多种常用算法源代码！（Matlab+Python）\Dijkstra 算法（最短路径算法）Matlab+Python代码\dijkstra_algorithm(1).py,.py,5637,c59f668e874258110d74a5a731552690,d7d064a5b38057d450876e0d478acae8ca937a29,4163,
2026数学建模核心资料\50多种常用算法源代码！（Matlab+Python）\Floyd 算法（全源最短路径算法）Matlab+Python代码\floyd_algorithm(1).m,.m,6625,3a8a3f7bc356cf67509e03ec83ee8dc2,699cbf14e234cc2cf423c4f9d632df201825da87,5221,
2026数学建模核心资料\50多种常用算法源代码！（Matlab+Python）\Floyd 算法（全源最短路径算法）Matlab+Python代码\floyd_algorithm(1).py,.py,5716,982fca69524074514da4a0dd0de0f19d,1abcab5658bd5e81024cac1c5a1498c5117ffed9,4302,
2026数学建模核心资料\50多种常用算法源代码！（Matlab+Python）\K-means 聚类算法Matlab+Python代码\kmeans_clustering(1).m,.m,3726,b95e889835c1792e384c1d6d92956c9a,e26c4a3f7c80b5ea1aed22bc0cb377b611c68bd4,2852,
2026数学建模核心资料\50多种常用算法源代码！（Matlab+Python）\K-means 聚类算法Matlab+Python代码\kmeans_clustering(1).py,.py,3387,d80eda129989a662beb23a428aa6ebaa,355ab4ec4f1df7e3665fb89691543f67cf5a9d41,2629,
2026数学建模核心资料\50多种常用算法源代码！（Matlab+Python）\Kendall 相关系数（特殊的相关性分析）Matlab+Python代码\kendall_correlation(1).m,.m,5247,0cf077805daeb6d453f5257bd831287f,f8b153037207e89b5717f2c1d139b5f942a14a63,4099,
2026数学建模核心资料\50多种常用算法源代码！（Matlab+Python）\Kendall 相关系数（特殊的相关性分析）Matlab+Python代码\kendall_correlation(1).py,.py,4775,0d7617315d5b92cb8b9eb4cccb6fcd56,562c55662bfe66b7b715e17511490c2bd12633b6,3573,
2026数学建模核心资料\50多种常用算法源代码！（Matlab+Python）\KNN 分类模型Matlab+Python代码\knn_classification(1).m,.m,5005,72a2862ee14015832a30b1b7f01c9a06,03e4adf3b97e11421420c593003e98c5966a6e56,3789,
2026数学建模核心资料\50多种常用算法源代码！（Matlab+Python）\KNN 分类模型Matlab+Python代码\knn_classification(1).py,.py,4862,f7e4528cd29cdb3525ee316655ddb760,6a5fab55bb1b87337013d9290422c672be4132dc,3898,
2026数学建模核心资料\50多种常用算法源代码！（Matlab+Python）\Logistic预测模型Matlab+Python代码\logistic_prediction(1).m,.m,2427,e3438c4e93af4a12175ae0453193a52d,8833c828eb1fc6e234e82cf0679631bd9148f0df,1759,
2026数学建模核心资料\50多种常用算法源代码！（Matlab+Python）\Logistic预测模型Matlab+Python代码\logistic_prediction(1).py,.py,2291,6bc52431825704eff97bba7b5fd76204,144a58399dad184e2577d5d1cc90354b6b094edd,1695,
2026数学建模核心资料\50多种常用算法源代码！（Matlab+Python）\PCA 主成分分析法Matlab+Python代码\pca_analysis(1).m,.m,2423,d1c46e31e13efc5d1a5ae57f610605d8,4bac383cf3552db9802a86c5b7c60470c569a71d,1749,
2026数学建模核心资料\50多种常用算法源代码！（Matlab+Python）\PCA 主成分分析法Matlab+Python代码\pca_analysis(1).py,.py,2989,71ce4c2d8f90039102c2d5d7db22b802,328756b2959ddf4f0fbf3742f2f7e03ff147af42,2389,
2026数学建模核心资料\50多种常用算法源代码！（Matlab+Python）\SOM 自组织神经网络Matlab+Python代码\som_clustering(1).m,.m,5433,b673a7f0e7bf6126dc3fa23bb6c4be1e,87c8a5c30475e3f4767ecf713a8ae5828b643c1b,4152,
2026数学建模核心资料\50多种常用算法源代码！（Matlab+Python）\SOM 自组织神经网络Matlab+Python代码\som_clustering(1).py,.py,4293,b0788f4103eb470e4d56b07d50e56edc,0f2ffa1249e91868664019acb129685605f92d5b,3111,
2026数学建模核心资料\50多种常用算法源代码！（Matlab+Python）\T-SNE 降维算法Matlab+Python代码\t_sne_analysis(1).m,.m,2687,3db4ae80ef899a70af1872c73bf2e99e,e8b53b5fa5aa4ec9238d6f6a4f3caa1b87cdb58e,1993,
2026数学建模核心资料\50多种常用算法源代码！（Matlab+Python）\T-SNE 降维算法Matlab+Python代码\t_sne_analysis(1).py,.py,2439,282bd384c372cc79b546ae1d12a37485,dcf4996c2d6584515eb5ebcf12a0ce089e8be00c,1921,
2026数学建模核心资料\50多种常用算法源代码！（Matlab+Python）\TOPSIS综合评价法Matlab+Python代码\topsis_matlab_final(1).m,.m,2608,614a790bae5128cbf4e209a50540d082,e485461ce629c40d4698242d5e98e5f308bd5d16,1769,
2026数学建模核心资料\50多种常用算法源代码！（Matlab+Python）\TOPSIS综合评价法Matlab+Python代码\topsis_python_final(1).py,.py,2671,94155e0e973f9243fb9b0374fe113863,21a11c8195d4ce914c3f28ce1f33fc65e891efea,1830,
2026数学建模核心资料\50多种常用算法源代码！（Matlab+Python）\UMAP 降维法Matlab+Python代码\umap_analysis(1).m,.m,2224,5a87dc8ad55797ccd340125b4c2bf969,1c5012d1493bfc8f0735ef7fa552b24f83de77c2,1688,
2026数学建模核心资料\50多种常用算法源代码！（Matlab+Python）\UMAP 降维法Matlab+Python代码\umap_analysis(1).py,.py,2442,55fe9f3e6b14fefd809a4b028fbb88bb,a73f9e61991fcc58548319390bc536fa4bbefdb9,1950,
2026数学建模核心资料\50多种常用算法源代码！（Matlab+Python）\二次指数平滑预测Matlab+Python代码\quadratic_exponential_smoothing(1).m,.m,2740,6f97461b767d920ebc161b9284481943,5b7417122dbe6bf648e83854824830cb140ecb85,1863,
2026数学建模核心资料\50多种常用算法源代码！（Matlab+Python）\二次指数平滑预测Matlab+Python代码\quadratic_exponential_smoothing(1).py,.py,2778,c0a9aa3cadea2cd99d00f296a971e65f,9d87a61a74e6065e3bbac26446f3906121809cb9,1901,
2026数学建模核心资料\50多种常用算法源代码！（Matlab+Python）\人口模型Matlab+Python代码\population_model(1).m,.m,3041,929d962776ad1dcfb0b48309c1d97e21,d75577c97ada85b62be686b73233c65e32cb19cd,2199,
2026数学建模核心资料\50多种常用算法源代码！（Matlab+Python）\人口模型Matlab+Python代码\population_model(1).py,.py,3402,cac7232c1b30446a4cd37cb1975a9bf8,f3ee3758d01e0a2193269e920039132437b30f2a,2500,
2026数学建模核心资料\50多种常用算法源代码！（Matlab+Python）\传染病模型Matlab+Python代码\epidemic_model(1).m,.m,5722,5d3414acb4c6a72e0fd7702f3837d6ca,5a885490d1e7839f9e4f67afa8f6771cf15d682a,4454,
2026数学建模核心资料\50多种常用算法源代码！（Matlab+Python）\传染病模型Matlab+Python代码\epidemic_model(1).py,.py,5434,970eb7f9103aebcda632b7f4f1cd58cd,aee439c1ecf429b698e756b73a14f4fda6821a67,4120,
2026数学建模核心资料\50多种常用算法源代码！（Matlab+Python）\决策树分类模型Matlab+Python代码\decision_tree_classification(1).m,.m,5663,23d94cf0853dbf2f97a186d950b98002,35b4d0951a7eff8f98080aa9fc1fea4a9d2d0446,4229,
2026数学建模核心资料\50多种常用算法源代码！（Matlab+Python）\决策树分类模型Matlab+Python代码\decision_tree_classification(1).py,.py,5845,003e4abddfb501b5b69d6b418caf4612,13d9385857d7f916a1c4023954b1660076b29e52,4499,
2026数学建模核心资料\50多种常用算法源代码！（Matlab+Python）\动态优化模型Matlab+Python代码\dynamic_programming(1).m,.m,2577,e21ae1c1cef4928f01090a9456d06828,a55a0df6876b84b6a6a7e45a95f270efda1071a1,1845,
2026数学建模核心资料\50多种常用算法源代码！（Matlab+Python）\动态优化模型Matlab+Python代码\dynamic_programming(1).py,.py,2492,343b2cc09c0bd2a5d92effaa03a765f5,3a2fd72f19a4efd86404ab6c8a0b293715644789,1718,
2026数学建模核心资料\50多种常用算法源代码！（Matlab+Python）\回归分析预测模型Matlab+Python代码\regression_analysis(1).m,.m,6895,2a38bab5787251ed6a0acd399f8fe05e,09f6af3f41af1c16a6a17925eb7993e40f2453a3,5601,
2026数学建模核心资料\50多种常用算法源代码！（Matlab+Python）\回归分析预测模型Matlab+Python代码\regression_analysis(1).py,.py,6814,e1e87339c62830d4689546ac67b21cdd,32ed0d8ab0dc8863af09e759748a8fa1e6d6724c,5528,
2026数学建模核心资料\50多种常用算法源代码！（Matlab+Python）\多目标规划模型Matlab+Python代码\multi_objective_programming(1).m,.m,2398,84b5b3b298b4d68e9eef7b5215283bd8,cf67ce11c47807b8ee5a01365a7cb71d5819bd15,1746,
2026数学建模核心资料\50多种常用算法源代码！（Matlab+Python）\多目标规划模型Matlab+Python代码\multi_objective_programming(1).py,.py,2581,e5fd120ba654a32dda26f427fc4a4e32,cfbaf30544a30f39e7be65ec70a0dcb7d83985bc,1897,
2026数学建模核心资料\50多种常用算法源代码！（Matlab+Python）\季节指数预测模型Matlab+Python代码\seasonal_index_prediction(1).m,.m,3771,b09558b49cdc258324f5cd3ec1ae2257,bdf5ba979655f4d3bd87bc26252782b93f1b8bf4,2699,
2026数学建模核心资料\50多种常用算法源代码！（Matlab+Python）\季节指数预测模型Matlab+Python代码\seasonal_index_prediction(1).py,.py,3636,5efa56a20343903cd6a120f868fa07d7,e279860dd977bba3092d50a06249fee13d5b12f9,2592,
2026数学建模核心资料\50多种常用算法源代码！（Matlab+Python）\层次分析法Matlab+Python代码\ahp_matlab_final(1).m,.m,1816,967ee4ba5b8fc3c1e91724704096bd62,af1145995ebd6a312d0247feff3fd9fb6bf24fb6,1056,
2026数学建模核心资料\50多种常用算法源代码！（Matlab+Python）\层次分析法Matlab+Python代码\ahp_python_final(1).py,.py,1788,fb45f69eebf80c0c61641cb0056d4fe3,a1eba31917418390926be42f8e64ff7c4fc19cf2,1086,
2026数学建模核心资料\50多种常用算法源代码！（Matlab+Python）\层次聚类算法Matlab+Python代码\hierarchical_clustering(1).m,.m,3892,0e8e23d56fc475586c72a83ed5edb300,6a76bd48725dea528e2084aa5a80248b775dcec6,2910,
2026数学建模核心资料\50多种常用算法源代码！（Matlab+Python）\层次聚类算法Matlab+Python代码\hierarchical_clustering(1).py,.py,4128,a500ae309466c4e548e2115fe6c7de0a,5540d2667c34e886c3f08a71eee427d5cc18940f,3156,
2026数学建模核心资料\50多种常用算法源代码！（Matlab+Python）\战争模型Matlab+Python代码\war_model(1).m,.m,5134,327a53080831ee74e44baa6ef19b2c45,f2a98a4a4fd56217ba09d5721f8fd3491fc037b5,3716,
2026数学建模核心资料\50多种常用算法源代码！（Matlab+Python）\战争模型Matlab+Python代码\war_model(1).py,.py,5534,c049ff5f42f8002fc6badfcdc72b5bb2,2bb4bebf58f6217856d3dfb3c54691a2eeda37fb,4016,
2026数学建模核心资料\50多种常用算法源代码！（Matlab+Python）\拉格朗日插值法Matlab+Python代码\lagrange_interpolation(1).m,.m,1955,942cdccf9b5012fb7032c9513bdd3727,9eb81f733894d42526cd61ff42c913f8bee53149,1487,
2026数学建模核心资料\50多种常用算法源代码！（Matlab+Python）\拉格朗日插值法Matlab+Python代码\lagrange_interpolation(1).py,.py,1971,1c152c0c7b38c94ca80f80ce8c00f86e,3eca80382d5bcfde8e7d15c2882621320fd6a429,1503,
2026数学建模核心资料\50多种常用算法源代码！（Matlab+Python）\整数规划模型\integer_programming(1).m,.m,1559,f247c2848079ec2ff84bafc25103e464,51a29ccdbe8320ccc0586b9020dba8173ad23ba7,1071,
2026数学建模核心资料\50多种常用算法源代码！（Matlab+Python）\整数规划模型\integer_programming(1).py,.py,1659,fc1b496cb7148b2a1b5065765ae41051,f7658d2689c5b72d58d3b2baca2e66f914cbc15a,1125,
2026数学建模核心资料\50多种常用算法源代码！（Matlab+Python）\最速下降法\steepest_descent(1).m,.m,2429,4d2b3aa874112828fbb7676ac26491b3,5ace3c8ebe831692a944527b92e90a234b504a56,1847,
2026数学建模核心资料\50多种常用算法源代码！（Matlab+Python）\最速下降法\steepest_descent(1).py,.py,2898,1891a6ea732cc6bbe15d92e456e4ade8,363007e8669a43585f566801f4c4762c297cfa29,2286,
2026数学建模核心资料\50多种常用算法源代码！（Matlab+Python）\朴素贝叶斯分类模型Matlab+Python代码\naive_bayes_classification(1).m,.m,5710,70cf87523c115baaa82ffa00b23564b7,8151ee7ad6dec79c7a94c563c5172deb40b61170,4142,
2026数学建模核心资料\50多种常用算法源代码！（Matlab+Python）\朴素贝叶斯分类模型Matlab+Python代码\naive_bayes_classification(1).py,.py,5949,5e0ca78d06631dc2b9920ddd2f651ab8,5463edb58794c829e74517d2bc91ebf88d930a5f,4475,
2026数学建模核心资料\50多种常用算法源代码！（Matlab+Python）\标准差法检测异常值Matlab+Python代码\std_outlier_detection(1).m,.m,2741,5e218144aa86084f4c8f513277973c65,3b0603b6b15831ac5f50ccb4c76bafa94214517c,2141,
2026数学建模核心资料\50多种常用算法源代码！（Matlab+Python）\标准差法检测异常值Matlab+Python代码\std_outlier_detection(1).py,.py,3040,58b929bc807299ed92a3de6622b8e386,641f2d2ea79e59512495544f196ab9b18caa7975,2423,
2026数学建模核心资料\50多种常用算法源代码！（Matlab+Python）\模拟退火Matlab+Python代码\simulated_annealing(1).m,.m,3535,dbc2183e28e4e03d3391b3687b95ba25,3764d9260dfc2e2cc4fc4d5e64a18729417bf0f9,2885,
2026数学建模核心资料\50多种常用算法源代码！（Matlab+Python）\模拟退火Matlab+Python代码\simulated_annealing(1).py,.py,4321,25d3e08808a06e7ea0888c4312d5473f,35f4ee68179b2d6aad97dd1807ae33b7d8be520f,3639,
2026数学建模核心资料\50多种常用算法源代码！（Matlab+Python）\模糊综合评价法Matlab+Python代码\fuzzy_matlab_final(1).m,.m,4112,b7a94f32d28b25dcd77fe8927c0eb8e2,0a6c96ee9ec232ae5c35ae9d673215dc2acccd95,3249,
2026数学建模核心资料\50多种常用算法源代码！（Matlab+Python）\模糊综合评价法Matlab+Python代码\fuzzy_python_final(1).py,.py,3294,7a48c7232194a166d9aa0e0f4f62947a,855d003dcfb55ed34f20d1e072add0cca3854d28,2351,
2026数学建模核心资料\50多种常用算法源代码！（Matlab+Python）\灰色关联分析法Matlab+Python代码\grey_matlab_final(1).m,.m,2377,7d72fc8be58045333db74cbf8e7a109a,f8ffcf2005ea345061430992940692b4c98c75a5,1626,
2026数学建模核心资料\50多种常用算法源代码！（Matlab+Python）\灰色关联分析法Matlab+Python代码\grey_python_final(1).py,.py,2449,dc55538e821205b41d785865055879c3,c7f4933c58d6ceab8147551026a71fd52e87ee2d,1696,
2026数学建模核心资料\50多种常用算法源代码！（Matlab+Python）\灰色预测模型Matlab+Python代码\grey_prediction(1).m,.m,3087,fbd86c8f36f21af2db345d0fa3f86c8c,58cd40011a41c39e7edd48624b19e48279bc483e,2273,
2026数学建模核心资料\50多种常用算法源代码！（Matlab+Python）\灰色预测模型Matlab+Python代码\grey_prediction(1).py,.py,3192,867a3fc881330dbc815ce5e52edc85a7,2f335d4c20bde6c86f8bb7eec683db2c12970e2d,2360,
2026数学建模核心资料\50多种常用算法源代码！（Matlab+Python）\熵权法Matlab+Python代码\entropy_matlab_final(1).m,.m,2267,118b4c8fbdb8ab04db1477509c4da889,4f6222cf4ddbefb07691bf0102c16beb485c4fe1,1570,
2026数学建模核心资料\50多种常用算法源代码！（Matlab+Python）\熵权法Matlab+Python代码\entropy_python_final(1).py,.py,2345,eeb9cd111c3df336cfa0ee3dcaca4100,9c836f80386f39625f5cacaa0b186ee7e47b67cf,1648,
2026数学建模核心资料\50多种常用算法源代码！（Matlab+Python）\神经网络综合评价法Matlab+Python代码\nn_matlab_final(1).m,.m,2964,22f13b5e9c7565b12a8388ab4267bba9,a2d954018246b2ca87763862204d8d12a7fbb448,2121,
2026数学建模核心资料\50多种常用算法源代码！（Matlab+Python）\神经网络综合评价法Matlab+Python代码\nn_python_final(1).py,.py,2918,b265167ac22fe4a9be28f39adb0c7bf6,f16a8813ea5f843b98e73a85cfd936e6de42e2ad,2109,
2026数学建模核心资料\50多种常用算法源代码！（Matlab+Python）\离散变量和连续变量的相关性分析：箱型图Matlab+Python代码\boxplot_discrete_continuous(1).m,.m,4773,62ea657de187bf2513e269505dabba76,de06e613e156a3be770bcd22b6e99375a275e6b8,3569,
2026数学建模核心资料\50多种常用算法源代码！（Matlab+Python）\离散变量和连续变量的相关性分析：箱型图Matlab+Python代码\boxplot_discrete_continuous(1).py,.py,3936,b849dfb0533d8883ae3e466e462e1aff,089a17798aa0ab99a39e1b511e7008d39b3f6b75,2876,
2026数学建模核心资料\50多种常用算法源代码！（Matlab+Python）\离散变量相关性分析：卡方检验Matlab+Python代码\chi_square_test(1).m,.m,2300,06a633096e0ea516fb127a0f5271c49a,94d799a3d42d09062d6ce55fa0d531fa8227bc87,1584,
2026数学建模核心资料\50多种常用算法源代码！（Matlab+Python）\离散变量相关性分析：卡方检验Matlab+Python代码\chi_square_test(1).py,.py,2482,5a655c45feecab9470f538c2f004011c,da3acaca128377d5f693f5a3e71b2deb7354b3bb,1792,
2026数学建模核心资料\50多种常用算法源代码！（Matlab+Python）\秩和比综合评价法\rsr_matlab_final(1).m,.m,2242,ad4fcd7d898d624421d47630fc8b4d88,5ebb3130da282d2dcbf9eea5173d26440171e2d5,1539,
2026数学建模核心资料\50多种常用算法源代码！（Matlab+Python）\秩和比综合评价法\rsr_python_final(1).py,.py,2384,8f02e140d008cd48326d28a16dd861fd,073e30516bb91c1ce4ff9df00a46a75ff0eeffa6,1681,
2026数学建模核心资料\50多种常用算法源代码！（Matlab+Python）\箱型图检测异常值Matlab+Python代码\boxplot_outlier_detection(1).m,.m,2386,52a175caa5a27fbb363a7f5661dc62eb,c8926a1316ee64dedeb86cf03e790d59a3e0fb8e,1840,
2026数学建模核心资料\50多种常用算法源代码！（Matlab+Python）\箱型图检测异常值Matlab+Python代码\boxplot_outlier_detection(1).py,.py,2470,741cffbad634b9ad333d54e91d1842ee,ed7e7abbff10cf42e19dc0cbe06f84a275f8f457,1924,
2026数学建模核心资料\50多种常用算法源代码！（Matlab+Python）\粒子群算法Matlab+Python代码\particle_swarm(1).m,.m,4109,ec8ad0d72cd94ce7c2dffff5167b8f99,90910eb55b1721b32c7d4f1df774cbc8af9a4eed,3335,
2026数学建模核心资料\50多种常用算法源代码！（Matlab+Python）\粒子群算法Matlab+Python代码\particle_swarm(1).py,.py,4849,9232542070ea425d4a2140c077caa226,4e0c5be0f9ed1ba8d79d85cfe4e5ed9e8a383bb6,4033,
2026数学建模核心资料\50多种常用算法源代码！（Matlab+Python）\线性规划模型Matlab+Python代码\linear_programming(1).m,.m,1513,fc1c116810c43a01e800a7524fbfbcf6,ae831d0ab05e29cf7ff125ff9c14cd63feecf36f,979,
2026数学建模核心资料\50多种常用算法源代码！（Matlab+Python）\线性规划模型Matlab+Python代码\linear_programming(1).py,.py,1620,eb9feff758c736ee8601b09d89452c97,5123fe81fa2ce3793cf6d780f9a33f2415fa0ae2,1030,
2026数学建模核心资料\50多种常用算法源代码！（Matlab+Python）\连续变量相关性分析：协方差、Pearson、SpearmanMatlab+Python代码\continuous_correlation_analysis(1).m,.m,5018,950abd273b824da5261c846763dac645,95f56ba5d273f7efd1f686691a9af01d51523c4a,3930,
2026数学建模核心资料\50多种常用算法源代码！（Matlab+Python）\连续变量相关性分析：协方差、Pearson、SpearmanMatlab+Python代码\continuous_correlation_analysis(1).py,.py,4676,b5852b068b90e981a2aca9e1c2850610,8018db4b264fe2831b94e7319b4f0c9da460895a,3598,
2026数学建模核心资料\50多种常用算法源代码！（Matlab+Python）\遗传算法Matlab+Python代码\genetic_algorithm(1).m,.m,5164,81205d2316cda926146d2f36d62001e7,8b703b8cf157550de3242d3855a32a891aea03a2,4416,
2026数学建模核心资料\50多种常用算法源代码！（Matlab+Python）\遗传算法Matlab+Python代码\genetic_algorithm(1).py,.py,5831,ecdcbad92b4320f60cb20f18594eb709,78e71374c913ff556f6e848ae17654644a41d0e9,5059,
2026数学建模核心资料\50多种常用算法源代码！（Matlab+Python）\非线性规划模型Matlab+Python代码\nonlinear_programming(1).m,.m,2074,f04119b123c7aa427429a613d1888e31,c499a73333903ff3e52e076b72e95fdcce09dce9,1450,
2026数学建模核心资料\50多种常用算法源代码！（Matlab+Python）\非线性规划模型Matlab+Python代码\nonlinear_programming(1).py,.py,2214,234af72c4aa8b7b3596cf065f98e83d2,06aab96c1fc502c281b7e2879c8270fd41eadb62,1550,
2026数学建模核心资料\50多种常用算法源代码！（Matlab+Python）\马尔可夫预测模型Matlab+Python代码\markov_prediction(1).m,.m,4346,47073c8e533ddb3f03021605c452b4d1,eee75b6d31220825a1f601335e1e60e5ae67bd60,3307,
2026数学建模核心资料\50多种常用算法源代码！（Matlab+Python）\马尔可夫预测模型Matlab+Python代码\markov_prediction(1).py,.py,4406,d8facd6bec6aa47fd22978954f20b566,b4054ce7517e5bc362b89dadb26977f3999ea504,3353,
2026数学建模核心资料\50多种常用算法源代码！（Matlab+Python）\高斯回归预测模型Matlab+Python代码\gaussian_process_regression(1).m,.m,5283,41889aa371ab76d502203e86f493c6f8,bb51088d33c0276921a1b433143bd916ef1b0dec,4195,
2026数学建模核心资料\50多种常用算法源代码！（Matlab+Python）\高斯回归预测模型Matlab+Python代码\gaussian_process_regression(1).py,.py,5701,e34ab2ffcd4bb99e0fd730d334b630d3,389c3f66dd21f35364df8ffdd39bafc057db1a7e,4557,
2026数学建模核心资料\50多种常用算法源代码！（Matlab+Python）\高斯混合聚类模型（GMM）\gaussian_mixture(1).m,.m,4639,27b82657e91394877dbd032539dd4be5,8134203091ad62816b51fdb56796854bf472f7e1,3533,
2026数学建模核心资料\50多种常用算法源代码！（Matlab+Python）\高斯混合聚类模型（GMM）\gaussian_mixture(1).py,.py,4493,79c8db1f074295f5ec8c0a308c74882d,1ba94c95956f68941f2587391b200387495b0fcb,3461,
2026数学建模核心资料\Matlab绘图代码\分组柱状图、堆叠柱状图、百分比堆叠柱状图、直方图、核密度图、直方图 + 核密度图、箱线图、小提琴图、点图、基础饼图(1).m,.m,8950,794ca77a985427298011e87c6b8ae1f1,8afc497d66e1d07de049375fdbeee09102103bd5,7868,
2026数学建模核心资料\Matlab绘图代码\双 Y 轴折线图、带填充区域的折线图、分组箱线图、3D 柱状图、3D 等高线图、误差棒图（横向）、矩阵散点图、堆叠面积图、带数据标签的柱状图、极坐标折线图(1).m,.m,5688,ea5a7ddf285e179c9bc0afccc6040cb6,5750bcb78c7893852878bb198b37197a3ba59917,4842,
2026数学建模核心资料\Matlab绘图代码\基础散点图、带趋势线的散点图、分组散点图、气泡图、基础折线图、多系列折线图、带误差线的折线图、阶梯折线图、基础柱状图、水平柱状图(1).m,.m,5703,ae47dfbd9b218935bb990d080d8368e7,442eeccca69ce46adeec750c071f7694852931b9,4375,
2026数学建模核心资料\Matlab绘图代码\环形图、雷达图、热图、相关性热图、3D 散点图、3D 曲面图、等高线图、瀑布图、面积图、时间序列图(1).m,.m,9976,f47f6d660385d8e2acb881c0f38ffae9,83b4b91eefbb9478ab09f0c2c480e5c6855ee357,8178,
2026数学建模核心资料\Matlab绘图代码\矢量场图、分组点图、彩色映射折线图、3D 网格图、马赛克图、Andrews 曲线、帕累托图、树状图、彩色散点图（按第三变量着色）、3D 曲面图（带光照效果）(1).m,.m,9429,411a02d09bd2d7f85246f4655bcfac69,fef09685ea0ef3f143260f76f2ba18587e895820,7883,
2026数学建模核心资料\Python绘图代码\分组柱状图、堆叠柱状图、百分比堆叠柱状图、直方图、核密度图、直方图 + 核密度图、箱线图、小提琴图、点图、基础饼图(1).py,.py,7185,b2e7ed5d7a8a970048831a30b1a214d4,bfd60bc54e7fd617e5df3025637ee2f65d714df9,6343,
2026数学建模核心资料\Python绘图代码\双 Y 轴折线图、带填充区域的折线图、分组箱线图、3D 柱状图、3D 等高线图、误差棒图（横向）、矩阵散点图、堆叠面积图、带数据标签的柱状图、极坐标折线图(1).py,.py,7002,1a9f0d2cfc26b2ddaad9cd0836b0cc94,d77e7b2d6963d7cf5e869b6a31b0d92a530a607f,6598,
2026数学建模核心资料\Python绘图代码\基础散点图、带趋势线的散点图、分组散点图、气泡图、基础折线图、多系列折线图、带误差线的折线图、阶梯折线图、基础柱状图、水平柱状图(1).py,.py,10384,139ae6092b06f88eaf06a126dda8c7d4,c293f39e90b43028bbbdb70380d52c57e951b91a,9335,
2026数学建模核心资料\Python绘图代码\环形图、雷达图、热图、相关性热图、3D 散点图、3D 曲面图、等高线图、瀑布图、面积图、时间序列图(1).py,.py,5071,a26230dc3943df3c3b9f6f2b3d1b28fd,b0ecaafd4d17c886d3b0da261447b8f7292c43f0,4603,
2026数学建模核心资料\Python绘图代码\矢量场图、分组点图、彩色映射折线图、3D 网格图、马赛克图、Andrews 曲线、帕累托图、树状图、彩色散点图（按第三变量着色）、3D 曲面图（带光照效果）(1).py,.py,3424,85be598cfc554fbc1018e8610fb3b434,dcdacaafed96fdc2322f8d65d6b588e888a1d7f5,3138,
2026数学建模核心资料\国赛B题必备模型+代码资料合集\国赛B题必备优化模型——0-1整数规划\Matlab 求解0-1线性规划问题.m,.m,749,0d441638d8794210b35120e0f2df64a0,7632ba74de851d58eb1b23647f9544dbc35e03a0,677,
2026数学建模核心资料\国赛B题必备模型+代码资料合集\国赛B题必备评价模型——神经网络算法\一个很好的bp神经网络预测例子.m,.m,351604,b625fe9e951685842063415b49377636,8f28f0b565c7d0334e4ff59c7ee9feb8e655886b,351390,
2026数学建模核心资料\国赛B题必备模型+代码资料合集\国赛B题必备预测模型——灰色预测模型\灰色预测matlab代码.m,.m,734,942adeea1973a3944c0c1026ac61f088,610045b404fb2e483e9f68459509a8413def9046,655,
2026数学建模核心资料\美赛按题目题型分类常用算法代码程序包！\优化与控制题型参考代码【数学建模老哥】\GA优化后的RBF神经网络优化分析代码\GA.m,.m,2481,78a4261190eb5d19c518a8e7ab4a9327,8fb2362c71ac14ce5c09fd46d46226cd6df07e02,2481,
2026数学建模核心资料\美赛按题目题型分类常用算法代码程序包！\优化与控制题型参考代码【数学建模老哥】\GA优化后的RBF神经网络优化分析代码\pfile.mat,.mat,276,0b15044de682d5117f8e0ea1d5c57a67,da39a3ee5e6b4b0d3255bfef95601890afd80709,0,UNSUPPORTED
2026数学建模核心资料\美赛按题目题型分类常用算法代码程序包！\优化与控制题型参考代码【数学建模老哥】\GA优化后的RBF神经网络优化分析代码\RBF.m,.m,1179,05576e4638b3aff02dfad9fae381757a,2c6e4eaeb58290f87392671aca9aa3a1559db9c3,1179,
2026数学建模核心资料\美赛按题目题型分类常用算法代码程序包！\优化与控制题型参考代码【数学建模老哥】\GA优化后的RBF神经网络优化分析代码\Test.m,.m,1209,2fd3e922c7a6e1efc7b8cbdf28ce8d6a,d87c85f4390f3a32dfefe210e8f1923a92383ac2,1207,
2026数学建模核心资料\美赛按题目题型分类常用算法代码程序包！\优化与控制题型参考代码【数学建模老哥】\PSO求解多目标优化问题代码\data.mat,.mat,422,d8c64e4cb196ba98d950a3c11215d27f,da39a3ee5e6b4b0d3255bfef95601890afd80709,0,UNSUPPORTED
2026数学建模核心资料\美赛按题目题型分类常用算法代码程序包！\优化与控制题型参考代码【数学建模老哥】\PSO求解多目标优化问题代码\main.m,.m,6194,82cecde1f7b1d7a6eb1d5123cdf2827c,1d866eca4c4bf75913eee3b365d6d354e8046ebf,5694,
2026数学建模核心资料\美赛按题目题型分类常用算法代码程序包！\优化与控制题型参考代码【数学建模老哥】\人工鱼群求解TSP问题源代码\AF_follow.m,.m,1451,7a9485441f4b8414657dba0e208e6cc4,da3543bb174681c0383eadfddbf859ac5b5dbf55,1267,
2026数学建模核心资料\美赛按题目题型分类常用算法代码程序包！\优化与控制题型参考代码【数学建模老哥】\人工鱼群求解TSP问题源代码\AF_foodconsistence.m,.m,370,59eef039beb650401254eb4f15cfafe2,6b4bf6c1c6f9dcf225c0d140cd223242117078ae,323,
2026数学建模核心资料\美赛按题目题型分类常用算法代码程序包！\优化与控制题型参考代码【数学建模老哥】\人工鱼群求解TSP问题源代码\AF_init.m,.m,315,a5f33f2b5e8dd4dad0ab17a72c338feb,27196d14ce5e558352d1c93177180b63305dda7c,289,
2026数学建模核心资料\美赛按题目题型分类常用算法代码程序包！\优化与控制题型参考代码【数学建模老哥】\人工鱼群求解TSP问题源代码\AF_movestrategy.m,.m,1327,4e547e0107f3abcb117731ba6688972b,6b00fe12373ee2b8213fb5df97964d9f61b45e11,1110,
2026数学建模核心资料\美赛按题目题型分类常用算法代码程序包！\优化与控制题型参考代码【数学建模老哥】\人工鱼群求解TSP问题源代码\AF_prey.m,.m,1474,35170f6b6bdfe23572aa560a4fb8b2d3,3fec9833997c924c87d3b50423fd10e97242fa58,1307,
2026数学建模核心资料\美赛按题目题型分类常用算法代码程序包！\优化与控制题型参考代码【数学建模老哥】\人工鱼群求解TSP问题源代码\AF_randmove.m,.m,209,54e2e7e6d814dc890d57c3713c02028e,45c7a7986070f82c034cb96116a94e6bef12de6a,183,
2026数学建模核心资料\美赛按题目题型分类常用算法代码程序包！\优化与控制题型参考代码【数学建模老哥】\人工鱼群求解TSP问题源代码\AF_swarm.m,.m,1294,ca79d9ac506870168424966238f86bde,b73ec21fa07593d4abb881e21d73ceeb81fcc306,1157,
2026数学建模核心资料\美赛按题目题型分类常用算法代码程序包！\优化与控制题型参考代码【数学建模老哥】\人工鱼群求解TSP问题源代码\Center.m,.m,922,94cfccd06dff4547d94d241427a97269,b27b5473eb1d4872f17745d2ca48c60eb7144aff,842,
2026数学建模核心资料\美赛按题目题型分类常用算法代码程序包！\优化与控制题型参考代码【数学建模老哥】\人工鱼群求解TSP问题源代码\distance.m,.m,491,b2c281e00a4270126abc32cddb8e4891,e5c8092299e4e5e85cd309b7c38797fa9108c4e2,380,
2026数学建模核心资料\美赛按题目题型分类常用算法代码程序包！\优化与控制题型参考代码【数学建模老哥】\人工鱼群求解TSP问题源代码\FISH_TSP.m,.m,2035,86ebf2572c5ac13e636edeb40d1bd805,e2eafe1e05ef4b5a9d829546585099adb36cb8b1,1889,
2026数学建模核心资料\美赛按题目题型分类常用算法代码程序包！\优化与控制题型参考代码【数学建模老哥】\人工鱼群求解TSP问题源代码\k_neighborhood.m,.m,689,2ca42abc87decd058b26495d33f5ac0a,da1629457aa6530984a3c7a4980ee09e284d3955,597,
2026数学建模核心资料\美赛按题目题型分类常用算法代码程序包！\优化与控制题型参考代码【数学建模老哥】\人工鱼群求解TSP问题源代码\PathLength.m,.m,286,793d635a4473b7bd71f93948a9449b83,91a626434a71e51384a99a5650e78cc8aa66b263,250,
2026数学建模核心资料\美赛按题目题型分类常用算法代码程序包！\优化与控制题型参考代码【数学建模老哥】\人工鱼群求解TSP问题源代码\ReadTSPFile.m,.m,879,5f4e6ce3c1e75ceb7691d72b3001d4b1,3f555b735b52c88416e91e4c2470d6dee759bcad,791,
2026数学建模核心资料\美赛按题目题型分类常用算法代码程序包！\优化与控制题型参考代码【数学建模老哥】\人工鱼群求解TSP问题源代码\reverse.m,.m,833,2048d4cba4c1da6c418e1813b18f192c,58a794f2161915686fe7cc73ed00e464ccb6c8b6,768,
2026数学建模核心资料\美赛按题目题型分类常用算法代码程序包！\优化与控制题型参考代码【数学建模老哥】\人工鱼群求解TSP问题源代码\test.m,.m,149,35d3bb26f5a0a0221b95fdb894aeaec2,4768926b91e3bab147c9112900029925006e5201,149,
2026数学建模核心资料\美赛按题目题型分类常用算法代码程序包！\优化与控制题型参考代码【数学建模老哥】\免疫优化算法在物流配送中心选址中的应用代码\bestselect.m,.m,1698,ff5a348ac1aae3a23b524f9e676dafa9,a46d44f37adc7eec195014eac347859ef1e0f006,1576,
2026数学建模核心资料\美赛按题目题型分类常用算法代码程序包！\优化与控制题型参考代码【数学建模老哥】\免疫优化算法在物流配送中心选址中的应用代码\concentration.m,.m,479,827d1b8c6f40b87545c1cfaa1ac148ad,fc170e8753df7e32d4a2776e06a4e8fe9f2d1f65,439,
2026数学建模核心资料\美赛按题目题型分类常用算法代码程序包！\优化与控制题型参考代码【数学建模老哥】\免疫优化算法在物流配送中心选址中的应用代码\Cross.m,.m,1294,d524f1b8eafab15be10085e6d2a42af8,3703098a5a9260b085662d9f8316e2fce224f647,1176,
2026数学建模核心资料\美赛按题目题型分类常用算法代码程序包！\优化与控制题型参考代码【数学建模老哥】\免疫优化算法在物流配送中心选址中的应用代码\draw.m,.m,1046,e88d2fb46b690c673de9079d31f72ab6,94c53fa6b4102ddd28a07f03db3c5f7d77f21e5c,1016,
2026数学建模核心资料\美赛按题目题型分类常用算法代码程序包！\优化与控制题型参考代码【数学建模老哥】\免疫优化算法在物流配送中心选址中的应用代码\excellence.m,.m,455,bcd6d4978f649b39776214c7a1ccfeb4,a9154542a7fc7fb22ddbf892047ca0ac5b8ba076,430,
2026数学建模核心资料\美赛按题目题型分类常用算法代码程序包！\优化与控制题型参考代码【数学建模老哥】\免疫优化算法在物流配送中心选址中的应用代码\fitness.m,.m,901,ab459d658d4c5a482a6ad1c873a4303b,35c93c53c2808e43446a84fea4bf70c3fa1c7bd5,859,
2026数学建模核心资料\美赛按题目题型分类常用算法代码程序包！\优化与控制题型参考代码【数学建模老哥】\免疫优化算法在物流配送中心选址中的应用代码\IAdata.mat,.mat,4838,6fd1ec846374b4a3b8ec14245474b963,da39a3ee5e6b4b0d3255bfef95601890afd80709,0,UNSUPPORTED
2026数学建模核心资料\美赛按题目题型分类常用算法代码程序包！\优化与控制题型参考代码【数学建模老哥】\免疫优化算法在物流配送中心选址中的应用代码\incorporate.m,.m,1102,aa82abf25c08cb8fa0fdfb3342db540d,45703b4e8ca0d694aa8efa93aab6a2fa030dcc61,1058,
2026数学建模核心资料\美赛按题目题型分类常用算法代码程序包！\优化与控制题型参考代码【数学建模老哥】\免疫优化算法在物流配送中心选址中的应用代码\main.m,.m,3864,316a277d17ddce3f0b4f52f348b862ea,a4f882144cc64945b878fbaeafedb92a38d6cafb,3506,
2026数学建模核心资料\美赛按题目题型分类常用算法代码程序包！\优化与控制题型参考代码【数学建模老哥】\免疫优化算法在物流配送中心选址中的应用代码\Mutation.m,.m,1001,dde66ba2f3731f64b3f653ec3ca7e7f2,f12f194cda91f1e0b37ffc511ffcc0c3e865c9dc,914,
2026数学建模核心资料\美赛按题目题型分类常用算法代码程序包！\优化与控制题型参考代码【数学建模老哥】\免疫优化算法在物流配送中心选址中的应用代码\popinit.m,.m,319,b8fc4ca1495917a7d9f8bcbc6757e848,4df35a12d554fcedb920adbaf740882000184170,287,
2026数学建模核心资料\美赛按题目题型分类常用算法代码程序包！\优化与控制题型参考代码【数学建模老哥】\免疫优化算法在物流配送中心选址中的应用代码\Select.m,.m,912,97869b619425494099a384a9265f4e89,4b7b5be6b0e16dd284a24b105e8cacd61e53a141,838,
2026数学建模核心资料\美赛按题目题型分类常用算法代码程序包！\优化与控制题型参考代码【数学建模老哥】\免疫优化算法在物流配送中心选址中的应用代码\similar.m,.m,377,1250e46bf66c877b964403140c2cf95c,21333b48ada23f2476dfa36e696c41b875381acf,361,
2026数学建模核心资料\美赛按题目题型分类常用算法代码程序包！\优化与控制题型参考代码【数学建模老哥】\免疫优化算法在物流配送中心选址中的应用代码\test.m,.m,580,da5cc338433a3f007d0468b70c0463ab,f168038b5b6e193e37b0b5fb6bc8df186226c16d,558,
2026数学建模核心资料\美赛按题目题型分类常用算法代码程序包！\优化与控制题型参考代码【数学建模老哥】\基于深度优先搜索算法图论代码\wj_wfs_con.m,.m,448,0695525e2b76d5a3235e805b72d99e55,a70566582abd1a065f3a1f54ce2e1ff3a7b9ba10,428,
2026数学建模核心资料\美赛按题目题型分类常用算法代码程序包！\优化与控制题型参考代码【数学建模老哥】\基于蚁群算法的二维路径规划代码\DijkstraPlan.m,.m,1158,1c12246b5464b6f34827a56052b2b41e,57d9aec8456fff80b5a92f745348096d41a4fde3,1078,
2026数学建模核心资料\美赛按题目题型分类常用算法代码程序包！\优化与控制题型参考代码【数学建模老哥】\基于蚁群算法的二维路径规划代码\main.m,.m,6204,78f7422e0bfec3316790fd42e073dd22,cc1778d151301bc856ad688c3256e4b733ca32be,5990,
2026数学建模核心资料\美赛按题目题型分类常用算法代码程序包！\优化与控制题型参考代码【数学建模老哥】\基于遗传算法的优化计算——建模自变量降维代码\data.mat,.mat,85513,f255078be25cbf3de0a494c9a46498ba,da39a3ee5e6b4b0d3255bfef95601890afd80709,0,UNSUPPORTED
2026数学建模核心资料\美赛按题目题型分类常用算法代码程序包！\优化与控制题型参考代码【数学建模老哥】\基于遗传算法的优化计算——建模自变量降维代码\de_code.m,.m,1320,fe38086b7caa75d2eeb53c332269fb32,8194b40bdf00315d701ad0e16d4495553f5bf4ff,1217,
2026数学建模核心资料\美赛按题目题型分类常用算法代码程序包！\优化与控制题型参考代码【数学建模老哥】\基于遗传算法的优化计算——建模自变量降维代码\fitness.m,.m,105,90040ea7d2a7b5043730653d6e71fbd0,42305831ec3ed1aa80b57fa0f07d5d60b03555bd,105,
2026数学建模核心资料\美赛按题目题型分类常用算法代码程序包！\优化与控制题型参考代码【数学建模老哥】\基于遗传算法的优化计算——建模自变量降维代码\gabpEval.m,.m,113,f37e1788e621e4fb549c01cce2d05857,114e5c0d89a52f30e6e5c94aac3edf18100da9fb,113,
2026数学建模核心资料\美赛按题目题型分类常用算法代码程序包！\优化与控制题型参考代码【数学建模老哥】\基于遗传算法的优化计算——建模自变量降维代码\gadecod.m,.m,674,cf755697a13002b5c17571388c9b7292,589875075bf39b4ea7f3aa276e9e03afed369116,605,
2026数学建模核心资料\美赛按题目题型分类常用算法代码程序包！\优化与控制题型参考代码【数学建模老哥】\基于遗传算法的优化计算——建模自变量降维代码\main.m,.m,6236,17931277c129805d6bc4b1b7f1667980,988ed70c2be97f16cad2b862d98f4639a2769ebb,5642,
2026数学建模核心资料\美赛按题目题型分类常用算法代码程序包！\优化与控制题型参考代码【数学建模老哥】\多目标快速非支配排序遗传算法优化代码\evaluate_objective.m,.m,1697,6700204c6b10de0ccb509195a65e282a,c725551d7ad41e2c1d8dc4d297e91271ccc9e14b,1697,
2026数学建模核心资料\美赛按题目题型分类常用算法代码程序包！\优化与控制题型参考代码【数学建模老哥】\多目标快速非支配排序遗传算法优化代码\genetic_operator.m,.m,7434,681970fadea11f30a6e509418e0a88d8,0b763a31e8b66887c15c92e4dc439e528fee425c,7434,
2026数学建模核心资料\美赛按题目题型分类常用算法代码程序包！\优化与控制题型参考代码【数学建模老哥】\多目标快速非支配排序遗传算法优化代码\initialize_variables.m,.m,2131,a3352fa7de01e7c5fb352289584676b1,bf6c1641378a8c5869ec10616fdb3653fc188953,2131,
2026数学建模核心资料\美赛按题目题型分类常用算法代码程序包！\优化与控制题型参考代码【数学建模老哥】\多目标快速非支配排序遗传算法优化代码\non_domination_sort_mod.m,.m,8134,d97a75628955f1e51b4cc0fabae605c5,838f73b34e0817a68774ffe9f2cb3f83a5ee21eb,8134,
2026数学建模核心资料\美赛按题目题型分类常用算法代码程序包！\优化与控制题型参考代码【数学建模老哥】\多目标快速非支配排序遗传算法优化代码\nsga_2.m,.m,10474,2672f95c4d80228670a6cfbc3a9fdea0,4cd50a2ae92b5a7f050b16fa980dbc549f576723,10474,
2026数学建模核心资料\美赛按题目题型分类常用算法代码程序包！\优化与控制题型参考代码【数学建模老哥】\多目标快速非支配排序遗传算法优化代码\objective_description_function.m,.m,3163,f029b7b7ad5597e5ace87936dd52ddcb,03133368e76b0bc3c4dd194a45b6ea81cce4007d,3163,
2026数学建模核心资料\美赛按题目题型分类常用算法代码程序包！\优化与控制题型参考代码【数学建模老哥】\多目标快速非支配排序遗传算法优化代码\replace_chromosome.m,.m,3294,d8e08b719eb7c16700fd4114e509a3e8,947a3e44bc26dc444560f4bfab7236aed18caec6,3294,
2026数学建模核心资料\美赛按题目题型分类常用算法代码程序包！\优化与控制题型参考代码【数学建模老哥】\多目标快速非支配排序遗传算法优化代码\tournament_selection.m,.m,3999,7fd82559f90fb77696d0b97859f1a131,506859ad0eca6f4ebb375786396e0d0e70a7aa1f,3999,
2026数学建模核心资料\美赛按题目题型分类常用算法代码程序包！\优化与控制题型参考代码【数学建模老哥】\多目标粒子群优化算法代码\CreateEmptyParticle.m,.m,1986,24061b605ed06855726bd000e7e0e8fa,ef51d1e6a5a4fefdb0cf1bcf40cd0811637668c9,1986,
2026数学建模核心资料\美赛按题目题型分类常用算法代码程序包！\优化与控制题型参考代码【数学建模老哥】\多目标粒子群优化算法代码\CreateHypercubes.m,.m,2093,2f6ffcf664c28998568b123cfec673da,3a3ea543875f266d525e2dfe51ab0fa6156ed2ee,2093,
2026数学建模核心资料\美赛按题目题型分类常用算法代码程序包！\优化与控制题型参考代码【数学建模老哥】\多目标粒子群优化算法代码\DeleteFromRep.m,.m,2216,c706950cdf90d94a8abe1c5adfe209bd,f6d4c235bc2ca58f31edfe4bc796e6b1329a12e7,2216,
2026数学建模核心资料\美赛按题目题型分类常用算法代码程序包！\优化与控制题型参考代码【数学建模老哥】\多目标粒子群优化算法代码\DetermineDomination.m,.m,2014,bcc77ac9d196fb2592f764fab7d09dd1,079eec77cc835ce532ecda79263c645a2ac4131e,2014,
2026数学建模核心资料\美赛按题目题型分类常用算法代码程序包！\优化与控制题型参考代码【数学建模老哥】\多目标粒子群优化算法代码\Dominates.m,.m,1736,c1e537bfc88011830c6b325fe171a230,f9b61ad40daa86d1a558bf67979a2b11ee248002,1736,
2026数学建模核心资料\美赛按题目题型分类常用算法代码程序包！\优化与控制题型参考代码【数学建模老哥】\多目标粒子群优化算法代码\GetCosts.m,.m,1671,6a7d6901374d1e0b74f20794f909adeb,f1c6d36442a8c494b7f083fbf11846258b8c2ef5,1671,
2026数学建模核心资料\美赛按题目题型分类常用算法代码程序包！\优化与控制题型参考代码【数学建模老哥】\多目标粒子群优化算法代码\GetGridIndex.m,.m,2032,eb3442a1f708437aa30a94d5bced3e59,faf3a7728524bf69eb7b73bb6955b63eb18e4448,2032,
2026数学建模核心资料\美赛按题目题型分类常用算法代码程序包！\优化与控制题型参考代码【数学建模老哥】\多目标粒子群优化算法代码\GetNonDominatedParticles.m,.m,1671,a7bd9a2ac99a44ead21ee50bf4c69a5e,0927bd3921368b52fe54663c11f5e3165a1fd4ae,1671,
2026数学建模核心资料\美赛按题目题型分类常用算法代码程序包！\优化与控制题型参考代码【数学建模老哥】\多目标粒子群优化算法代码\GetOccupiedCells.m,.m,1916,ab79c08a636b2ef995f748eb5ac03c34,0d3dbabe448cc36f376ead48c8ff4096d62ccb43,1916,
2026数学建模核心资料\美赛按题目题型分类常用算法代码程序包！\优化与控制题型参考代码【数学建模老哥】\多目标粒子群优化算法代码\mopso.m,.m,5395,e39ca8c01740826829058de119cc43fe,8b595d3771aa798122ad4df491c11c1e2c29ffa1,5395,
2026数学建模核心资料\美赛按题目题型分类常用算法代码程序包！\优化与控制题型参考代码【数学建模老哥】\多目标粒子群优化算法代码\MyCost1.m,.m,1721,9856a69a67958fc9b104c995844e3a82,2901ced690ec29b236f96adb58d5f6f6dcea162d,1721,
2026数学建模核心资料\美赛按题目题型分类常用算法代码程序包！\优化与控制题型参考代码【数学建模老哥】\多目标粒子群优化算法代码\MyCost2.m,.m,1722,a617495168838a08f44f008721fb32bc,f538af13d64349fcac5a553b17a1fa55e1897ec6,1722,
2026数学建模核心资料\美赛按题目题型分类常用算法代码程序包！\优化与控制题型参考代码【数学建模老哥】\多目标粒子群优化算法代码\MyCost3.m,.m,1793,5710eb26a16db498a591b70f92b94058,7ac60b8fad1d488c77c653468142ad77e1757bd5,1793,
2026数学建模核心资料\美赛按题目题型分类常用算法代码程序包！\优化与控制题型参考代码【数学建模老哥】\多目标粒子群优化算法代码\RouletteWheelSelection.m,.m,1669,f278550ccfcee37a7e850b2ea7b4ea03,366920a4365e1553906db52dc4c6dc9dd7e586da,1669,
2026数学建模核心资料\美赛按题目题型分类常用算法代码程序包！\优化与控制题型参考代码【数学建模老哥】\多目标粒子群优化算法代码\SelectLeader.m,.m,2141,9f92540b8f516af7d8339c47e7610b8b,19e368c61f3d44bddfe4101e33195cd32db1f5b2,2141,
2026数学建模核心资料\美赛按题目题型分类常用算法代码程序包！\优化与控制题型参考代码【数学建模老哥】\多种群遗传算法的函数优化算法代码\EliteInduvidual.m,.m,801,a40bb6f808165b397ddee4f28f1bafa6,64a30899079430b3b0fb91a082f204ed7798e550,609,
2026数学建模核心资料\美赛按题目题型分类常用算法代码程序包！\优化与控制题型参考代码【数学建模老哥】\多种群遗传算法的函数优化算法代码\immigrant.m,.m,763,05bfb48035edb3e381efe0b9824f75a9,cbc5ad0dcd7afe005fa3fafceda2c2311b0667d4,601,
2026数学建模核心资料\美赛按题目题型分类常用算法代码程序包！\优化与控制题型参考代码【数学建模老哥】\多种群遗传算法的函数优化算法代码\MPGA.m,.m,2275,d9926c0f14ae6ef6c8019ef03935cd67,7c080ca242105e6472831dc8a184574df562975d,1927,
2026数学建模核心资料\美赛按题目题型分类常用算法代码程序包！\优化与控制题型参考代码【数学建模老哥】\多种群遗传算法的函数优化算法代码\ObjectFunction.m,.m,179,e9c7d63efc545bb1b6141471c1c6b8dd,4888c08da4133d500432cd51eca429facb08ffbd,163,
2026数学建模核心资料\美赛按题目题型分类常用算法代码程序包！\优化与控制题型参考代码【数学建模老哥】\多种群遗传算法的函数优化算法代码\SGA.m,.m,1358,d46846b1e1244bf37f5619764d3780f1,c24863de4c124b21558c35f1b728618a594b0412,1229,
2026数学建模核心资料\美赛按题目题型分类常用算法代码程序包！\优化与控制题型参考代码【数学建模老哥】\多种群遗传算法的函数优化算法代码\gatbx\bs2rv.m,.m,3217,5715ba78fd9ea26380164d6812f94c84,271cb4f97f7a3920bfcb9cf78cbdc01b2af7cffb,3217,
2026数学建模核心资料\美赛按题目题型分类常用算法代码程序包！\优化与控制题型参考代码【数学建模老哥】\多种群遗传算法的函数优化算法代码\gatbx\contents.m,.m,1835,070ddd5490a0ee01ca0a08ae185d6ad2,2c8aa9725b3f849f5999878364695bd3ea4dab77,1835,
2026数学建模核心资料\美赛按题目题型分类常用算法代码程序包！\优化与控制题型参考代码【数学建模老哥】\多种群遗传算法的函数优化算法代码\gatbx\crtbase.m,.m,1168,e86d2a9b321d1d30536ca5e0fc3a8301,826d36623cd1b9b6f87cfcc5fd44f03d6b9de5b8,1168,
2026数学建模核心资料\美赛按题目题型分类常用算法代码程序包！\优化与控制题型参考代码【数学建模老哥】\多种群遗传算法的函数优化算法代码\gatbx\crtbp.m,.m,2187,f4c078cad96eaa3118975f840e415bd2,2f2799dd968e0f9aadb6f53528a0b791d2dbb62b,2187,
2026数学建模核心资料\美赛按题目题型分类常用算法代码程序包！\优化与控制题型参考代码【数学建模老哥】\多种群遗传算法的函数优化算法代码\gatbx\crtrp.m,.m,2091,38fc100946b38cabc99f6ec6d364a198,7067d8c7a52fbec0d7ee25735437c81c2408d127,2091,
2026数学建模核心资料\美赛按题目题型分类常用算法代码程序包！\优化与控制题型参考代码【数学建模老哥】\多种群遗传算法的函数优化算法代码\gatbx\migrate.m,.m,7205,b0896e36ad11c859590747d5ea314be8,38267737cad0a34f05a8202135ed734a7700ba3d,7205,
2026数学建模核心资料\美赛按题目题型分类常用算法代码程序包！\优化与控制题型参考代码【数学建模老哥】\多种群遗传算法的函数优化算法代码\gatbx\mpga.m,.m,4019,9aa19921053b64bade5a2716dcbaba97,04a2777e9f88b61dd2820b796c8719a506f7e36e,4019,
2026数学建模核心资料\美赛按题目题型分类常用算法代码程序包！\优化与控制题型参考代码【数学建模老哥】\多种群遗传算法的函数优化算法代码\gatbx\mut.m,.m,1609,e4911cbe97f5340d41818795961a4d9c,6d515e42b5bb73107f2a5a4c32babd9724768767,1609,
2026数学建模核心资料\美赛按题目题型分类常用算法代码程序包！\优化与控制题型参考代码【数学建模老哥】\多种群遗传算法的函数优化算法代码\gatbx\mutate.m,.m,3437,ed46f1ce5e37c547df0b33ec5e256058,b3790266925b5abe1940cd56ee1c4b870fa3c2f0,3437,
2026数学建模核心资料\美赛按题目题型分类常用算法代码程序包！\优化与控制题型参考代码【数学建模老哥】\多种群遗传算法的函数优化算法代码\gatbx\mutbga.m,.m,4943,3cdb63e6daec8672f3f974b75e815d84,e8d205b68991621f75e66893464ef011b6f8a614,4943,
2026数学建模核心资料\美赛按题目题型分类常用算法代码程序包！\优化与控制题型参考代码【数学建模老哥】\多种群遗传算法的函数优化算法代码\gatbx\objfun1.m,.m,2629,f6a0c789b0c18a888410a417b7a014c5,4136389515e306fb78798a37784780308d72ef7a,2629,
2026数学建模核心资料\美赛按题目题型分类常用算法代码程序包！\优化与控制题型参考代码【数学建模老哥】\多种群遗传算法的函数优化算法代码\gatbx\objharv.m,.m,2559,42b4af4aad7fc56f2b454b9fb9ec384a,693f5efac87bb8fcf8692785207f857591bad4e3,2559,
2026数学建模核心资料\美赛按题目题型分类常用算法代码程序包！\优化与控制题型参考代码【数学建模老哥】\多种群遗传算法的函数优化算法代码\gatbx\ranking.m,.m,4709,c0dd155183817712c443b1346d0a27db,19b924e701b22a7f3e7eb7af35fc08d2d21bb022,4709,
2026数学建模核心资料\美赛按题目题型分类常用算法代码程序包！\优化与控制题型参考代码【数学建模老哥】\多种群遗传算法的函数优化算法代码\gatbx\recdis.m,.m,1825,d9dfa02470b2f692555ad41fbd6ff4aa,6a611be1a5cbaae0851b11fe56cf347bf2ddbc05,1825,
2026数学建模核心资料\美赛按题目题型分类常用算法代码程序包！\优化与控制题型参考代码【数学建模老哥】\多种群遗传算法的函数优化算法代码\gatbx\recint.m,.m,1895,03fe0d132d87cca8b6f1f1a6ff771897,d238e14155d582b37d4e9dcda6b68fc65905a213,1895,
2026数学建模核心资料\美赛按题目题型分类常用算法代码程序包！\优化与控制题型参考代码【数学建模老哥】\多种群遗传算法的函数优化算法代码\gatbx\reclin.m,.m,1953,16cd857584510557db552d48ccc52e9c,a06732e368211ec0afbbbaf1b582556fb43096f2,1953,
2026数学建模核心资料\美赛按题目题型分类常用算法代码程序包！\优化与控制题型参考代码【数学建模老哥】\多种群遗传算法的函数优化算法代码\gatbx\recmut.m,.m,4852,8410982e4efddbdeeadc2da6889540a2,d62df2d1b168a8f0ea1e1db1e4827aece6a04bff,4852,
2026数学建模核心资料\美赛按题目题型分类常用算法代码程序包！\优化与控制题型参考代码【数学建模老哥】\多种群遗传算法的函数优化算法代码\gatbx\recombin.m,.m,2438,53d304805924356ba2bdbc67048ecbd5,54127b87242b32125059dbb4e70958cd4ef8b7e7,2438,
2026数学建模核心资料\美赛按题目题型分类常用算法代码程序包！\优化与控制题型参考代码【数学建模老哥】\多种群遗传算法的函数优化算法代码\gatbx\reins.m,.m,5574,89af5adf8b5c833202243f32afb711a5,9df5fd3aad160d06e51cc782aa259cf5accd7ac1,5574,
2026数学建模核心资料\美赛按题目题型分类常用算法代码程序包！\优化与控制题型参考代码【数学建模老哥】\多种群遗传算法的函数优化算法代码\gatbx\rep.m,.m,1208,8dfdec2c1848ef74cbb19327c586659b,93d0e9b40dfa51901d3f478b8e7d4e7c0b343b75,1208,
2026数学建模核心资料\美赛按题目题型分类常用算法代码程序包！\优化与控制题型参考代码【数学建模老哥】\多种群遗传算法的函数优化算法代码\gatbx\resplot.m,.m,2080,1a7c23468e55894203cd285cbb0b7930,885e88184c48aaf9a54b93545802929d917cbbc8,2080,
2026数学建模核心资料\美赛按题目题型分类常用算法代码程序包！\优化与控制题型参考代码【数学建模老哥】\多种群遗传算法的函数优化算法代码\gatbx\rws.m,.m,1090,09e56a7c2bea0be22b9bce93f3028c8e,faa0a55a3d15b7596cd326d84cf260320c1f72f1,1090,
2026数学建模核心资料\美赛按题目题型分类常用算法代码程序包！\优化与控制题型参考代码【数学建模老哥】\多种群遗传算法的函数优化算法代码\gatbx\scaling.m,.m,1270,4122b3924b244aba4a071d481266e15f,88fb09d909b0c3fa4ea8868ddca03e6a8512c93e,1270,
2026数学建模核心资料\美赛按题目题型分类常用算法代码程序包！\优化与控制题型参考代码【数学建模老哥】\多种群遗传算法的函数优化算法代码\gatbx\select.m,.m,2401,2d4380b6b83dff58474ab0fc7fc2246b,cd3ca023e6461682bae705c0a74f98a316124d04,2401,
2026数学建模核心资料\美赛按题目题型分类常用算法代码程序包！\优化与控制题型参考代码【数学建模老哥】\多种群遗传算法的函数优化算法代码\gatbx\sga.m,.m,2143,2f318252af31ec1d378228ecd178c033,11f7a08e37d30b607ff449e9e1bebfae70cd761e,2143,
2026数学建模核心资料\美赛按题目题型分类常用算法代码程序包！\优化与控制题型参考代码【数学建模老哥】\多种群遗传算法的函数优化算法代码\gatbx\sus.m,.m,1319,b202509fc7b982227788def67a266197,834215f7d9b4aebb53fbba2e9c586edc88543c8f,1319,
2026数学建模核心资料\美赛按题目题型分类常用算法代码程序包！\优化与控制题型参考代码【数学建模老哥】\多种群遗传算法的函数优化算法代码\gatbx\xovdp.m,.m,1042,eb4b7dffc7e731ced668d7ac6c5afd94,7a9277269ef4e5249e0279cede8cdde9952c7a41,1042,
2026数学建模核心资料\美赛按题目题型分类常用算法代码程序包！\优化与控制题型参考代码【数学建模老哥】\多种群遗传算法的函数优化算法代码\gatbx\xovdprs.m,.m,1090,45436f3bf23bd1bf39179c347b365dd0,28aa93cec7abad7ad8677ffbd21ac5e304133d62,1090,
2026数学建模核心资料\美赛按题目题型分类常用算法代码程序包！\优化与控制题型参考代码【数学建模老哥】\多种群遗传算法的函数优化算法代码\gatbx\xovmp.m,.m,2795,080704c8417461cfd817d18185874e4c,4ccff68445397c57fab03d8259ad59c8dd6e90fe,2795,
2026数学建模核心资料\美赛按题目题型分类常用算法代码程序包！\优化与控制题型参考代码【数学建模老哥】\多种群遗传算法的函数优化算法代码\gatbx\xovsh.m,.m,1032,7eafc3268fc71b5e67c073acf42f2d63,0d0d360ea5f1c8bbea50e2eec08891f37888e9e3,1032,
2026数学建模核心资料\美赛按题目题型分类常用算法代码程序包！\优化与控制题型参考代码【数学建模老哥】\多种群遗传算法的函数优化算法代码\gatbx\xovshrs.m,.m,1080,cf762042614a36800f2039c4e8355cc3,e7d5482c8c85a2e6b1e9d12989e877dbcd0f9c39,1080,
2026数学建模核心资料\美赛按题目题型分类常用算法代码程序包！\优化与控制题型参考代码【数学建模老哥】\多种群遗传算法的函数优化算法代码\gatbx\xovsp.m,.m,1043,0a9ac209a3fbc9b306b8f81f404620af,b60c29b9c21ea57864afbd65cacd901bd73e36f9,1043,
2026数学建模核心资料\美赛按题目题型分类常用算法代码程序包！\优化与控制题型参考代码【数学建模老哥】\多种群遗传算法的函数优化算法代码\gatbx\xovsprs.m,.m,1090,697a94ff7ebb2a5a23d84fcd4548868f,ac83fc22f72a593e069870d05db7129386b8573b,1090,
2026数学建模核心资料\美赛按题目题型分类常用算法代码程序包！\优化与控制题型参考代码【数学建模老哥】\多种遗传算法优化论文与代码\chapter7\EliteInduvidual.m,.m,349,eb10ec019c79a4c397010f3923495a74,6231dfdac09f43fa136fddd95c66ced2168c54cd,308,
2026数学建模核心资料\美赛按题目题型分类常用算法代码程序包！\优化与控制题型参考代码【数学建模老哥】\多种遗传算法优化论文与代码\chapter7\immigrant.m,.m,457,8a39dab8a1fed35489f241b31587f911,59a9c40b40756595fd8003433dd3a31dafeaa0ef,401,
2026数学建模核心资料\美赛按题目题型分类常用算法代码程序包！\优化与控制题型参考代码【数学建模老哥】\多种遗传算法优化论文与代码\chapter7\MPGA.m,.m,2054,10fe6137006c94caacac686a4a508573,2aef2a6d7c056416f7757a494e70ecc5e16dd70c,1781,
2026数学建模核心资料\美赛按题目题型分类常用算法代码程序包！\优化与控制题型参考代码【数学建模老哥】\改进蚁群算法求解连续空间优化问题代码\mop_5_27_modified_a.m,.m,4574,82836fbfa1f13966718528b8ded23104,456b8de9b583ad3529db536fc994e4150fcb796e,4322,
2026数学建模核心资料\美赛按题目题型分类常用算法代码程序包！\优化与控制题型参考代码【数学建模老哥】\改进非支配邻域免疫算法目标优化代码\EMOinstruction.m,.m,1495,57ee9162ea48704fa6966a5c5110c9e1,f5120de78e4adfdc11962395e8a428ccfa25bcbf,1495,
2026数学建模核心资料\美赛按题目题型分类常用算法代码程序包！\优化与控制题型参考代码【数学建模老哥】\改进非支配邻域免疫算法目标优化代码\getbud.m,.m,2482,ab502fee67ea74f37fa6a747adfc45cd,94550a56a137eb3b21629592717edbcd756f4de2,2479,
2026数学建模核心资料\美赛按题目题型分类常用算法代码程序包！\优化与控制题型参考代码【数学建模老哥】\改进非支配邻域免疫算法目标优化代码\NNIA.m,.m,11261,60f379594861721a1c8acbc7a86dd67a,100c12970fe0be970e065f71e50db982c3ece32d,11261,
2026数学建模核心资料\美赛按题目题型分类常用算法代码程序包！\优化与控制题型参考代码【数学建模老哥】\改进非支配邻域免疫算法目标优化代码\OVcom.m,.m,6203,1a760bc4ef904ebb7dea5b092c828f91,7d5144d27a034ada99430effb244b1d915d26088,6203,
2026数学建模核心资料\美赛按题目题型分类常用算法代码程序包！\优化与控制题型参考代码【数学建模老哥】\普通多目标优化算法代码\demo.m,.m,220,9da8036b1a91a39f9b83c0ec9a9773b8,4a2d1125db241c289b75a1208241885e1c0a3c94,220,
2026数学建模核心资料\美赛按题目题型分类常用算法代码程序包！\优化与控制题型参考代码【数学建模老哥】\普通多目标优化算法代码\evaluate.m,.m,635,3daed3f98ccb7655b411d34d8ce0023a,f125f1f69fde6704f0db447b1ac606b4dbcdcab3,635,
2026数学建模核心资料\美赛按题目题型分类常用算法代码程序包！\优化与控制题型参考代码【数学建模老哥】\普通多目标优化算法代码\eval_update.m,.m,591,80139b3025fe080faa2104dc813148fe,fd8f11e9b24e40fcfe8ed8fc526fc80d9ef140b8,591,
2026数学建模核心资料\美赛按题目题型分类常用算法代码程序包！\优化与控制题型参考代码【数学建模老哥】\普通多目标优化算法代码\gaussian_mutate.m,.m,496,ac5228848219cedb154a28538b64711e,250ef5c4ebc69d9186e66bdd24e8ef9f8846b2cc,496,
2026数学建模核心资料\美赛按题目题型分类常用算法代码程序包！\优化与控制题型参考代码【数学建模老哥】\普通多目标优化算法代码\genetic_op.m,.m,1859,6c0c2fdf3fbe2368f6ac80378f826aff,64711ce03a8c923c4089f37d1999f0ec6cf1603a,1859,
2026数学建模核心资料\美赛按题目题型分类常用算法代码程序包！\优化与控制题型参考代码【数学建模老哥】\普通多目标优化算法代码\get_structure.m,.m,1248,8548bd3162ab5f4d079cfa8fbce404c2,2f8d1ed698869d115f0fa2693f57c89d8f0ed11c,1248,
2026数学建模核心资料\美赛按题目题型分类常用算法代码程序包！\优化与控制题型参考代码【数学建模老哥】\普通多目标优化算法代码\init_weights.m,.m,1228,d078ef3c024dc5ddb53c5c60b9341b7b,18822e066fcf1bc41bfb9576d020a4a8f5377f6d,1228,
2026数学建模核心资料\美赛按题目题型分类常用算法代码程序包！\优化与控制题型参考代码【数学建模老哥】\普通多目标优化算法代码\moead.m,.m,3802,2cc7616c8cdc3bd2922a4830231c5c3d,cebfc5aeb3a74e522128ae54cc3a5c35a2036dd2,3802,
2026数学建模核心资料\美赛按题目题型分类常用算法代码程序包！\优化与控制题型参考代码【数学建模老哥】\普通多目标优化算法代码\randompoint.m,.m,559,5d4ec55288ffdc92e8b8432a55700b0d,40e2d975c278ac7a2db34f6584643e1261fdd09f,559,
2026数学建模核心资料\美赛按题目题型分类常用算法代码程序包！\优化与控制题型参考代码【数学建模老哥】\普通多目标优化算法代码\realmutate.m,.m,1374,33376213d404da6a7cabca5aa9ed1e0d,fdd1a422fcc27ee1586586bebc2b96bd66e6f036,1374,
2026数学建模核心资料\美赛按题目题型分类常用算法代码程序包！\优化与控制题型参考代码【数学建模老哥】\普通多目标优化算法代码\subobjective.m,.m,1966,0f529dbebf1a71ed3e1655ae84032c84,17b64226685b39a1dc74a82e98b313c6eaa6a127,1966,
2026数学建模核心资料\美赛按题目题型分类常用算法代码程序包！\优化与控制题型参考代码【数学建模老哥】\普通多目标优化算法代码\testmop.m,.m,1374,ea01f7003b567d0df39a45ccf0794d63,706ed3331a72390bdd784fa2e03c9c791c46071b,1374,
2026数学建模核心资料\美赛按题目题型分类常用算法代码程序包！\优化与控制题型参考代码【数学建模老哥】\混合粒子群算法求解TSP问题代码\dist.m,.m,126,b6636a48a46d6b510a6d96a7625e597c,55c31da16692f8b8fd0664f0f68880583b12551d,126,
2026数学建模核心资料\美赛按题目题型分类常用算法代码程序包！\优化与控制题型参考代码【数学建模老哥】\混合粒子群算法求解TSP问题代码\fitness.m,.m,419,dc16e9d368714a354da95f57e73fd546,5849abfa311108db42bcaeecc09e6f4b6a12448e,390,
2026数学建模核心资料\美赛按题目题型分类常用算法代码程序包！\优化与控制题型参考代码【数学建模老哥】\混合粒子群算法求解TSP问题代码\main.m,.m,5566,7518deef9962db187367886e87ebbea0,785be83ed45c5d5e27733eab7ba8f84f25cf9aef,5304,
2026数学建模核心资料\美赛按题目题型分类常用算法代码程序包！\优化与控制题型参考代码【数学建模老哥】\蚁群算法求解TSP问题matlab代码\citys_data.mat,.mat,309,2ef6efb10c9ed0c4e57de379a08cebed,da39a3ee5e6b4b0d3255bfef95601890afd80709,0,UNSUPPORTED
2026数学建模核心资料\美赛按题目题型分类常用算法代码程序包！\优化与控制题型参考代码【数学建模老哥】\蚁群算法求解TSP问题matlab代码\main.m,.m,4425,3b2828ff04893c3c72021f3a435b552c,2c3712af8607c4476f14c8d5de65cc86b66912c3,4102,
2026数学建模核心资料\美赛按题目题型分类常用算法代码程序包！\优化与控制题型参考代码【数学建模老哥】\量子遗传算法代码\bin2decFun.m,.m,384,dcc65d1aaf0e26bfbd26cd99a4d7877b,85eb803c5bb6689b938885572ce0787127e68630,343,
2026数学建模核心资料\美赛按题目题型分类常用算法代码程序包！\优化与控制题型参考代码【数学建模老哥】\量子遗传算法代码\collapse.m,.m,458,8a921cb5fa0b04ff648afa266e8550d4,871d4af2de82f2e2d0ec143d0487e0ccb5bf66a6,383,
2026数学建模核心资料\美赛按题目题型分类常用算法代码程序包！\优化与控制题型参考代码【数学建模老哥】\量子遗传算法代码\FitnessFunction.m,.m,411,4dc3c978471ae1a56a2d23b599e6cb1a,b34828b9ca1b38f4445ef97cb94c478c60d8e77a,359,
2026数学建模核心资料\美赛按题目题型分类常用算法代码程序包！\优化与控制题型参考代码【数学建模老哥】\量子遗传算法代码\InitPop.m,.m,179,be21f76dbcccea77db9764bc11499956,2ba47be042131d094e05d4136350722e6b734fdb,149,
2026数学建模核心资料\美赛按题目题型分类常用算法代码程序包！\优化与控制题型参考代码【数学建模老哥】\量子遗传算法代码\Objfunction.m,.m,341,2f9a66ce0900e9803fe003a21af76dac,2e06f39613ae465c862c2d943b29ab1cbc58c41e,281,
2026数学建模核心资料\美赛按题目题型分类常用算法代码程序包！\优化与控制题型参考代码【数学建模老哥】\量子遗传算法代码\Qgate.m,.m,2046,4ac76c63c918280627336c01a2476975,7e28d45ffedf46636db80e2eee14ea302ab7afec,1951,
2026数学建模核心资料\美赛按题目题型分类常用算法代码程序包！\优化与控制题型参考代码【数学建模老哥】\量子遗传算法代码\QuantumMain.m,.m,1740,498ca52cc0400414d7878756a0e2c292,6bb2ee07615162029605185df439ab188a8d07b8,1551,
2026数学建模核心资料\美赛按题目题型分类常用算法代码程序包！\分类与判别类题型参考代码【数学建模老哥】\100多种数据处理与分类算法集合\模式分类（Matlab程序）\Ada_Boost.m,.m,1892,053a40963aba388d0a7f5a73ccd197bd,22540ab2504527b35cafb6693882a3a48735d1f3,1892,
2026数学建模核心资料\美赛按题目题型分类常用算法代码程序包！\分类与判别类题型参考代码【数学建模老哥】\100多种数据处理与分类算法集合\模式分类（Matlab程序）\ADDC.m,.m,2815,2c373f2d8850278e82fd5d62a3a94018,23fda21c711599c8124660ecf8dfbe7e587ee7ae,2815,
2026数学建模核心资料\美赛按题目题型分类常用算法代码程序包！\分类与判别类题型参考代码【数学建模老哥】\100多种数据处理与分类算法集合\模式分类（Matlab程序）\AGHC.m,.m,4439,4676e63182399c096548d526f421b54e,bb4aed7beed5bdbb0a9a161eba37951a113c4baf,4439,
2026数学建模核心资料\美赛按题目题型分类常用算法代码程序包！\分类与判别类题型参考代码【数学建模老哥】\100多种数据处理与分类算法集合\模式分类（Matlab程序）\Backpropagation_Batch.m,.m,3397,3062c54aa87d0e0c600bebbd74fd450e,80d951d780f841a80aedbc550f96af4bcbbd8f58,3397,
2026数学建模核心资料\美赛按题目题型分类常用算法代码程序包！\分类与判别类题型参考代码【数学建模老哥】\100多种数据处理与分类算法集合\模式分类（Matlab程序）\Backpropagation_CGD.m,.m,5308,0e5b0d82110f0754717c51639020f4fb,42a9dc991a9fa43d46b0d5364d9cef46e3040f2a,5308,
2026数学建模核心资料\美赛按题目题型分类常用算法代码程序包！\分类与判别类题型参考代码【数学建模老哥】\100多种数据处理与分类算法集合\模式分类（Matlab程序）\Backpropagation_Quickprop.m,.m,6494,732682906d24ab6945a47109a6b82060,701aab9d1cf9069615537c84890494f5015cb331,6494,
2026数学建模核心资料\美赛按题目题型分类常用算法代码程序包！\分类与判别类题型参考代码【数学建模老哥】\100多种数据处理与分类算法集合\模式分类（Matlab程序）\Backpropagation_Recurrent.m,.m,5029,e161762ea89f7cdef47ac3e205fffa35,e25daf6ed03ff7fccdf609beebbe14e2d0868eb2,5029,
2026数学建模核心资料\美赛按题目题型分类常用算法代码程序包！\分类与判别类题型参考代码【数学建模老哥】\100多种数据处理与分类算法集合\模式分类（Matlab程序）\Backpropagation_SM.m,.m,3334,a34342a86004e612107288e9c8e69155,3a4e6ece68116484d60a9e82bb3c2ae660967561,3334,
2026数学建模核心资料\美赛按题目题型分类常用算法代码程序包！\分类与判别类题型参考代码【数学建模老哥】\100多种数据处理与分类算法集合\模式分类（Matlab程序）\Backpropagation_Stochastic.m,.m,3117,a7a23267678f0b4a867015cf2472005c,fab141a79165695ab53c2e8aa4d0f208bfca42ae,3117,
2026数学建模核心资料\美赛按题目题型分类常用算法代码程序包！\分类与判别类题型参考代码【数学建模老哥】\100多种数据处理与分类算法集合\模式分类（Matlab程序）\Balanced_Winnow.m,.m,1421,929c90e77ad45abf4fe2f089a6d200f0,5186d1c1e19eea3bfa39d05ad48db3e892b4f35d,1421,
2026数学建模核心资料\美赛按题目题型分类常用算法代码程序包！\分类与判别类题型参考代码【数学建模老哥】\100多种数据处理与分类算法集合\模式分类（Matlab程序）\Bayesian_Model_Comparison.m,.m,3343,5a4e6f9bbb10be97a007cf41b8d5da0e,5f558fcc61b0b96f3cf1ca546524a8342ee03bcb,3343,
2026数学建模核心资料\美赛按题目题型分类常用算法代码程序包！\分类与判别类题型参考代码【数学建模老哥】\100多种数据处理与分类算法集合\模式分类（Matlab程序）\Bhattacharyya.m,.m,588,52becffb910adce5a39a340f60a64f4d,ae8d49b97011308a12267844df722f46412e2131,588,
2026数学建模核心资料\美赛按题目题型分类常用算法代码程序包！\分类与判别类题型参考代码【数学建模老哥】\100多种数据处理与分类算法集合\模式分类（Matlab程序）\BIMSEC.m,.m,3248,8fb4bc1b87370b8389e29d99ab552189,68fcac4492e42b55d5ae1b4b686cf3f13fc817f7,3248,
2026数学建模核心资料\美赛按题目题型分类常用算法代码程序包！\分类与判别类题型参考代码【数学建模老哥】\100多种数据处理与分类算法集合\模式分类（Matlab程序）\C4_5.m,.m,5599,de09df3b4820eabd57e0731b3426c83d,98d357d9e159a64d81cd8dab99d9695f38440df8,5599,
2026数学建模核心资料\美赛按题目题型分类常用算法代码程序包！\分类与判别类题型参考代码【数学建模老哥】\100多种数据处理与分类算法集合\模式分类（Matlab程序）\calculate_error.m,.m,905,b5df83e8c4ed27713c25e67ffd15ff28,4fe6f147dd058f230e41117fd23b7e7ad63eed24,905,
2026数学建模核心资料\美赛按题目题型分类常用算法代码程序包！\分类与判别类题型参考代码【数学建模老哥】\100多种数据处理与分类算法集合\模式分类（Matlab程序）\calculate_region.m,.m,756,9326af089a951d4d1313676a51cafb45,d0bbe01d5a672da98f33e5066213954fd183c037,756,
2026数学建模核心资料\美赛按题目题型分类常用算法代码程序包！\分类与判别类题型参考代码【数学建模老哥】\100多种数据处理与分类算法集合\模式分类（Matlab程序）\CART.m,.m,3721,2ceede5972cf8f3bf10ae2a8ab0f3018,3e7b56fbe0d705f7c8996335723ad63781a174aa,3721,
2026数学建模核心资料\美赛按题目题型分类常用算法代码程序包！\分类与判别类题型参考代码【数学建模老哥】\100多种数据处理与分类算法集合\模式分类（Matlab程序）\CARTfunctions.m,.m,846,a8ce39bff0123ecd30907770fcb662e6,5301e4557c471c344d402fcd20c08b0272a49b96,846,
2026数学建模核心资料\美赛按题目题型分类常用算法代码程序包！\分类与判别类题型参考代码【数学建模老哥】\100多种数据处理与分类算法集合\模式分类（Matlab程序）\Cascade_Correlation.m,.m,5527,00dda7d5e69e8714027c3a3da526bff4,3702369c15c82c33982c2fa35ac8f50e3548ec8e,5527,
2026数学建模核心资料\美赛按题目题型分类常用算法代码程序包！\分类与判别类题型参考代码【数学建模老哥】\100多种数据处理与分类算法集合\模式分类（Matlab程序）\Chernoff.m,.m,902,3a76db9ed47bde3c2ca60664eb9d8458,4d48016bab279793f2d4bf45d2b2b7ddfc5cfc9b,902,
2026数学建模核心资料\美赛按题目题型分类常用算法代码程序包！\分类与判别类题型参考代码【数学建模老哥】\100多种数据处理与分类算法集合\模式分类（Matlab程序）\classification_error.m,.m,1995,b670d7264a4a9f65da914bb0c8934c87,820682d6057f231f1f3ff4c5d207b5c8a750e7f4,1995,
2026数学建模核心资料\美赛按题目题型分类常用算法代码程序包！\分类与判别类题型参考代码【数学建模老哥】\100多种数据处理与分类算法集合\模式分类（Matlab程序）\classifier.m,.m,19454,6bb3d31cc3b347836205aa5299ac7bfb,a8fd4f0e55d64c8e984a42768c6e516e62e298ea,19454,
2026数学建模核心资料\美赛按题目题型分类常用算法代码程序包！\分类与判别类题型参考代码【数学建模老哥】\100多种数据处理与分类算法集合\模式分类（Matlab程序）\classifier.mat,.mat,4520,3d3b08909249e528201ecb0d30c220a3,da39a3ee5e6b4b0d3255bfef95601890afd80709,0,UNSUPPORTED
2026数学建模核心资料\美赛按题目题型分类常用算法代码程序包！\分类与判别类题型参考代码【数学建模老哥】\100多种数据处理与分类算法集合\模式分类（Matlab程序）\classifier_commands.m,.m,26413,98b8be40fd374b0e0bb3102c3ecab306,1690a4458e3da59df100934183b5b6fb7d95aae5,26413,
2026数学建模核心资料\美赛按题目题型分类常用算法代码程序包！\分类与判别类题型参考代码【数学建模老哥】\100多种数据处理与分类算法集合\模式分类（Matlab程序）\classify_paramteric.m,.m,2448,cdd2e9cf7ad28b790114f7750981743c,136b2d75f74fc25fe2db351bfd16ebcd8c3259d9,2448,
2026数学建模核心资料\美赛按题目题型分类常用算法代码程序包！\分类与判别类题型参考代码【数学建模老哥】\100多种数据处理与分类算法集合\模式分类（Matlab程序）\click_points.m,.m,3507,7205b2ca574043b5851591fa5d6dc5d2,0b62312304896eeaf67fc94b67b251e1715cb4e2,3507,
2026数学建模核心资料\美赛按题目题型分类常用算法代码程序包！\分类与判别类题型参考代码【数学建模老哥】\100多种数据处理与分类算法集合\模式分类（Matlab程序）\combinations.m,.m,753,dc35db2f30293d3a26c0b7bb6ce627b1,c4ce7424289e8c4ef7e04b74b6f0d91accfe694c,753,
2026数学建模核心资料\美赛按题目题型分类常用算法代码程序包！\分类与判别类题型参考代码【数学建模老哥】\100多种数据处理与分类算法集合\模式分类（Matlab程序）\Competitive_learning.m,.m,2754,1f9fa739c42db61937725dfec02f4f74,4764564b5f824ad3352a1cf4f43d4c886e911459,2754,
2026数学建模核心资料\美赛按题目题型分类常用算法代码程序包！\分类与判别类题型参考代码【数学建模老哥】\100多种数据处理与分类算法集合\模式分类（Matlab程序）\Components_without_DF.m,.m,3117,f6b1ba4ee11b995461906d93f4f9dce7,41edaca31015673cb791f447b056871547611d46,3117,
2026数学建模核心资料\美赛按题目题型分类常用算法代码程序包！\分类与判别类题型参考代码【数学建模老哥】\100多种数据处理与分类算法集合\模式分类（Matlab程序）\Components_with_DF.m,.m,2567,6b959dbf929180afc5a84122da6b9610,9d85b4ef19e61fefde1db1f852c18c5c2f3f71c5,2567,
2026数学建模核心资料\美赛按题目题型分类常用算法代码程序包！\分类与判别类题型参考代码【数学建模老哥】\100多种数据处理与分类算法集合\模式分类（Matlab程序）\contents.m,.m,9991,7fd9798f868f997fb10ff925b0a935d2,c2c7424324e1e36f974234dfec7ba95849b06949,9991,
2026数学建模核心资料\美赛按题目题型分类常用算法代码程序包！\分类与判别类题型参考代码【数学建模老哥】\100多种数据处理与分类算法集合\模式分类（Matlab程序）\Deterministic_annealing.m,.m,2876,c572911668d58fb40653b1433061814a,aebe9f72917603c44cddfcdf732ad130e4db0ea4,2876,
2026数学建模核心资料\美赛按题目题型分类常用算法代码程序包！\分类与判别类题型参考代码【数学建模老哥】\100多种数据处理与分类算法集合\模式分类（Matlab程序）\Deterministic_Boltzmann.m,.m,4451,31ab2b5c00f9dce9f213bb4fc4a4e0bd,b837b492b61540d28e46a6d91c5cc564080df6f5,4451,
2026数学建模核心资料\美赛按题目题型分类常用算法代码程序包！\分类与判别类题型参考代码【数学建模老哥】\100多种数据处理与分类算法集合\模式分类（Matlab程序）\Deterministic_SA.m,.m,2471,3ee3714cf592e3ccb3654e5d4dfed038,4a8040b856e31e749745ae3ebb5d1547a06223aa,2471,
2026数学建模核心资料\美赛按题目题型分类常用算法代码程序包！\分类与判别类题型参考代码【数学建模老哥】\100多种数据处理与分类算法集合\模式分类（Matlab程序）\Discrete_Bayes.m,.m,1977,7f63411784735ee107d620b80b3b0bc3,582bad36ca4689cca3b9c32753eb960311df863c,1977,
2026数学建模核心资料\美赛按题目题型分类常用算法代码程序包！\分类与判别类题型参考代码【数学建模老哥】\100多种数据处理与分类算法集合\模式分类（Matlab程序）\Discriminability.m,.m,492,79ece63382297041878632a7c9a6ced5,d45a773fa600600ac83055b1ce2a141861f1929b,492,
2026数学建模核心资料\美赛按题目题型分类常用算法代码程序包！\分类与判别类题型参考代码【数学建模老哥】\100多种数据处理与分类算法集合\模式分类（Matlab程序）\DSLVQ.m,.m,2799,7b9088df89ffe8e84092428a97086d12,33874dfee444b1b20d7379bcf37ff3b3fa4b2b66,2799,
2026数学建模核心资料\美赛按题目题型分类常用算法代码程序包！\分类与判别类题型参考代码【数学建模老哥】\100多种数据处理与分类算法集合\模式分类（Matlab程序）\EM.m,.m,5339,63f7e21bbd9fcb1f666256079b37d1dc,3538167c1f806ba302af61ffed016f3286eccba1,5339,
2026数学建模核心资料\美赛按题目题型分类常用算法代码程序包！\分类与判别类题型参考代码【数学建模老哥】\100多种数据处理与分类算法集合\模式分类（Matlab程序）\enter_distributions.m,.m,7986,362b622f849be83d47721c588e5260f4,947246f859c95faf2799f2fa4cd355d25ac29253,7986,
2026数学建模核心资料\美赛按题目题型分类常用算法代码程序包！\分类与判别类题型参考代码【数学建模老哥】\100多种数据处理与分类算法集合\模式分类（Matlab程序）\enter_distributions.mat,.mat,2136,ae6e4f02f9f230c151533d6096386d1a,da39a3ee5e6b4b0d3255bfef95601890afd80709,0,UNSUPPORTED
2026数学建模核心资料\美赛按题目题型分类常用算法代码程序包！\分类与判别类题型参考代码【数学建模老哥】\100多种数据处理与分类算法集合\模式分类（Matlab程序）\enter_distributions_commands.m,.m,7839,32b6f5719a77776d4711534b861265fb,788b25e9c7b64f01fd3ee8866fa6cd03e4abc15f,7839,
2026数学建模核心资料\美赛按题目题型分类常用算法代码程序包！\分类与判别类题型参考代码【数学建模老哥】\100多种数据处理与分类算法集合\模式分类（Matlab程序）\Exhaustive_Feature_Selection.m,.m,1955,f5a3cd2b2d0d348cd03ccda2332318cb,5d67f8fd97829c07b7a18f614f54ca5ab99c3188,1955,
2026数学建模核心资料\美赛按题目题型分类常用算法代码程序包！\分类与判别类题型参考代码【数学建模老哥】\100多种数据处理与分类算法集合\模式分类（Matlab程序）\feature_selection.m,.m,4770,613402a5d194c3a0c300095aedee4984,b2623879f379a4f7308c86f713c4de360e064dd6,4770,
2026数学建模核心资料\美赛按题目题型分类常用算法代码程序包！\分类与判别类题型参考代码【数学建模老哥】\100多种数据处理与分类算法集合\模式分类（Matlab程序）\feature_selection.mat,.mat,1720,48b9f0b6b5f0ca417560831e5da28075,da39a3ee5e6b4b0d3255bfef95601890afd80709,0,UNSUPPORTED
2026数学建模核心资料\美赛按题目题型分类常用算法代码程序包！\分类与判别类题型参考代码【数学建模老哥】\100多种数据处理与分类算法集合\模式分类（Matlab程序）\feature_selection_commands.m,.m,1835,b417ac6b9e6cabdc3c48ff24d5582759,a833d6d77d06e6ddc9f918b9a4c5517503a2b79c,1835,
2026数学建模核心资料\美赛按题目题型分类常用算法代码程序包！\分类与判别类题型参考代码【数学建模老哥】\100多种数据处理与分类算法集合\模式分类（Matlab程序）\FindParameters.m,.m,19493,07cf9eba323f11102a8306d51807aa85,01ce16937b7fde4905f9ff58ae221915230ffc31,19493,
2026数学建模核心资料\美赛按题目题型分类常用算法代码程序包！\分类与判别类题型参考代码【数学建模老哥】\100多种数据处理与分类算法集合\模式分类（Matlab程序）\FindParameters.mat,.mat,2968,bed7ee10d2e6b6458617d1d953117651,da39a3ee5e6b4b0d3255bfef95601890afd80709,0,UNSUPPORTED
2026数学建模核心资料\美赛按题目题型分类常用算法代码程序包！\分类与判别类题型参考代码【数学建模老哥】\100多种数据处理与分类算法集合\模式分类（Matlab程序）\FindParametersFunctions.m,.m,6107,705de0d3d192717704a54989cb6f1abe,5411a313ff35cde5cf7bf9f9a3c02088c335c2da,6107,
2026数学建模核心资料\美赛按题目题型分类常用算法代码程序包！\分类与判别类题型参考代码【数学建模老哥】\100多种数据处理与分类算法集合\模式分类（Matlab程序）\FishersLinearDiscriminant.m,.m,848,06f0520bf5c051be31eb8fde6b299b73,a0f4d91767ef666e00fde85ac1111d55026b427b,848,
2026数学建模核心资料\美赛按题目题型分类常用算法代码程序包！\分类与判别类题型参考代码【数学建模老哥】\100多种数据处理与分类算法集合\模式分类（Matlab程序）\fuzzy_k_means.m,.m,1568,685586a12802c94940df74c35f35011f,5c4c73d60cb9860520aa1778fd9596044b1ec6af,1568,
2026数学建模核心资料\美赛按题目题型分类常用算法代码程序包！\分类与判别类题型参考代码【数学建模老哥】\100多种数据处理与分类算法集合\模式分类（Matlab程序）\GaussianParameters.m,.m,7677,1b93ac4199446b5d12260977d2178794,9ac3dac6874fc539388f003ba430b6a283ad2976,7677,
2026数学建模核心资料\美赛按题目题型分类常用算法代码程序包！\分类与判别类题型参考代码【数学建模老哥】\100多种数据处理与分类算法集合\模式分类（Matlab程序）\GaussianParameters.mat,.mat,1896,3d8ed818814ac03d799cd37cfac288d0,da39a3ee5e6b4b0d3255bfef95601890afd80709,0,UNSUPPORTED
2026数学建模核心资料\美赛按题目题型分类常用算法代码程序包！\分类与判别类题型参考代码【数学建模老哥】\100多种数据处理与分类算法集合\模式分类（Matlab程序）\generate_data_set.m,.m,2010,7e7b8747be598f173a60309e450acc85,a2c47e77da485d0e21ec30e8f24d89d316752fe1,2010,
2026数学建模核心资料\美赛按题目题型分类常用算法代码程序包！\分类与判别类题型参考代码【数学建模老哥】\100多种数据处理与分类算法集合\模式分类（Matlab程序）\Genetic_Algorithm.m,.m,3076,f18d5cd4456bc04dcf41c7ea6f9b5e1d,b72e6381c2049289072f3f2c40f31c156b6d6958,3076,
2026数学建模核心资料\美赛按题目题型分类常用算法代码程序包！\分类与判别类题型参考代码【数学建模老哥】\100多种数据处理与分类算法集合\模式分类（Matlab程序）\Genetic_Culling.m,.m,3564,f6d450ef2a818893c7b3924d69839b46,b2fab0ffbb209f888ece27284315f29b69ae2271,3564,
2026数学建模核心资料\美赛按题目题型分类常用算法代码程序包！\分类与判别类题型参考代码【数学建模老哥】\100多种数据处理与分类算法集合\模式分类（Matlab程序）\Genetic_Programming.m,.m,8576,d6a6ebf3531438711ba382fc6478aa8f,e43b2038aa72c2eae10ed9b79349d74ee0b5299e,8576,
2026数学建模核心资料\美赛按题目题型分类常用算法代码程序包！\分类与判别类题型参考代码【数学建模老哥】\100多种数据处理与分类算法集合\模式分类（Matlab程序）\Gibbs.m,.m,3105,59201573e209841e3638b8b62ca37394,26fc32b1f25ef9b51be9e9e1ffba924593a3d890,3105,
2026数学建模核心资料\美赛按题目题型分类常用算法代码程序包！\分类与判别类题型参考代码【数学建模老哥】\100多种数据处理与分类算法集合\模式分类（Matlab程序）\HDR.m,.m,1210,68deb6c43894cf932b93a161b173eb15,09adf0544484819a00962a7cf6c8a1e16cc7da5a,1210,
2026数学建模核心资料\美赛按题目题型分类常用算法代码程序包！\分类与判别类题型参考代码【数学建模老哥】\100多种数据处理与分类算法集合\模式分类（Matlab程序）\high_histogram.m,.m,2323,b810df4d0d955db4153ffc471cde325f,80d9784a9e50c660a09a7a9197b7355a406346a1,2323,
2026数学建模核心资料\美赛按题目题型分类常用算法代码程序包！\分类与判别类题型参考代码【数学建模老哥】\100多种数据处理与分类算法集合\模式分类（Matlab程序）\Ho_Kashyap.m,.m,1853,66f70ec54df0dd540faa89d6c89ea1d3,8a204d02fefd5bbb63fda3f4e22193dbe89d2747,1853,
2026数学建模核心资料\美赛按题目题型分类常用算法代码程序包！\分类与判别类题型参考代码【数学建模老哥】\100多种数据处理与分类算法集合\模式分类（Matlab程序）\ICA.m,.m,2083,154703ba34841bc68dca0940ea661a7e,d7a91f0a8d9ec0ff5bf3638429192d2c1c421eb4,2083,
2026数学建模核心资料\美赛按题目题型分类常用算法代码程序包！\分类与判别类题型参考代码【数学建模老哥】\100多种数据处理与分类算法集合\模式分类（Matlab程序）\ID3.m,.m,4242,d31d18decdcc13bf936759462ea56740,ebf8ec1ca82252e9f1f3e7ee16d55958e9f014ef,4242,
2026数学建模核心资料\美赛按题目题型分类常用算法代码程序包！\分类与判别类题型参考代码【数学建模老哥】\100多种数据处理与分类算法集合\模式分类（Matlab程序）\Infomat.m,.m,2129,6be5d1580bb079b51304bc98c7f6e0f3,f3e4602bb44ee976c51790eb45edfb1ada72eac5,2129,
2026数学建模核心资料\美赛按题目题型分类常用算法代码程序包！\分类与判别类题型参考代码【数学建模老哥】\100多种数据处理与分类算法集合\模式分类（Matlab程序）\Information_based_selection.m,.m,1375,4f48f17ad66353988f6333b8d581176c,bd281791967c5acd21ef3708b9077529fdfbc7f9,1375,
2026数学建模核心资料\美赛按题目题型分类常用算法代码程序包！\分类与判别类题型参考代码【数学建模老哥】\100多种数据处理与分类算法集合\模式分类（Matlab程序）\Interactive_Learning.m,.m,2908,1d0173fee5a6423d8169cf49c74c783f,3e140fd1ddf4b27ee5c943a3532df31d5c4d3172,2908,
2026数学建模核心资料\美赛按题目题型分类常用算法代码程序包！\分类与判别类题型参考代码【数学建模老哥】\100多种数据处理与分类算法集合\模式分类（Matlab程序）\Kohonen_SOFM.m,.m,2707,2dfcae39412b4fa6ce1d85f1ec8b7e70,0547cfd151afbdce860c1077fbfeceb5edbd6714,2707,
2026数学建模核心资料\美赛按题目题型分类常用算法代码程序包！\分类与判别类题型参考代码【数学建模老哥】\100多种数据处理与分类算法集合\模式分类（Matlab程序）\k_means.m,.m,1834,f27b75c3dd630a987ff1452f3d8b9870,abc9779b4b6b5df161e32ea0eb2f70d42ed525db,1834,
2026数学建模核心资料\美赛按题目题型分类常用算法代码程序包！\分类与判别类题型参考代码【数学建模老哥】\100多种数据处理与分类算法集合\模式分类（Matlab程序）\Leader_Follower.m,.m,2574,0f5832b159c194cf03742cfb02e53220,920a3e10f21c8f65950c2bbffb774ce4d384a2e6,2574,
2026数学建模核心资料\美赛按题目题型分类常用算法代码程序包！\分类与判别类题型参考代码【数学建模老哥】\100多种数据处理与分类算法集合\模式分类（Matlab程序）\LMS.m,.m,1694,f4cb43876077f4de46625034936fb53a,11da3c2f28687057ee8e7652e1d44d758cb813e2,1694,
2026数学建模核心资料\美赛按题目题型分类常用算法代码程序包！\分类与判别类题型参考代码【数学建模老哥】\100多种数据处理与分类算法集合\模式分类（Matlab程序）\load_file.m,.m,3306,44ac0ac70be93479a94b7e4777e5b56a,5c93a31b254fdbeed0f6f381591ca13b9645ac81,3306,
2026数学建模核心资料\美赛按题目题型分类常用算法代码程序包！\分类与判别类题型参考代码【数学建模老哥】\100多种数据处理与分类算法集合\模式分类（Matlab程序）\Local_Polynomial.m,.m,1760,31af68d80aeef493d10ef4c0ca25bef1,16fc4aa3ff632949138c26266ee9b79f45d6c703,1760,
2026数学建模核心资料\美赛按题目题型分类常用算法代码程序包！\分类与判别类题型参考代码【数学建模老哥】\100多种数据处理与分类算法集合\模式分类（Matlab程序）\LocBoost.m,.m,13383,ee6aac3cf1cc3ba305cf3d7ad55b6e5b,0ad66f2c4741f431a970898f905be775ce5f65ef,13383,
2026数学建模核心资料\美赛按题目题型分类常用算法代码程序包！\分类与判别类题型参考代码【数学建模老哥】\100多种数据处理与分类算法集合\模式分类（Matlab程序）\LocBoostFunctions.m,.m,2633,917d97f5f7668804fb8b3888b397aaac,e66a96017148006357ab5c675e2adc13aaf6a941,2633,
2026数学建模核心资料\美赛按题目题型分类常用算法代码程序包！\分类与判别类题型参考代码【数学建模老哥】\100多种数据处理与分类算法集合\模式分类（Matlab程序）\loglikelihood.m,.m,422,9613a06e3db215b8ea593e69b113693b,271a215e5fa4d5ef25fda40f8c764c146b8874cc,422,
2026数学建模核心资料\美赛按题目题型分类常用算法代码程序包！\分类与判别类题型参考代码【数学建模老哥】\100多种数据处理与分类算法集合\模式分类（Matlab程序）\LS.m,.m,1126,c283498bfe4349832b899bf5be6d8618,37bc12dc5e5418cd22b0c4710c8c871ee755a4ba,1126,
2026数学建模核心资料\美赛按题目题型分类常用算法代码程序包！\分类与判别类题型参考代码【数学建模老哥】\100多种数据处理与分类算法集合\模式分类（Matlab程序）\LVQ1.m,.m,2185,38803641160ba7f97c172d5e3171bb64,86eb4e7069428a4a092d1047615926fc13d9e744,2185,
2026数学建模核心资料\美赛按题目题型分类常用算法代码程序包！\分类与判别类题型参考代码【数学建模老哥】\100多种数据处理与分类算法集合\模式分类（Matlab程序）\LVQ3.m,.m,2441,5d30cec2a4fb8a6ffe5b756677cfb26f,7b89ff9d47897d2aab4d51a8d88660cef3b42e97,2441,
2026数学建模核心资料\美赛按题目题型分类常用算法代码程序包！\分类与判别类题型参考代码【数学建模老哥】\100多种数据处理与分类算法集合\模式分类（Matlab程序）\make_a_draw.m,.m,294,c898f0aba83d677e3206e790414697e7,d7db98281e8e910ec5914ca5cf11717088966dda,294,
2026数学建模核心资料\美赛按题目题型分类常用算法代码程序包！\分类与判别类题型参考代码【数学建模老哥】\100多种数据处理与分类算法集合\模式分类（Matlab程序）\Marginalization.m,.m,1909,d32c2e452dc96ab2b8742877b58b6f20,8056934d5e51037453b0284bc13e931940df45e9,1909,
2026数学建模核心资料\美赛按题目题型分类常用算法代码程序包！\分类与判别类题型参考代码【数学建模老哥】\100多种数据处理与分类算法集合\模式分类（Matlab程序）\MDS.m,.m,2511,dda5b55716efcccd36f8b1a27ba06794,f7bf500fec98eb969d0f17952ae727b7cd4177eb,2511,
2026数学建模核心资料\美赛按题目题型分类常用算法代码程序包！\分类与判别类题型参考代码【数学建模老哥】\100多种数据处理与分类算法集合\模式分类（Matlab程序）\Minimum_Cost.m,.m,1136,2aee01035c79b1853f4ef4e192fa8b65,36965956f1017266b2e1cca050db51c5e20e82dc,1136,
2026数学建模核心资料\美赛按题目题型分类常用算法代码程序包！\分类与判别类题型参考代码【数学建模老哥】\100多种数据处理与分类算法集合\模式分类（Matlab程序）\min_spanning_tree.m,.m,3801,85ef8f92c65bb126eca10c518eb7b08f,6a80af4a8e8ab57a4769ce6f46d06a5eb6110923,3801,
2026数学建模核心资料\美赛按题目题型分类常用算法代码程序包！\分类与判别类题型参考代码【数学建模老哥】\100多种数据处理与分类算法集合\模式分类（Matlab程序）\ML.m,.m,889,1a703789eb0ff58268ed51470adde251,445c24df32ce05cb207db5a80b8a8d60ea2804c6,889,
2026数学建模核心资料\美赛按题目题型分类常用算法代码程序包！\分类与判别类题型参考代码【数学建模老哥】\100多种数据处理与分类算法集合\模式分类（Matlab程序）\ML_diag.m,.m,958,98995acab401832e66d29c4445cdc84f,a6b417067c0362bd37756f8e329a8881fd9f246b,958,
2026数学建模核心资料\美赛按题目题型分类常用算法代码程序包！\分类与判别类题型参考代码【数学建模老哥】\100多种数据处理与分类算法集合\模式分类（Matlab程序）\ML_II.m,.m,2555,ac8d3c1fd00ff95d2fe4db0cc53956a7,0d23e4a9badd1ca99f7ea398eaf6fa920f4aad5f,2555,
2026数学建模核心资料\美赛按题目题型分类常用算法代码程序包！\分类与判别类题型参考代码【数学建模老哥】\100多种数据处理与分类算法集合\模式分类（Matlab程序）\multialgorithms.m,.m,6917,febbeaec11d816c25120c34f55303b55,e90229722147db4413076db8ce35fda4705dd1cb,6917,
2026数学建模核心资料\美赛按题目题型分类常用算法代码程序包！\分类与判别类题型参考代码【数学建模老哥】\100多种数据处理与分类算法集合\模式分类（Matlab程序）\multialgorithms.mat,.mat,4816,677917e1aeeb0893ae118ca1b692d9c4,da39a3ee5e6b4b0d3255bfef95601890afd80709,0,UNSUPPORTED
2026数学建模核心资料\美赛按题目题型分类常用算法代码程序包！\分类与判别类题型参考代码【数学建模老哥】\100多种数据处理与分类算法集合\模式分类（Matlab程序）\multialgorithms_commands.m,.m,11097,34a4da74b7c787de5e79874f6248f5b4,c2fbe5bf8687e91a3b930cbd0b19baa3b49f1059,11097,
2026数学建模核心资料\美赛按题目题型分类常用算法代码程序包！\分类与判别类题型参考代码【数学建模老哥】\100多种数据处理与分类算法集合\模式分类（Matlab程序）\MultipleDiscriminantAnalysis.m,.m,1106,71dc4df7073449193756baf43490ca1d,643b3116460043eaad601c607eae3b83f7397c3b,1106,
2026数学建模核心资料\美赛按题目题型分类常用算法代码程序包！\分类与判别类题型参考代码【数学建模老哥】\100多种数据处理与分类算法集合\模式分类（Matlab程序）\Multivariate_Splines.m,.m,2675,ee6da72f0d19045c8058c8630b2a4b3d,9d6f3414f64df6433e2bb80d642251acee87a1fa,2675,
2026数学建模核心资料\美赛按题目题型分类常用算法代码程序包！\分类与判别类题型参考代码【数学建模老哥】\100多种数据处理与分类算法集合\模式分类（Matlab程序）\NDDF.m,.m,1356,b511b61252239a48e6414a9214913a05,48bac6aeffc2580586aa4f5ee378be8d56b0c294,1356,
2026数学建模核心资料\美赛按题目题型分类常用算法代码程序包！\分类与判别类题型参考代码【数学建模老哥】\100多种数据处理与分类算法集合\模式分类（Matlab程序）\NearestNeighborEditing.m,.m,1597,b1f3281edddf046d066ca0dad7e44a1f,5ae9917002ef61893bc301efabd9f52f2799d03f,1597,
2026数学建模核心资料\美赛按题目题型分类常用算法代码程序包！\分类与判别类题型参考代码【数学建模老哥】\100多种数据处理与分类算法集合\模式分类（Matlab程序）\Nearest_Neighbor.m,.m,873,409470e95a06cbbd1c771a829f751e68,69d63303448d421711e740d51d0338907932d9a0,873,
2026数学建模核心资料\美赛按题目题型分类常用算法代码程序包！\分类与判别类题型参考代码【数学建模老哥】\100多种数据处理与分类算法集合\模式分类（Matlab程序）\NLCA.m,.m,3419,92317e4a4b023ce81bd7f0ed1ab84390,1277eba2c2e61d41235d75607aada01de1f1873b,3419,
2026数学建模核心资料\美赛按题目题型分类常用算法代码程序包！\分类与判别类题型参考代码【数学建模老哥】\100多种数据处理与分类算法集合\模式分类（Matlab程序）\None.m,.m,392,df33fb578f3f7652189973bd1a19ebce,e18c203728897dc7d629637fc10d28cb708bcf6e,392,
2026数学建模核心资料\美赛按题目题型分类常用算法代码程序包！\分类与判别类题型参考代码【数学建模老哥】\100多种数据处理与分类算法集合\模式分类（Matlab程序）\Optimal_Brain_Surgeon.m,.m,3561,2363ce6d8c8a03f8e05cd14ebec745c9,6230722eb5ed307f8585afb2dc09abef432a5716,3561,
2026数学建模核心资料\美赛按题目题型分类常用算法代码程序包！\分类与判别类题型参考代码【数学建模老哥】\100多种数据处理与分类算法集合\模式分类（Matlab程序）\Parzen.m,.m,1042,eb54f6a503c319ac2b5ba5b3cc482b48,72a5fcdb013f00fc252204a0bcac227af636fbe2,1042,
2026数学建模核心资料\美赛按题目题型分类常用算法代码程序包！\分类与判别类题型参考代码【数学建模老哥】\100多种数据处理与分类算法集合\模式分类（Matlab程序）\PCA.m,.m,940,1f8961bdfdd65a2342a787be91849e9d,90958b0fe600df03f5b3d7420c6eb9153bc27d24,940,
2026数学建模核心资料\美赛按题目题型分类常用算法代码程序包！\分类与判别类题型参考代码【数学建模老哥】\100多种数据处理与分类算法集合\模式分类（Matlab程序）\Perceptron.m,.m,1651,3ae2579a609f749cdb9e4387ac8d02f5,7b2968cc3e1f0d0f5d86d71e8612c9201273e272,1651,
2026数学建模核心资料\美赛按题目题型分类常用算法代码程序包！\分类与判别类题型参考代码【数学建模老哥】\100多种数据处理与分类算法集合\模式分类（Matlab程序）\Perceptron_Batch.m,.m,1500,13ec62695b833615e77b7a775c490810,464caf5e63998e7997cb7fd753662a7ccf7da9d4,1500,
2026数学建模核心资料\美赛按题目题型分类常用算法代码程序包！\分类与判别类题型参考代码【数学建模老哥】\100多种数据处理与分类算法集合\模式分类（Matlab程序）\Perceptron_BVI.m,.m,1339,b5480a660d18b58f19705886b2a5bb6a,a46d987723b17ec88fc4c994709aa341dca6c38b,1339,
2026数学建模核心资料\美赛按题目题型分类常用算法代码程序包！\分类与判别类题型参考代码【数学建模老哥】\100多种数据处理与分类算法集合\模式分类（Matlab程序）\Perceptron_FM.m,.m,1627,5be079c22ccb69d54b5affa0b96ab69d,105c413800b8f7f7d7f6ec724b5ddd6826abb5be,1627,
2026数学建模核心资料\美赛按题目题型分类常用算法代码程序包！\分类与判别类题型参考代码【数学建模老哥】\100多种数据处理与分类算法集合\模式分类（Matlab程序）\Perceptron_VIM.m,.m,1286,8a3fcb02aa7c087bba7d4fbb692418d4,6175f5e00ca56326cdb496ed33ef8f01387202e2,1286,
2026数学建模核心资料\美赛按题目题型分类常用算法代码程序包！\分类与判别类题型参考代码【数学建模老哥】\100多种数据处理与分类算法集合\模式分类（Matlab程序）\Perceptron_Voted.m,.m,4427,1619c9ac7c8d29985eb45fdf29ec0172,eb6ce399dcf1b788cef9660770c65d49a9b8da2f,4427,
2026数学建模核心资料\美赛按题目题型分类常用算法代码程序包！\分类与判别类题型参考代码【数学建模老哥】\100多种数据处理与分类算法集合\模式分类（Matlab程序）\plot_process.m,.m,1568,479d317215f120d2d00a57c3a1fc74ac,d6b384a0eab09fbccb5286dc07256623cb6cb8de,1568,
2026数学建模核心资料\美赛按题目题型分类常用算法代码程序包！\分类与判别类题型参考代码【数学建模老哥】\100多种数据处理与分类算法集合\模式分类（Matlab程序）\plot_scatter.m,.m,881,b928b895782e57e1bf23ce60aff298cf,092fb14eee7df5d6af659310602d041b9c98313d,881,
2026数学建模核心资料\美赛按题目题型分类常用算法代码程序包！\分类与判别类题型参考代码【数学建模老哥】\100多种数据处理与分类算法集合\模式分类（Matlab程序）\PNN.m,.m,1518,5ef4808f60c338d36f93ca0485b5d0d1,687ffea6a2475e2f38db3c5147ad3c7d7250bd45,1518,
2026数学建模核心资料\美赛按题目题型分类常用算法代码程序包！\分类与判别类题型参考代码【数学建模老哥】\100多种数据处理与分类算法集合\模式分类（Matlab程序）\Pocket.m,.m,2594,ec86eaf53acb9ecc06f44b69e292a6c3,1362481cb3b615fa9b381f2bebb50bb1ce492779,2594,
2026数学建模核心资料\美赛按题目题型分类常用算法代码程序包！\分类与判别类题型参考代码【数学建模老哥】\100多种数据处理与分类算法集合\模式分类（Matlab程序）\predict_performance.m,.m,1674,b0665e635d1de2e01dc9253f8e42b525,d4b8879096f92bbb3f28c1923a6ef62085bcbe75,1674,
2026数学建模核心资料\美赛按题目题型分类常用算法代码程序包！\分类与判别类题型参考代码【数学建模老哥】\100多种数据处理与分类算法集合\模式分类（Matlab程序）\process_params.m,.m,2990,0c3d44598f023f9d2beccaa1c437be32,d86a9f3be82bffbd07cf75956a0518c4aae403ea,2990,
2026数学建模核心资料\美赛按题目题型分类常用算法代码程序包！\分类与判别类题型参考代码【数学建模老哥】\100多种数据处理与分类算法集合\模式分类（Matlab程序）\Projection_Pursuit.m,.m,1847,0ec2e9a43e6df8b49bea91cd87c5c366,340063ae9457cf861a7a153aa71e81ea5a7fd295,1847,
2026数学建模核心资料\美赛按题目题型分类常用算法代码程序包！\分类与判别类题型参考代码【数学建模老哥】\100多种数据处理与分类算法集合\模式分类（Matlab程序）\RBF_Network.m,.m,1604,1e9f035a47f415d0c4ee3925916a898b,bda2389d52ce989f4e9e248662d32a30d4fe64a1,1604,
2026数学建模核心资料\美赛按题目题型分类常用算法代码程序包！\分类与判别类题型参考代码【数学建模老哥】\100多种数据处理与分类算法集合\模式分类（Matlab程序）\RCE.m,.m,1547,cc270d29369c661f5dcff338a9e405cf,d4a511ecc9c91f926029c8e0d223ef2a3f672a21,1547,
2026数学建模核心资料\美赛按题目题型分类常用算法代码程序包！\分类与判别类题型参考代码【数学建模老哥】\100多种数据处理与分类算法集合\模式分类（Matlab程序）\RDA.m,.m,1358,81169cd9ed1f05e86b718fbd70c91eb2,793228811e05b7846efed26c7c1889f7d9308eb2,1358,
2026数学建模核心资料\美赛按题目题型分类常用算法代码程序包！\分类与判别类题型参考代码【数学建模老哥】\100多种数据处理与分类算法集合\模式分类（Matlab程序）\read_algorithms.m,.m,1202,4edee46354d8ec6db3d4a5771601cfdb,18ed8996ca531525c6b74a9dd862cae9f047cf39,1202,
2026数学建模核心资料\美赛按题目题型分类常用算法代码程序包！\分类与判别类题型参考代码【数学建模老哥】\100多种数据处理与分类算法集合\模式分类（Matlab程序）\Relaxation_BM.m,.m,1512,0f500a1939142111b56f708890f7df61,b3704f2aa6b923d805798bb227e8781b84bd92c8,1512,
2026数学建模核心资料\美赛按题目题型分类常用算法代码程序包！\分类与判别类题型参考代码【数学建模老哥】\100多种数据处理与分类算法集合\模式分类（Matlab程序）\Relaxation_SSM.m,.m,1475,aeb9b75a590ea3b8fbc7c37b628b4d02,50e5d6e0031181804b0a433870edfbd72ceffb51,1475,
2026数学建模核心资料\美赛按题目题型分类常用算法代码程序包！\分类与判别类题型参考代码【数学建模老哥】\100多种数据处理与分类算法集合\模式分类（Matlab程序）\Scaling_transform.m,.m,672,3884588d7256c2cfbc9991e5b6ac669f,982994d12d1c2baf48d819ba68d88e1c987d47d6,672,
2026数学建模核心资料\美赛按题目题型分类常用算法代码程序包！\分类与判别类题型参考代码【数学建模老哥】\100多种数据处理与分类算法集合\模式分类（Matlab程序）\Sequential_Feature_Selection.m,.m,2868,fddc03ebd6301eb55a7e07a71a9bdf9d,df213100105ec8558755e6ba45cbb662d5136236,2868,
2026数学建模核心资料\美赛按题目题型分类常用算法代码程序包！\分类与判别类题型参考代码【数学建模老哥】\100多种数据处理与分类算法集合\模式分类（Matlab程序）\show_algorithms.m,.m,1623,5a9b1db3be087d4a1abfce69a1198dc3,0c674379112086860bf8a386d22b063e8d6d55ec,1623,
2026数学建模核心资料\美赛按题目题型分类常用算法代码程序包！\分类与判别类题型参考代码【数学建模老哥】\100多种数据处理与分类算法集合\模式分类（Matlab程序）\SOHC.m,.m,2218,dc9052efd32d564d25a1ff1b3b9d18e4,ce29f5ea5efc38f263bf4eb50e26a92dd77d6886,2218,
2026数学建模核心资料\美赛按题目题型分类常用算法代码程序包！\分类与判别类题型参考代码【数学建模老哥】\100多种数据处理与分类算法集合\模式分类（Matlab程序）\start_classify.m,.m,8718,e6fcca90141669dc1fedf9af3ce46672,000546f35a73c945745901cc295f73996e7ab9c0,8718,
2026数学建模核心资料\美赛按题目题型分类常用算法代码程序包！\分类与判别类题型参考代码【数学建模老哥】\100多种数据处理与分类算法集合\模式分类（Matlab程序）\Stochastic_SA.m,.m,3311,efcbaa3b0c67b40330063fb5ada828e2,8697d0c923e760bc99ad113e1a1b0e22f517985e,3311,
2026数学建模核心资料\美赛按题目题型分类常用算法代码程序包！\分类与判别类题型参考代码【数学建模老哥】\100多种数据处理与分类算法集合\模式分类（Matlab程序）\Store_Grabbag.m,.m,2280,d51d744bef0f6c60c6010ddc014f68a0,47b4b28092f6c4575b878d80aa8f9301fc8d7a01,2280,
2026数学建模核心资料\美赛按题目题型分类常用算法代码程序包！\分类与判别类题型参考代码【数学建模老哥】\100多种数据处理与分类算法集合\模式分类（Matlab程序）\Stumps.m,.m,1731,8b9c17a22494c76479834185b1033810,2b20ba3420bc33a0ab5892e7c5092fce724a3bbd,1731,
2026数学建模核心资料\美赛按题目题型分类常用算法代码程序包！\分类与判别类题型参考代码【数学建模老哥】\100多种数据处理与分类算法集合\模式分类（Matlab程序）\SVM.m,.m,5792,f781522fd2a998b7c1246c4091f1f8ac,492c38b9cdb4052d1198670e9f2fca501f008b52,5792,
2026数学建模核心资料\美赛按题目题型分类常用算法代码程序包！\分类与判别类题型参考代码【数学建模老哥】\100多种数据处理与分类算法集合\模式分类（Matlab程序）\synthetic.mat,.mat,1096,adfe8d7a1e5a9c2d6810cd45a36aa46d,da39a3ee5e6b4b0d3255bfef95601890afd80709,0,UNSUPPORTED
2026数学建模核心资料\美赛按题目题型分类常用算法代码程序包！\分类与判别类题型参考代码【数学建模老哥】\100多种数据处理与分类算法集合\模式分类（Matlab程序）\voronoi_regions.m,.m,723,0505a81ffb74bae225c9d04675c3f8f4,40f9252e7b202edd7c0bcaee84f4d9d6ad9bda3c,723,
2026数学建模核心资料\美赛按题目题型分类常用算法代码程序包！\分类与判别类题型参考代码【数学建模老哥】\100多种数据处理与分类算法集合\模式分类（Matlab程序）\Whitening_transform.m,.m,676,0a7574cc828525ab540f0517ea3e9389,41ec9bb068dc3ee34402597067bf717302e0fc4f,676,
2026数学建模核心资料\美赛按题目题型分类常用算法代码程序包！\分类与判别类题型参考代码【数学建模老哥】\100多种数据处理与分类算法集合\模式分类（Matlab程序）\datasets\chess.mat,.mat,2776,34e384eb2b421aa578dd4b4171149591,da39a3ee5e6b4b0d3255bfef95601890afd80709,0,UNSUPPORTED
2026数学建模核心资料\美赛按题目题型分类常用算法代码程序包！\分类与判别类题型参考代码【数学建模老哥】\100多种数据处理与分类算法集合\模式分类（Matlab程序）\datasets\clouds.mat,.mat,86496,49a1cf5ba9f32e21bc363e5de09250df,da39a3ee5e6b4b0d3255bfef95601890afd80709,0,UNSUPPORTED
2026数学建模核心资料\美赛按题目题型分类常用算法代码程序包！\分类与判别类题型参考代码【数学建模老哥】\100多种数据处理与分类算法集合\模式分类（Matlab程序）\datasets\DHSchapter10.mat,.mat,768,f3c288d7b12f320c3a3c33972a1c1879,da39a3ee5e6b4b0d3255bfef95601890afd80709,0,UNSUPPORTED
2026数学建模核心资料\美赛按题目题型分类常用算法代码程序包！\分类与判别类题型参考代码【数学建模老哥】\100多种数据处理与分类算法集合\模式分类（Matlab程序）\datasets\DHSchapter2.mat,.mat,1008,cb4bf0eb9d0a5dab34b7512fb7423fd5,da39a3ee5e6b4b0d3255bfef95601890afd80709,0,UNSUPPORTED
2026数学建模核心资料\美赛按题目题型分类常用算法代码程序包！\分类与判别类题型参考代码【数学建模老哥】\100多种数据处理与分类算法集合\模式分类（Matlab程序）\datasets\DHSchapter3.mat,.mat,1008,89bd434199bac67dcb033e277c99bf68,da39a3ee5e6b4b0d3255bfef95601890afd80709,0,UNSUPPORTED
2026数学建模核心资料\美赛按题目题型分类常用算法代码程序包！\分类与判别类题型参考代码【数学建模老哥】\100多种数据处理与分类算法集合\模式分类（Matlab程序）\datasets\DHSchapter4.mat,.mat,1008,50871a8ceff2b0a38d9a88c3788094bb,da39a3ee5e6b4b0d3255bfef95601890afd80709,0,UNSUPPORTED
2026数学建模核心资料\美赛按题目题型分类常用算法代码程序包！\分类与判别类题型参考代码【数学建模老哥】\100多种数据处理与分类算法集合\模式分类（Matlab程序）\datasets\DHSchapter5.mat,.mat,936,91d025792df6ea91acd1b070b103a91e,da39a3ee5e6b4b0d3255bfef95601890afd80709,0,UNSUPPORTED
2026数学建模核心资料\美赛按题目题型分类常用算法代码程序包！\分类与判别类题型参考代码【数学建模老哥】\100多种数据处理与分类算法集合\模式分类（Matlab程序）\datasets\DHSchapter6.mat,.mat,1008,304a515ea209871a1bc94e80325e65df,da39a3ee5e6b4b0d3255bfef95601890afd80709,0,UNSUPPORTED
2026数学建模核心资料\美赛按题目题型分类常用算法代码程序包！\分类与判别类题型参考代码【数学建模老哥】\100多种数据处理与分类算法集合\模式分类（Matlab程序）\datasets\DHSchapter7.mat,.mat,768,05640eac73de98de212dff9df8fddf0a,da39a3ee5e6b4b0d3255bfef95601890afd80709,0,UNSUPPORTED
2026数学建模核心资料\美赛按题目题型分类常用算法代码程序包！\分类与判别类题型参考代码【数学建模老哥】\100多种数据处理与分类算法集合\模式分类（Matlab程序）\datasets\DHSchapter8.mat,.mat,384,c62dfd3b52e98c5c215d96994e2cf9d3,da39a3ee5e6b4b0d3255bfef95601890afd80709,0,UNSUPPORTED
2026数学建模核心资料\美赛按题目题型分类常用算法代码程序包！\分类与判别类题型参考代码【数学建模老哥】\100多种数据处理与分类算法集合\模式分类（Matlab程序）\datasets\DHSchapter9.mat,.mat,1256,bff1ad740e22b307622cda64c6983f73,da39a3ee5e6b4b0d3255bfef95601890afd80709,0,UNSUPPORTED
2026数学建模核心资料\美赛按题目题型分类常用算法代码程序包！\分类与判别类题型参考代码【数学建模老哥】\100多种数据处理与分类算法集合\模式分类（Matlab程序）\datasets\DHS_cover.mat,.mat,1432,8a77bc77a7c437b1ffec459661e28ef2,da39a3ee5e6b4b0d3255bfef95601890afd80709,0,UNSUPPORTED
2026数学建模核心资料\美赛按题目题型分类常用算法代码程序包！\分类与判别类题型参考代码【数学建模老哥】\100多种数据处理与分类算法集合\模式分类（Matlab程序）\datasets\four_spiral.mat,.mat,17256,01da416ae23a3f46ee06776a512b5108,da39a3ee5e6b4b0d3255bfef95601890afd80709,0,UNSUPPORTED
2026数学建模核心资料\美赛按题目题型分类常用算法代码程序包！\分类与判别类题型参考代码【数学建模老哥】\100多种数据处理与分类算法集合\模式分类（Matlab程序）\datasets\spiral.mat,.mat,34256,aa6789d8d3cdaff015656ef6d5a5b3ee,da39a3ee5e6b4b0d3255bfef95601890afd80709,0,UNSUPPORTED
2026数学建模核心资料\美赛按题目题型分类常用算法代码程序包！\分类与判别类题型参考代码【数学建模老哥】\100多种数据处理与分类算法集合\模式分类（Matlab程序）\datasets\XOR.mat,.mat,35432,4b728ff8f89a402528603a0e10bc55d8,da39a3ee5e6b4b0d3255bfef95601890afd80709,0,UNSUPPORTED
2026数学建模核心资料\美赛按题目题型分类常用算法代码程序包！\分类与判别类题型参考代码【数学建模老哥】\100多种数据处理与分类算法集合\模式分类（Matlab程序）\Other\Bayesian_Belief_Networks.m,.m,4754,51bfe82b2e9b68d111359d00de2e2b3c,36d82e65294334aa6298d4a7631215ebe5c38583,4754,
2026数学建模核心资料\美赛按题目题型分类常用算法代码程序包！\分类与判别类题型参考代码【数学建模老哥】\100多种数据处理与分类算法集合\模式分类（Matlab程序）\Other\Bayesian_parameter_est.m,.m,1605,4a267617f828b6482485da608216f030,efa3532967d10594392958de67e772a09385c45a,1605,
2026数学建模核心资料\美赛按题目题型分类常用算法代码程序包！\分类与判别类题型参考代码【数学建模老哥】\100多种数据处理与分类算法集合\模式分类（Matlab程序）\Other\Bayes_belief_net.mat,.mat,1560,420f6ceacb01c1837debcc4fdd4aa059,da39a3ee5e6b4b0d3255bfef95601890afd80709,0,UNSUPPORTED
2026数学建模核心资料\美赛按题目题型分类常用算法代码程序包！\分类与判别类题型参考代码【数学建模老哥】\100多种数据处理与分类算法集合\模式分类（Matlab程序）\Other\Bottom_Up_Parsing.m,.m,2004,38c621691021a7bde6f19d0da7cab270,ceed12176f86aac1741c3aa0343ec0c0f9a2de99,2004,
2026数学建模核心资料\美赛按题目题型分类常用算法代码程序包！\分类与判别类题型参考代码【数学建模老哥】\100多种数据处理与分类算法集合\模式分类（Matlab程序）\Other\Boyer_Moore_String_Matching.m,.m,989,f6e8e000e93fb7bc539e0a6539310a0b,c2a67b0a46ca2327d07fb1c4e0a7ccc74e71599b,989,
2026数学建模核心资料\美赛按题目题型分类常用算法代码程序包！\分类与判别类题型参考代码【数学建模老哥】\100多种数据处理与分类算法集合\模式分类（Matlab程序）\Other\contents.m,.m,1471,ef47bdfad05ba36daf44e33d0fb0161b,e39e6239f4b59238c35cb16dbda7a7593bc05c40,1471,
2026数学建模核心资料\美赛按题目题型分类常用算法代码程序包！\分类与判别类题型参考代码【数学建模老哥】\100多种数据处理与分类算法集合\模式分类（Matlab程序）\Other\demo_fun.m,.m,42,3af89ac396eb4d1dcd9436db6dfdf844,8ff1aa5319a0cdd536e8f83c340824a98c0c30c9,42,
2026数学建模核心资料\美赛按题目题型分类常用算法代码程序包！\分类与判别类题型参考代码【数学建模老哥】\100多种数据处理与分类算法集合\模式分类（Matlab程序）\Other\Edit_Distance.m,.m,557,687ce092e0f27c706634c8dd240be752,43318d37b9ed88e95e1992695a9ee244c984b660,557,
2026数学建模核心资料\美赛按题目题型分类常用算法代码程序包！\分类与判别类题型参考代码【数学建模老哥】\100多种数据处理与分类算法集合\模式分类（Matlab程序）\Other\gradient_descent.m,.m,814,296690fd4c0f55796327dccafb220b30,f055bdb00cd06f510a8420e618b88c31ed24c446,814,
2026数学建模核心资料\美赛按题目题型分类常用算法代码程序包！\分类与判别类题型参考代码【数学建模老哥】\100多种数据处理与分类算法集合\模式分类（Matlab程序）\Other\Grammatical_Inference.m,.m,4256,a791dfada914eee0edbbc25520b31d9e,4065e97a4e0ccab2904595a044c9231cc01cd32b,4256,
2026数学建模核心资料\美赛按题目题型分类常用算法代码程序包！\分类与判别类题型参考代码【数学建模老哥】\100多种数据处理与分类算法集合\模式分类（Matlab程序）\Other\HMM_Backward.m,.m,1010,9dea5b6f40d1fd7759d75425afb91b9d,fafcd01737bf7f210921dbf155cb6004a82748b6,1010,
2026数学建模核心资料\美赛按题目题型分类常用算法代码程序包！\分类与判别类题型参考代码【数学建模老哥】\100多种数据处理与分类算法集合\模式分类（Matlab程序）\Other\HMM_Boltzmann.m,.m,4238,6b03e342e61e718df31b7b6f888c8bdf,a4b7e94c76d65f842e4d0f7695e313f3ee374a3d,4238,
2026数学建模核心资料\美赛按题目题型分类常用算法代码程序包！\分类与判别类题型参考代码【数学建模老哥】\100多种数据处理与分类算法集合\模式分类（Matlab程序）\Other\HMM_Decoding.m,.m,885,458b97b2fd1b232a5854ef20b12a5f83,8b5120273a3845fe1a91618a6214b571248776d5,885,
2026数学建模核心资料\美赛按题目题型分类常用算法代码程序包！\分类与判别类题型参考代码【数学建模老哥】\100多种数据处理与分类算法集合\模式分类（Matlab程序）\Other\HMM_Evaluation.m,.m,1094,e1746d287e50e718b4097553e13f6a2f,be606c623dc1bfc92f8048346847c823eab46f4f,1094,
2026数学建模核心资料\美赛按题目题型分类常用算法代码程序包！\分类与判别类题型参考代码【数学建模老哥】\100多种数据处理与分类算法集合\模式分类（Matlab程序）\Other\HMM_Forward.m,.m,1022,245fb604aebc3e970ed2838b3a925069,b231b8fff5fbc7cd09dd56ceb0385e8f14c1e7e5,1022,
2026数学建模核心资料\美赛按题目题型分类常用算法代码程序包！\分类与判别类题型参考代码【数学建模老哥】\100多种数据处理与分类算法集合\模式分类（Matlab程序）\Other\HMM_Forward_Backward.m,.m,1798,db94b88540e474e862700fdf2a52d7ad,d020971388690e4e5ad05257ae8fe9abae2cd7aa,1798,
2026数学建模核心资料\美赛按题目题型分类常用算法代码程序包！\分类与判别类题型参考代码【数学建模老哥】\100多种数据处理与分类算法集合\模式分类（Matlab程序）\Other\HMM_generate.m,.m,919,46ff98ca4f7747e5d45ddaf685874a98,2272e3c108267b3db96d3b5b3ca120329dc655c4,919,
2026数学建模核心资料\美赛按题目题型分类常用算法代码程序包！\分类与判别类题型参考代码【数学建模老哥】\100多种数据处理与分类算法集合\模式分类（Matlab程序）\Other\mean_bootstrap.m,.m,751,95c47acf30e750c1a4166bcff8503f88,3111f41f78ddb3fa8bf03a0d72514bf5bab38f5b,751,
2026数学建模核心资料\美赛按题目题型分类常用算法代码程序包！\分类与判别类题型参考代码【数学建模老哥】\100多种数据处理与分类算法集合\模式分类（Matlab程序）\Other\mean_jackknife.m,.m,531,397d4662ad89450d9afbc7c242c4d939,78050dbfa77a3c4f832baeadb89cfe8915931386,531,
2026数学建模核心资料\美赛按题目题型分类常用算法代码程序包！\分类与判别类题型参考代码【数学建模老哥】\100多种数据处理与分类算法集合\模式分类（Matlab程序）\Other\Naive_String_Matching.m,.m,455,2ea2dc9d7748104d8e8a5c63491cac7a,6f5fad1386802e30909e9c90f9cb46dbda887988,455,
2026数学建模核心资料\美赛按题目题型分类常用算法代码程序包！\分类与判别类题型参考代码【数学建模老哥】\100多种数据处理与分类算法集合\模式分类（Matlab程序）\Other\Newton_descent.m,.m,1389,961100a5d9d038ed7661de0c53a0a7a5,3351a91ac138a456e53b6b045d06efc57e8b43d3,1389,
2026数学建模核心资料\美赛按题目题型分类常用算法代码程序包！\分类与判别类题型参考代码【数学建模老哥】\100多种数据处理与分类算法集合\模式分类（Matlab程序）\Other\ROCC.m,.m,876,a8bb21a507dead7fa888492e399ec32f,80d28c20240b833e833ee8b336ba1044f1ac9d08,876,
2026数学建模核心资料\美赛按题目题型分类常用算法代码程序包！\分类与判别类题型参考代码【数学建模老哥】\100多种数据处理与分类算法集合\模式分类（Matlab程序）\Other\sample_hmm.mat,.mat,528,e304a82f81c04eda30ec9b793dd721fc,da39a3ee5e6b4b0d3255bfef95601890afd80709,0,UNSUPPORTED
2026数学建模核心资料\美赛按题目题型分类常用算法代码程序包！\分类与判别类题型参考代码【数学建模老哥】\100多种数据处理与分类算法集合\模式分类（Matlab程序）\Other\Stochastic_Regression.m,.m,1142,613fbb89ce4753e21de8eba626b948e4,951def64bb9e9af4f23b0ce098c53173423ffed5,1142,
2026数学建模核心资料\美赛按题目题型分类常用算法代码程序包！\分类与判别类题型参考代码【数学建模老哥】\100多种数据处理与分类算法集合\模式分类（Matlab程序）\Other\sufficient_statistics.m,.m,1023,a82bbfb665405ee59c7e1096553b4521,e4ed441521b8a4c26a3b10cd33bf866e1452d887,1023,
2026数学建模核心资料\美赛按题目题型分类常用算法代码程序包！\分类与判别类题型参考代码【数学建模老哥】\K-近邻法分类代码\KNN.m,.m,1324,daaff4692262d1b07efe21bba171c117,17eb0986325b244355ad2d66733b0c1787558f43,1219,
2026数学建模核心资料\美赛按题目题型分类常用算法代码程序包！\分类与判别类题型参考代码【数学建模老哥】\RQA对离散时间序列进行递归图分析\递归分析(matlab)\install.m,.m,2188048,ad859bacc68817ff91a913c3a088e18a,eaaf20675deb3de08b7f0565be0c2ba28913121c,2188048,
2026数学建模核心资料\美赛按题目题型分类常用算法代码程序包！\分类与判别类题型参考代码【数学建模老哥】\二叉决策树分类代码\decisionTree.m,.m,928,ff00990b4703831759eaaa0751d7ce21,2fc2cb9a32e0f6b5605eceb118476de15c74e713,818,
2026数学建模核心资料\美赛按题目题型分类常用算法代码程序包！\分类与判别类题型参考代码【数学建模老哥】\基于Fisher算法的分类程序\Fisher.m,.m,1718,2787462eff87835c780c5ba93b8f9a61,92517beeda368fe13f861d6ddb9edcd267e9b741,1638,
2026数学建模核心资料\美赛按题目题型分类常用算法代码程序包！\分类与判别类题型参考代码【数学建模老哥】\基于LVQ神经网络的乳腺肿瘤诊断分类代码\chapter21_bp.m,.m,3318,6914aceb7ab089d369ebbf1478bbe4af,bdd5e019ccd5af2ca41babb73f7048fd22539eba,2981,
2026数学建模核心资料\美赛按题目题型分类常用算法代码程序包！\分类与判别类题型参考代码【数学建模老哥】\基于LVQ神经网络的乳腺肿瘤诊断分类代码\chapter21_lvq.m,.m,3720,827259794b4736f4d90cccb6e19f1501,b5cf430544b3d16098f2f4b9b87425726962b017,3361,
2026数学建模核心资料\美赛按题目题型分类常用算法代码程序包！\分类与判别类题型参考代码【数学建模老哥】\基于LVQ神经网络的乳腺肿瘤诊断分类代码\crossvalidation_lvq.m,.m,6092,02de709b80ef5d6e4d9d3d5e37b951a9,a32bbdf379ba376e19c6c1ea089468d186bdb6f3,5646,
2026数学建模核心资料\美赛按题目题型分类常用算法代码程序包！\分类与判别类题型参考代码【数学建模老哥】\基于LVQ神经网络的乳腺肿瘤诊断分类代码\data.mat,.mat,86267,6187d237f0780c2901d6f15b2374f5d9,da39a3ee5e6b4b0d3255bfef95601890afd80709,0,UNSUPPORTED
2026数学建模核心资料\美赛按题目题型分类常用算法代码程序包！\分类与判别类题型参考代码【数学建模老哥】\基于SVM神经网络的葡萄酒种类识别代码\chapter12.m,.m,4134,0697a3edbb37f6ecc63ff1f814a1d03b,0e269bb6259084eb0a729e33472930d72c7b0332,3611,
2026数学建模核心资料\美赛按题目题型分类常用算法代码程序包！\分类与判别类题型参考代码【数学建模老哥】\基于SVM神经网络的葡萄酒种类识别代码\chapter12_wine.mat,.mat,20168,6aea641924166d5f526f2d94172b5eb5,da39a3ee5e6b4b0d3255bfef95601890afd80709,0,UNSUPPORTED
2026数学建模核心资料\美赛按题目题型分类常用算法代码程序包！\分类与判别类题型参考代码【数学建模老哥】\基于模糊神经网络的嘉陵江水质评价代码\data1.mat,.mat,9939,a2ecffdb8ef27b1c6418b7b5f8773165,da39a3ee5e6b4b0d3255bfef95601890afd80709,0,UNSUPPORTED
2026数学建模核心资料\美赛按题目题型分类常用算法代码程序包！\分类与判别类题型参考代码【数学建模老哥】\基于模糊神经网络的嘉陵江水质评价代码\data2.mat,.mat,1954,240d2e4b0d9b7164876bc0e7dbf6fb3f,da39a3ee5e6b4b0d3255bfef95601890afd80709,0,UNSUPPORTED
2026数学建模核心资料\美赛按题目题型分类常用算法代码程序包！\分类与判别类题型参考代码【数学建模老哥】\基于模糊神经网络的嘉陵江水质评价代码\FuzzyNet.m,.m,7911,b9ce68c7b91bda8d0a2cab09553b5973,6db52a46731ac65161f846f61c19e534f9bffcfd,7635,
2026数学建模核心资料\美赛按题目题型分类常用算法代码程序包！\分类与判别类题型参考代码【数学建模老哥】\快速近邻法分类程序\Condensing.m,.m,2952,7e9b408d6e143917381a6cd755d039f7,2b013b15cd8d62f94cffcd6c99198685fbc95e4a,2832,
2026数学建模核心资料\美赛按题目题型分类常用算法代码程序包！\分类与判别类题型参考代码【数学建模老哥】\快速近邻法分类程序\FastNN.m,.m,4760,4b844f8e2cb6cc8d023dc19e7bbaffbb,0fc1e89c4b697b2877ebbf12e63b15b2f047219d,4481,
2026数学建模核心资料\美赛按题目题型分类常用算法代码程序包！\分类与判别类题型参考代码【数学建模老哥】\离散Hopfield神经网络的联想记忆数字识别代码\chapter9.m,.m,3412,09105039b06c9d2d222f75c0331fe6dc,9289e8b170f03ee2dde27a5b5ec212f2f49e7073,3074,
2026数学建模核心资料\美赛按题目题型分类常用算法代码程序包！\分类与判别类题型参考代码【数学建模老哥】\离散Hopfield神经网络的联想记忆数字识别代码\data0.mat,.mat,191,3e7225b06eab3b24b6111705e2340bf3,da39a3ee5e6b4b0d3255bfef95601890afd80709,0,UNSUPPORTED
2026数学建模核心资料\美赛按题目题型分类常用算法代码程序包！\分类与判别类题型参考代码【数学建模老哥】\离散Hopfield神经网络的联想记忆数字识别代码\data1.mat,.mat,195,b452dbd8ce38621b474d7b9c47377660,da39a3ee5e6b4b0d3255bfef95601890afd80709,0,UNSUPPORTED
2026数学建模核心资料\美赛按题目题型分类常用算法代码程序包！\分类与判别类题型参考代码【数学建模老哥】\离散Hopfield神经网络的联想记忆数字识别代码\data1_noisy.mat,.mat,216,01b645b2604cc3b007d2f9e3d64b2674,da39a3ee5e6b4b0d3255bfef95601890afd80709,0,UNSUPPORTED
2026数学建模核心资料\美赛按题目题型分类常用算法代码程序包！\分类与判别类题型参考代码【数学建模老哥】\离散Hopfield神经网络的联想记忆数字识别代码\data2.mat,.mat,205,d860029656497bbf06531fc46955d359,da39a3ee5e6b4b0d3255bfef95601890afd80709,0,UNSUPPORTED
2026数学建模核心资料\美赛按题目题型分类常用算法代码程序包！\分类与判别类题型参考代码【数学建模老哥】\离散Hopfield神经网络的联想记忆数字识别代码\data2_noisy.mat,.mat,224,48f4fd2672c2a0cc8f1997cf998991c5,da39a3ee5e6b4b0d3255bfef95601890afd80709,0,UNSUPPORTED
2026数学建模核心资料\美赛按题目题型分类常用算法代码程序包！\分类与判别类题型参考代码【数学建模老哥】\离散Hopfield神经网络的联想记忆数字识别代码\data3.mat,.mat,192,8c8f4b595049081e09e5777e7b1f91f7,da39a3ee5e6b4b0d3255bfef95601890afd80709,0,UNSUPPORTED
2026数学建模核心资料\美赛按题目题型分类常用算法代码程序包！\分类与判别类题型参考代码【数学建模老哥】\离散Hopfield神经网络的联想记忆数字识别代码\data4.mat,.mat,195,2253fc5d9879a4031950fc3c81171e29,da39a3ee5e6b4b0d3255bfef95601890afd80709,0,UNSUPPORTED
2026数学建模核心资料\美赛按题目题型分类常用算法代码程序包！\分类与判别类题型参考代码【数学建模老哥】\离散Hopfield神经网络的联想记忆数字识别代码\data5.mat,.mat,195,ab6f07707174097b7e6119daeda86e86,da39a3ee5e6b4b0d3255bfef95601890afd80709,0,UNSUPPORTED
2026数学建模核心资料\美赛按题目题型分类常用算法代码程序包！\分类与判别类题型参考代码【数学建模老哥】\离散Hopfield神经网络的联想记忆数字识别代码\data6.mat,.mat,195,73f827969f5969241ea039bbaf3b1e09,da39a3ee5e6b4b0d3255bfef95601890afd80709,0,UNSUPPORTED
2026数学建模核心资料\美赛按题目题型分类常用算法代码程序包！\分类与判别类题型参考代码【数学建模老哥】\离散Hopfield神经网络的联想记忆数字识别代码\data7.mat,.mat,191,e1a1de7bfaa713fc6eba32392dcb1d03,da39a3ee5e6b4b0d3255bfef95601890afd80709,0,UNSUPPORTED
2026数学建模核心资料\美赛按题目题型分类常用算法代码程序包！\分类与判别类题型参考代码【数学建模老哥】\离散Hopfield神经网络的联想记忆数字识别代码\data8.mat,.mat,195,6bdc731f1df060a8734f6efcb74be735,da39a3ee5e6b4b0d3255bfef95601890afd80709,0,UNSUPPORTED
2026数学建模核心资料\美赛按题目题型分类常用算法代码程序包！\分类与判别类题型参考代码【数学建模老哥】\离散Hopfield神经网络的联想记忆数字识别代码\data9.mat,.mat,194,abcd8e509366a0c9b66bcf8911881c4c,da39a3ee5e6b4b0d3255bfef95601890afd80709,0,UNSUPPORTED
2026数学建模核心资料\美赛按题目题型分类常用算法代码程序包！\分类与判别类题型参考代码【数学建模老哥】\离散Hopfield神经网络的联想记忆数字识别代码\waiji.m,.m,2697,dd9625aac7fd21631772492aaf90f247,e115613c0c4ab96281639eb3c30e33fd7424ab1d,2406,
2026数学建模核心资料\美赛按题目题型分类常用算法代码程序包！\分类与判别类题型参考代码【数学建模老哥】\随机森林应用于分类问题代码\random forest-matlab\aaa.mat,.mat,4218541,fcf15319218ec4cf40ee90505479a70a,da39a3ee5e6b4b0d3255bfef95601890afd80709,0,UNSUPPORTED
2026数学建模核心资料\美赛按题目题型分类常用算法代码程序包！\分类与判别类题型参考代码【数学建模老哥】\随机森林应用于分类问题代码\random forest-matlab\rfmain.m,.m,890,461ce6ca0ca57773bea4ecefd0160b6f,02dd2d7fdb59c686b94761c6c15d9c2669dd9b60,776,
2026数学建模核心资料\美赛按题目题型分类常用算法代码程序包！\分类与判别类题型参考代码【数学建模老哥】\随机森林应用于分类问题代码\random forest-matlab\statistics.m,.m,673,0a8e55e5c53079cfbbfd78883daac475,a10e447631a76fcb7ec7b517a3880b8459b2e7aa,645,
2026数学建模核心资料\美赛按题目题型分类常用算法代码程序包！\分类与判别类题型参考代码【数学建模老哥】\随机森林应用于分类问题代码\random forest-matlab\train_C4_5.m,.m,13407,36fb630d27a97ecc92caec1abdac3c0a,da9ff242f3d07522707337d99224f1132b834ae5,10885,
2026数学建模核心资料\美赛按题目题型分类常用算法代码程序包！\分类与判别类题型参考代码【数学建模老哥】\随机森林应用于分类问题代码\random forest-matlab\vote_C4_5.m,.m,1947,c29adf3cc9c284ba347fa75ebe0c76bd,290c39807b49aee057ae8edeba681cd2c7603600,1701,
2026数学建模核心资料\美赛按题目题型分类常用算法代码程序包！\数据处理类题型参考代码【数学建模老哥】\34种数据降维方法代码\drtoolbox\._compute_mapping.m,.m,368,fb48b677e4422c10ccfc15cc358c3463,e5a97c87fd97ff5effc8663afeccbc3b9d811747,368,
2026数学建模核心资料\美赛按题目题型分类常用算法代码程序包！\数据处理类题型参考代码【数学建模老哥】\34种数据降维方法代码\drtoolbox\._Contents.m,.m,82,113a4b185310baadaab07f560c0adb5a,0f77835fd7d88203077feebd9a8426f1916f41e3,82,
2026数学建模核心资料\美赛按题目题型分类常用算法代码程序包！\数据处理类题型参考代码【数学建模老哥】\34种数据降维方法代码\drtoolbox\._prewhiten.m,.m,167,644e8e4119768ba9796e469842eafd89,b07666ab74afc39cde7a684489394a18f747c484,167,
2026数学建模核心资料\美赛按题目题型分类常用算法代码程序包！\数据处理类题型参考代码【数学建模老哥】\34种数据降维方法代码\drtoolbox\compute_mapping.m,.m,19060,53c4e7a3c50a45aee8ddf1ce3d3ff162,3b2fe02133455eb8c53738c4932373d7650b27e2,19060,
2026数学建模核心资料\美赛按题目题型分类常用算法代码程序包！\数据处理类题型参考代码【数学建模老哥】\34种数据降维方法代码\drtoolbox\Contents.m,.m,64,007c2973b3c15d7d7a56187b1b289c1c,b393dda04088be0aac679dd1ad4e565afcbdde32,64,
2026数学建模核心资料\美赛按题目题型分类常用算法代码程序包！\数据处理类题型参考代码【数学建模老哥】\34种数据降维方法代码\drtoolbox\drgui.m,.m,621,1a0ca48ec045110e8840ecd7038bec46,ed15de8d36477a2f7d50ed1ff12a57b972a7ac35,621,
2026数学建模核心资料\美赛按题目题型分类常用算法代码程序包！\数据处理类题型参考代码【数学建模老哥】\34种数据降维方法代码\drtoolbox\generate_data.m,.m,5210,243cc91415ee1412151907e9eac6c32d,59a9f7ce1df81141345f8af84d36677f4752cddf,5210,
2026数学建模核心资料\美赛按题目题型分类常用算法代码程序包！\数据处理类题型参考代码【数学建模老哥】\34种数据降维方法代码\drtoolbox\intrinsic_dim.m,.m,9042,9d24a52e691c3bdf1927db75fb39ec49,e4397723bfb495674f7e37882d3db988a79f21f7,9042,
2026数学建模核心资料\美赛按题目题型分类常用算法代码程序包！\数据处理类题型参考代码【数学建模老哥】\34种数据降维方法代码\drtoolbox\mexall.m,.m,1419,2866b622c5528916ed78b1890f228fbc,fc5bbb16eb756cedda6c552767c3e29a8f98dfda,1419,
2026数学建模核心资料\美赛按题目题型分类常用算法代码程序包！\数据处理类题型参考代码【数学建模老哥】\34种数据降维方法代码\drtoolbox\out_of_sample.m,.m,10765,27904d738c03d48c85f82f6b29bf9c66,a858f1d74ad83649fc09e8d7f09d75fa35498d66,10765,
2026数学建模核心资料\美赛按题目题型分类常用算法代码程序包！\数据处理类题型参考代码【数学建模老哥】\34种数据降维方法代码\drtoolbox\out_of_sample_est.m,.m,2329,6cfba8fa55c6136b6e2de568b152a020,1e94d9d7fe36d984b0835d92867c0c93e5a600b8,2329,
2026数学建模核心资料\美赛按题目题型分类常用算法代码程序包！\数据处理类题型参考代码【数学建模老哥】\34种数据降维方法代码\drtoolbox\prewhiten.m,.m,1166,425e8dc77fedacd9f74e4f3040a78fd9,d5ae3917de3279b11cd5d651b689979bceb10273,1166,
2026数学建模核心资料\美赛按题目题型分类常用算法代码程序包！\数据处理类题型参考代码【数学建模老哥】\34种数据降维方法代码\drtoolbox\reconstruction_error.m,.m,2556,7ffe3c744c9ee933e541a20b00aaad74,6783203e95b9a860b7b0b5b1a4c5791de751829d,2556,
2026数学建模核心资料\美赛按题目题型分类常用算法代码程序包！\数据处理类题型参考代码【数学建模老哥】\利用多尺度小波分解侦测时间序列中奇异点位置\A20040101.mat,.mat,968,5adc3ad6b2c5bfe6061f759d6b4ec79e,da39a3ee5e6b4b0d3255bfef95601890afd80709,0,UNSUPPORTED
2026数学建模核心资料\美赛按题目题型分类常用算法代码程序包！\数据处理类题型参考代码【数学建模老哥】\利用多尺度小波分解侦测时间序列中奇异点位置\tubian.m,.m,631,7f8e257d1c6764b22452e6977c667cce,30edd3737c712d731204fe0991f0a406e3ae3625,624,
2026数学建模核心资料\美赛按题目题型分类常用算法代码程序包！\数据处理类题型参考代码【数学建模老哥】\基于RPCA异常值检测代码\ALM_RPCA_pub\ALM_SADAL_smoothed.m,.m,1638,620fd4b5b4dc3dcffae0f6bef211cdaa,f4acf68195e1edaf77bb98c90be3b6218cd9a566,1638,
2026数学建模核心资料\美赛按题目题型分类常用算法代码程序包！\数据处理类题型参考代码【数学建模老哥】\基于RPCA异常值检测代码\ALM_RPCA_pub\getdata.m,.m,529,34f5dcb6f897ef275cf39adca39ad2c6,5bd30f0d7528b2182270317e1bf513fbfd31d83f,529,
2026数学建模核心资料\美赛按题目题型分类常用算法代码程序包！\数据处理类题型参考代码【数学建模老哥】\基于RPCA异常值检测代码\ALM_RPCA_pub\Hall_airport_1000_1496_497_144_176_gray.mat,.mat,10812346,b5b46f887cae6551dcf44e0606f33edc,da39a3ee5e6b4b0d3255bfef95601890afd80709,0,UNSUPPORTED
2026数学建模核心资料\美赛按题目题型分类常用算法代码程序包！\数据处理类题型参考代码【数学建模老哥】\基于RPCA异常值检测代码\ALM_RPCA_pub\Onerun.m,.m,2098,c208e5246ba8fb9ca422e53aa2683546,7b2c45743a6efd10730f96e23e33e2a8751dfb38,2098,
2026数学建模核心资料\美赛按题目题型分类常用算法代码程序包！\数据处理类题型参考代码【数学建模老哥】\基于t-sne算法的降维可视化实例\实例\image1.m,.m,423,65bf2e11717680e943030f4194d680ae,22faeb1616f641f37c0caf9ab227026c365f394b,417,
2026数学建模核心资料\美赛按题目题型分类常用算法代码程序包！\数据处理类题型参考代码【数学建模老哥】\基于压缩感知算法的数据压缩与复原代码\CS\adpomp.m,.m,2671,76c91849d2e154b28fc6b6ac5bdf4719,6fe5a548b7ebcb08a34d12b4aeabcbe7283c8a15,2589,
2026数学建模核心资料\美赛按题目题型分类常用算法代码程序包！\数据处理类题型参考代码【数学建模老哥】\基于压缩感知算法的数据压缩与复原代码\CS\calldecisionomp.m,.m,223,07c91e3b48a6870bbf0bdc664ebdf8f3,b4651f6f67c03c3b8fc800b47c1e7cac1d52f33e,223,
2026数学建模核心资料\美赛按题目题型分类常用算法代码程序包！\数据处理类题型参考代码【数学建模老哥】\基于压缩感知算法的数据压缩与复原代码\CS\callompdirect.m,.m,224,2b9c95e95457e2d2d71167d5e479a38f,6237c549c8fb1e111d0bf10055615edce482b603,224,
2026数学建模核心资料\美赛按题目题型分类常用算法代码程序包！\数据处理类题型参考代码【数学建模老哥】\基于压缩感知算法的数据压缩与复原代码\CS\callstepomp.m,.m,166,58e39077be0fefd3fab2ecf54672492d,a6b89cc33b4cfe369ca356972afef5b61258e287,166,
2026数学建模核心资料\美赛按题目题型分类常用算法代码程序包！\数据处理类题型参考代码【数学建模老哥】\基于压缩感知算法的数据压缩与复原代码\CS\conGP.m,.m,1115,824b9a53e83f26952c678ef3710dda70,ccd087541516d60f8698a39edac4991d17d2d8c8,1048,
2026数学建模核心资料\美赛按题目题型分类常用算法代码程序包！\数据处理类题型参考代码【数学建模老哥】\基于压缩感知算法的数据压缩与复原代码\CS\ConNewton.m,.m,1497,73ca68e0eef532843ccbb170a969529c,b41f7d57116185ae36e303d83e26bc8f00194c26,1431,
2026数学建模核心资料\美赛按题目题型分类常用算法代码程序包！\数据处理类题型参考代码【数学建模老哥】\基于压缩感知算法的数据压缩与复原代码\CS\CS_CoSaMP.m,.m,1709,e634368d034c3950b46e56b92b8d2402,924c671aa32acb3b31f8451b7bc22e5ef0feec11,1709,
2026数学建模核心资料\美赛按题目题型分类常用算法代码程序包！\数据处理类题型参考代码【数学建模老哥】\基于压缩感知算法的数据压缩与复原代码\CS\CS_MP.m,.m,2436,d9f63288446b839ae920065dcdc62630,b4118558b967c8963a2062f417aa314f88094404,2130,
2026数学建模核心资料\美赛按题目题型分类常用算法代码程序包！\数据处理类题型参考代码【数学建模老哥】\基于压缩感知算法的数据压缩与复原代码\CS\CS_randomizedK.m,.m,2386,0471ae723b1743ad588bd4099e7dd7de,452701bb7677fd6ce117cb4a6e95c988de12ff23,2386,
2026数学建模核心资料\美赛按题目题型分类常用算法代码程序包！\数据处理类题型参考代码【数学建模老哥】\基于压缩感知算法的数据压缩与复原代码\CS\CS_Reweighted.m,.m,1432,d78ac8b411fbf69b036d2006af6403ec,56721891bb409286c4a4c93f0da5fd5ba830e028,1432,
2026数学建模核心资料\美赛按题目题型分类常用算法代码程序包！\数据处理类题型参考代码【数学建模老哥】\基于压缩感知算法的数据压缩与复原代码\CS\CS_swOMP.m,.m,2990,e67b3fa6f9e25bcd589f5d0afa3593f7,6bf542a31a24d1b8ee53a5aa1328b46c445d4922,2598,
2026数学建模核心资料\美赛按题目题型分类常用算法代码程序包！\数据处理类题型参考代码【数学建模老哥】\基于压缩感知算法的数据压缩与复原代码\CS\decisionomp.m,.m,1314,faed48d9660e18ef44685bdea19d0e37,a89b6bdab2c3cf81b342298545dba43741ce8f32,1314,
2026数学建模核心资料\美赛按题目题型分类常用算法代码程序包！\数据处理类题型参考代码【数学建模老哥】\基于压缩感知算法的数据压缩与复原代码\CS\demo_k_svd.m,.m,1400,82a22cdf940480046ac6a2822bea207f,70e59209427145c3141eb521f8d94a8b9ac23e9e,1396,
2026数学建模核心资料\美赛按题目题型分类常用算法代码程序包！\数据处理类题型参考代码【数学建模老哥】\基于压缩感知算法的数据压缩与复原代码\CS\domainconvergence.m,.m,705,91161642c5824de1bc264adb2b324cbc,7cb59e1214f555b703a6f7b7ed0b4f001a55bda7,705,
2026数学建模核心资料\美赛按题目题型分类常用算法代码程序包！\数据处理类题型参考代码【数学建模老哥】\基于压缩感知算法的数据压缩与复原代码\CS\DPF.m,.m,1562,771831d760c851ee92434fd448a1f15f,2415018c696a00d30db2fed4a5d2c0ee7605d435,1495,
2026数学建模核心资料\美赛按题目题型分类常用算法代码程序包！\数据处理类题型参考代码【数学建模老哥】\基于压缩感知算法的数据压缩与复原代码\CS\Erate.mat,.mat,232,e76e6ada151b35cfdeab824576617411,da39a3ee5e6b4b0d3255bfef95601890afd80709,0,UNSUPPORTED
2026数学建模核心资料\美赛按题目题型分类常用算法代码程序包！\数据处理类题型参考代码【数学建模老哥】\基于压缩感知算法的数据压缩与复原代码\CS\EZR.m,.m,1688,4fc297e19440c7be72d5aa549387c359,e601256545c786fe091b1b0c857800c6b48cc9b8,1601,
2026数学建模核心资料\美赛按题目题型分类常用算法代码程序包！\数据处理类题型参考代码【数学建模老哥】\基于压缩感知算法的数据压缩与复原代码\CS\generate01.m,.m,305,7de33cdc06cb682b0ab7ff1e5ebb2371,47f3e3b7fd41d1a32f472abd297bfbdbedc9423c,305,
2026数学建模核心资料\美赛按题目题型分类常用算法代码程序包！\数据处理类题型参考代码【数学建模老哥】\基于压缩感知算法的数据压缩与复原代码\CS\gradientexterior.m,.m,1261,6ec4dc8c3eac387cc6583d8e457a9357,4f678fba73b7a1a918fe95150a40a51f196c3aaa,1170,
2026数学建模核心资料\美赛按题目题型分类常用算法代码程序包！\数据处理类题型参考代码【数学建模老哥】\基于压缩感知算法的数据压缩与复原代码\CS\improveomp.m,.m,3053,aaebf47f060c4e803b9425ed1762dbb1,c49652d92b6fcbbb85c9741c7269bd1a2ee93eb1,2667,
2026数学建模核心资料\美赛按题目题型分类常用算法代码程序包！\数据处理类题型参考代码【数学建模老哥】\基于压缩感知算法的数据压缩与复原代码\CS\klook.m,.m,386,6f4b1b4ff44c0818af5202c1973891c7,602d1396adab0a49ddcc8615f0d299fd55445f51,386,
2026数学建模核心资料\美赛按题目题型分类常用算法代码程序包！\数据处理类题型参考代码【数学建模老哥】\基于压缩感知算法的数据压缩与复原代码\CS\ksignal.m,.m,446,32b6a995347b75d18fec453c09fd2440,a5e188bc83baec187d005e940fefbf43bc117c57,381,
2026数学建模核心资料\美赛按题目题型分类常用算法代码程序包！\数据处理类题型参考代码【数学建模老哥】\基于压缩感知算法的数据压缩与复原代码\CS\MPmax.m,.m,1412,b278311196fdee73bbb559f8e1ea27c4,63b9253c6fcf853deb7cfc1cc77145cf2420f954,1412,
2026数学建模核心资料\美赛按题目题型分类常用算法代码程序包！\数据处理类题型参考代码【数学建模老哥】\基于压缩感知算法的数据压缩与复原代码\CS\newton.m,.m,1970,95246168aca092c28f41b76bdd7e8374,9afd297b75a4f709f92631e03119f313406892dc,1885,
2026数学建模核心资料\美赛按题目题型分类常用算法代码程序包！\数据处理类题型参考代码【数学建模老哥】\基于压缩感知算法的数据压缩与复原代码\CS\newtonromp.m,.m,2764,2067d36af2f8d22c3c6e57d99f6ab120,6a1343cff0d5f0db86dcf702f85f9afafe7d3187,2750,
2026数学建模核心资料\美赛按题目题型分类常用算法代码程序包！\数据处理类题型参考代码【数学建模老哥】\基于压缩感知算法的数据压缩与复原代码\CS\NewtonSP.m,.m,3946,a69675cb9eac4760065f9522a7fbc87f,6a70b6fd010bd335701310b5ad4a1e8572817a9a,3817,
2026数学建模核心资料\美赛按题目题型分类常用算法代码程序包！\数据处理类题型参考代码【数学建模老哥】\基于压缩感知算法的数据压缩与复原代码\CS\NewtonSP0.m,.m,2216,b620abf9549c623bf028d2dd5bf12539,88b6f0404aa0ac3a58d071943e0446cc591bd5c0,2131,
2026数学建模核心资料\美赛按题目题型分类常用算法代码程序包！\数据处理类题型参考代码【数学建模老哥】\基于压缩感知算法的数据压缩与复原代码\CS\omp.m,.m,1750,f90df9361af14e8966daf91ef95366eb,1bf5158f8f64e91b72abe01dacd328052aa85572,1529,
2026数学建模核心资料\美赛按题目题型分类常用算法代码程序包！\数据处理类题型参考代码【数学建模老哥】\基于压缩感知算法的数据压缩与复原代码\CS\OMPdirect.m,.m,1198,42cd65c4fe017392353965907bcaee09,ec617262c0678b4fc866237d2c124defe6537115,1198,
2026数学建模核心资料\美赛按题目题型分类常用算法代码程序包！\数据处理类题型参考代码【数学建模老哥】\基于压缩感知算法的数据压缩与复原代码\CS\omp_romp_rnewton.m,.m,1519,c0a5fdb68ef35816bb400b0bc27ce1e3,45e5b3359f5e72cc1fa05a2e1d0a786ed2de6f0b,1511,
2026数学建模核心资料\美赛按题目题型分类常用算法代码程序包！\数据处理类题型参考代码【数学建模老哥】\基于压缩感知算法的数据压缩与复原代码\CS\omp_svd.m,.m,1125,b7ebdf55813d29941ce65329c674a5ef,cf36d83b3b1b6ee469d3f5353bbdc2c95287bda9,996,
2026数学建模核心资料\美赛按题目题型分类常用算法代码程序包！\数据处理类题型参考代码【数学建模老哥】\基于压缩感知算法的数据压缩与复原代码\CS\omp_vs_romp.m,.m,940,75f7fa024181acd81f7ce9d9c5892f76,1cb4b23288b21007b292dd45606f2e92891f9f1a,936,
2026数学建模核心资料\美赛按题目题型分类常用算法代码程序包！\数据处理类题型参考代码【数学建模老哥】\基于压缩感知算法的数据压缩与复原代码\CS\randnnewton.m,.m,1364,fea1cbc1873df1472d16155c59db6c7f,9cec59ae0e27df954f58d3e9f105c1015c801e87,1351,
2026数学建模核心资料\美赛按题目题型分类常用算法代码程序包！\数据处理类题型参考代码【数学建模老哥】\基于压缩感知算法的数据压缩与复原代码\CS\romp.m,.m,1460,015a8705373a53b170f4d80a13a9de05,b820ade5d9c3f16165d7cc73ece95186f08b78d5,1460,
2026数学建模核心资料\美赛按题目题型分类常用算法代码程序包！\数据处理类题型参考代码【数学建模老哥】\基于压缩感知算法的数据压缩与复原代码\CS\ROMP_back.m,.m,3709,72e7d7de9a211723d9fe1a5ecff10091,3fb414163bbcb6cf74b6b1d5ab2b9f905050959b,3622,
2026数学建模核心资料\美赛按题目题型分类常用算法代码程序包！\数据处理类题型参考代码【数学建模老哥】\基于压缩感知算法的数据压缩与复原代码\CS\romp_orignal.m,.m,1430,244ac99153412dc0e9a41a12fd6346a0,93e768e870f1d23966898c0f4c480f4bb80ea764,1430,
2026数学建模核心资料\美赛按题目题型分类常用算法代码程序包！\数据处理类题型参考代码【数学建模老哥】\基于压缩感知算法的数据压缩与复原代码\CS\rootnewton.m,.m,185,264f85780c8254c4540eac657f72861f,30926b64f48766e31aea83661edac73e1e89f7dd,183,
2026数学建模核心资料\美赛按题目题型分类常用算法代码程序包！\数据处理类题型参考代码【数学建模老哥】\基于压缩感知算法的数据压缩与复原代码\CS\SAMP.m,.m,1707,5ce49de278a276aba9472e0df5f672b6,573e48355f9adc8f0573d6df1621c1617f95fbfe,1704,
2026数学建模核心资料\美赛按题目题型分类常用算法代码程序包！\数据处理类题型参考代码【数学建模老哥】\基于压缩感知算法的数据压缩与复原代码\CS\smallwave.m,.m,187,aecfb8ca1a74df6fd305c4bbf1cca7e7,19d28d879c148578ea9d0ba2273f46eb5e04689e,178,
2026数学建模核心资料\美赛按题目题型分类常用算法代码程序包！\数据处理类题型参考代码【数学建模老哥】\基于压缩感知算法的数据压缩与复原代码\CS\SolveStOMP.m,.m,5039,7f5c27d6ab8eb00c54b840f94d8d7183,5b617d26cf10ad201eb147133db48480ada77d11,4984,
2026数学建模核心资料\美赛按题目题型分类常用算法代码程序包！\数据处理类题型参考代码【数学建模老哥】\基于压缩感知算法的数据压缩与复原代码\CS\sounds_decision_BP_cvx.m,.m,1921,0b35a14b6fe678b1793015a0fe6da7f5,1586e7b99cc33697ab0f73e3a915c4150b3c83c8,1863,
2026数学建模核心资料\美赛按题目题型分类常用算法代码程序包！\数据处理类题型参考代码【数学建模老哥】\基于压缩感知算法的数据压缩与复原代码\CS\SP.m,.m,1574,601362a10ae371111ae9b7d0507d60c5,401096aa73650361295f706056baab322761f1b4,1574,
2026数学建模核心资料\美赛按题目题型分类常用算法代码程序包！\数据处理类题型参考代码【数学建模老哥】\基于压缩感知算法的数据压缩与复原代码\CS\Stepestnewton.m,.m,2225,1c34f88aaadc40585872242aa9268843,b6d589b155d0e95b4a9fe078c4c19e051c317ce5,2134,
2026数学建模核心资料\美赛按题目题型分类常用算法代码程序包！\数据处理类题型参考代码【数学建模老哥】\基于压缩感知算法的数据压缩与复原代码\CS\StepestSP.m,.m,2979,97e5cf49eb5440b880e3c554f931b24b,8a0dde50872a6ca0c5c915438d9a5e5eaa874402,2854,
2026数学建模核心资料\美赛按题目题型分类常用算法代码程序包！\数据处理类题型参考代码【数学建模老哥】\基于压缩感知算法的数据压缩与复原代码\CS\Testdifferent.m,.m,869,ee42a6862a698cfb73f82b2c3892ff93,9acb6c68adda4b904fbd560a359da9edd9b4e748,869,
2026数学建模核心资料\美赛按题目题型分类常用算法代码程序包！\数据处理类题型参考代码【数学建模老哥】\基于压缩感知算法的数据压缩与复原代码\CS\Testnewtonromp.m,.m,947,8a37e435cfae6a77a4a1000ab7866f48,d667bf9e836d16c5c3d9f9d084f02715e1b78afb,935,
2026数学建模核心资料\美赛按题目题型分类常用算法代码程序包！\数据处理类题型参考代码【数学建模老哥】\基于压缩感知算法的数据压缩与复原代码\CS\Testromp.m,.m,659,4aff4eefcc23163f06c0a3c39efe27f0,a8a6f58c96e8df4039109c2e8d57f5710c281553,655,
2026数学建模核心资料\美赛按题目题型分类常用算法代码程序包！\数据处理类题型参考代码【数学建模老哥】\基于压缩感知算法的数据压缩与复原代码\CS\Testrompvoice.m,.m,1685,e1451b16bce3a56c69acefdf458c5f63,6534b69cb5c9e1992693fab5b4ff2a197796c976,1498,
2026数学建模核心资料\美赛按题目题型分类常用算法代码程序包！\数据处理类题型参考代码【数学建模老哥】\基于压缩感知算法的数据压缩与复原代码\CS\TestSP.m,.m,1573,bdd0789896b1bd8b91427384eec07866,937d6f8a346d5d77cb883d868e07339733432d23,1475,
2026数学建模核心资料\美赛按题目题型分类常用算法代码程序包！\数据处理类题型参考代码【数学建模老哥】\基于压缩感知算法的数据压缩与复原代码\CS\unvoicedomp.m,.m,330,c666c6221f67463952d79a33ed4cc40d,51b054874fea28c7e4c3a513427f9fdab38b5bdc,300,
2026数学建模核心资料\美赛按题目题型分类常用算法代码程序包！\数据处理类题型参考代码【数学建模老哥】\基于压缩感知算法的数据压缩与复原代码\CS\voicedomp.m,.m,342,bf891a4f0ec140a3abce738136ed575d,32facef44d56dbb9f048aa814fe702b9d05a4c60,318,
2026数学建模核心资料\美赛按题目题型分类常用算法代码程序包！\数据处理类题型参考代码【数学建模老哥】\基于压缩感知算法的数据压缩与复原代码\CS\ZER.mat,.mat,312617,57e652bdadaaa0b6e1ea1797ee044219,da39a3ee5e6b4b0d3255bfef95601890afd80709,0,UNSUPPORTED
2026数学建模核心资料\美赛按题目题型分类常用算法代码程序包！\数据处理类题型参考代码【数学建模老哥】\基于压缩感知算法的数据压缩与复原代码\其他\Animation1.m,.m,277,bd8f641924670d4335bffbb8fb6e021e,f2f328ff8f39abceb0915abf1291803c51510a25,277,
2026数学建模核心资料\美赛按题目题型分类常用算法代码程序包！\数据处理类题型参考代码【数学建模老哥】\基于压缩感知算法的数据压缩与复原代码\其他\Animation2.m,.m,372,afea6b93bef3ac31d5617ae5bb932e23,7f259fac25baa2e258da3ebdae1a4a67fde9f447,372,
2026数学建模核心资料\美赛按题目题型分类常用算法代码程序包！\数据处理类题型参考代码【数学建模老哥】\基于压缩感知算法的数据压缩与复原代码\其他\chanel_cap.m,.m,723,1839f9a43f8c92c2880ed988f1004c21,5c265126a5f328fbaf6ec3f631baaf4c4838caf6,689,
2026数学建模核心资料\美赛按题目题型分类常用算法代码程序包！\数据处理类题型参考代码【数学建模老哥】\基于压缩感知算法的数据压缩与复原代码\其他\chirps.m,.m,784,b407b77e897a26acd78938a4483d034c,35bb0646d0093844f1b59c153666bf8ccab1103e,764,
2026数学建模核心资料\美赛按题目题型分类常用算法代码程序包！\数据处理类题型参考代码【数学建模老哥】\基于压缩感知算法的数据压缩与复原代码\其他\cosatoms.m,.m,160,2f262f9cb664623fd7552b167c00346b,ec372756347b96355d39efcd03f751e2e204be3c,160,
2026数学建模核心资料\美赛按题目题型分类常用算法代码程序包！\数据处理类题型参考代码【数学建模老哥】\基于压缩感知算法的数据压缩与复原代码\其他\falling.m,.m,62,98014a00e487a78ed3161611e46bee3b,acde955c7c39223a11644d1e41747a948eab034b,62,
2026数学建模核心资料\美赛按题目题型分类常用算法代码程序包！\数据处理类题型参考代码【数学建模老哥】\基于压缩感知算法的数据压缩与复原代码\其他\Gold.m,.m,684,904484ba3a1c10a302ef2399f3f3c67c,dc30ceac529b38729c37e12bc5e8902a30e12c80,684,
2026数学建模核心资料\美赛按题目题型分类常用算法代码程序包！\数据处理类题型参考代码【数学建模老哥】\基于压缩感知算法的数据压缩与复原代码\其他\humps.m,.m,75,ffbc5483b06d23734e341c1174a68b14,31ae432295df308610f6591d4c2474d9b3e12bd1,75,
2026数学建模核心资料\美赛按题目题型分类常用算法代码程序包！\数据处理类题型参考代码【数学建模老哥】\基于压缩感知算法的数据压缩与复原代码\其他\magik.m,.m,332,d1a09a18020f784a57d6d1c3c545a265,07c4953b4103b2a4f0f5d72f3c5333cac21755c7,332,
2026数学建模核心资料\美赛按题目题型分类常用算法代码程序包！\数据处理类题型参考代码【数学建模老哥】\基于压缩感知算法的数据压缩与复原代码\其他\myfunc.m,.m,442,0840d311f468119c164d955cc4bb0494,019e98f04b8d87b92e3511ff9b329619666192e2,442,
2026数学建模核心资料\美赛按题目题型分类常用算法代码程序包！\数据处理类题型参考代码【数学建模老哥】\基于压缩感知算法的数据压缩与复原代码\其他\myfunction.m,.m,94,721c4a180168f77d0fc9e50bde416803,0da5a582a7c2c932107d0ae89b66868e54c17876,94,
2026数学建模核心资料\美赛按题目题型分类常用算法代码程序包！\数据处理类题型参考代码【数学建模老哥】\基于压缩感知算法的数据压缩与复原代码\其他\polytest.m,.m,860,fca67adb6a1b1cadca44faf7d4030cda,fc803326bf82ff44c06d584955e2bd45143b52f9,727,
2026数学建模核心资料\美赛按题目题型分类常用算法代码程序包！\数据处理类题型参考代码【数学建模老哥】\基于压缩感知算法的数据压缩与复原代码\其他\Rake.m,.m,2813,c0d5ed31946c263e7cfbfd6ffc58af12,ab18dfaaf6414f19fc7affc4d61a912b956c8792,2813,
2026数学建模核心资料\美赛按题目题型分类常用算法代码程序包！\数据处理类题型参考代码【数学建模老哥】\基于压缩感知算法的数据压缩与复原代码\其他\Rayleigh.m,.m,435,536f62a0667fd084ba8f282792adf562,58286f530a21d2bc20fb30fb5888f6d8454644f6,379,
2026数学建模核心资料\美赛按题目题型分类常用算法代码程序包！\数据处理类题型参考代码【数学建模老哥】\基于压缩感知算法的数据压缩与复原代码\其他\rosenbrock.m,.m,63,d3ce382959959b1dfb776a84b64e576f,426c82d4f99546a83947e062233b42ce78bf7887,63,
2026数学建模核心资料\美赛按题目题型分类常用算法代码程序包！\数据处理类题型参考代码【数学建模老哥】\基于马氏距离剔除异常样本代码\马氏距离法剔除异常样本可运行\mashidistance.m,.m,714,82d041baa7cd62579add48f4a7ef0221,e5a6b7e895b9e874b38f7024e0f8af2a19ac6eed,617,
2026数学建模核心资料\美赛按题目题型分类常用算法代码程序包！\数据处理类题型参考代码【数学建模老哥】\基于马氏距离剔除异常样本代码\马氏距离法剔除异常样本可运行\shuju.mat,.mat,74127,94d14e7ee6dc0dac809feb441e926617,da39a3ee5e6b4b0d3255bfef95601890afd80709,0,UNSUPPORTED
2026数学建模核心资料\美赛按题目题型分类常用算法代码程序包！\美赛照题目分类程序包【数学建模老哥】\美赛A题常见参考代码【数学建模老哥】\灰色关联分析代码【数学建模老哥】\gray.m,.m,684,31430af49a14a88c759e508be9f6e8cb,5178fb4f87b6f3a74a5b09a4c0dd097d488dc76f,623,
2026数学建模核心资料\美赛按题目题型分类常用算法代码程序包！\美赛照题目分类程序包【数学建模老哥】\美赛B题常见参考代码【数学建模老哥】\各种离散优化方法的matlab程序【数学建模老哥】\离散优化\BNBGUI.M,.m,677,6a436a040cb8b42e143bc84e4ef291ed,de72da3982ce81d1db9949709c903485a842d493,666,
2026数学建模核心资料\美赛按题目题型分类常用算法代码程序包！\美赛照题目分类程序包【数学建模老哥】\美赛B题常见参考代码【数学建模老哥】\各种离散优化方法的matlab程序【数学建模老哥】\离散优化\BranchBound.m,.m,1789,9e7b2de67888e484a02b6622dda1979e,d42bb5ad99dafbea944105a3620f65cf7c2dea24,1747,
2026数学建模核心资料\美赛按题目题型分类常用算法代码程序包！\美赛照题目分类程序包【数学建模老哥】\美赛B题常见参考代码【数学建模老哥】\各种离散优化方法的matlab程序【数学建模老哥】\离散优化\DIJKSTRA.M,.m,1573,0c47838c9ac8cea99d8794d6672e2d53,1f0c3c1e642445aa1deef30569eecb553a91e992,1414,
2026数学建模核心资料\美赛按题目题型分类常用算法代码程序包！\美赛照题目分类程序包【数学建模老哥】\美赛B题常见参考代码【数学建模老哥】\各种离散优化方法的matlab程序【数学建模老哥】\离散优化\KRUSK.C,.c,1633,f4d9609f2dc33bd4e8dc1cc8da81f3cd,040ff763ae8ddcbe736959fe59ae20b297cafe4f,1633,
2026数学建模核心资料\美赛按题目题型分类常用算法代码程序包！\美赛照题目分类程序包【数学建模老哥】\美赛B题常见参考代码【数学建模老哥】\各种离散优化方法的matlab程序【数学建模老哥】\离散优化\KRUSKAL.M,.m,1480,14a9dc83f679b9d4f25216b56665f710,878db96a64da5f97701bb4239eafdb2f9c5e896c,1329,
2026数学建模核心资料\美赛按题目题型分类常用算法代码程序包！\美赛照题目分类程序包【数学建模老哥】\美赛B题常见参考代码【数学建模老哥】\基于0-1整数规划隐枚举法离散型优化问题代码【数学建模老哥】\L01p_ie.m,.m,963,62f996122016ccc5e77cbb4b40a411c2,ee662ce56b05dbbf106dc493cad9e1f8f843c72b,842,
2026数学建模核心资料\美赛按题目题型分类常用算法代码程序包！\美赛照题目分类程序包【数学建模老哥】\美赛B题常见参考代码【数学建模老哥】\基于动态规划离散优化问题代码【数学建模老哥】\DYNPROG.M,.m,3151,15aeb2807bc16abd4cbb12c6f28b2e52,a0cc1c4dc351c20052afa159c9e2fc012397e1af,2816,
2026数学建模核心资料\美赛按题目题型分类常用算法代码程序包！\美赛照题目分类程序包【数学建模老哥】\美赛B题常见参考代码【数学建模老哥】\基于最短路dijkstra算法离散优化问题代码【数学建模老哥】\MINROUTE.M,.m,1259,7a00f0e15f2fd5117968a09a039188be,0c19018799f4e8cc66e23eaca85545bd79eee267,1118,
2026数学建模核心资料\美赛按题目题型分类常用算法代码程序包！\美赛照题目分类程序包【数学建模老哥】\美赛B题常见参考代码【数学建模老哥】\基于枚举法离散型优化问题代码【数学建模老哥】\ENUM.M,.m,289,3cc363a664536e696d381290a8ee0246,33c2d3f53d7e6dfb07d8073e79aff9ef427d36e8,266,
2026数学建模核心资料\美赛按题目题型分类常用算法代码程序包！\美赛照题目分类程序包【数学建模老哥】\美赛B题常见参考代码【数学建模老哥】\基于线性整数规划离散型优化问题代码【数学建模老哥】\LPINT.M,.m,2038,abe60596bb935b629a7973e903c04394,f2857b58a788496c131196695a2dbaea37f6d311,1904,
2026数学建模核心资料\美赛按题目题型分类常用算法代码程序包！\美赛照题目分类程序包【数学建模老哥】\美赛B题常见参考代码【数学建模老哥】\基于蒙特卡洛法离散型优化问题代码【数学建模老哥】\MONTE.M,.m,664,fb3699ac41de7198c0d84974a71e4fb2,6af1c8164a5d38f21b98fab0d7fd52eeea2b37a1,597,
2026数学建模核心资料\美赛按题目题型分类常用算法代码程序包！\美赛照题目分类程序包【数学建模老哥】\美赛B题常见参考代码【数学建模老哥】\基于非线性整数规划离散型优化问题代码(在MATLAB5.3使用)【数学建模老哥】\BNB18.M,.m,14681,380d9dac6e8c6f99aba6970db1ace059,6356e2a2e5675a76c8c3dcf9f2eec0aa4af38616,14455,
2026数学建模核心资料\美赛按题目题型分类常用算法代码程序包！\美赛照题目分类程序包【数学建模老哥】\美赛B题常见参考代码【数学建模老哥】\最小生成树kruskal算法离散型优化问题代码【数学建模老哥】\MINTREEK.M,.m,1824,72f0e2cb4e5f68fafc862f3fa41935d0,0999f8bb7aa6befcbb2255f85c90f7f0e257d857,1645,
2026数学建模核心资料\美赛按题目题型分类常用算法代码程序包！\美赛照题目分类程序包【数学建模老哥】\美赛B题常见参考代码【数学建模老哥】\离散小波与主成分分析的数据降维方法【数学建模老哥】\DWT_PCA\extract_fea.m,.m,120,6a9e770de13ac1d02f7d7232a27d8eea,0440759fd14c333a71faffc81a208278509deb3a,120,
2026数学建模核心资料\美赛按题目题型分类常用算法代码程序包！\美赛照题目分类程序包【数学建模老哥】\美赛B题常见参考代码【数学建模老哥】\离散小波与主成分分析的数据降维方法【数学建模老哥】\DWT_PCA\recognition.m,.m,1188,5bd4a4a5c3232cd9a74051c1321d2f4c,a5219ef2a2c313103276bc2bc75e9eed3f53077d,1188,
2026数学建模核心资料\美赛按题目题型分类常用算法代码程序包！\美赛照题目分类程序包【数学建模老哥】\美赛B题常见参考代码【数学建模老哥】\离散小波与主成分分析的数据降维方法【数学建模老哥】\DWT_PCA\show_eigenface.m,.m,520,8d5b8db6c8e9eea56e3f3890a4c96f63,88ee9cd3281f8192bcd0fcf5699b72ef68de1603,520,
2026数学建模核心资料\美赛按题目题型分类常用算法代码程序包！\美赛照题目分类程序包【数学建模老哥】\美赛B题常见参考代码【数学建模老哥】\离散小波与主成分分析的数据降维方法【数学建模老哥】\DWT_PCA\sortem.m,.m,468,fec3c28909a087270a2310703b2c6253,e308530518b539a8ac4e4288a5ceb91b7ded775a,468,
2026数学建模核心资料\美赛按题目题型分类常用算法代码程序包！\美赛照题目分类程序包【数学建模老哥】\美赛B题常见参考代码【数学建模老哥】\离散小波与主成分分析的数据降维方法【数学建模老哥】\DWT_PCA\train.m,.m,1683,8ef86f50bb3186e6e725eee77ede5d16,44a44d87d8a28a27114f3f4caafaa682eecac32b,1683,
2026数学建模核心资料\美赛按题目题型分类常用算法代码程序包！\美赛照题目分类程序包【数学建模老哥】\美赛B题常见参考代码【数学建模老哥】\离散粒子群算法DPSO优化代码【数学建模老哥】\add_M.m,.m,854,a50cbed6cc50bc18f4ee8a67061504cc,f348a35d387882dc20522f57df28141e54ef920d,800,
2026数学建模核心资料\美赛按题目题型分类常用算法代码程序包！\美赛照题目分类程序包【数学建模老哥】\美赛B题常见参考代码【数学建模老哥】\离散粒子群算法DPSO优化代码【数学建模老哥】\and_M.m,.m,66,de0b1a4a2814b8170e97a10786a4e6a7,c33a0155b389a154abaff916d4599a66d1500198,60,
2026数学建模核心资料\美赛按题目题型分类常用算法代码程序包！\美赛照题目分类程序包【数学建模老哥】\美赛B题常见参考代码【数学建模老哥】\离散粒子群算法DPSO优化代码【数学建模老哥】\calFitness.m,.m,220,4455a64eb2caa0b2e78c19116551fc6a,7f8d7fc78aecc667e2b066103d0597501dbd4888,212,
2026数学建模核心资料\美赛按题目题型分类常用算法代码程序包！\美赛照题目分类程序包【数学建模老哥】\美赛B题常见参考代码【数学建模老哥】\离散粒子群算法DPSO优化代码【数学建模老哥】\linkM.m,.m,233,0d5d5bff32ed667ce097fdfb8dbe3a64,4114e6944194620c217eec8d1b735270fbaa3017,220,
2026数学建模核心资料\美赛按题目题型分类常用算法代码程序包！\美赛照题目分类程序包【数学建模老哥】\美赛B题常见参考代码【数学建模老哥】\离散粒子群算法DPSO优化代码【数学建模老哥】\main.m,.m,3316,76919b5a08b6218911f509637663f707,3d1670933ca797fa70662062b072e1fe255daa38,3216,
2026数学建模核心资料\美赛按题目题型分类常用算法代码程序包！\美赛照题目分类程序包【数学建模老哥】\美赛B题常见参考代码【数学建模老哥】\离散粒子群算法DPSO优化代码【数学建模老哥】\pathPlot.m,.m,325,03e07550378e6ff7abffed0c1f0a8b7f,e8e858e98e9bd3915c53caca7c9ebc40e7d102e6,321,
2026数学建模核心资料\美赛按题目题型分类常用算法代码程序包！\美赛照题目分类程序包【数学建模老哥】\美赛B题常见参考代码【数学建模老哥】\离散粒子群算法DPSO优化代码【数学建模老哥】\PM2VM.m,.m,261,09b5ace2673796bfcc1cc3593bda1554,98726454a619af43bb08ca4f233be5704e68db4f,248,
2026数学建模核心资料\美赛按题目题型分类常用算法代码程序包！\美赛照题目分类程序包【数学建模老哥】\美赛B题常见参考代码【数学建模老哥】\离散粒子群算法DPSO优化代码【数学建模老哥】\sub_M.m,.m,129,7f020502374b8393598a0017f916a93f,de12e0df1db29848a6896435f4c3ad868830ec20,123,
2026数学建模核心资料\美赛按题目题型分类常用算法代码程序包！\美赛照题目分类程序包【数学建模老哥】\美赛B题常见参考代码【数学建模老哥】\离散粒子群算法DPSO优化代码【数学建模老哥】\wGenerate.m,.m,357,04139040f336c7eb04aeb4c86a1a634c,e0cf795749bac72a6e6f1c368f3f33cb05abdd79,351,
2026数学建模核心资料\美赛按题目题型分类常用算法代码程序包！\美赛照题目分类程序包【数学建模老哥】\美赛C题常见参考代码【数学建模老哥】\八种降维方法交互式界面【数学建模老哥】\mani.m,.m,67522,ad4f0efed2bc89620c960f7bf06670a2,553a5e5954a2e682c70ac41225fd2f64597b3c29,67522,
2026数学建模核心资料\美赛按题目题型分类常用算法代码程序包！\美赛照题目分类程序包【数学建模老哥】\美赛D题常见参考代码【数学建模老哥】\matlab 病毒传播【数学建模老哥】\spreadingBySir.m,.m,2369,7c59d35ec493a87acdd23763c0a2d4d6,2d8d9509ca012f354297d0353bae29021d522fc7,2076,
2026数学建模核心资料\美赛按题目题型分类常用算法代码程序包！\美赛照题目分类程序包【数学建模老哥】\美赛D题常见参考代码【数学建模老哥】\传染病的SI SIS SIR 三种数学建模模型【数学建模老哥】\ill.m,.m,70,365750779864921e3fc12cd8db4821ce,95e85056c15e0f22a54c4529ec7a20f940ef68f5,70,
2026数学建模核心资料\美赛按题目题型分类常用算法代码程序包！\美赛照题目分类程序包【数学建模老哥】\美赛D题常见参考代码【数学建模老哥】\各个城市之间基于sis的传染病matlab仿真代码【数学建模老哥】\A.m,.m,593,2c68c6cb4ed6c0acc8905339b72e3738,b124ecd67ee30fbd9ca1e4a4cffb51f48770575a,593,
2026数学建模核心资料\美赛按题目题型分类常用算法代码程序包！\美赛照题目分类程序包【数学建模老哥】\美赛D题常见参考代码【数学建模老哥】\各个城市之间基于sis的传染病matlab仿真代码【数学建模老哥】\BA.m,.m,1914,7c018a3cf9401be1801b708640f49868,f045050b19d6d8fd6164edf6434107ffe1a89c33,1798,
2026数学建模核心资料\美赛按题目题型分类常用算法代码程序包！\美赛照题目分类程序包【数学建模老哥】\美赛D题常见参考代码【数学建模老哥】\各个城市之间基于sis的传染病matlab仿真代码【数学建模老哥】\sis.m,.m,1618,16d1898726a43b6a322b55ea343fbf48,6da511d2d5d2f5122b12400c79c1b5c4c2e3da31,1387,
2026数学建模核心资料\美赛按题目题型分类常用算法代码程序包！\美赛照题目分类程序包【数学建模老哥】\美赛D题常见参考代码【数学建模老哥】\基于BFS广度优先搜索算法代码【数学建模老哥】\BFS.m,.m,1669,131dbe9185f6c73bb8b4687ac554e698,c6db29559f03872272b384de4da9281eb097d24c,1561,
2026数学建模核心资料\美赛按题目题型分类常用算法代码程序包！\美赛照题目分类程序包【数学建模老哥】\美赛D题常见参考代码【数学建模老哥】\基于Busacker-Gowan迭代算法最小费用流代码【数学建模老哥】\BGf.m,.m,2320,6c8cc8611b9dc7255f75f3631454d8c7,9942116962691f09cfbd85f8849541fc2eb2e084,2042,
2026数学建模核心资料\美赛按题目题型分类常用算法代码程序包！\美赛照题目分类程序包【数学建模老哥】\美赛D题常见参考代码【数学建模老哥】\基于全染色算法的图优化代码【数学建模老哥】\graphcodf.m,.m,1924,4ace8d0d40f911a2517d8d9521b38b32,485b100f9e45c431ab0bc58fa644b01cac010c9f,1769,
2026数学建模核心资料\美赛按题目题型分类常用算法代码程序包！\美赛照题目分类程序包【数学建模老哥】\美赛D题常见参考代码【数学建模老哥】\复杂网络BA算法计算过程代码【数学建模老哥】\BA_net.m,.m,2080,d7311f0ad2e8b6e30321e5e1ba2061dc,63456286109a61697b78c32e1379a95056bcb9b9,1834,
2026数学建模核心资料\美赛按题目题型分类常用算法代码程序包！\美赛照题目分类程序包【数学建模老哥】\美赛D题常见参考代码【数学建模老哥】\复杂网络random graph算法程序【数学建模老哥】\randomgraph.m,.m,5464,72eb797a200cd24f11a48b84df38c501,95a9efb6f5303ce918ebc938f8a7f4cecd73ab2b,4784,
2026数学建模核心资料\美赛按题目题型分类常用算法代码程序包！\美赛照题目分类程序包【数学建模老哥】\美赛D题常见参考代码【数学建模老哥】\复杂网络中度分布优化算法程序【数学建模老哥】\Degree_Distribution.m,.m,948,07a925e55e407cbcee87080fc274fb83,10bbc5ebf567041dfb8298fa4a434d689be2a5ca,766,
2026数学建模核心资料\美赛按题目题型分类常用算法代码程序包！\美赛照题目分类程序包【数学建模老哥】\美赛D题常见参考代码【数学建模老哥】\复杂网络平均最短路径求解程序【数学建模老哥】\Aver_Path_Length.m,.m,916,82b7b21230cd1f73da5471d0f69c0a2f,fd29436fad9143eeaec820e1b4186c70839d7242,702,
2026数学建模核心资料\美赛按题目题型分类常用算法代码程序包！\美赛照题目分类程序包【数学建模老哥】\美赛D题常见参考代码【数学建模老哥】\复杂网络最近邻耦合网络程序【数学建模老哥】\NN_coupled_net.m,.m,1276,c2cc163ff9b883b54b0f57de82b4913d,dd7176d5f5c0696ca3cd2bad27ae88141c78ea1d,1087,
2026数学建模核心资料\美赛按题目题型分类常用算法代码程序包！\美赛照题目分类程序包【数学建模老哥】\美赛D题常见参考代码【数学建模老哥】\复杂网络的聚类系数算法代码【数学建模老哥】\Clustering_Coefficient.m,.m,921,07cfd4f476e4f6f55e0a8696c90c832f,33b94589893d301bf6da1c26e4dd4775a94fb77d,710,
2026数学建模核心资料\美赛按题目题型分类常用算法代码程序包！\美赛照题目分类程序包【数学建模老哥】\美赛D题常见参考代码【数学建模老哥】\复杂网络随机图算法程序【数学建模老哥】\suijitu.m,.m,2868,30eb7bf68a3d0b12c29e1e2677c635bb,8116652e501a8969e0d5ae727ad007f4e4fcca8c,2571,
2026数学建模核心资料\美赛按题目题型分类常用算法代码程序包！\美赛照题目分类程序包【数学建模老哥】\美赛D题常见参考代码【数学建模老哥】\无向图关联矩阵和邻接矩阵的相互转换算法代码【数学建模老哥】\incandadf.m,.m,872,77ef3933c0a58e36c017d2409fd9b3b1,2d0ca78e1e201a46322e8a519f09cfabc5562154,770,
2026数学建模核心资料\美赛按题目题型分类常用算法代码程序包！\美赛照题目分类程序包【数学建模老哥】\美赛D题常见参考代码【数学建模老哥】\最小生成树Kruskal算法代码【数学建模老哥】\Krusf.m,.m,1039,7644168969c24da9860759e8d36be86c,8f50577b328ec0df44a278451932b38476ec7536,937,
2026数学建模核心资料\美赛按题目题型分类常用算法代码程序包！\美赛照题目分类程序包【数学建模老哥】\美赛D题常见参考代码【数学建模老哥】\最小生成树Prim算法代码【数学建模老哥】\Primf.m,.m,1554,fd5f9b05d3d3e19505a2dac7bed5a8eb,bffd7beabae2b543b5bf3aaade2150c2d0d974f7,1521,
2026数学建模核心资料\美赛按题目题型分类常用算法代码程序包！\美赛照题目分类程序包【数学建模老哥】\美赛D题常见参考代码【数学建模老哥】\有向图关联矩阵和邻接矩阵的相互转换算法代码【数学建模老哥】\mattransf.m,.m,858,db47f64cf136872e1a64c10a7ef627c0,1e2b4f5b63b7bf9849659d9bf19dfd9edd84b564,750,
2026数学建模核心资料\美赛按题目题型分类常用算法代码程序包！\美赛照题目分类程序包【数学建模老哥】\美赛E题常见参考代码【数学建模老哥】\剪辑近邻法和压缩近邻法代码【数学建模老哥】\NNforCondense.m,.m,594,f2681eb4b611d79334d85c1b029d7d15,aa382a743d01910564c861878bbac87546a6d2e2,548,
2026数学建模核心资料\美赛按题目题型分类常用算法代码程序包！\美赛照题目分类程序包【数学建模老哥】\美赛E题常见参考代码【数学建模老哥】\单样本修正感知器算法代码【数学建模老哥】\SinglePerceptron.m,.m,1267,5923889927b892acf9c0bc913bbf59d2,bc7dfa1e7438054601ac071c787eb2746cf4f5c0,1180,
2026数学建模核心资料\美赛按题目题型分类常用算法代码程序包！\美赛照题目分类程序包【数学建模老哥】\美赛E题常见参考代码【数学建模老哥】\基于小波神经网络的短时交通流量时间序列预测程序【数学建模老哥】\d_mymorlet.m,.m,97,5de703e37082c5c852ebaf6dc4e4bf0e,2d712b81f9c7802bf090b391e1b6e931dc2f9978,97,
2026数学建模核心资料\美赛按题目题型分类常用算法代码程序包！\美赛照题目分类程序包【数学建模老哥】\美赛E题常见参考代码【数学建模老哥】\基于小波神经网络的短时交通流量时间序列预测程序【数学建模老哥】\mymorlet.m,.m,90,a02bab4ae9355d56b4974cc73db519dd,c19ffd11d3fdde635b8e45e898037d969c289f2a,75,
2026数学建模核心资料\美赛按题目题型分类常用算法代码程序包！\美赛照题目分类程序包【数学建模老哥】\美赛E题常见参考代码【数学建模老哥】\基于小波神经网络的短时交通流量时间序列预测程序【数学建模老哥】\traffic_flux.mat,.mat,1574,9b8b211ca188cd1828d08294d0d0be05,da39a3ee5e6b4b0d3255bfef95601890afd80709,0,UNSUPPORTED
2026数学建模核心资料\美赛按题目题型分类常用算法代码程序包！\美赛照题目分类程序包【数学建模老哥】\美赛E题常见参考代码【数学建模老哥】\基于小波神经网络的短时交通流量时间序列预测程序【数学建模老哥】\wavenn.m,.m,3398,7054d7efeae3bffcd31827cc8b3535a3,c3f4f4ca86e79ac14931ac26303bff8e9f7e5476,3237,
2026数学建模核心资料\美赛按题目题型分类常用算法代码程序包！\美赛照题目分类程序包【数学建模老哥】\美赛E题常见参考代码【数学建模老哥】\最小二乘法基本程序代码【数学建模老哥】\Widrow_Hoff.m,.m,1361,025a8b2f2b2c72319fb487d65276aa3a,adc05a5e0a9acbd916d3cba3eeefcaccf2e1a2ab,1285,
2026数学建模核心资料\美赛按题目题型分类常用算法代码程序包！\美赛照题目分类程序包【数学建模老哥】\美赛F题常见参考代码【数学建模老哥】\基于离散Hopfield神经网络的高校科研能力评价代码【数学建模老哥】\chapter10.m,.m,3369,5e9c9f52c82bf59757e588596d863175,9e212b377b25a89637867c726c7b6125e9f28b99,3084,
2026数学建模核心资料\美赛按题目题型分类常用算法代码程序包！\美赛照题目分类程序包【数学建模老哥】\美赛F题常见参考代码【数学建模老哥】\基于离散Hopfield神经网络的高校科研能力评价代码【数学建模老哥】\class.mat,.mat,443,494f4b6d0218cf46bc02bac25aedf9d1,da39a3ee5e6b4b0d3255bfef95601890afd80709,0,UNSUPPORTED
2026数学建模核心资料\美赛按题目题型分类常用算法代码程序包！\美赛照题目分类程序包【数学建模老哥】\美赛F题常见参考代码【数学建模老哥】\基于离散Hopfield神经网络的高校科研能力评价代码【数学建模老哥】\sim.mat,.mat,465,5f4ff27c830daa4edb10e7646665a095,da39a3ee5e6b4b0d3255bfef95601890afd80709,0,UNSUPPORTED
2026数学建模核心资料\美赛按题目题型分类常用算法代码程序包！\美赛照题目分类程序包【数学建模老哥】\美赛F题常见参考代码【数学建模老哥】\基于离散Hopfield神经网络的高校科研能力评价代码【数学建模老哥】\stdlib.m,.m,2235,2b8fa2558db964b29f084e4a14c9e74a,2f966f66805d765bc820b6913417ad1b12a19374,1958,
2026数学建模核心资料\美赛按题目题型分类常用算法代码程序包！\美赛照题目分类程序包【数学建模老哥】\美赛F题常见参考代码【数学建模老哥】\基于离散Hopfield神经网络的高校科研能力评价代码【数学建模老哥】\test.m,.m,2775,17ad6e7b3d68e8e890ba59e1fcd3e8e0,f3a9d4919bc07b7b3d8554258d036aeb0a2b06c0,2494,
2026数学建模核心资料\美赛按题目题型分类常用算法代码程序包！\美赛照题目分类程序包【数学建模老哥】\美赛F题常见参考代码【数学建模老哥】\基于粒子群算法的寻优算法-非线性函数极值寻优【数学建模老哥】\fun.m,.m,281,2e7ce15f548886488d824bfe74ccf211,0f98737aee1d4a0adabb2afeed151645ca9099fd,259,
2026数学建模核心资料\美赛按题目题型分类常用算法代码程序包！\美赛照题目分类程序包【数学建模老哥】\美赛F题常见参考代码【数学建模老哥】\基于粒子群算法的寻优算法-非线性函数极值寻优【数学建模老哥】\PSO.m,.m,1695,12e7cbaa6c74aeab66e23c4201007f7d,1c4055d423d6b89cf732c6a2e23b3a4eaf07a78e,1550,
2026数学建模核心资料\美赛按题目题型分类常用算法代码程序包！\美赛照题目分类程序包【数学建模老哥】\美赛F题常见参考代码【数学建模老哥】\基于粒子群算法的寻优算法-非线性函数极值寻优【数学建模老哥】\PSOMutation.m,.m,1774,593d08099cfcde1cbd4b430b1cfd9d71,a024ca55a33d8e64d6510f97439577ae59305d95,1629,
2026数学建模核心资料\美赛按题目题型分类常用算法代码程序包！\美赛照题目分类程序包【数学建模老哥】\美赛F题常见参考代码【数学建模老哥】\基于连续Hopfield神经网络的旅行商问题优化计算程序【数学建模老哥】\city_location.mat,.mat,232,5ee6d061178ef92c4a027cd1146cffef,da39a3ee5e6b4b0d3255bfef95601890afd80709,0,UNSUPPORTED
2026数学建模核心资料\美赛按题目题型分类常用算法代码程序包！\美赛照题目分类程序包【数学建模老哥】\美赛F题常见参考代码【数学建模老哥】\基于连续Hopfield神经网络的旅行商问题优化计算程序【数学建模老哥】\diff_u.m,.m,217,7f9058403e6d402168ee67d4a169cba9,fc51488eb6238af32ac5596402e80417648e68a6,215,
2026数学建模核心资料\美赛按题目题型分类常用算法代码程序包！\美赛照题目分类程序包【数学建模老哥】\美赛F题常见参考代码【数学建模老哥】\基于连续Hopfield神经网络的旅行商问题优化计算程序【数学建模老哥】\energy.m,.m,247,ea675409bcaea0af002665ad6392bb27,21869d07e75b5bf32595828f36648e61e686e80d,241,
2026数学建模核心资料\美赛按题目题型分类常用算法代码程序包！\美赛照题目分类程序包【数学建模老哥】\美赛F题常见参考代码【数学建模老哥】\基于连续Hopfield神经网络的旅行商问题优化计算程序【数学建模老哥】\main.m,.m,5152,f841fd22351b070b241d9c51203b8074,ad60567f5789b784a6a6d2457687aa6cb0e5b162,4697,
2026数学建模核心资料\美赛按题目题型分类常用算法代码程序包！\预测与预报类题型参考代码【数学建模老哥】\基于AR预测模型的未来油价预测代码\08582053AR\AR.m,.m,16071,d65eb7fbf8e0949de766f8b1beffed60,2fb4c0008b4747a0f6d81f14d8604e4bea5acef7,15265,
2026数学建模核心资料\美赛按题目题型分类常用算法代码程序包！\预测与预报类题型参考代码【数学建模老哥】\基于BP_Adaboost算法的公司财务预警建模代码\Bp_Ada_Fore.m,.m,1833,232f028332d5024589fe2725fb7744dc,518c2978d0070073b640b502fc5aefcf6455dea6,1710,
2026数学建模核心资料\美赛按题目题型分类常用算法代码程序包！\预测与预报类题型参考代码【数学建模老哥】\基于BP_Adaboost算法的公司财务预警建模代码\Bp_Ada_Sort.m,.m,2289,d0fc343f8dcd8be5a101ac4b9424d0f8,1e3e6e506b13579a5dc5bb3709f439e0cd6b92b2,2126,
2026数学建模核心资料\美赛按题目题型分类常用算法代码程序包！\预测与预报类题型参考代码【数学建模老哥】\基于BP_Adaboost算法的公司财务预警建模代码\data.mat,.mat,11820,7f7e4b341dd45e639c1c84683fb68740,da39a3ee5e6b4b0d3255bfef95601890afd80709,0,UNSUPPORTED
2026数学建模核心资料\美赛按题目题型分类常用算法代码程序包！\预测与预报类题型参考代码【数学建模老哥】\基于BP_Adaboost算法的公司财务预警建模代码\data1.mat,.mat,46394,330f6aca2a41a821775f65b3f25342e0,da39a3ee5e6b4b0d3255bfef95601890afd80709,0,UNSUPPORTED
2026数学建模核心资料\美赛按题目题型分类常用算法代码程序包！\预测与预报类题型参考代码【数学建模老哥】\基于SVM神经网络的上证开盘指数预测回归预测分析代码\chapter14.m,.m,7233,d6587b2c232d1a0c4c361abcd8fda316,27f981459f0644d53b8f72a332630cb4d6b5a616,6521,
2026数学建模核心资料\美赛按题目题型分类常用算法代码程序包！\预测与预报类题型参考代码【数学建模老哥】\基于SVM神经网络的上证开盘指数预测回归预测分析代码\chapter14_sh.mat,.mat,219976,4049e19a79f7332c287447f715d95643,da39a3ee5e6b4b0d3255bfef95601890afd80709,0,UNSUPPORTED
2026数学建模核心资料\美赛按题目题型分类常用算法代码程序包！\预测与预报类题型参考代码【数学建模老哥】\基于单层竞争神经网络的患者癌症发病预测代码\chapter16.m,.m,2966,705c5bb87a9124e2e8e72ae2c705c41e,1461b8c576f77cc322d5059963b5c5ce34013415,2433,
2026数学建模核心资料\美赛按题目题型分类常用算法代码程序包！\预测与预报类题型参考代码【数学建模老哥】\基于单层竞争神经网络的患者癌症发病预测代码\gene.mat,.mat,23895,ea1f6a687b0ef3f05d4d1570922b938f,da39a3ee5e6b4b0d3255bfef95601890afd80709,0,UNSUPPORTED
2026数学建模核心资料\美赛按题目题型分类常用算法代码程序包！\预测与预报类题型参考代码【数学建模老哥】\基于广义回归神经网络货运量预测代码\best.mat,.mat,1228,57e67ba017b48fd98035c8581fe154b0,da39a3ee5e6b4b0d3255bfef95601890afd80709,0,UNSUPPORTED
2026数学建模核心资料\美赛按题目题型分类常用算法代码程序包！\预测与预报类题型参考代码【数学建模老哥】\基于广义回归神经网络货运量预测代码\chapter8.1.m,.m,4134,d1f5e91181abb60c7770f487ba99bdb0,ed3cbfa8bf3b162027199ea4c28d861aaa114e7f,3769,
2026数学建模核心资料\美赛按题目题型分类常用算法代码程序包！\预测与预报类题型参考代码【数学建模老哥】\基于广义回归神经网络货运量预测代码\data.mat,.mat,815,b420eee273aeac03c49d174cc6ced88f,da39a3ee5e6b4b0d3255bfef95601890afd80709,0,UNSUPPORTED
2026数学建模核心资料\美赛按题目题型分类常用算法代码程序包！\预测与预报类题型参考代码【数学建模老哥】\基于灰色神经网络的订单需求预测代码\data.mat,.mat,1504,351d72fb91e5a06d85192ada480f3142,da39a3ee5e6b4b0d3255bfef95601890afd80709,0,UNSUPPORTED
2026数学建模核心资料\美赛按题目题型分类常用算法代码程序包！\预测与预报类题型参考代码【数学建模老哥】\基于灰色神经网络的订单需求预测代码\Greynet.m,.m,3151,8dce98866d1370525364a61ae9dda70c,b02439305b5ef910ea455573666b803af91052e2,2952,
2026数学建模核心资料\美赛按题目题型分类常用算法代码程序包！\预测与预报类题型参考代码【数学建模老哥】\小波神经网络的时间序列预测代码\chapter32\wavenn.m,.m,5472,3f67fac181b040055043943609c5c67c,16f99bca143339b88c0de6ce19fbaf9b36acf7f5,5085,
2026数学建模核心资料\美赛按题目题型分类常用算法代码程序包！\预测与预报类题型参考代码【数学建模老哥】\微粒群算法结合灰色系统理论进行预测\huise.m,.m,1341,bf3153e85e5b7ce3e1af162f9f444b89,acffcec6a828e15b576a6713859c3e94ba13144a,1274,
2026数学建模核心资料\美赛按题目题型分类常用算法代码程序包！\预测与预报类题型参考代码【数学建模老哥】\微粒群算法结合灰色系统理论进行预测\hundun.m,.m,331,399effbd13b92dc10ae87d748af820ed,1f857c1a3e65389a816e6012fcfd4267af89fa78,331,
2026数学建模核心资料\美赛按题目题型分类常用算法代码程序包！\预测与预报类题型参考代码【数学建模老哥】\微粒群算法结合灰色系统理论进行预测\main.m,.m,1927,930d0d3094a9138d0c14e9c4124f7adb,267c252786dc14ce92701e2aa8898012b737f4df,1787,
2026数学建模核心资料\美赛按题目题型分类常用算法代码程序包！\预测与预报类题型参考代码【数学建模老哥】\微粒群算法结合灰色系统理论进行预测\minf.m,.m,150,14ecc5ea048799a5e462f2e535dea1c2,4c430eb2953d87f9865508b9ce17ea754626f983,150,
2026数学建模核心资料\美赛按题目题型分类常用算法代码程序包！\预测与预报类题型参考代码【数学建模老哥】\微粒群算法结合灰色系统理论进行预测\plotljz.m,.m,176,31e04c651e06b6894b649cfe4993b0b0,e672c78da723ffcd42e14916f2b1a64b662fc304,168,
2026数学建模核心资料\美赛按题目题型分类常用算法代码程序包！\预测与预报类题型参考代码【数学建模老哥】\混沌时间序列的RBF神经网络预测代码\Prediction_RBF\Contents.m,.m,49,494a045ab2a0dc545e836b50cd9d4009,14ab94509f2f7df65d435ca7909b6ef424c9e301,28,
2026数学建模核心资料\美赛按题目题型分类常用算法代码程序包！\预测与预报类题型参考代码【数学建模老哥】\混沌时间序列的RBF神经网络预测代码\Prediction_RBF\Main_RBF.m,.m,1939,94873b8c2652be052db6f85956c991fd,043a820daa2ba9de2dbfba860d34f714e0169754,1751,
2026数学建模核心资料\美赛按题目题型分类常用算法代码程序包！\预测与预报类题型参考代码【数学建模老哥】\混沌时间序列的RBF神经网络预测代码\Prediction_RBF\Main_RBF_MultiStepPred.m,.m,2164,49599bab43cc6a05ec9c3abd41ab4d3b,a12a9321721d5bee982ee10d3ab2ad6965e667e7,1979,
2026数学建模核心资料\美赛按题目题型分类常用算法代码程序包！\预测与预报类题型参考代码【数学建模老哥】\离散灰色预测模型和AR预测模型的组合预测\灰色.m,.m,1199,4203072fd27efbce599e6325a88cb692,8ba0b2a19cb2582f9ed1019cc386a117b7699ffa,1164,
