group,kind,keep,path,dup_with
CROSS,CROSS,b1,2026国赛AI助攻资料合集\2026国赛各类AI实用工具和提示词汇总！\2026国赛国奖级论文AI自动优化升级提示词.docx,2026国赛各类AI实用工具和提示词汇总！\2026国赛国奖级论文AI自动优化升级提示词.docx
CROSS,CROSS,b1,2026国赛AI助攻资料合集\2026国赛各类AI实用工具和提示词汇总！\2026国赛超精美图表AI自动优化升级提示词.docx,2026国赛各类AI实用工具和提示词汇总！\2026国赛超精美图表AI自动优化升级提示词.docx
CROSS,CROSS,b1,2026国赛AI助攻资料合集\2026国赛各类AI实用工具和提示词汇总！\2026数学建模国赛AI全自动自查表（标准版）.docx,2026数学建模国赛AI全自动自查表（标准版）.docx
CROSS,CROSS,b1,2026国赛AI助攻资料合集\2026国赛各类AI实用工具和提示词汇总！\数学建模论文AI模型适配性检查提示词！（已修改）.docx,2026国赛各类AI实用工具和提示词汇总！\数学建模论文AI模型适配性检查提示词！（已修改）.docx
CROSS,CROSS,b1,2026国赛AI助攻资料合集\2026国赛各类AI实用工具和提示词汇总！\数学建模论文全维度自查与获奖预测提示词！（标准版）.docx,数学建模论文全维度自查与获奖预测提示词！（标准版）.docx
CROSS,CROSS,b1,2026国赛AI助攻资料合集\2026国赛各类AI实用工具和提示词汇总！\2026数学建模国赛AI全自动自查表（标准版）\2026数学建模国赛AI全自动自查表（标准版）.docx,2026数学建模国赛AI全自动自查表（标准版）.docx
CROSS,CROSS,b1,2026国赛AI助攻资料合集\2026国赛各类AI实用工具和提示词汇总！\国奖级AI升级+精美图表AI升级提示词！\2026国赛国奖级论文AI自动优化升级提示词.docx,2026国赛各类AI实用工具和提示词汇总！\2026国赛国奖级论文AI自动优化升级提示词.docx
CROSS,CROSS,b1,2026国赛AI助攻资料合集\2026国赛各类AI实用工具和提示词汇总！\国奖级AI升级+精美图表AI升级提示词！\2026国赛超精美图表AI自动优化升级提示词.docx,2026国赛各类AI实用工具和提示词汇总！\2026国赛超精美图表AI自动优化升级提示词.docx
CROSS,CROSS,b1,2026国赛AI助攻资料合集\2026数学建模国赛AI全自动自查表（标准版）\2026数学建模国赛AI全自动自查表（标准版）.docx,2026数学建模国赛AI全自动自查表（标准版）.docx
CROSS,CROSS,b1,2026国赛AI助攻资料合集\AI+数学建模提示词汇总！\2026数学建模国赛AI全自动自查表（标准版）.docx,2026数学建模国赛AI全自动自查表（标准版）.docx
CROSS,CROSS,b1,2026国赛AI助攻资料合集\国奖级AI升级+精美图表AI升级提示词！\2026国赛国奖级论文AI自动优化升级提示词.docx,2026国赛各类AI实用工具和提示词汇总！\2026国赛国奖级论文AI自动优化升级提示词.docx
CROSS,CROSS,b1,2026国赛AI助攻资料合集\国奖级AI升级+精美图表AI升级提示词！\2026国赛超精美图表AI自动优化升级提示词.docx,2026国赛各类AI实用工具和提示词汇总！\2026国赛超精美图表AI自动优化升级提示词.docx
CROSS,CROSS,b1,2026国赛AI助攻资料合集\数学建模国赛AI全流程解题与论文写作提示词！\01_数学建模国赛【赛题分析】万能提示词.docx,数学建模国赛AI全流程解题与论文写作提示词！\01_数学建模国赛【赛题分析】万能提示词.docx
CROSS,CROSS,b1,2026国赛AI助攻资料合集\数学建模国赛AI全流程解题与论文写作提示词！\02_数学建模国赛【数据预处理】万能提示词.docx,数学建模国赛AI全流程解题与论文写作提示词！\02_数学建模国赛【数据预处理】万能提示词.docx
CROSS,CROSS,b1,2026国赛AI助攻资料合集\数学建模国赛AI全流程解题与论文写作提示词！\03_数学建模国赛【问题求解】万能提示词.docx,数学建模国赛AI全流程解题与论文写作提示词！\03_数学建模国赛【问题求解】万能提示词.docx
CROSS,CROSS,b1,2026国赛AI助攻资料合集\数学建模国赛AI全流程解题与论文写作提示词！\04_数学建模国赛【模型检验】万能提示词.docx,数学建模国赛AI全流程解题与论文写作提示词！\04_数学建模国赛【模型检验】万能提示词.docx
CROSS,CROSS,b1,2026国赛AI助攻资料合集\数学建模国赛AI全流程解题与论文写作提示词！\05_数学建模国赛【论文写作】万能提示词.docx,数学建模国赛AI全流程解题与论文写作提示词！\05_数学建模国赛【论文写作】万能提示词.docx
CROSS,CROSS,b1,2026国赛AI助攻资料合集\数学建模国赛AI全流程解题与论文写作提示词！\06_数学建模国赛【图表美化】万能提示词.docx,数学建模国赛AI全流程解题与论文写作提示词！\06_数学建模国赛【图表美化】万能提示词.docx
CROSS,CROSS,b1,2026国赛AI助攻资料合集\数学建模国赛AI全流程解题与论文写作提示词！\AI图表美化！数学建模论文图表AI国奖级美化提示词.docx,数学建模论文图表AI国奖级美化提示词.docx
CROSS,CROSS,b1,2026国赛AI助攻资料合集\数学建模国赛AI全流程解题与论文写作提示词！\AI论文优化！数学建模国赛论文国奖级AI优化升级提示词.docx,数学建模国赛论文国奖级AI优化升级提示词.docx
CROSS,CROSS,b1,2026国赛AI助攻资料合集\数学建模国赛AI全流程解题与论文写作提示词！\数学建模国赛AI一键式全流程超级提示词.docx,数学建模国赛AI全流程解题与论文写作提示词！\数学建模国赛AI一键式全流程超级提示词.docx
CROSS,CROSS,b1,2026国赛AI助攻资料合集\数学建模国赛AI论文检测与获奖预测万能提示词！\AI模型检测！数学建模论文AI模型适配性检查提示词！.docx,2026国赛各类AI实用工具和提示词汇总！\数学建模论文AI模型适配性检查提示词！（已修改）.docx
CROSS,CROSS,b1,2026国赛AI助攻资料合集\数学建模国赛AI论文检测与获奖预测万能提示词！\AI痕迹检测！数学建模论文AI痕迹自动检测与诊断提示词.docx,AI论文痕迹自动检测与诊断提示词（V5.0版本）.docx
CROSS,CROSS,b1,2026国赛AI助攻资料合集\数学建模国赛AI论文检测与获奖预测万能提示词！\AI红线检测！2026数学建模国赛AI全自动自查表（标准版）.docx,2026数学建模国赛AI全自动自查表（标准版）.docx
CROSS,CROSS,b1,2026国赛AI助攻资料合集\数学建模国赛AI论文检测与获奖预测万能提示词！\AI论文检查与获奖预测！数学建模论文全维度自查与获奖预测提示词！（标准版）.docx,数学建模论文全维度自查与获奖预测提示词！（标准版）.docx
CROSS,CROSS,b1,2026国赛各类AI实用工具和提示词汇总！\2026国赛国奖级论文AI自动优化升级提示词.docx,2026国赛各类AI实用工具和提示词汇总！\2026国赛国奖级论文AI自动优化升级提示词.docx
CROSS,CROSS,b1,2026国赛各类AI实用工具和提示词汇总！\2026国赛超精美图表AI自动优化升级提示词.docx,2026国赛各类AI实用工具和提示词汇总！\2026国赛超精美图表AI自动优化升级提示词.docx
CROSS,CROSS,b1,2026国赛各类AI实用工具和提示词汇总！\2026数学建模国赛AI全自动自查表（标准版）.docx,2026数学建模国赛AI全自动自查表（标准版）.docx
CROSS,CROSS,b1,2026国赛各类AI实用工具和提示词汇总！\数学建模论文AI模型适配性检查提示词！（已修改）.docx,2026国赛各类AI实用工具和提示词汇总！\数学建模论文AI模型适配性检查提示词！（已修改）.docx
CROSS,CROSS,b1,2026国赛各类AI实用工具和提示词汇总！\数学建模论文全维度自查与获奖预测提示词！（标准版）.docx,数学建模论文全维度自查与获奖预测提示词！（标准版）.docx
CROSS,CROSS,b1,2026国赛各类AI实用工具和提示词汇总！\2026数学建模国赛AI全自动自查表（标准版）\2026数学建模国赛AI全自动自查表（标准版）.docx,2026数学建模国赛AI全自动自查表（标准版）.docx
CROSS,CROSS,b1,2026国赛各类AI实用工具和提示词汇总！\国奖级AI升级+精美图表AI升级提示词！\2026国赛国奖级论文AI自动优化升级提示词.docx,2026国赛各类AI实用工具和提示词汇总！\2026国赛国奖级论文AI自动优化升级提示词.docx
CROSS,CROSS,b1,2026国赛各类AI实用工具和提示词汇总！\国奖级AI升级+精美图表AI升级提示词！\2026国赛超精美图表AI自动优化升级提示词.docx,2026国赛各类AI实用工具和提示词汇总！\2026国赛超精美图表AI自动优化升级提示词.docx
CROSS,CROSS,b1,2026国赛论文写作模版\2026数学建模国赛AI全自动自查表（标准版）.docx,2026数学建模国赛AI全自动自查表（标准版）.docx
CROSS,CROSS,b1,2026国赛论文写作模版\最新版！2026数学建模国赛标准论文Word模板.doc,最新版！2026数学建模国赛标准论文Word模板(1).doc
CROSS,CROSS,b1,2026老哥！2026国赛最强备战资料！3天速成国奖配套资料！\最新版！2026数学建模国赛标准论文Word模板.doc,最新版！2026数学建模国赛标准论文Word模板(1).doc
CROSS,CROSS,b1,A157 2026数学建模国赛备战冲刺资料合集！\2026国赛国奖级论文AI自动优化升级提示词.docx,2026国赛各类AI实用工具和提示词汇总！\2026国赛国奖级论文AI自动优化升级提示词.docx
CROSS,CROSS,b1,A157 2026数学建模国赛备战冲刺资料合集！\2026国赛超精美图表AI自动优化升级提示词.docx,2026国赛各类AI实用工具和提示词汇总！\2026国赛超精美图表AI自动优化升级提示词.docx
CROSS,CROSS,b1,A157 2026数学建模国赛备战冲刺资料合集！\2026数学建模国赛AI全自动自查表（标准版）.docx,2026数学建模国赛AI全自动自查表（标准版）.docx
CROSS,CROSS,b1,A157 2026数学建模国赛备战冲刺资料合集！\数学建模论文AI模型适配性检查提示词！（已修改）.docx,2026国赛各类AI实用工具和提示词汇总！\数学建模论文AI模型适配性检查提示词！（已修改）.docx
CROSS,CROSS,b1,A157 2026数学建模国赛备战冲刺资料合集！\数学建模论文全维度自查与获奖预测提示词！（标准版）.docx,数学建模论文全维度自查与获奖预测提示词！（标准版）.docx
CROSS,CROSS,b1,A157 2026数学建模国赛备战冲刺资料合集！\最新版！2026数学建模国赛标准论文Word模板.doc,最新版！2026数学建模国赛标准论文Word模板(1).doc
CROSS,CROSS,b1,A157 2026数学建模国赛备战冲刺资料合集！\2026国赛各类AI实用工具和提示词汇总！\2026国赛国奖级论文AI自动优化升级提示词.docx,2026国赛各类AI实用工具和提示词汇总！\2026国赛国奖级论文AI自动优化升级提示词.docx
CROSS,CROSS,b1,A157 2026数学建模国赛备战冲刺资料合集！\2026国赛各类AI实用工具和提示词汇总！\2026国赛超精美图表AI自动优化升级提示词.docx,2026国赛各类AI实用工具和提示词汇总！\2026国赛超精美图表AI自动优化升级提示词.docx
CROSS,CROSS,b1,A157 2026数学建模国赛备战冲刺资料合集！\2026国赛各类AI实用工具和提示词汇总！\2026数学建模国赛AI全自动自查表（标准版）.docx,2026数学建模国赛AI全自动自查表（标准版）.docx
CROSS,CROSS,b1,A157 2026数学建模国赛备战冲刺资料合集！\2026国赛各类AI实用工具和提示词汇总！\数学建模论文AI模型适配性检查提示词！（已修改）.docx,2026国赛各类AI实用工具和提示词汇总！\数学建模论文AI模型适配性检查提示词！（已修改）.docx
CROSS,CROSS,b1,A157 2026数学建模国赛备战冲刺资料合集！\2026国赛各类AI实用工具和提示词汇总！\数学建模论文全维度自查与获奖预测提示词！（标准版）.docx,数学建模论文全维度自查与获奖预测提示词！（标准版）.docx
CROSS,CROSS,b1,A157 2026数学建模国赛备战冲刺资料合集！\2026国赛各类AI实用工具和提示词汇总！\2026数学建模国赛AI全自动自查表（标准版）\2026数学建模国赛AI全自动自查表（标准版）.docx,2026数学建模国赛AI全自动自查表（标准版）.docx
CROSS,CROSS,b1,A157 2026数学建模国赛备战冲刺资料合集！\2026国赛各类AI实用工具和提示词汇总！\国奖级AI升级+精美图表AI升级提示词！\2026国赛国奖级论文AI自动优化升级提示词.docx,2026国赛各类AI实用工具和提示词汇总！\2026国赛国奖级论文AI自动优化升级提示词.docx
CROSS,CROSS,b1,A157 2026数学建模国赛备战冲刺资料合集！\2026国赛各类AI实用工具和提示词汇总！\国奖级AI升级+精美图表AI升级提示词！\2026国赛超精美图表AI自动优化升级提示词.docx,2026国赛各类AI实用工具和提示词汇总！\2026国赛超精美图表AI自动优化升级提示词.docx
CROSS,CROSS,b1,A157 2026数学建模国赛备战冲刺资料合集！\2026国赛论文写作模版\2026数学建模国赛AI全自动自查表（标准版）.docx,2026数学建模国赛AI全自动自查表（标准版）.docx
CROSS,CROSS,b1,A157 2026数学建模国赛备战冲刺资料合集！\2026国赛论文写作模版\最新版！2026数学建模国赛标准论文Word模板.doc,最新版！2026数学建模国赛标准论文Word模板(1).doc
CROSS,CROSS,b1,A157 2026数学建模国赛备战冲刺资料合集！\2026国赛：AI工具使用详情说明写作模板！\AI 工具使用详情.docx,AI 工具使用详情.docx
CROSS,CROSS,b1,A157 2026数学建模国赛备战冲刺资料合集！\2026数学建模国赛AI全自动自查表（标准版）\2026数学建模国赛AI全自动自查表（标准版）.docx,2026数学建模国赛AI全自动自查表（标准版）.docx
CROSS,CROSS,b1,A157 2026数学建模国赛备战冲刺资料合集！\2026老哥！2026国赛最强备战资料！3天速成国奖配套资料！\最新版！2026数学建模国赛标准论文Word模板.doc,最新版！2026数学建模国赛标准论文Word模板(1).doc
CROSS,CROSS,b1,A157 2026数学建模国赛备战冲刺资料合集！\AI+数学建模提示词汇总！\2026数学建模国赛AI全自动自查表（标准版）.docx,2026数学建模国赛AI全自动自查表（标准版）.docx
CROSS,CROSS,b1,A157 2026数学建模国赛备战冲刺资料合集！\国奖级AI升级+精美图表AI升级提示词！\2026国赛国奖级论文AI自动优化升级提示词.docx,2026国赛各类AI实用工具和提示词汇总！\2026国赛国奖级论文AI自动优化升级提示词.docx
CROSS,CROSS,b1,A157 2026数学建模国赛备战冲刺资料合集！\国奖级AI升级+精美图表AI升级提示词！\2026国赛超精美图表AI自动优化升级提示词.docx,2026国赛各类AI实用工具和提示词汇总！\2026国赛超精美图表AI自动优化升级提示词.docx
CROSS,CROSS,b1,A157 2026数学建模国赛备战冲刺资料合集！\数学建模国赛AI专属助攻资料合集！\数学建模国赛AI全流程解题与论文写作提示词！\01_数学建模国赛【赛题分析】万能提示词.docx,数学建模国赛AI全流程解题与论文写作提示词！\01_数学建模国赛【赛题分析】万能提示词.docx
CROSS,CROSS,b1,A157 2026数学建模国赛备战冲刺资料合集！\数学建模国赛AI专属助攻资料合集！\数学建模国赛AI全流程解题与论文写作提示词！\02_数学建模国赛【数据预处理】万能提示词.docx,数学建模国赛AI全流程解题与论文写作提示词！\02_数学建模国赛【数据预处理】万能提示词.docx
CROSS,CROSS,b1,A157 2026数学建模国赛备战冲刺资料合集！\数学建模国赛AI专属助攻资料合集！\数学建模国赛AI全流程解题与论文写作提示词！\03_数学建模国赛【问题求解】万能提示词.docx,数学建模国赛AI全流程解题与论文写作提示词！\03_数学建模国赛【问题求解】万能提示词.docx
CROSS,CROSS,b1,A157 2026数学建模国赛备战冲刺资料合集！\数学建模国赛AI专属助攻资料合集！\数学建模国赛AI全流程解题与论文写作提示词！\04_数学建模国赛【模型检验】万能提示词.docx,数学建模国赛AI全流程解题与论文写作提示词！\04_数学建模国赛【模型检验】万能提示词.docx
CROSS,CROSS,b1,A157 2026数学建模国赛备战冲刺资料合集！\数学建模国赛AI专属助攻资料合集！\数学建模国赛AI全流程解题与论文写作提示词！\05_数学建模国赛【论文写作】万能提示词.docx,数学建模国赛AI全流程解题与论文写作提示词！\05_数学建模国赛【论文写作】万能提示词.docx
CROSS,CROSS,b1,A157 2026数学建模国赛备战冲刺资料合集！\数学建模国赛AI专属助攻资料合集！\数学建模国赛AI全流程解题与论文写作提示词！\06_数学建模国赛【图表美化】万能提示词.docx,数学建模国赛AI全流程解题与论文写作提示词！\06_数学建模国赛【图表美化】万能提示词.docx
CROSS,CROSS,b1,A157 2026数学建模国赛备战冲刺资料合集！\数学建模国赛AI专属助攻资料合集！\数学建模国赛AI全流程解题与论文写作提示词！\AI图表美化！数学建模论文图表AI国奖级美化提示词.docx,数学建模论文图表AI国奖级美化提示词.docx
CROSS,CROSS,b1,A157 2026数学建模国赛备战冲刺资料合集！\数学建模国赛AI专属助攻资料合集！\数学建模国赛AI全流程解题与论文写作提示词！\AI论文优化！数学建模国赛论文国奖级AI优化升级提示词.docx,数学建模国赛论文国奖级AI优化升级提示词.docx
CROSS,CROSS,b1,A157 2026数学建模国赛备战冲刺资料合集！\数学建模国赛AI专属助攻资料合集！\数学建模国赛AI全流程解题与论文写作提示词！\数学建模国赛AI一键式全流程超级提示词.docx,数学建模国赛AI全流程解题与论文写作提示词！\数学建模国赛AI一键式全流程超级提示词.docx
CROSS,CROSS,b1,A157 2026数学建模国赛备战冲刺资料合集！\数学建模国赛AI专属助攻资料合集！\数学建模国赛AI论文检测与获奖预测万能提示词！\AI模型检测！数学建模论文AI模型适配性检查提示词！.docx,2026国赛各类AI实用工具和提示词汇总！\数学建模论文AI模型适配性检查提示词！（已修改）.docx
CROSS,CROSS,b1,A157 2026数学建模国赛备战冲刺资料合集！\数学建模国赛AI专属助攻资料合集！\数学建模国赛AI论文检测与获奖预测万能提示词！\AI痕迹检测！数学建模论文AI痕迹自动检测与诊断提示词.docx,AI论文痕迹自动检测与诊断提示词（V5.0版本）.docx
CROSS,CROSS,b1,A157 2026数学建模国赛备战冲刺资料合集！\数学建模国赛AI专属助攻资料合集！\数学建模国赛AI论文检测与获奖预测万能提示词！\AI红线检测！2026数学建模国赛AI全自动自查表（标准版）.docx,2026数学建模国赛AI全自动自查表（标准版）.docx
CROSS,CROSS,b1,A157 2026数学建模国赛备战冲刺资料合集！\数学建模国赛AI专属助攻资料合集！\数学建模国赛AI论文检测与获奖预测万能提示词！\AI论文检查与获奖预测！数学建模论文全维度自查与获奖预测提示词！（标准版）.docx,数学建模论文全维度自查与获奖预测提示词！（标准版）.docx
1,INNER,dup,2026国赛AI助攻资料合集\2026国赛各类AI实用工具和提示词汇总！\2026国赛国奖级论文AI自动优化升级提示词.docx,2026国赛各类AI实用工具和提示词汇总！\2026国赛国奖级论文AI自动优化升级提示词.docx
1,INNER,dup,2026国赛AI助攻资料合集\2026国赛各类AI实用工具和提示词汇总！\国奖级AI升级+精美图表AI升级提示词！\2026国赛国奖级论文AI自动优化升级提示词.docx,2026国赛各类AI实用工具和提示词汇总！\2026国赛国奖级论文AI自动优化升级提示词.docx
1,INNER,dup,2026国赛AI助攻资料合集\国奖级AI升级+精美图表AI升级提示词！\2026国赛国奖级论文AI自动优化升级提示词.docx,2026国赛各类AI实用工具和提示词汇总！\2026国赛国奖级论文AI自动优化升级提示词.docx
1,INNER,keep,2026国赛各类AI实用工具和提示词汇总！\2026国赛国奖级论文AI自动优化升级提示词.docx,2026国赛各类AI实用工具和提示词汇总！\2026国赛国奖级论文AI自动优化升级提示词.docx
1,INNER,dup,2026国赛各类AI实用工具和提示词汇总！\国奖级AI升级+精美图表AI升级提示词！\2026国赛国奖级论文AI自动优化升级提示词.docx,2026国赛各类AI实用工具和提示词汇总！\2026国赛国奖级论文AI自动优化升级提示词.docx
1,INNER,dup,A157 2026数学建模国赛备战冲刺资料合集！\2026国赛国奖级论文AI自动优化升级提示词.docx,2026国赛各类AI实用工具和提示词汇总！\2026国赛国奖级论文AI自动优化升级提示词.docx
1,INNER,dup,A157 2026数学建模国赛备战冲刺资料合集！\2026国赛各类AI实用工具和提示词汇总！\2026国赛国奖级论文AI自动优化升级提示词.docx,2026国赛各类AI实用工具和提示词汇总！\2026国赛国奖级论文AI自动优化升级提示词.docx
1,INNER,dup,A157 2026数学建模国赛备战冲刺资料合集！\2026国赛各类AI实用工具和提示词汇总！\国奖级AI升级+精美图表AI升级提示词！\2026国赛国奖级论文AI自动优化升级提示词.docx,2026国赛各类AI实用工具和提示词汇总！\2026国赛国奖级论文AI自动优化升级提示词.docx
1,INNER,dup,A157 2026数学建模国赛备战冲刺资料合集！\国奖级AI升级+精美图表AI升级提示词！\2026国赛国奖级论文AI自动优化升级提示词.docx,2026国赛各类AI实用工具和提示词汇总！\2026国赛国奖级论文AI自动优化升级提示词.docx
2,INNER,dup,2026国赛AI助攻资料合集\2026国赛各类AI实用工具和提示词汇总！\2026国赛超精美图表AI自动优化升级提示词.docx,2026国赛各类AI实用工具和提示词汇总！\2026国赛超精美图表AI自动优化升级提示词.docx
2,INNER,dup,2026国赛AI助攻资料合集\2026国赛各类AI实用工具和提示词汇总！\国奖级AI升级+精美图表AI升级提示词！\2026国赛超精美图表AI自动优化升级提示词.docx,2026国赛各类AI实用工具和提示词汇总！\2026国赛超精美图表AI自动优化升级提示词.docx
2,INNER,dup,2026国赛AI助攻资料合集\国奖级AI升级+精美图表AI升级提示词！\2026国赛超精美图表AI自动优化升级提示词.docx,2026国赛各类AI实用工具和提示词汇总！\2026国赛超精美图表AI自动优化升级提示词.docx
2,INNER,keep,2026国赛各类AI实用工具和提示词汇总！\2026国赛超精美图表AI自动优化升级提示词.docx,2026国赛各类AI实用工具和提示词汇总！\2026国赛超精美图表AI自动优化升级提示词.docx
2,INNER,dup,2026国赛各类AI实用工具和提示词汇总！\国奖级AI升级+精美图表AI升级提示词！\2026国赛超精美图表AI自动优化升级提示词.docx,2026国赛各类AI实用工具和提示词汇总！\2026国赛超精美图表AI自动优化升级提示词.docx
2,INNER,dup,A157 2026数学建模国赛备战冲刺资料合集！\2026国赛超精美图表AI自动优化升级提示词.docx,2026国赛各类AI实用工具和提示词汇总！\2026国赛超精美图表AI自动优化升级提示词.docx
2,INNER,dup,A157 2026数学建模国赛备战冲刺资料合集！\2026国赛各类AI实用工具和提示词汇总！\2026国赛超精美图表AI自动优化升级提示词.docx,2026国赛各类AI实用工具和提示词汇总！\2026国赛超精美图表AI自动优化升级提示词.docx
2,INNER,dup,A157 2026数学建模国赛备战冲刺资料合集！\2026国赛各类AI实用工具和提示词汇总！\国奖级AI升级+精美图表AI升级提示词！\2026国赛超精美图表AI自动优化升级提示词.docx,2026国赛各类AI实用工具和提示词汇总！\2026国赛超精美图表AI自动优化升级提示词.docx
2,INNER,dup,A157 2026数学建模国赛备战冲刺资料合集！\国奖级AI升级+精美图表AI升级提示词！\2026国赛超精美图表AI自动优化升级提示词.docx,2026国赛各类AI实用工具和提示词汇总！\2026国赛超精美图表AI自动优化升级提示词.docx
3,INNER,dup,2026国赛AI助攻资料合集\2026国赛各类AI实用工具和提示词汇总！\2026数学建模国赛AI全自动自查表（标准版）.docx,2026国赛各类AI实用工具和提示词汇总！\2026数学建模国赛AI全自动自查表（标准版）.docx
3,INNER,dup,2026国赛AI助攻资料合集\2026国赛各类AI实用工具和提示词汇总！\2026数学建模国赛AI全自动自查表（标准版）\2026数学建模国赛AI全自动自查表（标准版）.docx,2026国赛各类AI实用工具和提示词汇总！\2026数学建模国赛AI全自动自查表（标准版）.docx
3,INNER,dup,2026国赛AI助攻资料合集\2026数学建模国赛AI全自动自查表（标准版）\2026数学建模国赛AI全自动自查表（标准版）.docx,2026国赛各类AI实用工具和提示词汇总！\2026数学建模国赛AI全自动自查表（标准版）.docx
3,INNER,dup,2026国赛AI助攻资料合集\AI+数学建模提示词汇总！\2026数学建模国赛AI全自动自查表（标准版）.docx,2026国赛各类AI实用工具和提示词汇总！\2026数学建模国赛AI全自动自查表（标准版）.docx
3,INNER,dup,2026国赛AI助攻资料合集\数学建模国赛AI论文检测与获奖预测万能提示词！\AI红线检测！2026数学建模国赛AI全自动自查表（标准版）.docx,2026国赛各类AI实用工具和提示词汇总！\2026数学建模国赛AI全自动自查表（标准版）.docx
3,INNER,keep,2026国赛各类AI实用工具和提示词汇总！\2026数学建模国赛AI全自动自查表（标准版）.docx,2026国赛各类AI实用工具和提示词汇总！\2026数学建模国赛AI全自动自查表（标准版）.docx
3,INNER,dup,2026国赛各类AI实用工具和提示词汇总！\2026数学建模国赛AI全自动自查表（标准版）\2026数学建模国赛AI全自动自查表（标准版）.docx,2026国赛各类AI实用工具和提示词汇总！\2026数学建模国赛AI全自动自查表（标准版）.docx
3,INNER,dup,2026国赛论文写作模版\2026数学建模国赛AI全自动自查表（标准版）.docx,2026国赛各类AI实用工具和提示词汇总！\2026数学建模国赛AI全自动自查表（标准版）.docx
3,INNER,dup,A157 2026数学建模国赛备战冲刺资料合集！\2026数学建模国赛AI全自动自查表（标准版）.docx,2026国赛各类AI实用工具和提示词汇总！\2026数学建模国赛AI全自动自查表（标准版）.docx
3,INNER,dup,A157 2026数学建模国赛备战冲刺资料合集！\2026国赛各类AI实用工具和提示词汇总！\2026数学建模国赛AI全自动自查表（标准版）.docx,2026国赛各类AI实用工具和提示词汇总！\2026数学建模国赛AI全自动自查表（标准版）.docx
3,INNER,dup,A157 2026数学建模国赛备战冲刺资料合集！\2026国赛各类AI实用工具和提示词汇总！\2026数学建模国赛AI全自动自查表（标准版）\2026数学建模国赛AI全自动自查表（标准版）.docx,2026国赛各类AI实用工具和提示词汇总！\2026数学建模国赛AI全自动自查表（标准版）.docx
3,INNER,dup,A157 2026数学建模国赛备战冲刺资料合集！\2026国赛论文写作模版\2026数学建模国赛AI全自动自查表（标准版）.docx,2026国赛各类AI实用工具和提示词汇总！\2026数学建模国赛AI全自动自查表（标准版）.docx
3,INNER,dup,A157 2026数学建模国赛备战冲刺资料合集！\2026数学建模国赛AI全自动自查表（标准版）\2026数学建模国赛AI全自动自查表（标准版）.docx,2026国赛各类AI实用工具和提示词汇总！\2026数学建模国赛AI全自动自查表（标准版）.docx
3,INNER,dup,A157 2026数学建模国赛备战冲刺资料合集！\AI+数学建模提示词汇总！\2026数学建模国赛AI全自动自查表（标准版）.docx,2026国赛各类AI实用工具和提示词汇总！\2026数学建模国赛AI全自动自查表（标准版）.docx
3,INNER,dup,A157 2026数学建模国赛备战冲刺资料合集！\数学建模国赛AI专属助攻资料合集！\数学建模国赛AI论文检测与获奖预测万能提示词！\AI红线检测！2026数学建模国赛AI全自动自查表（标准版）.docx,2026国赛各类AI实用工具和提示词汇总！\2026数学建模国赛AI全自动自查表（标准版）.docx
4,INNER,dup,2026国赛AI助攻资料合集\2026国赛各类AI实用工具和提示词汇总！\数学建模论文AI模型适配性检查提示词！（已修改）.docx,2026国赛各类AI实用工具和提示词汇总！\数学建模论文AI模型适配性检查提示词！（已修改）.docx
4,INNER,dup,2026国赛AI助攻资料合集\数学建模国赛AI论文检测与获奖预测万能提示词！\AI模型检测！数学建模论文AI模型适配性检查提示词！.docx,2026国赛各类AI实用工具和提示词汇总！\数学建模论文AI模型适配性检查提示词！（已修改）.docx
4,INNER,keep,2026国赛各类AI实用工具和提示词汇总！\数学建模论文AI模型适配性检查提示词！（已修改）.docx,2026国赛各类AI实用工具和提示词汇总！\数学建模论文AI模型适配性检查提示词！（已修改）.docx
4,INNER,dup,A157 2026数学建模国赛备战冲刺资料合集！\数学建模论文AI模型适配性检查提示词！（已修改）.docx,2026国赛各类AI实用工具和提示词汇总！\数学建模论文AI模型适配性检查提示词！（已修改）.docx
4,INNER,dup,A157 2026数学建模国赛备战冲刺资料合集！\2026国赛各类AI实用工具和提示词汇总！\数学建模论文AI模型适配性检查提示词！（已修改）.docx,2026国赛各类AI实用工具和提示词汇总！\数学建模论文AI模型适配性检查提示词！（已修改）.docx
4,INNER,dup,A157 2026数学建模国赛备战冲刺资料合集！\数学建模国赛AI专属助攻资料合集！\数学建模国赛AI论文检测与获奖预测万能提示词！\AI模型检测！数学建模论文AI模型适配性检查提示词！.docx,2026国赛各类AI实用工具和提示词汇总！\数学建模论文AI模型适配性检查提示词！（已修改）.docx
5,INNER,dup,2026国赛AI助攻资料合集\2026国赛各类AI实用工具和提示词汇总！\数学建模论文全维度自查与获奖预测提示词！（标准版）.docx,2026国赛各类AI实用工具和提示词汇总！\数学建模论文全维度自查与获奖预测提示词！（标准版）.docx
5,INNER,dup,2026国赛AI助攻资料合集\数学建模国赛AI论文检测与获奖预测万能提示词！\AI论文检查与获奖预测！数学建模论文全维度自查与获奖预测提示词！（标准版）.docx,2026国赛各类AI实用工具和提示词汇总！\数学建模论文全维度自查与获奖预测提示词！（标准版）.docx
5,INNER,keep,2026国赛各类AI实用工具和提示词汇总！\数学建模论文全维度自查与获奖预测提示词！（标准版）.docx,2026国赛各类AI实用工具和提示词汇总！\数学建模论文全维度自查与获奖预测提示词！（标准版）.docx
5,INNER,dup,A157 2026数学建模国赛备战冲刺资料合集！\数学建模论文全维度自查与获奖预测提示词！（标准版）.docx,2026国赛各类AI实用工具和提示词汇总！\数学建模论文全维度自查与获奖预测提示词！（标准版）.docx
5,INNER,dup,A157 2026数学建模国赛备战冲刺资料合集！\2026国赛各类AI实用工具和提示词汇总！\数学建模论文全维度自查与获奖预测提示词！（标准版）.docx,2026国赛各类AI实用工具和提示词汇总！\数学建模论文全维度自查与获奖预测提示词！（标准版）.docx
5,INNER,dup,A157 2026数学建模国赛备战冲刺资料合集！\数学建模国赛AI专属助攻资料合集！\数学建模国赛AI论文检测与获奖预测万能提示词！\AI论文检查与获奖预测！数学建模论文全维度自查与获奖预测提示词！（标准版）.docx,2026国赛各类AI实用工具和提示词汇总！\数学建模论文全维度自查与获奖预测提示词！（标准版）.docx
6,INNER,keep,2026国赛AI助攻资料合集\AI+数学建模提示词汇总！\数学建模论文撰写AI提示词.docx,2026国赛AI助攻资料合集\AI+数学建模提示词汇总！\数学建模论文撰写AI提示词.docx
6,INNER,dup,2026数学建模核心资料\AI+数学建模提示词汇总！\数学建模论文撰写AI提示词(1).docx,2026国赛AI助攻资料合集\AI+数学建模提示词汇总！\数学建模论文撰写AI提示词.docx
6,INNER,dup,2026数学建模核心资料\AI+数学建模提示词汇总！\数学建模论文撰写AI提示词.docx,2026国赛AI助攻资料合集\AI+数学建模提示词汇总！\数学建模论文撰写AI提示词.docx
6,INNER,dup,A157 2026数学建模国赛备战冲刺资料合集！\AI+数学建模提示词汇总！\数学建模论文撰写AI提示词.docx,2026国赛AI助攻资料合集\AI+数学建模提示词汇总！\数学建模论文撰写AI提示词.docx
7,INNER,keep,2026国赛AI助攻资料合集\AI+数学建模提示词汇总！\数学建模问题求解AI提示词.docx,2026国赛AI助攻资料合集\AI+数学建模提示词汇总！\数学建模问题求解AI提示词.docx
7,INNER,dup,2026数学建模核心资料\AI+数学建模提示词汇总！\数学建模问题求解AI提示词(1).docx,2026国赛AI助攻资料合集\AI+数学建模提示词汇总！\数学建模问题求解AI提示词.docx
7,INNER,dup,2026数学建模核心资料\AI+数学建模提示词汇总！\数学建模问题求解AI提示词.docx,2026国赛AI助攻资料合集\AI+数学建模提示词汇总！\数学建模问题求解AI提示词.docx
7,INNER,dup,A157 2026数学建模国赛备战冲刺资料合集！\AI+数学建模提示词汇总！\数学建模问题求解AI提示词.docx,2026国赛AI助攻资料合集\AI+数学建模提示词汇总！\数学建模问题求解AI提示词.docx
8,INNER,keep,2026国赛AI助攻资料合集\AI+数学建模提示词汇总！\（最新版）AI+数学建模万能建模求解提示词.docx,2026国赛AI助攻资料合集\AI+数学建模提示词汇总！\（最新版）AI+数学建模万能建模求解提示词.docx
8,INNER,dup,A157 2026数学建模国赛备战冲刺资料合集！\AI+数学建模提示词汇总！\（最新版）AI+数学建模万能建模求解提示词.docx,2026国赛AI助攻资料合集\AI+数学建模提示词汇总！\（最新版）AI+数学建模万能建模求解提示词.docx
9,INNER,keep,2026国赛AI助攻资料合集\数学建模国赛AI全流程解题与论文写作提示词！\01_数学建模国赛【赛题分析】万能提示词.docx,2026国赛AI助攻资料合集\数学建模国赛AI全流程解题与论文写作提示词！\01_数学建模国赛【赛题分析】万能提示词.docx
9,INNER,dup,A157 2026数学建模国赛备战冲刺资料合集！\数学建模国赛AI专属助攻资料合集！\数学建模国赛AI全流程解题与论文写作提示词！\01_数学建模国赛【赛题分析】万能提示词.docx,2026国赛AI助攻资料合集\数学建模国赛AI全流程解题与论文写作提示词！\01_数学建模国赛【赛题分析】万能提示词.docx
10,INNER,keep,2026国赛AI助攻资料合集\数学建模国赛AI全流程解题与论文写作提示词！\02_数学建模国赛【数据预处理】万能提示词.docx,2026国赛AI助攻资料合集\数学建模国赛AI全流程解题与论文写作提示词！\02_数学建模国赛【数据预处理】万能提示词.docx
10,INNER,dup,A157 2026数学建模国赛备战冲刺资料合集！\数学建模国赛AI专属助攻资料合集！\数学建模国赛AI全流程解题与论文写作提示词！\02_数学建模国赛【数据预处理】万能提示词.docx,2026国赛AI助攻资料合集\数学建模国赛AI全流程解题与论文写作提示词！\02_数学建模国赛【数据预处理】万能提示词.docx
11,INNER,keep,2026国赛AI助攻资料合集\数学建模国赛AI全流程解题与论文写作提示词！\03_数学建模国赛【问题求解】万能提示词.docx,2026国赛AI助攻资料合集\数学建模国赛AI全流程解题与论文写作提示词！\03_数学建模国赛【问题求解】万能提示词.docx
11,INNER,dup,A157 2026数学建模国赛备战冲刺资料合集！\数学建模国赛AI专属助攻资料合集！\数学建模国赛AI全流程解题与论文写作提示词！\03_数学建模国赛【问题求解】万能提示词.docx,2026国赛AI助攻资料合集\数学建模国赛AI全流程解题与论文写作提示词！\03_数学建模国赛【问题求解】万能提示词.docx
12,INNER,keep,2026国赛AI助攻资料合集\数学建模国赛AI全流程解题与论文写作提示词！\04_数学建模国赛【模型检验】万能提示词.docx,2026国赛AI助攻资料合集\数学建模国赛AI全流程解题与论文写作提示词！\04_数学建模国赛【模型检验】万能提示词.docx
12,INNER,dup,A157 2026数学建模国赛备战冲刺资料合集！\数学建模国赛AI专属助攻资料合集！\数学建模国赛AI全流程解题与论文写作提示词！\04_数学建模国赛【模型检验】万能提示词.docx,2026国赛AI助攻资料合集\数学建模国赛AI全流程解题与论文写作提示词！\04_数学建模国赛【模型检验】万能提示词.docx
13,INNER,keep,2026国赛AI助攻资料合集\数学建模国赛AI全流程解题与论文写作提示词！\05_数学建模国赛【论文写作】万能提示词.docx,2026国赛AI助攻资料合集\数学建模国赛AI全流程解题与论文写作提示词！\05_数学建模国赛【论文写作】万能提示词.docx
13,INNER,dup,A157 2026数学建模国赛备战冲刺资料合集！\数学建模国赛AI专属助攻资料合集！\数学建模国赛AI全流程解题与论文写作提示词！\05_数学建模国赛【论文写作】万能提示词.docx,2026国赛AI助攻资料合集\数学建模国赛AI全流程解题与论文写作提示词！\05_数学建模国赛【论文写作】万能提示词.docx
14,INNER,keep,2026国赛AI助攻资料合集\数学建模国赛AI全流程解题与论文写作提示词！\06_数学建模国赛【图表美化】万能提示词.docx,2026国赛AI助攻资料合集\数学建模国赛AI全流程解题与论文写作提示词！\06_数学建模国赛【图表美化】万能提示词.docx
14,INNER,dup,A157 2026数学建模国赛备战冲刺资料合集！\数学建模国赛AI专属助攻资料合集！\数学建模国赛AI全流程解题与论文写作提示词！\06_数学建模国赛【图表美化】万能提示词.docx,2026国赛AI助攻资料合集\数学建模国赛AI全流程解题与论文写作提示词！\06_数学建模国赛【图表美化】万能提示词.docx
15,INNER,keep,2026国赛AI助攻资料合集\数学建模国赛AI全流程解题与论文写作提示词！\AI图表美化！数学建模论文图表AI国奖级美化提示词.docx,2026国赛AI助攻资料合集\数学建模国赛AI全流程解题与论文写作提示词！\AI图表美化！数学建模论文图表AI国奖级美化提示词.docx
15,INNER,dup,A157 2026数学建模国赛备战冲刺资料合集！\数学建模国赛AI专属助攻资料合集！\数学建模国赛AI全流程解题与论文写作提示词！\AI图表美化！数学建模论文图表AI国奖级美化提示词.docx,2026国赛AI助攻资料合集\数学建模国赛AI全流程解题与论文写作提示词！\AI图表美化！数学建模论文图表AI国奖级美化提示词.docx
16,INNER,keep,2026国赛AI助攻资料合集\数学建模国赛AI全流程解题与论文写作提示词！\AI论文优化！数学建模国赛论文国奖级AI优化升级提示词.docx,2026国赛AI助攻资料合集\数学建模国赛AI全流程解题与论文写作提示词！\AI论文优化！数学建模国赛论文国奖级AI优化升级提示词.docx
16,INNER,dup,A157 2026数学建模国赛备战冲刺资料合集！\数学建模国赛AI专属助攻资料合集！\数学建模国赛AI全流程解题与论文写作提示词！\AI论文优化！数学建模国赛论文国奖级AI优化升级提示词.docx,2026国赛AI助攻资料合集\数学建模国赛AI全流程解题与论文写作提示词！\AI论文优化！数学建模国赛论文国奖级AI优化升级提示词.docx
17,INNER,keep,2026国赛AI助攻资料合集\数学建模国赛AI全流程解题与论文写作提示词！\数学建模国赛AI一键式全流程超级提示词.docx,2026国赛AI助攻资料合集\数学建模国赛AI全流程解题与论文写作提示词！\数学建模国赛AI一键式全流程超级提示词.docx
17,INNER,dup,A157 2026数学建模国赛备战冲刺资料合集！\数学建模国赛AI专属助攻资料合集！\数学建模国赛AI全流程解题与论文写作提示词！\数学建模国赛AI一键式全流程超级提示词.docx,2026国赛AI助攻资料合集\数学建模国赛AI全流程解题与论文写作提示词！\数学建模国赛AI一键式全流程超级提示词.docx
18,INNER,keep,2026国赛AI助攻资料合集\数学建模国赛AI论文检测与获奖预测万能提示词！\AI痕迹检测！数学建模论文AI痕迹自动检测与诊断提示词.docx,2026国赛AI助攻资料合集\数学建模国赛AI论文检测与获奖预测万能提示词！\AI痕迹检测！数学建模论文AI痕迹自动检测与诊断提示词.docx
18,INNER,dup,A157 2026数学建模国赛备战冲刺资料合集！\数学建模国赛AI专属助攻资料合集！\数学建模国赛AI论文检测与获奖预测万能提示词！\AI痕迹检测！数学建模论文AI痕迹自动检测与诊断提示词.docx,2026国赛AI助攻资料合集\数学建模国赛AI论文检测与获奖预测万能提示词！\AI痕迹检测！数学建模论文AI痕迹自动检测与诊断提示词.docx
19,INNER,keep,2026国赛论文写作模版\最新版！2026数学建模国赛标准论文Word模板.doc,2026国赛论文写作模版\最新版！2026数学建模国赛标准论文Word模板.doc
19,INNER,dup,2026老哥！2026国赛最强备战资料！3天速成国奖配套资料！\最新版！2026数学建模国赛标准论文Word模板.doc,2026国赛论文写作模版\最新版！2026数学建模国赛标准论文Word模板.doc
19,INNER,dup,A157 2026数学建模国赛备战冲刺资料合集！\最新版！2026数学建模国赛标准论文Word模板.doc,2026国赛论文写作模版\最新版！2026数学建模国赛标准论文Word模板.doc
19,INNER,dup,A157 2026数学建模国赛备战冲刺资料合集！\2026国赛论文写作模版\最新版！2026数学建模国赛标准论文Word模板.doc,2026国赛论文写作模版\最新版！2026数学建模国赛标准论文Word模板.doc
19,INNER,dup,A157 2026数学建模国赛备战冲刺资料合集！\2026老哥！2026国赛最强备战资料！3天速成国奖配套资料！\最新版！2026数学建模国赛标准论文Word模板.doc,2026国赛论文写作模版\最新版！2026数学建模国赛标准论文Word模板.doc
20,INNER,keep,2026数学建模核心资料\数学建模国赛20个热门问题答疑资料仅供参考严禁抄袭(1).docx,2026数学建模核心资料\数学建模国赛20个热门问题答疑资料仅供参考严禁抄袭(1).docx
20,INNER,dup,2026数学建模核心资料\数学建模国赛20个热门问题答疑资料仅供参考严禁抄袭.docx,2026数学建模核心资料\数学建模国赛20个热门问题答疑资料仅供参考严禁抄袭(1).docx
21,INNER,keep,2026数学建模核心资料\2025国赛创新型算法+源代码汇总！\优化类创新型算法+源代码\1. 遗传算法（GA）+ 模拟退火（SA）组合模型案例题目+源代码(1).docx,2026数学建模核心资料\2025国赛创新型算法+源代码汇总！\优化类创新型算法+源代码\1. 遗传算法（GA）+ 模拟退火（SA）组合模型案例题目+源代码(1).docx
21,INNER,dup,2026数学建模核心资料\2025国赛创新型算法+源代码汇总！\优化类创新型算法+源代码\1. 遗传算法（GA）+ 模拟退火（SA）组合模型案例题目+源代码.docx,2026数学建模核心资料\2025国赛创新型算法+源代码汇总！\优化类创新型算法+源代码\1. 遗传算法（GA）+ 模拟退火（SA）组合模型案例题目+源代码(1).docx
22,INNER,keep,2026数学建模核心资料\2025国赛创新型算法+源代码汇总！\优化类创新型算法+源代码\10. 禁忌搜索（TS）+ 0-1 整数规划（IP）组合模型案例题目+源代码(1).docx,2026数学建模核心资料\2025国赛创新型算法+源代码汇总！\优化类创新型算法+源代码\10. 禁忌搜索（TS）+ 0-1 整数规划（IP）组合模型案例题目+源代码(1).docx
22,INNER,dup,2026数学建模核心资料\2025国赛创新型算法+源代码汇总！\优化类创新型算法+源代码\10. 禁忌搜索（TS）+ 0-1 整数规划（IP）组合模型案例题目+源代码.docx,2026数学建模核心资料\2025国赛创新型算法+源代码汇总！\优化类创新型算法+源代码\10. 禁忌搜索（TS）+ 0-1 整数规划（IP）组合模型案例题目+源代码(1).docx
23,INNER,keep,2026数学建模核心资料\2025国赛创新型算法+源代码汇总！\优化类创新型算法+源代码\11. 人工蜂群算法（ABC）+ 差分进化（DE）组合模型案例题目+源代码(1).docx,2026数学建模核心资料\2025国赛创新型算法+源代码汇总！\优化类创新型算法+源代码\11. 人工蜂群算法（ABC）+ 差分进化（DE）组合模型案例题目+源代码(1).docx
23,INNER,dup,2026数学建模核心资料\2025国赛创新型算法+源代码汇总！\优化类创新型算法+源代码\11. 人工蜂群算法（ABC）+ 差分进化（DE）组合模型案例题目+源代码.docx,2026数学建模核心资料\2025国赛创新型算法+源代码汇总！\优化类创新型算法+源代码\11. 人工蜂群算法（ABC）+ 差分进化（DE）组合模型案例题目+源代码(1).docx
24,INNER,keep,2026数学建模核心资料\2025国赛创新型算法+源代码汇总！\优化类创新型算法+源代码\12. 模糊神经网络（FNN）+ 粒子群优化（PSO）组合模型案例题目+源代码(1).docx,2026数学建模核心资料\2025国赛创新型算法+源代码汇总！\优化类创新型算法+源代码\12. 模糊神经网络（FNN）+ 粒子群优化（PSO）组合模型案例题目+源代码(1).docx
24,INNER,dup,2026数学建模核心资料\2025国赛创新型算法+源代码汇总！\优化类创新型算法+源代码\12. 模糊神经网络（FNN）+ 粒子群优化（PSO）组合模型案例题目+源代码.docx,2026数学建模核心资料\2025国赛创新型算法+源代码汇总！\优化类创新型算法+源代码\12. 模糊神经网络（FNN）+ 粒子群优化（PSO）组合模型案例题目+源代码(1).docx
25,INNER,keep,2026数学建模核心资料\2025国赛创新型算法+源代码汇总！\优化类创新型算法+源代码\13. 多目标粒子群优化（MOPSO）+ 熵权法（EWM）组合模型案例题目+源代码(1).docx,2026数学建模核心资料\2025国赛创新型算法+源代码汇总！\优化类创新型算法+源代码\13. 多目标粒子群优化（MOPSO）+ 熵权法（EWM）组合模型案例题目+源代码(1).docx
25,INNER,dup,2026数学建模核心资料\2025国赛创新型算法+源代码汇总！\优化类创新型算法+源代码\13. 多目标粒子群优化（MOPSO）+ 熵权法（EWM）组合模型案例题目+源代码.docx,2026数学建模核心资料\2025国赛创新型算法+源代码汇总！\优化类创新型算法+源代码\13. 多目标粒子群优化（MOPSO）+ 熵权法（EWM）组合模型案例题目+源代码(1).docx
26,INNER,keep,2026数学建模核心资料\2025国赛创新型算法+源代码汇总！\优化类创新型算法+源代码\14. 遗传算法（GA）+ 约束规划（CP）组合模型案例题目+源代码(1).docx,2026数学建模核心资料\2025国赛创新型算法+源代码汇总！\优化类创新型算法+源代码\14. 遗传算法（GA）+ 约束规划（CP）组合模型案例题目+源代码(1).docx
26,INNER,dup,2026数学建模核心资料\2025国赛创新型算法+源代码汇总！\优化类创新型算法+源代码\14. 遗传算法（GA）+ 约束规划（CP）组合模型案例题目+源代码.docx,2026数学建模核心资料\2025国赛创新型算法+源代码汇总！\优化类创新型算法+源代码\14. 遗传算法（GA）+ 约束规划（CP）组合模型案例题目+源代码(1).docx
27,INNER,keep,2026数学建模核心资料\2025国赛创新型算法+源代码汇总！\优化类创新型算法+源代码\15. 模拟退火（SA）+ 神经网络（NN）组合模型案例题目+源代码(1).docx,2026数学建模核心资料\2025国赛创新型算法+源代码汇总！\优化类创新型算法+源代码\15. 模拟退火（SA）+ 神经网络（NN）组合模型案例题目+源代码(1).docx
27,INNER,dup,2026数学建模核心资料\2025国赛创新型算法+源代码汇总！\优化类创新型算法+源代码\15. 模拟退火（SA）+ 神经网络（NN）组合模型案例题目+源代码.docx,2026数学建模核心资料\2025国赛创新型算法+源代码汇总！\优化类创新型算法+源代码\15. 模拟退火（SA）+ 神经网络（NN）组合模型案例题目+源代码(1).docx
28,INNER,keep,2026数学建模核心资料\2025国赛创新型算法+源代码汇总！\优化类创新型算法+源代码\2. 粒子群优化（PSO）+ 禁忌搜索（TS）组合模型案例题目+源代码(1).docx,2026数学建模核心资料\2025国赛创新型算法+源代码汇总！\优化类创新型算法+源代码\2. 粒子群优化（PSO）+ 禁忌搜索（TS）组合模型案例题目+源代码(1).docx
28,INNER,dup,2026数学建模核心资料\2025国赛创新型算法+源代码汇总！\优化类创新型算法+源代码\2. 粒子群优化（PSO）+ 禁忌搜索（TS）组合模型案例题目+源代码.docx,2026数学建模核心资料\2025国赛创新型算法+源代码汇总！\优化类创新型算法+源代码\2. 粒子群优化（PSO）+ 禁忌搜索（TS）组合模型案例题目+源代码(1).docx
29,INNER,keep,2026数学建模核心资料\2025国赛创新型算法+源代码汇总！\优化类创新型算法+源代码\3. 蚁群算法（ACO）+ 贪婪算法（Greedy）组合模型案例题目+源代码(1).docx,2026数学建模核心资料\2025国赛创新型算法+源代码汇总！\优化类创新型算法+源代码\3. 蚁群算法（ACO）+ 贪婪算法（Greedy）组合模型案例题目+源代码(1).docx
29,INNER,dup,2026数学建模核心资料\2025国赛创新型算法+源代码汇总！\优化类创新型算法+源代码\3. 蚁群算法（ACO）+ 贪婪算法（Greedy）组合模型案例题目+源代码.docx,2026数学建模核心资料\2025国赛创新型算法+源代码汇总！\优化类创新型算法+源代码\3. 蚁群算法（ACO）+ 贪婪算法（Greedy）组合模型案例题目+源代码(1).docx
30,INNER,keep,2026数学建模核心资料\2025国赛创新型算法+源代码汇总！\优化类创新型算法+源代码\4. 支持向量机（SVM）+ 遗传算法（GA）组合模型案例题目+源代码(1).docx,2026数学建模核心资料\2025国赛创新型算法+源代码汇总！\优化类创新型算法+源代码\4. 支持向量机（SVM）+ 遗传算法（GA）组合模型案例题目+源代码(1).docx
30,INNER,dup,2026数学建模核心资料\2025国赛创新型算法+源代码汇总！\优化类创新型算法+源代码\4. 支持向量机（SVM）+ 遗传算法（GA）组合模型案例题目+源代码.docx,2026数学建模核心资料\2025国赛创新型算法+源代码汇总！\优化类创新型算法+源代码\4. 支持向量机（SVM）+ 遗传算法（GA）组合模型案例题目+源代码(1).docx
31,INNER,keep,2026数学建模核心资料\2025国赛创新型算法+源代码汇总！\优化类创新型算法+源代码\5. 模糊逻辑（FL）+ 粒子群优化（PSO）组合模型案例题目+源代码(1).docx,2026数学建模核心资料\2025国赛创新型算法+源代码汇总！\优化类创新型算法+源代码\5. 模糊逻辑（FL）+ 粒子群优化（PSO）组合模型案例题目+源代码(1).docx
31,INNER,dup,2026数学建模核心资料\2025国赛创新型算法+源代码汇总！\优化类创新型算法+源代码\5. 模糊逻辑（FL）+ 粒子群优化（PSO）组合模型案例题目+源代码.docx,2026数学建模核心资料\2025国赛创新型算法+源代码汇总！\优化类创新型算法+源代码\5. 模糊逻辑（FL）+ 粒子群优化（PSO）组合模型案例题目+源代码(1).docx
32,INNER,keep,2026数学建模核心资料\2025国赛创新型算法+源代码汇总！\优化类创新型算法+源代码\6. 深度学习（DNN）+ 梯度下降（GD）组合模型案例题目+源代码(1).docx,2026数学建模核心资料\2025国赛创新型算法+源代码汇总！\优化类创新型算法+源代码\6. 深度学习（DNN）+ 梯度下降（GD）组合模型案例题目+源代码(1).docx
32,INNER,dup,2026数学建模核心资料\2025国赛创新型算法+源代码汇总！\优化类创新型算法+源代码\6. 深度学习（DNN）+ 梯度下降（GD）组合模型案例题目+源代码.docx,2026数学建模核心资料\2025国赛创新型算法+源代码汇总！\优化类创新型算法+源代码\6. 深度学习（DNN）+ 梯度下降（GD）组合模型案例题目+源代码(1).docx
33,INNER,keep,2026数学建模核心资料\2025国赛创新型算法+源代码汇总！\优化类创新型算法+源代码\7. 多目标遗传算法（MOGA）+ 层次分析法（AHP）组合模型案例题目+源代码(1).docx,2026数学建模核心资料\2025国赛创新型算法+源代码汇总！\优化类创新型算法+源代码\7. 多目标遗传算法（MOGA）+ 层次分析法（AHP）组合模型案例题目+源代码(1).docx
33,INNER,dup,2026数学建模核心资料\2025国赛创新型算法+源代码汇总！\优化类创新型算法+源代码\7. 多目标遗传算法（MOGA）+ 层次分析法（AHP）组合模型案例题目+源代码.docx,2026数学建模核心资料\2025国赛创新型算法+源代码汇总！\优化类创新型算法+源代码\7. 多目标遗传算法（MOGA）+ 层次分析法（AHP）组合模型案例题目+源代码(1).docx
34,INNER,keep,2026数学建模核心资料\2025国赛创新型算法+源代码汇总！\优化类创新型算法+源代码\8. 模拟退火（SA）+ 线性规划（LP）组合模型案例题目+源代码(1).docx,2026数学建模核心资料\2025国赛创新型算法+源代码汇总！\优化类创新型算法+源代码\8. 模拟退火（SA）+ 线性规划（LP）组合模型案例题目+源代码(1).docx
34,INNER,dup,2026数学建模核心资料\2025国赛创新型算法+源代码汇总！\优化类创新型算法+源代码\8. 模拟退火（SA）+ 线性规划（LP）组合模型案例题目+源代码.docx,2026数学建模核心资料\2025国赛创新型算法+源代码汇总！\优化类创新型算法+源代码\8. 模拟退火（SA）+ 线性规划（LP）组合模型案例题目+源代码(1).docx
35,INNER,keep,2026数学建模核心资料\2025国赛创新型算法+源代码汇总！\优化类创新型算法+源代码\9. 贝叶斯优化（BO）+ 随机森林（RF）组合模型案例题目+源代码(1).docx,2026数学建模核心资料\2025国赛创新型算法+源代码汇总！\优化类创新型算法+源代码\9. 贝叶斯优化（BO）+ 随机森林（RF）组合模型案例题目+源代码(1).docx
35,INNER,dup,2026数学建模核心资料\2025国赛创新型算法+源代码汇总！\优化类创新型算法+源代码\9. 贝叶斯优化（BO）+ 随机森林（RF）组合模型案例题目+源代码.docx,2026数学建模核心资料\2025国赛创新型算法+源代码汇总！\优化类创新型算法+源代码\9. 贝叶斯优化（BO）+ 随机森林（RF）组合模型案例题目+源代码(1).docx
36,INNER,keep,2026数学建模核心资料\2025国赛创新型算法+源代码汇总！\优化类创新型算法+源代码\【优化类】创新型算法汇总(1).docx,2026数学建模核心资料\2025国赛创新型算法+源代码汇总！\优化类创新型算法+源代码\【优化类】创新型算法汇总(1).docx
36,INNER,dup,2026数学建模核心资料\2025国赛创新型算法+源代码汇总！\优化类创新型算法+源代码\【优化类】创新型算法汇总.docx,2026数学建模核心资料\2025国赛创新型算法+源代码汇总！\优化类创新型算法+源代码\【优化类】创新型算法汇总(1).docx
37,INNER,keep,2026数学建模核心资料\2025国赛创新型算法+源代码汇总！\评价类创新型算法+源代码\1. AHP + 熵权法案例：社区养老服务中心供应商选择题目+源代码(1).docx,2026数学建模核心资料\2025国赛创新型算法+源代码汇总！\评价类创新型算法+源代码\1. AHP + 熵权法案例：社区养老服务中心供应商选择题目+源代码(1).docx
37,INNER,dup,2026数学建模核心资料\2025国赛创新型算法+源代码汇总！\评价类创新型算法+源代码\1. AHP + 熵权法案例：社区养老服务中心供应商选择题目+源代码.docx,2026数学建模核心资料\2025国赛创新型算法+源代码汇总！\评价类创新型算法+源代码\1. AHP + 熵权法案例：社区养老服务中心供应商选择题目+源代码(1).docx
38,INNER,keep,2026数学建模核心资料\2025国赛创新型算法+源代码汇总！\评价类创新型算法+源代码\10. 聚类分析 + 因子分析案例：城市宜居度分类题目+源代码(1).docx,2026数学建模核心资料\2025国赛创新型算法+源代码汇总！\评价类创新型算法+源代码\10. 聚类分析 + 因子分析案例：城市宜居度分类题目+源代码(1).docx
38,INNER,dup,2026数学建模核心资料\2025国赛创新型算法+源代码汇总！\评价类创新型算法+源代码\10. 聚类分析 + 因子分析案例：城市宜居度分类题目+源代码.docx,2026数学建模核心资料\2025国赛创新型算法+源代码汇总！\评价类创新型算法+源代码\10. 聚类分析 + 因子分析案例：城市宜居度分类题目+源代码(1).docx
39,INNER,keep,2026数学建模核心资料\2025国赛创新型算法+源代码汇总！\评价类创新型算法+源代码\11. 神经网络 + 遗传算法案例：化工反应参数优化题目+源代码(1).docx,2026数学建模核心资料\2025国赛创新型算法+源代码汇总！\评价类创新型算法+源代码\11. 神经网络 + 遗传算法案例：化工反应参数优化题目+源代码(1).docx
39,INNER,dup,2026数学建模核心资料\2025国赛创新型算法+源代码汇总！\评价类创新型算法+源代码\11. 神经网络 + 遗传算法案例：化工反应参数优化题目+源代码.docx,2026数学建模核心资料\2025国赛创新型算法+源代码汇总！\评价类创新型算法+源代码\11. 神经网络 + 遗传算法案例：化工反应参数优化题目+源代码(1).docx
40,INNER,keep,2026数学建模核心资料\2025国赛创新型算法+源代码汇总！\评价类创新型算法+源代码\12. SVM + 粒子群优化案例：医学影像病灶识别题目+源代码(1).docx,2026数学建模核心资料\2025国赛创新型算法+源代码汇总！\评价类创新型算法+源代码\12. SVM + 粒子群优化案例：医学影像病灶识别题目+源代码(1).docx
40,INNER,dup,2026数学建模核心资料\2025国赛创新型算法+源代码汇总！\评价类创新型算法+源代码\12. SVM + 粒子群优化案例：医学影像病灶识别题目+源代码.docx,2026数学建模核心资料\2025国赛创新型算法+源代码汇总！\评价类创新型算法+源代码\12. SVM + 粒子群优化案例：医学影像病灶识别题目+源代码(1).docx
41,INNER,keep,2026数学建模核心资料\2025国赛创新型算法+源代码汇总！\评价类创新型算法+源代码\13. 决策树 + 模糊逻辑案例：个人消费贷款审批题目+源代码(1).docx,2026数学建模核心资料\2025国赛创新型算法+源代码汇总！\评价类创新型算法+源代码\13. 决策树 + 模糊逻辑案例：个人消费贷款审批题目+源代码(1).docx
41,INNER,dup,2026数学建模核心资料\2025国赛创新型算法+源代码汇总！\评价类创新型算法+源代码\13. 决策树 + 模糊逻辑案例：个人消费贷款审批题目+源代码.docx,2026数学建模核心资料\2025国赛创新型算法+源代码汇总！\评价类创新型算法+源代码\13. 决策树 + 模糊逻辑案例：个人消费贷款审批题目+源代码(1).docx
42,INNER,keep,2026数学建模核心资料\2025国赛创新型算法+源代码汇总！\评价类创新型算法+源代码\14. XGBoost + PCA案例：用户流失风险预测题目+源代码(1).docx,2026数学建模核心资料\2025国赛创新型算法+源代码汇总！\评价类创新型算法+源代码\14. XGBoost + PCA案例：用户流失风险预测题目+源代码(1).docx
42,INNER,dup,2026数学建模核心资料\2025国赛创新型算法+源代码汇总！\评价类创新型算法+源代码\14. XGBoost + PCA案例：用户流失风险预测题目+源代码.docx,2026数学建模核心资料\2025国赛创新型算法+源代码汇总！\评价类创新型算法+源代码\14. XGBoost + PCA案例：用户流失风险预测题目+源代码(1).docx
43,INNER,keep,2026数学建模核心资料\2025国赛创新型算法+源代码汇总！\评价类创新型算法+源代码\15. 蒙特卡洛模拟 + 贝叶斯优化案例：投资组合配置题目+源代码(1).docx,2026数学建模核心资料\2025国赛创新型算法+源代码汇总！\评价类创新型算法+源代码\15. 蒙特卡洛模拟 + 贝叶斯优化案例：投资组合配置题目+源代码(1).docx
43,INNER,dup,2026数学建模核心资料\2025国赛创新型算法+源代码汇总！\评价类创新型算法+源代码\15. 蒙特卡洛模拟 + 贝叶斯优化案例：投资组合配置题目+源代码.docx,2026数学建模核心资料\2025国赛创新型算法+源代码汇总！\评价类创新型算法+源代码\15. 蒙特卡洛模拟 + 贝叶斯优化案例：投资组合配置题目+源代码(1).docx
44,INNER,keep,2026数学建模核心资料\2025国赛创新型算法+源代码汇总！\评价类创新型算法+源代码\2. TOPSIS + 灰色关联分析案例：乡村旅游项目开发决策题目+源代码(1).docx,2026数学建模核心资料\2025国赛创新型算法+源代码汇总！\评价类创新型算法+源代码\2. TOPSIS + 灰色关联分析案例：乡村旅游项目开发决策题目+源代码(1).docx
44,INNER,dup,2026数学建模核心资料\2025国赛创新型算法+源代码汇总！\评价类创新型算法+源代码\2. TOPSIS + 灰色关联分析案例：乡村旅游项目开发决策题目+源代码.docx,2026数学建模核心资料\2025国赛创新型算法+源代码汇总！\评价类创新型算法+源代码\2. TOPSIS + 灰色关联分析案例：乡村旅游项目开发决策题目+源代码(1).docx
45,INNER,keep,2026数学建模核心资料\2025国赛创新型算法+源代码汇总！\评价类创新型算法+源代码\3.模糊综合评价 + BP 神经网络案例：在线课程质量评估题目+源代码(1).docx,2026数学建模核心资料\2025国赛创新型算法+源代码汇总！\评价类创新型算法+源代码\3.模糊综合评价 + BP 神经网络案例：在线课程质量评估题目+源代码(1).docx
45,INNER,dup,2026数学建模核心资料\2025国赛创新型算法+源代码汇总！\评价类创新型算法+源代码\3.模糊综合评价 + BP 神经网络案例：在线课程质量评估题目+源代码.docx,2026数学建模核心资料\2025国赛创新型算法+源代码汇总！\评价类创新型算法+源代码\3.模糊综合评价 + BP 神经网络案例：在线课程质量评估题目+源代码(1).docx
46,INNER,keep,2026数学建模核心资料\2025国赛创新型算法+源代码汇总！\评价类创新型算法+源代码\4. PCA + SVM案例：信用卡欺诈交易识别题目+源代码(1).docx,2026数学建模核心资料\2025国赛创新型算法+源代码汇总！\评价类创新型算法+源代码\4. PCA + SVM案例：信用卡欺诈交易识别题目+源代码(1).docx
46,INNER,dup,2026数学建模核心资料\2025国赛创新型算法+源代码汇总！\评价类创新型算法+源代码\4. PCA + SVM案例：信用卡欺诈交易识别题目+源代码.docx,2026数学建模核心资料\2025国赛创新型算法+源代码汇总！\评价类创新型算法+源代码\4. PCA + SVM案例：信用卡欺诈交易识别题目+源代码(1).docx
47,INNER,keep,2026数学建模核心资料\2025国赛创新型算法+源代码汇总！\评价类创新型算法+源代码\5. DEA + TOPSIS案例：县域医院运营效率评估题目+源代码(1).docx,2026数学建模核心资料\2025国赛创新型算法+源代码汇总！\评价类创新型算法+源代码\5. DEA + TOPSIS案例：县域医院运营效率评估题目+源代码(1).docx
47,INNER,dup,2026数学建模核心资料\2025国赛创新型算法+源代码汇总！\评价类创新型算法+源代码\5. DEA + TOPSIS案例：县域医院运营效率评估题目+源代码.docx,2026数学建模核心资料\2025国赛创新型算法+源代码汇总！\评价类创新型算法+源代码\5. DEA + TOPSIS案例：县域医院运营效率评估题目+源代码(1).docx
48,INNER,keep,2026数学建模核心资料\2025国赛创新型算法+源代码汇总！\评价类创新型算法+源代码\6. 粗糙集 + 模糊聚类案例：电商用户消费群体细分题目+源代码(1).docx,2026数学建模核心资料\2025国赛创新型算法+源代码汇总！\评价类创新型算法+源代码\6. 粗糙集 + 模糊聚类案例：电商用户消费群体细分题目+源代码(1).docx
48,INNER,dup,2026数学建模核心资料\2025国赛创新型算法+源代码汇总！\评价类创新型算法+源代码\6. 粗糙集 + 模糊聚类案例：电商用户消费群体细分题目+源代码.docx,2026数学建模核心资料\2025国赛创新型算法+源代码汇总！\评价类创新型算法+源代码\6. 粗糙集 + 模糊聚类案例：电商用户消费群体细分题目+源代码(1).docx
49,INNER,keep,2026数学建模核心资料\2025国赛创新型算法+源代码汇总！\评价类创新型算法+源代码\7. 灰色预测 + 马尔可夫链案例：农产品月销量预测题目+源代码(1).docx,2026数学建模核心资料\2025国赛创新型算法+源代码汇总！\评价类创新型算法+源代码\7. 灰色预测 + 马尔可夫链案例：农产品月销量预测题目+源代码(1).docx
49,INNER,dup,2026数学建模核心资料\2025国赛创新型算法+源代码汇总！\评价类创新型算法+源代码\7. 灰色预测 + 马尔可夫链案例：农产品月销量预测题目+源代码.docx,2026数学建模核心资料\2025国赛创新型算法+源代码汇总！\评价类创新型算法+源代码\7. 灰色预测 + 马尔可夫链案例：农产品月销量预测题目+源代码(1).docx
50,INNER,keep,2026数学建模核心资料\2025国赛创新型算法+源代码汇总！\评价类创新型算法+源代码\8. 贝叶斯网络 + 证据理论案例：无人机故障诊断题目+源代码(1).docx,2026数学建模核心资料\2025国赛创新型算法+源代码汇总！\评价类创新型算法+源代码\8. 贝叶斯网络 + 证据理论案例：无人机故障诊断题目+源代码(1).docx
50,INNER,dup,2026数学建模核心资料\2025国赛创新型算法+源代码汇总！\评价类创新型算法+源代码\8. 贝叶斯网络 + 证据理论案例：无人机故障诊断题目+源代码.docx,2026数学建模核心资料\2025国赛创新型算法+源代码汇总！\评价类创新型算法+源代码\8. 贝叶斯网络 + 证据理论案例：无人机故障诊断题目+源代码(1).docx
51,INNER,keep,2026数学建模核心资料\2025国赛创新型算法+源代码汇总！\评价类创新型算法+源代码\9. 随机森林 + AHP案例：慢性病患病风险评估题目+源代码(1).docx,2026数学建模核心资料\2025国赛创新型算法+源代码汇总！\评价类创新型算法+源代码\9. 随机森林 + AHP案例：慢性病患病风险评估题目+源代码(1).docx
51,INNER,dup,2026数学建模核心资料\2025国赛创新型算法+源代码汇总！\评价类创新型算法+源代码\9. 随机森林 + AHP案例：慢性病患病风险评估题目+源代码.docx,2026数学建模核心资料\2025国赛创新型算法+源代码汇总！\评价类创新型算法+源代码\9. 随机森林 + AHP案例：慢性病患病风险评估题目+源代码(1).docx
52,INNER,keep,2026数学建模核心资料\2025国赛创新型算法+源代码汇总！\评价类创新型算法+源代码\【评价类】创新型算法汇总(1).docx,2026数学建模核心资料\2025国赛创新型算法+源代码汇总！\评价类创新型算法+源代码\【评价类】创新型算法汇总(1).docx
52,INNER,dup,2026数学建模核心资料\2025国赛创新型算法+源代码汇总！\评价类创新型算法+源代码\【评价类】创新型算法汇总.docx,2026数学建模核心资料\2025国赛创新型算法+源代码汇总！\评价类创新型算法+源代码\【评价类】创新型算法汇总(1).docx
53,INNER,keep,2026数学建模核心资料\2025国赛创新型算法+源代码汇总！\预测类创新型算法+源代码\【预测类】创新型算法汇总(1).docx,2026数学建模核心资料\2025国赛创新型算法+源代码汇总！\预测类创新型算法+源代码\【预测类】创新型算法汇总(1).docx
53,INNER,dup,2026数学建模核心资料\2025国赛创新型算法+源代码汇总！\预测类创新型算法+源代码\【预测类】创新型算法汇总.docx,2026数学建模核心资料\2025国赛创新型算法+源代码汇总！\预测类创新型算法+源代码\【预测类】创新型算法汇总(1).docx
54,INNER,keep,2026数学建模核心资料\2025国赛创新型算法+源代码汇总！\预测类创新型算法+源代码\案例 10：基于 LightGBM-Stacking 模型的互联网企业用户流失预测题目+源代码(1).docx,2026数学建模核心资料\2025国赛创新型算法+源代码汇总！\预测类创新型算法+源代码\案例 10：基于 LightGBM-Stacking 模型的互联网企业用户流失预测题目+源代码(1).docx
54,INNER,dup,2026数学建模核心资料\2025国赛创新型算法+源代码汇总！\预测类创新型算法+源代码\案例 10：基于 LightGBM-Stacking 模型的互联网企业用户流失预测题目+源代码.docx,2026数学建模核心资料\2025国赛创新型算法+源代码汇总！\预测类创新型算法+源代码\案例 10：基于 LightGBM-Stacking 模型的互联网企业用户流失预测题目+源代码(1).docx
55,INNER,keep,2026数学建模核心资料\2025国赛创新型算法+源代码汇总！\预测类创新型算法+源代码\案例 11：基于 FNN-GA 模型的湖泊水质污染指数预测题目+源代码(1).docx,2026数学建模核心资料\2025国赛创新型算法+源代码汇总！\预测类创新型算法+源代码\案例 11：基于 FNN-GA 模型的湖泊水质污染指数预测题目+源代码(1).docx
55,INNER,dup,2026数学建模核心资料\2025国赛创新型算法+源代码汇总！\预测类创新型算法+源代码\案例 11：基于 FNN-GA 模型的湖泊水质污染指数预测题目+源代码.docx,2026数学建模核心资料\2025国赛创新型算法+源代码汇总！\预测类创新型算法+源代码\案例 11：基于 FNN-GA 模型的湖泊水质污染指数预测题目+源代码(1).docx
56,INNER,keep,2026数学建模核心资料\2025国赛创新型算法+源代码汇总！\预测类创新型算法+源代码\案例 12：基于 SARIMA-GARCH 模型的黄金期货价格波动率预测题目+源代码(1).docx,2026数学建模核心资料\2025国赛创新型算法+源代码汇总！\预测类创新型算法+源代码\案例 12：基于 SARIMA-GARCH 模型的黄金期货价格波动率预测题目+源代码(1).docx
56,INNER,dup,2026数学建模核心资料\2025国赛创新型算法+源代码汇总！\预测类创新型算法+源代码\案例 12：基于 SARIMA-GARCH 模型的黄金期货价格波动率预测题目+源代码.docx,2026数学建模核心资料\2025国赛创新型算法+源代码汇总！\预测类创新型算法+源代码\案例 12：基于 SARIMA-GARCH 模型的黄金期货价格波动率预测题目+源代码(1).docx
57,INNER,keep,2026数学建模核心资料\2025国赛创新型算法+源代码汇总！\预测类创新型算法+源代码\案例 13：基于 DT-AdaBoost 模型的新能源汽车电池故障诊断预测题目+源代码(1).docx,2026数学建模核心资料\2025国赛创新型算法+源代码汇总！\预测类创新型算法+源代码\案例 13：基于 DT-AdaBoost 模型的新能源汽车电池故障诊断预测题目+源代码(1).docx
57,INNER,dup,2026数学建模核心资料\2025国赛创新型算法+源代码汇总！\预测类创新型算法+源代码\案例 13：基于 DT-AdaBoost 模型的新能源汽车电池故障诊断预测题目+源代码.docx,2026数学建模核心资料\2025国赛创新型算法+源代码汇总！\预测类创新型算法+源代码\案例 13：基于 DT-AdaBoost 模型的新能源汽车电池故障诊断预测题目+源代码(1).docx
58,INNER,keep,2026数学建模核心资料\2025国赛创新型算法+源代码汇总！\预测类创新型算法+源代码\案例 14：基于 LSTM-SVR 模型的风电场风速短期预测题目+源代码(1).docx,2026数学建模核心资料\2025国赛创新型算法+源代码汇总！\预测类创新型算法+源代码\案例 14：基于 LSTM-SVR 模型的风电场风速短期预测题目+源代码(1).docx
58,INNER,dup,2026数学建模核心资料\2025国赛创新型算法+源代码汇总！\预测类创新型算法+源代码\案例 14：基于 LSTM-SVR 模型的风电场风速短期预测题目+源代码.docx,2026数学建模核心资料\2025国赛创新型算法+源代码汇总！\预测类创新型算法+源代码\案例 14：基于 LSTM-SVR 模型的风电场风速短期预测题目+源代码(1).docx
59,INNER,keep,2026数学建模核心资料\2025国赛创新型算法+源代码汇总！\预测类创新型算法+源代码\案例 15：基于混沌时间序列 - PSO-BP 模型的股票市场指数预测题目+源代码(1).docx,2026数学建模核心资料\2025国赛创新型算法+源代码汇总！\预测类创新型算法+源代码\案例 15：基于混沌时间序列 - PSO-BP 模型的股票市场指数预测题目+源代码(1).docx
59,INNER,dup,2026数学建模核心资料\2025国赛创新型算法+源代码汇总！\预测类创新型算法+源代码\案例 15：基于混沌时间序列 - PSO-BP 模型的股票市场指数预测题目+源代码.docx,2026数学建模核心资料\2025国赛创新型算法+源代码汇总！\预测类创新型算法+源代码\案例 15：基于混沌时间序列 - PSO-BP 模型的股票市场指数预测题目+源代码(1).docx
60,INNER,keep,2026数学建模核心资料\2025国赛创新型算法+源代码汇总！\预测类创新型算法+源代码\案例 1：基于 ARIMA-LSTM 模型的城市短期电力负荷预测题目+源代码(1).docx,2026数学建模核心资料\2025国赛创新型算法+源代码汇总！\预测类创新型算法+源代码\案例 1：基于 ARIMA-LSTM 模型的城市短期电力负荷预测题目+源代码(1).docx
60,INNER,dup,2026数学建模核心资料\2025国赛创新型算法+源代码汇总！\预测类创新型算法+源代码\案例 1：基于 ARIMA-LSTM 模型的城市短期电力负荷预测题目+源代码.docx,2026数学建模核心资料\2025国赛创新型算法+源代码汇总！\预测类创新型算法+源代码\案例 1：基于 ARIMA-LSTM 模型的城市短期电力负荷预测题目+源代码(1).docx
61,INNER,keep,2026数学建模核心资料\2025国赛创新型算法+源代码汇总！\预测类创新型算法+源代码\案例 2：基于 RF-GA 模型的城市二手房价格预测题目+源代码(1).docx,2026数学建模核心资料\2025国赛创新型算法+源代码汇总！\预测类创新型算法+源代码\案例 2：基于 RF-GA 模型的城市二手房价格预测题目+源代码(1).docx
61,INNER,dup,2026数学建模核心资料\2025国赛创新型算法+源代码汇总！\预测类创新型算法+源代码\案例 2：基于 RF-GA 模型的城市二手房价格预测题目+源代码.docx,2026数学建模核心资料\2025国赛创新型算法+源代码汇总！\预测类创新型算法+源代码\案例 2：基于 RF-GA 模型的城市二手房价格预测题目+源代码(1).docx
62,INNER,keep,2026数学建模核心资料\2025国赛创新型算法+源代码汇总！\预测类创新型算法+源代码\案例 3：基于 CNN-LSTM 模型的城市区域交通流量预测题目+源代码(1).docx,2026数学建模核心资料\2025国赛创新型算法+源代码汇总！\预测类创新型算法+源代码\案例 3：基于 CNN-LSTM 模型的城市区域交通流量预测题目+源代码(1).docx
62,INNER,dup,2026数学建模核心资料\2025国赛创新型算法+源代码汇总！\预测类创新型算法+源代码\案例 3：基于 CNN-LSTM 模型的城市区域交通流量预测题目+源代码.docx,2026数学建模核心资料\2025国赛创新型算法+源代码汇总！\预测类创新型算法+源代码\案例 3：基于 CNN-LSTM 模型的城市区域交通流量预测题目+源代码(1).docx
63,INNER,keep,2026数学建模核心资料\2025国赛创新型算法+源代码汇总！\预测类创新型算法+源代码\案例 4：基于 SVM-PSO 模型的中小企业信用评分预测题目+源代码(1).docx,2026数学建模核心资料\2025国赛创新型算法+源代码汇总！\预测类创新型算法+源代码\案例 4：基于 SVM-PSO 模型的中小企业信用评分预测题目+源代码(1).docx
63,INNER,dup,2026数学建模核心资料\2025国赛创新型算法+源代码汇总！\预测类创新型算法+源代码\案例 4：基于 SVM-PSO 模型的中小企业信用评分预测题目+源代码.docx,2026数学建模核心资料\2025国赛创新型算法+源代码汇总！\预测类创新型算法+源代码\案例 4：基于 SVM-PSO 模型的中小企业信用评分预测题目+源代码(1).docx
64,INNER,keep,"2026数学建模核心资料\2025国赛创新型算法+源代码汇总！\预测类创新型算法+源代码\案例 5：基于 GM (1,1)-BP 模型的稀有金属月度价格预测题目+源代码(1).docx","2026数学建模核心资料\2025国赛创新型算法+源代码汇总！\预测类创新型算法+源代码\案例 5：基于 GM (1,1)-BP 模型的稀有金属月度价格预测题目+源代码(1).docx"
64,INNER,dup,"2026数学建模核心资料\2025国赛创新型算法+源代码汇总！\预测类创新型算法+源代码\案例 5：基于 GM (1,1)-BP 模型的稀有金属月度价格预测题目+源代码.docx","2026数学建模核心资料\2025国赛创新型算法+源代码汇总！\预测类创新型算法+源代码\案例 5：基于 GM (1,1)-BP 模型的稀有金属月度价格预测题目+源代码(1).docx"
65,INNER,keep,2026数学建模核心资料\2025国赛创新型算法+源代码汇总！\预测类创新型算法+源代码\案例 6：基于 GRU-Attention 模型的流域长期降水量预测题目+源代码(1).docx,2026数学建模核心资料\2025国赛创新型算法+源代码汇总！\预测类创新型算法+源代码\案例 6：基于 GRU-Attention 模型的流域长期降水量预测题目+源代码(1).docx
65,INNER,dup,2026数学建模核心资料\2025国赛创新型算法+源代码汇总！\预测类创新型算法+源代码\案例 6：基于 GRU-Attention 模型的流域长期降水量预测题目+源代码.docx,2026数学建模核心资料\2025国赛创新型算法+源代码汇总！\预测类创新型算法+源代码\案例 6：基于 GRU-Attention 模型的流域长期降水量预测题目+源代码(1).docx
66,INNER,keep,2026数学建模核心资料\2025国赛创新型算法+源代码汇总！\预测类创新型算法+源代码\案例 7：基于 XGBoost - 贝叶斯优化模型的电商平台 “618” 大促销量预测题目+源代码(1).docx,2026数学建模核心资料\2025国赛创新型算法+源代码汇总！\预测类创新型算法+源代码\案例 7：基于 XGBoost - 贝叶斯优化模型的电商平台 “618” 大促销量预测题目+源代码(1).docx
66,INNER,dup,2026数学建模核心资料\2025国赛创新型算法+源代码汇总！\预测类创新型算法+源代码\案例 7：基于 XGBoost - 贝叶斯优化模型的电商平台 “618” 大促销量预测题目+源代码.docx,2026数学建模核心资料\2025国赛创新型算法+源代码汇总！\预测类创新型算法+源代码\案例 7：基于 XGBoost - 贝叶斯优化模型的电商平台 “618” 大促销量预测题目+源代码(1).docx
67,INNER,keep,2026数学建模核心资料\2025国赛创新型算法+源代码汇总！\预测类创新型算法+源代码\案例 8：基于马尔可夫链 - ETS 模型的连锁超市生鲜产品短期需求预测题目+源代码(1).docx,2026数学建模核心资料\2025国赛创新型算法+源代码汇总！\预测类创新型算法+源代码\案例 8：基于马尔可夫链 - ETS 模型的连锁超市生鲜产品短期需求预测题目+源代码(1).docx
67,INNER,dup,2026数学建模核心资料\2025国赛创新型算法+源代码汇总！\预测类创新型算法+源代码\案例 8：基于马尔可夫链 - ETS 模型的连锁超市生鲜产品短期需求预测题目+源代码.docx,2026数学建模核心资料\2025国赛创新型算法+源代码汇总！\预测类创新型算法+源代码\案例 8：基于马尔可夫链 - ETS 模型的连锁超市生鲜产品短期需求预测题目+源代码(1).docx
68,INNER,keep,2026数学建模核心资料\2025国赛创新型算法+源代码汇总！\预测类创新型算法+源代码\案例 9：基于小波分析 - LSTM 模型的人民币兑欧元汇率预测题目+源代码(1).docx,2026数学建模核心资料\2025国赛创新型算法+源代码汇总！\预测类创新型算法+源代码\案例 9：基于小波分析 - LSTM 模型的人民币兑欧元汇率预测题目+源代码(1).docx
68,INNER,dup,2026数学建模核心资料\2025国赛创新型算法+源代码汇总！\预测类创新型算法+源代码\案例 9：基于小波分析 - LSTM 模型的人民币兑欧元汇率预测题目+源代码.docx,2026数学建模核心资料\2025国赛创新型算法+源代码汇总！\预测类创新型算法+源代码\案例 9：基于小波分析 - LSTM 模型的人民币兑欧元汇率预测题目+源代码(1).docx
69,INNER,keep,2026数学建模核心资料\AI工具使用详情Word模版\AI 工具使用详情（1）(1).docx,2026数学建模核心资料\AI工具使用详情Word模版\AI 工具使用详情（1）(1).docx
69,INNER,dup,2026数学建模核心资料\AI工具使用详情Word模版\AI 工具使用详情（1）.docx,2026数学建模核心资料\AI工具使用详情Word模版\AI 工具使用详情（1）(1).docx
70,INNER,keep,2026数学建模核心资料\AI工具使用详情Word模版\AI 工具使用详情（2）(1).docx,2026数学建模核心资料\AI工具使用详情Word模版\AI 工具使用详情（2）(1).docx
70,INNER,dup,2026数学建模核心资料\AI工具使用详情Word模版\AI 工具使用详情（2）.docx,2026数学建模核心资料\AI工具使用详情Word模版\AI 工具使用详情（2）(1).docx
71,INNER,keep,2026数学建模核心资料\国赛B题必备模型+代码资料合集\国赛B题必备优化模型——二次规划\二次规划算法.docx,2026数学建模核心资料\国赛B题必备模型+代码资料合集\国赛B题必备优化模型——二次规划\二次规划算法.docx
71,INNER,dup,2026数学建模核心资料\国赛C题必备模型+代码资料合集\国赛C题必备优化模型——二次规划\二次规划算法.docx,2026数学建模核心资料\国赛B题必备模型+代码资料合集\国赛B题必备优化模型——二次规划\二次规划算法.docx
72,INNER,keep,2026数学建模核心资料\国赛B题必备模型+代码资料合集\国赛B题必备优化模型——单目标规划与多目标规划\多目标规划matlab程序实现【公众号：数学建模老哥】.doc,2026数学建模核心资料\国赛B题必备模型+代码资料合集\国赛B题必备优化模型——单目标规划与多目标规划\多目标规划matlab程序实现【公众号：数学建模老哥】.doc
72,INNER,dup,2026数学建模核心资料\国赛B题必备模型+代码资料合集\国赛B题必备优化模型——单目标规划与多目标规划\程序包：多目标规划matlab程序实现 .doc,2026数学建模核心资料\国赛B题必备模型+代码资料合集\国赛B题必备优化模型——单目标规划与多目标规划\多目标规划matlab程序实现【公众号：数学建模老哥】.doc
72,INNER,dup,2026数学建模核心资料\国赛C题必备模型+代码资料合集\国赛C题必备优化模型——单目标规划与多目标规划\多目标规划matlab程序实现【公众号：数学建模老哥】.doc,2026数学建模核心资料\国赛B题必备模型+代码资料合集\国赛B题必备优化模型——单目标规划与多目标规划\多目标规划matlab程序实现【公众号：数学建模老哥】.doc
72,INNER,dup,2026数学建模核心资料\国赛C题必备模型+代码资料合集\国赛C题必备优化模型——单目标规划与多目标规划\程序包：多目标规划matlab程序实现 .doc,2026数学建模核心资料\国赛B题必备模型+代码资料合集\国赛B题必备优化模型——单目标规划与多目标规划\多目标规划matlab程序实现【公众号：数学建模老哥】.doc
73,INNER,keep,2026数学建模核心资料\国赛B题必备模型+代码资料合集\国赛B题必备优化模型——混合整数规划\混合整数规划Matlab代码.txt,2026数学建模核心资料\国赛B题必备模型+代码资料合集\国赛B题必备优化模型——混合整数规划\混合整数规划Matlab代码.txt
73,INNER,dup,2026数学建模核心资料\国赛C题必备模型+代码资料合集\国赛C题必备优化模型——混合整数规划\混合整数规划Matlab代码.txt,2026数学建模核心资料\国赛B题必备模型+代码资料合集\国赛B题必备优化模型——混合整数规划\混合整数规划Matlab代码.txt
74,INNER,keep,2026数学建模核心资料\国赛B题必备模型+代码资料合集\国赛B题必备优化模型——粒子群算法\粒子群算法PSO源代码 MATLAB.docx,2026数学建模核心资料\国赛B题必备模型+代码资料合集\国赛B题必备优化模型——粒子群算法\粒子群算法PSO源代码 MATLAB.docx
74,INNER,dup,2026数学建模核心资料\国赛C题必备模型+代码资料合集\国赛C题必备优化模型——粒子群算法\粒子群算法PSO源代码 MATLAB.docx,2026数学建模核心资料\国赛B题必备模型+代码资料合集\国赛B题必备优化模型——粒子群算法\粒子群算法PSO源代码 MATLAB.docx
75,INNER,keep,2026数学建模核心资料\国赛B题必备模型+代码资料合集\国赛B题必备优化模型——非线性规划\matlab多元非线性回归教程.doc,2026数学建模核心资料\国赛B题必备模型+代码资料合集\国赛B题必备优化模型——非线性规划\matlab多元非线性回归教程.doc
75,INNER,dup,2026数学建模核心资料\国赛C题必备模型+代码资料合集\国赛C题必备优化模型——非线性规划\matlab多元非线性回归教程.doc,2026数学建模核心资料\国赛B题必备模型+代码资料合集\国赛B题必备优化模型——非线性规划\matlab多元非线性回归教程.doc
75,INNER,dup,2026数学建模核心资料\美赛按题目题型分类常用算法代码程序包！\美赛照题目分类程序包【数学建模老哥】\美赛A题常见参考代码【数学建模老哥】\多元非线性回归代码【数学建模老哥】\matlab多元非线性回归教程.doc,2026数学建模核心资料\国赛B题必备模型+代码资料合集\国赛B题必备优化模型——非线性规划\matlab多元非线性回归教程.doc
75,INNER,dup,2026数学建模核心资料\美赛按题目题型分类常用算法代码程序包！\美赛照题目分类程序包【数学建模老哥】\美赛F题常见参考代码【数学建模老哥】\多元非线性回归代码【数学建模老哥】\matlab多元非线性回归教程.doc,2026数学建模核心资料\国赛B题必备模型+代码资料合集\国赛B题必备优化模型——非线性规划\matlab多元非线性回归教程.doc
76,INNER,keep,2026数学建模核心资料\国赛B题必备模型+代码资料合集\国赛B题必备优化模型——非线性规划\matlab求解非线性规划.doc,2026数学建模核心资料\国赛B题必备模型+代码资料合集\国赛B题必备优化模型——非线性规划\matlab求解非线性规划.doc
76,INNER,dup,2026数学建模核心资料\国赛C题必备模型+代码资料合集\国赛C题必备优化模型——非线性规划\matlab求解非线性规划.doc,2026数学建模核心资料\国赛B题必备模型+代码资料合集\国赛B题必备优化模型——非线性规划\matlab求解非线性规划.doc
77,INNER,keep,2026数学建模核心资料\国赛B题必备模型+代码资料合集\国赛B题必备优化模型——非线性规划\非线性规划模型Python代码【公众号：数学建模老哥】.docx,2026数学建模核心资料\国赛B题必备模型+代码资料合集\国赛B题必备优化模型——非线性规划\非线性规划模型Python代码【公众号：数学建模老哥】.docx
77,INNER,dup,2026数学建模核心资料\国赛C题必备模型+代码资料合集\国赛C题必备优化模型——非线性规划\非线性规划模型Python代码【公众号：数学建模老哥】.docx,2026数学建模核心资料\国赛B题必备模型+代码资料合集\国赛B题必备优化模型——非线性规划\非线性规划模型Python代码【公众号：数学建模老哥】.docx
78,INNER,keep,2026数学建模核心资料\国赛B题必备模型+代码资料合集\国赛B题必备分类模型——K-means分类及代码\K-MEANS算法(K均值算法).doc,2026数学建模核心资料\国赛B题必备模型+代码资料合集\国赛B题必备分类模型——K-means分类及代码\K-MEANS算法(K均值算法).doc
78,INNER,dup,2026数学建模核心资料\国赛C题必备模型+代码资料合集\国赛C题必备分类模型——K-means分类及代码\K-MEANS算法(K均值算法).doc,2026数学建模核心资料\国赛B题必备模型+代码资料合集\国赛B题必备分类模型——K-means分类及代码\K-MEANS算法(K均值算法).doc
79,INNER,keep,2026数学建模核心资料\国赛B题必备模型+代码资料合集\国赛B题必备分类模型——K-means分类及代码\K-Means聚类算法 Matlab代码.docx,2026数学建模核心资料\国赛B题必备模型+代码资料合集\国赛B题必备分类模型——K-means分类及代码\K-Means聚类算法 Matlab代码.docx
79,INNER,dup,2026数学建模核心资料\国赛C题必备模型+代码资料合集\国赛C题必备分类模型——K-means分类及代码\K-Means聚类算法 Matlab代码.docx,2026数学建模核心资料\国赛B题必备模型+代码资料合集\国赛B题必备分类模型——K-means分类及代码\K-Means聚类算法 Matlab代码.docx
80,INNER,keep,2026数学建模核心资料\国赛B题必备模型+代码资料合集\国赛B题必备分类模型——K-means分类及代码\K-Means聚类算法.doc,2026数学建模核心资料\国赛B题必备模型+代码资料合集\国赛B题必备分类模型——K-means分类及代码\K-Means聚类算法.doc
80,INNER,dup,2026数学建模核心资料\国赛C题必备模型+代码资料合集\国赛C题必备分类模型——K-means分类及代码\K-Means聚类算法.doc,2026数学建模核心资料\国赛B题必备模型+代码资料合集\国赛B题必备分类模型——K-means分类及代码\K-Means聚类算法.doc
81,INNER,keep,2026数学建模核心资料\国赛B题必备模型+代码资料合集\国赛B题必备分类模型——决策树分类及代码\决策树模型案例实例.doc,2026数学建模核心资料\国赛B题必备模型+代码资料合集\国赛B题必备分类模型——决策树分类及代码\决策树模型案例实例.doc
81,INNER,dup,2026数学建模核心资料\国赛C题必备模型+代码资料合集\国赛C题必备分类模型——决策树分类及代码\决策树模型案例实例.doc,2026数学建模核心资料\国赛B题必备模型+代码资料合集\国赛B题必备分类模型——决策树分类及代码\决策树模型案例实例.doc
82,INNER,keep,2026数学建模核心资料\国赛B题必备模型+代码资料合集\国赛B题必备评价模型——topsis模型\Topsis算法综合评价代码.txt,2026数学建模核心资料\国赛B题必备模型+代码资料合集\国赛B题必备评价模型——topsis模型\Topsis算法综合评价代码.txt
82,INNER,dup,2026数学建模核心资料\国赛C题必备模型+代码资料合集\国赛C题必备评价模型——topsis模型\Topsis算法综合评价代码.txt,2026数学建模核心资料\国赛B题必备模型+代码资料合集\国赛B题必备评价模型——topsis模型\Topsis算法综合评价代码.txt
83,INNER,keep,2026数学建模核心资料\国赛B题必备模型+代码资料合集\国赛B题必备评价模型——主成分分析法\主成分分析代码.txt,2026数学建模核心资料\国赛B题必备模型+代码资料合集\国赛B题必备评价模型——主成分分析法\主成分分析代码.txt
83,INNER,dup,2026数学建模核心资料\国赛C题必备模型+代码资料合集\国赛C题必备评价模型——主成分分析法\主成分分析代码.txt,2026数学建模核心资料\国赛B题必备模型+代码资料合集\国赛B题必备评价模型——主成分分析法\主成分分析代码.txt
84,INNER,keep,2026数学建模核心资料\国赛B题必备模型+代码资料合集\国赛B题必备评价模型——主成分分析法\主成分分析法的原理应用及计算步骤.doc,2026数学建模核心资料\国赛B题必备模型+代码资料合集\国赛B题必备评价模型——主成分分析法\主成分分析法的原理应用及计算步骤.doc
84,INNER,dup,2026数学建模核心资料\国赛C题必备模型+代码资料合集\国赛C题必备评价模型——主成分分析法\主成分分析法的原理应用及计算步骤.doc,2026数学建模核心资料\国赛B题必备模型+代码资料合集\国赛B题必备评价模型——主成分分析法\主成分分析法的原理应用及计算步骤.doc
85,INNER,keep,2026数学建模核心资料\国赛B题必备模型+代码资料合集\国赛B题必备评价模型——主成分分析法\主成分分析降维代码（直接调用版）.doc,2026数学建模核心资料\国赛B题必备模型+代码资料合集\国赛B题必备评价模型——主成分分析法\主成分分析降维代码（直接调用版）.doc
85,INNER,dup,2026数学建模核心资料\国赛C题必备模型+代码资料合集\国赛C题必备评价模型——主成分分析法\主成分分析降维代码（直接调用版）.doc,2026数学建模核心资料\国赛B题必备模型+代码资料合集\国赛B题必备评价模型——主成分分析法\主成分分析降维代码（直接调用版）.doc
86,INNER,keep,2026数学建模核心资料\国赛B题必备模型+代码资料合集\国赛B题必备评价模型——因子分析法\数学建模常用模型13：因子分析法.txt,2026数学建模核心资料\国赛B题必备模型+代码资料合集\国赛B题必备评价模型——因子分析法\数学建模常用模型13：因子分析法.txt
86,INNER,dup,2026数学建模核心资料\国赛C题必备模型+代码资料合集\国赛C题必备评价模型——因子分析法\数学建模常用模型13：因子分析法.txt,2026数学建模核心资料\国赛B题必备模型+代码资料合集\国赛B题必备评价模型——因子分析法\数学建模常用模型13：因子分析法.txt
87,INNER,keep,2026数学建模核心资料\国赛B题必备模型+代码资料合集\国赛B题必备评价模型——层次分析法\层次分析法.txt,2026数学建模核心资料\国赛B题必备模型+代码资料合集\国赛B题必备评价模型——层次分析法\层次分析法.txt
87,INNER,dup,2026数学建模核心资料\国赛C题必备模型+代码资料合集\国赛C题必备评价模型——层次分析法\层次分析法.txt,2026数学建模核心资料\国赛B题必备模型+代码资料合集\国赛B题必备评价模型——层次分析法\层次分析法.txt
88,INNER,keep,2026数学建模核心资料\国赛B题必备模型+代码资料合集\国赛B题必备评价模型——层次分析法\层次分析法matlab程序.txt,2026数学建模核心资料\国赛B题必备模型+代码资料合集\国赛B题必备评价模型——层次分析法\层次分析法matlab程序.txt
88,INNER,dup,2026数学建模核心资料\国赛C题必备模型+代码资料合集\国赛C题必备评价模型——层次分析法\层次分析法matlab程序.txt,2026数学建模核心资料\国赛B题必备模型+代码资料合集\国赛B题必备评价模型——层次分析法\层次分析法matlab程序.txt
89,INNER,keep,2026数学建模核心资料\国赛B题必备模型+代码资料合集\国赛B题必备评价模型——层次分析法\层次分析法代码.txt,2026数学建模核心资料\国赛B题必备模型+代码资料合集\国赛B题必备评价模型——层次分析法\层次分析法代码.txt
89,INNER,dup,2026数学建模核心资料\国赛C题必备模型+代码资料合集\国赛C题必备评价模型——层次分析法\层次分析法代码.txt,2026数学建模核心资料\国赛B题必备模型+代码资料合集\国赛B题必备评价模型——层次分析法\层次分析法代码.txt
90,INNER,keep,2026数学建模核心资料\国赛B题必备模型+代码资料合集\国赛B题必备评价模型——层次分析法\层次分析法的基本代码.txt,2026数学建模核心资料\国赛B题必备模型+代码资料合集\国赛B题必备评价模型——层次分析法\层次分析法的基本代码.txt
90,INNER,dup,2026数学建模核心资料\国赛C题必备模型+代码资料合集\国赛C题必备评价模型——层次分析法\层次分析法的基本代码.txt,2026数学建模核心资料\国赛B题必备模型+代码资料合集\国赛B题必备评价模型——层次分析法\层次分析法的基本代码.txt
91,INNER,keep,2026数学建模核心资料\国赛B题必备模型+代码资料合集\国赛B题必备评价模型——模糊综合评价\模糊综合评价matlab代码.docx,2026数学建模核心资料\国赛B题必备模型+代码资料合集\国赛B题必备评价模型——模糊综合评价\模糊综合评价matlab代码.docx
91,INNER,dup,2026数学建模核心资料\国赛C题必备模型+代码资料合集\国赛C题必备评价模型——模糊综合评价\模糊综合评价matlab代码.docx,2026数学建模核心资料\国赛B题必备模型+代码资料合集\国赛B题必备评价模型——模糊综合评价\模糊综合评价matlab代码.docx
92,INNER,keep,2026数学建模核心资料\国赛B题必备模型+代码资料合集\国赛B题必备评价模型——模糊综合评价\模糊综合评价代码.txt,2026数学建模核心资料\国赛B题必备模型+代码资料合集\国赛B题必备评价模型——模糊综合评价\模糊综合评价代码.txt
92,INNER,dup,2026数学建模核心资料\国赛C题必备模型+代码资料合集\国赛C题必备评价模型——模糊综合评价\模糊综合评价代码.txt,2026数学建模核心资料\国赛B题必备模型+代码资料合集\国赛B题必备评价模型——模糊综合评价\模糊综合评价代码.txt
93,INNER,keep,2026数学建模核心资料\国赛B题必备模型+代码资料合集\国赛B题必备评价模型——模糊综合评价\模糊综合评价模型.docx,2026数学建模核心资料\国赛B题必备模型+代码资料合集\国赛B题必备评价模型——模糊综合评价\模糊综合评价模型.docx
93,INNER,dup,2026数学建模核心资料\国赛C题必备模型+代码资料合集\国赛C题必备评价模型——模糊综合评价\模糊综合评价模型.docx,2026数学建模核心资料\国赛B题必备模型+代码资料合集\国赛B题必备评价模型——模糊综合评价\模糊综合评价模型.docx
94,INNER,keep,2026数学建模核心资料\国赛B题必备模型+代码资料合集\国赛B题必备评价模型——灰色关联分析法\灰色关联分析matlab代码.txt,2026数学建模核心资料\国赛B题必备模型+代码资料合集\国赛B题必备评价模型——灰色关联分析法\灰色关联分析matlab代码.txt
94,INNER,dup,2026数学建模核心资料\国赛C题必备模型+代码资料合集\国赛C题必备评价模型——灰色关联分析法\灰色关联分析matlab代码.txt,2026数学建模核心资料\国赛B题必备模型+代码资料合集\国赛B题必备评价模型——灰色关联分析法\灰色关联分析matlab代码.txt
95,INNER,keep,2026数学建模核心资料\国赛B题必备模型+代码资料合集\国赛B题必备评价模型——灰色关联分析法\灰色关联分析代码.txt,2026数学建模核心资料\国赛B题必备模型+代码资料合集\国赛B题必备评价模型——灰色关联分析法\灰色关联分析代码.txt
95,INNER,dup,2026数学建模核心资料\国赛C题必备模型+代码资料合集\国赛C题必备评价模型——灰色关联分析法\灰色关联分析代码.txt,2026数学建模核心资料\国赛B题必备模型+代码资料合集\国赛B题必备评价模型——灰色关联分析法\灰色关联分析代码.txt
96,INNER,keep,2026数学建模核心资料\数学建模典型题目优秀论文\‌评价类：2012A葡萄酒的评价问题\2012国赛国家一等奖A题优秀论文1(1).doc,2026数学建模核心资料\数学建模典型题目优秀论文\‌评价类：2012A葡萄酒的评价问题\2012国赛国家一等奖A题优秀论文1(1).doc
96,INNER,dup,2026数学建模核心资料\数学建模典型题目优秀论文\‌评价类：2012A葡萄酒的评价问题\2012国赛国家一等奖A题优秀论文1.doc,2026数学建模核心资料\数学建模典型题目优秀论文\‌评价类：2012A葡萄酒的评价问题\2012国赛国家一等奖A题优秀论文1(1).doc
97,INNER,keep,2026数学建模核心资料\美赛按题目题型分类常用算法代码程序包！\优化与控制题型参考代码【数学建模老哥】\基于蚁群算法的二维路径规划代码\barrier.txt,2026数学建模核心资料\美赛按题目题型分类常用算法代码程序包！\优化与控制题型参考代码【数学建模老哥】\基于蚁群算法的二维路径规划代码\barrier.txt
97,INNER,dup,2026数学建模核心资料\美赛按题目题型分类常用算法代码程序包！\美赛照题目分类程序包【数学建模老哥】\美赛D题常见参考代码【数学建模老哥】\基于蚁群算法的二维路径规划代码【数学建模老哥】\barrier.txt,2026数学建模核心资料\美赛按题目题型分类常用算法代码程序包！\优化与控制题型参考代码【数学建模老哥】\基于蚁群算法的二维路径规划代码\barrier.txt
98,INNER,keep,2026数学建模核心资料\美赛按题目题型分类常用算法代码程序包！\优化与控制题型参考代码【数学建模老哥】\基于蚁群算法的二维路径规划代码\lines.txt,2026数学建模核心资料\美赛按题目题型分类常用算法代码程序包！\优化与控制题型参考代码【数学建模老哥】\基于蚁群算法的二维路径规划代码\lines.txt
98,INNER,dup,2026数学建模核心资料\美赛按题目题型分类常用算法代码程序包！\美赛照题目分类程序包【数学建模老哥】\美赛D题常见参考代码【数学建模老哥】\基于蚁群算法的二维路径规划代码【数学建模老哥】\lines.txt,2026数学建模核心资料\美赛按题目题型分类常用算法代码程序包！\优化与控制题型参考代码【数学建模老哥】\基于蚁群算法的二维路径规划代码\lines.txt
99,INNER,keep,2026数学建模核心资料\美赛按题目题型分类常用算法代码程序包！\优化与控制题型参考代码【数学建模老哥】\基于蚁群算法的二维路径规划代码\matrix.txt,2026数学建模核心资料\美赛按题目题型分类常用算法代码程序包！\优化与控制题型参考代码【数学建模老哥】\基于蚁群算法的二维路径规划代码\matrix.txt
99,INNER,dup,2026数学建模核心资料\美赛按题目题型分类常用算法代码程序包！\美赛照题目分类程序包【数学建模老哥】\美赛D题常见参考代码【数学建模老哥】\基于蚁群算法的二维路径规划代码【数学建模老哥】\matrix.txt,2026数学建模核心资料\美赛按题目题型分类常用算法代码程序包！\优化与控制题型参考代码【数学建模老哥】\基于蚁群算法的二维路径规划代码\matrix.txt
100,INNER,keep,2026数学建模核心资料\美赛按题目题型分类常用算法代码程序包！\优化与控制题型参考代码【数学建模老哥】\基于遗传算法的Bp神经网络优化算法代码\基于遗传算法修正的BP神经网络算法.docx,2026数学建模核心资料\美赛按题目题型分类常用算法代码程序包！\优化与控制题型参考代码【数学建模老哥】\基于遗传算法的Bp神经网络优化算法代码\基于遗传算法修正的BP神经网络算法.docx
100,INNER,dup,2026数学建模核心资料\美赛按题目题型分类常用算法代码程序包！\美赛照题目分类程序包【数学建模老哥】\美赛A题常见参考代码【数学建模老哥】\基于遗传算法的Bp神经网络优化算法代码【数学建模老哥】\基于遗传算法修正的BP神经网络算法.docx,2026数学建模核心资料\美赛按题目题型分类常用算法代码程序包！\优化与控制题型参考代码【数学建模老哥】\基于遗传算法的Bp神经网络优化算法代码\基于遗传算法修正的BP神经网络算法.docx
101,INNER,keep,2026数学建模核心资料\美赛按题目题型分类常用算法代码程序包！\优化与控制题型参考代码【数学建模老哥】\改进蚁群算法求解连续空间优化问题代码\www.downma.com.txt,2026数学建模核心资料\美赛按题目题型分类常用算法代码程序包！\优化与控制题型参考代码【数学建模老哥】\改进蚁群算法求解连续空间优化问题代码\www.downma.com.txt
101,INNER,dup,2026数学建模核心资料\美赛按题目题型分类常用算法代码程序包！\分类与判别类题型参考代码【数学建模老哥】\RQA对离散时间序列进行递归图分析\www.downma.com.txt,2026数学建模核心资料\美赛按题目题型分类常用算法代码程序包！\优化与控制题型参考代码【数学建模老哥】\改进蚁群算法求解连续空间优化问题代码\www.downma.com.txt
101,INNER,dup,2026数学建模核心资料\美赛按题目题型分类常用算法代码程序包！\数据处理类题型参考代码【数学建模老哥】\基于RPCA异常值检测代码\www.downma.com.txt,2026数学建模核心资料\美赛按题目题型分类常用算法代码程序包！\优化与控制题型参考代码【数学建模老哥】\改进蚁群算法求解连续空间优化问题代码\www.downma.com.txt
101,INNER,dup,2026数学建模核心资料\美赛按题目题型分类常用算法代码程序包！\数据处理类题型参考代码【数学建模老哥】\基于格拉布斯准则判断异常数据代码\www.downma.com.txt,2026数学建模核心资料\美赛按题目题型分类常用算法代码程序包！\优化与控制题型参考代码【数学建模老哥】\改进蚁群算法求解连续空间优化问题代码\www.downma.com.txt
101,INNER,dup,2026数学建模核心资料\美赛按题目题型分类常用算法代码程序包！\美赛照题目分类程序包【数学建模老哥】\美赛A题常见参考代码【数学建模老哥】\改进蚁群算法求解连续空间优化问题代码【数学建模老哥】\www.downma.com.txt,2026数学建模核心资料\美赛按题目题型分类常用算法代码程序包！\优化与控制题型参考代码【数学建模老哥】\改进蚁群算法求解连续空间优化问题代码\www.downma.com.txt
101,INNER,dup,2026数学建模核心资料\美赛按题目题型分类常用算法代码程序包！\美赛照题目分类程序包【数学建模老哥】\美赛B题常见参考代码【数学建模老哥】\RQA对离散时间序列进行递归图分析【数学建模老哥】\www.downma.com.txt,2026数学建模核心资料\美赛按题目题型分类常用算法代码程序包！\优化与控制题型参考代码【数学建模老哥】\改进蚁群算法求解连续空间优化问题代码\www.downma.com.txt
101,INNER,dup,2026数学建模核心资料\美赛按题目题型分类常用算法代码程序包！\美赛照题目分类程序包【数学建模老哥】\美赛B题常见参考代码【数学建模老哥】\各种离散优化方法的matlab程序【数学建模老哥】\www.downma.com.txt,2026数学建模核心资料\美赛按题目题型分类常用算法代码程序包！\优化与控制题型参考代码【数学建模老哥】\改进蚁群算法求解连续空间优化问题代码\www.downma.com.txt
101,INNER,dup,2026数学建模核心资料\美赛按题目题型分类常用算法代码程序包！\美赛照题目分类程序包【数学建模老哥】\美赛B题常见参考代码【数学建模老哥】\离散小波与主成分分析的数据降维方法【数学建模老哥】\www.downma.com.txt,2026数学建模核心资料\美赛按题目题型分类常用算法代码程序包！\优化与控制题型参考代码【数学建模老哥】\改进蚁群算法求解连续空间优化问题代码\www.downma.com.txt
101,INNER,dup,2026数学建模核心资料\美赛按题目题型分类常用算法代码程序包！\美赛照题目分类程序包【数学建模老哥】\美赛C题常见参考代码【数学建模老哥】\RQA对离散时间序列进行递归图分析【数学建模老哥】\www.downma.com.txt,2026数学建模核心资料\美赛按题目题型分类常用算法代码程序包！\优化与控制题型参考代码【数学建模老哥】\改进蚁群算法求解连续空间优化问题代码\www.downma.com.txt
101,INNER,dup,2026数学建模核心资料\美赛按题目题型分类常用算法代码程序包！\美赛照题目分类程序包【数学建模老哥】\美赛C题常见参考代码【数学建模老哥】\基于RPCA异常值检测代码【数学建模老哥】\www.downma.com.txt,2026数学建模核心资料\美赛按题目题型分类常用算法代码程序包！\优化与控制题型参考代码【数学建模老哥】\改进蚁群算法求解连续空间优化问题代码\www.downma.com.txt
101,INNER,dup,2026数学建模核心资料\美赛按题目题型分类常用算法代码程序包！\美赛照题目分类程序包【数学建模老哥】\美赛C题常见参考代码【数学建模老哥】\基于格拉布斯准则判断异常数据代码【数学建模老哥】\www.downma.com.txt,2026数学建模核心资料\美赛按题目题型分类常用算法代码程序包！\优化与控制题型参考代码【数学建模老哥】\改进蚁群算法求解连续空间优化问题代码\www.downma.com.txt
101,INNER,dup,2026数学建模核心资料\美赛按题目题型分类常用算法代码程序包！\美赛照题目分类程序包【数学建模老哥】\美赛C题常见参考代码【数学建模老哥】\离散灰色预测模型和AR预测模型的组合预测【数学建模老哥】\www.downma.com.txt,2026数学建模核心资料\美赛按题目题型分类常用算法代码程序包！\优化与控制题型参考代码【数学建模老哥】\改进蚁群算法求解连续空间优化问题代码\www.downma.com.txt
101,INNER,dup,2026数学建模核心资料\美赛按题目题型分类常用算法代码程序包！\美赛照题目分类程序包【数学建模老哥】\美赛D题常见参考代码【数学建模老哥】\传染病的SI SIS SIR 三种数学建模模型【数学建模老哥】\www.downma.com.txt,2026数学建模核心资料\美赛按题目题型分类常用算法代码程序包！\优化与控制题型参考代码【数学建模老哥】\改进蚁群算法求解连续空间优化问题代码\www.downma.com.txt
101,INNER,dup,2026数学建模核心资料\美赛按题目题型分类常用算法代码程序包！\美赛照题目分类程序包【数学建模老哥】\美赛D题常见参考代码【数学建模老哥】\各个城市之间基于sis的传染病matlab仿真代码【数学建模老哥】\www.downma.com.txt,2026数学建模核心资料\美赛按题目题型分类常用算法代码程序包！\优化与控制题型参考代码【数学建模老哥】\改进蚁群算法求解连续空间优化问题代码\www.downma.com.txt
101,INNER,dup,2026数学建模核心资料\美赛按题目题型分类常用算法代码程序包！\美赛照题目分类程序包【数学建模老哥】\美赛D题常见参考代码【数学建模老哥】\复杂网络研究中的一个病毒传播模型代码【数学建模老哥】\www.downma.com.txt,2026数学建模核心资料\美赛按题目题型分类常用算法代码程序包！\优化与控制题型参考代码【数学建模老哥】\改进蚁群算法求解连续空间优化问题代码\www.downma.com.txt
101,INNER,dup,2026数学建模核心资料\美赛按题目题型分类常用算法代码程序包！\预测与预报类题型参考代码【数学建模老哥】\离散灰色预测模型和AR预测模型的组合预测\www.downma.com.txt,2026数学建模核心资料\美赛按题目题型分类常用算法代码程序包！\优化与控制题型参考代码【数学建模老哥】\改进蚁群算法求解连续空间优化问题代码\www.downma.com.txt
102,INNER,keep,2026数学建模核心资料\美赛按题目题型分类常用算法代码程序包！\优化与控制题型参考代码【数学建模老哥】\改进非支配邻域免疫算法目标优化代码\README_NNIA.txt,2026数学建模核心资料\美赛按题目题型分类常用算法代码程序包！\优化与控制题型参考代码【数学建模老哥】\改进非支配邻域免疫算法目标优化代码\README_NNIA.txt
102,INNER,dup,2026数学建模核心资料\美赛按题目题型分类常用算法代码程序包！\美赛照题目分类程序包【数学建模老哥】\美赛A题常见参考代码【数学建模老哥】\改进非支配邻域免疫算法目标优化代码【数学建模老哥】\README_NNIA.txt,2026数学建模核心资料\美赛按题目题型分类常用算法代码程序包！\优化与控制题型参考代码【数学建模老哥】\改进非支配邻域免疫算法目标优化代码\README_NNIA.txt
103,INNER,keep,2026数学建模核心资料\美赛按题目题型分类常用算法代码程序包！\优化与控制题型参考代码【数学建模老哥】\混合粒子群算法求解TSP问题代码\eil51.txt,2026数学建模核心资料\美赛按题目题型分类常用算法代码程序包！\优化与控制题型参考代码【数学建模老哥】\混合粒子群算法求解TSP问题代码\eil51.txt
103,INNER,dup,2026数学建模核心资料\美赛按题目题型分类常用算法代码程序包！\美赛照题目分类程序包【数学建模老哥】\美赛A题常见参考代码【数学建模老哥】\混合粒子群算法求解TSP问题代码【数学建模老哥】\eil51.txt,2026数学建模核心资料\美赛按题目题型分类常用算法代码程序包！\优化与控制题型参考代码【数学建模老哥】\混合粒子群算法求解TSP问题代码\eil51.txt
104,INNER,keep,2026数学建模核心资料\美赛按题目题型分类常用算法代码程序包！\分类与判别类题型参考代码【数学建模老哥】\100多种数据处理与分类算法集合\模式分类（Matlab程序）\Classification.txt,2026数学建模核心资料\美赛按题目题型分类常用算法代码程序包！\分类与判别类题型参考代码【数学建模老哥】\100多种数据处理与分类算法集合\模式分类（Matlab程序）\Classification.txt
104,INNER,dup,2026数学建模核心资料\美赛按题目题型分类常用算法代码程序包！\美赛照题目分类程序包【数学建模老哥】\美赛C题常见参考代码【数学建模老哥】\100多种数据处理与分类算法集合【数学建模老哥】\模式分类（Matlab程序）\Classification.txt,2026数学建模核心资料\美赛按题目题型分类常用算法代码程序包！\分类与判别类题型参考代码【数学建模老哥】\100多种数据处理与分类算法集合\模式分类（Matlab程序）\Classification.txt
105,INNER,keep,2026数学建模核心资料\美赛按题目题型分类常用算法代码程序包！\分类与判别类题型参考代码【数学建模老哥】\100多种数据处理与分类算法集合\模式分类（Matlab程序）\Feature_selection.txt,2026数学建模核心资料\美赛按题目题型分类常用算法代码程序包！\分类与判别类题型参考代码【数学建模老哥】\100多种数据处理与分类算法集合\模式分类（Matlab程序）\Feature_selection.txt
105,INNER,dup,2026数学建模核心资料\美赛按题目题型分类常用算法代码程序包！\美赛照题目分类程序包【数学建模老哥】\美赛C题常见参考代码【数学建模老哥】\100多种数据处理与分类算法集合【数学建模老哥】\模式分类（Matlab程序）\Feature_selection.txt,2026数学建模核心资料\美赛按题目题型分类常用算法代码程序包！\分类与判别类题型参考代码【数学建模老哥】\100多种数据处理与分类算法集合\模式分类（Matlab程序）\Feature_selection.txt
106,INNER,keep,2026数学建模核心资料\美赛按题目题型分类常用算法代码程序包！\分类与判别类题型参考代码【数学建模老哥】\100多种数据处理与分类算法集合\模式分类（Matlab程序）\Preprocessing.txt,2026数学建模核心资料\美赛按题目题型分类常用算法代码程序包！\分类与判别类题型参考代码【数学建模老哥】\100多种数据处理与分类算法集合\模式分类（Matlab程序）\Preprocessing.txt
106,INNER,dup,2026数学建模核心资料\美赛按题目题型分类常用算法代码程序包！\美赛照题目分类程序包【数学建模老哥】\美赛C题常见参考代码【数学建模老哥】\100多种数据处理与分类算法集合【数学建模老哥】\模式分类（Matlab程序）\Preprocessing.txt,2026数学建模核心资料\美赛按题目题型分类常用算法代码程序包！\分类与判别类题型参考代码【数学建模老哥】\100多种数据处理与分类算法集合\模式分类（Matlab程序）\Preprocessing.txt
107,INNER,keep,2026数学建模核心资料\美赛按题目题型分类常用算法代码程序包！\分类与判别类题型参考代码【数学建模老哥】\100多种数据处理与分类算法集合\模式分类（Matlab程序）\README.txt,2026数学建模核心资料\美赛按题目题型分类常用算法代码程序包！\分类与判别类题型参考代码【数学建模老哥】\100多种数据处理与分类算法集合\模式分类（Matlab程序）\README.txt
107,INNER,dup,2026数学建模核心资料\美赛按题目题型分类常用算法代码程序包！\美赛照题目分类程序包【数学建模老哥】\美赛C题常见参考代码【数学建模老哥】\100多种数据处理与分类算法集合【数学建模老哥】\模式分类（Matlab程序）\README.txt,2026数学建模核心资料\美赛按题目题型分类常用算法代码程序包！\分类与判别类题型参考代码【数学建模老哥】\100多种数据处理与分类算法集合\模式分类（Matlab程序）\README.txt
108,INNER,keep,2026数学建模核心资料\美赛按题目题型分类常用算法代码程序包！\数据处理类题型参考代码【数学建模老哥】\34种数据降维方法代码\drtoolbox\._Readme.txt,2026数学建模核心资料\美赛按题目题型分类常用算法代码程序包！\数据处理类题型参考代码【数学建模老哥】\34种数据降维方法代码\drtoolbox\._Readme.txt
108,INNER,dup,2026数学建模核心资料\美赛按题目题型分类常用算法代码程序包！\美赛照题目分类程序包【数学建模老哥】\美赛C题常见参考代码【数学建模老哥】\34种数据降维方法代码【数学建模老哥】\drtoolbox\._Readme.txt,2026数学建模核心资料\美赛按题目题型分类常用算法代码程序包！\数据处理类题型参考代码【数学建模老哥】\34种数据降维方法代码\drtoolbox\._Readme.txt
109,INNER,keep,2026数学建模核心资料\美赛按题目题型分类常用算法代码程序包！\数据处理类题型参考代码【数学建模老哥】\34种数据降维方法代码\drtoolbox\Readme.txt,2026数学建模核心资料\美赛按题目题型分类常用算法代码程序包！\数据处理类题型参考代码【数学建模老哥】\34种数据降维方法代码\drtoolbox\Readme.txt
109,INNER,dup,2026数学建模核心资料\美赛按题目题型分类常用算法代码程序包！\美赛照题目分类程序包【数学建模老哥】\美赛C题常见参考代码【数学建模老哥】\34种数据降维方法代码【数学建模老哥】\drtoolbox\Readme.txt,2026数学建模核心资料\美赛按题目题型分类常用算法代码程序包！\数据处理类题型参考代码【数学建模老哥】\34种数据降维方法代码\drtoolbox\Readme.txt
110,INNER,keep,2026数学建模核心资料\美赛按题目题型分类常用算法代码程序包！\数据处理类题型参考代码【数学建模老哥】\三次样条插值代码\三次样条插值代码.txt,2026数学建模核心资料\美赛按题目题型分类常用算法代码程序包！\数据处理类题型参考代码【数学建模老哥】\三次样条插值代码\三次样条插值代码.txt
110,INNER,dup,2026数学建模核心资料\美赛按题目题型分类常用算法代码程序包！\美赛照题目分类程序包【数学建模老哥】\美赛C题常见参考代码【数学建模老哥】\三次样条插值代码【数学建模老哥】\三次样条插值代码.txt,2026数学建模核心资料\美赛按题目题型分类常用算法代码程序包！\数据处理类题型参考代码【数学建模老哥】\三次样条插值代码\三次样条插值代码.txt
111,INNER,keep,2026数学建模核心资料\美赛按题目题型分类常用算法代码程序包！\数据处理类题型参考代码【数学建模老哥】\分段线性插值算法代码\分段线性插值代码.txt,2026数学建模核心资料\美赛按题目题型分类常用算法代码程序包！\数据处理类题型参考代码【数学建模老哥】\分段线性插值算法代码\分段线性插值代码.txt
111,INNER,dup,2026数学建模核心资料\美赛按题目题型分类常用算法代码程序包！\美赛照题目分类程序包【数学建模老哥】\美赛C题常见参考代码【数学建模老哥】\分段线性插值算法代码【数学建模老哥】\分段线性插值代码.txt,2026数学建模核心资料\美赛按题目题型分类常用算法代码程序包！\数据处理类题型参考代码【数学建模老哥】\分段线性插值算法代码\分段线性插值代码.txt
112,INNER,keep,2026数学建模核心资料\美赛按题目题型分类常用算法代码程序包！\数据处理类题型参考代码【数学建模老哥】\利用多尺度小波分解侦测时间序列中奇异点位置\www.downma.com.txt,2026数学建模核心资料\美赛按题目题型分类常用算法代码程序包！\数据处理类题型参考代码【数学建模老哥】\利用多尺度小波分解侦测时间序列中奇异点位置\www.downma.com.txt
112,INNER,dup,2026数学建模核心资料\美赛按题目题型分类常用算法代码程序包！\数据处理类题型参考代码【数学建模老哥】\基于压缩感知算法的数据压缩与复原代码\www.downma.com.txt,2026数学建模核心资料\美赛按题目题型分类常用算法代码程序包！\数据处理类题型参考代码【数学建模老哥】\利用多尺度小波分解侦测时间序列中奇异点位置\www.downma.com.txt
112,INNER,dup,2026数学建模核心资料\美赛按题目题型分类常用算法代码程序包！\数据处理类题型参考代码【数学建模老哥】\基于马氏距离剔除异常样本代码\www.downma.com.txt,2026数学建模核心资料\美赛按题目题型分类常用算法代码程序包！\数据处理类题型参考代码【数学建模老哥】\利用多尺度小波分解侦测时间序列中奇异点位置\www.downma.com.txt
112,INNER,dup,2026数学建模核心资料\美赛按题目题型分类常用算法代码程序包！\美赛照题目分类程序包【数学建模老哥】\美赛A题常见参考代码【数学建模老哥】\基于灰色关联系数的层次分析法【数学建模老哥】\www.downma.com.txt,2026数学建模核心资料\美赛按题目题型分类常用算法代码程序包！\数据处理类题型参考代码【数学建模老哥】\利用多尺度小波分解侦测时间序列中奇异点位置\www.downma.com.txt
112,INNER,dup,2026数学建模核心资料\美赛按题目题型分类常用算法代码程序包！\美赛照题目分类程序包【数学建模老哥】\美赛C题常见参考代码【数学建模老哥】\八种降维方法交互式界面【数学建模老哥】\www.downma.com.txt,2026数学建模核心资料\美赛按题目题型分类常用算法代码程序包！\数据处理类题型参考代码【数学建模老哥】\利用多尺度小波分解侦测时间序列中奇异点位置\www.downma.com.txt
112,INNER,dup,2026数学建模核心资料\美赛按题目题型分类常用算法代码程序包！\美赛照题目分类程序包【数学建模老哥】\美赛C题常见参考代码【数学建模老哥】\利用多尺度小波分解侦测时间序列中奇异点位置【数学建模老哥】\www.downma.com.txt,2026数学建模核心资料\美赛按题目题型分类常用算法代码程序包！\数据处理类题型参考代码【数学建模老哥】\利用多尺度小波分解侦测时间序列中奇异点位置\www.downma.com.txt
112,INNER,dup,2026数学建模核心资料\美赛按题目题型分类常用算法代码程序包！\美赛照题目分类程序包【数学建模老哥】\美赛C题常见参考代码【数学建模老哥】\基于压缩感知算法的数据压缩与复原代码【数学建模老哥】\www.downma.com.txt,2026数学建模核心资料\美赛按题目题型分类常用算法代码程序包！\数据处理类题型参考代码【数学建模老哥】\利用多尺度小波分解侦测时间序列中奇异点位置\www.downma.com.txt
112,INNER,dup,2026数学建模核心资料\美赛按题目题型分类常用算法代码程序包！\美赛照题目分类程序包【数学建模老哥】\美赛C题常见参考代码【数学建模老哥】\基于马氏距离剔除异常样本代码【数学建模老哥】\www.downma.com.txt,2026数学建模核心资料\美赛按题目题型分类常用算法代码程序包！\数据处理类题型参考代码【数学建模老哥】\利用多尺度小波分解侦测时间序列中奇异点位置\www.downma.com.txt
112,INNER,dup,2026数学建模核心资料\美赛按题目题型分类常用算法代码程序包！\美赛照题目分类程序包【数学建模老哥】\美赛C题常见参考代码【数学建模老哥】\微粒群算法结合灰色系统理论进行预测【数学建模老哥】\www.downma.com.txt,2026数学建模核心资料\美赛按题目题型分类常用算法代码程序包！\数据处理类题型参考代码【数学建模老哥】\利用多尺度小波分解侦测时间序列中奇异点位置\www.downma.com.txt
112,INNER,dup,2026数学建模核心资料\美赛按题目题型分类常用算法代码程序包！\美赛照题目分类程序包【数学建模老哥】\美赛D题常见参考代码【数学建模老哥】\传染病的蔓延模型代码【数学建模老哥】\www.downma.com.txt,2026数学建模核心资料\美赛按题目题型分类常用算法代码程序包！\数据处理类题型参考代码【数学建模老哥】\利用多尺度小波分解侦测时间序列中奇异点位置\www.downma.com.txt
112,INNER,dup,2026数学建模核心资料\美赛按题目题型分类常用算法代码程序包！\预测与预报类题型参考代码【数学建模老哥】\微粒群算法结合灰色系统理论进行预测\www.downma.com.txt,2026数学建模核心资料\美赛按题目题型分类常用算法代码程序包！\数据处理类题型参考代码【数学建模老哥】\利用多尺度小波分解侦测时间序列中奇异点位置\www.downma.com.txt
113,INNER,keep,2026数学建模核心资料\美赛按题目题型分类常用算法代码程序包！\数据处理类题型参考代码【数学建模老哥】\基于t-sne算法的降维可视化实例\新建文本文档.txt,2026数学建模核心资料\美赛按题目题型分类常用算法代码程序包！\数据处理类题型参考代码【数学建模老哥】\基于t-sne算法的降维可视化实例\新建文本文档.txt
113,INNER,dup,2026数学建模核心资料\美赛按题目题型分类常用算法代码程序包！\美赛照题目分类程序包【数学建模老哥】\美赛C题常见参考代码【数学建模老哥】\基于t-sne算法的降维可视化实例【数学建模老哥】\新建文本文档.txt,2026数学建模核心资料\美赛按题目题型分类常用算法代码程序包！\数据处理类题型参考代码【数学建模老哥】\基于t-sne算法的降维可视化实例\新建文本文档.txt
114,INNER,keep,2026数学建模核心资料\美赛按题目题型分类常用算法代码程序包！\数据处理类题型参考代码【数学建模老哥】\基于二维数据内插值代码\二维数据内插值代码.txt,2026数学建模核心资料\美赛按题目题型分类常用算法代码程序包！\数据处理类题型参考代码【数学建模老哥】\基于二维数据内插值代码\二维数据内插值代码.txt
114,INNER,dup,2026数学建模核心资料\美赛按题目题型分类常用算法代码程序包！\美赛照题目分类程序包【数学建模老哥】\美赛C题常见参考代码【数学建模老哥】\基于二维数据内插值代码【数学建模老哥】\二维数据内插值代码.txt,2026数学建模核心资料\美赛按题目题型分类常用算法代码程序包！\数据处理类题型参考代码【数学建模老哥】\基于二维数据内插值代码\二维数据内插值代码.txt
115,INNER,keep,2026数学建模核心资料\美赛按题目题型分类常用算法代码程序包！\数据处理类题型参考代码【数学建模老哥】\基于埃尔米特插值多项式代码\埃尔米特插值多项式代码.txt,2026数学建模核心资料\美赛按题目题型分类常用算法代码程序包！\数据处理类题型参考代码【数学建模老哥】\基于埃尔米特插值多项式代码\埃尔米特插值多项式代码.txt
115,INNER,dup,2026数学建模核心资料\美赛按题目题型分类常用算法代码程序包！\美赛照题目分类程序包【数学建模老哥】\美赛C题常见参考代码【数学建模老哥】\基于埃尔米特插值多项式代码【数学建模老哥】\埃尔米特插值多项式代码.txt,2026数学建模核心资料\美赛按题目题型分类常用算法代码程序包！\数据处理类题型参考代码【数学建模老哥】\基于埃尔米特插值多项式代码\埃尔米特插值多项式代码.txt
116,INNER,keep,2026数学建模核心资料\美赛按题目题型分类常用算法代码程序包！\数据处理类题型参考代码【数学建模老哥】\拉格朗日插值算法\拉格朗日插值算法代码.txt,2026数学建模核心资料\美赛按题目题型分类常用算法代码程序包！\数据处理类题型参考代码【数学建模老哥】\拉格朗日插值算法\拉格朗日插值算法代码.txt
116,INNER,dup,2026数学建模核心资料\美赛按题目题型分类常用算法代码程序包！\美赛照题目分类程序包【数学建模老哥】\美赛C题常见参考代码【数学建模老哥】\拉格朗日插值算法【数学建模老哥】\拉格朗日插值算法代码.txt,2026数学建模核心资料\美赛按题目题型分类常用算法代码程序包！\数据处理类题型参考代码【数学建模老哥】\拉格朗日插值算法\拉格朗日插值算法代码.txt
117,INNER,dup,2026数学建模核心资料\美赛按题目题型分类常用算法代码程序包！\美赛照题目分类程序包【数学建模老哥】\美赛A题常见参考代码【数学建模老哥】\基于Logistic回归模型评估企业还款能力代码【数学建模老哥】\Logistic回归模型代码.txt,2026数学建模核心资料\美赛按题目题型分类常用算法代码程序包！\预测与预报类题型参考代码【数学建模老哥】\基于Logistic回归模型评估企业还款能力代码\Logistic回归模型代码.txt
117,INNER,dup,2026数学建模核心资料\美赛按题目题型分类常用算法代码程序包！\美赛照题目分类程序包【数学建模老哥】\美赛F题常见参考代码【数学建模老哥】\基于Logistic回归模型评估企业还款能力代码【数学建模老哥】\Logistic回归模型代码.txt,2026数学建模核心资料\美赛按题目题型分类常用算法代码程序包！\预测与预报类题型参考代码【数学建模老哥】\基于Logistic回归模型评估企业还款能力代码\Logistic回归模型代码.txt
117,INNER,keep,2026数学建模核心资料\美赛按题目题型分类常用算法代码程序包！\预测与预报类题型参考代码【数学建模老哥】\基于Logistic回归模型评估企业还款能力代码\Logistic回归模型代码.txt,2026数学建模核心资料\美赛按题目题型分类常用算法代码程序包！\预测与预报类题型参考代码【数学建模老哥】\基于Logistic回归模型评估企业还款能力代码\Logistic回归模型代码.txt
118,INNER,dup,2026数学建模核心资料\美赛按题目题型分类常用算法代码程序包！\美赛照题目分类程序包【数学建模老哥】\美赛C题常见参考代码【数学建模老哥】\混沌时间序列的RBF神经网络预测代码【数学建模老哥】\www.downma.com.txt,2026数学建模核心资料\美赛按题目题型分类常用算法代码程序包！\预测与预报类题型参考代码【数学建模老哥】\混沌时间序列的RBF神经网络预测代码\www.downma.com.txt
118,INNER,keep,2026数学建模核心资料\美赛按题目题型分类常用算法代码程序包！\预测与预报类题型参考代码【数学建模老哥】\混沌时间序列的RBF神经网络预测代码\www.downma.com.txt,2026数学建模核心资料\美赛按题目题型分类常用算法代码程序包！\预测与预报类题型参考代码【数学建模老哥】\混沌时间序列的RBF神经网络预测代码\www.downma.com.txt
119,INNER,dup,2026数学建模核心资料\美赛按题目题型分类常用算法代码程序包！\美赛照题目分类程序包【数学建模老哥】\美赛F题常见参考代码【数学建模老哥】\基于单层竞争神经网络的患者癌症发病预测代码【数学建模老哥】\gene.txt,2026数学建模核心资料\美赛按题目题型分类常用算法代码程序包！\预测与预报类题型参考代码【数学建模老哥】\基于单层竞争神经网络的患者癌症发病预测代码\gene.txt
119,INNER,keep,2026数学建模核心资料\美赛按题目题型分类常用算法代码程序包！\预测与预报类题型参考代码【数学建模老哥】\基于单层竞争神经网络的患者癌症发病预测代码\gene.txt,2026数学建模核心资料\美赛按题目题型分类常用算法代码程序包！\预测与预报类题型参考代码【数学建模老哥】\基于单层竞争神经网络的患者癌症发病预测代码\gene.txt
120,INNER,dup,2026数学建模核心资料\美赛按题目题型分类常用算法代码程序包！\美赛照题目分类程序包【数学建模老哥】\美赛F题常见参考代码【数学建模老哥】\基于广义回归神经网络货运量预测代码【数学建模老哥】\运行提示.txt,2026数学建模核心资料\美赛按题目题型分类常用算法代码程序包！\预测与预报类题型参考代码【数学建模老哥】\基于广义回归神经网络货运量预测代码\运行提示.txt
120,INNER,keep,2026数学建模核心资料\美赛按题目题型分类常用算法代码程序包！\预测与预报类题型参考代码【数学建模老哥】\基于广义回归神经网络货运量预测代码\运行提示.txt,2026数学建模核心资料\美赛按题目题型分类常用算法代码程序包！\预测与预报类题型参考代码【数学建模老哥】\基于广义回归神经网络货运量预测代码\运行提示.txt
121,INNER,keep,2026老哥！2026国赛最强备战资料！3天速成国奖配套资料！\数学建模国赛常见题型及算法汇总.docx,2026老哥！2026国赛最强备战资料！3天速成国奖配套资料！\数学建模国赛常见题型及算法汇总.docx
121,INNER,dup,A157 2026数学建模国赛备战冲刺资料合集！\2026老哥！2026国赛最强备战资料！3天速成国奖配套资料！\数学建模国赛常见题型及算法汇总.docx,2026老哥！2026国赛最强备战资料！3天速成国奖配套资料！\数学建模国赛常见题型及算法汇总.docx
122,INNER,keep,2026数学建模核心资料\50多种常用算法源代码！（Matlab+Python）\0-1规划模型Matlab+Python代码\zero_one_programming(1).m,2026数学建模核心资料\50多种常用算法源代码！（Matlab+Python）\0-1规划模型Matlab+Python代码\zero_one_programming(1).m
122,INNER,dup,2026数学建模核心资料\50多种常用算法源代码！（Matlab+Python）\0-1规划模型Matlab+Python代码\zero_one_programming.m,2026数学建模核心资料\50多种常用算法源代码！（Matlab+Python）\0-1规划模型Matlab+Python代码\zero_one_programming(1).m
123,INNER,keep,2026数学建模核心资料\50多种常用算法源代码！（Matlab+Python）\0-1规划模型Matlab+Python代码\zero_one_programming(1).py,2026数学建模核心资料\50多种常用算法源代码！（Matlab+Python）\0-1规划模型Matlab+Python代码\zero_one_programming(1).py
123,INNER,dup,2026数学建模核心资料\50多种常用算法源代码！（Matlab+Python）\0-1规划模型Matlab+Python代码\zero_one_programming.py,2026数学建模核心资料\50多种常用算法源代码！（Matlab+Python）\0-1规划模型Matlab+Python代码\zero_one_programming(1).py
124,INNER,keep,2026数学建模核心资料\50多种常用算法源代码！（Matlab+Python）\ARMA时间序列预测模型Matlab+Python代码\arma_model(1).m,2026数学建模核心资料\50多种常用算法源代码！（Matlab+Python）\ARMA时间序列预测模型Matlab+Python代码\arma_model(1).m
124,INNER,dup,2026数学建模核心资料\50多种常用算法源代码！（Matlab+Python）\ARMA时间序列预测模型Matlab+Python代码\arma_model.m,2026数学建模核心资料\50多种常用算法源代码！（Matlab+Python）\ARMA时间序列预测模型Matlab+Python代码\arma_model(1).m
125,INNER,keep,2026数学建模核心资料\50多种常用算法源代码！（Matlab+Python）\ARMA时间序列预测模型Matlab+Python代码\arma_prediction(1).py,2026数学建模核心资料\50多种常用算法源代码！（Matlab+Python）\ARMA时间序列预测模型Matlab+Python代码\arma_prediction(1).py
125,INNER,dup,2026数学建模核心资料\50多种常用算法源代码！（Matlab+Python）\ARMA时间序列预测模型Matlab+Python代码\arma_prediction.py,2026数学建模核心资料\50多种常用算法源代码！（Matlab+Python）\ARMA时间序列预测模型Matlab+Python代码\arma_prediction(1).py
126,INNER,keep,2026数学建模核心资料\50多种常用算法源代码！（Matlab+Python）\BP 神经网络分类模型Matlab+Python代码\bp_neural_network(1).m,2026数学建模核心资料\50多种常用算法源代码！（Matlab+Python）\BP 神经网络分类模型Matlab+Python代码\bp_neural_network(1).m
126,INNER,dup,2026数学建模核心资料\50多种常用算法源代码！（Matlab+Python）\BP 神经网络分类模型Matlab+Python代码\bp_neural_network.m,2026数学建模核心资料\50多种常用算法源代码！（Matlab+Python）\BP 神经网络分类模型Matlab+Python代码\bp_neural_network(1).m
127,INNER,keep,2026数学建模核心资料\50多种常用算法源代码！（Matlab+Python）\BP 神经网络分类模型Matlab+Python代码\bp_neural_network(1).py,2026数学建模核心资料\50多种常用算法源代码！（Matlab+Python）\BP 神经网络分类模型Matlab+Python代码\bp_neural_network(1).py
127,INNER,dup,2026数学建模核心资料\50多种常用算法源代码！（Matlab+Python）\BP 神经网络分类模型Matlab+Python代码\bp_neural_network.py,2026数学建模核心资料\50多种常用算法源代码！（Matlab+Python）\BP 神经网络分类模型Matlab+Python代码\bp_neural_network(1).py
128,INNER,keep,2026数学建模核心资料\50多种常用算法源代码！（Matlab+Python）\BP神经网络预测模型Matlab+Python代码\bp_neural_network(1).m,2026数学建模核心资料\50多种常用算法源代码！（Matlab+Python）\BP神经网络预测模型Matlab+Python代码\bp_neural_network(1).m
128,INNER,dup,2026数学建模核心资料\50多种常用算法源代码！（Matlab+Python）\BP神经网络预测模型Matlab+Python代码\bp_neural_network.m,2026数学建模核心资料\50多种常用算法源代码！（Matlab+Python）\BP神经网络预测模型Matlab+Python代码\bp_neural_network(1).m
129,INNER,keep,2026数学建模核心资料\50多种常用算法源代码！（Matlab+Python）\BP神经网络预测模型Matlab+Python代码\bp_neural_network(1).py,2026数学建模核心资料\50多种常用算法源代码！（Matlab+Python）\BP神经网络预测模型Matlab+Python代码\bp_neural_network(1).py
129,INNER,dup,2026数学建模核心资料\50多种常用算法源代码！（Matlab+Python）\BP神经网络预测模型Matlab+Python代码\bp_neural_network.py,2026数学建模核心资料\50多种常用算法源代码！（Matlab+Python）\BP神经网络预测模型Matlab+Python代码\bp_neural_network(1).py
130,INNER,keep,2026数学建模核心资料\50多种常用算法源代码！（Matlab+Python）\DEA综合评价法Matlab+Python代码\dea_matlab_final(1).m,2026数学建模核心资料\50多种常用算法源代码！（Matlab+Python）\DEA综合评价法Matlab+Python代码\dea_matlab_final(1).m
130,INNER,dup,2026数学建模核心资料\50多种常用算法源代码！（Matlab+Python）\DEA综合评价法Matlab+Python代码\dea_matlab_final.m,2026数学建模核心资料\50多种常用算法源代码！（Matlab+Python）\DEA综合评价法Matlab+Python代码\dea_matlab_final(1).m
131,INNER,keep,2026数学建模核心资料\50多种常用算法源代码！（Matlab+Python）\DEA综合评价法Matlab+Python代码\dea_python_final(1).py,2026数学建模核心资料\50多种常用算法源代码！（Matlab+Python）\DEA综合评价法Matlab+Python代码\dea_python_final(1).py
131,INNER,dup,2026数学建模核心资料\50多种常用算法源代码！（Matlab+Python）\DEA综合评价法Matlab+Python代码\dea_python_final.py,2026数学建模核心资料\50多种常用算法源代码！（Matlab+Python）\DEA综合评价法Matlab+Python代码\dea_python_final(1).py
132,INNER,keep,2026数学建模核心资料\50多种常用算法源代码！（Matlab+Python）\Dijkstra 算法（最短路径算法）Matlab+Python代码\dijkstra_algorithm(1).m,2026数学建模核心资料\50多种常用算法源代码！（Matlab+Python）\Dijkstra 算法（最短路径算法）Matlab+Python代码\dijkstra_algorithm(1).m
132,INNER,dup,2026数学建模核心资料\50多种常用算法源代码！（Matlab+Python）\Dijkstra 算法（最短路径算法）Matlab+Python代码\dijkstra_algorithm.m,2026数学建模核心资料\50多种常用算法源代码！（Matlab+Python）\Dijkstra 算法（最短路径算法）Matlab+Python代码\dijkstra_algorithm(1).m
133,INNER,keep,2026数学建模核心资料\50多种常用算法源代码！（Matlab+Python）\Dijkstra 算法（最短路径算法）Matlab+Python代码\dijkstra_algorithm(1).py,2026数学建模核心资料\50多种常用算法源代码！（Matlab+Python）\Dijkstra 算法（最短路径算法）Matlab+Python代码\dijkstra_algorithm(1).py
133,INNER,dup,2026数学建模核心资料\50多种常用算法源代码！（Matlab+Python）\Dijkstra 算法（最短路径算法）Matlab+Python代码\dijkstra_algorithm.py,2026数学建模核心资料\50多种常用算法源代码！（Matlab+Python）\Dijkstra 算法（最短路径算法）Matlab+Python代码\dijkstra_algorithm(1).py
134,INNER,keep,2026数学建模核心资料\50多种常用算法源代码！（Matlab+Python）\Floyd 算法（全源最短路径算法）Matlab+Python代码\floyd_algorithm(1).m,2026数学建模核心资料\50多种常用算法源代码！（Matlab+Python）\Floyd 算法（全源最短路径算法）Matlab+Python代码\floyd_algorithm(1).m
134,INNER,dup,2026数学建模核心资料\50多种常用算法源代码！（Matlab+Python）\Floyd 算法（全源最短路径算法）Matlab+Python代码\floyd_algorithm.m,2026数学建模核心资料\50多种常用算法源代码！（Matlab+Python）\Floyd 算法（全源最短路径算法）Matlab+Python代码\floyd_algorithm(1).m
135,INNER,keep,2026数学建模核心资料\50多种常用算法源代码！（Matlab+Python）\Floyd 算法（全源最短路径算法）Matlab+Python代码\floyd_algorithm(1).py,2026数学建模核心资料\50多种常用算法源代码！（Matlab+Python）\Floyd 算法（全源最短路径算法）Matlab+Python代码\floyd_algorithm(1).py
135,INNER,dup,2026数学建模核心资料\50多种常用算法源代码！（Matlab+Python）\Floyd 算法（全源最短路径算法）Matlab+Python代码\floyd_algorithm.py,2026数学建模核心资料\50多种常用算法源代码！（Matlab+Python）\Floyd 算法（全源最短路径算法）Matlab+Python代码\floyd_algorithm(1).py
136,INNER,keep,2026数学建模核心资料\50多种常用算法源代码！（Matlab+Python）\K-means 聚类算法Matlab+Python代码\kmeans_clustering(1).m,2026数学建模核心资料\50多种常用算法源代码！（Matlab+Python）\K-means 聚类算法Matlab+Python代码\kmeans_clustering(1).m
136,INNER,dup,2026数学建模核心资料\50多种常用算法源代码！（Matlab+Python）\K-means 聚类算法Matlab+Python代码\kmeans_clustering.m,2026数学建模核心资料\50多种常用算法源代码！（Matlab+Python）\K-means 聚类算法Matlab+Python代码\kmeans_clustering(1).m
137,INNER,keep,2026数学建模核心资料\50多种常用算法源代码！（Matlab+Python）\K-means 聚类算法Matlab+Python代码\kmeans_clustering(1).py,2026数学建模核心资料\50多种常用算法源代码！（Matlab+Python）\K-means 聚类算法Matlab+Python代码\kmeans_clustering(1).py
137,INNER,dup,2026数学建模核心资料\50多种常用算法源代码！（Matlab+Python）\K-means 聚类算法Matlab+Python代码\kmeans_clustering.py,2026数学建模核心资料\50多种常用算法源代码！（Matlab+Python）\K-means 聚类算法Matlab+Python代码\kmeans_clustering(1).py
138,INNER,keep,2026数学建模核心资料\50多种常用算法源代码！（Matlab+Python）\Kendall 相关系数（特殊的相关性分析）Matlab+Python代码\kendall_correlation(1).m,2026数学建模核心资料\50多种常用算法源代码！（Matlab+Python）\Kendall 相关系数（特殊的相关性分析）Matlab+Python代码\kendall_correlation(1).m
138,INNER,dup,2026数学建模核心资料\50多种常用算法源代码！（Matlab+Python）\Kendall 相关系数（特殊的相关性分析）Matlab+Python代码\kendall_correlation.m,2026数学建模核心资料\50多种常用算法源代码！（Matlab+Python）\Kendall 相关系数（特殊的相关性分析）Matlab+Python代码\kendall_correlation(1).m
139,INNER,keep,2026数学建模核心资料\50多种常用算法源代码！（Matlab+Python）\Kendall 相关系数（特殊的相关性分析）Matlab+Python代码\kendall_correlation(1).py,2026数学建模核心资料\50多种常用算法源代码！（Matlab+Python）\Kendall 相关系数（特殊的相关性分析）Matlab+Python代码\kendall_correlation(1).py
139,INNER,dup,2026数学建模核心资料\50多种常用算法源代码！（Matlab+Python）\Kendall 相关系数（特殊的相关性分析）Matlab+Python代码\kendall_correlation.py,2026数学建模核心资料\50多种常用算法源代码！（Matlab+Python）\Kendall 相关系数（特殊的相关性分析）Matlab+Python代码\kendall_correlation(1).py
140,INNER,keep,2026数学建模核心资料\50多种常用算法源代码！（Matlab+Python）\KNN 分类模型Matlab+Python代码\knn_classification(1).m,2026数学建模核心资料\50多种常用算法源代码！（Matlab+Python）\KNN 分类模型Matlab+Python代码\knn_classification(1).m
140,INNER,dup,2026数学建模核心资料\50多种常用算法源代码！（Matlab+Python）\KNN 分类模型Matlab+Python代码\knn_classification.m,2026数学建模核心资料\50多种常用算法源代码！（Matlab+Python）\KNN 分类模型Matlab+Python代码\knn_classification(1).m
141,INNER,keep,2026数学建模核心资料\50多种常用算法源代码！（Matlab+Python）\KNN 分类模型Matlab+Python代码\knn_classification(1).py,2026数学建模核心资料\50多种常用算法源代码！（Matlab+Python）\KNN 分类模型Matlab+Python代码\knn_classification(1).py
141,INNER,dup,2026数学建模核心资料\50多种常用算法源代码！（Matlab+Python）\KNN 分类模型Matlab+Python代码\knn_classification.py,2026数学建模核心资料\50多种常用算法源代码！（Matlab+Python）\KNN 分类模型Matlab+Python代码\knn_classification(1).py
142,INNER,keep,2026数学建模核心资料\50多种常用算法源代码！（Matlab+Python）\Logistic预测模型Matlab+Python代码\logistic_prediction(1).m,2026数学建模核心资料\50多种常用算法源代码！（Matlab+Python）\Logistic预测模型Matlab+Python代码\logistic_prediction(1).m
142,INNER,dup,2026数学建模核心资料\50多种常用算法源代码！（Matlab+Python）\Logistic预测模型Matlab+Python代码\logistic_prediction.m,2026数学建模核心资料\50多种常用算法源代码！（Matlab+Python）\Logistic预测模型Matlab+Python代码\logistic_prediction(1).m
143,INNER,keep,2026数学建模核心资料\50多种常用算法源代码！（Matlab+Python）\Logistic预测模型Matlab+Python代码\logistic_prediction(1).py,2026数学建模核心资料\50多种常用算法源代码！（Matlab+Python）\Logistic预测模型Matlab+Python代码\logistic_prediction(1).py
143,INNER,dup,2026数学建模核心资料\50多种常用算法源代码！（Matlab+Python）\Logistic预测模型Matlab+Python代码\logistic_prediction.py,2026数学建模核心资料\50多种常用算法源代码！（Matlab+Python）\Logistic预测模型Matlab+Python代码\logistic_prediction(1).py
144,INNER,keep,2026数学建模核心资料\50多种常用算法源代码！（Matlab+Python）\PCA 主成分分析法Matlab+Python代码\pca_analysis(1).m,2026数学建模核心资料\50多种常用算法源代码！（Matlab+Python）\PCA 主成分分析法Matlab+Python代码\pca_analysis(1).m
144,INNER,dup,2026数学建模核心资料\50多种常用算法源代码！（Matlab+Python）\PCA 主成分分析法Matlab+Python代码\pca_analysis.m,2026数学建模核心资料\50多种常用算法源代码！（Matlab+Python）\PCA 主成分分析法Matlab+Python代码\pca_analysis(1).m
145,INNER,keep,2026数学建模核心资料\50多种常用算法源代码！（Matlab+Python）\PCA 主成分分析法Matlab+Python代码\pca_analysis(1).py,2026数学建模核心资料\50多种常用算法源代码！（Matlab+Python）\PCA 主成分分析法Matlab+Python代码\pca_analysis(1).py
145,INNER,dup,2026数学建模核心资料\50多种常用算法源代码！（Matlab+Python）\PCA 主成分分析法Matlab+Python代码\pca_analysis.py,2026数学建模核心资料\50多种常用算法源代码！（Matlab+Python）\PCA 主成分分析法Matlab+Python代码\pca_analysis(1).py
146,INNER,keep,2026数学建模核心资料\50多种常用算法源代码！（Matlab+Python）\SOM 自组织神经网络Matlab+Python代码\som_clustering(1).m,2026数学建模核心资料\50多种常用算法源代码！（Matlab+Python）\SOM 自组织神经网络Matlab+Python代码\som_clustering(1).m
146,INNER,dup,2026数学建模核心资料\50多种常用算法源代码！（Matlab+Python）\SOM 自组织神经网络Matlab+Python代码\som_clustering.m,2026数学建模核心资料\50多种常用算法源代码！（Matlab+Python）\SOM 自组织神经网络Matlab+Python代码\som_clustering(1).m
147,INNER,keep,2026数学建模核心资料\50多种常用算法源代码！（Matlab+Python）\SOM 自组织神经网络Matlab+Python代码\som_clustering(1).py,2026数学建模核心资料\50多种常用算法源代码！（Matlab+Python）\SOM 自组织神经网络Matlab+Python代码\som_clustering(1).py
147,INNER,dup,2026数学建模核心资料\50多种常用算法源代码！（Matlab+Python）\SOM 自组织神经网络Matlab+Python代码\som_clustering.py,2026数学建模核心资料\50多种常用算法源代码！（Matlab+Python）\SOM 自组织神经网络Matlab+Python代码\som_clustering(1).py
148,INNER,keep,2026数学建模核心资料\50多种常用算法源代码！（Matlab+Python）\T-SNE 降维算法Matlab+Python代码\t_sne_analysis(1).m,2026数学建模核心资料\50多种常用算法源代码！（Matlab+Python）\T-SNE 降维算法Matlab+Python代码\t_sne_analysis(1).m
148,INNER,dup,2026数学建模核心资料\50多种常用算法源代码！（Matlab+Python）\T-SNE 降维算法Matlab+Python代码\t_sne_analysis.m,2026数学建模核心资料\50多种常用算法源代码！（Matlab+Python）\T-SNE 降维算法Matlab+Python代码\t_sne_analysis(1).m
149,INNER,keep,2026数学建模核心资料\50多种常用算法源代码！（Matlab+Python）\T-SNE 降维算法Matlab+Python代码\t_sne_analysis(1).py,2026数学建模核心资料\50多种常用算法源代码！（Matlab+Python）\T-SNE 降维算法Matlab+Python代码\t_sne_analysis(1).py
149,INNER,dup,2026数学建模核心资料\50多种常用算法源代码！（Matlab+Python）\T-SNE 降维算法Matlab+Python代码\t_sne_analysis.py,2026数学建模核心资料\50多种常用算法源代码！（Matlab+Python）\T-SNE 降维算法Matlab+Python代码\t_sne_analysis(1).py
150,INNER,keep,2026数学建模核心资料\50多种常用算法源代码！（Matlab+Python）\TOPSIS综合评价法Matlab+Python代码\topsis_matlab_final(1).m,2026数学建模核心资料\50多种常用算法源代码！（Matlab+Python）\TOPSIS综合评价法Matlab+Python代码\topsis_matlab_final(1).m
150,INNER,dup,2026数学建模核心资料\50多种常用算法源代码！（Matlab+Python）\TOPSIS综合评价法Matlab+Python代码\topsis_matlab_final.m,2026数学建模核心资料\50多种常用算法源代码！（Matlab+Python）\TOPSIS综合评价法Matlab+Python代码\topsis_matlab_final(1).m
151,INNER,keep,2026数学建模核心资料\50多种常用算法源代码！（Matlab+Python）\TOPSIS综合评价法Matlab+Python代码\topsis_python_final(1).py,2026数学建模核心资料\50多种常用算法源代码！（Matlab+Python）\TOPSIS综合评价法Matlab+Python代码\topsis_python_final(1).py
151,INNER,dup,2026数学建模核心资料\50多种常用算法源代码！（Matlab+Python）\TOPSIS综合评价法Matlab+Python代码\topsis_python_final.py,2026数学建模核心资料\50多种常用算法源代码！（Matlab+Python）\TOPSIS综合评价法Matlab+Python代码\topsis_python_final(1).py
152,INNER,keep,2026数学建模核心资料\50多种常用算法源代码！（Matlab+Python）\UMAP 降维法Matlab+Python代码\umap_analysis(1).m,2026数学建模核心资料\50多种常用算法源代码！（Matlab+Python）\UMAP 降维法Matlab+Python代码\umap_analysis(1).m
152,INNER,dup,2026数学建模核心资料\50多种常用算法源代码！（Matlab+Python）\UMAP 降维法Matlab+Python代码\umap_analysis.m,2026数学建模核心资料\50多种常用算法源代码！（Matlab+Python）\UMAP 降维法Matlab+Python代码\umap_analysis(1).m
153,INNER,keep,2026数学建模核心资料\50多种常用算法源代码！（Matlab+Python）\UMAP 降维法Matlab+Python代码\umap_analysis(1).py,2026数学建模核心资料\50多种常用算法源代码！（Matlab+Python）\UMAP 降维法Matlab+Python代码\umap_analysis(1).py
153,INNER,dup,2026数学建模核心资料\50多种常用算法源代码！（Matlab+Python）\UMAP 降维法Matlab+Python代码\umap_analysis.py,2026数学建模核心资料\50多种常用算法源代码！（Matlab+Python）\UMAP 降维法Matlab+Python代码\umap_analysis(1).py
154,INNER,keep,2026数学建模核心资料\50多种常用算法源代码！（Matlab+Python）\二次指数平滑预测Matlab+Python代码\quadratic_exponential_smoothing(1).m,2026数学建模核心资料\50多种常用算法源代码！（Matlab+Python）\二次指数平滑预测Matlab+Python代码\quadratic_exponential_smoothing(1).m
154,INNER,dup,2026数学建模核心资料\50多种常用算法源代码！（Matlab+Python）\二次指数平滑预测Matlab+Python代码\quadratic_exponential_smoothing.m,2026数学建模核心资料\50多种常用算法源代码！（Matlab+Python）\二次指数平滑预测Matlab+Python代码\quadratic_exponential_smoothing(1).m
155,INNER,keep,2026数学建模核心资料\50多种常用算法源代码！（Matlab+Python）\二次指数平滑预测Matlab+Python代码\quadratic_exponential_smoothing(1).py,2026数学建模核心资料\50多种常用算法源代码！（Matlab+Python）\二次指数平滑预测Matlab+Python代码\quadratic_exponential_smoothing(1).py
155,INNER,dup,2026数学建模核心资料\50多种常用算法源代码！（Matlab+Python）\二次指数平滑预测Matlab+Python代码\quadratic_exponential_smoothing.py,2026数学建模核心资料\50多种常用算法源代码！（Matlab+Python）\二次指数平滑预测Matlab+Python代码\quadratic_exponential_smoothing(1).py
156,INNER,keep,2026数学建模核心资料\50多种常用算法源代码！（Matlab+Python）\人口模型Matlab+Python代码\population_model(1).m,2026数学建模核心资料\50多种常用算法源代码！（Matlab+Python）\人口模型Matlab+Python代码\population_model(1).m
156,INNER,dup,2026数学建模核心资料\50多种常用算法源代码！（Matlab+Python）\人口模型Matlab+Python代码\population_model.m,2026数学建模核心资料\50多种常用算法源代码！（Matlab+Python）\人口模型Matlab+Python代码\population_model(1).m
157,INNER,keep,2026数学建模核心资料\50多种常用算法源代码！（Matlab+Python）\人口模型Matlab+Python代码\population_model(1).py,2026数学建模核心资料\50多种常用算法源代码！（Matlab+Python）\人口模型Matlab+Python代码\population_model(1).py
157,INNER,dup,2026数学建模核心资料\50多种常用算法源代码！（Matlab+Python）\人口模型Matlab+Python代码\population_model.py,2026数学建模核心资料\50多种常用算法源代码！（Matlab+Python）\人口模型Matlab+Python代码\population_model(1).py
158,INNER,keep,2026数学建模核心资料\50多种常用算法源代码！（Matlab+Python）\传染病模型Matlab+Python代码\epidemic_model(1).m,2026数学建模核心资料\50多种常用算法源代码！（Matlab+Python）\传染病模型Matlab+Python代码\epidemic_model(1).m
158,INNER,dup,2026数学建模核心资料\50多种常用算法源代码！（Matlab+Python）\传染病模型Matlab+Python代码\epidemic_model.m,2026数学建模核心资料\50多种常用算法源代码！（Matlab+Python）\传染病模型Matlab+Python代码\epidemic_model(1).m
159,INNER,keep,2026数学建模核心资料\50多种常用算法源代码！（Matlab+Python）\传染病模型Matlab+Python代码\epidemic_model(1).py,2026数学建模核心资料\50多种常用算法源代码！（Matlab+Python）\传染病模型Matlab+Python代码\epidemic_model(1).py
159,INNER,dup,2026数学建模核心资料\50多种常用算法源代码！（Matlab+Python）\传染病模型Matlab+Python代码\epidemic_model.py,2026数学建模核心资料\50多种常用算法源代码！（Matlab+Python）\传染病模型Matlab+Python代码\epidemic_model(1).py
160,INNER,keep,2026数学建模核心资料\50多种常用算法源代码！（Matlab+Python）\决策树分类模型Matlab+Python代码\decision_tree_classification(1).m,2026数学建模核心资料\50多种常用算法源代码！（Matlab+Python）\决策树分类模型Matlab+Python代码\decision_tree_classification(1).m
160,INNER,dup,2026数学建模核心资料\50多种常用算法源代码！（Matlab+Python）\决策树分类模型Matlab+Python代码\decision_tree_classification.m,2026数学建模核心资料\50多种常用算法源代码！（Matlab+Python）\决策树分类模型Matlab+Python代码\decision_tree_classification(1).m
161,INNER,keep,2026数学建模核心资料\50多种常用算法源代码！（Matlab+Python）\决策树分类模型Matlab+Python代码\decision_tree_classification(1).py,2026数学建模核心资料\50多种常用算法源代码！（Matlab+Python）\决策树分类模型Matlab+Python代码\decision_tree_classification(1).py
161,INNER,dup,2026数学建模核心资料\50多种常用算法源代码！（Matlab+Python）\决策树分类模型Matlab+Python代码\decision_tree_classification.py,2026数学建模核心资料\50多种常用算法源代码！（Matlab+Python）\决策树分类模型Matlab+Python代码\decision_tree_classification(1).py
162,INNER,keep,2026数学建模核心资料\50多种常用算法源代码！（Matlab+Python）\动态优化模型Matlab+Python代码\dynamic_programming(1).m,2026数学建模核心资料\50多种常用算法源代码！（Matlab+Python）\动态优化模型Matlab+Python代码\dynamic_programming(1).m
162,INNER,dup,2026数学建模核心资料\50多种常用算法源代码！（Matlab+Python）\动态优化模型Matlab+Python代码\dynamic_programming.m,2026数学建模核心资料\50多种常用算法源代码！（Matlab+Python）\动态优化模型Matlab+Python代码\dynamic_programming(1).m
163,INNER,keep,2026数学建模核心资料\50多种常用算法源代码！（Matlab+Python）\动态优化模型Matlab+Python代码\dynamic_programming(1).py,2026数学建模核心资料\50多种常用算法源代码！（Matlab+Python）\动态优化模型Matlab+Python代码\dynamic_programming(1).py
163,INNER,dup,2026数学建模核心资料\50多种常用算法源代码！（Matlab+Python）\动态优化模型Matlab+Python代码\dynamic_programming.py,2026数学建模核心资料\50多种常用算法源代码！（Matlab+Python）\动态优化模型Matlab+Python代码\dynamic_programming(1).py
164,INNER,keep,2026数学建模核心资料\50多种常用算法源代码！（Matlab+Python）\回归分析预测模型Matlab+Python代码\regression_analysis(1).m,2026数学建模核心资料\50多种常用算法源代码！（Matlab+Python）\回归分析预测模型Matlab+Python代码\regression_analysis(1).m
164,INNER,dup,2026数学建模核心资料\50多种常用算法源代码！（Matlab+Python）\回归分析预测模型Matlab+Python代码\regression_analysis.m,2026数学建模核心资料\50多种常用算法源代码！（Matlab+Python）\回归分析预测模型Matlab+Python代码\regression_analysis(1).m
165,INNER,keep,2026数学建模核心资料\50多种常用算法源代码！（Matlab+Python）\回归分析预测模型Matlab+Python代码\regression_analysis(1).py,2026数学建模核心资料\50多种常用算法源代码！（Matlab+Python）\回归分析预测模型Matlab+Python代码\regression_analysis(1).py
165,INNER,dup,2026数学建模核心资料\50多种常用算法源代码！（Matlab+Python）\回归分析预测模型Matlab+Python代码\regression_analysis.py,2026数学建模核心资料\50多种常用算法源代码！（Matlab+Python）\回归分析预测模型Matlab+Python代码\regression_analysis(1).py
166,INNER,keep,2026数学建模核心资料\50多种常用算法源代码！（Matlab+Python）\多目标规划模型Matlab+Python代码\multi_objective_programming(1).m,2026数学建模核心资料\50多种常用算法源代码！（Matlab+Python）\多目标规划模型Matlab+Python代码\multi_objective_programming(1).m
166,INNER,dup,2026数学建模核心资料\50多种常用算法源代码！（Matlab+Python）\多目标规划模型Matlab+Python代码\multi_objective_programming.m,2026数学建模核心资料\50多种常用算法源代码！（Matlab+Python）\多目标规划模型Matlab+Python代码\multi_objective_programming(1).m
167,INNER,keep,2026数学建模核心资料\50多种常用算法源代码！（Matlab+Python）\多目标规划模型Matlab+Python代码\multi_objective_programming(1).py,2026数学建模核心资料\50多种常用算法源代码！（Matlab+Python）\多目标规划模型Matlab+Python代码\multi_objective_programming(1).py
167,INNER,dup,2026数学建模核心资料\50多种常用算法源代码！（Matlab+Python）\多目标规划模型Matlab+Python代码\multi_objective_programming.py,2026数学建模核心资料\50多种常用算法源代码！（Matlab+Python）\多目标规划模型Matlab+Python代码\multi_objective_programming(1).py
168,INNER,keep,2026数学建模核心资料\50多种常用算法源代码！（Matlab+Python）\季节指数预测模型Matlab+Python代码\seasonal_index_prediction(1).m,2026数学建模核心资料\50多种常用算法源代码！（Matlab+Python）\季节指数预测模型Matlab+Python代码\seasonal_index_prediction(1).m
168,INNER,dup,2026数学建模核心资料\50多种常用算法源代码！（Matlab+Python）\季节指数预测模型Matlab+Python代码\seasonal_index_prediction.m,2026数学建模核心资料\50多种常用算法源代码！（Matlab+Python）\季节指数预测模型Matlab+Python代码\seasonal_index_prediction(1).m
169,INNER,keep,2026数学建模核心资料\50多种常用算法源代码！（Matlab+Python）\季节指数预测模型Matlab+Python代码\seasonal_index_prediction(1).py,2026数学建模核心资料\50多种常用算法源代码！（Matlab+Python）\季节指数预测模型Matlab+Python代码\seasonal_index_prediction(1).py
169,INNER,dup,2026数学建模核心资料\50多种常用算法源代码！（Matlab+Python）\季节指数预测模型Matlab+Python代码\seasonal_index_prediction.py,2026数学建模核心资料\50多种常用算法源代码！（Matlab+Python）\季节指数预测模型Matlab+Python代码\seasonal_index_prediction(1).py
170,INNER,keep,2026数学建模核心资料\50多种常用算法源代码！（Matlab+Python）\层次分析法Matlab+Python代码\ahp_matlab_final(1).m,2026数学建模核心资料\50多种常用算法源代码！（Matlab+Python）\层次分析法Matlab+Python代码\ahp_matlab_final(1).m
170,INNER,dup,2026数学建模核心资料\50多种常用算法源代码！（Matlab+Python）\层次分析法Matlab+Python代码\ahp_matlab_final.m,2026数学建模核心资料\50多种常用算法源代码！（Matlab+Python）\层次分析法Matlab+Python代码\ahp_matlab_final(1).m
171,INNER,keep,2026数学建模核心资料\50多种常用算法源代码！（Matlab+Python）\层次分析法Matlab+Python代码\ahp_python_final(1).py,2026数学建模核心资料\50多种常用算法源代码！（Matlab+Python）\层次分析法Matlab+Python代码\ahp_python_final(1).py
171,INNER,dup,2026数学建模核心资料\50多种常用算法源代码！（Matlab+Python）\层次分析法Matlab+Python代码\ahp_python_final.py,2026数学建模核心资料\50多种常用算法源代码！（Matlab+Python）\层次分析法Matlab+Python代码\ahp_python_final(1).py
172,INNER,keep,2026数学建模核心资料\50多种常用算法源代码！（Matlab+Python）\层次聚类算法Matlab+Python代码\hierarchical_clustering(1).m,2026数学建模核心资料\50多种常用算法源代码！（Matlab+Python）\层次聚类算法Matlab+Python代码\hierarchical_clustering(1).m
172,INNER,dup,2026数学建模核心资料\50多种常用算法源代码！（Matlab+Python）\层次聚类算法Matlab+Python代码\hierarchical_clustering.m,2026数学建模核心资料\50多种常用算法源代码！（Matlab+Python）\层次聚类算法Matlab+Python代码\hierarchical_clustering(1).m
173,INNER,keep,2026数学建模核心资料\50多种常用算法源代码！（Matlab+Python）\层次聚类算法Matlab+Python代码\hierarchical_clustering(1).py,2026数学建模核心资料\50多种常用算法源代码！（Matlab+Python）\层次聚类算法Matlab+Python代码\hierarchical_clustering(1).py
173,INNER,dup,2026数学建模核心资料\50多种常用算法源代码！（Matlab+Python）\层次聚类算法Matlab+Python代码\hierarchical_clustering.py,2026数学建模核心资料\50多种常用算法源代码！（Matlab+Python）\层次聚类算法Matlab+Python代码\hierarchical_clustering(1).py
174,INNER,keep,2026数学建模核心资料\50多种常用算法源代码！（Matlab+Python）\战争模型Matlab+Python代码\war_model(1).m,2026数学建模核心资料\50多种常用算法源代码！（Matlab+Python）\战争模型Matlab+Python代码\war_model(1).m
174,INNER,dup,2026数学建模核心资料\50多种常用算法源代码！（Matlab+Python）\战争模型Matlab+Python代码\war_model.m,2026数学建模核心资料\50多种常用算法源代码！（Matlab+Python）\战争模型Matlab+Python代码\war_model(1).m
175,INNER,keep,2026数学建模核心资料\50多种常用算法源代码！（Matlab+Python）\战争模型Matlab+Python代码\war_model(1).py,2026数学建模核心资料\50多种常用算法源代码！（Matlab+Python）\战争模型Matlab+Python代码\war_model(1).py
175,INNER,dup,2026数学建模核心资料\50多种常用算法源代码！（Matlab+Python）\战争模型Matlab+Python代码\war_model.py,2026数学建模核心资料\50多种常用算法源代码！（Matlab+Python）\战争模型Matlab+Python代码\war_model(1).py
176,INNER,keep,2026数学建模核心资料\50多种常用算法源代码！（Matlab+Python）\拉格朗日插值法Matlab+Python代码\lagrange_interpolation(1).m,2026数学建模核心资料\50多种常用算法源代码！（Matlab+Python）\拉格朗日插值法Matlab+Python代码\lagrange_interpolation(1).m
176,INNER,dup,2026数学建模核心资料\50多种常用算法源代码！（Matlab+Python）\拉格朗日插值法Matlab+Python代码\lagrange_interpolation.m,2026数学建模核心资料\50多种常用算法源代码！（Matlab+Python）\拉格朗日插值法Matlab+Python代码\lagrange_interpolation(1).m
177,INNER,keep,2026数学建模核心资料\50多种常用算法源代码！（Matlab+Python）\拉格朗日插值法Matlab+Python代码\lagrange_interpolation(1).py,2026数学建模核心资料\50多种常用算法源代码！（Matlab+Python）\拉格朗日插值法Matlab+Python代码\lagrange_interpolation(1).py
177,INNER,dup,2026数学建模核心资料\50多种常用算法源代码！（Matlab+Python）\拉格朗日插值法Matlab+Python代码\lagrange_interpolation.py,2026数学建模核心资料\50多种常用算法源代码！（Matlab+Python）\拉格朗日插值法Matlab+Python代码\lagrange_interpolation(1).py
178,INNER,keep,2026数学建模核心资料\50多种常用算法源代码！（Matlab+Python）\整数规划模型\integer_programming(1).m,2026数学建模核心资料\50多种常用算法源代码！（Matlab+Python）\整数规划模型\integer_programming(1).m
178,INNER,dup,2026数学建模核心资料\50多种常用算法源代码！（Matlab+Python）\整数规划模型\integer_programming.m,2026数学建模核心资料\50多种常用算法源代码！（Matlab+Python）\整数规划模型\integer_programming(1).m
179,INNER,keep,2026数学建模核心资料\50多种常用算法源代码！（Matlab+Python）\整数规划模型\integer_programming(1).py,2026数学建模核心资料\50多种常用算法源代码！（Matlab+Python）\整数规划模型\integer_programming(1).py
179,INNER,dup,2026数学建模核心资料\50多种常用算法源代码！（Matlab+Python）\整数规划模型\integer_programming.py,2026数学建模核心资料\50多种常用算法源代码！（Matlab+Python）\整数规划模型\integer_programming(1).py
180,INNER,keep,2026数学建模核心资料\50多种常用算法源代码！（Matlab+Python）\最速下降法\steepest_descent(1).m,2026数学建模核心资料\50多种常用算法源代码！（Matlab+Python）\最速下降法\steepest_descent(1).m
180,INNER,dup,2026数学建模核心资料\50多种常用算法源代码！（Matlab+Python）\最速下降法\steepest_descent.m,2026数学建模核心资料\50多种常用算法源代码！（Matlab+Python）\最速下降法\steepest_descent(1).m
181,INNER,keep,2026数学建模核心资料\50多种常用算法源代码！（Matlab+Python）\最速下降法\steepest_descent(1).py,2026数学建模核心资料\50多种常用算法源代码！（Matlab+Python）\最速下降法\steepest_descent(1).py
181,INNER,dup,2026数学建模核心资料\50多种常用算法源代码！（Matlab+Python）\最速下降法\steepest_descent.py,2026数学建模核心资料\50多种常用算法源代码！（Matlab+Python）\最速下降法\steepest_descent(1).py
182,INNER,keep,2026数学建模核心资料\50多种常用算法源代码！（Matlab+Python）\朴素贝叶斯分类模型Matlab+Python代码\naive_bayes_classification(1).m,2026数学建模核心资料\50多种常用算法源代码！（Matlab+Python）\朴素贝叶斯分类模型Matlab+Python代码\naive_bayes_classification(1).m
182,INNER,dup,2026数学建模核心资料\50多种常用算法源代码！（Matlab+Python）\朴素贝叶斯分类模型Matlab+Python代码\naive_bayes_classification.m,2026数学建模核心资料\50多种常用算法源代码！（Matlab+Python）\朴素贝叶斯分类模型Matlab+Python代码\naive_bayes_classification(1).m
183,INNER,keep,2026数学建模核心资料\50多种常用算法源代码！（Matlab+Python）\朴素贝叶斯分类模型Matlab+Python代码\naive_bayes_classification(1).py,2026数学建模核心资料\50多种常用算法源代码！（Matlab+Python）\朴素贝叶斯分类模型Matlab+Python代码\naive_bayes_classification(1).py
183,INNER,dup,2026数学建模核心资料\50多种常用算法源代码！（Matlab+Python）\朴素贝叶斯分类模型Matlab+Python代码\naive_bayes_classification.py,2026数学建模核心资料\50多种常用算法源代码！（Matlab+Python）\朴素贝叶斯分类模型Matlab+Python代码\naive_bayes_classification(1).py
184,INNER,keep,2026数学建模核心资料\50多种常用算法源代码！（Matlab+Python）\标准差法检测异常值Matlab+Python代码\std_outlier_detection(1).m,2026数学建模核心资料\50多种常用算法源代码！（Matlab+Python）\标准差法检测异常值Matlab+Python代码\std_outlier_detection(1).m
184,INNER,dup,2026数学建模核心资料\50多种常用算法源代码！（Matlab+Python）\标准差法检测异常值Matlab+Python代码\std_outlier_detection.m,2026数学建模核心资料\50多种常用算法源代码！（Matlab+Python）\标准差法检测异常值Matlab+Python代码\std_outlier_detection(1).m
185,INNER,keep,2026数学建模核心资料\50多种常用算法源代码！（Matlab+Python）\标准差法检测异常值Matlab+Python代码\std_outlier_detection(1).py,2026数学建模核心资料\50多种常用算法源代码！（Matlab+Python）\标准差法检测异常值Matlab+Python代码\std_outlier_detection(1).py
185,INNER,dup,2026数学建模核心资料\50多种常用算法源代码！（Matlab+Python）\标准差法检测异常值Matlab+Python代码\std_outlier_detection.py,2026数学建模核心资料\50多种常用算法源代码！（Matlab+Python）\标准差法检测异常值Matlab+Python代码\std_outlier_detection(1).py
186,INNER,keep,2026数学建模核心资料\50多种常用算法源代码！（Matlab+Python）\模拟退火Matlab+Python代码\simulated_annealing(1).m,2026数学建模核心资料\50多种常用算法源代码！（Matlab+Python）\模拟退火Matlab+Python代码\simulated_annealing(1).m
186,INNER,dup,2026数学建模核心资料\50多种常用算法源代码！（Matlab+Python）\模拟退火Matlab+Python代码\simulated_annealing.m,2026数学建模核心资料\50多种常用算法源代码！（Matlab+Python）\模拟退火Matlab+Python代码\simulated_annealing(1).m
187,INNER,keep,2026数学建模核心资料\50多种常用算法源代码！（Matlab+Python）\模拟退火Matlab+Python代码\simulated_annealing(1).py,2026数学建模核心资料\50多种常用算法源代码！（Matlab+Python）\模拟退火Matlab+Python代码\simulated_annealing(1).py
187,INNER,dup,2026数学建模核心资料\50多种常用算法源代码！（Matlab+Python）\模拟退火Matlab+Python代码\simulated_annealing.py,2026数学建模核心资料\50多种常用算法源代码！（Matlab+Python）\模拟退火Matlab+Python代码\simulated_annealing(1).py
188,INNER,keep,2026数学建模核心资料\50多种常用算法源代码！（Matlab+Python）\模糊综合评价法Matlab+Python代码\fuzzy_matlab_final(1).m,2026数学建模核心资料\50多种常用算法源代码！（Matlab+Python）\模糊综合评价法Matlab+Python代码\fuzzy_matlab_final(1).m
188,INNER,dup,2026数学建模核心资料\50多种常用算法源代码！（Matlab+Python）\模糊综合评价法Matlab+Python代码\fuzzy_matlab_final.m,2026数学建模核心资料\50多种常用算法源代码！（Matlab+Python）\模糊综合评价法Matlab+Python代码\fuzzy_matlab_final(1).m
189,INNER,keep,2026数学建模核心资料\50多种常用算法源代码！（Matlab+Python）\模糊综合评价法Matlab+Python代码\fuzzy_python_final(1).py,2026数学建模核心资料\50多种常用算法源代码！（Matlab+Python）\模糊综合评价法Matlab+Python代码\fuzzy_python_final(1).py
189,INNER,dup,2026数学建模核心资料\50多种常用算法源代码！（Matlab+Python）\模糊综合评价法Matlab+Python代码\fuzzy_python_final.py,2026数学建模核心资料\50多种常用算法源代码！（Matlab+Python）\模糊综合评价法Matlab+Python代码\fuzzy_python_final(1).py
190,INNER,keep,2026数学建模核心资料\50多种常用算法源代码！（Matlab+Python）\灰色关联分析法Matlab+Python代码\grey_matlab_final(1).m,2026数学建模核心资料\50多种常用算法源代码！（Matlab+Python）\灰色关联分析法Matlab+Python代码\grey_matlab_final(1).m
190,INNER,dup,2026数学建模核心资料\50多种常用算法源代码！（Matlab+Python）\灰色关联分析法Matlab+Python代码\grey_matlab_final.m,2026数学建模核心资料\50多种常用算法源代码！（Matlab+Python）\灰色关联分析法Matlab+Python代码\grey_matlab_final(1).m
191,INNER,keep,2026数学建模核心资料\50多种常用算法源代码！（Matlab+Python）\灰色关联分析法Matlab+Python代码\grey_python_final(1).py,2026数学建模核心资料\50多种常用算法源代码！（Matlab+Python）\灰色关联分析法Matlab+Python代码\grey_python_final(1).py
191,INNER,dup,2026数学建模核心资料\50多种常用算法源代码！（Matlab+Python）\灰色关联分析法Matlab+Python代码\grey_python_final.py,2026数学建模核心资料\50多种常用算法源代码！（Matlab+Python）\灰色关联分析法Matlab+Python代码\grey_python_final(1).py
192,INNER,keep,2026数学建模核心资料\50多种常用算法源代码！（Matlab+Python）\灰色预测模型Matlab+Python代码\grey_prediction(1).m,2026数学建模核心资料\50多种常用算法源代码！（Matlab+Python）\灰色预测模型Matlab+Python代码\grey_prediction(1).m
192,INNER,dup,2026数学建模核心资料\50多种常用算法源代码！（Matlab+Python）\灰色预测模型Matlab+Python代码\grey_prediction.m,2026数学建模核心资料\50多种常用算法源代码！（Matlab+Python）\灰色预测模型Matlab+Python代码\grey_prediction(1).m
193,INNER,keep,2026数学建模核心资料\50多种常用算法源代码！（Matlab+Python）\灰色预测模型Matlab+Python代码\grey_prediction(1).py,2026数学建模核心资料\50多种常用算法源代码！（Matlab+Python）\灰色预测模型Matlab+Python代码\grey_prediction(1).py
193,INNER,dup,2026数学建模核心资料\50多种常用算法源代码！（Matlab+Python）\灰色预测模型Matlab+Python代码\grey_prediction.py,2026数学建模核心资料\50多种常用算法源代码！（Matlab+Python）\灰色预测模型Matlab+Python代码\grey_prediction(1).py
194,INNER,keep,2026数学建模核心资料\50多种常用算法源代码！（Matlab+Python）\熵权法Matlab+Python代码\entropy_matlab_final(1).m,2026数学建模核心资料\50多种常用算法源代码！（Matlab+Python）\熵权法Matlab+Python代码\entropy_matlab_final(1).m
194,INNER,dup,2026数学建模核心资料\50多种常用算法源代码！（Matlab+Python）\熵权法Matlab+Python代码\entropy_matlab_final.m,2026数学建模核心资料\50多种常用算法源代码！（Matlab+Python）\熵权法Matlab+Python代码\entropy_matlab_final(1).m
195,INNER,keep,2026数学建模核心资料\50多种常用算法源代码！（Matlab+Python）\熵权法Matlab+Python代码\entropy_python_final(1).py,2026数学建模核心资料\50多种常用算法源代码！（Matlab+Python）\熵权法Matlab+Python代码\entropy_python_final(1).py
195,INNER,dup,2026数学建模核心资料\50多种常用算法源代码！（Matlab+Python）\熵权法Matlab+Python代码\entropy_python_final.py,2026数学建模核心资料\50多种常用算法源代码！（Matlab+Python）\熵权法Matlab+Python代码\entropy_python_final(1).py
196,INNER,keep,2026数学建模核心资料\50多种常用算法源代码！（Matlab+Python）\神经网络综合评价法Matlab+Python代码\nn_matlab_final(1).m,2026数学建模核心资料\50多种常用算法源代码！（Matlab+Python）\神经网络综合评价法Matlab+Python代码\nn_matlab_final(1).m
196,INNER,dup,2026数学建模核心资料\50多种常用算法源代码！（Matlab+Python）\神经网络综合评价法Matlab+Python代码\nn_matlab_final.m,2026数学建模核心资料\50多种常用算法源代码！（Matlab+Python）\神经网络综合评价法Matlab+Python代码\nn_matlab_final(1).m
197,INNER,keep,2026数学建模核心资料\50多种常用算法源代码！（Matlab+Python）\神经网络综合评价法Matlab+Python代码\nn_python_final(1).py,2026数学建模核心资料\50多种常用算法源代码！（Matlab+Python）\神经网络综合评价法Matlab+Python代码\nn_python_final(1).py
197,INNER,dup,2026数学建模核心资料\50多种常用算法源代码！（Matlab+Python）\神经网络综合评价法Matlab+Python代码\nn_python_final.py,2026数学建模核心资料\50多种常用算法源代码！（Matlab+Python）\神经网络综合评价法Matlab+Python代码\nn_python_final(1).py
198,INNER,keep,2026数学建模核心资料\50多种常用算法源代码！（Matlab+Python）\离散变量和连续变量的相关性分析：箱型图Matlab+Python代码\boxplot_discrete_continuous(1).m,2026数学建模核心资料\50多种常用算法源代码！（Matlab+Python）\离散变量和连续变量的相关性分析：箱型图Matlab+Python代码\boxplot_discrete_continuous(1).m
198,INNER,dup,2026数学建模核心资料\50多种常用算法源代码！（Matlab+Python）\离散变量和连续变量的相关性分析：箱型图Matlab+Python代码\boxplot_discrete_continuous.m,2026数学建模核心资料\50多种常用算法源代码！（Matlab+Python）\离散变量和连续变量的相关性分析：箱型图Matlab+Python代码\boxplot_discrete_continuous(1).m
199,INNER,keep,2026数学建模核心资料\50多种常用算法源代码！（Matlab+Python）\离散变量和连续变量的相关性分析：箱型图Matlab+Python代码\boxplot_discrete_continuous(1).py,2026数学建模核心资料\50多种常用算法源代码！（Matlab+Python）\离散变量和连续变量的相关性分析：箱型图Matlab+Python代码\boxplot_discrete_continuous(1).py
199,INNER,dup,2026数学建模核心资料\50多种常用算法源代码！（Matlab+Python）\离散变量和连续变量的相关性分析：箱型图Matlab+Python代码\boxplot_discrete_continuous.py,2026数学建模核心资料\50多种常用算法源代码！（Matlab+Python）\离散变量和连续变量的相关性分析：箱型图Matlab+Python代码\boxplot_discrete_continuous(1).py
200,INNER,keep,2026数学建模核心资料\50多种常用算法源代码！（Matlab+Python）\离散变量相关性分析：卡方检验Matlab+Python代码\chi_square_test(1).m,2026数学建模核心资料\50多种常用算法源代码！（Matlab+Python）\离散变量相关性分析：卡方检验Matlab+Python代码\chi_square_test(1).m
200,INNER,dup,2026数学建模核心资料\50多种常用算法源代码！（Matlab+Python）\离散变量相关性分析：卡方检验Matlab+Python代码\chi_square_test.m,2026数学建模核心资料\50多种常用算法源代码！（Matlab+Python）\离散变量相关性分析：卡方检验Matlab+Python代码\chi_square_test(1).m
201,INNER,keep,2026数学建模核心资料\50多种常用算法源代码！（Matlab+Python）\离散变量相关性分析：卡方检验Matlab+Python代码\chi_square_test(1).py,2026数学建模核心资料\50多种常用算法源代码！（Matlab+Python）\离散变量相关性分析：卡方检验Matlab+Python代码\chi_square_test(1).py
201,INNER,dup,2026数学建模核心资料\50多种常用算法源代码！（Matlab+Python）\离散变量相关性分析：卡方检验Matlab+Python代码\chi_square_test.py,2026数学建模核心资料\50多种常用算法源代码！（Matlab+Python）\离散变量相关性分析：卡方检验Matlab+Python代码\chi_square_test(1).py
202,INNER,keep,2026数学建模核心资料\50多种常用算法源代码！（Matlab+Python）\秩和比综合评价法\rsr_matlab_final(1).m,2026数学建模核心资料\50多种常用算法源代码！（Matlab+Python）\秩和比综合评价法\rsr_matlab_final(1).m
202,INNER,dup,2026数学建模核心资料\50多种常用算法源代码！（Matlab+Python）\秩和比综合评价法\rsr_matlab_final.m,2026数学建模核心资料\50多种常用算法源代码！（Matlab+Python）\秩和比综合评价法\rsr_matlab_final(1).m
203,INNER,keep,2026数学建模核心资料\50多种常用算法源代码！（Matlab+Python）\秩和比综合评价法\rsr_python_final(1).py,2026数学建模核心资料\50多种常用算法源代码！（Matlab+Python）\秩和比综合评价法\rsr_python_final(1).py
203,INNER,dup,2026数学建模核心资料\50多种常用算法源代码！（Matlab+Python）\秩和比综合评价法\rsr_python_final.py,2026数学建模核心资料\50多种常用算法源代码！（Matlab+Python）\秩和比综合评价法\rsr_python_final(1).py
204,INNER,keep,2026数学建模核心资料\50多种常用算法源代码！（Matlab+Python）\箱型图检测异常值Matlab+Python代码\boxplot_outlier_detection(1).m,2026数学建模核心资料\50多种常用算法源代码！（Matlab+Python）\箱型图检测异常值Matlab+Python代码\boxplot_outlier_detection(1).m
204,INNER,dup,2026数学建模核心资料\50多种常用算法源代码！（Matlab+Python）\箱型图检测异常值Matlab+Python代码\boxplot_outlier_detection.m,2026数学建模核心资料\50多种常用算法源代码！（Matlab+Python）\箱型图检测异常值Matlab+Python代码\boxplot_outlier_detection(1).m
205,INNER,keep,2026数学建模核心资料\50多种常用算法源代码！（Matlab+Python）\箱型图检测异常值Matlab+Python代码\boxplot_outlier_detection(1).py,2026数学建模核心资料\50多种常用算法源代码！（Matlab+Python）\箱型图检测异常值Matlab+Python代码\boxplot_outlier_detection(1).py
205,INNER,dup,2026数学建模核心资料\50多种常用算法源代码！（Matlab+Python）\箱型图检测异常值Matlab+Python代码\boxplot_outlier_detection.py,2026数学建模核心资料\50多种常用算法源代码！（Matlab+Python）\箱型图检测异常值Matlab+Python代码\boxplot_outlier_detection(1).py
206,INNER,keep,2026数学建模核心资料\50多种常用算法源代码！（Matlab+Python）\粒子群算法Matlab+Python代码\particle_swarm(1).m,2026数学建模核心资料\50多种常用算法源代码！（Matlab+Python）\粒子群算法Matlab+Python代码\particle_swarm(1).m
206,INNER,dup,2026数学建模核心资料\50多种常用算法源代码！（Matlab+Python）\粒子群算法Matlab+Python代码\particle_swarm.m,2026数学建模核心资料\50多种常用算法源代码！（Matlab+Python）\粒子群算法Matlab+Python代码\particle_swarm(1).m
207,INNER,keep,2026数学建模核心资料\50多种常用算法源代码！（Matlab+Python）\粒子群算法Matlab+Python代码\particle_swarm(1).py,2026数学建模核心资料\50多种常用算法源代码！（Matlab+Python）\粒子群算法Matlab+Python代码\particle_swarm(1).py
207,INNER,dup,2026数学建模核心资料\50多种常用算法源代码！（Matlab+Python）\粒子群算法Matlab+Python代码\particle_swarm.py,2026数学建模核心资料\50多种常用算法源代码！（Matlab+Python）\粒子群算法Matlab+Python代码\particle_swarm(1).py
208,INNER,keep,2026数学建模核心资料\50多种常用算法源代码！（Matlab+Python）\线性规划模型Matlab+Python代码\linear_programming(1).m,2026数学建模核心资料\50多种常用算法源代码！（Matlab+Python）\线性规划模型Matlab+Python代码\linear_programming(1).m
208,INNER,dup,2026数学建模核心资料\50多种常用算法源代码！（Matlab+Python）\线性规划模型Matlab+Python代码\linear_programming.m,2026数学建模核心资料\50多种常用算法源代码！（Matlab+Python）\线性规划模型Matlab+Python代码\linear_programming(1).m
209,INNER,keep,2026数学建模核心资料\50多种常用算法源代码！（Matlab+Python）\线性规划模型Matlab+Python代码\linear_programming(1).py,2026数学建模核心资料\50多种常用算法源代码！（Matlab+Python）\线性规划模型Matlab+Python代码\linear_programming(1).py
209,INNER,dup,2026数学建模核心资料\50多种常用算法源代码！（Matlab+Python）\线性规划模型Matlab+Python代码\linear_programming.py,2026数学建模核心资料\50多种常用算法源代码！（Matlab+Python）\线性规划模型Matlab+Python代码\linear_programming(1).py
210,INNER,keep,2026数学建模核心资料\50多种常用算法源代码！（Matlab+Python）\连续变量相关性分析：协方差、Pearson、SpearmanMatlab+Python代码\continuous_correlation_analysis(1).m,2026数学建模核心资料\50多种常用算法源代码！（Matlab+Python）\连续变量相关性分析：协方差、Pearson、SpearmanMatlab+Python代码\continuous_correlation_analysis(1).m
210,INNER,dup,2026数学建模核心资料\50多种常用算法源代码！（Matlab+Python）\连续变量相关性分析：协方差、Pearson、SpearmanMatlab+Python代码\continuous_correlation_analysis.m,2026数学建模核心资料\50多种常用算法源代码！（Matlab+Python）\连续变量相关性分析：协方差、Pearson、SpearmanMatlab+Python代码\continuous_correlation_analysis(1).m
211,INNER,keep,2026数学建模核心资料\50多种常用算法源代码！（Matlab+Python）\连续变量相关性分析：协方差、Pearson、SpearmanMatlab+Python代码\continuous_correlation_analysis(1).py,2026数学建模核心资料\50多种常用算法源代码！（Matlab+Python）\连续变量相关性分析：协方差、Pearson、SpearmanMatlab+Python代码\continuous_correlation_analysis(1).py
211,INNER,dup,2026数学建模核心资料\50多种常用算法源代码！（Matlab+Python）\连续变量相关性分析：协方差、Pearson、SpearmanMatlab+Python代码\continuous_correlation_analysis.py,2026数学建模核心资料\50多种常用算法源代码！（Matlab+Python）\连续变量相关性分析：协方差、Pearson、SpearmanMatlab+Python代码\continuous_correlation_analysis(1).py
212,INNER,keep,2026数学建模核心资料\50多种常用算法源代码！（Matlab+Python）\遗传算法Matlab+Python代码\genetic_algorithm(1).m,2026数学建模核心资料\50多种常用算法源代码！（Matlab+Python）\遗传算法Matlab+Python代码\genetic_algorithm(1).m
212,INNER,dup,2026数学建模核心资料\50多种常用算法源代码！（Matlab+Python）\遗传算法Matlab+Python代码\genetic_algorithm.m,2026数学建模核心资料\50多种常用算法源代码！（Matlab+Python）\遗传算法Matlab+Python代码\genetic_algorithm(1).m
213,INNER,keep,2026数学建模核心资料\50多种常用算法源代码！（Matlab+Python）\遗传算法Matlab+Python代码\genetic_algorithm(1).py,2026数学建模核心资料\50多种常用算法源代码！（Matlab+Python）\遗传算法Matlab+Python代码\genetic_algorithm(1).py
213,INNER,dup,2026数学建模核心资料\50多种常用算法源代码！（Matlab+Python）\遗传算法Matlab+Python代码\genetic_algorithm.py,2026数学建模核心资料\50多种常用算法源代码！（Matlab+Python）\遗传算法Matlab+Python代码\genetic_algorithm(1).py
214,INNER,keep,2026数学建模核心资料\50多种常用算法源代码！（Matlab+Python）\非线性规划模型Matlab+Python代码\nonlinear_programming(1).m,2026数学建模核心资料\50多种常用算法源代码！（Matlab+Python）\非线性规划模型Matlab+Python代码\nonlinear_programming(1).m
214,INNER,dup,2026数学建模核心资料\50多种常用算法源代码！（Matlab+Python）\非线性规划模型Matlab+Python代码\nonlinear_programming.m,2026数学建模核心资料\50多种常用算法源代码！（Matlab+Python）\非线性规划模型Matlab+Python代码\nonlinear_programming(1).m
215,INNER,keep,2026数学建模核心资料\50多种常用算法源代码！（Matlab+Python）\非线性规划模型Matlab+Python代码\nonlinear_programming(1).py,2026数学建模核心资料\50多种常用算法源代码！（Matlab+Python）\非线性规划模型Matlab+Python代码\nonlinear_programming(1).py
215,INNER,dup,2026数学建模核心资料\50多种常用算法源代码！（Matlab+Python）\非线性规划模型Matlab+Python代码\nonlinear_programming.py,2026数学建模核心资料\50多种常用算法源代码！（Matlab+Python）\非线性规划模型Matlab+Python代码\nonlinear_programming(1).py
216,INNER,keep,2026数学建模核心资料\50多种常用算法源代码！（Matlab+Python）\马尔可夫预测模型Matlab+Python代码\markov_prediction(1).m,2026数学建模核心资料\50多种常用算法源代码！（Matlab+Python）\马尔可夫预测模型Matlab+Python代码\markov_prediction(1).m
216,INNER,dup,2026数学建模核心资料\50多种常用算法源代码！（Matlab+Python）\马尔可夫预测模型Matlab+Python代码\markov_prediction.m,2026数学建模核心资料\50多种常用算法源代码！（Matlab+Python）\马尔可夫预测模型Matlab+Python代码\markov_prediction(1).m
217,INNER,keep,2026数学建模核心资料\50多种常用算法源代码！（Matlab+Python）\马尔可夫预测模型Matlab+Python代码\markov_prediction(1).py,2026数学建模核心资料\50多种常用算法源代码！（Matlab+Python）\马尔可夫预测模型Matlab+Python代码\markov_prediction(1).py
217,INNER,dup,2026数学建模核心资料\50多种常用算法源代码！（Matlab+Python）\马尔可夫预测模型Matlab+Python代码\markov_prediction.py,2026数学建模核心资料\50多种常用算法源代码！（Matlab+Python）\马尔可夫预测模型Matlab+Python代码\markov_prediction(1).py
218,INNER,keep,2026数学建模核心资料\50多种常用算法源代码！（Matlab+Python）\高斯回归预测模型Matlab+Python代码\gaussian_process_regression(1).m,2026数学建模核心资料\50多种常用算法源代码！（Matlab+Python）\高斯回归预测模型Matlab+Python代码\gaussian_process_regression(1).m
218,INNER,dup,2026数学建模核心资料\50多种常用算法源代码！（Matlab+Python）\高斯回归预测模型Matlab+Python代码\gaussian_process_regression.m,2026数学建模核心资料\50多种常用算法源代码！（Matlab+Python）\高斯回归预测模型Matlab+Python代码\gaussian_process_regression(1).m
219,INNER,keep,2026数学建模核心资料\50多种常用算法源代码！（Matlab+Python）\高斯回归预测模型Matlab+Python代码\gaussian_process_regression(1).py,2026数学建模核心资料\50多种常用算法源代码！（Matlab+Python）\高斯回归预测模型Matlab+Python代码\gaussian_process_regression(1).py
219,INNER,dup,2026数学建模核心资料\50多种常用算法源代码！（Matlab+Python）\高斯回归预测模型Matlab+Python代码\gaussian_process_regression.py,2026数学建模核心资料\50多种常用算法源代码！（Matlab+Python）\高斯回归预测模型Matlab+Python代码\gaussian_process_regression(1).py
220,INNER,keep,2026数学建模核心资料\50多种常用算法源代码！（Matlab+Python）\高斯混合聚类模型（GMM）\gaussian_mixture(1).m,2026数学建模核心资料\50多种常用算法源代码！（Matlab+Python）\高斯混合聚类模型（GMM）\gaussian_mixture(1).m
220,INNER,dup,2026数学建模核心资料\50多种常用算法源代码！（Matlab+Python）\高斯混合聚类模型（GMM）\gaussian_mixture.m,2026数学建模核心资料\50多种常用算法源代码！（Matlab+Python）\高斯混合聚类模型（GMM）\gaussian_mixture(1).m
221,INNER,keep,2026数学建模核心资料\50多种常用算法源代码！（Matlab+Python）\高斯混合聚类模型（GMM）\gaussian_mixture(1).py,2026数学建模核心资料\50多种常用算法源代码！（Matlab+Python）\高斯混合聚类模型（GMM）\gaussian_mixture(1).py
221,INNER,dup,2026数学建模核心资料\50多种常用算法源代码！（Matlab+Python）\高斯混合聚类模型（GMM）\gaussian_mixture.py,2026数学建模核心资料\50多种常用算法源代码！（Matlab+Python）\高斯混合聚类模型（GMM）\gaussian_mixture(1).py
222,INNER,keep,2026数学建模核心资料\Matlab绘图代码\分组柱状图、堆叠柱状图、百分比堆叠柱状图、直方图、核密度图、直方图 + 核密度图、箱线图、小提琴图、点图、基础饼图(1).m,2026数学建模核心资料\Matlab绘图代码\分组柱状图、堆叠柱状图、百分比堆叠柱状图、直方图、核密度图、直方图 + 核密度图、箱线图、小提琴图、点图、基础饼图(1).m
222,INNER,dup,2026数学建模核心资料\Matlab绘图代码\分组柱状图、堆叠柱状图、百分比堆叠柱状图、直方图、核密度图、直方图 + 核密度图、箱线图、小提琴图、点图、基础饼图.m,2026数学建模核心资料\Matlab绘图代码\分组柱状图、堆叠柱状图、百分比堆叠柱状图、直方图、核密度图、直方图 + 核密度图、箱线图、小提琴图、点图、基础饼图(1).m
223,INNER,keep,2026数学建模核心资料\Matlab绘图代码\双 Y 轴折线图、带填充区域的折线图、分组箱线图、3D 柱状图、3D 等高线图、误差棒图（横向）、矩阵散点图、堆叠面积图、带数据标签的柱状图、极坐标折线图(1).m,2026数学建模核心资料\Matlab绘图代码\双 Y 轴折线图、带填充区域的折线图、分组箱线图、3D 柱状图、3D 等高线图、误差棒图（横向）、矩阵散点图、堆叠面积图、带数据标签的柱状图、极坐标折线图(1).m
223,INNER,dup,2026数学建模核心资料\Matlab绘图代码\双 Y 轴折线图、带填充区域的折线图、分组箱线图、3D 柱状图、3D 等高线图、误差棒图（横向）、矩阵散点图、堆叠面积图、带数据标签的柱状图、极坐标折线图.m,2026数学建模核心资料\Matlab绘图代码\双 Y 轴折线图、带填充区域的折线图、分组箱线图、3D 柱状图、3D 等高线图、误差棒图（横向）、矩阵散点图、堆叠面积图、带数据标签的柱状图、极坐标折线图(1).m
224,INNER,keep,2026数学建模核心资料\Matlab绘图代码\基础散点图、带趋势线的散点图、分组散点图、气泡图、基础折线图、多系列折线图、带误差线的折线图、阶梯折线图、基础柱状图、水平柱状图(1).m,2026数学建模核心资料\Matlab绘图代码\基础散点图、带趋势线的散点图、分组散点图、气泡图、基础折线图、多系列折线图、带误差线的折线图、阶梯折线图、基础柱状图、水平柱状图(1).m
224,INNER,dup,2026数学建模核心资料\Matlab绘图代码\基础散点图、带趋势线的散点图、分组散点图、气泡图、基础折线图、多系列折线图、带误差线的折线图、阶梯折线图、基础柱状图、水平柱状图.m,2026数学建模核心资料\Matlab绘图代码\基础散点图、带趋势线的散点图、分组散点图、气泡图、基础折线图、多系列折线图、带误差线的折线图、阶梯折线图、基础柱状图、水平柱状图(1).m
225,INNER,keep,2026数学建模核心资料\Matlab绘图代码\环形图、雷达图、热图、相关性热图、3D 散点图、3D 曲面图、等高线图、瀑布图、面积图、时间序列图(1).m,2026数学建模核心资料\Matlab绘图代码\环形图、雷达图、热图、相关性热图、3D 散点图、3D 曲面图、等高线图、瀑布图、面积图、时间序列图(1).m
225,INNER,dup,2026数学建模核心资料\Matlab绘图代码\环形图、雷达图、热图、相关性热图、3D 散点图、3D 曲面图、等高线图、瀑布图、面积图、时间序列图.m,2026数学建模核心资料\Matlab绘图代码\环形图、雷达图、热图、相关性热图、3D 散点图、3D 曲面图、等高线图、瀑布图、面积图、时间序列图(1).m
226,INNER,keep,2026数学建模核心资料\Matlab绘图代码\矢量场图、分组点图、彩色映射折线图、3D 网格图、马赛克图、Andrews 曲线、帕累托图、树状图、彩色散点图（按第三变量着色）、3D 曲面图（带光照效果）(1).m,2026数学建模核心资料\Matlab绘图代码\矢量场图、分组点图、彩色映射折线图、3D 网格图、马赛克图、Andrews 曲线、帕累托图、树状图、彩色散点图（按第三变量着色）、3D 曲面图（带光照效果）(1).m
226,INNER,dup,2026数学建模核心资料\Matlab绘图代码\矢量场图、分组点图、彩色映射折线图、3D 网格图、马赛克图、Andrews 曲线、帕累托图、树状图、彩色散点图（按第三变量着色）、3D 曲面图（带光照效果）.m,2026数学建模核心资料\Matlab绘图代码\矢量场图、分组点图、彩色映射折线图、3D 网格图、马赛克图、Andrews 曲线、帕累托图、树状图、彩色散点图（按第三变量着色）、3D 曲面图（带光照效果）(1).m
227,INNER,keep,2026数学建模核心资料\Python绘图代码\分组柱状图、堆叠柱状图、百分比堆叠柱状图、直方图、核密度图、直方图 + 核密度图、箱线图、小提琴图、点图、基础饼图(1).py,2026数学建模核心资料\Python绘图代码\分组柱状图、堆叠柱状图、百分比堆叠柱状图、直方图、核密度图、直方图 + 核密度图、箱线图、小提琴图、点图、基础饼图(1).py
227,INNER,dup,2026数学建模核心资料\Python绘图代码\分组柱状图、堆叠柱状图、百分比堆叠柱状图、直方图、核密度图、直方图 + 核密度图、箱线图、小提琴图、点图、基础饼图.py,2026数学建模核心资料\Python绘图代码\分组柱状图、堆叠柱状图、百分比堆叠柱状图、直方图、核密度图、直方图 + 核密度图、箱线图、小提琴图、点图、基础饼图(1).py
228,INNER,keep,2026数学建模核心资料\Python绘图代码\双 Y 轴折线图、带填充区域的折线图、分组箱线图、3D 柱状图、3D 等高线图、误差棒图（横向）、矩阵散点图、堆叠面积图、带数据标签的柱状图、极坐标折线图(1).py,2026数学建模核心资料\Python绘图代码\双 Y 轴折线图、带填充区域的折线图、分组箱线图、3D 柱状图、3D 等高线图、误差棒图（横向）、矩阵散点图、堆叠面积图、带数据标签的柱状图、极坐标折线图(1).py
228,INNER,dup,2026数学建模核心资料\Python绘图代码\双 Y 轴折线图、带填充区域的折线图、分组箱线图、3D 柱状图、3D 等高线图、误差棒图（横向）、矩阵散点图、堆叠面积图、带数据标签的柱状图、极坐标折线图.py,2026数学建模核心资料\Python绘图代码\双 Y 轴折线图、带填充区域的折线图、分组箱线图、3D 柱状图、3D 等高线图、误差棒图（横向）、矩阵散点图、堆叠面积图、带数据标签的柱状图、极坐标折线图(1).py
229,INNER,keep,2026数学建模核心资料\Python绘图代码\基础散点图、带趋势线的散点图、分组散点图、气泡图、基础折线图、多系列折线图、带误差线的折线图、阶梯折线图、基础柱状图、水平柱状图(1).py,2026数学建模核心资料\Python绘图代码\基础散点图、带趋势线的散点图、分组散点图、气泡图、基础折线图、多系列折线图、带误差线的折线图、阶梯折线图、基础柱状图、水平柱状图(1).py
229,INNER,dup,2026数学建模核心资料\Python绘图代码\基础散点图、带趋势线的散点图、分组散点图、气泡图、基础折线图、多系列折线图、带误差线的折线图、阶梯折线图、基础柱状图、水平柱状图.py,2026数学建模核心资料\Python绘图代码\基础散点图、带趋势线的散点图、分组散点图、气泡图、基础折线图、多系列折线图、带误差线的折线图、阶梯折线图、基础柱状图、水平柱状图(1).py
230,INNER,keep,2026数学建模核心资料\Python绘图代码\环形图、雷达图、热图、相关性热图、3D 散点图、3D 曲面图、等高线图、瀑布图、面积图、时间序列图(1).py,2026数学建模核心资料\Python绘图代码\环形图、雷达图、热图、相关性热图、3D 散点图、3D 曲面图、等高线图、瀑布图、面积图、时间序列图(1).py
230,INNER,dup,2026数学建模核心资料\Python绘图代码\环形图、雷达图、热图、相关性热图、3D 散点图、3D 曲面图、等高线图、瀑布图、面积图、时间序列图.py,2026数学建模核心资料\Python绘图代码\环形图、雷达图、热图、相关性热图、3D 散点图、3D 曲面图、等高线图、瀑布图、面积图、时间序列图(1).py
231,INNER,keep,2026数学建模核心资料\Python绘图代码\矢量场图、分组点图、彩色映射折线图、3D 网格图、马赛克图、Andrews 曲线、帕累托图、树状图、彩色散点图（按第三变量着色）、3D 曲面图（带光照效果）(1).py,2026数学建模核心资料\Python绘图代码\矢量场图、分组点图、彩色映射折线图、3D 网格图、马赛克图、Andrews 曲线、帕累托图、树状图、彩色散点图（按第三变量着色）、3D 曲面图（带光照效果）(1).py
231,INNER,dup,2026数学建模核心资料\Python绘图代码\矢量场图、分组点图、彩色映射折线图、3D 网格图、马赛克图、Andrews 曲线、帕累托图、树状图、彩色散点图（按第三变量着色）、3D 曲面图（带光照效果）.py,2026数学建模核心资料\Python绘图代码\矢量场图、分组点图、彩色映射折线图、3D 网格图、马赛克图、Andrews 曲线、帕累托图、树状图、彩色散点图（按第三变量着色）、3D 曲面图（带光照效果）(1).py
232,INNER,keep,2026数学建模核心资料\国赛B题必备模型+代码资料合集\国赛B题必备优化模型——0-1整数规划\Matlab 求解0-1线性规划问题.m,2026数学建模核心资料\国赛B题必备模型+代码资料合集\国赛B题必备优化模型——0-1整数规划\Matlab 求解0-1线性规划问题.m
232,INNER,dup,2026数学建模核心资料\国赛C题必备模型+代码资料合集\国赛C题必备优化模型——0-1整数规划\Matlab 求解0-1线性规划问题.m,2026数学建模核心资料\国赛B题必备模型+代码资料合集\国赛B题必备优化模型——0-1整数规划\Matlab 求解0-1线性规划问题.m
232,INNER,dup,2026数学建模核心资料\美赛按题目题型分类常用算法代码程序包！\美赛照题目分类程序包【数学建模老哥】\美赛B题常见参考代码【数学建模老哥】\各种离散优化方法的matlab程序【数学建模老哥】\离散优化\L01p_e.m,2026数学建模核心资料\国赛B题必备模型+代码资料合集\国赛B题必备优化模型——0-1整数规划\Matlab 求解0-1线性规划问题.m
232,INNER,dup,2026数学建模核心资料\美赛按题目题型分类常用算法代码程序包！\美赛照题目分类程序包【数学建模老哥】\美赛B题常见参考代码【数学建模老哥】\基于0-1整数规划枚举法离散型优化问题代码【数学建模老哥】\L01p_e.m,2026数学建模核心资料\国赛B题必备模型+代码资料合集\国赛B题必备优化模型——0-1整数规划\Matlab 求解0-1线性规划问题.m
233,INNER,keep,2026数学建模核心资料\国赛B题必备模型+代码资料合集\国赛B题必备评价模型——神经网络算法\一个很好的bp神经网络预测例子.m,2026数学建模核心资料\国赛B题必备模型+代码资料合集\国赛B题必备评价模型——神经网络算法\一个很好的bp神经网络预测例子.m
233,INNER,dup,2026数学建模核心资料\国赛C题必备模型+代码资料合集\国赛C题必备评价模型——神经网络算法\一个很好的bp神经网络预测例子.m,2026数学建模核心资料\国赛B题必备模型+代码资料合集\国赛B题必备评价模型——神经网络算法\一个很好的bp神经网络预测例子.m
234,INNER,keep,2026数学建模核心资料\美赛按题目题型分类常用算法代码程序包！\优化与控制题型参考代码【数学建模老哥】\GA优化后的RBF神经网络优化分析代码\GA.m,2026数学建模核心资料\美赛按题目题型分类常用算法代码程序包！\优化与控制题型参考代码【数学建模老哥】\GA优化后的RBF神经网络优化分析代码\GA.m
234,INNER,dup,2026数学建模核心资料\美赛按题目题型分类常用算法代码程序包！\美赛照题目分类程序包【数学建模老哥】\美赛A题常见参考代码【数学建模老哥】\GA优化后的RBF神经网络优化分析代码【数学建模老哥】\GA.m,2026数学建模核心资料\美赛按题目题型分类常用算法代码程序包！\优化与控制题型参考代码【数学建模老哥】\GA优化后的RBF神经网络优化分析代码\GA.m
235,INNER,keep,2026数学建模核心资料\美赛按题目题型分类常用算法代码程序包！\优化与控制题型参考代码【数学建模老哥】\GA优化后的RBF神经网络优化分析代码\pfile.mat,2026数学建模核心资料\美赛按题目题型分类常用算法代码程序包！\优化与控制题型参考代码【数学建模老哥】\GA优化后的RBF神经网络优化分析代码\pfile.mat
235,INNER,dup,2026数学建模核心资料\美赛按题目题型分类常用算法代码程序包！\美赛照题目分类程序包【数学建模老哥】\美赛A题常见参考代码【数学建模老哥】\GA优化后的RBF神经网络优化分析代码【数学建模老哥】\pfile.mat,2026数学建模核心资料\美赛按题目题型分类常用算法代码程序包！\优化与控制题型参考代码【数学建模老哥】\GA优化后的RBF神经网络优化分析代码\pfile.mat
236,INNER,keep,2026数学建模核心资料\美赛按题目题型分类常用算法代码程序包！\优化与控制题型参考代码【数学建模老哥】\GA优化后的RBF神经网络优化分析代码\RBF.m,2026数学建模核心资料\美赛按题目题型分类常用算法代码程序包！\优化与控制题型参考代码【数学建模老哥】\GA优化后的RBF神经网络优化分析代码\RBF.m
236,INNER,dup,2026数学建模核心资料\美赛按题目题型分类常用算法代码程序包！\美赛照题目分类程序包【数学建模老哥】\美赛A题常见参考代码【数学建模老哥】\GA优化后的RBF神经网络优化分析代码【数学建模老哥】\RBF.m,2026数学建模核心资料\美赛按题目题型分类常用算法代码程序包！\优化与控制题型参考代码【数学建模老哥】\GA优化后的RBF神经网络优化分析代码\RBF.m
237,INNER,keep,2026数学建模核心资料\美赛按题目题型分类常用算法代码程序包！\优化与控制题型参考代码【数学建模老哥】\GA优化后的RBF神经网络优化分析代码\Test.m,2026数学建模核心资料\美赛按题目题型分类常用算法代码程序包！\优化与控制题型参考代码【数学建模老哥】\GA优化后的RBF神经网络优化分析代码\Test.m
237,INNER,dup,2026数学建模核心资料\美赛按题目题型分类常用算法代码程序包！\美赛照题目分类程序包【数学建模老哥】\美赛A题常见参考代码【数学建模老哥】\GA优化后的RBF神经网络优化分析代码【数学建模老哥】\Test.m,2026数学建模核心资料\美赛按题目题型分类常用算法代码程序包！\优化与控制题型参考代码【数学建模老哥】\GA优化后的RBF神经网络优化分析代码\Test.m
238,INNER,keep,2026数学建模核心资料\美赛按题目题型分类常用算法代码程序包！\优化与控制题型参考代码【数学建模老哥】\PSO求解多目标优化问题代码\data.mat,2026数学建模核心资料\美赛按题目题型分类常用算法代码程序包！\优化与控制题型参考代码【数学建模老哥】\PSO求解多目标优化问题代码\data.mat
238,INNER,dup,2026数学建模核心资料\美赛按题目题型分类常用算法代码程序包！\美赛照题目分类程序包【数学建模老哥】\美赛A题常见参考代码【数学建模老哥】\PSO求解多目标优化问题代码【数学建模老哥】\data.mat,2026数学建模核心资料\美赛按题目题型分类常用算法代码程序包！\优化与控制题型参考代码【数学建模老哥】\PSO求解多目标优化问题代码\data.mat
239,INNER,keep,2026数学建模核心资料\美赛按题目题型分类常用算法代码程序包！\优化与控制题型参考代码【数学建模老哥】\PSO求解多目标优化问题代码\main.m,2026数学建模核心资料\美赛按题目题型分类常用算法代码程序包！\优化与控制题型参考代码【数学建模老哥】\PSO求解多目标优化问题代码\main.m
239,INNER,dup,2026数学建模核心资料\美赛按题目题型分类常用算法代码程序包！\美赛照题目分类程序包【数学建模老哥】\美赛A题常见参考代码【数学建模老哥】\PSO求解多目标优化问题代码【数学建模老哥】\main.m,2026数学建模核心资料\美赛按题目题型分类常用算法代码程序包！\优化与控制题型参考代码【数学建模老哥】\PSO求解多目标优化问题代码\main.m
240,INNER,keep,2026数学建模核心资料\美赛按题目题型分类常用算法代码程序包！\优化与控制题型参考代码【数学建模老哥】\人工鱼群求解TSP问题源代码\AF_follow.m,2026数学建模核心资料\美赛按题目题型分类常用算法代码程序包！\优化与控制题型参考代码【数学建模老哥】\人工鱼群求解TSP问题源代码\AF_follow.m
240,INNER,dup,2026数学建模核心资料\美赛按题目题型分类常用算法代码程序包！\美赛照题目分类程序包【数学建模老哥】\美赛A题常见参考代码【数学建模老哥】\人工鱼群求解TSP问题源代码【数学建模老哥】\AF_follow.m,2026数学建模核心资料\美赛按题目题型分类常用算法代码程序包！\优化与控制题型参考代码【数学建模老哥】\人工鱼群求解TSP问题源代码\AF_follow.m
241,INNER,keep,2026数学建模核心资料\美赛按题目题型分类常用算法代码程序包！\优化与控制题型参考代码【数学建模老哥】\人工鱼群求解TSP问题源代码\AF_foodconsistence.m,2026数学建模核心资料\美赛按题目题型分类常用算法代码程序包！\优化与控制题型参考代码【数学建模老哥】\人工鱼群求解TSP问题源代码\AF_foodconsistence.m
241,INNER,dup,2026数学建模核心资料\美赛按题目题型分类常用算法代码程序包！\美赛照题目分类程序包【数学建模老哥】\美赛A题常见参考代码【数学建模老哥】\人工鱼群求解TSP问题源代码【数学建模老哥】\AF_foodconsistence.m,2026数学建模核心资料\美赛按题目题型分类常用算法代码程序包！\优化与控制题型参考代码【数学建模老哥】\人工鱼群求解TSP问题源代码\AF_foodconsistence.m
242,INNER,keep,2026数学建模核心资料\美赛按题目题型分类常用算法代码程序包！\优化与控制题型参考代码【数学建模老哥】\人工鱼群求解TSP问题源代码\AF_init.m,2026数学建模核心资料\美赛按题目题型分类常用算法代码程序包！\优化与控制题型参考代码【数学建模老哥】\人工鱼群求解TSP问题源代码\AF_init.m
242,INNER,dup,2026数学建模核心资料\美赛按题目题型分类常用算法代码程序包！\美赛照题目分类程序包【数学建模老哥】\美赛A题常见参考代码【数学建模老哥】\人工鱼群求解TSP问题源代码【数学建模老哥】\AF_init.m,2026数学建模核心资料\美赛按题目题型分类常用算法代码程序包！\优化与控制题型参考代码【数学建模老哥】\人工鱼群求解TSP问题源代码\AF_init.m
243,INNER,keep,2026数学建模核心资料\美赛按题目题型分类常用算法代码程序包！\优化与控制题型参考代码【数学建模老哥】\人工鱼群求解TSP问题源代码\AF_movestrategy.m,2026数学建模核心资料\美赛按题目题型分类常用算法代码程序包！\优化与控制题型参考代码【数学建模老哥】\人工鱼群求解TSP问题源代码\AF_movestrategy.m
243,INNER,dup,2026数学建模核心资料\美赛按题目题型分类常用算法代码程序包！\美赛照题目分类程序包【数学建模老哥】\美赛A题常见参考代码【数学建模老哥】\人工鱼群求解TSP问题源代码【数学建模老哥】\AF_movestrategy.m,2026数学建模核心资料\美赛按题目题型分类常用算法代码程序包！\优化与控制题型参考代码【数学建模老哥】\人工鱼群求解TSP问题源代码\AF_movestrategy.m
244,INNER,keep,2026数学建模核心资料\美赛按题目题型分类常用算法代码程序包！\优化与控制题型参考代码【数学建模老哥】\人工鱼群求解TSP问题源代码\AF_prey.m,2026数学建模核心资料\美赛按题目题型分类常用算法代码程序包！\优化与控制题型参考代码【数学建模老哥】\人工鱼群求解TSP问题源代码\AF_prey.m
244,INNER,dup,2026数学建模核心资料\美赛按题目题型分类常用算法代码程序包！\美赛照题目分类程序包【数学建模老哥】\美赛A题常见参考代码【数学建模老哥】\人工鱼群求解TSP问题源代码【数学建模老哥】\AF_prey.m,2026数学建模核心资料\美赛按题目题型分类常用算法代码程序包！\优化与控制题型参考代码【数学建模老哥】\人工鱼群求解TSP问题源代码\AF_prey.m
245,INNER,keep,2026数学建模核心资料\美赛按题目题型分类常用算法代码程序包！\优化与控制题型参考代码【数学建模老哥】\人工鱼群求解TSP问题源代码\AF_randmove.m,2026数学建模核心资料\美赛按题目题型分类常用算法代码程序包！\优化与控制题型参考代码【数学建模老哥】\人工鱼群求解TSP问题源代码\AF_randmove.m
245,INNER,dup,2026数学建模核心资料\美赛按题目题型分类常用算法代码程序包！\美赛照题目分类程序包【数学建模老哥】\美赛A题常见参考代码【数学建模老哥】\人工鱼群求解TSP问题源代码【数学建模老哥】\AF_randmove.m,2026数学建模核心资料\美赛按题目题型分类常用算法代码程序包！\优化与控制题型参考代码【数学建模老哥】\人工鱼群求解TSP问题源代码\AF_randmove.m
246,INNER,keep,2026数学建模核心资料\美赛按题目题型分类常用算法代码程序包！\优化与控制题型参考代码【数学建模老哥】\人工鱼群求解TSP问题源代码\AF_swarm.m,2026数学建模核心资料\美赛按题目题型分类常用算法代码程序包！\优化与控制题型参考代码【数学建模老哥】\人工鱼群求解TSP问题源代码\AF_swarm.m
246,INNER,dup,2026数学建模核心资料\美赛按题目题型分类常用算法代码程序包！\美赛照题目分类程序包【数学建模老哥】\美赛A题常见参考代码【数学建模老哥】\人工鱼群求解TSP问题源代码【数学建模老哥】\AF_swarm.m,2026数学建模核心资料\美赛按题目题型分类常用算法代码程序包！\优化与控制题型参考代码【数学建模老哥】\人工鱼群求解TSP问题源代码\AF_swarm.m
247,INNER,keep,2026数学建模核心资料\美赛按题目题型分类常用算法代码程序包！\优化与控制题型参考代码【数学建模老哥】\人工鱼群求解TSP问题源代码\Center.m,2026数学建模核心资料\美赛按题目题型分类常用算法代码程序包！\优化与控制题型参考代码【数学建模老哥】\人工鱼群求解TSP问题源代码\Center.m
247,INNER,dup,2026数学建模核心资料\美赛按题目题型分类常用算法代码程序包！\美赛照题目分类程序包【数学建模老哥】\美赛A题常见参考代码【数学建模老哥】\人工鱼群求解TSP问题源代码【数学建模老哥】\Center.m,2026数学建模核心资料\美赛按题目题型分类常用算法代码程序包！\优化与控制题型参考代码【数学建模老哥】\人工鱼群求解TSP问题源代码\Center.m
248,INNER,keep,2026数学建模核心资料\美赛按题目题型分类常用算法代码程序包！\优化与控制题型参考代码【数学建模老哥】\人工鱼群求解TSP问题源代码\distance.m,2026数学建模核心资料\美赛按题目题型分类常用算法代码程序包！\优化与控制题型参考代码【数学建模老哥】\人工鱼群求解TSP问题源代码\distance.m
248,INNER,dup,2026数学建模核心资料\美赛按题目题型分类常用算法代码程序包！\美赛照题目分类程序包【数学建模老哥】\美赛A题常见参考代码【数学建模老哥】\人工鱼群求解TSP问题源代码【数学建模老哥】\distance.m,2026数学建模核心资料\美赛按题目题型分类常用算法代码程序包！\优化与控制题型参考代码【数学建模老哥】\人工鱼群求解TSP问题源代码\distance.m
249,INNER,keep,2026数学建模核心资料\美赛按题目题型分类常用算法代码程序包！\优化与控制题型参考代码【数学建模老哥】\人工鱼群求解TSP问题源代码\FISH_TSP.m,2026数学建模核心资料\美赛按题目题型分类常用算法代码程序包！\优化与控制题型参考代码【数学建模老哥】\人工鱼群求解TSP问题源代码\FISH_TSP.m
249,INNER,dup,2026数学建模核心资料\美赛按题目题型分类常用算法代码程序包！\美赛照题目分类程序包【数学建模老哥】\美赛A题常见参考代码【数学建模老哥】\人工鱼群求解TSP问题源代码【数学建模老哥】\FISH_TSP.m,2026数学建模核心资料\美赛按题目题型分类常用算法代码程序包！\优化与控制题型参考代码【数学建模老哥】\人工鱼群求解TSP问题源代码\FISH_TSP.m
250,INNER,keep,2026数学建模核心资料\美赛按题目题型分类常用算法代码程序包！\优化与控制题型参考代码【数学建模老哥】\人工鱼群求解TSP问题源代码\k_neighborhood.m,2026数学建模核心资料\美赛按题目题型分类常用算法代码程序包！\优化与控制题型参考代码【数学建模老哥】\人工鱼群求解TSP问题源代码\k_neighborhood.m
250,INNER,dup,2026数学建模核心资料\美赛按题目题型分类常用算法代码程序包！\美赛照题目分类程序包【数学建模老哥】\美赛A题常见参考代码【数学建模老哥】\人工鱼群求解TSP问题源代码【数学建模老哥】\k_neighborhood.m,2026数学建模核心资料\美赛按题目题型分类常用算法代码程序包！\优化与控制题型参考代码【数学建模老哥】\人工鱼群求解TSP问题源代码\k_neighborhood.m
251,INNER,keep,2026数学建模核心资料\美赛按题目题型分类常用算法代码程序包！\优化与控制题型参考代码【数学建模老哥】\人工鱼群求解TSP问题源代码\PathLength.m,2026数学建模核心资料\美赛按题目题型分类常用算法代码程序包！\优化与控制题型参考代码【数学建模老哥】\人工鱼群求解TSP问题源代码\PathLength.m
251,INNER,dup,2026数学建模核心资料\美赛按题目题型分类常用算法代码程序包！\美赛照题目分类程序包【数学建模老哥】\美赛A题常见参考代码【数学建模老哥】\人工鱼群求解TSP问题源代码【数学建模老哥】\PathLength.m,2026数学建模核心资料\美赛按题目题型分类常用算法代码程序包！\优化与控制题型参考代码【数学建模老哥】\人工鱼群求解TSP问题源代码\PathLength.m
252,INNER,keep,2026数学建模核心资料\美赛按题目题型分类常用算法代码程序包！\优化与控制题型参考代码【数学建模老哥】\人工鱼群求解TSP问题源代码\ReadTSPFile.m,2026数学建模核心资料\美赛按题目题型分类常用算法代码程序包！\优化与控制题型参考代码【数学建模老哥】\人工鱼群求解TSP问题源代码\ReadTSPFile.m
252,INNER,dup,2026数学建模核心资料\美赛按题目题型分类常用算法代码程序包！\美赛照题目分类程序包【数学建模老哥】\美赛A题常见参考代码【数学建模老哥】\人工鱼群求解TSP问题源代码【数学建模老哥】\ReadTSPFile.m,2026数学建模核心资料\美赛按题目题型分类常用算法代码程序包！\优化与控制题型参考代码【数学建模老哥】\人工鱼群求解TSP问题源代码\ReadTSPFile.m
253,INNER,keep,2026数学建模核心资料\美赛按题目题型分类常用算法代码程序包！\优化与控制题型参考代码【数学建模老哥】\人工鱼群求解TSP问题源代码\reverse.m,2026数学建模核心资料\美赛按题目题型分类常用算法代码程序包！\优化与控制题型参考代码【数学建模老哥】\人工鱼群求解TSP问题源代码\reverse.m
253,INNER,dup,2026数学建模核心资料\美赛按题目题型分类常用算法代码程序包！\美赛照题目分类程序包【数学建模老哥】\美赛A题常见参考代码【数学建模老哥】\人工鱼群求解TSP问题源代码【数学建模老哥】\reverse.m,2026数学建模核心资料\美赛按题目题型分类常用算法代码程序包！\优化与控制题型参考代码【数学建模老哥】\人工鱼群求解TSP问题源代码\reverse.m
254,INNER,keep,2026数学建模核心资料\美赛按题目题型分类常用算法代码程序包！\优化与控制题型参考代码【数学建模老哥】\人工鱼群求解TSP问题源代码\test.m,2026数学建模核心资料\美赛按题目题型分类常用算法代码程序包！\优化与控制题型参考代码【数学建模老哥】\人工鱼群求解TSP问题源代码\test.m
254,INNER,dup,2026数学建模核心资料\美赛按题目题型分类常用算法代码程序包！\美赛照题目分类程序包【数学建模老哥】\美赛A题常见参考代码【数学建模老哥】\人工鱼群求解TSP问题源代码【数学建模老哥】\test.m,2026数学建模核心资料\美赛按题目题型分类常用算法代码程序包！\优化与控制题型参考代码【数学建模老哥】\人工鱼群求解TSP问题源代码\test.m
255,INNER,keep,2026数学建模核心资料\美赛按题目题型分类常用算法代码程序包！\优化与控制题型参考代码【数学建模老哥】\免疫优化算法在物流配送中心选址中的应用代码\bestselect.m,2026数学建模核心资料\美赛按题目题型分类常用算法代码程序包！\优化与控制题型参考代码【数学建模老哥】\免疫优化算法在物流配送中心选址中的应用代码\bestselect.m
255,INNER,dup,2026数学建模核心资料\美赛按题目题型分类常用算法代码程序包！\美赛照题目分类程序包【数学建模老哥】\美赛A题常见参考代码【数学建模老哥】\免疫优化算法在物流配送中心选址中的应用代码【数学建模老哥】\bestselect.m,2026数学建模核心资料\美赛按题目题型分类常用算法代码程序包！\优化与控制题型参考代码【数学建模老哥】\免疫优化算法在物流配送中心选址中的应用代码\bestselect.m
255,INNER,dup,2026数学建模核心资料\美赛按题目题型分类常用算法代码程序包！\美赛照题目分类程序包【数学建模老哥】\美赛D题常见参考代码【数学建模老哥】\免疫优化算法在物流配送中心选址中的应用代码【数学建模老哥】\bestselect.m,2026数学建模核心资料\美赛按题目题型分类常用算法代码程序包！\优化与控制题型参考代码【数学建模老哥】\免疫优化算法在物流配送中心选址中的应用代码\bestselect.m
255,INNER,dup,2026数学建模核心资料\美赛按题目题型分类常用算法代码程序包！\美赛照题目分类程序包【数学建模老哥】\美赛E题常见参考代码【数学建模老哥】\免疫优化算法在物流配送中心选址中的应用代码【数学建模老哥】\bestselect.m,2026数学建模核心资料\美赛按题目题型分类常用算法代码程序包！\优化与控制题型参考代码【数学建模老哥】\免疫优化算法在物流配送中心选址中的应用代码\bestselect.m
256,INNER,keep,2026数学建模核心资料\美赛按题目题型分类常用算法代码程序包！\优化与控制题型参考代码【数学建模老哥】\免疫优化算法在物流配送中心选址中的应用代码\concentration.m,2026数学建模核心资料\美赛按题目题型分类常用算法代码程序包！\优化与控制题型参考代码【数学建模老哥】\免疫优化算法在物流配送中心选址中的应用代码\concentration.m
256,INNER,dup,2026数学建模核心资料\美赛按题目题型分类常用算法代码程序包！\美赛照题目分类程序包【数学建模老哥】\美赛A题常见参考代码【数学建模老哥】\免疫优化算法在物流配送中心选址中的应用代码【数学建模老哥】\concentration.m,2026数学建模核心资料\美赛按题目题型分类常用算法代码程序包！\优化与控制题型参考代码【数学建模老哥】\免疫优化算法在物流配送中心选址中的应用代码\concentration.m
256,INNER,dup,2026数学建模核心资料\美赛按题目题型分类常用算法代码程序包！\美赛照题目分类程序包【数学建模老哥】\美赛D题常见参考代码【数学建模老哥】\免疫优化算法在物流配送中心选址中的应用代码【数学建模老哥】\concentration.m,2026数学建模核心资料\美赛按题目题型分类常用算法代码程序包！\优化与控制题型参考代码【数学建模老哥】\免疫优化算法在物流配送中心选址中的应用代码\concentration.m
256,INNER,dup,2026数学建模核心资料\美赛按题目题型分类常用算法代码程序包！\美赛照题目分类程序包【数学建模老哥】\美赛E题常见参考代码【数学建模老哥】\免疫优化算法在物流配送中心选址中的应用代码【数学建模老哥】\concentration.m,2026数学建模核心资料\美赛按题目题型分类常用算法代码程序包！\优化与控制题型参考代码【数学建模老哥】\免疫优化算法在物流配送中心选址中的应用代码\concentration.m
257,INNER,keep,2026数学建模核心资料\美赛按题目题型分类常用算法代码程序包！\优化与控制题型参考代码【数学建模老哥】\免疫优化算法在物流配送中心选址中的应用代码\Cross.m,2026数学建模核心资料\美赛按题目题型分类常用算法代码程序包！\优化与控制题型参考代码【数学建模老哥】\免疫优化算法在物流配送中心选址中的应用代码\Cross.m
257,INNER,dup,2026数学建模核心资料\美赛按题目题型分类常用算法代码程序包！\美赛照题目分类程序包【数学建模老哥】\美赛A题常见参考代码【数学建模老哥】\免疫优化算法在物流配送中心选址中的应用代码【数学建模老哥】\Cross.m,2026数学建模核心资料\美赛按题目题型分类常用算法代码程序包！\优化与控制题型参考代码【数学建模老哥】\免疫优化算法在物流配送中心选址中的应用代码\Cross.m
257,INNER,dup,2026数学建模核心资料\美赛按题目题型分类常用算法代码程序包！\美赛照题目分类程序包【数学建模老哥】\美赛D题常见参考代码【数学建模老哥】\免疫优化算法在物流配送中心选址中的应用代码【数学建模老哥】\Cross.m,2026数学建模核心资料\美赛按题目题型分类常用算法代码程序包！\优化与控制题型参考代码【数学建模老哥】\免疫优化算法在物流配送中心选址中的应用代码\Cross.m
257,INNER,dup,2026数学建模核心资料\美赛按题目题型分类常用算法代码程序包！\美赛照题目分类程序包【数学建模老哥】\美赛E题常见参考代码【数学建模老哥】\免疫优化算法在物流配送中心选址中的应用代码【数学建模老哥】\Cross.m,2026数学建模核心资料\美赛按题目题型分类常用算法代码程序包！\优化与控制题型参考代码【数学建模老哥】\免疫优化算法在物流配送中心选址中的应用代码\Cross.m
258,INNER,keep,2026数学建模核心资料\美赛按题目题型分类常用算法代码程序包！\优化与控制题型参考代码【数学建模老哥】\免疫优化算法在物流配送中心选址中的应用代码\draw.m,2026数学建模核心资料\美赛按题目题型分类常用算法代码程序包！\优化与控制题型参考代码【数学建模老哥】\免疫优化算法在物流配送中心选址中的应用代码\draw.m
258,INNER,dup,2026数学建模核心资料\美赛按题目题型分类常用算法代码程序包！\美赛照题目分类程序包【数学建模老哥】\美赛A题常见参考代码【数学建模老哥】\免疫优化算法在物流配送中心选址中的应用代码【数学建模老哥】\draw.m,2026数学建模核心资料\美赛按题目题型分类常用算法代码程序包！\优化与控制题型参考代码【数学建模老哥】\免疫优化算法在物流配送中心选址中的应用代码\draw.m
258,INNER,dup,2026数学建模核心资料\美赛按题目题型分类常用算法代码程序包！\美赛照题目分类程序包【数学建模老哥】\美赛D题常见参考代码【数学建模老哥】\免疫优化算法在物流配送中心选址中的应用代码【数学建模老哥】\draw.m,2026数学建模核心资料\美赛按题目题型分类常用算法代码程序包！\优化与控制题型参考代码【数学建模老哥】\免疫优化算法在物流配送中心选址中的应用代码\draw.m
258,INNER,dup,2026数学建模核心资料\美赛按题目题型分类常用算法代码程序包！\美赛照题目分类程序包【数学建模老哥】\美赛E题常见参考代码【数学建模老哥】\免疫优化算法在物流配送中心选址中的应用代码【数学建模老哥】\draw.m,2026数学建模核心资料\美赛按题目题型分类常用算法代码程序包！\优化与控制题型参考代码【数学建模老哥】\免疫优化算法在物流配送中心选址中的应用代码\draw.m
259,INNER,keep,2026数学建模核心资料\美赛按题目题型分类常用算法代码程序包！\优化与控制题型参考代码【数学建模老哥】\免疫优化算法在物流配送中心选址中的应用代码\excellence.m,2026数学建模核心资料\美赛按题目题型分类常用算法代码程序包！\优化与控制题型参考代码【数学建模老哥】\免疫优化算法在物流配送中心选址中的应用代码\excellence.m
259,INNER,dup,2026数学建模核心资料\美赛按题目题型分类常用算法代码程序包！\美赛照题目分类程序包【数学建模老哥】\美赛A题常见参考代码【数学建模老哥】\免疫优化算法在物流配送中心选址中的应用代码【数学建模老哥】\excellence.m,2026数学建模核心资料\美赛按题目题型分类常用算法代码程序包！\优化与控制题型参考代码【数学建模老哥】\免疫优化算法在物流配送中心选址中的应用代码\excellence.m
259,INNER,dup,2026数学建模核心资料\美赛按题目题型分类常用算法代码程序包！\美赛照题目分类程序包【数学建模老哥】\美赛D题常见参考代码【数学建模老哥】\免疫优化算法在物流配送中心选址中的应用代码【数学建模老哥】\excellence.m,2026数学建模核心资料\美赛按题目题型分类常用算法代码程序包！\优化与控制题型参考代码【数学建模老哥】\免疫优化算法在物流配送中心选址中的应用代码\excellence.m
259,INNER,dup,2026数学建模核心资料\美赛按题目题型分类常用算法代码程序包！\美赛照题目分类程序包【数学建模老哥】\美赛E题常见参考代码【数学建模老哥】\免疫优化算法在物流配送中心选址中的应用代码【数学建模老哥】\excellence.m,2026数学建模核心资料\美赛按题目题型分类常用算法代码程序包！\优化与控制题型参考代码【数学建模老哥】\免疫优化算法在物流配送中心选址中的应用代码\excellence.m
260,INNER,keep,2026数学建模核心资料\美赛按题目题型分类常用算法代码程序包！\优化与控制题型参考代码【数学建模老哥】\免疫优化算法在物流配送中心选址中的应用代码\fitness.m,2026数学建模核心资料\美赛按题目题型分类常用算法代码程序包！\优化与控制题型参考代码【数学建模老哥】\免疫优化算法在物流配送中心选址中的应用代码\fitness.m
260,INNER,dup,2026数学建模核心资料\美赛按题目题型分类常用算法代码程序包！\美赛照题目分类程序包【数学建模老哥】\美赛A题常见参考代码【数学建模老哥】\免疫优化算法在物流配送中心选址中的应用代码【数学建模老哥】\fitness.m,2026数学建模核心资料\美赛按题目题型分类常用算法代码程序包！\优化与控制题型参考代码【数学建模老哥】\免疫优化算法在物流配送中心选址中的应用代码\fitness.m
260,INNER,dup,2026数学建模核心资料\美赛按题目题型分类常用算法代码程序包！\美赛照题目分类程序包【数学建模老哥】\美赛D题常见参考代码【数学建模老哥】\免疫优化算法在物流配送中心选址中的应用代码【数学建模老哥】\fitness.m,2026数学建模核心资料\美赛按题目题型分类常用算法代码程序包！\优化与控制题型参考代码【数学建模老哥】\免疫优化算法在物流配送中心选址中的应用代码\fitness.m
260,INNER,dup,2026数学建模核心资料\美赛按题目题型分类常用算法代码程序包！\美赛照题目分类程序包【数学建模老哥】\美赛E题常见参考代码【数学建模老哥】\免疫优化算法在物流配送中心选址中的应用代码【数学建模老哥】\fitness.m,2026数学建模核心资料\美赛按题目题型分类常用算法代码程序包！\优化与控制题型参考代码【数学建模老哥】\免疫优化算法在物流配送中心选址中的应用代码\fitness.m
261,INNER,keep,2026数学建模核心资料\美赛按题目题型分类常用算法代码程序包！\优化与控制题型参考代码【数学建模老哥】\免疫优化算法在物流配送中心选址中的应用代码\IAdata.mat,2026数学建模核心资料\美赛按题目题型分类常用算法代码程序包！\优化与控制题型参考代码【数学建模老哥】\免疫优化算法在物流配送中心选址中的应用代码\IAdata.mat
261,INNER,dup,2026数学建模核心资料\美赛按题目题型分类常用算法代码程序包！\美赛照题目分类程序包【数学建模老哥】\美赛A题常见参考代码【数学建模老哥】\免疫优化算法在物流配送中心选址中的应用代码【数学建模老哥】\IAdata.mat,2026数学建模核心资料\美赛按题目题型分类常用算法代码程序包！\优化与控制题型参考代码【数学建模老哥】\免疫优化算法在物流配送中心选址中的应用代码\IAdata.mat
261,INNER,dup,2026数学建模核心资料\美赛按题目题型分类常用算法代码程序包！\美赛照题目分类程序包【数学建模老哥】\美赛D题常见参考代码【数学建模老哥】\免疫优化算法在物流配送中心选址中的应用代码【数学建模老哥】\IAdata.mat,2026数学建模核心资料\美赛按题目题型分类常用算法代码程序包！\优化与控制题型参考代码【数学建模老哥】\免疫优化算法在物流配送中心选址中的应用代码\IAdata.mat
261,INNER,dup,2026数学建模核心资料\美赛按题目题型分类常用算法代码程序包！\美赛照题目分类程序包【数学建模老哥】\美赛E题常见参考代码【数学建模老哥】\免疫优化算法在物流配送中心选址中的应用代码【数学建模老哥】\IAdata.mat,2026数学建模核心资料\美赛按题目题型分类常用算法代码程序包！\优化与控制题型参考代码【数学建模老哥】\免疫优化算法在物流配送中心选址中的应用代码\IAdata.mat
262,INNER,keep,2026数学建模核心资料\美赛按题目题型分类常用算法代码程序包！\优化与控制题型参考代码【数学建模老哥】\免疫优化算法在物流配送中心选址中的应用代码\incorporate.m,2026数学建模核心资料\美赛按题目题型分类常用算法代码程序包！\优化与控制题型参考代码【数学建模老哥】\免疫优化算法在物流配送中心选址中的应用代码\incorporate.m
262,INNER,dup,2026数学建模核心资料\美赛按题目题型分类常用算法代码程序包！\美赛照题目分类程序包【数学建模老哥】\美赛A题常见参考代码【数学建模老哥】\免疫优化算法在物流配送中心选址中的应用代码【数学建模老哥】\incorporate.m,2026数学建模核心资料\美赛按题目题型分类常用算法代码程序包！\优化与控制题型参考代码【数学建模老哥】\免疫优化算法在物流配送中心选址中的应用代码\incorporate.m
262,INNER,dup,2026数学建模核心资料\美赛按题目题型分类常用算法代码程序包！\美赛照题目分类程序包【数学建模老哥】\美赛D题常见参考代码【数学建模老哥】\免疫优化算法在物流配送中心选址中的应用代码【数学建模老哥】\incorporate.m,2026数学建模核心资料\美赛按题目题型分类常用算法代码程序包！\优化与控制题型参考代码【数学建模老哥】\免疫优化算法在物流配送中心选址中的应用代码\incorporate.m
262,INNER,dup,2026数学建模核心资料\美赛按题目题型分类常用算法代码程序包！\美赛照题目分类程序包【数学建模老哥】\美赛E题常见参考代码【数学建模老哥】\免疫优化算法在物流配送中心选址中的应用代码【数学建模老哥】\incorporate.m,2026数学建模核心资料\美赛按题目题型分类常用算法代码程序包！\优化与控制题型参考代码【数学建模老哥】\免疫优化算法在物流配送中心选址中的应用代码\incorporate.m
263,INNER,keep,2026数学建模核心资料\美赛按题目题型分类常用算法代码程序包！\优化与控制题型参考代码【数学建模老哥】\免疫优化算法在物流配送中心选址中的应用代码\main.m,2026数学建模核心资料\美赛按题目题型分类常用算法代码程序包！\优化与控制题型参考代码【数学建模老哥】\免疫优化算法在物流配送中心选址中的应用代码\main.m
263,INNER,dup,2026数学建模核心资料\美赛按题目题型分类常用算法代码程序包！\美赛照题目分类程序包【数学建模老哥】\美赛A题常见参考代码【数学建模老哥】\免疫优化算法在物流配送中心选址中的应用代码【数学建模老哥】\main.m,2026数学建模核心资料\美赛按题目题型分类常用算法代码程序包！\优化与控制题型参考代码【数学建模老哥】\免疫优化算法在物流配送中心选址中的应用代码\main.m
263,INNER,dup,2026数学建模核心资料\美赛按题目题型分类常用算法代码程序包！\美赛照题目分类程序包【数学建模老哥】\美赛D题常见参考代码【数学建模老哥】\免疫优化算法在物流配送中心选址中的应用代码【数学建模老哥】\main.m,2026数学建模核心资料\美赛按题目题型分类常用算法代码程序包！\优化与控制题型参考代码【数学建模老哥】\免疫优化算法在物流配送中心选址中的应用代码\main.m
263,INNER,dup,2026数学建模核心资料\美赛按题目题型分类常用算法代码程序包！\美赛照题目分类程序包【数学建模老哥】\美赛E题常见参考代码【数学建模老哥】\免疫优化算法在物流配送中心选址中的应用代码【数学建模老哥】\main.m,2026数学建模核心资料\美赛按题目题型分类常用算法代码程序包！\优化与控制题型参考代码【数学建模老哥】\免疫优化算法在物流配送中心选址中的应用代码\main.m
264,INNER,keep,2026数学建模核心资料\美赛按题目题型分类常用算法代码程序包！\优化与控制题型参考代码【数学建模老哥】\免疫优化算法在物流配送中心选址中的应用代码\Mutation.m,2026数学建模核心资料\美赛按题目题型分类常用算法代码程序包！\优化与控制题型参考代码【数学建模老哥】\免疫优化算法在物流配送中心选址中的应用代码\Mutation.m
264,INNER,dup,2026数学建模核心资料\美赛按题目题型分类常用算法代码程序包！\美赛照题目分类程序包【数学建模老哥】\美赛A题常见参考代码【数学建模老哥】\免疫优化算法在物流配送中心选址中的应用代码【数学建模老哥】\Mutation.m,2026数学建模核心资料\美赛按题目题型分类常用算法代码程序包！\优化与控制题型参考代码【数学建模老哥】\免疫优化算法在物流配送中心选址中的应用代码\Mutation.m
264,INNER,dup,2026数学建模核心资料\美赛按题目题型分类常用算法代码程序包！\美赛照题目分类程序包【数学建模老哥】\美赛D题常见参考代码【数学建模老哥】\免疫优化算法在物流配送中心选址中的应用代码【数学建模老哥】\Mutation.m,2026数学建模核心资料\美赛按题目题型分类常用算法代码程序包！\优化与控制题型参考代码【数学建模老哥】\免疫优化算法在物流配送中心选址中的应用代码\Mutation.m
264,INNER,dup,2026数学建模核心资料\美赛按题目题型分类常用算法代码程序包！\美赛照题目分类程序包【数学建模老哥】\美赛E题常见参考代码【数学建模老哥】\免疫优化算法在物流配送中心选址中的应用代码【数学建模老哥】\Mutation.m,2026数学建模核心资料\美赛按题目题型分类常用算法代码程序包！\优化与控制题型参考代码【数学建模老哥】\免疫优化算法在物流配送中心选址中的应用代码\Mutation.m
265,INNER,keep,2026数学建模核心资料\美赛按题目题型分类常用算法代码程序包！\优化与控制题型参考代码【数学建模老哥】\免疫优化算法在物流配送中心选址中的应用代码\popinit.m,2026数学建模核心资料\美赛按题目题型分类常用算法代码程序包！\优化与控制题型参考代码【数学建模老哥】\免疫优化算法在物流配送中心选址中的应用代码\popinit.m
265,INNER,dup,2026数学建模核心资料\美赛按题目题型分类常用算法代码程序包！\美赛照题目分类程序包【数学建模老哥】\美赛A题常见参考代码【数学建模老哥】\免疫优化算法在物流配送中心选址中的应用代码【数学建模老哥】\popinit.m,2026数学建模核心资料\美赛按题目题型分类常用算法代码程序包！\优化与控制题型参考代码【数学建模老哥】\免疫优化算法在物流配送中心选址中的应用代码\popinit.m
265,INNER,dup,2026数学建模核心资料\美赛按题目题型分类常用算法代码程序包！\美赛照题目分类程序包【数学建模老哥】\美赛D题常见参考代码【数学建模老哥】\免疫优化算法在物流配送中心选址中的应用代码【数学建模老哥】\popinit.m,2026数学建模核心资料\美赛按题目题型分类常用算法代码程序包！\优化与控制题型参考代码【数学建模老哥】\免疫优化算法在物流配送中心选址中的应用代码\popinit.m
265,INNER,dup,2026数学建模核心资料\美赛按题目题型分类常用算法代码程序包！\美赛照题目分类程序包【数学建模老哥】\美赛E题常见参考代码【数学建模老哥】\免疫优化算法在物流配送中心选址中的应用代码【数学建模老哥】\popinit.m,2026数学建模核心资料\美赛按题目题型分类常用算法代码程序包！\优化与控制题型参考代码【数学建模老哥】\免疫优化算法在物流配送中心选址中的应用代码\popinit.m
266,INNER,keep,2026数学建模核心资料\美赛按题目题型分类常用算法代码程序包！\优化与控制题型参考代码【数学建模老哥】\免疫优化算法在物流配送中心选址中的应用代码\Select.m,2026数学建模核心资料\美赛按题目题型分类常用算法代码程序包！\优化与控制题型参考代码【数学建模老哥】\免疫优化算法在物流配送中心选址中的应用代码\Select.m
266,INNER,dup,2026数学建模核心资料\美赛按题目题型分类常用算法代码程序包！\美赛照题目分类程序包【数学建模老哥】\美赛A题常见参考代码【数学建模老哥】\免疫优化算法在物流配送中心选址中的应用代码【数学建模老哥】\Select.m,2026数学建模核心资料\美赛按题目题型分类常用算法代码程序包！\优化与控制题型参考代码【数学建模老哥】\免疫优化算法在物流配送中心选址中的应用代码\Select.m
266,INNER,dup,2026数学建模核心资料\美赛按题目题型分类常用算法代码程序包！\美赛照题目分类程序包【数学建模老哥】\美赛D题常见参考代码【数学建模老哥】\免疫优化算法在物流配送中心选址中的应用代码【数学建模老哥】\Select.m,2026数学建模核心资料\美赛按题目题型分类常用算法代码程序包！\优化与控制题型参考代码【数学建模老哥】\免疫优化算法在物流配送中心选址中的应用代码\Select.m
266,INNER,dup,2026数学建模核心资料\美赛按题目题型分类常用算法代码程序包！\美赛照题目分类程序包【数学建模老哥】\美赛E题常见参考代码【数学建模老哥】\免疫优化算法在物流配送中心选址中的应用代码【数学建模老哥】\Select.m,2026数学建模核心资料\美赛按题目题型分类常用算法代码程序包！\优化与控制题型参考代码【数学建模老哥】\免疫优化算法在物流配送中心选址中的应用代码\Select.m
267,INNER,keep,2026数学建模核心资料\美赛按题目题型分类常用算法代码程序包！\优化与控制题型参考代码【数学建模老哥】\免疫优化算法在物流配送中心选址中的应用代码\similar.m,2026数学建模核心资料\美赛按题目题型分类常用算法代码程序包！\优化与控制题型参考代码【数学建模老哥】\免疫优化算法在物流配送中心选址中的应用代码\similar.m
267,INNER,dup,2026数学建模核心资料\美赛按题目题型分类常用算法代码程序包！\美赛照题目分类程序包【数学建模老哥】\美赛A题常见参考代码【数学建模老哥】\免疫优化算法在物流配送中心选址中的应用代码【数学建模老哥】\similar.m,2026数学建模核心资料\美赛按题目题型分类常用算法代码程序包！\优化与控制题型参考代码【数学建模老哥】\免疫优化算法在物流配送中心选址中的应用代码\similar.m
267,INNER,dup,2026数学建模核心资料\美赛按题目题型分类常用算法代码程序包！\美赛照题目分类程序包【数学建模老哥】\美赛D题常见参考代码【数学建模老哥】\免疫优化算法在物流配送中心选址中的应用代码【数学建模老哥】\similar.m,2026数学建模核心资料\美赛按题目题型分类常用算法代码程序包！\优化与控制题型参考代码【数学建模老哥】\免疫优化算法在物流配送中心选址中的应用代码\similar.m
267,INNER,dup,2026数学建模核心资料\美赛按题目题型分类常用算法代码程序包！\美赛照题目分类程序包【数学建模老哥】\美赛E题常见参考代码【数学建模老哥】\免疫优化算法在物流配送中心选址中的应用代码【数学建模老哥】\similar.m,2026数学建模核心资料\美赛按题目题型分类常用算法代码程序包！\优化与控制题型参考代码【数学建模老哥】\免疫优化算法在物流配送中心选址中的应用代码\similar.m
268,INNER,keep,2026数学建模核心资料\美赛按题目题型分类常用算法代码程序包！\优化与控制题型参考代码【数学建模老哥】\免疫优化算法在物流配送中心选址中的应用代码\test.m,2026数学建模核心资料\美赛按题目题型分类常用算法代码程序包！\优化与控制题型参考代码【数学建模老哥】\免疫优化算法在物流配送中心选址中的应用代码\test.m
268,INNER,dup,2026数学建模核心资料\美赛按题目题型分类常用算法代码程序包！\美赛照题目分类程序包【数学建模老哥】\美赛A题常见参考代码【数学建模老哥】\免疫优化算法在物流配送中心选址中的应用代码【数学建模老哥】\test.m,2026数学建模核心资料\美赛按题目题型分类常用算法代码程序包！\优化与控制题型参考代码【数学建模老哥】\免疫优化算法在物流配送中心选址中的应用代码\test.m
268,INNER,dup,2026数学建模核心资料\美赛按题目题型分类常用算法代码程序包！\美赛照题目分类程序包【数学建模老哥】\美赛D题常见参考代码【数学建模老哥】\免疫优化算法在物流配送中心选址中的应用代码【数学建模老哥】\test.m,2026数学建模核心资料\美赛按题目题型分类常用算法代码程序包！\优化与控制题型参考代码【数学建模老哥】\免疫优化算法在物流配送中心选址中的应用代码\test.m
268,INNER,dup,2026数学建模核心资料\美赛按题目题型分类常用算法代码程序包！\美赛照题目分类程序包【数学建模老哥】\美赛E题常见参考代码【数学建模老哥】\免疫优化算法在物流配送中心选址中的应用代码【数学建模老哥】\test.m,2026数学建模核心资料\美赛按题目题型分类常用算法代码程序包！\优化与控制题型参考代码【数学建模老哥】\免疫优化算法在物流配送中心选址中的应用代码\test.m
269,INNER,keep,2026数学建模核心资料\美赛按题目题型分类常用算法代码程序包！\优化与控制题型参考代码【数学建模老哥】\基于深度优先搜索算法图论代码\wj_wfs_con.m,2026数学建模核心资料\美赛按题目题型分类常用算法代码程序包！\优化与控制题型参考代码【数学建模老哥】\基于深度优先搜索算法图论代码\wj_wfs_con.m
269,INNER,dup,2026数学建模核心资料\美赛按题目题型分类常用算法代码程序包！\美赛照题目分类程序包【数学建模老哥】\美赛D题常见参考代码【数学建模老哥】\基于深度优先搜索算法图论代码【数学建模老哥】\wj_wfs_con.m,2026数学建模核心资料\美赛按题目题型分类常用算法代码程序包！\优化与控制题型参考代码【数学建模老哥】\基于深度优先搜索算法图论代码\wj_wfs_con.m
270,INNER,keep,2026数学建模核心资料\美赛按题目题型分类常用算法代码程序包！\优化与控制题型参考代码【数学建模老哥】\基于蚁群算法的二维路径规划代码\DijkstraPlan.m,2026数学建模核心资料\美赛按题目题型分类常用算法代码程序包！\优化与控制题型参考代码【数学建模老哥】\基于蚁群算法的二维路径规划代码\DijkstraPlan.m
270,INNER,dup,2026数学建模核心资料\美赛按题目题型分类常用算法代码程序包！\美赛照题目分类程序包【数学建模老哥】\美赛D题常见参考代码【数学建模老哥】\基于蚁群算法的二维路径规划代码【数学建模老哥】\DijkstraPlan.m,2026数学建模核心资料\美赛按题目题型分类常用算法代码程序包！\优化与控制题型参考代码【数学建模老哥】\基于蚁群算法的二维路径规划代码\DijkstraPlan.m
271,INNER,keep,2026数学建模核心资料\美赛按题目题型分类常用算法代码程序包！\优化与控制题型参考代码【数学建模老哥】\基于蚁群算法的二维路径规划代码\main.m,2026数学建模核心资料\美赛按题目题型分类常用算法代码程序包！\优化与控制题型参考代码【数学建模老哥】\基于蚁群算法的二维路径规划代码\main.m
271,INNER,dup,2026数学建模核心资料\美赛按题目题型分类常用算法代码程序包！\美赛照题目分类程序包【数学建模老哥】\美赛D题常见参考代码【数学建模老哥】\基于蚁群算法的二维路径规划代码【数学建模老哥】\main.m,2026数学建模核心资料\美赛按题目题型分类常用算法代码程序包！\优化与控制题型参考代码【数学建模老哥】\基于蚁群算法的二维路径规划代码\main.m
272,INNER,keep,2026数学建模核心资料\美赛按题目题型分类常用算法代码程序包！\优化与控制题型参考代码【数学建模老哥】\基于遗传算法的优化计算——建模自变量降维代码\data.mat,2026数学建模核心资料\美赛按题目题型分类常用算法代码程序包！\优化与控制题型参考代码【数学建模老哥】\基于遗传算法的优化计算——建模自变量降维代码\data.mat
272,INNER,dup,2026数学建模核心资料\美赛按题目题型分类常用算法代码程序包！\美赛照题目分类程序包【数学建模老哥】\美赛F题常见参考代码【数学建模老哥】\基于遗传算法的优化计算——建模自变量降维代码【数学建模老哥】\data.mat,2026数学建模核心资料\美赛按题目题型分类常用算法代码程序包！\优化与控制题型参考代码【数学建模老哥】\基于遗传算法的优化计算——建模自变量降维代码\data.mat
273,INNER,keep,2026数学建模核心资料\美赛按题目题型分类常用算法代码程序包！\优化与控制题型参考代码【数学建模老哥】\基于遗传算法的优化计算——建模自变量降维代码\de_code.m,2026数学建模核心资料\美赛按题目题型分类常用算法代码程序包！\优化与控制题型参考代码【数学建模老哥】\基于遗传算法的优化计算——建模自变量降维代码\de_code.m
273,INNER,dup,2026数学建模核心资料\美赛按题目题型分类常用算法代码程序包！\美赛照题目分类程序包【数学建模老哥】\美赛F题常见参考代码【数学建模老哥】\基于遗传算法的优化计算——建模自变量降维代码【数学建模老哥】\de_code.m,2026数学建模核心资料\美赛按题目题型分类常用算法代码程序包！\优化与控制题型参考代码【数学建模老哥】\基于遗传算法的优化计算——建模自变量降维代码\de_code.m
274,INNER,keep,2026数学建模核心资料\美赛按题目题型分类常用算法代码程序包！\优化与控制题型参考代码【数学建模老哥】\基于遗传算法的优化计算——建模自变量降维代码\fitness.m,2026数学建模核心资料\美赛按题目题型分类常用算法代码程序包！\优化与控制题型参考代码【数学建模老哥】\基于遗传算法的优化计算——建模自变量降维代码\fitness.m
274,INNER,dup,2026数学建模核心资料\美赛按题目题型分类常用算法代码程序包！\美赛照题目分类程序包【数学建模老哥】\美赛F题常见参考代码【数学建模老哥】\基于遗传算法的优化计算——建模自变量降维代码【数学建模老哥】\fitness.m,2026数学建模核心资料\美赛按题目题型分类常用算法代码程序包！\优化与控制题型参考代码【数学建模老哥】\基于遗传算法的优化计算——建模自变量降维代码\fitness.m
275,INNER,keep,2026数学建模核心资料\美赛按题目题型分类常用算法代码程序包！\优化与控制题型参考代码【数学建模老哥】\基于遗传算法的优化计算——建模自变量降维代码\gabpEval.m,2026数学建模核心资料\美赛按题目题型分类常用算法代码程序包！\优化与控制题型参考代码【数学建模老哥】\基于遗传算法的优化计算——建模自变量降维代码\gabpEval.m
275,INNER,dup,2026数学建模核心资料\美赛按题目题型分类常用算法代码程序包！\美赛照题目分类程序包【数学建模老哥】\美赛F题常见参考代码【数学建模老哥】\基于遗传算法的优化计算——建模自变量降维代码【数学建模老哥】\gabpEval.m,2026数学建模核心资料\美赛按题目题型分类常用算法代码程序包！\优化与控制题型参考代码【数学建模老哥】\基于遗传算法的优化计算——建模自变量降维代码\gabpEval.m
276,INNER,keep,2026数学建模核心资料\美赛按题目题型分类常用算法代码程序包！\优化与控制题型参考代码【数学建模老哥】\基于遗传算法的优化计算——建模自变量降维代码\gadecod.m,2026数学建模核心资料\美赛按题目题型分类常用算法代码程序包！\优化与控制题型参考代码【数学建模老哥】\基于遗传算法的优化计算——建模自变量降维代码\gadecod.m
276,INNER,dup,2026数学建模核心资料\美赛按题目题型分类常用算法代码程序包！\美赛照题目分类程序包【数学建模老哥】\美赛F题常见参考代码【数学建模老哥】\基于遗传算法的优化计算——建模自变量降维代码【数学建模老哥】\gadecod.m,2026数学建模核心资料\美赛按题目题型分类常用算法代码程序包！\优化与控制题型参考代码【数学建模老哥】\基于遗传算法的优化计算——建模自变量降维代码\gadecod.m
277,INNER,keep,2026数学建模核心资料\美赛按题目题型分类常用算法代码程序包！\优化与控制题型参考代码【数学建模老哥】\基于遗传算法的优化计算——建模自变量降维代码\main.m,2026数学建模核心资料\美赛按题目题型分类常用算法代码程序包！\优化与控制题型参考代码【数学建模老哥】\基于遗传算法的优化计算——建模自变量降维代码\main.m
277,INNER,dup,2026数学建模核心资料\美赛按题目题型分类常用算法代码程序包！\美赛照题目分类程序包【数学建模老哥】\美赛F题常见参考代码【数学建模老哥】\基于遗传算法的优化计算——建模自变量降维代码【数学建模老哥】\main.m,2026数学建模核心资料\美赛按题目题型分类常用算法代码程序包！\优化与控制题型参考代码【数学建模老哥】\基于遗传算法的优化计算——建模自变量降维代码\main.m
278,INNER,keep,2026数学建模核心资料\美赛按题目题型分类常用算法代码程序包！\优化与控制题型参考代码【数学建模老哥】\多目标快速非支配排序遗传算法优化代码\evaluate_objective.m,2026数学建模核心资料\美赛按题目题型分类常用算法代码程序包！\优化与控制题型参考代码【数学建模老哥】\多目标快速非支配排序遗传算法优化代码\evaluate_objective.m
278,INNER,dup,2026数学建模核心资料\美赛按题目题型分类常用算法代码程序包！\美赛照题目分类程序包【数学建模老哥】\美赛A题常见参考代码【数学建模老哥】\多目标快速非支配排序遗传算法优化代码【数学建模老哥】\evaluate_objective.m,2026数学建模核心资料\美赛按题目题型分类常用算法代码程序包！\优化与控制题型参考代码【数学建模老哥】\多目标快速非支配排序遗传算法优化代码\evaluate_objective.m
279,INNER,keep,2026数学建模核心资料\美赛按题目题型分类常用算法代码程序包！\优化与控制题型参考代码【数学建模老哥】\多目标快速非支配排序遗传算法优化代码\genetic_operator.m,2026数学建模核心资料\美赛按题目题型分类常用算法代码程序包！\优化与控制题型参考代码【数学建模老哥】\多目标快速非支配排序遗传算法优化代码\genetic_operator.m
279,INNER,dup,2026数学建模核心资料\美赛按题目题型分类常用算法代码程序包！\美赛照题目分类程序包【数学建模老哥】\美赛A题常见参考代码【数学建模老哥】\多目标快速非支配排序遗传算法优化代码【数学建模老哥】\genetic_operator.m,2026数学建模核心资料\美赛按题目题型分类常用算法代码程序包！\优化与控制题型参考代码【数学建模老哥】\多目标快速非支配排序遗传算法优化代码\genetic_operator.m
280,INNER,keep,2026数学建模核心资料\美赛按题目题型分类常用算法代码程序包！\优化与控制题型参考代码【数学建模老哥】\多目标快速非支配排序遗传算法优化代码\initialize_variables.m,2026数学建模核心资料\美赛按题目题型分类常用算法代码程序包！\优化与控制题型参考代码【数学建模老哥】\多目标快速非支配排序遗传算法优化代码\initialize_variables.m
280,INNER,dup,2026数学建模核心资料\美赛按题目题型分类常用算法代码程序包！\美赛照题目分类程序包【数学建模老哥】\美赛A题常见参考代码【数学建模老哥】\多目标快速非支配排序遗传算法优化代码【数学建模老哥】\initialize_variables.m,2026数学建模核心资料\美赛按题目题型分类常用算法代码程序包！\优化与控制题型参考代码【数学建模老哥】\多目标快速非支配排序遗传算法优化代码\initialize_variables.m
281,INNER,keep,2026数学建模核心资料\美赛按题目题型分类常用算法代码程序包！\优化与控制题型参考代码【数学建模老哥】\多目标快速非支配排序遗传算法优化代码\non_domination_sort_mod.m,2026数学建模核心资料\美赛按题目题型分类常用算法代码程序包！\优化与控制题型参考代码【数学建模老哥】\多目标快速非支配排序遗传算法优化代码\non_domination_sort_mod.m
281,INNER,dup,2026数学建模核心资料\美赛按题目题型分类常用算法代码程序包！\美赛照题目分类程序包【数学建模老哥】\美赛A题常见参考代码【数学建模老哥】\多目标快速非支配排序遗传算法优化代码【数学建模老哥】\non_domination_sort_mod.m,2026数学建模核心资料\美赛按题目题型分类常用算法代码程序包！\优化与控制题型参考代码【数学建模老哥】\多目标快速非支配排序遗传算法优化代码\non_domination_sort_mod.m
282,INNER,keep,2026数学建模核心资料\美赛按题目题型分类常用算法代码程序包！\优化与控制题型参考代码【数学建模老哥】\多目标快速非支配排序遗传算法优化代码\nsga_2.m,2026数学建模核心资料\美赛按题目题型分类常用算法代码程序包！\优化与控制题型参考代码【数学建模老哥】\多目标快速非支配排序遗传算法优化代码\nsga_2.m
282,INNER,dup,2026数学建模核心资料\美赛按题目题型分类常用算法代码程序包！\美赛照题目分类程序包【数学建模老哥】\美赛A题常见参考代码【数学建模老哥】\多目标快速非支配排序遗传算法优化代码【数学建模老哥】\nsga_2.m,2026数学建模核心资料\美赛按题目题型分类常用算法代码程序包！\优化与控制题型参考代码【数学建模老哥】\多目标快速非支配排序遗传算法优化代码\nsga_2.m
283,INNER,keep,2026数学建模核心资料\美赛按题目题型分类常用算法代码程序包！\优化与控制题型参考代码【数学建模老哥】\多目标快速非支配排序遗传算法优化代码\objective_description_function.m,2026数学建模核心资料\美赛按题目题型分类常用算法代码程序包！\优化与控制题型参考代码【数学建模老哥】\多目标快速非支配排序遗传算法优化代码\objective_description_function.m
283,INNER,dup,2026数学建模核心资料\美赛按题目题型分类常用算法代码程序包！\美赛照题目分类程序包【数学建模老哥】\美赛A题常见参考代码【数学建模老哥】\多目标快速非支配排序遗传算法优化代码【数学建模老哥】\objective_description_function.m,2026数学建模核心资料\美赛按题目题型分类常用算法代码程序包！\优化与控制题型参考代码【数学建模老哥】\多目标快速非支配排序遗传算法优化代码\objective_description_function.m
284,INNER,keep,2026数学建模核心资料\美赛按题目题型分类常用算法代码程序包！\优化与控制题型参考代码【数学建模老哥】\多目标快速非支配排序遗传算法优化代码\replace_chromosome.m,2026数学建模核心资料\美赛按题目题型分类常用算法代码程序包！\优化与控制题型参考代码【数学建模老哥】\多目标快速非支配排序遗传算法优化代码\replace_chromosome.m
284,INNER,dup,2026数学建模核心资料\美赛按题目题型分类常用算法代码程序包！\美赛照题目分类程序包【数学建模老哥】\美赛A题常见参考代码【数学建模老哥】\多目标快速非支配排序遗传算法优化代码【数学建模老哥】\replace_chromosome.m,2026数学建模核心资料\美赛按题目题型分类常用算法代码程序包！\优化与控制题型参考代码【数学建模老哥】\多目标快速非支配排序遗传算法优化代码\replace_chromosome.m
285,INNER,keep,2026数学建模核心资料\美赛按题目题型分类常用算法代码程序包！\优化与控制题型参考代码【数学建模老哥】\多目标快速非支配排序遗传算法优化代码\tournament_selection.m,2026数学建模核心资料\美赛按题目题型分类常用算法代码程序包！\优化与控制题型参考代码【数学建模老哥】\多目标快速非支配排序遗传算法优化代码\tournament_selection.m
285,INNER,dup,2026数学建模核心资料\美赛按题目题型分类常用算法代码程序包！\美赛照题目分类程序包【数学建模老哥】\美赛A题常见参考代码【数学建模老哥】\多目标快速非支配排序遗传算法优化代码【数学建模老哥】\tournament_selection.m,2026数学建模核心资料\美赛按题目题型分类常用算法代码程序包！\优化与控制题型参考代码【数学建模老哥】\多目标快速非支配排序遗传算法优化代码\tournament_selection.m
286,INNER,keep,2026数学建模核心资料\美赛按题目题型分类常用算法代码程序包！\优化与控制题型参考代码【数学建模老哥】\多目标粒子群优化算法代码\CreateEmptyParticle.m,2026数学建模核心资料\美赛按题目题型分类常用算法代码程序包！\优化与控制题型参考代码【数学建模老哥】\多目标粒子群优化算法代码\CreateEmptyParticle.m
286,INNER,dup,2026数学建模核心资料\美赛按题目题型分类常用算法代码程序包！\美赛照题目分类程序包【数学建模老哥】\美赛A题常见参考代码【数学建模老哥】\多目标粒子群优化算法代码【数学建模老哥】\CreateEmptyParticle.m,2026数学建模核心资料\美赛按题目题型分类常用算法代码程序包！\优化与控制题型参考代码【数学建模老哥】\多目标粒子群优化算法代码\CreateEmptyParticle.m
287,INNER,keep,2026数学建模核心资料\美赛按题目题型分类常用算法代码程序包！\优化与控制题型参考代码【数学建模老哥】\多目标粒子群优化算法代码\CreateHypercubes.m,2026数学建模核心资料\美赛按题目题型分类常用算法代码程序包！\优化与控制题型参考代码【数学建模老哥】\多目标粒子群优化算法代码\CreateHypercubes.m
287,INNER,dup,2026数学建模核心资料\美赛按题目题型分类常用算法代码程序包！\美赛照题目分类程序包【数学建模老哥】\美赛A题常见参考代码【数学建模老哥】\多目标粒子群优化算法代码【数学建模老哥】\CreateHypercubes.m,2026数学建模核心资料\美赛按题目题型分类常用算法代码程序包！\优化与控制题型参考代码【数学建模老哥】\多目标粒子群优化算法代码\CreateHypercubes.m
288,INNER,keep,2026数学建模核心资料\美赛按题目题型分类常用算法代码程序包！\优化与控制题型参考代码【数学建模老哥】\多目标粒子群优化算法代码\DeleteFromRep.m,2026数学建模核心资料\美赛按题目题型分类常用算法代码程序包！\优化与控制题型参考代码【数学建模老哥】\多目标粒子群优化算法代码\DeleteFromRep.m
288,INNER,dup,2026数学建模核心资料\美赛按题目题型分类常用算法代码程序包！\美赛照题目分类程序包【数学建模老哥】\美赛A题常见参考代码【数学建模老哥】\多目标粒子群优化算法代码【数学建模老哥】\DeleteFromRep.m,2026数学建模核心资料\美赛按题目题型分类常用算法代码程序包！\优化与控制题型参考代码【数学建模老哥】\多目标粒子群优化算法代码\DeleteFromRep.m
289,INNER,keep,2026数学建模核心资料\美赛按题目题型分类常用算法代码程序包！\优化与控制题型参考代码【数学建模老哥】\多目标粒子群优化算法代码\DetermineDomination.m,2026数学建模核心资料\美赛按题目题型分类常用算法代码程序包！\优化与控制题型参考代码【数学建模老哥】\多目标粒子群优化算法代码\DetermineDomination.m
289,INNER,dup,2026数学建模核心资料\美赛按题目题型分类常用算法代码程序包！\美赛照题目分类程序包【数学建模老哥】\美赛A题常见参考代码【数学建模老哥】\多目标粒子群优化算法代码【数学建模老哥】\DetermineDomination.m,2026数学建模核心资料\美赛按题目题型分类常用算法代码程序包！\优化与控制题型参考代码【数学建模老哥】\多目标粒子群优化算法代码\DetermineDomination.m
290,INNER,keep,2026数学建模核心资料\美赛按题目题型分类常用算法代码程序包！\优化与控制题型参考代码【数学建模老哥】\多目标粒子群优化算法代码\Dominates.m,2026数学建模核心资料\美赛按题目题型分类常用算法代码程序包！\优化与控制题型参考代码【数学建模老哥】\多目标粒子群优化算法代码\Dominates.m
290,INNER,dup,2026数学建模核心资料\美赛按题目题型分类常用算法代码程序包！\美赛照题目分类程序包【数学建模老哥】\美赛A题常见参考代码【数学建模老哥】\多目标粒子群优化算法代码【数学建模老哥】\Dominates.m,2026数学建模核心资料\美赛按题目题型分类常用算法代码程序包！\优化与控制题型参考代码【数学建模老哥】\多目标粒子群优化算法代码\Dominates.m
291,INNER,keep,2026数学建模核心资料\美赛按题目题型分类常用算法代码程序包！\优化与控制题型参考代码【数学建模老哥】\多目标粒子群优化算法代码\GetCosts.m,2026数学建模核心资料\美赛按题目题型分类常用算法代码程序包！\优化与控制题型参考代码【数学建模老哥】\多目标粒子群优化算法代码\GetCosts.m
291,INNER,dup,2026数学建模核心资料\美赛按题目题型分类常用算法代码程序包！\美赛照题目分类程序包【数学建模老哥】\美赛A题常见参考代码【数学建模老哥】\多目标粒子群优化算法代码【数学建模老哥】\GetCosts.m,2026数学建模核心资料\美赛按题目题型分类常用算法代码程序包！\优化与控制题型参考代码【数学建模老哥】\多目标粒子群优化算法代码\GetCosts.m
292,INNER,keep,2026数学建模核心资料\美赛按题目题型分类常用算法代码程序包！\优化与控制题型参考代码【数学建模老哥】\多目标粒子群优化算法代码\GetGridIndex.m,2026数学建模核心资料\美赛按题目题型分类常用算法代码程序包！\优化与控制题型参考代码【数学建模老哥】\多目标粒子群优化算法代码\GetGridIndex.m
292,INNER,dup,2026数学建模核心资料\美赛按题目题型分类常用算法代码程序包！\美赛照题目分类程序包【数学建模老哥】\美赛A题常见参考代码【数学建模老哥】\多目标粒子群优化算法代码【数学建模老哥】\GetGridIndex.m,2026数学建模核心资料\美赛按题目题型分类常用算法代码程序包！\优化与控制题型参考代码【数学建模老哥】\多目标粒子群优化算法代码\GetGridIndex.m
293,INNER,keep,2026数学建模核心资料\美赛按题目题型分类常用算法代码程序包！\优化与控制题型参考代码【数学建模老哥】\多目标粒子群优化算法代码\GetNonDominatedParticles.m,2026数学建模核心资料\美赛按题目题型分类常用算法代码程序包！\优化与控制题型参考代码【数学建模老哥】\多目标粒子群优化算法代码\GetNonDominatedParticles.m
293,INNER,dup,2026数学建模核心资料\美赛按题目题型分类常用算法代码程序包！\美赛照题目分类程序包【数学建模老哥】\美赛A题常见参考代码【数学建模老哥】\多目标粒子群优化算法代码【数学建模老哥】\GetNonDominatedParticles.m,2026数学建模核心资料\美赛按题目题型分类常用算法代码程序包！\优化与控制题型参考代码【数学建模老哥】\多目标粒子群优化算法代码\GetNonDominatedParticles.m
294,INNER,keep,2026数学建模核心资料\美赛按题目题型分类常用算法代码程序包！\优化与控制题型参考代码【数学建模老哥】\多目标粒子群优化算法代码\GetOccupiedCells.m,2026数学建模核心资料\美赛按题目题型分类常用算法代码程序包！\优化与控制题型参考代码【数学建模老哥】\多目标粒子群优化算法代码\GetOccupiedCells.m
294,INNER,dup,2026数学建模核心资料\美赛按题目题型分类常用算法代码程序包！\美赛照题目分类程序包【数学建模老哥】\美赛A题常见参考代码【数学建模老哥】\多目标粒子群优化算法代码【数学建模老哥】\GetOccupiedCells.m,2026数学建模核心资料\美赛按题目题型分类常用算法代码程序包！\优化与控制题型参考代码【数学建模老哥】\多目标粒子群优化算法代码\GetOccupiedCells.m
295,INNER,keep,2026数学建模核心资料\美赛按题目题型分类常用算法代码程序包！\优化与控制题型参考代码【数学建模老哥】\多目标粒子群优化算法代码\mopso.m,2026数学建模核心资料\美赛按题目题型分类常用算法代码程序包！\优化与控制题型参考代码【数学建模老哥】\多目标粒子群优化算法代码\mopso.m
295,INNER,dup,2026数学建模核心资料\美赛按题目题型分类常用算法代码程序包！\美赛照题目分类程序包【数学建模老哥】\美赛A题常见参考代码【数学建模老哥】\多目标粒子群优化算法代码【数学建模老哥】\mopso.m,2026数学建模核心资料\美赛按题目题型分类常用算法代码程序包！\优化与控制题型参考代码【数学建模老哥】\多目标粒子群优化算法代码\mopso.m
296,INNER,keep,2026数学建模核心资料\美赛按题目题型分类常用算法代码程序包！\优化与控制题型参考代码【数学建模老哥】\多目标粒子群优化算法代码\MyCost1.m,2026数学建模核心资料\美赛按题目题型分类常用算法代码程序包！\优化与控制题型参考代码【数学建模老哥】\多目标粒子群优化算法代码\MyCost1.m
296,INNER,dup,2026数学建模核心资料\美赛按题目题型分类常用算法代码程序包！\美赛照题目分类程序包【数学建模老哥】\美赛A题常见参考代码【数学建模老哥】\多目标粒子群优化算法代码【数学建模老哥】\MyCost1.m,2026数学建模核心资料\美赛按题目题型分类常用算法代码程序包！\优化与控制题型参考代码【数学建模老哥】\多目标粒子群优化算法代码\MyCost1.m
297,INNER,keep,2026数学建模核心资料\美赛按题目题型分类常用算法代码程序包！\优化与控制题型参考代码【数学建模老哥】\多目标粒子群优化算法代码\MyCost2.m,2026数学建模核心资料\美赛按题目题型分类常用算法代码程序包！\优化与控制题型参考代码【数学建模老哥】\多目标粒子群优化算法代码\MyCost2.m
297,INNER,dup,2026数学建模核心资料\美赛按题目题型分类常用算法代码程序包！\美赛照题目分类程序包【数学建模老哥】\美赛A题常见参考代码【数学建模老哥】\多目标粒子群优化算法代码【数学建模老哥】\MyCost2.m,2026数学建模核心资料\美赛按题目题型分类常用算法代码程序包！\优化与控制题型参考代码【数学建模老哥】\多目标粒子群优化算法代码\MyCost2.m
298,INNER,keep,2026数学建模核心资料\美赛按题目题型分类常用算法代码程序包！\优化与控制题型参考代码【数学建模老哥】\多目标粒子群优化算法代码\MyCost3.m,2026数学建模核心资料\美赛按题目题型分类常用算法代码程序包！\优化与控制题型参考代码【数学建模老哥】\多目标粒子群优化算法代码\MyCost3.m
298,INNER,dup,2026数学建模核心资料\美赛按题目题型分类常用算法代码程序包！\美赛照题目分类程序包【数学建模老哥】\美赛A题常见参考代码【数学建模老哥】\多目标粒子群优化算法代码【数学建模老哥】\MyCost3.m,2026数学建模核心资料\美赛按题目题型分类常用算法代码程序包！\优化与控制题型参考代码【数学建模老哥】\多目标粒子群优化算法代码\MyCost3.m
299,INNER,keep,2026数学建模核心资料\美赛按题目题型分类常用算法代码程序包！\优化与控制题型参考代码【数学建模老哥】\多目标粒子群优化算法代码\RouletteWheelSelection.m,2026数学建模核心资料\美赛按题目题型分类常用算法代码程序包！\优化与控制题型参考代码【数学建模老哥】\多目标粒子群优化算法代码\RouletteWheelSelection.m
299,INNER,dup,2026数学建模核心资料\美赛按题目题型分类常用算法代码程序包！\美赛照题目分类程序包【数学建模老哥】\美赛A题常见参考代码【数学建模老哥】\多目标粒子群优化算法代码【数学建模老哥】\RouletteWheelSelection.m,2026数学建模核心资料\美赛按题目题型分类常用算法代码程序包！\优化与控制题型参考代码【数学建模老哥】\多目标粒子群优化算法代码\RouletteWheelSelection.m
300,INNER,keep,2026数学建模核心资料\美赛按题目题型分类常用算法代码程序包！\优化与控制题型参考代码【数学建模老哥】\多目标粒子群优化算法代码\SelectLeader.m,2026数学建模核心资料\美赛按题目题型分类常用算法代码程序包！\优化与控制题型参考代码【数学建模老哥】\多目标粒子群优化算法代码\SelectLeader.m
300,INNER,dup,2026数学建模核心资料\美赛按题目题型分类常用算法代码程序包！\美赛照题目分类程序包【数学建模老哥】\美赛A题常见参考代码【数学建模老哥】\多目标粒子群优化算法代码【数学建模老哥】\SelectLeader.m,2026数学建模核心资料\美赛按题目题型分类常用算法代码程序包！\优化与控制题型参考代码【数学建模老哥】\多目标粒子群优化算法代码\SelectLeader.m
301,INNER,keep,2026数学建模核心资料\美赛按题目题型分类常用算法代码程序包！\优化与控制题型参考代码【数学建模老哥】\多种群遗传算法的函数优化算法代码\EliteInduvidual.m,2026数学建模核心资料\美赛按题目题型分类常用算法代码程序包！\优化与控制题型参考代码【数学建模老哥】\多种群遗传算法的函数优化算法代码\EliteInduvidual.m
301,INNER,dup,2026数学建模核心资料\美赛按题目题型分类常用算法代码程序包！\美赛照题目分类程序包【数学建模老哥】\美赛A题常见参考代码【数学建模老哥】\多种群遗传算法的函数优化算法代码【数学建模老哥】\EliteInduvidual.m,2026数学建模核心资料\美赛按题目题型分类常用算法代码程序包！\优化与控制题型参考代码【数学建模老哥】\多种群遗传算法的函数优化算法代码\EliteInduvidual.m
302,INNER,keep,2026数学建模核心资料\美赛按题目题型分类常用算法代码程序包！\优化与控制题型参考代码【数学建模老哥】\多种群遗传算法的函数优化算法代码\immigrant.m,2026数学建模核心资料\美赛按题目题型分类常用算法代码程序包！\优化与控制题型参考代码【数学建模老哥】\多种群遗传算法的函数优化算法代码\immigrant.m
302,INNER,dup,2026数学建模核心资料\美赛按题目题型分类常用算法代码程序包！\美赛照题目分类程序包【数学建模老哥】\美赛A题常见参考代码【数学建模老哥】\多种群遗传算法的函数优化算法代码【数学建模老哥】\immigrant.m,2026数学建模核心资料\美赛按题目题型分类常用算法代码程序包！\优化与控制题型参考代码【数学建模老哥】\多种群遗传算法的函数优化算法代码\immigrant.m
303,INNER,keep,2026数学建模核心资料\美赛按题目题型分类常用算法代码程序包！\优化与控制题型参考代码【数学建模老哥】\多种群遗传算法的函数优化算法代码\MPGA.m,2026数学建模核心资料\美赛按题目题型分类常用算法代码程序包！\优化与控制题型参考代码【数学建模老哥】\多种群遗传算法的函数优化算法代码\MPGA.m
303,INNER,dup,2026数学建模核心资料\美赛按题目题型分类常用算法代码程序包！\美赛照题目分类程序包【数学建模老哥】\美赛A题常见参考代码【数学建模老哥】\多种群遗传算法的函数优化算法代码【数学建模老哥】\MPGA.m,2026数学建模核心资料\美赛按题目题型分类常用算法代码程序包！\优化与控制题型参考代码【数学建模老哥】\多种群遗传算法的函数优化算法代码\MPGA.m
304,INNER,keep,2026数学建模核心资料\美赛按题目题型分类常用算法代码程序包！\优化与控制题型参考代码【数学建模老哥】\多种群遗传算法的函数优化算法代码\ObjectFunction.m,2026数学建模核心资料\美赛按题目题型分类常用算法代码程序包！\优化与控制题型参考代码【数学建模老哥】\多种群遗传算法的函数优化算法代码\ObjectFunction.m
304,INNER,dup,2026数学建模核心资料\美赛按题目题型分类常用算法代码程序包！\美赛照题目分类程序包【数学建模老哥】\美赛A题常见参考代码【数学建模老哥】\多种群遗传算法的函数优化算法代码【数学建模老哥】\ObjectFunction.m,2026数学建模核心资料\美赛按题目题型分类常用算法代码程序包！\优化与控制题型参考代码【数学建模老哥】\多种群遗传算法的函数优化算法代码\ObjectFunction.m
305,INNER,keep,2026数学建模核心资料\美赛按题目题型分类常用算法代码程序包！\优化与控制题型参考代码【数学建模老哥】\多种群遗传算法的函数优化算法代码\SGA.m,2026数学建模核心资料\美赛按题目题型分类常用算法代码程序包！\优化与控制题型参考代码【数学建模老哥】\多种群遗传算法的函数优化算法代码\SGA.m
305,INNER,dup,2026数学建模核心资料\美赛按题目题型分类常用算法代码程序包！\优化与控制题型参考代码【数学建模老哥】\多种遗传算法优化论文与代码\chapter7\SGA.m,2026数学建模核心资料\美赛按题目题型分类常用算法代码程序包！\优化与控制题型参考代码【数学建模老哥】\多种群遗传算法的函数优化算法代码\SGA.m
305,INNER,dup,2026数学建模核心资料\美赛按题目题型分类常用算法代码程序包！\美赛照题目分类程序包【数学建模老哥】\美赛A题常见参考代码【数学建模老哥】\多种群遗传算法的函数优化算法代码【数学建模老哥】\SGA.m,2026数学建模核心资料\美赛按题目题型分类常用算法代码程序包！\优化与控制题型参考代码【数学建模老哥】\多种群遗传算法的函数优化算法代码\SGA.m
305,INNER,dup,2026数学建模核心资料\美赛按题目题型分类常用算法代码程序包！\美赛照题目分类程序包【数学建模老哥】\美赛A题常见参考代码【数学建模老哥】\多种遗传算法优化论文与代码【数学建模老哥】\chapter7\SGA.m,2026数学建模核心资料\美赛按题目题型分类常用算法代码程序包！\优化与控制题型参考代码【数学建模老哥】\多种群遗传算法的函数优化算法代码\SGA.m
306,INNER,keep,2026数学建模核心资料\美赛按题目题型分类常用算法代码程序包！\优化与控制题型参考代码【数学建模老哥】\多种群遗传算法的函数优化算法代码\gatbx\bs2rv.m,2026数学建模核心资料\美赛按题目题型分类常用算法代码程序包！\优化与控制题型参考代码【数学建模老哥】\多种群遗传算法的函数优化算法代码\gatbx\bs2rv.m
306,INNER,dup,2026数学建模核心资料\美赛按题目题型分类常用算法代码程序包！\美赛照题目分类程序包【数学建模老哥】\美赛A题常见参考代码【数学建模老哥】\多种群遗传算法的函数优化算法代码【数学建模老哥】\gatbx\bs2rv.m,2026数学建模核心资料\美赛按题目题型分类常用算法代码程序包！\优化与控制题型参考代码【数学建模老哥】\多种群遗传算法的函数优化算法代码\gatbx\bs2rv.m
307,INNER,keep,2026数学建模核心资料\美赛按题目题型分类常用算法代码程序包！\优化与控制题型参考代码【数学建模老哥】\多种群遗传算法的函数优化算法代码\gatbx\contents.m,2026数学建模核心资料\美赛按题目题型分类常用算法代码程序包！\优化与控制题型参考代码【数学建模老哥】\多种群遗传算法的函数优化算法代码\gatbx\contents.m
307,INNER,dup,2026数学建模核心资料\美赛按题目题型分类常用算法代码程序包！\美赛照题目分类程序包【数学建模老哥】\美赛A题常见参考代码【数学建模老哥】\多种群遗传算法的函数优化算法代码【数学建模老哥】\gatbx\contents.m,2026数学建模核心资料\美赛按题目题型分类常用算法代码程序包！\优化与控制题型参考代码【数学建模老哥】\多种群遗传算法的函数优化算法代码\gatbx\contents.m
308,INNER,keep,2026数学建模核心资料\美赛按题目题型分类常用算法代码程序包！\优化与控制题型参考代码【数学建模老哥】\多种群遗传算法的函数优化算法代码\gatbx\crtbase.m,2026数学建模核心资料\美赛按题目题型分类常用算法代码程序包！\优化与控制题型参考代码【数学建模老哥】\多种群遗传算法的函数优化算法代码\gatbx\crtbase.m
308,INNER,dup,2026数学建模核心资料\美赛按题目题型分类常用算法代码程序包！\美赛照题目分类程序包【数学建模老哥】\美赛A题常见参考代码【数学建模老哥】\多种群遗传算法的函数优化算法代码【数学建模老哥】\gatbx\crtbase.m,2026数学建模核心资料\美赛按题目题型分类常用算法代码程序包！\优化与控制题型参考代码【数学建模老哥】\多种群遗传算法的函数优化算法代码\gatbx\crtbase.m
309,INNER,keep,2026数学建模核心资料\美赛按题目题型分类常用算法代码程序包！\优化与控制题型参考代码【数学建模老哥】\多种群遗传算法的函数优化算法代码\gatbx\crtbp.m,2026数学建模核心资料\美赛按题目题型分类常用算法代码程序包！\优化与控制题型参考代码【数学建模老哥】\多种群遗传算法的函数优化算法代码\gatbx\crtbp.m
309,INNER,dup,2026数学建模核心资料\美赛按题目题型分类常用算法代码程序包！\美赛照题目分类程序包【数学建模老哥】\美赛A题常见参考代码【数学建模老哥】\多种群遗传算法的函数优化算法代码【数学建模老哥】\gatbx\crtbp.m,2026数学建模核心资料\美赛按题目题型分类常用算法代码程序包！\优化与控制题型参考代码【数学建模老哥】\多种群遗传算法的函数优化算法代码\gatbx\crtbp.m
310,INNER,keep,2026数学建模核心资料\美赛按题目题型分类常用算法代码程序包！\优化与控制题型参考代码【数学建模老哥】\多种群遗传算法的函数优化算法代码\gatbx\crtrp.m,2026数学建模核心资料\美赛按题目题型分类常用算法代码程序包！\优化与控制题型参考代码【数学建模老哥】\多种群遗传算法的函数优化算法代码\gatbx\crtrp.m
310,INNER,dup,2026数学建模核心资料\美赛按题目题型分类常用算法代码程序包！\美赛照题目分类程序包【数学建模老哥】\美赛A题常见参考代码【数学建模老哥】\多种群遗传算法的函数优化算法代码【数学建模老哥】\gatbx\crtrp.m,2026数学建模核心资料\美赛按题目题型分类常用算法代码程序包！\优化与控制题型参考代码【数学建模老哥】\多种群遗传算法的函数优化算法代码\gatbx\crtrp.m
311,INNER,keep,2026数学建模核心资料\美赛按题目题型分类常用算法代码程序包！\优化与控制题型参考代码【数学建模老哥】\多种群遗传算法的函数优化算法代码\gatbx\migrate.m,2026数学建模核心资料\美赛按题目题型分类常用算法代码程序包！\优化与控制题型参考代码【数学建模老哥】\多种群遗传算法的函数优化算法代码\gatbx\migrate.m
311,INNER,dup,2026数学建模核心资料\美赛按题目题型分类常用算法代码程序包！\美赛照题目分类程序包【数学建模老哥】\美赛A题常见参考代码【数学建模老哥】\多种群遗传算法的函数优化算法代码【数学建模老哥】\gatbx\migrate.m,2026数学建模核心资料\美赛按题目题型分类常用算法代码程序包！\优化与控制题型参考代码【数学建模老哥】\多种群遗传算法的函数优化算法代码\gatbx\migrate.m
312,INNER,keep,2026数学建模核心资料\美赛按题目题型分类常用算法代码程序包！\优化与控制题型参考代码【数学建模老哥】\多种群遗传算法的函数优化算法代码\gatbx\mpga.m,2026数学建模核心资料\美赛按题目题型分类常用算法代码程序包！\优化与控制题型参考代码【数学建模老哥】\多种群遗传算法的函数优化算法代码\gatbx\mpga.m
312,INNER,dup,2026数学建模核心资料\美赛按题目题型分类常用算法代码程序包！\美赛照题目分类程序包【数学建模老哥】\美赛A题常见参考代码【数学建模老哥】\多种群遗传算法的函数优化算法代码【数学建模老哥】\gatbx\mpga.m,2026数学建模核心资料\美赛按题目题型分类常用算法代码程序包！\优化与控制题型参考代码【数学建模老哥】\多种群遗传算法的函数优化算法代码\gatbx\mpga.m
313,INNER,keep,2026数学建模核心资料\美赛按题目题型分类常用算法代码程序包！\优化与控制题型参考代码【数学建模老哥】\多种群遗传算法的函数优化算法代码\gatbx\mut.m,2026数学建模核心资料\美赛按题目题型分类常用算法代码程序包！\优化与控制题型参考代码【数学建模老哥】\多种群遗传算法的函数优化算法代码\gatbx\mut.m
313,INNER,dup,2026数学建模核心资料\美赛按题目题型分类常用算法代码程序包！\美赛照题目分类程序包【数学建模老哥】\美赛A题常见参考代码【数学建模老哥】\多种群遗传算法的函数优化算法代码【数学建模老哥】\gatbx\mut.m,2026数学建模核心资料\美赛按题目题型分类常用算法代码程序包！\优化与控制题型参考代码【数学建模老哥】\多种群遗传算法的函数优化算法代码\gatbx\mut.m
314,INNER,keep,2026数学建模核心资料\美赛按题目题型分类常用算法代码程序包！\优化与控制题型参考代码【数学建模老哥】\多种群遗传算法的函数优化算法代码\gatbx\mutate.m,2026数学建模核心资料\美赛按题目题型分类常用算法代码程序包！\优化与控制题型参考代码【数学建模老哥】\多种群遗传算法的函数优化算法代码\gatbx\mutate.m
314,INNER,dup,2026数学建模核心资料\美赛按题目题型分类常用算法代码程序包！\美赛照题目分类程序包【数学建模老哥】\美赛A题常见参考代码【数学建模老哥】\多种群遗传算法的函数优化算法代码【数学建模老哥】\gatbx\mutate.m,2026数学建模核心资料\美赛按题目题型分类常用算法代码程序包！\优化与控制题型参考代码【数学建模老哥】\多种群遗传算法的函数优化算法代码\gatbx\mutate.m
315,INNER,keep,2026数学建模核心资料\美赛按题目题型分类常用算法代码程序包！\优化与控制题型参考代码【数学建模老哥】\多种群遗传算法的函数优化算法代码\gatbx\mutbga.m,2026数学建模核心资料\美赛按题目题型分类常用算法代码程序包！\优化与控制题型参考代码【数学建模老哥】\多种群遗传算法的函数优化算法代码\gatbx\mutbga.m
315,INNER,dup,2026数学建模核心资料\美赛按题目题型分类常用算法代码程序包！\美赛照题目分类程序包【数学建模老哥】\美赛A题常见参考代码【数学建模老哥】\多种群遗传算法的函数优化算法代码【数学建模老哥】\gatbx\mutbga.m,2026数学建模核心资料\美赛按题目题型分类常用算法代码程序包！\优化与控制题型参考代码【数学建模老哥】\多种群遗传算法的函数优化算法代码\gatbx\mutbga.m
316,INNER,keep,2026数学建模核心资料\美赛按题目题型分类常用算法代码程序包！\优化与控制题型参考代码【数学建模老哥】\多种群遗传算法的函数优化算法代码\gatbx\objfun1.m,2026数学建模核心资料\美赛按题目题型分类常用算法代码程序包！\优化与控制题型参考代码【数学建模老哥】\多种群遗传算法的函数优化算法代码\gatbx\objfun1.m
316,INNER,dup,2026数学建模核心资料\美赛按题目题型分类常用算法代码程序包！\美赛照题目分类程序包【数学建模老哥】\美赛A题常见参考代码【数学建模老哥】\多种群遗传算法的函数优化算法代码【数学建模老哥】\gatbx\objfun1.m,2026数学建模核心资料\美赛按题目题型分类常用算法代码程序包！\优化与控制题型参考代码【数学建模老哥】\多种群遗传算法的函数优化算法代码\gatbx\objfun1.m
317,INNER,keep,2026数学建模核心资料\美赛按题目题型分类常用算法代码程序包！\优化与控制题型参考代码【数学建模老哥】\多种群遗传算法的函数优化算法代码\gatbx\objharv.m,2026数学建模核心资料\美赛按题目题型分类常用算法代码程序包！\优化与控制题型参考代码【数学建模老哥】\多种群遗传算法的函数优化算法代码\gatbx\objharv.m
317,INNER,dup,2026数学建模核心资料\美赛按题目题型分类常用算法代码程序包！\美赛照题目分类程序包【数学建模老哥】\美赛A题常见参考代码【数学建模老哥】\多种群遗传算法的函数优化算法代码【数学建模老哥】\gatbx\objharv.m,2026数学建模核心资料\美赛按题目题型分类常用算法代码程序包！\优化与控制题型参考代码【数学建模老哥】\多种群遗传算法的函数优化算法代码\gatbx\objharv.m
318,INNER,keep,2026数学建模核心资料\美赛按题目题型分类常用算法代码程序包！\优化与控制题型参考代码【数学建模老哥】\多种群遗传算法的函数优化算法代码\gatbx\ranking.m,2026数学建模核心资料\美赛按题目题型分类常用算法代码程序包！\优化与控制题型参考代码【数学建模老哥】\多种群遗传算法的函数优化算法代码\gatbx\ranking.m
318,INNER,dup,2026数学建模核心资料\美赛按题目题型分类常用算法代码程序包！\美赛照题目分类程序包【数学建模老哥】\美赛A题常见参考代码【数学建模老哥】\多种群遗传算法的函数优化算法代码【数学建模老哥】\gatbx\ranking.m,2026数学建模核心资料\美赛按题目题型分类常用算法代码程序包！\优化与控制题型参考代码【数学建模老哥】\多种群遗传算法的函数优化算法代码\gatbx\ranking.m
319,INNER,keep,2026数学建模核心资料\美赛按题目题型分类常用算法代码程序包！\优化与控制题型参考代码【数学建模老哥】\多种群遗传算法的函数优化算法代码\gatbx\recdis.m,2026数学建模核心资料\美赛按题目题型分类常用算法代码程序包！\优化与控制题型参考代码【数学建模老哥】\多种群遗传算法的函数优化算法代码\gatbx\recdis.m
319,INNER,dup,2026数学建模核心资料\美赛按题目题型分类常用算法代码程序包！\美赛照题目分类程序包【数学建模老哥】\美赛A题常见参考代码【数学建模老哥】\多种群遗传算法的函数优化算法代码【数学建模老哥】\gatbx\recdis.m,2026数学建模核心资料\美赛按题目题型分类常用算法代码程序包！\优化与控制题型参考代码【数学建模老哥】\多种群遗传算法的函数优化算法代码\gatbx\recdis.m
320,INNER,keep,2026数学建模核心资料\美赛按题目题型分类常用算法代码程序包！\优化与控制题型参考代码【数学建模老哥】\多种群遗传算法的函数优化算法代码\gatbx\recint.m,2026数学建模核心资料\美赛按题目题型分类常用算法代码程序包！\优化与控制题型参考代码【数学建模老哥】\多种群遗传算法的函数优化算法代码\gatbx\recint.m
320,INNER,dup,2026数学建模核心资料\美赛按题目题型分类常用算法代码程序包！\美赛照题目分类程序包【数学建模老哥】\美赛A题常见参考代码【数学建模老哥】\多种群遗传算法的函数优化算法代码【数学建模老哥】\gatbx\recint.m,2026数学建模核心资料\美赛按题目题型分类常用算法代码程序包！\优化与控制题型参考代码【数学建模老哥】\多种群遗传算法的函数优化算法代码\gatbx\recint.m
321,INNER,keep,2026数学建模核心资料\美赛按题目题型分类常用算法代码程序包！\优化与控制题型参考代码【数学建模老哥】\多种群遗传算法的函数优化算法代码\gatbx\reclin.m,2026数学建模核心资料\美赛按题目题型分类常用算法代码程序包！\优化与控制题型参考代码【数学建模老哥】\多种群遗传算法的函数优化算法代码\gatbx\reclin.m
321,INNER,dup,2026数学建模核心资料\美赛按题目题型分类常用算法代码程序包！\美赛照题目分类程序包【数学建模老哥】\美赛A题常见参考代码【数学建模老哥】\多种群遗传算法的函数优化算法代码【数学建模老哥】\gatbx\reclin.m,2026数学建模核心资料\美赛按题目题型分类常用算法代码程序包！\优化与控制题型参考代码【数学建模老哥】\多种群遗传算法的函数优化算法代码\gatbx\reclin.m
322,INNER,keep,2026数学建模核心资料\美赛按题目题型分类常用算法代码程序包！\优化与控制题型参考代码【数学建模老哥】\多种群遗传算法的函数优化算法代码\gatbx\recmut.m,2026数学建模核心资料\美赛按题目题型分类常用算法代码程序包！\优化与控制题型参考代码【数学建模老哥】\多种群遗传算法的函数优化算法代码\gatbx\recmut.m
322,INNER,dup,2026数学建模核心资料\美赛按题目题型分类常用算法代码程序包！\美赛照题目分类程序包【数学建模老哥】\美赛A题常见参考代码【数学建模老哥】\多种群遗传算法的函数优化算法代码【数学建模老哥】\gatbx\recmut.m,2026数学建模核心资料\美赛按题目题型分类常用算法代码程序包！\优化与控制题型参考代码【数学建模老哥】\多种群遗传算法的函数优化算法代码\gatbx\recmut.m
323,INNER,keep,2026数学建模核心资料\美赛按题目题型分类常用算法代码程序包！\优化与控制题型参考代码【数学建模老哥】\多种群遗传算法的函数优化算法代码\gatbx\recombin.m,2026数学建模核心资料\美赛按题目题型分类常用算法代码程序包！\优化与控制题型参考代码【数学建模老哥】\多种群遗传算法的函数优化算法代码\gatbx\recombin.m
323,INNER,dup,2026数学建模核心资料\美赛按题目题型分类常用算法代码程序包！\美赛照题目分类程序包【数学建模老哥】\美赛A题常见参考代码【数学建模老哥】\多种群遗传算法的函数优化算法代码【数学建模老哥】\gatbx\recombin.m,2026数学建模核心资料\美赛按题目题型分类常用算法代码程序包！\优化与控制题型参考代码【数学建模老哥】\多种群遗传算法的函数优化算法代码\gatbx\recombin.m
324,INNER,keep,2026数学建模核心资料\美赛按题目题型分类常用算法代码程序包！\优化与控制题型参考代码【数学建模老哥】\多种群遗传算法的函数优化算法代码\gatbx\reins.m,2026数学建模核心资料\美赛按题目题型分类常用算法代码程序包！\优化与控制题型参考代码【数学建模老哥】\多种群遗传算法的函数优化算法代码\gatbx\reins.m
324,INNER,dup,2026数学建模核心资料\美赛按题目题型分类常用算法代码程序包！\美赛照题目分类程序包【数学建模老哥】\美赛A题常见参考代码【数学建模老哥】\多种群遗传算法的函数优化算法代码【数学建模老哥】\gatbx\reins.m,2026数学建模核心资料\美赛按题目题型分类常用算法代码程序包！\优化与控制题型参考代码【数学建模老哥】\多种群遗传算法的函数优化算法代码\gatbx\reins.m
325,INNER,keep,2026数学建模核心资料\美赛按题目题型分类常用算法代码程序包！\优化与控制题型参考代码【数学建模老哥】\多种群遗传算法的函数优化算法代码\gatbx\rep.m,2026数学建模核心资料\美赛按题目题型分类常用算法代码程序包！\优化与控制题型参考代码【数学建模老哥】\多种群遗传算法的函数优化算法代码\gatbx\rep.m
325,INNER,dup,2026数学建模核心资料\美赛按题目题型分类常用算法代码程序包！\美赛照题目分类程序包【数学建模老哥】\美赛A题常见参考代码【数学建模老哥】\多种群遗传算法的函数优化算法代码【数学建模老哥】\gatbx\rep.m,2026数学建模核心资料\美赛按题目题型分类常用算法代码程序包！\优化与控制题型参考代码【数学建模老哥】\多种群遗传算法的函数优化算法代码\gatbx\rep.m
326,INNER,keep,2026数学建模核心资料\美赛按题目题型分类常用算法代码程序包！\优化与控制题型参考代码【数学建模老哥】\多种群遗传算法的函数优化算法代码\gatbx\resplot.m,2026数学建模核心资料\美赛按题目题型分类常用算法代码程序包！\优化与控制题型参考代码【数学建模老哥】\多种群遗传算法的函数优化算法代码\gatbx\resplot.m
326,INNER,dup,2026数学建模核心资料\美赛按题目题型分类常用算法代码程序包！\美赛照题目分类程序包【数学建模老哥】\美赛A题常见参考代码【数学建模老哥】\多种群遗传算法的函数优化算法代码【数学建模老哥】\gatbx\resplot.m,2026数学建模核心资料\美赛按题目题型分类常用算法代码程序包！\优化与控制题型参考代码【数学建模老哥】\多种群遗传算法的函数优化算法代码\gatbx\resplot.m
327,INNER,keep,2026数学建模核心资料\美赛按题目题型分类常用算法代码程序包！\优化与控制题型参考代码【数学建模老哥】\多种群遗传算法的函数优化算法代码\gatbx\rws.m,2026数学建模核心资料\美赛按题目题型分类常用算法代码程序包！\优化与控制题型参考代码【数学建模老哥】\多种群遗传算法的函数优化算法代码\gatbx\rws.m
327,INNER,dup,2026数学建模核心资料\美赛按题目题型分类常用算法代码程序包！\美赛照题目分类程序包【数学建模老哥】\美赛A题常见参考代码【数学建模老哥】\多种群遗传算法的函数优化算法代码【数学建模老哥】\gatbx\rws.m,2026数学建模核心资料\美赛按题目题型分类常用算法代码程序包！\优化与控制题型参考代码【数学建模老哥】\多种群遗传算法的函数优化算法代码\gatbx\rws.m
328,INNER,keep,2026数学建模核心资料\美赛按题目题型分类常用算法代码程序包！\优化与控制题型参考代码【数学建模老哥】\多种群遗传算法的函数优化算法代码\gatbx\scaling.m,2026数学建模核心资料\美赛按题目题型分类常用算法代码程序包！\优化与控制题型参考代码【数学建模老哥】\多种群遗传算法的函数优化算法代码\gatbx\scaling.m
328,INNER,dup,2026数学建模核心资料\美赛按题目题型分类常用算法代码程序包！\美赛照题目分类程序包【数学建模老哥】\美赛A题常见参考代码【数学建模老哥】\多种群遗传算法的函数优化算法代码【数学建模老哥】\gatbx\scaling.m,2026数学建模核心资料\美赛按题目题型分类常用算法代码程序包！\优化与控制题型参考代码【数学建模老哥】\多种群遗传算法的函数优化算法代码\gatbx\scaling.m
329,INNER,keep,2026数学建模核心资料\美赛按题目题型分类常用算法代码程序包！\优化与控制题型参考代码【数学建模老哥】\多种群遗传算法的函数优化算法代码\gatbx\select.m,2026数学建模核心资料\美赛按题目题型分类常用算法代码程序包！\优化与控制题型参考代码【数学建模老哥】\多种群遗传算法的函数优化算法代码\gatbx\select.m
329,INNER,dup,2026数学建模核心资料\美赛按题目题型分类常用算法代码程序包！\美赛照题目分类程序包【数学建模老哥】\美赛A题常见参考代码【数学建模老哥】\多种群遗传算法的函数优化算法代码【数学建模老哥】\gatbx\select.m,2026数学建模核心资料\美赛按题目题型分类常用算法代码程序包！\优化与控制题型参考代码【数学建模老哥】\多种群遗传算法的函数优化算法代码\gatbx\select.m
330,INNER,keep,2026数学建模核心资料\美赛按题目题型分类常用算法代码程序包！\优化与控制题型参考代码【数学建模老哥】\多种群遗传算法的函数优化算法代码\gatbx\sga.m,2026数学建模核心资料\美赛按题目题型分类常用算法代码程序包！\优化与控制题型参考代码【数学建模老哥】\多种群遗传算法的函数优化算法代码\gatbx\sga.m
330,INNER,dup,2026数学建模核心资料\美赛按题目题型分类常用算法代码程序包！\美赛照题目分类程序包【数学建模老哥】\美赛A题常见参考代码【数学建模老哥】\多种群遗传算法的函数优化算法代码【数学建模老哥】\gatbx\sga.m,2026数学建模核心资料\美赛按题目题型分类常用算法代码程序包！\优化与控制题型参考代码【数学建模老哥】\多种群遗传算法的函数优化算法代码\gatbx\sga.m
331,INNER,keep,2026数学建模核心资料\美赛按题目题型分类常用算法代码程序包！\优化与控制题型参考代码【数学建模老哥】\多种群遗传算法的函数优化算法代码\gatbx\sus.m,2026数学建模核心资料\美赛按题目题型分类常用算法代码程序包！\优化与控制题型参考代码【数学建模老哥】\多种群遗传算法的函数优化算法代码\gatbx\sus.m
331,INNER,dup,2026数学建模核心资料\美赛按题目题型分类常用算法代码程序包！\美赛照题目分类程序包【数学建模老哥】\美赛A题常见参考代码【数学建模老哥】\多种群遗传算法的函数优化算法代码【数学建模老哥】\gatbx\sus.m,2026数学建模核心资料\美赛按题目题型分类常用算法代码程序包！\优化与控制题型参考代码【数学建模老哥】\多种群遗传算法的函数优化算法代码\gatbx\sus.m
332,INNER,keep,2026数学建模核心资料\美赛按题目题型分类常用算法代码程序包！\优化与控制题型参考代码【数学建模老哥】\多种群遗传算法的函数优化算法代码\gatbx\xovdp.m,2026数学建模核心资料\美赛按题目题型分类常用算法代码程序包！\优化与控制题型参考代码【数学建模老哥】\多种群遗传算法的函数优化算法代码\gatbx\xovdp.m
332,INNER,dup,2026数学建模核心资料\美赛按题目题型分类常用算法代码程序包！\美赛照题目分类程序包【数学建模老哥】\美赛A题常见参考代码【数学建模老哥】\多种群遗传算法的函数优化算法代码【数学建模老哥】\gatbx\xovdp.m,2026数学建模核心资料\美赛按题目题型分类常用算法代码程序包！\优化与控制题型参考代码【数学建模老哥】\多种群遗传算法的函数优化算法代码\gatbx\xovdp.m
333,INNER,keep,2026数学建模核心资料\美赛按题目题型分类常用算法代码程序包！\优化与控制题型参考代码【数学建模老哥】\多种群遗传算法的函数优化算法代码\gatbx\xovdprs.m,2026数学建模核心资料\美赛按题目题型分类常用算法代码程序包！\优化与控制题型参考代码【数学建模老哥】\多种群遗传算法的函数优化算法代码\gatbx\xovdprs.m
333,INNER,dup,2026数学建模核心资料\美赛按题目题型分类常用算法代码程序包！\美赛照题目分类程序包【数学建模老哥】\美赛A题常见参考代码【数学建模老哥】\多种群遗传算法的函数优化算法代码【数学建模老哥】\gatbx\xovdprs.m,2026数学建模核心资料\美赛按题目题型分类常用算法代码程序包！\优化与控制题型参考代码【数学建模老哥】\多种群遗传算法的函数优化算法代码\gatbx\xovdprs.m
334,INNER,keep,2026数学建模核心资料\美赛按题目题型分类常用算法代码程序包！\优化与控制题型参考代码【数学建模老哥】\多种群遗传算法的函数优化算法代码\gatbx\xovmp.m,2026数学建模核心资料\美赛按题目题型分类常用算法代码程序包！\优化与控制题型参考代码【数学建模老哥】\多种群遗传算法的函数优化算法代码\gatbx\xovmp.m
334,INNER,dup,2026数学建模核心资料\美赛按题目题型分类常用算法代码程序包！\美赛照题目分类程序包【数学建模老哥】\美赛A题常见参考代码【数学建模老哥】\多种群遗传算法的函数优化算法代码【数学建模老哥】\gatbx\xovmp.m,2026数学建模核心资料\美赛按题目题型分类常用算法代码程序包！\优化与控制题型参考代码【数学建模老哥】\多种群遗传算法的函数优化算法代码\gatbx\xovmp.m
335,INNER,keep,2026数学建模核心资料\美赛按题目题型分类常用算法代码程序包！\优化与控制题型参考代码【数学建模老哥】\多种群遗传算法的函数优化算法代码\gatbx\xovsh.m,2026数学建模核心资料\美赛按题目题型分类常用算法代码程序包！\优化与控制题型参考代码【数学建模老哥】\多种群遗传算法的函数优化算法代码\gatbx\xovsh.m
335,INNER,dup,2026数学建模核心资料\美赛按题目题型分类常用算法代码程序包！\美赛照题目分类程序包【数学建模老哥】\美赛A题常见参考代码【数学建模老哥】\多种群遗传算法的函数优化算法代码【数学建模老哥】\gatbx\xovsh.m,2026数学建模核心资料\美赛按题目题型分类常用算法代码程序包！\优化与控制题型参考代码【数学建模老哥】\多种群遗传算法的函数优化算法代码\gatbx\xovsh.m
336,INNER,keep,2026数学建模核心资料\美赛按题目题型分类常用算法代码程序包！\优化与控制题型参考代码【数学建模老哥】\多种群遗传算法的函数优化算法代码\gatbx\xovshrs.m,2026数学建模核心资料\美赛按题目题型分类常用算法代码程序包！\优化与控制题型参考代码【数学建模老哥】\多种群遗传算法的函数优化算法代码\gatbx\xovshrs.m
336,INNER,dup,2026数学建模核心资料\美赛按题目题型分类常用算法代码程序包！\美赛照题目分类程序包【数学建模老哥】\美赛A题常见参考代码【数学建模老哥】\多种群遗传算法的函数优化算法代码【数学建模老哥】\gatbx\xovshrs.m,2026数学建模核心资料\美赛按题目题型分类常用算法代码程序包！\优化与控制题型参考代码【数学建模老哥】\多种群遗传算法的函数优化算法代码\gatbx\xovshrs.m
337,INNER,keep,2026数学建模核心资料\美赛按题目题型分类常用算法代码程序包！\优化与控制题型参考代码【数学建模老哥】\多种群遗传算法的函数优化算法代码\gatbx\xovsp.m,2026数学建模核心资料\美赛按题目题型分类常用算法代码程序包！\优化与控制题型参考代码【数学建模老哥】\多种群遗传算法的函数优化算法代码\gatbx\xovsp.m
337,INNER,dup,2026数学建模核心资料\美赛按题目题型分类常用算法代码程序包！\美赛照题目分类程序包【数学建模老哥】\美赛A题常见参考代码【数学建模老哥】\多种群遗传算法的函数优化算法代码【数学建模老哥】\gatbx\xovsp.m,2026数学建模核心资料\美赛按题目题型分类常用算法代码程序包！\优化与控制题型参考代码【数学建模老哥】\多种群遗传算法的函数优化算法代码\gatbx\xovsp.m
338,INNER,keep,2026数学建模核心资料\美赛按题目题型分类常用算法代码程序包！\优化与控制题型参考代码【数学建模老哥】\多种群遗传算法的函数优化算法代码\gatbx\xovsprs.m,2026数学建模核心资料\美赛按题目题型分类常用算法代码程序包！\优化与控制题型参考代码【数学建模老哥】\多种群遗传算法的函数优化算法代码\gatbx\xovsprs.m
338,INNER,dup,2026数学建模核心资料\美赛按题目题型分类常用算法代码程序包！\美赛照题目分类程序包【数学建模老哥】\美赛A题常见参考代码【数学建模老哥】\多种群遗传算法的函数优化算法代码【数学建模老哥】\gatbx\xovsprs.m,2026数学建模核心资料\美赛按题目题型分类常用算法代码程序包！\优化与控制题型参考代码【数学建模老哥】\多种群遗传算法的函数优化算法代码\gatbx\xovsprs.m
339,INNER,keep,2026数学建模核心资料\美赛按题目题型分类常用算法代码程序包！\优化与控制题型参考代码【数学建模老哥】\多种遗传算法优化论文与代码\chapter7\EliteInduvidual.m,2026数学建模核心资料\美赛按题目题型分类常用算法代码程序包！\优化与控制题型参考代码【数学建模老哥】\多种遗传算法优化论文与代码\chapter7\EliteInduvidual.m
339,INNER,dup,2026数学建模核心资料\美赛按题目题型分类常用算法代码程序包！\美赛照题目分类程序包【数学建模老哥】\美赛A题常见参考代码【数学建模老哥】\多种遗传算法优化论文与代码【数学建模老哥】\chapter7\EliteInduvidual.m,2026数学建模核心资料\美赛按题目题型分类常用算法代码程序包！\优化与控制题型参考代码【数学建模老哥】\多种遗传算法优化论文与代码\chapter7\EliteInduvidual.m
340,INNER,keep,2026数学建模核心资料\美赛按题目题型分类常用算法代码程序包！\优化与控制题型参考代码【数学建模老哥】\多种遗传算法优化论文与代码\chapter7\immigrant.m,2026数学建模核心资料\美赛按题目题型分类常用算法代码程序包！\优化与控制题型参考代码【数学建模老哥】\多种遗传算法优化论文与代码\chapter7\immigrant.m
340,INNER,dup,2026数学建模核心资料\美赛按题目题型分类常用算法代码程序包！\美赛照题目分类程序包【数学建模老哥】\美赛A题常见参考代码【数学建模老哥】\多种遗传算法优化论文与代码【数学建模老哥】\chapter7\immigrant.m,2026数学建模核心资料\美赛按题目题型分类常用算法代码程序包！\优化与控制题型参考代码【数学建模老哥】\多种遗传算法优化论文与代码\chapter7\immigrant.m
341,INNER,keep,2026数学建模核心资料\美赛按题目题型分类常用算法代码程序包！\优化与控制题型参考代码【数学建模老哥】\多种遗传算法优化论文与代码\chapter7\MPGA.m,2026数学建模核心资料\美赛按题目题型分类常用算法代码程序包！\优化与控制题型参考代码【数学建模老哥】\多种遗传算法优化论文与代码\chapter7\MPGA.m
341,INNER,dup,2026数学建模核心资料\美赛按题目题型分类常用算法代码程序包！\美赛照题目分类程序包【数学建模老哥】\美赛A题常见参考代码【数学建模老哥】\多种遗传算法优化论文与代码【数学建模老哥】\chapter7\MPGA.m,2026数学建模核心资料\美赛按题目题型分类常用算法代码程序包！\优化与控制题型参考代码【数学建模老哥】\多种遗传算法优化论文与代码\chapter7\MPGA.m
342,INNER,keep,2026数学建模核心资料\美赛按题目题型分类常用算法代码程序包！\优化与控制题型参考代码【数学建模老哥】\多种遗传算法优化论文与代码\chapter7\ObjectFunction.m,2026数学建模核心资料\美赛按题目题型分类常用算法代码程序包！\优化与控制题型参考代码【数学建模老哥】\多种遗传算法优化论文与代码\chapter7\ObjectFunction.m
342,INNER,dup,2026数学建模核心资料\美赛按题目题型分类常用算法代码程序包！\美赛照题目分类程序包【数学建模老哥】\美赛A题常见参考代码【数学建模老哥】\多种遗传算法优化论文与代码【数学建模老哥】\chapter7\ObjectFunction.m,2026数学建模核心资料\美赛按题目题型分类常用算法代码程序包！\优化与控制题型参考代码【数学建模老哥】\多种遗传算法优化论文与代码\chapter7\ObjectFunction.m
343,INNER,keep,2026数学建模核心资料\美赛按题目题型分类常用算法代码程序包！\优化与控制题型参考代码【数学建模老哥】\改进蚁群算法求解连续空间优化问题代码\mop_5_27_modified_a.m,2026数学建模核心资料\美赛按题目题型分类常用算法代码程序包！\优化与控制题型参考代码【数学建模老哥】\改进蚁群算法求解连续空间优化问题代码\mop_5_27_modified_a.m
343,INNER,dup,2026数学建模核心资料\美赛按题目题型分类常用算法代码程序包！\美赛照题目分类程序包【数学建模老哥】\美赛A题常见参考代码【数学建模老哥】\改进蚁群算法求解连续空间优化问题代码【数学建模老哥】\mop_5_27_modified_a.m,2026数学建模核心资料\美赛按题目题型分类常用算法代码程序包！\优化与控制题型参考代码【数学建模老哥】\改进蚁群算法求解连续空间优化问题代码\mop_5_27_modified_a.m
344,INNER,keep,2026数学建模核心资料\美赛按题目题型分类常用算法代码程序包！\优化与控制题型参考代码【数学建模老哥】\改进非支配邻域免疫算法目标优化代码\EMOinstruction.m,2026数学建模核心资料\美赛按题目题型分类常用算法代码程序包！\优化与控制题型参考代码【数学建模老哥】\改进非支配邻域免疫算法目标优化代码\EMOinstruction.m
344,INNER,dup,2026数学建模核心资料\美赛按题目题型分类常用算法代码程序包！\美赛照题目分类程序包【数学建模老哥】\美赛A题常见参考代码【数学建模老哥】\改进非支配邻域免疫算法目标优化代码【数学建模老哥】\EMOinstruction.m,2026数学建模核心资料\美赛按题目题型分类常用算法代码程序包！\优化与控制题型参考代码【数学建模老哥】\改进非支配邻域免疫算法目标优化代码\EMOinstruction.m
345,INNER,keep,2026数学建模核心资料\美赛按题目题型分类常用算法代码程序包！\优化与控制题型参考代码【数学建模老哥】\改进非支配邻域免疫算法目标优化代码\getbud.m,2026数学建模核心资料\美赛按题目题型分类常用算法代码程序包！\优化与控制题型参考代码【数学建模老哥】\改进非支配邻域免疫算法目标优化代码\getbud.m
345,INNER,dup,2026数学建模核心资料\美赛按题目题型分类常用算法代码程序包！\美赛照题目分类程序包【数学建模老哥】\美赛A题常见参考代码【数学建模老哥】\改进非支配邻域免疫算法目标优化代码【数学建模老哥】\getbud.m,2026数学建模核心资料\美赛按题目题型分类常用算法代码程序包！\优化与控制题型参考代码【数学建模老哥】\改进非支配邻域免疫算法目标优化代码\getbud.m
346,INNER,keep,2026数学建模核心资料\美赛按题目题型分类常用算法代码程序包！\优化与控制题型参考代码【数学建模老哥】\改进非支配邻域免疫算法目标优化代码\NNIA.m,2026数学建模核心资料\美赛按题目题型分类常用算法代码程序包！\优化与控制题型参考代码【数学建模老哥】\改进非支配邻域免疫算法目标优化代码\NNIA.m
346,INNER,dup,2026数学建模核心资料\美赛按题目题型分类常用算法代码程序包！\美赛照题目分类程序包【数学建模老哥】\美赛A题常见参考代码【数学建模老哥】\改进非支配邻域免疫算法目标优化代码【数学建模老哥】\NNIA.m,2026数学建模核心资料\美赛按题目题型分类常用算法代码程序包！\优化与控制题型参考代码【数学建模老哥】\改进非支配邻域免疫算法目标优化代码\NNIA.m
347,INNER,keep,2026数学建模核心资料\美赛按题目题型分类常用算法代码程序包！\优化与控制题型参考代码【数学建模老哥】\改进非支配邻域免疫算法目标优化代码\OVcom.m,2026数学建模核心资料\美赛按题目题型分类常用算法代码程序包！\优化与控制题型参考代码【数学建模老哥】\改进非支配邻域免疫算法目标优化代码\OVcom.m
347,INNER,dup,2026数学建模核心资料\美赛按题目题型分类常用算法代码程序包！\美赛照题目分类程序包【数学建模老哥】\美赛A题常见参考代码【数学建模老哥】\改进非支配邻域免疫算法目标优化代码【数学建模老哥】\OVcom.m,2026数学建模核心资料\美赛按题目题型分类常用算法代码程序包！\优化与控制题型参考代码【数学建模老哥】\改进非支配邻域免疫算法目标优化代码\OVcom.m
348,INNER,keep,2026数学建模核心资料\美赛按题目题型分类常用算法代码程序包！\优化与控制题型参考代码【数学建模老哥】\普通多目标优化算法代码\demo.m,2026数学建模核心资料\美赛按题目题型分类常用算法代码程序包！\优化与控制题型参考代码【数学建模老哥】\普通多目标优化算法代码\demo.m
348,INNER,dup,2026数学建模核心资料\美赛按题目题型分类常用算法代码程序包！\美赛照题目分类程序包【数学建模老哥】\美赛A题常见参考代码【数学建模老哥】\普通多目标优化算法代码【数学建模老哥】\demo.m,2026数学建模核心资料\美赛按题目题型分类常用算法代码程序包！\优化与控制题型参考代码【数学建模老哥】\普通多目标优化算法代码\demo.m
349,INNER,keep,2026数学建模核心资料\美赛按题目题型分类常用算法代码程序包！\优化与控制题型参考代码【数学建模老哥】\普通多目标优化算法代码\evaluate.m,2026数学建模核心资料\美赛按题目题型分类常用算法代码程序包！\优化与控制题型参考代码【数学建模老哥】\普通多目标优化算法代码\evaluate.m
349,INNER,dup,2026数学建模核心资料\美赛按题目题型分类常用算法代码程序包！\美赛照题目分类程序包【数学建模老哥】\美赛A题常见参考代码【数学建模老哥】\普通多目标优化算法代码【数学建模老哥】\evaluate.m,2026数学建模核心资料\美赛按题目题型分类常用算法代码程序包！\优化与控制题型参考代码【数学建模老哥】\普通多目标优化算法代码\evaluate.m
350,INNER,keep,2026数学建模核心资料\美赛按题目题型分类常用算法代码程序包！\优化与控制题型参考代码【数学建模老哥】\普通多目标优化算法代码\eval_update.m,2026数学建模核心资料\美赛按题目题型分类常用算法代码程序包！\优化与控制题型参考代码【数学建模老哥】\普通多目标优化算法代码\eval_update.m
350,INNER,dup,2026数学建模核心资料\美赛按题目题型分类常用算法代码程序包！\美赛照题目分类程序包【数学建模老哥】\美赛A题常见参考代码【数学建模老哥】\普通多目标优化算法代码【数学建模老哥】\eval_update.m,2026数学建模核心资料\美赛按题目题型分类常用算法代码程序包！\优化与控制题型参考代码【数学建模老哥】\普通多目标优化算法代码\eval_update.m
351,INNER,keep,2026数学建模核心资料\美赛按题目题型分类常用算法代码程序包！\优化与控制题型参考代码【数学建模老哥】\普通多目标优化算法代码\gaussian_mutate.m,2026数学建模核心资料\美赛按题目题型分类常用算法代码程序包！\优化与控制题型参考代码【数学建模老哥】\普通多目标优化算法代码\gaussian_mutate.m
351,INNER,dup,2026数学建模核心资料\美赛按题目题型分类常用算法代码程序包！\美赛照题目分类程序包【数学建模老哥】\美赛A题常见参考代码【数学建模老哥】\普通多目标优化算法代码【数学建模老哥】\gaussian_mutate.m,2026数学建模核心资料\美赛按题目题型分类常用算法代码程序包！\优化与控制题型参考代码【数学建模老哥】\普通多目标优化算法代码\gaussian_mutate.m
352,INNER,keep,2026数学建模核心资料\美赛按题目题型分类常用算法代码程序包！\优化与控制题型参考代码【数学建模老哥】\普通多目标优化算法代码\genetic_op.m,2026数学建模核心资料\美赛按题目题型分类常用算法代码程序包！\优化与控制题型参考代码【数学建模老哥】\普通多目标优化算法代码\genetic_op.m
352,INNER,dup,2026数学建模核心资料\美赛按题目题型分类常用算法代码程序包！\美赛照题目分类程序包【数学建模老哥】\美赛A题常见参考代码【数学建模老哥】\普通多目标优化算法代码【数学建模老哥】\genetic_op.m,2026数学建模核心资料\美赛按题目题型分类常用算法代码程序包！\优化与控制题型参考代码【数学建模老哥】\普通多目标优化算法代码\genetic_op.m
353,INNER,keep,2026数学建模核心资料\美赛按题目题型分类常用算法代码程序包！\优化与控制题型参考代码【数学建模老哥】\普通多目标优化算法代码\get_structure.m,2026数学建模核心资料\美赛按题目题型分类常用算法代码程序包！\优化与控制题型参考代码【数学建模老哥】\普通多目标优化算法代码\get_structure.m
353,INNER,dup,2026数学建模核心资料\美赛按题目题型分类常用算法代码程序包！\美赛照题目分类程序包【数学建模老哥】\美赛A题常见参考代码【数学建模老哥】\普通多目标优化算法代码【数学建模老哥】\get_structure.m,2026数学建模核心资料\美赛按题目题型分类常用算法代码程序包！\优化与控制题型参考代码【数学建模老哥】\普通多目标优化算法代码\get_structure.m
354,INNER,keep,2026数学建模核心资料\美赛按题目题型分类常用算法代码程序包！\优化与控制题型参考代码【数学建模老哥】\普通多目标优化算法代码\init_weights.m,2026数学建模核心资料\美赛按题目题型分类常用算法代码程序包！\优化与控制题型参考代码【数学建模老哥】\普通多目标优化算法代码\init_weights.m
354,INNER,dup,2026数学建模核心资料\美赛按题目题型分类常用算法代码程序包！\美赛照题目分类程序包【数学建模老哥】\美赛A题常见参考代码【数学建模老哥】\普通多目标优化算法代码【数学建模老哥】\init_weights.m,2026数学建模核心资料\美赛按题目题型分类常用算法代码程序包！\优化与控制题型参考代码【数学建模老哥】\普通多目标优化算法代码\init_weights.m
355,INNER,keep,2026数学建模核心资料\美赛按题目题型分类常用算法代码程序包！\优化与控制题型参考代码【数学建模老哥】\普通多目标优化算法代码\moead.m,2026数学建模核心资料\美赛按题目题型分类常用算法代码程序包！\优化与控制题型参考代码【数学建模老哥】\普通多目标优化算法代码\moead.m
355,INNER,dup,2026数学建模核心资料\美赛按题目题型分类常用算法代码程序包！\美赛照题目分类程序包【数学建模老哥】\美赛A题常见参考代码【数学建模老哥】\普通多目标优化算法代码【数学建模老哥】\moead.m,2026数学建模核心资料\美赛按题目题型分类常用算法代码程序包！\优化与控制题型参考代码【数学建模老哥】\普通多目标优化算法代码\moead.m
356,INNER,keep,2026数学建模核心资料\美赛按题目题型分类常用算法代码程序包！\优化与控制题型参考代码【数学建模老哥】\普通多目标优化算法代码\randompoint.m,2026数学建模核心资料\美赛按题目题型分类常用算法代码程序包！\优化与控制题型参考代码【数学建模老哥】\普通多目标优化算法代码\randompoint.m
356,INNER,dup,2026数学建模核心资料\美赛按题目题型分类常用算法代码程序包！\美赛照题目分类程序包【数学建模老哥】\美赛A题常见参考代码【数学建模老哥】\普通多目标优化算法代码【数学建模老哥】\randompoint.m,2026数学建模核心资料\美赛按题目题型分类常用算法代码程序包！\优化与控制题型参考代码【数学建模老哥】\普通多目标优化算法代码\randompoint.m
357,INNER,keep,2026数学建模核心资料\美赛按题目题型分类常用算法代码程序包！\优化与控制题型参考代码【数学建模老哥】\普通多目标优化算法代码\realmutate.m,2026数学建模核心资料\美赛按题目题型分类常用算法代码程序包！\优化与控制题型参考代码【数学建模老哥】\普通多目标优化算法代码\realmutate.m
357,INNER,dup,2026数学建模核心资料\美赛按题目题型分类常用算法代码程序包！\美赛照题目分类程序包【数学建模老哥】\美赛A题常见参考代码【数学建模老哥】\普通多目标优化算法代码【数学建模老哥】\realmutate.m,2026数学建模核心资料\美赛按题目题型分类常用算法代码程序包！\优化与控制题型参考代码【数学建模老哥】\普通多目标优化算法代码\realmutate.m
358,INNER,keep,2026数学建模核心资料\美赛按题目题型分类常用算法代码程序包！\优化与控制题型参考代码【数学建模老哥】\普通多目标优化算法代码\subobjective.m,2026数学建模核心资料\美赛按题目题型分类常用算法代码程序包！\优化与控制题型参考代码【数学建模老哥】\普通多目标优化算法代码\subobjective.m
358,INNER,dup,2026数学建模核心资料\美赛按题目题型分类常用算法代码程序包！\美赛照题目分类程序包【数学建模老哥】\美赛A题常见参考代码【数学建模老哥】\普通多目标优化算法代码【数学建模老哥】\subobjective.m,2026数学建模核心资料\美赛按题目题型分类常用算法代码程序包！\优化与控制题型参考代码【数学建模老哥】\普通多目标优化算法代码\subobjective.m
359,INNER,keep,2026数学建模核心资料\美赛按题目题型分类常用算法代码程序包！\优化与控制题型参考代码【数学建模老哥】\普通多目标优化算法代码\testmop.m,2026数学建模核心资料\美赛按题目题型分类常用算法代码程序包！\优化与控制题型参考代码【数学建模老哥】\普通多目标优化算法代码\testmop.m
359,INNER,dup,2026数学建模核心资料\美赛按题目题型分类常用算法代码程序包！\美赛照题目分类程序包【数学建模老哥】\美赛A题常见参考代码【数学建模老哥】\普通多目标优化算法代码【数学建模老哥】\testmop.m,2026数学建模核心资料\美赛按题目题型分类常用算法代码程序包！\优化与控制题型参考代码【数学建模老哥】\普通多目标优化算法代码\testmop.m
360,INNER,keep,2026数学建模核心资料\美赛按题目题型分类常用算法代码程序包！\优化与控制题型参考代码【数学建模老哥】\混合粒子群算法求解TSP问题代码\dist.m,2026数学建模核心资料\美赛按题目题型分类常用算法代码程序包！\优化与控制题型参考代码【数学建模老哥】\混合粒子群算法求解TSP问题代码\dist.m
360,INNER,dup,2026数学建模核心资料\美赛按题目题型分类常用算法代码程序包！\美赛照题目分类程序包【数学建模老哥】\美赛A题常见参考代码【数学建模老哥】\混合粒子群算法求解TSP问题代码【数学建模老哥】\dist.m,2026数学建模核心资料\美赛按题目题型分类常用算法代码程序包！\优化与控制题型参考代码【数学建模老哥】\混合粒子群算法求解TSP问题代码\dist.m
361,INNER,keep,2026数学建模核心资料\美赛按题目题型分类常用算法代码程序包！\优化与控制题型参考代码【数学建模老哥】\混合粒子群算法求解TSP问题代码\fitness.m,2026数学建模核心资料\美赛按题目题型分类常用算法代码程序包！\优化与控制题型参考代码【数学建模老哥】\混合粒子群算法求解TSP问题代码\fitness.m
361,INNER,dup,2026数学建模核心资料\美赛按题目题型分类常用算法代码程序包！\美赛照题目分类程序包【数学建模老哥】\美赛A题常见参考代码【数学建模老哥】\混合粒子群算法求解TSP问题代码【数学建模老哥】\fitness.m,2026数学建模核心资料\美赛按题目题型分类常用算法代码程序包！\优化与控制题型参考代码【数学建模老哥】\混合粒子群算法求解TSP问题代码\fitness.m
362,INNER,keep,2026数学建模核心资料\美赛按题目题型分类常用算法代码程序包！\优化与控制题型参考代码【数学建模老哥】\混合粒子群算法求解TSP问题代码\main.m,2026数学建模核心资料\美赛按题目题型分类常用算法代码程序包！\优化与控制题型参考代码【数学建模老哥】\混合粒子群算法求解TSP问题代码\main.m
362,INNER,dup,2026数学建模核心资料\美赛按题目题型分类常用算法代码程序包！\美赛照题目分类程序包【数学建模老哥】\美赛A题常见参考代码【数学建模老哥】\混合粒子群算法求解TSP问题代码【数学建模老哥】\main.m,2026数学建模核心资料\美赛按题目题型分类常用算法代码程序包！\优化与控制题型参考代码【数学建模老哥】\混合粒子群算法求解TSP问题代码\main.m
363,INNER,keep,2026数学建模核心资料\美赛按题目题型分类常用算法代码程序包！\优化与控制题型参考代码【数学建模老哥】\蚁群算法求解TSP问题matlab代码\citys_data.mat,2026数学建模核心资料\美赛按题目题型分类常用算法代码程序包！\优化与控制题型参考代码【数学建模老哥】\蚁群算法求解TSP问题matlab代码\citys_data.mat
363,INNER,dup,2026数学建模核心资料\美赛按题目题型分类常用算法代码程序包！\美赛照题目分类程序包【数学建模老哥】\美赛A题常见参考代码【数学建模老哥】\蚁群算法求解TSP问题matlab代码【数学建模老哥】\citys_data.mat,2026数学建模核心资料\美赛按题目题型分类常用算法代码程序包！\优化与控制题型参考代码【数学建模老哥】\蚁群算法求解TSP问题matlab代码\citys_data.mat
364,INNER,keep,2026数学建模核心资料\美赛按题目题型分类常用算法代码程序包！\优化与控制题型参考代码【数学建模老哥】\蚁群算法求解TSP问题matlab代码\main.m,2026数学建模核心资料\美赛按题目题型分类常用算法代码程序包！\优化与控制题型参考代码【数学建模老哥】\蚁群算法求解TSP问题matlab代码\main.m
364,INNER,dup,2026数学建模核心资料\美赛按题目题型分类常用算法代码程序包！\美赛照题目分类程序包【数学建模老哥】\美赛A题常见参考代码【数学建模老哥】\蚁群算法求解TSP问题matlab代码【数学建模老哥】\main.m,2026数学建模核心资料\美赛按题目题型分类常用算法代码程序包！\优化与控制题型参考代码【数学建模老哥】\蚁群算法求解TSP问题matlab代码\main.m
365,INNER,keep,2026数学建模核心资料\美赛按题目题型分类常用算法代码程序包！\优化与控制题型参考代码【数学建模老哥】\量子遗传算法代码\bin2decFun.m,2026数学建模核心资料\美赛按题目题型分类常用算法代码程序包！\优化与控制题型参考代码【数学建模老哥】\量子遗传算法代码\bin2decFun.m
365,INNER,dup,2026数学建模核心资料\美赛按题目题型分类常用算法代码程序包！\美赛照题目分类程序包【数学建模老哥】\美赛A题常见参考代码【数学建模老哥】\量子遗传算法代码【数学建模老哥】\bin2decFun.m,2026数学建模核心资料\美赛按题目题型分类常用算法代码程序包！\优化与控制题型参考代码【数学建模老哥】\量子遗传算法代码\bin2decFun.m
366,INNER,keep,2026数学建模核心资料\美赛按题目题型分类常用算法代码程序包！\优化与控制题型参考代码【数学建模老哥】\量子遗传算法代码\collapse.m,2026数学建模核心资料\美赛按题目题型分类常用算法代码程序包！\优化与控制题型参考代码【数学建模老哥】\量子遗传算法代码\collapse.m
366,INNER,dup,2026数学建模核心资料\美赛按题目题型分类常用算法代码程序包！\美赛照题目分类程序包【数学建模老哥】\美赛A题常见参考代码【数学建模老哥】\量子遗传算法代码【数学建模老哥】\collapse.m,2026数学建模核心资料\美赛按题目题型分类常用算法代码程序包！\优化与控制题型参考代码【数学建模老哥】\量子遗传算法代码\collapse.m
367,INNER,keep,2026数学建模核心资料\美赛按题目题型分类常用算法代码程序包！\优化与控制题型参考代码【数学建模老哥】\量子遗传算法代码\FitnessFunction.m,2026数学建模核心资料\美赛按题目题型分类常用算法代码程序包！\优化与控制题型参考代码【数学建模老哥】\量子遗传算法代码\FitnessFunction.m
367,INNER,dup,2026数学建模核心资料\美赛按题目题型分类常用算法代码程序包！\美赛照题目分类程序包【数学建模老哥】\美赛A题常见参考代码【数学建模老哥】\量子遗传算法代码【数学建模老哥】\FitnessFunction.m,2026数学建模核心资料\美赛按题目题型分类常用算法代码程序包！\优化与控制题型参考代码【数学建模老哥】\量子遗传算法代码\FitnessFunction.m
368,INNER,keep,2026数学建模核心资料\美赛按题目题型分类常用算法代码程序包！\优化与控制题型参考代码【数学建模老哥】\量子遗传算法代码\InitPop.m,2026数学建模核心资料\美赛按题目题型分类常用算法代码程序包！\优化与控制题型参考代码【数学建模老哥】\量子遗传算法代码\InitPop.m
368,INNER,dup,2026数学建模核心资料\美赛按题目题型分类常用算法代码程序包！\美赛照题目分类程序包【数学建模老哥】\美赛A题常见参考代码【数学建模老哥】\量子遗传算法代码【数学建模老哥】\InitPop.m,2026数学建模核心资料\美赛按题目题型分类常用算法代码程序包！\优化与控制题型参考代码【数学建模老哥】\量子遗传算法代码\InitPop.m
369,INNER,keep,2026数学建模核心资料\美赛按题目题型分类常用算法代码程序包！\优化与控制题型参考代码【数学建模老哥】\量子遗传算法代码\Objfunction.m,2026数学建模核心资料\美赛按题目题型分类常用算法代码程序包！\优化与控制题型参考代码【数学建模老哥】\量子遗传算法代码\Objfunction.m
369,INNER,dup,2026数学建模核心资料\美赛按题目题型分类常用算法代码程序包！\美赛照题目分类程序包【数学建模老哥】\美赛A题常见参考代码【数学建模老哥】\量子遗传算法代码【数学建模老哥】\Objfunction.m,2026数学建模核心资料\美赛按题目题型分类常用算法代码程序包！\优化与控制题型参考代码【数学建模老哥】\量子遗传算法代码\Objfunction.m
370,INNER,keep,2026数学建模核心资料\美赛按题目题型分类常用算法代码程序包！\优化与控制题型参考代码【数学建模老哥】\量子遗传算法代码\Qgate.m,2026数学建模核心资料\美赛按题目题型分类常用算法代码程序包！\优化与控制题型参考代码【数学建模老哥】\量子遗传算法代码\Qgate.m
370,INNER,dup,2026数学建模核心资料\美赛按题目题型分类常用算法代码程序包！\美赛照题目分类程序包【数学建模老哥】\美赛A题常见参考代码【数学建模老哥】\量子遗传算法代码【数学建模老哥】\Qgate.m,2026数学建模核心资料\美赛按题目题型分类常用算法代码程序包！\优化与控制题型参考代码【数学建模老哥】\量子遗传算法代码\Qgate.m
371,INNER,keep,2026数学建模核心资料\美赛按题目题型分类常用算法代码程序包！\优化与控制题型参考代码【数学建模老哥】\量子遗传算法代码\QuantumMain.m,2026数学建模核心资料\美赛按题目题型分类常用算法代码程序包！\优化与控制题型参考代码【数学建模老哥】\量子遗传算法代码\QuantumMain.m
371,INNER,dup,2026数学建模核心资料\美赛按题目题型分类常用算法代码程序包！\美赛照题目分类程序包【数学建模老哥】\美赛A题常见参考代码【数学建模老哥】\量子遗传算法代码【数学建模老哥】\QuantumMain.m,2026数学建模核心资料\美赛按题目题型分类常用算法代码程序包！\优化与控制题型参考代码【数学建模老哥】\量子遗传算法代码\QuantumMain.m
372,INNER,keep,2026数学建模核心资料\美赛按题目题型分类常用算法代码程序包！\分类与判别类题型参考代码【数学建模老哥】\100多种数据处理与分类算法集合\模式分类（Matlab程序）\Ada_Boost.m,2026数学建模核心资料\美赛按题目题型分类常用算法代码程序包！\分类与判别类题型参考代码【数学建模老哥】\100多种数据处理与分类算法集合\模式分类（Matlab程序）\Ada_Boost.m
372,INNER,dup,2026数学建模核心资料\美赛按题目题型分类常用算法代码程序包！\美赛照题目分类程序包【数学建模老哥】\美赛C题常见参考代码【数学建模老哥】\100多种数据处理与分类算法集合【数学建模老哥】\模式分类（Matlab程序）\Ada_Boost.m,2026数学建模核心资料\美赛按题目题型分类常用算法代码程序包！\分类与判别类题型参考代码【数学建模老哥】\100多种数据处理与分类算法集合\模式分类（Matlab程序）\Ada_Boost.m
373,INNER,keep,2026数学建模核心资料\美赛按题目题型分类常用算法代码程序包！\分类与判别类题型参考代码【数学建模老哥】\100多种数据处理与分类算法集合\模式分类（Matlab程序）\ADDC.m,2026数学建模核心资料\美赛按题目题型分类常用算法代码程序包！\分类与判别类题型参考代码【数学建模老哥】\100多种数据处理与分类算法集合\模式分类（Matlab程序）\ADDC.m
373,INNER,dup,2026数学建模核心资料\美赛按题目题型分类常用算法代码程序包！\美赛照题目分类程序包【数学建模老哥】\美赛C题常见参考代码【数学建模老哥】\100多种数据处理与分类算法集合【数学建模老哥】\模式分类（Matlab程序）\ADDC.m,2026数学建模核心资料\美赛按题目题型分类常用算法代码程序包！\分类与判别类题型参考代码【数学建模老哥】\100多种数据处理与分类算法集合\模式分类（Matlab程序）\ADDC.m
374,INNER,keep,2026数学建模核心资料\美赛按题目题型分类常用算法代码程序包！\分类与判别类题型参考代码【数学建模老哥】\100多种数据处理与分类算法集合\模式分类（Matlab程序）\AGHC.m,2026数学建模核心资料\美赛按题目题型分类常用算法代码程序包！\分类与判别类题型参考代码【数学建模老哥】\100多种数据处理与分类算法集合\模式分类（Matlab程序）\AGHC.m
374,INNER,dup,2026数学建模核心资料\美赛按题目题型分类常用算法代码程序包！\美赛照题目分类程序包【数学建模老哥】\美赛C题常见参考代码【数学建模老哥】\100多种数据处理与分类算法集合【数学建模老哥】\模式分类（Matlab程序）\AGHC.m,2026数学建模核心资料\美赛按题目题型分类常用算法代码程序包！\分类与判别类题型参考代码【数学建模老哥】\100多种数据处理与分类算法集合\模式分类（Matlab程序）\AGHC.m
375,INNER,keep,2026数学建模核心资料\美赛按题目题型分类常用算法代码程序包！\分类与判别类题型参考代码【数学建模老哥】\100多种数据处理与分类算法集合\模式分类（Matlab程序）\Backpropagation_Batch.m,2026数学建模核心资料\美赛按题目题型分类常用算法代码程序包！\分类与判别类题型参考代码【数学建模老哥】\100多种数据处理与分类算法集合\模式分类（Matlab程序）\Backpropagation_Batch.m
375,INNER,dup,2026数学建模核心资料\美赛按题目题型分类常用算法代码程序包！\美赛照题目分类程序包【数学建模老哥】\美赛C题常见参考代码【数学建模老哥】\100多种数据处理与分类算法集合【数学建模老哥】\模式分类（Matlab程序）\Backpropagation_Batch.m,2026数学建模核心资料\美赛按题目题型分类常用算法代码程序包！\分类与判别类题型参考代码【数学建模老哥】\100多种数据处理与分类算法集合\模式分类（Matlab程序）\Backpropagation_Batch.m
376,INNER,keep,2026数学建模核心资料\美赛按题目题型分类常用算法代码程序包！\分类与判别类题型参考代码【数学建模老哥】\100多种数据处理与分类算法集合\模式分类（Matlab程序）\Backpropagation_CGD.m,2026数学建模核心资料\美赛按题目题型分类常用算法代码程序包！\分类与判别类题型参考代码【数学建模老哥】\100多种数据处理与分类算法集合\模式分类（Matlab程序）\Backpropagation_CGD.m
376,INNER,dup,2026数学建模核心资料\美赛按题目题型分类常用算法代码程序包！\美赛照题目分类程序包【数学建模老哥】\美赛C题常见参考代码【数学建模老哥】\100多种数据处理与分类算法集合【数学建模老哥】\模式分类（Matlab程序）\Backpropagation_CGD.m,2026数学建模核心资料\美赛按题目题型分类常用算法代码程序包！\分类与判别类题型参考代码【数学建模老哥】\100多种数据处理与分类算法集合\模式分类（Matlab程序）\Backpropagation_CGD.m
377,INNER,keep,2026数学建模核心资料\美赛按题目题型分类常用算法代码程序包！\分类与判别类题型参考代码【数学建模老哥】\100多种数据处理与分类算法集合\模式分类（Matlab程序）\Backpropagation_Quickprop.m,2026数学建模核心资料\美赛按题目题型分类常用算法代码程序包！\分类与判别类题型参考代码【数学建模老哥】\100多种数据处理与分类算法集合\模式分类（Matlab程序）\Backpropagation_Quickprop.m
377,INNER,dup,2026数学建模核心资料\美赛按题目题型分类常用算法代码程序包！\美赛照题目分类程序包【数学建模老哥】\美赛C题常见参考代码【数学建模老哥】\100多种数据处理与分类算法集合【数学建模老哥】\模式分类（Matlab程序）\Backpropagation_Quickprop.m,2026数学建模核心资料\美赛按题目题型分类常用算法代码程序包！\分类与判别类题型参考代码【数学建模老哥】\100多种数据处理与分类算法集合\模式分类（Matlab程序）\Backpropagation_Quickprop.m
378,INNER,keep,2026数学建模核心资料\美赛按题目题型分类常用算法代码程序包！\分类与判别类题型参考代码【数学建模老哥】\100多种数据处理与分类算法集合\模式分类（Matlab程序）\Backpropagation_Recurrent.m,2026数学建模核心资料\美赛按题目题型分类常用算法代码程序包！\分类与判别类题型参考代码【数学建模老哥】\100多种数据处理与分类算法集合\模式分类（Matlab程序）\Backpropagation_Recurrent.m
378,INNER,dup,2026数学建模核心资料\美赛按题目题型分类常用算法代码程序包！\美赛照题目分类程序包【数学建模老哥】\美赛C题常见参考代码【数学建模老哥】\100多种数据处理与分类算法集合【数学建模老哥】\模式分类（Matlab程序）\Backpropagation_Recurrent.m,2026数学建模核心资料\美赛按题目题型分类常用算法代码程序包！\分类与判别类题型参考代码【数学建模老哥】\100多种数据处理与分类算法集合\模式分类（Matlab程序）\Backpropagation_Recurrent.m
379,INNER,keep,2026数学建模核心资料\美赛按题目题型分类常用算法代码程序包！\分类与判别类题型参考代码【数学建模老哥】\100多种数据处理与分类算法集合\模式分类（Matlab程序）\Backpropagation_SM.m,2026数学建模核心资料\美赛按题目题型分类常用算法代码程序包！\分类与判别类题型参考代码【数学建模老哥】\100多种数据处理与分类算法集合\模式分类（Matlab程序）\Backpropagation_SM.m
379,INNER,dup,2026数学建模核心资料\美赛按题目题型分类常用算法代码程序包！\美赛照题目分类程序包【数学建模老哥】\美赛C题常见参考代码【数学建模老哥】\100多种数据处理与分类算法集合【数学建模老哥】\模式分类（Matlab程序）\Backpropagation_SM.m,2026数学建模核心资料\美赛按题目题型分类常用算法代码程序包！\分类与判别类题型参考代码【数学建模老哥】\100多种数据处理与分类算法集合\模式分类（Matlab程序）\Backpropagation_SM.m
380,INNER,keep,2026数学建模核心资料\美赛按题目题型分类常用算法代码程序包！\分类与判别类题型参考代码【数学建模老哥】\100多种数据处理与分类算法集合\模式分类（Matlab程序）\Backpropagation_Stochastic.m,2026数学建模核心资料\美赛按题目题型分类常用算法代码程序包！\分类与判别类题型参考代码【数学建模老哥】\100多种数据处理与分类算法集合\模式分类（Matlab程序）\Backpropagation_Stochastic.m
380,INNER,dup,2026数学建模核心资料\美赛按题目题型分类常用算法代码程序包！\美赛照题目分类程序包【数学建模老哥】\美赛C题常见参考代码【数学建模老哥】\100多种数据处理与分类算法集合【数学建模老哥】\模式分类（Matlab程序）\Backpropagation_Stochastic.m,2026数学建模核心资料\美赛按题目题型分类常用算法代码程序包！\分类与判别类题型参考代码【数学建模老哥】\100多种数据处理与分类算法集合\模式分类（Matlab程序）\Backpropagation_Stochastic.m
381,INNER,keep,2026数学建模核心资料\美赛按题目题型分类常用算法代码程序包！\分类与判别类题型参考代码【数学建模老哥】\100多种数据处理与分类算法集合\模式分类（Matlab程序）\Balanced_Winnow.m,2026数学建模核心资料\美赛按题目题型分类常用算法代码程序包！\分类与判别类题型参考代码【数学建模老哥】\100多种数据处理与分类算法集合\模式分类（Matlab程序）\Balanced_Winnow.m
381,INNER,dup,2026数学建模核心资料\美赛按题目题型分类常用算法代码程序包！\美赛照题目分类程序包【数学建模老哥】\美赛C题常见参考代码【数学建模老哥】\100多种数据处理与分类算法集合【数学建模老哥】\模式分类（Matlab程序）\Balanced_Winnow.m,2026数学建模核心资料\美赛按题目题型分类常用算法代码程序包！\分类与判别类题型参考代码【数学建模老哥】\100多种数据处理与分类算法集合\模式分类（Matlab程序）\Balanced_Winnow.m
382,INNER,keep,2026数学建模核心资料\美赛按题目题型分类常用算法代码程序包！\分类与判别类题型参考代码【数学建模老哥】\100多种数据处理与分类算法集合\模式分类（Matlab程序）\Bayesian_Model_Comparison.m,2026数学建模核心资料\美赛按题目题型分类常用算法代码程序包！\分类与判别类题型参考代码【数学建模老哥】\100多种数据处理与分类算法集合\模式分类（Matlab程序）\Bayesian_Model_Comparison.m
382,INNER,dup,2026数学建模核心资料\美赛按题目题型分类常用算法代码程序包！\美赛照题目分类程序包【数学建模老哥】\美赛C题常见参考代码【数学建模老哥】\100多种数据处理与分类算法集合【数学建模老哥】\模式分类（Matlab程序）\Bayesian_Model_Comparison.m,2026数学建模核心资料\美赛按题目题型分类常用算法代码程序包！\分类与判别类题型参考代码【数学建模老哥】\100多种数据处理与分类算法集合\模式分类（Matlab程序）\Bayesian_Model_Comparison.m
383,INNER,keep,2026数学建模核心资料\美赛按题目题型分类常用算法代码程序包！\分类与判别类题型参考代码【数学建模老哥】\100多种数据处理与分类算法集合\模式分类（Matlab程序）\Bhattacharyya.m,2026数学建模核心资料\美赛按题目题型分类常用算法代码程序包！\分类与判别类题型参考代码【数学建模老哥】\100多种数据处理与分类算法集合\模式分类（Matlab程序）\Bhattacharyya.m
383,INNER,dup,2026数学建模核心资料\美赛按题目题型分类常用算法代码程序包！\美赛照题目分类程序包【数学建模老哥】\美赛C题常见参考代码【数学建模老哥】\100多种数据处理与分类算法集合【数学建模老哥】\模式分类（Matlab程序）\Bhattacharyya.m,2026数学建模核心资料\美赛按题目题型分类常用算法代码程序包！\分类与判别类题型参考代码【数学建模老哥】\100多种数据处理与分类算法集合\模式分类（Matlab程序）\Bhattacharyya.m
384,INNER,keep,2026数学建模核心资料\美赛按题目题型分类常用算法代码程序包！\分类与判别类题型参考代码【数学建模老哥】\100多种数据处理与分类算法集合\模式分类（Matlab程序）\BIMSEC.m,2026数学建模核心资料\美赛按题目题型分类常用算法代码程序包！\分类与判别类题型参考代码【数学建模老哥】\100多种数据处理与分类算法集合\模式分类（Matlab程序）\BIMSEC.m
384,INNER,dup,2026数学建模核心资料\美赛按题目题型分类常用算法代码程序包！\美赛照题目分类程序包【数学建模老哥】\美赛C题常见参考代码【数学建模老哥】\100多种数据处理与分类算法集合【数学建模老哥】\模式分类（Matlab程序）\BIMSEC.m,2026数学建模核心资料\美赛按题目题型分类常用算法代码程序包！\分类与判别类题型参考代码【数学建模老哥】\100多种数据处理与分类算法集合\模式分类（Matlab程序）\BIMSEC.m
385,INNER,keep,2026数学建模核心资料\美赛按题目题型分类常用算法代码程序包！\分类与判别类题型参考代码【数学建模老哥】\100多种数据处理与分类算法集合\模式分类（Matlab程序）\C4_5.m,2026数学建模核心资料\美赛按题目题型分类常用算法代码程序包！\分类与判别类题型参考代码【数学建模老哥】\100多种数据处理与分类算法集合\模式分类（Matlab程序）\C4_5.m
385,INNER,dup,2026数学建模核心资料\美赛按题目题型分类常用算法代码程序包！\美赛照题目分类程序包【数学建模老哥】\美赛C题常见参考代码【数学建模老哥】\100多种数据处理与分类算法集合【数学建模老哥】\模式分类（Matlab程序）\C4_5.m,2026数学建模核心资料\美赛按题目题型分类常用算法代码程序包！\分类与判别类题型参考代码【数学建模老哥】\100多种数据处理与分类算法集合\模式分类（Matlab程序）\C4_5.m
386,INNER,keep,2026数学建模核心资料\美赛按题目题型分类常用算法代码程序包！\分类与判别类题型参考代码【数学建模老哥】\100多种数据处理与分类算法集合\模式分类（Matlab程序）\calculate_error.m,2026数学建模核心资料\美赛按题目题型分类常用算法代码程序包！\分类与判别类题型参考代码【数学建模老哥】\100多种数据处理与分类算法集合\模式分类（Matlab程序）\calculate_error.m
386,INNER,dup,2026数学建模核心资料\美赛按题目题型分类常用算法代码程序包！\美赛照题目分类程序包【数学建模老哥】\美赛C题常见参考代码【数学建模老哥】\100多种数据处理与分类算法集合【数学建模老哥】\模式分类（Matlab程序）\calculate_error.m,2026数学建模核心资料\美赛按题目题型分类常用算法代码程序包！\分类与判别类题型参考代码【数学建模老哥】\100多种数据处理与分类算法集合\模式分类（Matlab程序）\calculate_error.m
387,INNER,keep,2026数学建模核心资料\美赛按题目题型分类常用算法代码程序包！\分类与判别类题型参考代码【数学建模老哥】\100多种数据处理与分类算法集合\模式分类（Matlab程序）\calculate_region.m,2026数学建模核心资料\美赛按题目题型分类常用算法代码程序包！\分类与判别类题型参考代码【数学建模老哥】\100多种数据处理与分类算法集合\模式分类（Matlab程序）\calculate_region.m
387,INNER,dup,2026数学建模核心资料\美赛按题目题型分类常用算法代码程序包！\美赛照题目分类程序包【数学建模老哥】\美赛C题常见参考代码【数学建模老哥】\100多种数据处理与分类算法集合【数学建模老哥】\模式分类（Matlab程序）\calculate_region.m,2026数学建模核心资料\美赛按题目题型分类常用算法代码程序包！\分类与判别类题型参考代码【数学建模老哥】\100多种数据处理与分类算法集合\模式分类（Matlab程序）\calculate_region.m
388,INNER,keep,2026数学建模核心资料\美赛按题目题型分类常用算法代码程序包！\分类与判别类题型参考代码【数学建模老哥】\100多种数据处理与分类算法集合\模式分类（Matlab程序）\CART.m,2026数学建模核心资料\美赛按题目题型分类常用算法代码程序包！\分类与判别类题型参考代码【数学建模老哥】\100多种数据处理与分类算法集合\模式分类（Matlab程序）\CART.m
388,INNER,dup,2026数学建模核心资料\美赛按题目题型分类常用算法代码程序包！\美赛照题目分类程序包【数学建模老哥】\美赛C题常见参考代码【数学建模老哥】\100多种数据处理与分类算法集合【数学建模老哥】\模式分类（Matlab程序）\CART.m,2026数学建模核心资料\美赛按题目题型分类常用算法代码程序包！\分类与判别类题型参考代码【数学建模老哥】\100多种数据处理与分类算法集合\模式分类（Matlab程序）\CART.m
389,INNER,keep,2026数学建模核心资料\美赛按题目题型分类常用算法代码程序包！\分类与判别类题型参考代码【数学建模老哥】\100多种数据处理与分类算法集合\模式分类（Matlab程序）\CARTfunctions.m,2026数学建模核心资料\美赛按题目题型分类常用算法代码程序包！\分类与判别类题型参考代码【数学建模老哥】\100多种数据处理与分类算法集合\模式分类（Matlab程序）\CARTfunctions.m
389,INNER,dup,2026数学建模核心资料\美赛按题目题型分类常用算法代码程序包！\美赛照题目分类程序包【数学建模老哥】\美赛C题常见参考代码【数学建模老哥】\100多种数据处理与分类算法集合【数学建模老哥】\模式分类（Matlab程序）\CARTfunctions.m,2026数学建模核心资料\美赛按题目题型分类常用算法代码程序包！\分类与判别类题型参考代码【数学建模老哥】\100多种数据处理与分类算法集合\模式分类（Matlab程序）\CARTfunctions.m
390,INNER,keep,2026数学建模核心资料\美赛按题目题型分类常用算法代码程序包！\分类与判别类题型参考代码【数学建模老哥】\100多种数据处理与分类算法集合\模式分类（Matlab程序）\Cascade_Correlation.m,2026数学建模核心资料\美赛按题目题型分类常用算法代码程序包！\分类与判别类题型参考代码【数学建模老哥】\100多种数据处理与分类算法集合\模式分类（Matlab程序）\Cascade_Correlation.m
390,INNER,dup,2026数学建模核心资料\美赛按题目题型分类常用算法代码程序包！\美赛照题目分类程序包【数学建模老哥】\美赛C题常见参考代码【数学建模老哥】\100多种数据处理与分类算法集合【数学建模老哥】\模式分类（Matlab程序）\Cascade_Correlation.m,2026数学建模核心资料\美赛按题目题型分类常用算法代码程序包！\分类与判别类题型参考代码【数学建模老哥】\100多种数据处理与分类算法集合\模式分类（Matlab程序）\Cascade_Correlation.m
391,INNER,keep,2026数学建模核心资料\美赛按题目题型分类常用算法代码程序包！\分类与判别类题型参考代码【数学建模老哥】\100多种数据处理与分类算法集合\模式分类（Matlab程序）\Chernoff.m,2026数学建模核心资料\美赛按题目题型分类常用算法代码程序包！\分类与判别类题型参考代码【数学建模老哥】\100多种数据处理与分类算法集合\模式分类（Matlab程序）\Chernoff.m
391,INNER,dup,2026数学建模核心资料\美赛按题目题型分类常用算法代码程序包！\美赛照题目分类程序包【数学建模老哥】\美赛C题常见参考代码【数学建模老哥】\100多种数据处理与分类算法集合【数学建模老哥】\模式分类（Matlab程序）\Chernoff.m,2026数学建模核心资料\美赛按题目题型分类常用算法代码程序包！\分类与判别类题型参考代码【数学建模老哥】\100多种数据处理与分类算法集合\模式分类（Matlab程序）\Chernoff.m
392,INNER,keep,2026数学建模核心资料\美赛按题目题型分类常用算法代码程序包！\分类与判别类题型参考代码【数学建模老哥】\100多种数据处理与分类算法集合\模式分类（Matlab程序）\classification_error.m,2026数学建模核心资料\美赛按题目题型分类常用算法代码程序包！\分类与判别类题型参考代码【数学建模老哥】\100多种数据处理与分类算法集合\模式分类（Matlab程序）\classification_error.m
392,INNER,dup,2026数学建模核心资料\美赛按题目题型分类常用算法代码程序包！\美赛照题目分类程序包【数学建模老哥】\美赛C题常见参考代码【数学建模老哥】\100多种数据处理与分类算法集合【数学建模老哥】\模式分类（Matlab程序）\classification_error.m,2026数学建模核心资料\美赛按题目题型分类常用算法代码程序包！\分类与判别类题型参考代码【数学建模老哥】\100多种数据处理与分类算法集合\模式分类（Matlab程序）\classification_error.m
393,INNER,keep,2026数学建模核心资料\美赛按题目题型分类常用算法代码程序包！\分类与判别类题型参考代码【数学建模老哥】\100多种数据处理与分类算法集合\模式分类（Matlab程序）\classifier.m,2026数学建模核心资料\美赛按题目题型分类常用算法代码程序包！\分类与判别类题型参考代码【数学建模老哥】\100多种数据处理与分类算法集合\模式分类（Matlab程序）\classifier.m
393,INNER,dup,2026数学建模核心资料\美赛按题目题型分类常用算法代码程序包！\美赛照题目分类程序包【数学建模老哥】\美赛C题常见参考代码【数学建模老哥】\100多种数据处理与分类算法集合【数学建模老哥】\模式分类（Matlab程序）\classifier.m,2026数学建模核心资料\美赛按题目题型分类常用算法代码程序包！\分类与判别类题型参考代码【数学建模老哥】\100多种数据处理与分类算法集合\模式分类（Matlab程序）\classifier.m
394,INNER,keep,2026数学建模核心资料\美赛按题目题型分类常用算法代码程序包！\分类与判别类题型参考代码【数学建模老哥】\100多种数据处理与分类算法集合\模式分类（Matlab程序）\classifier.mat,2026数学建模核心资料\美赛按题目题型分类常用算法代码程序包！\分类与判别类题型参考代码【数学建模老哥】\100多种数据处理与分类算法集合\模式分类（Matlab程序）\classifier.mat
394,INNER,dup,2026数学建模核心资料\美赛按题目题型分类常用算法代码程序包！\美赛照题目分类程序包【数学建模老哥】\美赛C题常见参考代码【数学建模老哥】\100多种数据处理与分类算法集合【数学建模老哥】\模式分类（Matlab程序）\classifier.mat,2026数学建模核心资料\美赛按题目题型分类常用算法代码程序包！\分类与判别类题型参考代码【数学建模老哥】\100多种数据处理与分类算法集合\模式分类（Matlab程序）\classifier.mat
395,INNER,keep,2026数学建模核心资料\美赛按题目题型分类常用算法代码程序包！\分类与判别类题型参考代码【数学建模老哥】\100多种数据处理与分类算法集合\模式分类（Matlab程序）\classifier_commands.m,2026数学建模核心资料\美赛按题目题型分类常用算法代码程序包！\分类与判别类题型参考代码【数学建模老哥】\100多种数据处理与分类算法集合\模式分类（Matlab程序）\classifier_commands.m
395,INNER,dup,2026数学建模核心资料\美赛按题目题型分类常用算法代码程序包！\美赛照题目分类程序包【数学建模老哥】\美赛C题常见参考代码【数学建模老哥】\100多种数据处理与分类算法集合【数学建模老哥】\模式分类（Matlab程序）\classifier_commands.m,2026数学建模核心资料\美赛按题目题型分类常用算法代码程序包！\分类与判别类题型参考代码【数学建模老哥】\100多种数据处理与分类算法集合\模式分类（Matlab程序）\classifier_commands.m
396,INNER,keep,2026数学建模核心资料\美赛按题目题型分类常用算法代码程序包！\分类与判别类题型参考代码【数学建模老哥】\100多种数据处理与分类算法集合\模式分类（Matlab程序）\classify_paramteric.m,2026数学建模核心资料\美赛按题目题型分类常用算法代码程序包！\分类与判别类题型参考代码【数学建模老哥】\100多种数据处理与分类算法集合\模式分类（Matlab程序）\classify_paramteric.m
396,INNER,dup,2026数学建模核心资料\美赛按题目题型分类常用算法代码程序包！\美赛照题目分类程序包【数学建模老哥】\美赛C题常见参考代码【数学建模老哥】\100多种数据处理与分类算法集合【数学建模老哥】\模式分类（Matlab程序）\classify_paramteric.m,2026数学建模核心资料\美赛按题目题型分类常用算法代码程序包！\分类与判别类题型参考代码【数学建模老哥】\100多种数据处理与分类算法集合\模式分类（Matlab程序）\classify_paramteric.m
397,INNER,keep,2026数学建模核心资料\美赛按题目题型分类常用算法代码程序包！\分类与判别类题型参考代码【数学建模老哥】\100多种数据处理与分类算法集合\模式分类（Matlab程序）\click_points.m,2026数学建模核心资料\美赛按题目题型分类常用算法代码程序包！\分类与判别类题型参考代码【数学建模老哥】\100多种数据处理与分类算法集合\模式分类（Matlab程序）\click_points.m
397,INNER,dup,2026数学建模核心资料\美赛按题目题型分类常用算法代码程序包！\美赛照题目分类程序包【数学建模老哥】\美赛C题常见参考代码【数学建模老哥】\100多种数据处理与分类算法集合【数学建模老哥】\模式分类（Matlab程序）\click_points.m,2026数学建模核心资料\美赛按题目题型分类常用算法代码程序包！\分类与判别类题型参考代码【数学建模老哥】\100多种数据处理与分类算法集合\模式分类（Matlab程序）\click_points.m
398,INNER,keep,2026数学建模核心资料\美赛按题目题型分类常用算法代码程序包！\分类与判别类题型参考代码【数学建模老哥】\100多种数据处理与分类算法集合\模式分类（Matlab程序）\combinations.m,2026数学建模核心资料\美赛按题目题型分类常用算法代码程序包！\分类与判别类题型参考代码【数学建模老哥】\100多种数据处理与分类算法集合\模式分类（Matlab程序）\combinations.m
398,INNER,dup,2026数学建模核心资料\美赛按题目题型分类常用算法代码程序包！\美赛照题目分类程序包【数学建模老哥】\美赛C题常见参考代码【数学建模老哥】\100多种数据处理与分类算法集合【数学建模老哥】\模式分类（Matlab程序）\combinations.m,2026数学建模核心资料\美赛按题目题型分类常用算法代码程序包！\分类与判别类题型参考代码【数学建模老哥】\100多种数据处理与分类算法集合\模式分类（Matlab程序）\combinations.m
399,INNER,keep,2026数学建模核心资料\美赛按题目题型分类常用算法代码程序包！\分类与判别类题型参考代码【数学建模老哥】\100多种数据处理与分类算法集合\模式分类（Matlab程序）\Competitive_learning.m,2026数学建模核心资料\美赛按题目题型分类常用算法代码程序包！\分类与判别类题型参考代码【数学建模老哥】\100多种数据处理与分类算法集合\模式分类（Matlab程序）\Competitive_learning.m
399,INNER,dup,2026数学建模核心资料\美赛按题目题型分类常用算法代码程序包！\美赛照题目分类程序包【数学建模老哥】\美赛C题常见参考代码【数学建模老哥】\100多种数据处理与分类算法集合【数学建模老哥】\模式分类（Matlab程序）\Competitive_learning.m,2026数学建模核心资料\美赛按题目题型分类常用算法代码程序包！\分类与判别类题型参考代码【数学建模老哥】\100多种数据处理与分类算法集合\模式分类（Matlab程序）\Competitive_learning.m
400,INNER,keep,2026数学建模核心资料\美赛按题目题型分类常用算法代码程序包！\分类与判别类题型参考代码【数学建模老哥】\100多种数据处理与分类算法集合\模式分类（Matlab程序）\Components_without_DF.m,2026数学建模核心资料\美赛按题目题型分类常用算法代码程序包！\分类与判别类题型参考代码【数学建模老哥】\100多种数据处理与分类算法集合\模式分类（Matlab程序）\Components_without_DF.m
400,INNER,dup,2026数学建模核心资料\美赛按题目题型分类常用算法代码程序包！\美赛照题目分类程序包【数学建模老哥】\美赛C题常见参考代码【数学建模老哥】\100多种数据处理与分类算法集合【数学建模老哥】\模式分类（Matlab程序）\Components_without_DF.m,2026数学建模核心资料\美赛按题目题型分类常用算法代码程序包！\分类与判别类题型参考代码【数学建模老哥】\100多种数据处理与分类算法集合\模式分类（Matlab程序）\Components_without_DF.m
401,INNER,keep,2026数学建模核心资料\美赛按题目题型分类常用算法代码程序包！\分类与判别类题型参考代码【数学建模老哥】\100多种数据处理与分类算法集合\模式分类（Matlab程序）\Components_with_DF.m,2026数学建模核心资料\美赛按题目题型分类常用算法代码程序包！\分类与判别类题型参考代码【数学建模老哥】\100多种数据处理与分类算法集合\模式分类（Matlab程序）\Components_with_DF.m
401,INNER,dup,2026数学建模核心资料\美赛按题目题型分类常用算法代码程序包！\美赛照题目分类程序包【数学建模老哥】\美赛C题常见参考代码【数学建模老哥】\100多种数据处理与分类算法集合【数学建模老哥】\模式分类（Matlab程序）\Components_with_DF.m,2026数学建模核心资料\美赛按题目题型分类常用算法代码程序包！\分类与判别类题型参考代码【数学建模老哥】\100多种数据处理与分类算法集合\模式分类（Matlab程序）\Components_with_DF.m
402,INNER,keep,2026数学建模核心资料\美赛按题目题型分类常用算法代码程序包！\分类与判别类题型参考代码【数学建模老哥】\100多种数据处理与分类算法集合\模式分类（Matlab程序）\contents.m,2026数学建模核心资料\美赛按题目题型分类常用算法代码程序包！\分类与判别类题型参考代码【数学建模老哥】\100多种数据处理与分类算法集合\模式分类（Matlab程序）\contents.m
402,INNER,dup,2026数学建模核心资料\美赛按题目题型分类常用算法代码程序包！\美赛照题目分类程序包【数学建模老哥】\美赛C题常见参考代码【数学建模老哥】\100多种数据处理与分类算法集合【数学建模老哥】\模式分类（Matlab程序）\contents.m,2026数学建模核心资料\美赛按题目题型分类常用算法代码程序包！\分类与判别类题型参考代码【数学建模老哥】\100多种数据处理与分类算法集合\模式分类（Matlab程序）\contents.m
403,INNER,keep,2026数学建模核心资料\美赛按题目题型分类常用算法代码程序包！\分类与判别类题型参考代码【数学建模老哥】\100多种数据处理与分类算法集合\模式分类（Matlab程序）\Deterministic_annealing.m,2026数学建模核心资料\美赛按题目题型分类常用算法代码程序包！\分类与判别类题型参考代码【数学建模老哥】\100多种数据处理与分类算法集合\模式分类（Matlab程序）\Deterministic_annealing.m
403,INNER,dup,2026数学建模核心资料\美赛按题目题型分类常用算法代码程序包！\美赛照题目分类程序包【数学建模老哥】\美赛C题常见参考代码【数学建模老哥】\100多种数据处理与分类算法集合【数学建模老哥】\模式分类（Matlab程序）\Deterministic_annealing.m,2026数学建模核心资料\美赛按题目题型分类常用算法代码程序包！\分类与判别类题型参考代码【数学建模老哥】\100多种数据处理与分类算法集合\模式分类（Matlab程序）\Deterministic_annealing.m
404,INNER,keep,2026数学建模核心资料\美赛按题目题型分类常用算法代码程序包！\分类与判别类题型参考代码【数学建模老哥】\100多种数据处理与分类算法集合\模式分类（Matlab程序）\Deterministic_Boltzmann.m,2026数学建模核心资料\美赛按题目题型分类常用算法代码程序包！\分类与判别类题型参考代码【数学建模老哥】\100多种数据处理与分类算法集合\模式分类（Matlab程序）\Deterministic_Boltzmann.m
404,INNER,dup,2026数学建模核心资料\美赛按题目题型分类常用算法代码程序包！\美赛照题目分类程序包【数学建模老哥】\美赛C题常见参考代码【数学建模老哥】\100多种数据处理与分类算法集合【数学建模老哥】\模式分类（Matlab程序）\Deterministic_Boltzmann.m,2026数学建模核心资料\美赛按题目题型分类常用算法代码程序包！\分类与判别类题型参考代码【数学建模老哥】\100多种数据处理与分类算法集合\模式分类（Matlab程序）\Deterministic_Boltzmann.m
405,INNER,keep,2026数学建模核心资料\美赛按题目题型分类常用算法代码程序包！\分类与判别类题型参考代码【数学建模老哥】\100多种数据处理与分类算法集合\模式分类（Matlab程序）\Deterministic_SA.m,2026数学建模核心资料\美赛按题目题型分类常用算法代码程序包！\分类与判别类题型参考代码【数学建模老哥】\100多种数据处理与分类算法集合\模式分类（Matlab程序）\Deterministic_SA.m
405,INNER,dup,2026数学建模核心资料\美赛按题目题型分类常用算法代码程序包！\美赛照题目分类程序包【数学建模老哥】\美赛C题常见参考代码【数学建模老哥】\100多种数据处理与分类算法集合【数学建模老哥】\模式分类（Matlab程序）\Deterministic_SA.m,2026数学建模核心资料\美赛按题目题型分类常用算法代码程序包！\分类与判别类题型参考代码【数学建模老哥】\100多种数据处理与分类算法集合\模式分类（Matlab程序）\Deterministic_SA.m
406,INNER,keep,2026数学建模核心资料\美赛按题目题型分类常用算法代码程序包！\分类与判别类题型参考代码【数学建模老哥】\100多种数据处理与分类算法集合\模式分类（Matlab程序）\Discrete_Bayes.m,2026数学建模核心资料\美赛按题目题型分类常用算法代码程序包！\分类与判别类题型参考代码【数学建模老哥】\100多种数据处理与分类算法集合\模式分类（Matlab程序）\Discrete_Bayes.m
406,INNER,dup,2026数学建模核心资料\美赛按题目题型分类常用算法代码程序包！\美赛照题目分类程序包【数学建模老哥】\美赛C题常见参考代码【数学建模老哥】\100多种数据处理与分类算法集合【数学建模老哥】\模式分类（Matlab程序）\Discrete_Bayes.m,2026数学建模核心资料\美赛按题目题型分类常用算法代码程序包！\分类与判别类题型参考代码【数学建模老哥】\100多种数据处理与分类算法集合\模式分类（Matlab程序）\Discrete_Bayes.m
407,INNER,keep,2026数学建模核心资料\美赛按题目题型分类常用算法代码程序包！\分类与判别类题型参考代码【数学建模老哥】\100多种数据处理与分类算法集合\模式分类（Matlab程序）\Discriminability.m,2026数学建模核心资料\美赛按题目题型分类常用算法代码程序包！\分类与判别类题型参考代码【数学建模老哥】\100多种数据处理与分类算法集合\模式分类（Matlab程序）\Discriminability.m
407,INNER,dup,2026数学建模核心资料\美赛按题目题型分类常用算法代码程序包！\美赛照题目分类程序包【数学建模老哥】\美赛C题常见参考代码【数学建模老哥】\100多种数据处理与分类算法集合【数学建模老哥】\模式分类（Matlab程序）\Discriminability.m,2026数学建模核心资料\美赛按题目题型分类常用算法代码程序包！\分类与判别类题型参考代码【数学建模老哥】\100多种数据处理与分类算法集合\模式分类（Matlab程序）\Discriminability.m
408,INNER,keep,2026数学建模核心资料\美赛按题目题型分类常用算法代码程序包！\分类与判别类题型参考代码【数学建模老哥】\100多种数据处理与分类算法集合\模式分类（Matlab程序）\DSLVQ.m,2026数学建模核心资料\美赛按题目题型分类常用算法代码程序包！\分类与判别类题型参考代码【数学建模老哥】\100多种数据处理与分类算法集合\模式分类（Matlab程序）\DSLVQ.m
408,INNER,dup,2026数学建模核心资料\美赛按题目题型分类常用算法代码程序包！\美赛照题目分类程序包【数学建模老哥】\美赛C题常见参考代码【数学建模老哥】\100多种数据处理与分类算法集合【数学建模老哥】\模式分类（Matlab程序）\DSLVQ.m,2026数学建模核心资料\美赛按题目题型分类常用算法代码程序包！\分类与判别类题型参考代码【数学建模老哥】\100多种数据处理与分类算法集合\模式分类（Matlab程序）\DSLVQ.m
409,INNER,keep,2026数学建模核心资料\美赛按题目题型分类常用算法代码程序包！\分类与判别类题型参考代码【数学建模老哥】\100多种数据处理与分类算法集合\模式分类（Matlab程序）\EM.m,2026数学建模核心资料\美赛按题目题型分类常用算法代码程序包！\分类与判别类题型参考代码【数学建模老哥】\100多种数据处理与分类算法集合\模式分类（Matlab程序）\EM.m
409,INNER,dup,2026数学建模核心资料\美赛按题目题型分类常用算法代码程序包！\美赛照题目分类程序包【数学建模老哥】\美赛C题常见参考代码【数学建模老哥】\100多种数据处理与分类算法集合【数学建模老哥】\模式分类（Matlab程序）\EM.m,2026数学建模核心资料\美赛按题目题型分类常用算法代码程序包！\分类与判别类题型参考代码【数学建模老哥】\100多种数据处理与分类算法集合\模式分类（Matlab程序）\EM.m
410,INNER,keep,2026数学建模核心资料\美赛按题目题型分类常用算法代码程序包！\分类与判别类题型参考代码【数学建模老哥】\100多种数据处理与分类算法集合\模式分类（Matlab程序）\enter_distributions.m,2026数学建模核心资料\美赛按题目题型分类常用算法代码程序包！\分类与判别类题型参考代码【数学建模老哥】\100多种数据处理与分类算法集合\模式分类（Matlab程序）\enter_distributions.m
410,INNER,dup,2026数学建模核心资料\美赛按题目题型分类常用算法代码程序包！\美赛照题目分类程序包【数学建模老哥】\美赛C题常见参考代码【数学建模老哥】\100多种数据处理与分类算法集合【数学建模老哥】\模式分类（Matlab程序）\enter_distributions.m,2026数学建模核心资料\美赛按题目题型分类常用算法代码程序包！\分类与判别类题型参考代码【数学建模老哥】\100多种数据处理与分类算法集合\模式分类（Matlab程序）\enter_distributions.m
411,INNER,keep,2026数学建模核心资料\美赛按题目题型分类常用算法代码程序包！\分类与判别类题型参考代码【数学建模老哥】\100多种数据处理与分类算法集合\模式分类（Matlab程序）\enter_distributions.mat,2026数学建模核心资料\美赛按题目题型分类常用算法代码程序包！\分类与判别类题型参考代码【数学建模老哥】\100多种数据处理与分类算法集合\模式分类（Matlab程序）\enter_distributions.mat
411,INNER,dup,2026数学建模核心资料\美赛按题目题型分类常用算法代码程序包！\美赛照题目分类程序包【数学建模老哥】\美赛C题常见参考代码【数学建模老哥】\100多种数据处理与分类算法集合【数学建模老哥】\模式分类（Matlab程序）\enter_distributions.mat,2026数学建模核心资料\美赛按题目题型分类常用算法代码程序包！\分类与判别类题型参考代码【数学建模老哥】\100多种数据处理与分类算法集合\模式分类（Matlab程序）\enter_distributions.mat
412,INNER,keep,2026数学建模核心资料\美赛按题目题型分类常用算法代码程序包！\分类与判别类题型参考代码【数学建模老哥】\100多种数据处理与分类算法集合\模式分类（Matlab程序）\enter_distributions_commands.m,2026数学建模核心资料\美赛按题目题型分类常用算法代码程序包！\分类与判别类题型参考代码【数学建模老哥】\100多种数据处理与分类算法集合\模式分类（Matlab程序）\enter_distributions_commands.m
412,INNER,dup,2026数学建模核心资料\美赛按题目题型分类常用算法代码程序包！\美赛照题目分类程序包【数学建模老哥】\美赛C题常见参考代码【数学建模老哥】\100多种数据处理与分类算法集合【数学建模老哥】\模式分类（Matlab程序）\enter_distributions_commands.m,2026数学建模核心资料\美赛按题目题型分类常用算法代码程序包！\分类与判别类题型参考代码【数学建模老哥】\100多种数据处理与分类算法集合\模式分类（Matlab程序）\enter_distributions_commands.m
413,INNER,keep,2026数学建模核心资料\美赛按题目题型分类常用算法代码程序包！\分类与判别类题型参考代码【数学建模老哥】\100多种数据处理与分类算法集合\模式分类（Matlab程序）\Exhaustive_Feature_Selection.m,2026数学建模核心资料\美赛按题目题型分类常用算法代码程序包！\分类与判别类题型参考代码【数学建模老哥】\100多种数据处理与分类算法集合\模式分类（Matlab程序）\Exhaustive_Feature_Selection.m
413,INNER,dup,2026数学建模核心资料\美赛按题目题型分类常用算法代码程序包！\美赛照题目分类程序包【数学建模老哥】\美赛C题常见参考代码【数学建模老哥】\100多种数据处理与分类算法集合【数学建模老哥】\模式分类（Matlab程序）\Exhaustive_Feature_Selection.m,2026数学建模核心资料\美赛按题目题型分类常用算法代码程序包！\分类与判别类题型参考代码【数学建模老哥】\100多种数据处理与分类算法集合\模式分类（Matlab程序）\Exhaustive_Feature_Selection.m
414,INNER,keep,2026数学建模核心资料\美赛按题目题型分类常用算法代码程序包！\分类与判别类题型参考代码【数学建模老哥】\100多种数据处理与分类算法集合\模式分类（Matlab程序）\feature_selection.m,2026数学建模核心资料\美赛按题目题型分类常用算法代码程序包！\分类与判别类题型参考代码【数学建模老哥】\100多种数据处理与分类算法集合\模式分类（Matlab程序）\feature_selection.m
414,INNER,dup,2026数学建模核心资料\美赛按题目题型分类常用算法代码程序包！\美赛照题目分类程序包【数学建模老哥】\美赛C题常见参考代码【数学建模老哥】\100多种数据处理与分类算法集合【数学建模老哥】\模式分类（Matlab程序）\feature_selection.m,2026数学建模核心资料\美赛按题目题型分类常用算法代码程序包！\分类与判别类题型参考代码【数学建模老哥】\100多种数据处理与分类算法集合\模式分类（Matlab程序）\feature_selection.m
415,INNER,keep,2026数学建模核心资料\美赛按题目题型分类常用算法代码程序包！\分类与判别类题型参考代码【数学建模老哥】\100多种数据处理与分类算法集合\模式分类（Matlab程序）\feature_selection.mat,2026数学建模核心资料\美赛按题目题型分类常用算法代码程序包！\分类与判别类题型参考代码【数学建模老哥】\100多种数据处理与分类算法集合\模式分类（Matlab程序）\feature_selection.mat
415,INNER,dup,2026数学建模核心资料\美赛按题目题型分类常用算法代码程序包！\美赛照题目分类程序包【数学建模老哥】\美赛C题常见参考代码【数学建模老哥】\100多种数据处理与分类算法集合【数学建模老哥】\模式分类（Matlab程序）\feature_selection.mat,2026数学建模核心资料\美赛按题目题型分类常用算法代码程序包！\分类与判别类题型参考代码【数学建模老哥】\100多种数据处理与分类算法集合\模式分类（Matlab程序）\feature_selection.mat
416,INNER,keep,2026数学建模核心资料\美赛按题目题型分类常用算法代码程序包！\分类与判别类题型参考代码【数学建模老哥】\100多种数据处理与分类算法集合\模式分类（Matlab程序）\feature_selection_commands.m,2026数学建模核心资料\美赛按题目题型分类常用算法代码程序包！\分类与判别类题型参考代码【数学建模老哥】\100多种数据处理与分类算法集合\模式分类（Matlab程序）\feature_selection_commands.m
416,INNER,dup,2026数学建模核心资料\美赛按题目题型分类常用算法代码程序包！\美赛照题目分类程序包【数学建模老哥】\美赛C题常见参考代码【数学建模老哥】\100多种数据处理与分类算法集合【数学建模老哥】\模式分类（Matlab程序）\feature_selection_commands.m,2026数学建模核心资料\美赛按题目题型分类常用算法代码程序包！\分类与判别类题型参考代码【数学建模老哥】\100多种数据处理与分类算法集合\模式分类（Matlab程序）\feature_selection_commands.m
417,INNER,keep,2026数学建模核心资料\美赛按题目题型分类常用算法代码程序包！\分类与判别类题型参考代码【数学建模老哥】\100多种数据处理与分类算法集合\模式分类（Matlab程序）\FindParameters.m,2026数学建模核心资料\美赛按题目题型分类常用算法代码程序包！\分类与判别类题型参考代码【数学建模老哥】\100多种数据处理与分类算法集合\模式分类（Matlab程序）\FindParameters.m
417,INNER,dup,2026数学建模核心资料\美赛按题目题型分类常用算法代码程序包！\美赛照题目分类程序包【数学建模老哥】\美赛C题常见参考代码【数学建模老哥】\100多种数据处理与分类算法集合【数学建模老哥】\模式分类（Matlab程序）\FindParameters.m,2026数学建模核心资料\美赛按题目题型分类常用算法代码程序包！\分类与判别类题型参考代码【数学建模老哥】\100多种数据处理与分类算法集合\模式分类（Matlab程序）\FindParameters.m
418,INNER,keep,2026数学建模核心资料\美赛按题目题型分类常用算法代码程序包！\分类与判别类题型参考代码【数学建模老哥】\100多种数据处理与分类算法集合\模式分类（Matlab程序）\FindParameters.mat,2026数学建模核心资料\美赛按题目题型分类常用算法代码程序包！\分类与判别类题型参考代码【数学建模老哥】\100多种数据处理与分类算法集合\模式分类（Matlab程序）\FindParameters.mat
418,INNER,dup,2026数学建模核心资料\美赛按题目题型分类常用算法代码程序包！\美赛照题目分类程序包【数学建模老哥】\美赛C题常见参考代码【数学建模老哥】\100多种数据处理与分类算法集合【数学建模老哥】\模式分类（Matlab程序）\FindParameters.mat,2026数学建模核心资料\美赛按题目题型分类常用算法代码程序包！\分类与判别类题型参考代码【数学建模老哥】\100多种数据处理与分类算法集合\模式分类（Matlab程序）\FindParameters.mat
419,INNER,keep,2026数学建模核心资料\美赛按题目题型分类常用算法代码程序包！\分类与判别类题型参考代码【数学建模老哥】\100多种数据处理与分类算法集合\模式分类（Matlab程序）\FindParametersFunctions.m,2026数学建模核心资料\美赛按题目题型分类常用算法代码程序包！\分类与判别类题型参考代码【数学建模老哥】\100多种数据处理与分类算法集合\模式分类（Matlab程序）\FindParametersFunctions.m
419,INNER,dup,2026数学建模核心资料\美赛按题目题型分类常用算法代码程序包！\美赛照题目分类程序包【数学建模老哥】\美赛C题常见参考代码【数学建模老哥】\100多种数据处理与分类算法集合【数学建模老哥】\模式分类（Matlab程序）\FindParametersFunctions.m,2026数学建模核心资料\美赛按题目题型分类常用算法代码程序包！\分类与判别类题型参考代码【数学建模老哥】\100多种数据处理与分类算法集合\模式分类（Matlab程序）\FindParametersFunctions.m
420,INNER,keep,2026数学建模核心资料\美赛按题目题型分类常用算法代码程序包！\分类与判别类题型参考代码【数学建模老哥】\100多种数据处理与分类算法集合\模式分类（Matlab程序）\FishersLinearDiscriminant.m,2026数学建模核心资料\美赛按题目题型分类常用算法代码程序包！\分类与判别类题型参考代码【数学建模老哥】\100多种数据处理与分类算法集合\模式分类（Matlab程序）\FishersLinearDiscriminant.m
420,INNER,dup,2026数学建模核心资料\美赛按题目题型分类常用算法代码程序包！\美赛照题目分类程序包【数学建模老哥】\美赛C题常见参考代码【数学建模老哥】\100多种数据处理与分类算法集合【数学建模老哥】\模式分类（Matlab程序）\FishersLinearDiscriminant.m,2026数学建模核心资料\美赛按题目题型分类常用算法代码程序包！\分类与判别类题型参考代码【数学建模老哥】\100多种数据处理与分类算法集合\模式分类（Matlab程序）\FishersLinearDiscriminant.m
421,INNER,keep,2026数学建模核心资料\美赛按题目题型分类常用算法代码程序包！\分类与判别类题型参考代码【数学建模老哥】\100多种数据处理与分类算法集合\模式分类（Matlab程序）\fuzzy_k_means.m,2026数学建模核心资料\美赛按题目题型分类常用算法代码程序包！\分类与判别类题型参考代码【数学建模老哥】\100多种数据处理与分类算法集合\模式分类（Matlab程序）\fuzzy_k_means.m
421,INNER,dup,2026数学建模核心资料\美赛按题目题型分类常用算法代码程序包！\美赛照题目分类程序包【数学建模老哥】\美赛C题常见参考代码【数学建模老哥】\100多种数据处理与分类算法集合【数学建模老哥】\模式分类（Matlab程序）\fuzzy_k_means.m,2026数学建模核心资料\美赛按题目题型分类常用算法代码程序包！\分类与判别类题型参考代码【数学建模老哥】\100多种数据处理与分类算法集合\模式分类（Matlab程序）\fuzzy_k_means.m
422,INNER,keep,2026数学建模核心资料\美赛按题目题型分类常用算法代码程序包！\分类与判别类题型参考代码【数学建模老哥】\100多种数据处理与分类算法集合\模式分类（Matlab程序）\GaussianParameters.m,2026数学建模核心资料\美赛按题目题型分类常用算法代码程序包！\分类与判别类题型参考代码【数学建模老哥】\100多种数据处理与分类算法集合\模式分类（Matlab程序）\GaussianParameters.m
422,INNER,dup,2026数学建模核心资料\美赛按题目题型分类常用算法代码程序包！\美赛照题目分类程序包【数学建模老哥】\美赛C题常见参考代码【数学建模老哥】\100多种数据处理与分类算法集合【数学建模老哥】\模式分类（Matlab程序）\GaussianParameters.m,2026数学建模核心资料\美赛按题目题型分类常用算法代码程序包！\分类与判别类题型参考代码【数学建模老哥】\100多种数据处理与分类算法集合\模式分类（Matlab程序）\GaussianParameters.m
423,INNER,keep,2026数学建模核心资料\美赛按题目题型分类常用算法代码程序包！\分类与判别类题型参考代码【数学建模老哥】\100多种数据处理与分类算法集合\模式分类（Matlab程序）\GaussianParameters.mat,2026数学建模核心资料\美赛按题目题型分类常用算法代码程序包！\分类与判别类题型参考代码【数学建模老哥】\100多种数据处理与分类算法集合\模式分类（Matlab程序）\GaussianParameters.mat
423,INNER,dup,2026数学建模核心资料\美赛按题目题型分类常用算法代码程序包！\美赛照题目分类程序包【数学建模老哥】\美赛C题常见参考代码【数学建模老哥】\100多种数据处理与分类算法集合【数学建模老哥】\模式分类（Matlab程序）\GaussianParameters.mat,2026数学建模核心资料\美赛按题目题型分类常用算法代码程序包！\分类与判别类题型参考代码【数学建模老哥】\100多种数据处理与分类算法集合\模式分类（Matlab程序）\GaussianParameters.mat
424,INNER,keep,2026数学建模核心资料\美赛按题目题型分类常用算法代码程序包！\分类与判别类题型参考代码【数学建模老哥】\100多种数据处理与分类算法集合\模式分类（Matlab程序）\generate_data_set.m,2026数学建模核心资料\美赛按题目题型分类常用算法代码程序包！\分类与判别类题型参考代码【数学建模老哥】\100多种数据处理与分类算法集合\模式分类（Matlab程序）\generate_data_set.m
424,INNER,dup,2026数学建模核心资料\美赛按题目题型分类常用算法代码程序包！\美赛照题目分类程序包【数学建模老哥】\美赛C题常见参考代码【数学建模老哥】\100多种数据处理与分类算法集合【数学建模老哥】\模式分类（Matlab程序）\generate_data_set.m,2026数学建模核心资料\美赛按题目题型分类常用算法代码程序包！\分类与判别类题型参考代码【数学建模老哥】\100多种数据处理与分类算法集合\模式分类（Matlab程序）\generate_data_set.m
425,INNER,keep,2026数学建模核心资料\美赛按题目题型分类常用算法代码程序包！\分类与判别类题型参考代码【数学建模老哥】\100多种数据处理与分类算法集合\模式分类（Matlab程序）\Genetic_Algorithm.m,2026数学建模核心资料\美赛按题目题型分类常用算法代码程序包！\分类与判别类题型参考代码【数学建模老哥】\100多种数据处理与分类算法集合\模式分类（Matlab程序）\Genetic_Algorithm.m
425,INNER,dup,2026数学建模核心资料\美赛按题目题型分类常用算法代码程序包！\美赛照题目分类程序包【数学建模老哥】\美赛C题常见参考代码【数学建模老哥】\100多种数据处理与分类算法集合【数学建模老哥】\模式分类（Matlab程序）\Genetic_Algorithm.m,2026数学建模核心资料\美赛按题目题型分类常用算法代码程序包！\分类与判别类题型参考代码【数学建模老哥】\100多种数据处理与分类算法集合\模式分类（Matlab程序）\Genetic_Algorithm.m
426,INNER,keep,2026数学建模核心资料\美赛按题目题型分类常用算法代码程序包！\分类与判别类题型参考代码【数学建模老哥】\100多种数据处理与分类算法集合\模式分类（Matlab程序）\Genetic_Culling.m,2026数学建模核心资料\美赛按题目题型分类常用算法代码程序包！\分类与判别类题型参考代码【数学建模老哥】\100多种数据处理与分类算法集合\模式分类（Matlab程序）\Genetic_Culling.m
426,INNER,dup,2026数学建模核心资料\美赛按题目题型分类常用算法代码程序包！\美赛照题目分类程序包【数学建模老哥】\美赛C题常见参考代码【数学建模老哥】\100多种数据处理与分类算法集合【数学建模老哥】\模式分类（Matlab程序）\Genetic_Culling.m,2026数学建模核心资料\美赛按题目题型分类常用算法代码程序包！\分类与判别类题型参考代码【数学建模老哥】\100多种数据处理与分类算法集合\模式分类（Matlab程序）\Genetic_Culling.m
427,INNER,keep,2026数学建模核心资料\美赛按题目题型分类常用算法代码程序包！\分类与判别类题型参考代码【数学建模老哥】\100多种数据处理与分类算法集合\模式分类（Matlab程序）\Genetic_Programming.m,2026数学建模核心资料\美赛按题目题型分类常用算法代码程序包！\分类与判别类题型参考代码【数学建模老哥】\100多种数据处理与分类算法集合\模式分类（Matlab程序）\Genetic_Programming.m
427,INNER,dup,2026数学建模核心资料\美赛按题目题型分类常用算法代码程序包！\美赛照题目分类程序包【数学建模老哥】\美赛C题常见参考代码【数学建模老哥】\100多种数据处理与分类算法集合【数学建模老哥】\模式分类（Matlab程序）\Genetic_Programming.m,2026数学建模核心资料\美赛按题目题型分类常用算法代码程序包！\分类与判别类题型参考代码【数学建模老哥】\100多种数据处理与分类算法集合\模式分类（Matlab程序）\Genetic_Programming.m
428,INNER,keep,2026数学建模核心资料\美赛按题目题型分类常用算法代码程序包！\分类与判别类题型参考代码【数学建模老哥】\100多种数据处理与分类算法集合\模式分类（Matlab程序）\Gibbs.m,2026数学建模核心资料\美赛按题目题型分类常用算法代码程序包！\分类与判别类题型参考代码【数学建模老哥】\100多种数据处理与分类算法集合\模式分类（Matlab程序）\Gibbs.m
428,INNER,dup,2026数学建模核心资料\美赛按题目题型分类常用算法代码程序包！\美赛照题目分类程序包【数学建模老哥】\美赛C题常见参考代码【数学建模老哥】\100多种数据处理与分类算法集合【数学建模老哥】\模式分类（Matlab程序）\Gibbs.m,2026数学建模核心资料\美赛按题目题型分类常用算法代码程序包！\分类与判别类题型参考代码【数学建模老哥】\100多种数据处理与分类算法集合\模式分类（Matlab程序）\Gibbs.m
429,INNER,keep,2026数学建模核心资料\美赛按题目题型分类常用算法代码程序包！\分类与判别类题型参考代码【数学建模老哥】\100多种数据处理与分类算法集合\模式分类（Matlab程序）\HDR.m,2026数学建模核心资料\美赛按题目题型分类常用算法代码程序包！\分类与判别类题型参考代码【数学建模老哥】\100多种数据处理与分类算法集合\模式分类（Matlab程序）\HDR.m
429,INNER,dup,2026数学建模核心资料\美赛按题目题型分类常用算法代码程序包！\美赛照题目分类程序包【数学建模老哥】\美赛C题常见参考代码【数学建模老哥】\100多种数据处理与分类算法集合【数学建模老哥】\模式分类（Matlab程序）\HDR.m,2026数学建模核心资料\美赛按题目题型分类常用算法代码程序包！\分类与判别类题型参考代码【数学建模老哥】\100多种数据处理与分类算法集合\模式分类（Matlab程序）\HDR.m
430,INNER,keep,2026数学建模核心资料\美赛按题目题型分类常用算法代码程序包！\分类与判别类题型参考代码【数学建模老哥】\100多种数据处理与分类算法集合\模式分类（Matlab程序）\high_histogram.m,2026数学建模核心资料\美赛按题目题型分类常用算法代码程序包！\分类与判别类题型参考代码【数学建模老哥】\100多种数据处理与分类算法集合\模式分类（Matlab程序）\high_histogram.m
430,INNER,dup,2026数学建模核心资料\美赛按题目题型分类常用算法代码程序包！\分类与判别类题型参考代码【数学建模老哥】\100多种数据处理与分类算法集合\模式分类（Matlab程序）\Other\high_histogram.m,2026数学建模核心资料\美赛按题目题型分类常用算法代码程序包！\分类与判别类题型参考代码【数学建模老哥】\100多种数据处理与分类算法集合\模式分类（Matlab程序）\high_histogram.m
430,INNER,dup,2026数学建模核心资料\美赛按题目题型分类常用算法代码程序包！\美赛照题目分类程序包【数学建模老哥】\美赛C题常见参考代码【数学建模老哥】\100多种数据处理与分类算法集合【数学建模老哥】\模式分类（Matlab程序）\high_histogram.m,2026数学建模核心资料\美赛按题目题型分类常用算法代码程序包！\分类与判别类题型参考代码【数学建模老哥】\100多种数据处理与分类算法集合\模式分类（Matlab程序）\high_histogram.m
431,INNER,keep,2026数学建模核心资料\美赛按题目题型分类常用算法代码程序包！\分类与判别类题型参考代码【数学建模老哥】\100多种数据处理与分类算法集合\模式分类（Matlab程序）\Ho_Kashyap.m,2026数学建模核心资料\美赛按题目题型分类常用算法代码程序包！\分类与判别类题型参考代码【数学建模老哥】\100多种数据处理与分类算法集合\模式分类（Matlab程序）\Ho_Kashyap.m
431,INNER,dup,2026数学建模核心资料\美赛按题目题型分类常用算法代码程序包！\美赛照题目分类程序包【数学建模老哥】\美赛C题常见参考代码【数学建模老哥】\100多种数据处理与分类算法集合【数学建模老哥】\模式分类（Matlab程序）\Ho_Kashyap.m,2026数学建模核心资料\美赛按题目题型分类常用算法代码程序包！\分类与判别类题型参考代码【数学建模老哥】\100多种数据处理与分类算法集合\模式分类（Matlab程序）\Ho_Kashyap.m
432,INNER,keep,2026数学建模核心资料\美赛按题目题型分类常用算法代码程序包！\分类与判别类题型参考代码【数学建模老哥】\100多种数据处理与分类算法集合\模式分类（Matlab程序）\ICA.m,2026数学建模核心资料\美赛按题目题型分类常用算法代码程序包！\分类与判别类题型参考代码【数学建模老哥】\100多种数据处理与分类算法集合\模式分类（Matlab程序）\ICA.m
432,INNER,dup,2026数学建模核心资料\美赛按题目题型分类常用算法代码程序包！\美赛照题目分类程序包【数学建模老哥】\美赛C题常见参考代码【数学建模老哥】\100多种数据处理与分类算法集合【数学建模老哥】\模式分类（Matlab程序）\ICA.m,2026数学建模核心资料\美赛按题目题型分类常用算法代码程序包！\分类与判别类题型参考代码【数学建模老哥】\100多种数据处理与分类算法集合\模式分类（Matlab程序）\ICA.m
433,INNER,keep,2026数学建模核心资料\美赛按题目题型分类常用算法代码程序包！\分类与判别类题型参考代码【数学建模老哥】\100多种数据处理与分类算法集合\模式分类（Matlab程序）\ID3.m,2026数学建模核心资料\美赛按题目题型分类常用算法代码程序包！\分类与判别类题型参考代码【数学建模老哥】\100多种数据处理与分类算法集合\模式分类（Matlab程序）\ID3.m
433,INNER,dup,2026数学建模核心资料\美赛按题目题型分类常用算法代码程序包！\美赛照题目分类程序包【数学建模老哥】\美赛C题常见参考代码【数学建模老哥】\100多种数据处理与分类算法集合【数学建模老哥】\模式分类（Matlab程序）\ID3.m,2026数学建模核心资料\美赛按题目题型分类常用算法代码程序包！\分类与判别类题型参考代码【数学建模老哥】\100多种数据处理与分类算法集合\模式分类（Matlab程序）\ID3.m
434,INNER,keep,2026数学建模核心资料\美赛按题目题型分类常用算法代码程序包！\分类与判别类题型参考代码【数学建模老哥】\100多种数据处理与分类算法集合\模式分类（Matlab程序）\Infomat.m,2026数学建模核心资料\美赛按题目题型分类常用算法代码程序包！\分类与判别类题型参考代码【数学建模老哥】\100多种数据处理与分类算法集合\模式分类（Matlab程序）\Infomat.m
434,INNER,dup,2026数学建模核心资料\美赛按题目题型分类常用算法代码程序包！\美赛照题目分类程序包【数学建模老哥】\美赛C题常见参考代码【数学建模老哥】\100多种数据处理与分类算法集合【数学建模老哥】\模式分类（Matlab程序）\Infomat.m,2026数学建模核心资料\美赛按题目题型分类常用算法代码程序包！\分类与判别类题型参考代码【数学建模老哥】\100多种数据处理与分类算法集合\模式分类（Matlab程序）\Infomat.m
435,INNER,keep,2026数学建模核心资料\美赛按题目题型分类常用算法代码程序包！\分类与判别类题型参考代码【数学建模老哥】\100多种数据处理与分类算法集合\模式分类（Matlab程序）\Information_based_selection.m,2026数学建模核心资料\美赛按题目题型分类常用算法代码程序包！\分类与判别类题型参考代码【数学建模老哥】\100多种数据处理与分类算法集合\模式分类（Matlab程序）\Information_based_selection.m
435,INNER,dup,2026数学建模核心资料\美赛按题目题型分类常用算法代码程序包！\美赛照题目分类程序包【数学建模老哥】\美赛C题常见参考代码【数学建模老哥】\100多种数据处理与分类算法集合【数学建模老哥】\模式分类（Matlab程序）\Information_based_selection.m,2026数学建模核心资料\美赛按题目题型分类常用算法代码程序包！\分类与判别类题型参考代码【数学建模老哥】\100多种数据处理与分类算法集合\模式分类（Matlab程序）\Information_based_selection.m
436,INNER,keep,2026数学建模核心资料\美赛按题目题型分类常用算法代码程序包！\分类与判别类题型参考代码【数学建模老哥】\100多种数据处理与分类算法集合\模式分类（Matlab程序）\Interactive_Learning.m,2026数学建模核心资料\美赛按题目题型分类常用算法代码程序包！\分类与判别类题型参考代码【数学建模老哥】\100多种数据处理与分类算法集合\模式分类（Matlab程序）\Interactive_Learning.m
436,INNER,dup,2026数学建模核心资料\美赛按题目题型分类常用算法代码程序包！\美赛照题目分类程序包【数学建模老哥】\美赛C题常见参考代码【数学建模老哥】\100多种数据处理与分类算法集合【数学建模老哥】\模式分类（Matlab程序）\Interactive_Learning.m,2026数学建模核心资料\美赛按题目题型分类常用算法代码程序包！\分类与判别类题型参考代码【数学建模老哥】\100多种数据处理与分类算法集合\模式分类（Matlab程序）\Interactive_Learning.m
437,INNER,keep,2026数学建模核心资料\美赛按题目题型分类常用算法代码程序包！\分类与判别类题型参考代码【数学建模老哥】\100多种数据处理与分类算法集合\模式分类（Matlab程序）\Kohonen_SOFM.m,2026数学建模核心资料\美赛按题目题型分类常用算法代码程序包！\分类与判别类题型参考代码【数学建模老哥】\100多种数据处理与分类算法集合\模式分类（Matlab程序）\Kohonen_SOFM.m
437,INNER,dup,2026数学建模核心资料\美赛按题目题型分类常用算法代码程序包！\美赛照题目分类程序包【数学建模老哥】\美赛C题常见参考代码【数学建模老哥】\100多种数据处理与分类算法集合【数学建模老哥】\模式分类（Matlab程序）\Kohonen_SOFM.m,2026数学建模核心资料\美赛按题目题型分类常用算法代码程序包！\分类与判别类题型参考代码【数学建模老哥】\100多种数据处理与分类算法集合\模式分类（Matlab程序）\Kohonen_SOFM.m
438,INNER,keep,2026数学建模核心资料\美赛按题目题型分类常用算法代码程序包！\分类与判别类题型参考代码【数学建模老哥】\100多种数据处理与分类算法集合\模式分类（Matlab程序）\k_means.m,2026数学建模核心资料\美赛按题目题型分类常用算法代码程序包！\分类与判别类题型参考代码【数学建模老哥】\100多种数据处理与分类算法集合\模式分类（Matlab程序）\k_means.m
438,INNER,dup,2026数学建模核心资料\美赛按题目题型分类常用算法代码程序包！\美赛照题目分类程序包【数学建模老哥】\美赛C题常见参考代码【数学建模老哥】\100多种数据处理与分类算法集合【数学建模老哥】\模式分类（Matlab程序）\k_means.m,2026数学建模核心资料\美赛按题目题型分类常用算法代码程序包！\分类与判别类题型参考代码【数学建模老哥】\100多种数据处理与分类算法集合\模式分类（Matlab程序）\k_means.m
439,INNER,keep,2026数学建模核心资料\美赛按题目题型分类常用算法代码程序包！\分类与判别类题型参考代码【数学建模老哥】\100多种数据处理与分类算法集合\模式分类（Matlab程序）\Leader_Follower.m,2026数学建模核心资料\美赛按题目题型分类常用算法代码程序包！\分类与判别类题型参考代码【数学建模老哥】\100多种数据处理与分类算法集合\模式分类（Matlab程序）\Leader_Follower.m
439,INNER,dup,2026数学建模核心资料\美赛按题目题型分类常用算法代码程序包！\美赛照题目分类程序包【数学建模老哥】\美赛C题常见参考代码【数学建模老哥】\100多种数据处理与分类算法集合【数学建模老哥】\模式分类（Matlab程序）\Leader_Follower.m,2026数学建模核心资料\美赛按题目题型分类常用算法代码程序包！\分类与判别类题型参考代码【数学建模老哥】\100多种数据处理与分类算法集合\模式分类（Matlab程序）\Leader_Follower.m
440,INNER,keep,2026数学建模核心资料\美赛按题目题型分类常用算法代码程序包！\分类与判别类题型参考代码【数学建模老哥】\100多种数据处理与分类算法集合\模式分类（Matlab程序）\LMS.m,2026数学建模核心资料\美赛按题目题型分类常用算法代码程序包！\分类与判别类题型参考代码【数学建模老哥】\100多种数据处理与分类算法集合\模式分类（Matlab程序）\LMS.m
440,INNER,dup,2026数学建模核心资料\美赛按题目题型分类常用算法代码程序包！\美赛照题目分类程序包【数学建模老哥】\美赛C题常见参考代码【数学建模老哥】\100多种数据处理与分类算法集合【数学建模老哥】\模式分类（Matlab程序）\LMS.m,2026数学建模核心资料\美赛按题目题型分类常用算法代码程序包！\分类与判别类题型参考代码【数学建模老哥】\100多种数据处理与分类算法集合\模式分类（Matlab程序）\LMS.m
441,INNER,keep,2026数学建模核心资料\美赛按题目题型分类常用算法代码程序包！\分类与判别类题型参考代码【数学建模老哥】\100多种数据处理与分类算法集合\模式分类（Matlab程序）\load_file.m,2026数学建模核心资料\美赛按题目题型分类常用算法代码程序包！\分类与判别类题型参考代码【数学建模老哥】\100多种数据处理与分类算法集合\模式分类（Matlab程序）\load_file.m
441,INNER,dup,2026数学建模核心资料\美赛按题目题型分类常用算法代码程序包！\美赛照题目分类程序包【数学建模老哥】\美赛C题常见参考代码【数学建模老哥】\100多种数据处理与分类算法集合【数学建模老哥】\模式分类（Matlab程序）\load_file.m,2026数学建模核心资料\美赛按题目题型分类常用算法代码程序包！\分类与判别类题型参考代码【数学建模老哥】\100多种数据处理与分类算法集合\模式分类（Matlab程序）\load_file.m
442,INNER,keep,2026数学建模核心资料\美赛按题目题型分类常用算法代码程序包！\分类与判别类题型参考代码【数学建模老哥】\100多种数据处理与分类算法集合\模式分类（Matlab程序）\Local_Polynomial.m,2026数学建模核心资料\美赛按题目题型分类常用算法代码程序包！\分类与判别类题型参考代码【数学建模老哥】\100多种数据处理与分类算法集合\模式分类（Matlab程序）\Local_Polynomial.m
442,INNER,dup,2026数学建模核心资料\美赛按题目题型分类常用算法代码程序包！\美赛照题目分类程序包【数学建模老哥】\美赛C题常见参考代码【数学建模老哥】\100多种数据处理与分类算法集合【数学建模老哥】\模式分类（Matlab程序）\Local_Polynomial.m,2026数学建模核心资料\美赛按题目题型分类常用算法代码程序包！\分类与判别类题型参考代码【数学建模老哥】\100多种数据处理与分类算法集合\模式分类（Matlab程序）\Local_Polynomial.m
443,INNER,keep,2026数学建模核心资料\美赛按题目题型分类常用算法代码程序包！\分类与判别类题型参考代码【数学建模老哥】\100多种数据处理与分类算法集合\模式分类（Matlab程序）\LocBoost.m,2026数学建模核心资料\美赛按题目题型分类常用算法代码程序包！\分类与判别类题型参考代码【数学建模老哥】\100多种数据处理与分类算法集合\模式分类（Matlab程序）\LocBoost.m
443,INNER,dup,2026数学建模核心资料\美赛按题目题型分类常用算法代码程序包！\美赛照题目分类程序包【数学建模老哥】\美赛C题常见参考代码【数学建模老哥】\100多种数据处理与分类算法集合【数学建模老哥】\模式分类（Matlab程序）\LocBoost.m,2026数学建模核心资料\美赛按题目题型分类常用算法代码程序包！\分类与判别类题型参考代码【数学建模老哥】\100多种数据处理与分类算法集合\模式分类（Matlab程序）\LocBoost.m
444,INNER,keep,2026数学建模核心资料\美赛按题目题型分类常用算法代码程序包！\分类与判别类题型参考代码【数学建模老哥】\100多种数据处理与分类算法集合\模式分类（Matlab程序）\LocBoostFunctions.m,2026数学建模核心资料\美赛按题目题型分类常用算法代码程序包！\分类与判别类题型参考代码【数学建模老哥】\100多种数据处理与分类算法集合\模式分类（Matlab程序）\LocBoostFunctions.m
444,INNER,dup,2026数学建模核心资料\美赛按题目题型分类常用算法代码程序包！\美赛照题目分类程序包【数学建模老哥】\美赛C题常见参考代码【数学建模老哥】\100多种数据处理与分类算法集合【数学建模老哥】\模式分类（Matlab程序）\LocBoostFunctions.m,2026数学建模核心资料\美赛按题目题型分类常用算法代码程序包！\分类与判别类题型参考代码【数学建模老哥】\100多种数据处理与分类算法集合\模式分类（Matlab程序）\LocBoostFunctions.m
445,INNER,keep,2026数学建模核心资料\美赛按题目题型分类常用算法代码程序包！\分类与判别类题型参考代码【数学建模老哥】\100多种数据处理与分类算法集合\模式分类（Matlab程序）\loglikelihood.m,2026数学建模核心资料\美赛按题目题型分类常用算法代码程序包！\分类与判别类题型参考代码【数学建模老哥】\100多种数据处理与分类算法集合\模式分类（Matlab程序）\loglikelihood.m
445,INNER,dup,2026数学建模核心资料\美赛按题目题型分类常用算法代码程序包！\美赛照题目分类程序包【数学建模老哥】\美赛C题常见参考代码【数学建模老哥】\100多种数据处理与分类算法集合【数学建模老哥】\模式分类（Matlab程序）\loglikelihood.m,2026数学建模核心资料\美赛按题目题型分类常用算法代码程序包！\分类与判别类题型参考代码【数学建模老哥】\100多种数据处理与分类算法集合\模式分类（Matlab程序）\loglikelihood.m
446,INNER,keep,2026数学建模核心资料\美赛按题目题型分类常用算法代码程序包！\分类与判别类题型参考代码【数学建模老哥】\100多种数据处理与分类算法集合\模式分类（Matlab程序）\LS.m,2026数学建模核心资料\美赛按题目题型分类常用算法代码程序包！\分类与判别类题型参考代码【数学建模老哥】\100多种数据处理与分类算法集合\模式分类（Matlab程序）\LS.m
446,INNER,dup,2026数学建模核心资料\美赛按题目题型分类常用算法代码程序包！\美赛照题目分类程序包【数学建模老哥】\美赛C题常见参考代码【数学建模老哥】\100多种数据处理与分类算法集合【数学建模老哥】\模式分类（Matlab程序）\LS.m,2026数学建模核心资料\美赛按题目题型分类常用算法代码程序包！\分类与判别类题型参考代码【数学建模老哥】\100多种数据处理与分类算法集合\模式分类（Matlab程序）\LS.m
447,INNER,keep,2026数学建模核心资料\美赛按题目题型分类常用算法代码程序包！\分类与判别类题型参考代码【数学建模老哥】\100多种数据处理与分类算法集合\模式分类（Matlab程序）\LVQ1.m,2026数学建模核心资料\美赛按题目题型分类常用算法代码程序包！\分类与判别类题型参考代码【数学建模老哥】\100多种数据处理与分类算法集合\模式分类（Matlab程序）\LVQ1.m
447,INNER,dup,2026数学建模核心资料\美赛按题目题型分类常用算法代码程序包！\美赛照题目分类程序包【数学建模老哥】\美赛C题常见参考代码【数学建模老哥】\100多种数据处理与分类算法集合【数学建模老哥】\模式分类（Matlab程序）\LVQ1.m,2026数学建模核心资料\美赛按题目题型分类常用算法代码程序包！\分类与判别类题型参考代码【数学建模老哥】\100多种数据处理与分类算法集合\模式分类（Matlab程序）\LVQ1.m
448,INNER,keep,2026数学建模核心资料\美赛按题目题型分类常用算法代码程序包！\分类与判别类题型参考代码【数学建模老哥】\100多种数据处理与分类算法集合\模式分类（Matlab程序）\LVQ3.m,2026数学建模核心资料\美赛按题目题型分类常用算法代码程序包！\分类与判别类题型参考代码【数学建模老哥】\100多种数据处理与分类算法集合\模式分类（Matlab程序）\LVQ3.m
448,INNER,dup,2026数学建模核心资料\美赛按题目题型分类常用算法代码程序包！\美赛照题目分类程序包【数学建模老哥】\美赛C题常见参考代码【数学建模老哥】\100多种数据处理与分类算法集合【数学建模老哥】\模式分类（Matlab程序）\LVQ3.m,2026数学建模核心资料\美赛按题目题型分类常用算法代码程序包！\分类与判别类题型参考代码【数学建模老哥】\100多种数据处理与分类算法集合\模式分类（Matlab程序）\LVQ3.m
449,INNER,keep,2026数学建模核心资料\美赛按题目题型分类常用算法代码程序包！\分类与判别类题型参考代码【数学建模老哥】\100多种数据处理与分类算法集合\模式分类（Matlab程序）\make_a_draw.m,2026数学建模核心资料\美赛按题目题型分类常用算法代码程序包！\分类与判别类题型参考代码【数学建模老哥】\100多种数据处理与分类算法集合\模式分类（Matlab程序）\make_a_draw.m
449,INNER,dup,2026数学建模核心资料\美赛按题目题型分类常用算法代码程序包！\美赛照题目分类程序包【数学建模老哥】\美赛C题常见参考代码【数学建模老哥】\100多种数据处理与分类算法集合【数学建模老哥】\模式分类（Matlab程序）\make_a_draw.m,2026数学建模核心资料\美赛按题目题型分类常用算法代码程序包！\分类与判别类题型参考代码【数学建模老哥】\100多种数据处理与分类算法集合\模式分类（Matlab程序）\make_a_draw.m
450,INNER,keep,2026数学建模核心资料\美赛按题目题型分类常用算法代码程序包！\分类与判别类题型参考代码【数学建模老哥】\100多种数据处理与分类算法集合\模式分类（Matlab程序）\Marginalization.m,2026数学建模核心资料\美赛按题目题型分类常用算法代码程序包！\分类与判别类题型参考代码【数学建模老哥】\100多种数据处理与分类算法集合\模式分类（Matlab程序）\Marginalization.m
450,INNER,dup,2026数学建模核心资料\美赛按题目题型分类常用算法代码程序包！\美赛照题目分类程序包【数学建模老哥】\美赛C题常见参考代码【数学建模老哥】\100多种数据处理与分类算法集合【数学建模老哥】\模式分类（Matlab程序）\Marginalization.m,2026数学建模核心资料\美赛按题目题型分类常用算法代码程序包！\分类与判别类题型参考代码【数学建模老哥】\100多种数据处理与分类算法集合\模式分类（Matlab程序）\Marginalization.m
451,INNER,keep,2026数学建模核心资料\美赛按题目题型分类常用算法代码程序包！\分类与判别类题型参考代码【数学建模老哥】\100多种数据处理与分类算法集合\模式分类（Matlab程序）\MDS.m,2026数学建模核心资料\美赛按题目题型分类常用算法代码程序包！\分类与判别类题型参考代码【数学建模老哥】\100多种数据处理与分类算法集合\模式分类（Matlab程序）\MDS.m
451,INNER,dup,2026数学建模核心资料\美赛按题目题型分类常用算法代码程序包！\美赛照题目分类程序包【数学建模老哥】\美赛C题常见参考代码【数学建模老哥】\100多种数据处理与分类算法集合【数学建模老哥】\模式分类（Matlab程序）\MDS.m,2026数学建模核心资料\美赛按题目题型分类常用算法代码程序包！\分类与判别类题型参考代码【数学建模老哥】\100多种数据处理与分类算法集合\模式分类（Matlab程序）\MDS.m
452,INNER,keep,2026数学建模核心资料\美赛按题目题型分类常用算法代码程序包！\分类与判别类题型参考代码【数学建模老哥】\100多种数据处理与分类算法集合\模式分类（Matlab程序）\Minimum_Cost.m,2026数学建模核心资料\美赛按题目题型分类常用算法代码程序包！\分类与判别类题型参考代码【数学建模老哥】\100多种数据处理与分类算法集合\模式分类（Matlab程序）\Minimum_Cost.m
452,INNER,dup,2026数学建模核心资料\美赛按题目题型分类常用算法代码程序包！\美赛照题目分类程序包【数学建模老哥】\美赛C题常见参考代码【数学建模老哥】\100多种数据处理与分类算法集合【数学建模老哥】\模式分类（Matlab程序）\Minimum_Cost.m,2026数学建模核心资料\美赛按题目题型分类常用算法代码程序包！\分类与判别类题型参考代码【数学建模老哥】\100多种数据处理与分类算法集合\模式分类（Matlab程序）\Minimum_Cost.m
453,INNER,keep,2026数学建模核心资料\美赛按题目题型分类常用算法代码程序包！\分类与判别类题型参考代码【数学建模老哥】\100多种数据处理与分类算法集合\模式分类（Matlab程序）\min_spanning_tree.m,2026数学建模核心资料\美赛按题目题型分类常用算法代码程序包！\分类与判别类题型参考代码【数学建模老哥】\100多种数据处理与分类算法集合\模式分类（Matlab程序）\min_spanning_tree.m
453,INNER,dup,2026数学建模核心资料\美赛按题目题型分类常用算法代码程序包！\美赛照题目分类程序包【数学建模老哥】\美赛C题常见参考代码【数学建模老哥】\100多种数据处理与分类算法集合【数学建模老哥】\模式分类（Matlab程序）\min_spanning_tree.m,2026数学建模核心资料\美赛按题目题型分类常用算法代码程序包！\分类与判别类题型参考代码【数学建模老哥】\100多种数据处理与分类算法集合\模式分类（Matlab程序）\min_spanning_tree.m
454,INNER,keep,2026数学建模核心资料\美赛按题目题型分类常用算法代码程序包！\分类与判别类题型参考代码【数学建模老哥】\100多种数据处理与分类算法集合\模式分类（Matlab程序）\ML.m,2026数学建模核心资料\美赛按题目题型分类常用算法代码程序包！\分类与判别类题型参考代码【数学建模老哥】\100多种数据处理与分类算法集合\模式分类（Matlab程序）\ML.m
454,INNER,dup,2026数学建模核心资料\美赛按题目题型分类常用算法代码程序包！\美赛照题目分类程序包【数学建模老哥】\美赛C题常见参考代码【数学建模老哥】\100多种数据处理与分类算法集合【数学建模老哥】\模式分类（Matlab程序）\ML.m,2026数学建模核心资料\美赛按题目题型分类常用算法代码程序包！\分类与判别类题型参考代码【数学建模老哥】\100多种数据处理与分类算法集合\模式分类（Matlab程序）\ML.m
455,INNER,keep,2026数学建模核心资料\美赛按题目题型分类常用算法代码程序包！\分类与判别类题型参考代码【数学建模老哥】\100多种数据处理与分类算法集合\模式分类（Matlab程序）\ML_diag.m,2026数学建模核心资料\美赛按题目题型分类常用算法代码程序包！\分类与判别类题型参考代码【数学建模老哥】\100多种数据处理与分类算法集合\模式分类（Matlab程序）\ML_diag.m
455,INNER,dup,2026数学建模核心资料\美赛按题目题型分类常用算法代码程序包！\美赛照题目分类程序包【数学建模老哥】\美赛C题常见参考代码【数学建模老哥】\100多种数据处理与分类算法集合【数学建模老哥】\模式分类（Matlab程序）\ML_diag.m,2026数学建模核心资料\美赛按题目题型分类常用算法代码程序包！\分类与判别类题型参考代码【数学建模老哥】\100多种数据处理与分类算法集合\模式分类（Matlab程序）\ML_diag.m
456,INNER,keep,2026数学建模核心资料\美赛按题目题型分类常用算法代码程序包！\分类与判别类题型参考代码【数学建模老哥】\100多种数据处理与分类算法集合\模式分类（Matlab程序）\ML_II.m,2026数学建模核心资料\美赛按题目题型分类常用算法代码程序包！\分类与判别类题型参考代码【数学建模老哥】\100多种数据处理与分类算法集合\模式分类（Matlab程序）\ML_II.m
456,INNER,dup,2026数学建模核心资料\美赛按题目题型分类常用算法代码程序包！\美赛照题目分类程序包【数学建模老哥】\美赛C题常见参考代码【数学建模老哥】\100多种数据处理与分类算法集合【数学建模老哥】\模式分类（Matlab程序）\ML_II.m,2026数学建模核心资料\美赛按题目题型分类常用算法代码程序包！\分类与判别类题型参考代码【数学建模老哥】\100多种数据处理与分类算法集合\模式分类（Matlab程序）\ML_II.m
457,INNER,keep,2026数学建模核心资料\美赛按题目题型分类常用算法代码程序包！\分类与判别类题型参考代码【数学建模老哥】\100多种数据处理与分类算法集合\模式分类（Matlab程序）\multialgorithms.m,2026数学建模核心资料\美赛按题目题型分类常用算法代码程序包！\分类与判别类题型参考代码【数学建模老哥】\100多种数据处理与分类算法集合\模式分类（Matlab程序）\multialgorithms.m
457,INNER,dup,2026数学建模核心资料\美赛按题目题型分类常用算法代码程序包！\美赛照题目分类程序包【数学建模老哥】\美赛C题常见参考代码【数学建模老哥】\100多种数据处理与分类算法集合【数学建模老哥】\模式分类（Matlab程序）\multialgorithms.m,2026数学建模核心资料\美赛按题目题型分类常用算法代码程序包！\分类与判别类题型参考代码【数学建模老哥】\100多种数据处理与分类算法集合\模式分类（Matlab程序）\multialgorithms.m
458,INNER,keep,2026数学建模核心资料\美赛按题目题型分类常用算法代码程序包！\分类与判别类题型参考代码【数学建模老哥】\100多种数据处理与分类算法集合\模式分类（Matlab程序）\multialgorithms.mat,2026数学建模核心资料\美赛按题目题型分类常用算法代码程序包！\分类与判别类题型参考代码【数学建模老哥】\100多种数据处理与分类算法集合\模式分类（Matlab程序）\multialgorithms.mat
458,INNER,dup,2026数学建模核心资料\美赛按题目题型分类常用算法代码程序包！\美赛照题目分类程序包【数学建模老哥】\美赛C题常见参考代码【数学建模老哥】\100多种数据处理与分类算法集合【数学建模老哥】\模式分类（Matlab程序）\multialgorithms.mat,2026数学建模核心资料\美赛按题目题型分类常用算法代码程序包！\分类与判别类题型参考代码【数学建模老哥】\100多种数据处理与分类算法集合\模式分类（Matlab程序）\multialgorithms.mat
459,INNER,keep,2026数学建模核心资料\美赛按题目题型分类常用算法代码程序包！\分类与判别类题型参考代码【数学建模老哥】\100多种数据处理与分类算法集合\模式分类（Matlab程序）\multialgorithms_commands.m,2026数学建模核心资料\美赛按题目题型分类常用算法代码程序包！\分类与判别类题型参考代码【数学建模老哥】\100多种数据处理与分类算法集合\模式分类（Matlab程序）\multialgorithms_commands.m
459,INNER,dup,2026数学建模核心资料\美赛按题目题型分类常用算法代码程序包！\美赛照题目分类程序包【数学建模老哥】\美赛C题常见参考代码【数学建模老哥】\100多种数据处理与分类算法集合【数学建模老哥】\模式分类（Matlab程序）\multialgorithms_commands.m,2026数学建模核心资料\美赛按题目题型分类常用算法代码程序包！\分类与判别类题型参考代码【数学建模老哥】\100多种数据处理与分类算法集合\模式分类（Matlab程序）\multialgorithms_commands.m
460,INNER,keep,2026数学建模核心资料\美赛按题目题型分类常用算法代码程序包！\分类与判别类题型参考代码【数学建模老哥】\100多种数据处理与分类算法集合\模式分类（Matlab程序）\MultipleDiscriminantAnalysis.m,2026数学建模核心资料\美赛按题目题型分类常用算法代码程序包！\分类与判别类题型参考代码【数学建模老哥】\100多种数据处理与分类算法集合\模式分类（Matlab程序）\MultipleDiscriminantAnalysis.m
460,INNER,dup,2026数学建模核心资料\美赛按题目题型分类常用算法代码程序包！\美赛照题目分类程序包【数学建模老哥】\美赛C题常见参考代码【数学建模老哥】\100多种数据处理与分类算法集合【数学建模老哥】\模式分类（Matlab程序）\MultipleDiscriminantAnalysis.m,2026数学建模核心资料\美赛按题目题型分类常用算法代码程序包！\分类与判别类题型参考代码【数学建模老哥】\100多种数据处理与分类算法集合\模式分类（Matlab程序）\MultipleDiscriminantAnalysis.m
461,INNER,keep,2026数学建模核心资料\美赛按题目题型分类常用算法代码程序包！\分类与判别类题型参考代码【数学建模老哥】\100多种数据处理与分类算法集合\模式分类（Matlab程序）\Multivariate_Splines.m,2026数学建模核心资料\美赛按题目题型分类常用算法代码程序包！\分类与判别类题型参考代码【数学建模老哥】\100多种数据处理与分类算法集合\模式分类（Matlab程序）\Multivariate_Splines.m
461,INNER,dup,2026数学建模核心资料\美赛按题目题型分类常用算法代码程序包！\美赛照题目分类程序包【数学建模老哥】\美赛C题常见参考代码【数学建模老哥】\100多种数据处理与分类算法集合【数学建模老哥】\模式分类（Matlab程序）\Multivariate_Splines.m,2026数学建模核心资料\美赛按题目题型分类常用算法代码程序包！\分类与判别类题型参考代码【数学建模老哥】\100多种数据处理与分类算法集合\模式分类（Matlab程序）\Multivariate_Splines.m
462,INNER,keep,2026数学建模核心资料\美赛按题目题型分类常用算法代码程序包！\分类与判别类题型参考代码【数学建模老哥】\100多种数据处理与分类算法集合\模式分类（Matlab程序）\NDDF.m,2026数学建模核心资料\美赛按题目题型分类常用算法代码程序包！\分类与判别类题型参考代码【数学建模老哥】\100多种数据处理与分类算法集合\模式分类（Matlab程序）\NDDF.m
462,INNER,dup,2026数学建模核心资料\美赛按题目题型分类常用算法代码程序包！\美赛照题目分类程序包【数学建模老哥】\美赛C题常见参考代码【数学建模老哥】\100多种数据处理与分类算法集合【数学建模老哥】\模式分类（Matlab程序）\NDDF.m,2026数学建模核心资料\美赛按题目题型分类常用算法代码程序包！\分类与判别类题型参考代码【数学建模老哥】\100多种数据处理与分类算法集合\模式分类（Matlab程序）\NDDF.m
463,INNER,keep,2026数学建模核心资料\美赛按题目题型分类常用算法代码程序包！\分类与判别类题型参考代码【数学建模老哥】\100多种数据处理与分类算法集合\模式分类（Matlab程序）\NearestNeighborEditing.m,2026数学建模核心资料\美赛按题目题型分类常用算法代码程序包！\分类与判别类题型参考代码【数学建模老哥】\100多种数据处理与分类算法集合\模式分类（Matlab程序）\NearestNeighborEditing.m
463,INNER,dup,2026数学建模核心资料\美赛按题目题型分类常用算法代码程序包！\美赛照题目分类程序包【数学建模老哥】\美赛C题常见参考代码【数学建模老哥】\100多种数据处理与分类算法集合【数学建模老哥】\模式分类（Matlab程序）\NearestNeighborEditing.m,2026数学建模核心资料\美赛按题目题型分类常用算法代码程序包！\分类与判别类题型参考代码【数学建模老哥】\100多种数据处理与分类算法集合\模式分类（Matlab程序）\NearestNeighborEditing.m
464,INNER,keep,2026数学建模核心资料\美赛按题目题型分类常用算法代码程序包！\分类与判别类题型参考代码【数学建模老哥】\100多种数据处理与分类算法集合\模式分类（Matlab程序）\Nearest_Neighbor.m,2026数学建模核心资料\美赛按题目题型分类常用算法代码程序包！\分类与判别类题型参考代码【数学建模老哥】\100多种数据处理与分类算法集合\模式分类（Matlab程序）\Nearest_Neighbor.m
464,INNER,dup,2026数学建模核心资料\美赛按题目题型分类常用算法代码程序包！\美赛照题目分类程序包【数学建模老哥】\美赛C题常见参考代码【数学建模老哥】\100多种数据处理与分类算法集合【数学建模老哥】\模式分类（Matlab程序）\Nearest_Neighbor.m,2026数学建模核心资料\美赛按题目题型分类常用算法代码程序包！\分类与判别类题型参考代码【数学建模老哥】\100多种数据处理与分类算法集合\模式分类（Matlab程序）\Nearest_Neighbor.m
465,INNER,keep,2026数学建模核心资料\美赛按题目题型分类常用算法代码程序包！\分类与判别类题型参考代码【数学建模老哥】\100多种数据处理与分类算法集合\模式分类（Matlab程序）\NLCA.m,2026数学建模核心资料\美赛按题目题型分类常用算法代码程序包！\分类与判别类题型参考代码【数学建模老哥】\100多种数据处理与分类算法集合\模式分类（Matlab程序）\NLCA.m
465,INNER,dup,2026数学建模核心资料\美赛按题目题型分类常用算法代码程序包！\美赛照题目分类程序包【数学建模老哥】\美赛C题常见参考代码【数学建模老哥】\100多种数据处理与分类算法集合【数学建模老哥】\模式分类（Matlab程序）\NLCA.m,2026数学建模核心资料\美赛按题目题型分类常用算法代码程序包！\分类与判别类题型参考代码【数学建模老哥】\100多种数据处理与分类算法集合\模式分类（Matlab程序）\NLCA.m
466,INNER,keep,2026数学建模核心资料\美赛按题目题型分类常用算法代码程序包！\分类与判别类题型参考代码【数学建模老哥】\100多种数据处理与分类算法集合\模式分类（Matlab程序）\None.m,2026数学建模核心资料\美赛按题目题型分类常用算法代码程序包！\分类与判别类题型参考代码【数学建模老哥】\100多种数据处理与分类算法集合\模式分类（Matlab程序）\None.m
466,INNER,dup,2026数学建模核心资料\美赛按题目题型分类常用算法代码程序包！\美赛照题目分类程序包【数学建模老哥】\美赛C题常见参考代码【数学建模老哥】\100多种数据处理与分类算法集合【数学建模老哥】\模式分类（Matlab程序）\None.m,2026数学建模核心资料\美赛按题目题型分类常用算法代码程序包！\分类与判别类题型参考代码【数学建模老哥】\100多种数据处理与分类算法集合\模式分类（Matlab程序）\None.m
467,INNER,keep,2026数学建模核心资料\美赛按题目题型分类常用算法代码程序包！\分类与判别类题型参考代码【数学建模老哥】\100多种数据处理与分类算法集合\模式分类（Matlab程序）\Optimal_Brain_Surgeon.m,2026数学建模核心资料\美赛按题目题型分类常用算法代码程序包！\分类与判别类题型参考代码【数学建模老哥】\100多种数据处理与分类算法集合\模式分类（Matlab程序）\Optimal_Brain_Surgeon.m
467,INNER,dup,2026数学建模核心资料\美赛按题目题型分类常用算法代码程序包！\美赛照题目分类程序包【数学建模老哥】\美赛C题常见参考代码【数学建模老哥】\100多种数据处理与分类算法集合【数学建模老哥】\模式分类（Matlab程序）\Optimal_Brain_Surgeon.m,2026数学建模核心资料\美赛按题目题型分类常用算法代码程序包！\分类与判别类题型参考代码【数学建模老哥】\100多种数据处理与分类算法集合\模式分类（Matlab程序）\Optimal_Brain_Surgeon.m
468,INNER,keep,2026数学建模核心资料\美赛按题目题型分类常用算法代码程序包！\分类与判别类题型参考代码【数学建模老哥】\100多种数据处理与分类算法集合\模式分类（Matlab程序）\Parzen.m,2026数学建模核心资料\美赛按题目题型分类常用算法代码程序包！\分类与判别类题型参考代码【数学建模老哥】\100多种数据处理与分类算法集合\模式分类（Matlab程序）\Parzen.m
468,INNER,dup,2026数学建模核心资料\美赛按题目题型分类常用算法代码程序包！\美赛照题目分类程序包【数学建模老哥】\美赛C题常见参考代码【数学建模老哥】\100多种数据处理与分类算法集合【数学建模老哥】\模式分类（Matlab程序）\Parzen.m,2026数学建模核心资料\美赛按题目题型分类常用算法代码程序包！\分类与判别类题型参考代码【数学建模老哥】\100多种数据处理与分类算法集合\模式分类（Matlab程序）\Parzen.m
469,INNER,keep,2026数学建模核心资料\美赛按题目题型分类常用算法代码程序包！\分类与判别类题型参考代码【数学建模老哥】\100多种数据处理与分类算法集合\模式分类（Matlab程序）\PCA.m,2026数学建模核心资料\美赛按题目题型分类常用算法代码程序包！\分类与判别类题型参考代码【数学建模老哥】\100多种数据处理与分类算法集合\模式分类（Matlab程序）\PCA.m
469,INNER,dup,2026数学建模核心资料\美赛按题目题型分类常用算法代码程序包！\美赛照题目分类程序包【数学建模老哥】\美赛C题常见参考代码【数学建模老哥】\100多种数据处理与分类算法集合【数学建模老哥】\模式分类（Matlab程序）\PCA.m,2026数学建模核心资料\美赛按题目题型分类常用算法代码程序包！\分类与判别类题型参考代码【数学建模老哥】\100多种数据处理与分类算法集合\模式分类（Matlab程序）\PCA.m
470,INNER,keep,2026数学建模核心资料\美赛按题目题型分类常用算法代码程序包！\分类与判别类题型参考代码【数学建模老哥】\100多种数据处理与分类算法集合\模式分类（Matlab程序）\Perceptron.m,2026数学建模核心资料\美赛按题目题型分类常用算法代码程序包！\分类与判别类题型参考代码【数学建模老哥】\100多种数据处理与分类算法集合\模式分类（Matlab程序）\Perceptron.m
470,INNER,dup,2026数学建模核心资料\美赛按题目题型分类常用算法代码程序包！\美赛照题目分类程序包【数学建模老哥】\美赛C题常见参考代码【数学建模老哥】\100多种数据处理与分类算法集合【数学建模老哥】\模式分类（Matlab程序）\Perceptron.m,2026数学建模核心资料\美赛按题目题型分类常用算法代码程序包！\分类与判别类题型参考代码【数学建模老哥】\100多种数据处理与分类算法集合\模式分类（Matlab程序）\Perceptron.m
471,INNER,keep,2026数学建模核心资料\美赛按题目题型分类常用算法代码程序包！\分类与判别类题型参考代码【数学建模老哥】\100多种数据处理与分类算法集合\模式分类（Matlab程序）\Perceptron_Batch.m,2026数学建模核心资料\美赛按题目题型分类常用算法代码程序包！\分类与判别类题型参考代码【数学建模老哥】\100多种数据处理与分类算法集合\模式分类（Matlab程序）\Perceptron_Batch.m
471,INNER,dup,2026数学建模核心资料\美赛按题目题型分类常用算法代码程序包！\美赛照题目分类程序包【数学建模老哥】\美赛C题常见参考代码【数学建模老哥】\100多种数据处理与分类算法集合【数学建模老哥】\模式分类（Matlab程序）\Perceptron_Batch.m,2026数学建模核心资料\美赛按题目题型分类常用算法代码程序包！\分类与判别类题型参考代码【数学建模老哥】\100多种数据处理与分类算法集合\模式分类（Matlab程序）\Perceptron_Batch.m
472,INNER,keep,2026数学建模核心资料\美赛按题目题型分类常用算法代码程序包！\分类与判别类题型参考代码【数学建模老哥】\100多种数据处理与分类算法集合\模式分类（Matlab程序）\Perceptron_BVI.m,2026数学建模核心资料\美赛按题目题型分类常用算法代码程序包！\分类与判别类题型参考代码【数学建模老哥】\100多种数据处理与分类算法集合\模式分类（Matlab程序）\Perceptron_BVI.m
472,INNER,dup,2026数学建模核心资料\美赛按题目题型分类常用算法代码程序包！\美赛照题目分类程序包【数学建模老哥】\美赛C题常见参考代码【数学建模老哥】\100多种数据处理与分类算法集合【数学建模老哥】\模式分类（Matlab程序）\Perceptron_BVI.m,2026数学建模核心资料\美赛按题目题型分类常用算法代码程序包！\分类与判别类题型参考代码【数学建模老哥】\100多种数据处理与分类算法集合\模式分类（Matlab程序）\Perceptron_BVI.m
473,INNER,keep,2026数学建模核心资料\美赛按题目题型分类常用算法代码程序包！\分类与判别类题型参考代码【数学建模老哥】\100多种数据处理与分类算法集合\模式分类（Matlab程序）\Perceptron_FM.m,2026数学建模核心资料\美赛按题目题型分类常用算法代码程序包！\分类与判别类题型参考代码【数学建模老哥】\100多种数据处理与分类算法集合\模式分类（Matlab程序）\Perceptron_FM.m
473,INNER,dup,2026数学建模核心资料\美赛按题目题型分类常用算法代码程序包！\美赛照题目分类程序包【数学建模老哥】\美赛C题常见参考代码【数学建模老哥】\100多种数据处理与分类算法集合【数学建模老哥】\模式分类（Matlab程序）\Perceptron_FM.m,2026数学建模核心资料\美赛按题目题型分类常用算法代码程序包！\分类与判别类题型参考代码【数学建模老哥】\100多种数据处理与分类算法集合\模式分类（Matlab程序）\Perceptron_FM.m
474,INNER,keep,2026数学建模核心资料\美赛按题目题型分类常用算法代码程序包！\分类与判别类题型参考代码【数学建模老哥】\100多种数据处理与分类算法集合\模式分类（Matlab程序）\Perceptron_VIM.m,2026数学建模核心资料\美赛按题目题型分类常用算法代码程序包！\分类与判别类题型参考代码【数学建模老哥】\100多种数据处理与分类算法集合\模式分类（Matlab程序）\Perceptron_VIM.m
474,INNER,dup,2026数学建模核心资料\美赛按题目题型分类常用算法代码程序包！\美赛照题目分类程序包【数学建模老哥】\美赛C题常见参考代码【数学建模老哥】\100多种数据处理与分类算法集合【数学建模老哥】\模式分类（Matlab程序）\Perceptron_VIM.m,2026数学建模核心资料\美赛按题目题型分类常用算法代码程序包！\分类与判别类题型参考代码【数学建模老哥】\100多种数据处理与分类算法集合\模式分类（Matlab程序）\Perceptron_VIM.m
475,INNER,keep,2026数学建模核心资料\美赛按题目题型分类常用算法代码程序包！\分类与判别类题型参考代码【数学建模老哥】\100多种数据处理与分类算法集合\模式分类（Matlab程序）\Perceptron_Voted.m,2026数学建模核心资料\美赛按题目题型分类常用算法代码程序包！\分类与判别类题型参考代码【数学建模老哥】\100多种数据处理与分类算法集合\模式分类（Matlab程序）\Perceptron_Voted.m
475,INNER,dup,2026数学建模核心资料\美赛按题目题型分类常用算法代码程序包！\美赛照题目分类程序包【数学建模老哥】\美赛C题常见参考代码【数学建模老哥】\100多种数据处理与分类算法集合【数学建模老哥】\模式分类（Matlab程序）\Perceptron_Voted.m,2026数学建模核心资料\美赛按题目题型分类常用算法代码程序包！\分类与判别类题型参考代码【数学建模老哥】\100多种数据处理与分类算法集合\模式分类（Matlab程序）\Perceptron_Voted.m
476,INNER,keep,2026数学建模核心资料\美赛按题目题型分类常用算法代码程序包！\分类与判别类题型参考代码【数学建模老哥】\100多种数据处理与分类算法集合\模式分类（Matlab程序）\plot_process.m,2026数学建模核心资料\美赛按题目题型分类常用算法代码程序包！\分类与判别类题型参考代码【数学建模老哥】\100多种数据处理与分类算法集合\模式分类（Matlab程序）\plot_process.m
476,INNER,dup,2026数学建模核心资料\美赛按题目题型分类常用算法代码程序包！\美赛照题目分类程序包【数学建模老哥】\美赛C题常见参考代码【数学建模老哥】\100多种数据处理与分类算法集合【数学建模老哥】\模式分类（Matlab程序）\plot_process.m,2026数学建模核心资料\美赛按题目题型分类常用算法代码程序包！\分类与判别类题型参考代码【数学建模老哥】\100多种数据处理与分类算法集合\模式分类（Matlab程序）\plot_process.m
477,INNER,keep,2026数学建模核心资料\美赛按题目题型分类常用算法代码程序包！\分类与判别类题型参考代码【数学建模老哥】\100多种数据处理与分类算法集合\模式分类（Matlab程序）\plot_scatter.m,2026数学建模核心资料\美赛按题目题型分类常用算法代码程序包！\分类与判别类题型参考代码【数学建模老哥】\100多种数据处理与分类算法集合\模式分类（Matlab程序）\plot_scatter.m
477,INNER,dup,2026数学建模核心资料\美赛按题目题型分类常用算法代码程序包！\美赛照题目分类程序包【数学建模老哥】\美赛C题常见参考代码【数学建模老哥】\100多种数据处理与分类算法集合【数学建模老哥】\模式分类（Matlab程序）\plot_scatter.m,2026数学建模核心资料\美赛按题目题型分类常用算法代码程序包！\分类与判别类题型参考代码【数学建模老哥】\100多种数据处理与分类算法集合\模式分类（Matlab程序）\plot_scatter.m
478,INNER,keep,2026数学建模核心资料\美赛按题目题型分类常用算法代码程序包！\分类与判别类题型参考代码【数学建模老哥】\100多种数据处理与分类算法集合\模式分类（Matlab程序）\PNN.m,2026数学建模核心资料\美赛按题目题型分类常用算法代码程序包！\分类与判别类题型参考代码【数学建模老哥】\100多种数据处理与分类算法集合\模式分类（Matlab程序）\PNN.m
478,INNER,dup,2026数学建模核心资料\美赛按题目题型分类常用算法代码程序包！\美赛照题目分类程序包【数学建模老哥】\美赛C题常见参考代码【数学建模老哥】\100多种数据处理与分类算法集合【数学建模老哥】\模式分类（Matlab程序）\PNN.m,2026数学建模核心资料\美赛按题目题型分类常用算法代码程序包！\分类与判别类题型参考代码【数学建模老哥】\100多种数据处理与分类算法集合\模式分类（Matlab程序）\PNN.m
479,INNER,keep,2026数学建模核心资料\美赛按题目题型分类常用算法代码程序包！\分类与判别类题型参考代码【数学建模老哥】\100多种数据处理与分类算法集合\模式分类（Matlab程序）\Pocket.m,2026数学建模核心资料\美赛按题目题型分类常用算法代码程序包！\分类与判别类题型参考代码【数学建模老哥】\100多种数据处理与分类算法集合\模式分类（Matlab程序）\Pocket.m
479,INNER,dup,2026数学建模核心资料\美赛按题目题型分类常用算法代码程序包！\美赛照题目分类程序包【数学建模老哥】\美赛C题常见参考代码【数学建模老哥】\100多种数据处理与分类算法集合【数学建模老哥】\模式分类（Matlab程序）\Pocket.m,2026数学建模核心资料\美赛按题目题型分类常用算法代码程序包！\分类与判别类题型参考代码【数学建模老哥】\100多种数据处理与分类算法集合\模式分类（Matlab程序）\Pocket.m
480,INNER,keep,2026数学建模核心资料\美赛按题目题型分类常用算法代码程序包！\分类与判别类题型参考代码【数学建模老哥】\100多种数据处理与分类算法集合\模式分类（Matlab程序）\predict_performance.m,2026数学建模核心资料\美赛按题目题型分类常用算法代码程序包！\分类与判别类题型参考代码【数学建模老哥】\100多种数据处理与分类算法集合\模式分类（Matlab程序）\predict_performance.m
480,INNER,dup,2026数学建模核心资料\美赛按题目题型分类常用算法代码程序包！\美赛照题目分类程序包【数学建模老哥】\美赛C题常见参考代码【数学建模老哥】\100多种数据处理与分类算法集合【数学建模老哥】\模式分类（Matlab程序）\predict_performance.m,2026数学建模核心资料\美赛按题目题型分类常用算法代码程序包！\分类与判别类题型参考代码【数学建模老哥】\100多种数据处理与分类算法集合\模式分类（Matlab程序）\predict_performance.m
481,INNER,keep,2026数学建模核心资料\美赛按题目题型分类常用算法代码程序包！\分类与判别类题型参考代码【数学建模老哥】\100多种数据处理与分类算法集合\模式分类（Matlab程序）\process_params.m,2026数学建模核心资料\美赛按题目题型分类常用算法代码程序包！\分类与判别类题型参考代码【数学建模老哥】\100多种数据处理与分类算法集合\模式分类（Matlab程序）\process_params.m
481,INNER,dup,2026数学建模核心资料\美赛按题目题型分类常用算法代码程序包！\美赛照题目分类程序包【数学建模老哥】\美赛C题常见参考代码【数学建模老哥】\100多种数据处理与分类算法集合【数学建模老哥】\模式分类（Matlab程序）\process_params.m,2026数学建模核心资料\美赛按题目题型分类常用算法代码程序包！\分类与判别类题型参考代码【数学建模老哥】\100多种数据处理与分类算法集合\模式分类（Matlab程序）\process_params.m
482,INNER,keep,2026数学建模核心资料\美赛按题目题型分类常用算法代码程序包！\分类与判别类题型参考代码【数学建模老哥】\100多种数据处理与分类算法集合\模式分类（Matlab程序）\Projection_Pursuit.m,2026数学建模核心资料\美赛按题目题型分类常用算法代码程序包！\分类与判别类题型参考代码【数学建模老哥】\100多种数据处理与分类算法集合\模式分类（Matlab程序）\Projection_Pursuit.m
482,INNER,dup,2026数学建模核心资料\美赛按题目题型分类常用算法代码程序包！\美赛照题目分类程序包【数学建模老哥】\美赛C题常见参考代码【数学建模老哥】\100多种数据处理与分类算法集合【数学建模老哥】\模式分类（Matlab程序）\Projection_Pursuit.m,2026数学建模核心资料\美赛按题目题型分类常用算法代码程序包！\分类与判别类题型参考代码【数学建模老哥】\100多种数据处理与分类算法集合\模式分类（Matlab程序）\Projection_Pursuit.m
483,INNER,keep,2026数学建模核心资料\美赛按题目题型分类常用算法代码程序包！\分类与判别类题型参考代码【数学建模老哥】\100多种数据处理与分类算法集合\模式分类（Matlab程序）\RBF_Network.m,2026数学建模核心资料\美赛按题目题型分类常用算法代码程序包！\分类与判别类题型参考代码【数学建模老哥】\100多种数据处理与分类算法集合\模式分类（Matlab程序）\RBF_Network.m
483,INNER,dup,2026数学建模核心资料\美赛按题目题型分类常用算法代码程序包！\美赛照题目分类程序包【数学建模老哥】\美赛C题常见参考代码【数学建模老哥】\100多种数据处理与分类算法集合【数学建模老哥】\模式分类（Matlab程序）\RBF_Network.m,2026数学建模核心资料\美赛按题目题型分类常用算法代码程序包！\分类与判别类题型参考代码【数学建模老哥】\100多种数据处理与分类算法集合\模式分类（Matlab程序）\RBF_Network.m
484,INNER,keep,2026数学建模核心资料\美赛按题目题型分类常用算法代码程序包！\分类与判别类题型参考代码【数学建模老哥】\100多种数据处理与分类算法集合\模式分类（Matlab程序）\RCE.m,2026数学建模核心资料\美赛按题目题型分类常用算法代码程序包！\分类与判别类题型参考代码【数学建模老哥】\100多种数据处理与分类算法集合\模式分类（Matlab程序）\RCE.m
484,INNER,dup,2026数学建模核心资料\美赛按题目题型分类常用算法代码程序包！\美赛照题目分类程序包【数学建模老哥】\美赛C题常见参考代码【数学建模老哥】\100多种数据处理与分类算法集合【数学建模老哥】\模式分类（Matlab程序）\RCE.m,2026数学建模核心资料\美赛按题目题型分类常用算法代码程序包！\分类与判别类题型参考代码【数学建模老哥】\100多种数据处理与分类算法集合\模式分类（Matlab程序）\RCE.m
485,INNER,keep,2026数学建模核心资料\美赛按题目题型分类常用算法代码程序包！\分类与判别类题型参考代码【数学建模老哥】\100多种数据处理与分类算法集合\模式分类（Matlab程序）\RDA.m,2026数学建模核心资料\美赛按题目题型分类常用算法代码程序包！\分类与判别类题型参考代码【数学建模老哥】\100多种数据处理与分类算法集合\模式分类（Matlab程序）\RDA.m
485,INNER,dup,2026数学建模核心资料\美赛按题目题型分类常用算法代码程序包！\美赛照题目分类程序包【数学建模老哥】\美赛C题常见参考代码【数学建模老哥】\100多种数据处理与分类算法集合【数学建模老哥】\模式分类（Matlab程序）\RDA.m,2026数学建模核心资料\美赛按题目题型分类常用算法代码程序包！\分类与判别类题型参考代码【数学建模老哥】\100多种数据处理与分类算法集合\模式分类（Matlab程序）\RDA.m
486,INNER,keep,2026数学建模核心资料\美赛按题目题型分类常用算法代码程序包！\分类与判别类题型参考代码【数学建模老哥】\100多种数据处理与分类算法集合\模式分类（Matlab程序）\read_algorithms.m,2026数学建模核心资料\美赛按题目题型分类常用算法代码程序包！\分类与判别类题型参考代码【数学建模老哥】\100多种数据处理与分类算法集合\模式分类（Matlab程序）\read_algorithms.m
486,INNER,dup,2026数学建模核心资料\美赛按题目题型分类常用算法代码程序包！\美赛照题目分类程序包【数学建模老哥】\美赛C题常见参考代码【数学建模老哥】\100多种数据处理与分类算法集合【数学建模老哥】\模式分类（Matlab程序）\read_algorithms.m,2026数学建模核心资料\美赛按题目题型分类常用算法代码程序包！\分类与判别类题型参考代码【数学建模老哥】\100多种数据处理与分类算法集合\模式分类（Matlab程序）\read_algorithms.m
487,INNER,keep,2026数学建模核心资料\美赛按题目题型分类常用算法代码程序包！\分类与判别类题型参考代码【数学建模老哥】\100多种数据处理与分类算法集合\模式分类（Matlab程序）\Relaxation_BM.m,2026数学建模核心资料\美赛按题目题型分类常用算法代码程序包！\分类与判别类题型参考代码【数学建模老哥】\100多种数据处理与分类算法集合\模式分类（Matlab程序）\Relaxation_BM.m
487,INNER,dup,2026数学建模核心资料\美赛按题目题型分类常用算法代码程序包！\美赛照题目分类程序包【数学建模老哥】\美赛C题常见参考代码【数学建模老哥】\100多种数据处理与分类算法集合【数学建模老哥】\模式分类（Matlab程序）\Relaxation_BM.m,2026数学建模核心资料\美赛按题目题型分类常用算法代码程序包！\分类与判别类题型参考代码【数学建模老哥】\100多种数据处理与分类算法集合\模式分类（Matlab程序）\Relaxation_BM.m
488,INNER,keep,2026数学建模核心资料\美赛按题目题型分类常用算法代码程序包！\分类与判别类题型参考代码【数学建模老哥】\100多种数据处理与分类算法集合\模式分类（Matlab程序）\Relaxation_SSM.m,2026数学建模核心资料\美赛按题目题型分类常用算法代码程序包！\分类与判别类题型参考代码【数学建模老哥】\100多种数据处理与分类算法集合\模式分类（Matlab程序）\Relaxation_SSM.m
488,INNER,dup,2026数学建模核心资料\美赛按题目题型分类常用算法代码程序包！\美赛照题目分类程序包【数学建模老哥】\美赛C题常见参考代码【数学建模老哥】\100多种数据处理与分类算法集合【数学建模老哥】\模式分类（Matlab程序）\Relaxation_SSM.m,2026数学建模核心资料\美赛按题目题型分类常用算法代码程序包！\分类与判别类题型参考代码【数学建模老哥】\100多种数据处理与分类算法集合\模式分类（Matlab程序）\Relaxation_SSM.m
489,INNER,keep,2026数学建模核心资料\美赛按题目题型分类常用算法代码程序包！\分类与判别类题型参考代码【数学建模老哥】\100多种数据处理与分类算法集合\模式分类（Matlab程序）\Scaling_transform.m,2026数学建模核心资料\美赛按题目题型分类常用算法代码程序包！\分类与判别类题型参考代码【数学建模老哥】\100多种数据处理与分类算法集合\模式分类（Matlab程序）\Scaling_transform.m
489,INNER,dup,2026数学建模核心资料\美赛按题目题型分类常用算法代码程序包！\美赛照题目分类程序包【数学建模老哥】\美赛C题常见参考代码【数学建模老哥】\100多种数据处理与分类算法集合【数学建模老哥】\模式分类（Matlab程序）\Scaling_transform.m,2026数学建模核心资料\美赛按题目题型分类常用算法代码程序包！\分类与判别类题型参考代码【数学建模老哥】\100多种数据处理与分类算法集合\模式分类（Matlab程序）\Scaling_transform.m
490,INNER,keep,2026数学建模核心资料\美赛按题目题型分类常用算法代码程序包！\分类与判别类题型参考代码【数学建模老哥】\100多种数据处理与分类算法集合\模式分类（Matlab程序）\Sequential_Feature_Selection.m,2026数学建模核心资料\美赛按题目题型分类常用算法代码程序包！\分类与判别类题型参考代码【数学建模老哥】\100多种数据处理与分类算法集合\模式分类（Matlab程序）\Sequential_Feature_Selection.m
490,INNER,dup,2026数学建模核心资料\美赛按题目题型分类常用算法代码程序包！\美赛照题目分类程序包【数学建模老哥】\美赛C题常见参考代码【数学建模老哥】\100多种数据处理与分类算法集合【数学建模老哥】\模式分类（Matlab程序）\Sequential_Feature_Selection.m,2026数学建模核心资料\美赛按题目题型分类常用算法代码程序包！\分类与判别类题型参考代码【数学建模老哥】\100多种数据处理与分类算法集合\模式分类（Matlab程序）\Sequential_Feature_Selection.m
491,INNER,keep,2026数学建模核心资料\美赛按题目题型分类常用算法代码程序包！\分类与判别类题型参考代码【数学建模老哥】\K-近邻法分类代码\KNN.m,2026数学建模核心资料\美赛按题目题型分类常用算法代码程序包！\分类与判别类题型参考代码【数学建模老哥】\K-近邻法分类代码\KNN.m
491,INNER,dup,2026数学建模核心资料\美赛按题目题型分类常用算法代码程序包！\美赛照题目分类程序包【数学建模老哥】\美赛E题常见参考代码【数学建模老哥】\K-近邻法分类代码【数学建模老哥】\KNN.m,2026数学建模核心资料\美赛按题目题型分类常用算法代码程序包！\分类与判别类题型参考代码【数学建模老哥】\K-近邻法分类代码\KNN.m
492,INNER,keep,2026数学建模核心资料\美赛按题目题型分类常用算法代码程序包！\分类与判别类题型参考代码【数学建模老哥】\RQA对离散时间序列进行递归图分析\递归分析(matlab)\install.m,2026数学建模核心资料\美赛按题目题型分类常用算法代码程序包！\分类与判别类题型参考代码【数学建模老哥】\RQA对离散时间序列进行递归图分析\递归分析(matlab)\install.m
492,INNER,dup,2026数学建模核心资料\美赛按题目题型分类常用算法代码程序包！\美赛照题目分类程序包【数学建模老哥】\美赛B题常见参考代码【数学建模老哥】\RQA对离散时间序列进行递归图分析【数学建模老哥】\递归分析(matlab)\install.m,2026数学建模核心资料\美赛按题目题型分类常用算法代码程序包！\分类与判别类题型参考代码【数学建模老哥】\RQA对离散时间序列进行递归图分析\递归分析(matlab)\install.m
492,INNER,dup,2026数学建模核心资料\美赛按题目题型分类常用算法代码程序包！\美赛照题目分类程序包【数学建模老哥】\美赛C题常见参考代码【数学建模老哥】\RQA对离散时间序列进行递归图分析【数学建模老哥】\递归分析(matlab)\install.m,2026数学建模核心资料\美赛按题目题型分类常用算法代码程序包！\分类与判别类题型参考代码【数学建模老哥】\RQA对离散时间序列进行递归图分析\递归分析(matlab)\install.m
493,INNER,keep,2026数学建模核心资料\美赛按题目题型分类常用算法代码程序包！\分类与判别类题型参考代码【数学建模老哥】\二叉决策树分类代码\decisionTree.m,2026数学建模核心资料\美赛按题目题型分类常用算法代码程序包！\分类与判别类题型参考代码【数学建模老哥】\二叉决策树分类代码\decisionTree.m
493,INNER,dup,2026数学建模核心资料\美赛按题目题型分类常用算法代码程序包！\美赛照题目分类程序包【数学建模老哥】\美赛E题常见参考代码【数学建模老哥】\二叉决策树分类代码【数学建模老哥】\decisionTree.m,2026数学建模核心资料\美赛按题目题型分类常用算法代码程序包！\分类与判别类题型参考代码【数学建模老哥】\二叉决策树分类代码\decisionTree.m
494,INNER,keep,2026数学建模核心资料\美赛按题目题型分类常用算法代码程序包！\分类与判别类题型参考代码【数学建模老哥】\基于Fisher算法的分类程序\Fisher.m,2026数学建模核心资料\美赛按题目题型分类常用算法代码程序包！\分类与判别类题型参考代码【数学建模老哥】\基于Fisher算法的分类程序\Fisher.m
494,INNER,dup,2026数学建模核心资料\美赛按题目题型分类常用算法代码程序包！\美赛照题目分类程序包【数学建模老哥】\美赛E题常见参考代码【数学建模老哥】\基于Fisher算法的分类程序【数学建模老哥】\Fisher.m,2026数学建模核心资料\美赛按题目题型分类常用算法代码程序包！\分类与判别类题型参考代码【数学建模老哥】\基于Fisher算法的分类程序\Fisher.m
495,INNER,keep,2026数学建模核心资料\美赛按题目题型分类常用算法代码程序包！\分类与判别类题型参考代码【数学建模老哥】\基于LVQ神经网络的乳腺肿瘤诊断分类代码\chapter21_bp.m,2026数学建模核心资料\美赛按题目题型分类常用算法代码程序包！\分类与判别类题型参考代码【数学建模老哥】\基于LVQ神经网络的乳腺肿瘤诊断分类代码\chapter21_bp.m
495,INNER,dup,2026数学建模核心资料\美赛按题目题型分类常用算法代码程序包！\美赛照题目分类程序包【数学建模老哥】\美赛E题常见参考代码【数学建模老哥】\基于LVQ神经网络的乳腺肿瘤诊断分类代码【数学建模老哥】\chapter21_bp.m,2026数学建模核心资料\美赛按题目题型分类常用算法代码程序包！\分类与判别类题型参考代码【数学建模老哥】\基于LVQ神经网络的乳腺肿瘤诊断分类代码\chapter21_bp.m
496,INNER,keep,2026数学建模核心资料\美赛按题目题型分类常用算法代码程序包！\分类与判别类题型参考代码【数学建模老哥】\基于LVQ神经网络的乳腺肿瘤诊断分类代码\chapter21_lvq.m,2026数学建模核心资料\美赛按题目题型分类常用算法代码程序包！\分类与判别类题型参考代码【数学建模老哥】\基于LVQ神经网络的乳腺肿瘤诊断分类代码\chapter21_lvq.m
496,INNER,dup,2026数学建模核心资料\美赛按题目题型分类常用算法代码程序包！\美赛照题目分类程序包【数学建模老哥】\美赛E题常见参考代码【数学建模老哥】\基于LVQ神经网络的乳腺肿瘤诊断分类代码【数学建模老哥】\chapter21_lvq.m,2026数学建模核心资料\美赛按题目题型分类常用算法代码程序包！\分类与判别类题型参考代码【数学建模老哥】\基于LVQ神经网络的乳腺肿瘤诊断分类代码\chapter21_lvq.m
497,INNER,keep,2026数学建模核心资料\美赛按题目题型分类常用算法代码程序包！\分类与判别类题型参考代码【数学建模老哥】\基于LVQ神经网络的乳腺肿瘤诊断分类代码\crossvalidation_lvq.m,2026数学建模核心资料\美赛按题目题型分类常用算法代码程序包！\分类与判别类题型参考代码【数学建模老哥】\基于LVQ神经网络的乳腺肿瘤诊断分类代码\crossvalidation_lvq.m
497,INNER,dup,2026数学建模核心资料\美赛按题目题型分类常用算法代码程序包！\美赛照题目分类程序包【数学建模老哥】\美赛E题常见参考代码【数学建模老哥】\基于LVQ神经网络的乳腺肿瘤诊断分类代码【数学建模老哥】\crossvalidation_lvq.m,2026数学建模核心资料\美赛按题目题型分类常用算法代码程序包！\分类与判别类题型参考代码【数学建模老哥】\基于LVQ神经网络的乳腺肿瘤诊断分类代码\crossvalidation_lvq.m
498,INNER,keep,2026数学建模核心资料\美赛按题目题型分类常用算法代码程序包！\分类与判别类题型参考代码【数学建模老哥】\基于LVQ神经网络的乳腺肿瘤诊断分类代码\data.mat,2026数学建模核心资料\美赛按题目题型分类常用算法代码程序包！\分类与判别类题型参考代码【数学建模老哥】\基于LVQ神经网络的乳腺肿瘤诊断分类代码\data.mat
498,INNER,dup,2026数学建模核心资料\美赛按题目题型分类常用算法代码程序包！\美赛照题目分类程序包【数学建模老哥】\美赛E题常见参考代码【数学建模老哥】\基于LVQ神经网络的乳腺肿瘤诊断分类代码【数学建模老哥】\data.mat,2026数学建模核心资料\美赛按题目题型分类常用算法代码程序包！\分类与判别类题型参考代码【数学建模老哥】\基于LVQ神经网络的乳腺肿瘤诊断分类代码\data.mat
499,INNER,keep,2026数学建模核心资料\美赛按题目题型分类常用算法代码程序包！\分类与判别类题型参考代码【数学建模老哥】\基于SVM神经网络的葡萄酒种类识别代码\chapter12.m,2026数学建模核心资料\美赛按题目题型分类常用算法代码程序包！\分类与判别类题型参考代码【数学建模老哥】\基于SVM神经网络的葡萄酒种类识别代码\chapter12.m
499,INNER,dup,2026数学建模核心资料\美赛按题目题型分类常用算法代码程序包！\美赛照题目分类程序包【数学建模老哥】\美赛E题常见参考代码【数学建模老哥】\基于SVM神经网络的葡萄酒种类识别代码【数学建模老哥】\chapter12.m,2026数学建模核心资料\美赛按题目题型分类常用算法代码程序包！\分类与判别类题型参考代码【数学建模老哥】\基于SVM神经网络的葡萄酒种类识别代码\chapter12.m
500,INNER,keep,2026数学建模核心资料\美赛按题目题型分类常用算法代码程序包！\分类与判别类题型参考代码【数学建模老哥】\基于SVM神经网络的葡萄酒种类识别代码\chapter12_wine.mat,2026数学建模核心资料\美赛按题目题型分类常用算法代码程序包！\分类与判别类题型参考代码【数学建模老哥】\基于SVM神经网络的葡萄酒种类识别代码\chapter12_wine.mat
500,INNER,dup,2026数学建模核心资料\美赛按题目题型分类常用算法代码程序包！\美赛照题目分类程序包【数学建模老哥】\美赛E题常见参考代码【数学建模老哥】\基于SVM神经网络的葡萄酒种类识别代码【数学建模老哥】\chapter12_wine.mat,2026数学建模核心资料\美赛按题目题型分类常用算法代码程序包！\分类与判别类题型参考代码【数学建模老哥】\基于SVM神经网络的葡萄酒种类识别代码\chapter12_wine.mat
501,INNER,keep,2026数学建模核心资料\美赛按题目题型分类常用算法代码程序包！\分类与判别类题型参考代码【数学建模老哥】\基于模糊神经网络的嘉陵江水质评价代码\data1.mat,2026数学建模核心资料\美赛按题目题型分类常用算法代码程序包！\分类与判别类题型参考代码【数学建模老哥】\基于模糊神经网络的嘉陵江水质评价代码\data1.mat
501,INNER,dup,2026数学建模核心资料\美赛按题目题型分类常用算法代码程序包！\美赛照题目分类程序包【数学建模老哥】\美赛E题常见参考代码【数学建模老哥】\基于模糊神经网络的嘉陵江水质评价代码【数学建模老哥】\data1.mat,2026数学建模核心资料\美赛按题目题型分类常用算法代码程序包！\分类与判别类题型参考代码【数学建模老哥】\基于模糊神经网络的嘉陵江水质评价代码\data1.mat
501,INNER,dup,2026数学建模核心资料\美赛按题目题型分类常用算法代码程序包！\评价与决策类题型参考代码【数学建模老哥】\基于模糊神经网络的嘉陵江水质评价代码\data1.mat,2026数学建模核心资料\美赛按题目题型分类常用算法代码程序包！\分类与判别类题型参考代码【数学建模老哥】\基于模糊神经网络的嘉陵江水质评价代码\data1.mat
502,INNER,keep,2026数学建模核心资料\美赛按题目题型分类常用算法代码程序包！\分类与判别类题型参考代码【数学建模老哥】\基于模糊神经网络的嘉陵江水质评价代码\data2.mat,2026数学建模核心资料\美赛按题目题型分类常用算法代码程序包！\分类与判别类题型参考代码【数学建模老哥】\基于模糊神经网络的嘉陵江水质评价代码\data2.mat
502,INNER,dup,2026数学建模核心资料\美赛按题目题型分类常用算法代码程序包！\美赛照题目分类程序包【数学建模老哥】\美赛E题常见参考代码【数学建模老哥】\基于模糊神经网络的嘉陵江水质评价代码【数学建模老哥】\data2.mat,2026数学建模核心资料\美赛按题目题型分类常用算法代码程序包！\分类与判别类题型参考代码【数学建模老哥】\基于模糊神经网络的嘉陵江水质评价代码\data2.mat
502,INNER,dup,2026数学建模核心资料\美赛按题目题型分类常用算法代码程序包！\评价与决策类题型参考代码【数学建模老哥】\基于模糊神经网络的嘉陵江水质评价代码\data2.mat,2026数学建模核心资料\美赛按题目题型分类常用算法代码程序包！\分类与判别类题型参考代码【数学建模老哥】\基于模糊神经网络的嘉陵江水质评价代码\data2.mat
503,INNER,keep,2026数学建模核心资料\美赛按题目题型分类常用算法代码程序包！\分类与判别类题型参考代码【数学建模老哥】\基于模糊神经网络的嘉陵江水质评价代码\FuzzyNet.m,2026数学建模核心资料\美赛按题目题型分类常用算法代码程序包！\分类与判别类题型参考代码【数学建模老哥】\基于模糊神经网络的嘉陵江水质评价代码\FuzzyNet.m
503,INNER,dup,2026数学建模核心资料\美赛按题目题型分类常用算法代码程序包！\美赛照题目分类程序包【数学建模老哥】\美赛E题常见参考代码【数学建模老哥】\基于模糊神经网络的嘉陵江水质评价代码【数学建模老哥】\FuzzyNet.m,2026数学建模核心资料\美赛按题目题型分类常用算法代码程序包！\分类与判别类题型参考代码【数学建模老哥】\基于模糊神经网络的嘉陵江水质评价代码\FuzzyNet.m
503,INNER,dup,2026数学建模核心资料\美赛按题目题型分类常用算法代码程序包！\评价与决策类题型参考代码【数学建模老哥】\基于模糊神经网络的嘉陵江水质评价代码\FuzzyNet.m,2026数学建模核心资料\美赛按题目题型分类常用算法代码程序包！\分类与判别类题型参考代码【数学建模老哥】\基于模糊神经网络的嘉陵江水质评价代码\FuzzyNet.m
504,INNER,keep,2026数学建模核心资料\美赛按题目题型分类常用算法代码程序包！\分类与判别类题型参考代码【数学建模老哥】\快速近邻法分类程序\Condensing.m,2026数学建模核心资料\美赛按题目题型分类常用算法代码程序包！\分类与判别类题型参考代码【数学建模老哥】\快速近邻法分类程序\Condensing.m
504,INNER,dup,2026数学建模核心资料\美赛按题目题型分类常用算法代码程序包！\美赛照题目分类程序包【数学建模老哥】\美赛E题常见参考代码【数学建模老哥】\快速近邻法分类程序【数学建模老哥】\Condensing.m,2026数学建模核心资料\美赛按题目题型分类常用算法代码程序包！\分类与判别类题型参考代码【数学建模老哥】\快速近邻法分类程序\Condensing.m
505,INNER,keep,2026数学建模核心资料\美赛按题目题型分类常用算法代码程序包！\分类与判别类题型参考代码【数学建模老哥】\快速近邻法分类程序\FastNN.m,2026数学建模核心资料\美赛按题目题型分类常用算法代码程序包！\分类与判别类题型参考代码【数学建模老哥】\快速近邻法分类程序\FastNN.m
505,INNER,dup,2026数学建模核心资料\美赛按题目题型分类常用算法代码程序包！\美赛照题目分类程序包【数学建模老哥】\美赛E题常见参考代码【数学建模老哥】\快速近邻法分类程序【数学建模老哥】\FastNN.m,2026数学建模核心资料\美赛按题目题型分类常用算法代码程序包！\分类与判别类题型参考代码【数学建模老哥】\快速近邻法分类程序\FastNN.m
506,INNER,keep,2026数学建模核心资料\美赛按题目题型分类常用算法代码程序包！\分类与判别类题型参考代码【数学建模老哥】\离散Hopfield神经网络的联想记忆数字识别代码\chapter9.m,2026数学建模核心资料\美赛按题目题型分类常用算法代码程序包！\分类与判别类题型参考代码【数学建模老哥】\离散Hopfield神经网络的联想记忆数字识别代码\chapter9.m
506,INNER,dup,2026数学建模核心资料\美赛按题目题型分类常用算法代码程序包！\美赛照题目分类程序包【数学建模老哥】\美赛E题常见参考代码【数学建模老哥】\离散Hopfield神经网络的联想记忆数字识别代码【数学建模老哥】\chapter9.m,2026数学建模核心资料\美赛按题目题型分类常用算法代码程序包！\分类与判别类题型参考代码【数学建模老哥】\离散Hopfield神经网络的联想记忆数字识别代码\chapter9.m
507,INNER,keep,2026数学建模核心资料\美赛按题目题型分类常用算法代码程序包！\分类与判别类题型参考代码【数学建模老哥】\离散Hopfield神经网络的联想记忆数字识别代码\data0.mat,2026数学建模核心资料\美赛按题目题型分类常用算法代码程序包！\分类与判别类题型参考代码【数学建模老哥】\离散Hopfield神经网络的联想记忆数字识别代码\data0.mat
507,INNER,dup,2026数学建模核心资料\美赛按题目题型分类常用算法代码程序包！\美赛照题目分类程序包【数学建模老哥】\美赛E题常见参考代码【数学建模老哥】\离散Hopfield神经网络的联想记忆数字识别代码【数学建模老哥】\data0.mat,2026数学建模核心资料\美赛按题目题型分类常用算法代码程序包！\分类与判别类题型参考代码【数学建模老哥】\离散Hopfield神经网络的联想记忆数字识别代码\data0.mat
508,INNER,keep,2026数学建模核心资料\美赛按题目题型分类常用算法代码程序包！\分类与判别类题型参考代码【数学建模老哥】\离散Hopfield神经网络的联想记忆数字识别代码\data1.mat,2026数学建模核心资料\美赛按题目题型分类常用算法代码程序包！\分类与判别类题型参考代码【数学建模老哥】\离散Hopfield神经网络的联想记忆数字识别代码\data1.mat
508,INNER,dup,2026数学建模核心资料\美赛按题目题型分类常用算法代码程序包！\美赛照题目分类程序包【数学建模老哥】\美赛E题常见参考代码【数学建模老哥】\离散Hopfield神经网络的联想记忆数字识别代码【数学建模老哥】\data1.mat,2026数学建模核心资料\美赛按题目题型分类常用算法代码程序包！\分类与判别类题型参考代码【数学建模老哥】\离散Hopfield神经网络的联想记忆数字识别代码\data1.mat
509,INNER,keep,2026数学建模核心资料\美赛按题目题型分类常用算法代码程序包！\分类与判别类题型参考代码【数学建模老哥】\离散Hopfield神经网络的联想记忆数字识别代码\data1_noisy.mat,2026数学建模核心资料\美赛按题目题型分类常用算法代码程序包！\分类与判别类题型参考代码【数学建模老哥】\离散Hopfield神经网络的联想记忆数字识别代码\data1_noisy.mat
509,INNER,dup,2026数学建模核心资料\美赛按题目题型分类常用算法代码程序包！\美赛照题目分类程序包【数学建模老哥】\美赛E题常见参考代码【数学建模老哥】\离散Hopfield神经网络的联想记忆数字识别代码【数学建模老哥】\data1_noisy.mat,2026数学建模核心资料\美赛按题目题型分类常用算法代码程序包！\分类与判别类题型参考代码【数学建模老哥】\离散Hopfield神经网络的联想记忆数字识别代码\data1_noisy.mat
510,INNER,keep,2026数学建模核心资料\美赛按题目题型分类常用算法代码程序包！\分类与判别类题型参考代码【数学建模老哥】\离散Hopfield神经网络的联想记忆数字识别代码\data2.mat,2026数学建模核心资料\美赛按题目题型分类常用算法代码程序包！\分类与判别类题型参考代码【数学建模老哥】\离散Hopfield神经网络的联想记忆数字识别代码\data2.mat
510,INNER,dup,2026数学建模核心资料\美赛按题目题型分类常用算法代码程序包！\美赛照题目分类程序包【数学建模老哥】\美赛E题常见参考代码【数学建模老哥】\离散Hopfield神经网络的联想记忆数字识别代码【数学建模老哥】\data2.mat,2026数学建模核心资料\美赛按题目题型分类常用算法代码程序包！\分类与判别类题型参考代码【数学建模老哥】\离散Hopfield神经网络的联想记忆数字识别代码\data2.mat
511,INNER,keep,2026数学建模核心资料\美赛按题目题型分类常用算法代码程序包！\分类与判别类题型参考代码【数学建模老哥】\离散Hopfield神经网络的联想记忆数字识别代码\data2_noisy.mat,2026数学建模核心资料\美赛按题目题型分类常用算法代码程序包！\分类与判别类题型参考代码【数学建模老哥】\离散Hopfield神经网络的联想记忆数字识别代码\data2_noisy.mat
511,INNER,dup,2026数学建模核心资料\美赛按题目题型分类常用算法代码程序包！\美赛照题目分类程序包【数学建模老哥】\美赛E题常见参考代码【数学建模老哥】\离散Hopfield神经网络的联想记忆数字识别代码【数学建模老哥】\data2_noisy.mat,2026数学建模核心资料\美赛按题目题型分类常用算法代码程序包！\分类与判别类题型参考代码【数学建模老哥】\离散Hopfield神经网络的联想记忆数字识别代码\data2_noisy.mat
512,INNER,keep,2026数学建模核心资料\美赛按题目题型分类常用算法代码程序包！\分类与判别类题型参考代码【数学建模老哥】\离散Hopfield神经网络的联想记忆数字识别代码\data3.mat,2026数学建模核心资料\美赛按题目题型分类常用算法代码程序包！\分类与判别类题型参考代码【数学建模老哥】\离散Hopfield神经网络的联想记忆数字识别代码\data3.mat
512,INNER,dup,2026数学建模核心资料\美赛按题目题型分类常用算法代码程序包！\美赛照题目分类程序包【数学建模老哥】\美赛E题常见参考代码【数学建模老哥】\离散Hopfield神经网络的联想记忆数字识别代码【数学建模老哥】\data3.mat,2026数学建模核心资料\美赛按题目题型分类常用算法代码程序包！\分类与判别类题型参考代码【数学建模老哥】\离散Hopfield神经网络的联想记忆数字识别代码\data3.mat
513,INNER,keep,2026数学建模核心资料\美赛按题目题型分类常用算法代码程序包！\分类与判别类题型参考代码【数学建模老哥】\离散Hopfield神经网络的联想记忆数字识别代码\data4.mat,2026数学建模核心资料\美赛按题目题型分类常用算法代码程序包！\分类与判别类题型参考代码【数学建模老哥】\离散Hopfield神经网络的联想记忆数字识别代码\data4.mat
513,INNER,dup,2026数学建模核心资料\美赛按题目题型分类常用算法代码程序包！\美赛照题目分类程序包【数学建模老哥】\美赛E题常见参考代码【数学建模老哥】\离散Hopfield神经网络的联想记忆数字识别代码【数学建模老哥】\data4.mat,2026数学建模核心资料\美赛按题目题型分类常用算法代码程序包！\分类与判别类题型参考代码【数学建模老哥】\离散Hopfield神经网络的联想记忆数字识别代码\data4.mat
514,INNER,keep,2026数学建模核心资料\美赛按题目题型分类常用算法代码程序包！\分类与判别类题型参考代码【数学建模老哥】\离散Hopfield神经网络的联想记忆数字识别代码\data5.mat,2026数学建模核心资料\美赛按题目题型分类常用算法代码程序包！\分类与判别类题型参考代码【数学建模老哥】\离散Hopfield神经网络的联想记忆数字识别代码\data5.mat
514,INNER,dup,2026数学建模核心资料\美赛按题目题型分类常用算法代码程序包！\美赛照题目分类程序包【数学建模老哥】\美赛E题常见参考代码【数学建模老哥】\离散Hopfield神经网络的联想记忆数字识别代码【数学建模老哥】\data5.mat,2026数学建模核心资料\美赛按题目题型分类常用算法代码程序包！\分类与判别类题型参考代码【数学建模老哥】\离散Hopfield神经网络的联想记忆数字识别代码\data5.mat
515,INNER,keep,2026数学建模核心资料\美赛按题目题型分类常用算法代码程序包！\分类与判别类题型参考代码【数学建模老哥】\离散Hopfield神经网络的联想记忆数字识别代码\data6.mat,2026数学建模核心资料\美赛按题目题型分类常用算法代码程序包！\分类与判别类题型参考代码【数学建模老哥】\离散Hopfield神经网络的联想记忆数字识别代码\data6.mat
515,INNER,dup,2026数学建模核心资料\美赛按题目题型分类常用算法代码程序包！\美赛照题目分类程序包【数学建模老哥】\美赛E题常见参考代码【数学建模老哥】\离散Hopfield神经网络的联想记忆数字识别代码【数学建模老哥】\data6.mat,2026数学建模核心资料\美赛按题目题型分类常用算法代码程序包！\分类与判别类题型参考代码【数学建模老哥】\离散Hopfield神经网络的联想记忆数字识别代码\data6.mat
516,INNER,keep,2026数学建模核心资料\美赛按题目题型分类常用算法代码程序包！\分类与判别类题型参考代码【数学建模老哥】\离散Hopfield神经网络的联想记忆数字识别代码\data7.mat,2026数学建模核心资料\美赛按题目题型分类常用算法代码程序包！\分类与判别类题型参考代码【数学建模老哥】\离散Hopfield神经网络的联想记忆数字识别代码\data7.mat
516,INNER,dup,2026数学建模核心资料\美赛按题目题型分类常用算法代码程序包！\美赛照题目分类程序包【数学建模老哥】\美赛E题常见参考代码【数学建模老哥】\离散Hopfield神经网络的联想记忆数字识别代码【数学建模老哥】\data7.mat,2026数学建模核心资料\美赛按题目题型分类常用算法代码程序包！\分类与判别类题型参考代码【数学建模老哥】\离散Hopfield神经网络的联想记忆数字识别代码\data7.mat
517,INNER,keep,2026数学建模核心资料\美赛按题目题型分类常用算法代码程序包！\分类与判别类题型参考代码【数学建模老哥】\离散Hopfield神经网络的联想记忆数字识别代码\data8.mat,2026数学建模核心资料\美赛按题目题型分类常用算法代码程序包！\分类与判别类题型参考代码【数学建模老哥】\离散Hopfield神经网络的联想记忆数字识别代码\data8.mat
517,INNER,dup,2026数学建模核心资料\美赛按题目题型分类常用算法代码程序包！\美赛照题目分类程序包【数学建模老哥】\美赛E题常见参考代码【数学建模老哥】\离散Hopfield神经网络的联想记忆数字识别代码【数学建模老哥】\data8.mat,2026数学建模核心资料\美赛按题目题型分类常用算法代码程序包！\分类与判别类题型参考代码【数学建模老哥】\离散Hopfield神经网络的联想记忆数字识别代码\data8.mat
518,INNER,keep,2026数学建模核心资料\美赛按题目题型分类常用算法代码程序包！\分类与判别类题型参考代码【数学建模老哥】\离散Hopfield神经网络的联想记忆数字识别代码\data9.mat,2026数学建模核心资料\美赛按题目题型分类常用算法代码程序包！\分类与判别类题型参考代码【数学建模老哥】\离散Hopfield神经网络的联想记忆数字识别代码\data9.mat
518,INNER,dup,2026数学建模核心资料\美赛按题目题型分类常用算法代码程序包！\美赛照题目分类程序包【数学建模老哥】\美赛E题常见参考代码【数学建模老哥】\离散Hopfield神经网络的联想记忆数字识别代码【数学建模老哥】\data9.mat,2026数学建模核心资料\美赛按题目题型分类常用算法代码程序包！\分类与判别类题型参考代码【数学建模老哥】\离散Hopfield神经网络的联想记忆数字识别代码\data9.mat
519,INNER,keep,2026数学建模核心资料\美赛按题目题型分类常用算法代码程序包！\分类与判别类题型参考代码【数学建模老哥】\离散Hopfield神经网络的联想记忆数字识别代码\waiji.m,2026数学建模核心资料\美赛按题目题型分类常用算法代码程序包！\分类与判别类题型参考代码【数学建模老哥】\离散Hopfield神经网络的联想记忆数字识别代码\waiji.m
519,INNER,dup,2026数学建模核心资料\美赛按题目题型分类常用算法代码程序包！\美赛照题目分类程序包【数学建模老哥】\美赛E题常见参考代码【数学建模老哥】\离散Hopfield神经网络的联想记忆数字识别代码【数学建模老哥】\waiji.m,2026数学建模核心资料\美赛按题目题型分类常用算法代码程序包！\分类与判别类题型参考代码【数学建模老哥】\离散Hopfield神经网络的联想记忆数字识别代码\waiji.m
520,INNER,keep,2026数学建模核心资料\美赛按题目题型分类常用算法代码程序包！\数据处理类题型参考代码【数学建模老哥】\34种数据降维方法代码\drtoolbox\._compute_mapping.m,2026数学建模核心资料\美赛按题目题型分类常用算法代码程序包！\数据处理类题型参考代码【数学建模老哥】\34种数据降维方法代码\drtoolbox\._compute_mapping.m
520,INNER,dup,2026数学建模核心资料\美赛按题目题型分类常用算法代码程序包！\美赛照题目分类程序包【数学建模老哥】\美赛C题常见参考代码【数学建模老哥】\34种数据降维方法代码【数学建模老哥】\drtoolbox\._compute_mapping.m,2026数学建模核心资料\美赛按题目题型分类常用算法代码程序包！\数据处理类题型参考代码【数学建模老哥】\34种数据降维方法代码\drtoolbox\._compute_mapping.m
521,INNER,keep,2026数学建模核心资料\美赛按题目题型分类常用算法代码程序包！\数据处理类题型参考代码【数学建模老哥】\34种数据降维方法代码\drtoolbox\._Contents.m,2026数学建模核心资料\美赛按题目题型分类常用算法代码程序包！\数据处理类题型参考代码【数学建模老哥】\34种数据降维方法代码\drtoolbox\._Contents.m
521,INNER,dup,2026数学建模核心资料\美赛按题目题型分类常用算法代码程序包！\数据处理类题型参考代码【数学建模老哥】\34种数据降维方法代码\drtoolbox\._drgui.m,2026数学建模核心资料\美赛按题目题型分类常用算法代码程序包！\数据处理类题型参考代码【数学建模老哥】\34种数据降维方法代码\drtoolbox\._Contents.m
521,INNER,dup,2026数学建模核心资料\美赛按题目题型分类常用算法代码程序包！\数据处理类题型参考代码【数学建模老哥】\34种数据降维方法代码\drtoolbox\._generate_data.m,2026数学建模核心资料\美赛按题目题型分类常用算法代码程序包！\数据处理类题型参考代码【数学建模老哥】\34种数据降维方法代码\drtoolbox\._Contents.m
521,INNER,dup,2026数学建模核心资料\美赛按题目题型分类常用算法代码程序包！\数据处理类题型参考代码【数学建模老哥】\34种数据降维方法代码\drtoolbox\._intrinsic_dim.m,2026数学建模核心资料\美赛按题目题型分类常用算法代码程序包！\数据处理类题型参考代码【数学建模老哥】\34种数据降维方法代码\drtoolbox\._Contents.m
521,INNER,dup,2026数学建模核心资料\美赛按题目题型分类常用算法代码程序包！\数据处理类题型参考代码【数学建模老哥】\34种数据降维方法代码\drtoolbox\._mexall.m,2026数学建模核心资料\美赛按题目题型分类常用算法代码程序包！\数据处理类题型参考代码【数学建模老哥】\34种数据降维方法代码\drtoolbox\._Contents.m
521,INNER,dup,2026数学建模核心资料\美赛按题目题型分类常用算法代码程序包！\数据处理类题型参考代码【数学建模老哥】\34种数据降维方法代码\drtoolbox\._out_of_sample.m,2026数学建模核心资料\美赛按题目题型分类常用算法代码程序包！\数据处理类题型参考代码【数学建模老哥】\34种数据降维方法代码\drtoolbox\._Contents.m
521,INNER,dup,2026数学建模核心资料\美赛按题目题型分类常用算法代码程序包！\数据处理类题型参考代码【数学建模老哥】\34种数据降维方法代码\drtoolbox\._out_of_sample_est.m,2026数学建模核心资料\美赛按题目题型分类常用算法代码程序包！\数据处理类题型参考代码【数学建模老哥】\34种数据降维方法代码\drtoolbox\._Contents.m
521,INNER,dup,2026数学建模核心资料\美赛按题目题型分类常用算法代码程序包！\数据处理类题型参考代码【数学建模老哥】\34种数据降维方法代码\drtoolbox\._reconstruction_error.m,2026数学建模核心资料\美赛按题目题型分类常用算法代码程序包！\数据处理类题型参考代码【数学建模老哥】\34种数据降维方法代码\drtoolbox\._Contents.m
521,INNER,dup,2026数学建模核心资料\美赛按题目题型分类常用算法代码程序包！\美赛照题目分类程序包【数学建模老哥】\美赛C题常见参考代码【数学建模老哥】\34种数据降维方法代码【数学建模老哥】\drtoolbox\._Contents.m,2026数学建模核心资料\美赛按题目题型分类常用算法代码程序包！\数据处理类题型参考代码【数学建模老哥】\34种数据降维方法代码\drtoolbox\._Contents.m
521,INNER,dup,2026数学建模核心资料\美赛按题目题型分类常用算法代码程序包！\美赛照题目分类程序包【数学建模老哥】\美赛C题常见参考代码【数学建模老哥】\34种数据降维方法代码【数学建模老哥】\drtoolbox\._drgui.m,2026数学建模核心资料\美赛按题目题型分类常用算法代码程序包！\数据处理类题型参考代码【数学建模老哥】\34种数据降维方法代码\drtoolbox\._Contents.m
521,INNER,dup,2026数学建模核心资料\美赛按题目题型分类常用算法代码程序包！\美赛照题目分类程序包【数学建模老哥】\美赛C题常见参考代码【数学建模老哥】\34种数据降维方法代码【数学建模老哥】\drtoolbox\._generate_data.m,2026数学建模核心资料\美赛按题目题型分类常用算法代码程序包！\数据处理类题型参考代码【数学建模老哥】\34种数据降维方法代码\drtoolbox\._Contents.m
521,INNER,dup,2026数学建模核心资料\美赛按题目题型分类常用算法代码程序包！\美赛照题目分类程序包【数学建模老哥】\美赛C题常见参考代码【数学建模老哥】\34种数据降维方法代码【数学建模老哥】\drtoolbox\._intrinsic_dim.m,2026数学建模核心资料\美赛按题目题型分类常用算法代码程序包！\数据处理类题型参考代码【数学建模老哥】\34种数据降维方法代码\drtoolbox\._Contents.m
521,INNER,dup,2026数学建模核心资料\美赛按题目题型分类常用算法代码程序包！\美赛照题目分类程序包【数学建模老哥】\美赛C题常见参考代码【数学建模老哥】\34种数据降维方法代码【数学建模老哥】\drtoolbox\._mexall.m,2026数学建模核心资料\美赛按题目题型分类常用算法代码程序包！\数据处理类题型参考代码【数学建模老哥】\34种数据降维方法代码\drtoolbox\._Contents.m
521,INNER,dup,2026数学建模核心资料\美赛按题目题型分类常用算法代码程序包！\美赛照题目分类程序包【数学建模老哥】\美赛C题常见参考代码【数学建模老哥】\34种数据降维方法代码【数学建模老哥】\drtoolbox\._out_of_sample.m,2026数学建模核心资料\美赛按题目题型分类常用算法代码程序包！\数据处理类题型参考代码【数学建模老哥】\34种数据降维方法代码\drtoolbox\._Contents.m
521,INNER,dup,2026数学建模核心资料\美赛按题目题型分类常用算法代码程序包！\美赛照题目分类程序包【数学建模老哥】\美赛C题常见参考代码【数学建模老哥】\34种数据降维方法代码【数学建模老哥】\drtoolbox\._out_of_sample_est.m,2026数学建模核心资料\美赛按题目题型分类常用算法代码程序包！\数据处理类题型参考代码【数学建模老哥】\34种数据降维方法代码\drtoolbox\._Contents.m
521,INNER,dup,2026数学建模核心资料\美赛按题目题型分类常用算法代码程序包！\美赛照题目分类程序包【数学建模老哥】\美赛C题常见参考代码【数学建模老哥】\34种数据降维方法代码【数学建模老哥】\drtoolbox\._reconstruction_error.m,2026数学建模核心资料\美赛按题目题型分类常用算法代码程序包！\数据处理类题型参考代码【数学建模老哥】\34种数据降维方法代码\drtoolbox\._Contents.m
522,INNER,keep,2026数学建模核心资料\美赛按题目题型分类常用算法代码程序包！\数据处理类题型参考代码【数学建模老哥】\34种数据降维方法代码\drtoolbox\._prewhiten.m,2026数学建模核心资料\美赛按题目题型分类常用算法代码程序包！\数据处理类题型参考代码【数学建模老哥】\34种数据降维方法代码\drtoolbox\._prewhiten.m
522,INNER,dup,2026数学建模核心资料\美赛按题目题型分类常用算法代码程序包！\美赛照题目分类程序包【数学建模老哥】\美赛C题常见参考代码【数学建模老哥】\34种数据降维方法代码【数学建模老哥】\drtoolbox\._prewhiten.m,2026数学建模核心资料\美赛按题目题型分类常用算法代码程序包！\数据处理类题型参考代码【数学建模老哥】\34种数据降维方法代码\drtoolbox\._prewhiten.m
523,INNER,keep,2026数学建模核心资料\美赛按题目题型分类常用算法代码程序包！\数据处理类题型参考代码【数学建模老哥】\34种数据降维方法代码\drtoolbox\compute_mapping.m,2026数学建模核心资料\美赛按题目题型分类常用算法代码程序包！\数据处理类题型参考代码【数学建模老哥】\34种数据降维方法代码\drtoolbox\compute_mapping.m
523,INNER,dup,2026数学建模核心资料\美赛按题目题型分类常用算法代码程序包！\美赛照题目分类程序包【数学建模老哥】\美赛C题常见参考代码【数学建模老哥】\34种数据降维方法代码【数学建模老哥】\drtoolbox\compute_mapping.m,2026数学建模核心资料\美赛按题目题型分类常用算法代码程序包！\数据处理类题型参考代码【数学建模老哥】\34种数据降维方法代码\drtoolbox\compute_mapping.m
524,INNER,keep,2026数学建模核心资料\美赛按题目题型分类常用算法代码程序包！\数据处理类题型参考代码【数学建模老哥】\34种数据降维方法代码\drtoolbox\Contents.m,2026数学建模核心资料\美赛按题目题型分类常用算法代码程序包！\数据处理类题型参考代码【数学建模老哥】\34种数据降维方法代码\drtoolbox\Contents.m
524,INNER,dup,2026数学建模核心资料\美赛按题目题型分类常用算法代码程序包！\美赛照题目分类程序包【数学建模老哥】\美赛C题常见参考代码【数学建模老哥】\34种数据降维方法代码【数学建模老哥】\drtoolbox\Contents.m,2026数学建模核心资料\美赛按题目题型分类常用算法代码程序包！\数据处理类题型参考代码【数学建模老哥】\34种数据降维方法代码\drtoolbox\Contents.m
525,INNER,keep,2026数学建模核心资料\美赛按题目题型分类常用算法代码程序包！\数据处理类题型参考代码【数学建模老哥】\34种数据降维方法代码\drtoolbox\drgui.m,2026数学建模核心资料\美赛按题目题型分类常用算法代码程序包！\数据处理类题型参考代码【数学建模老哥】\34种数据降维方法代码\drtoolbox\drgui.m
525,INNER,dup,2026数学建模核心资料\美赛按题目题型分类常用算法代码程序包！\美赛照题目分类程序包【数学建模老哥】\美赛C题常见参考代码【数学建模老哥】\34种数据降维方法代码【数学建模老哥】\drtoolbox\drgui.m,2026数学建模核心资料\美赛按题目题型分类常用算法代码程序包！\数据处理类题型参考代码【数学建模老哥】\34种数据降维方法代码\drtoolbox\drgui.m
526,INNER,keep,2026数学建模核心资料\美赛按题目题型分类常用算法代码程序包！\数据处理类题型参考代码【数学建模老哥】\34种数据降维方法代码\drtoolbox\generate_data.m,2026数学建模核心资料\美赛按题目题型分类常用算法代码程序包！\数据处理类题型参考代码【数学建模老哥】\34种数据降维方法代码\drtoolbox\generate_data.m
526,INNER,dup,2026数学建模核心资料\美赛按题目题型分类常用算法代码程序包！\美赛照题目分类程序包【数学建模老哥】\美赛C题常见参考代码【数学建模老哥】\34种数据降维方法代码【数学建模老哥】\drtoolbox\generate_data.m,2026数学建模核心资料\美赛按题目题型分类常用算法代码程序包！\数据处理类题型参考代码【数学建模老哥】\34种数据降维方法代码\drtoolbox\generate_data.m
527,INNER,keep,2026数学建模核心资料\美赛按题目题型分类常用算法代码程序包！\数据处理类题型参考代码【数学建模老哥】\34种数据降维方法代码\drtoolbox\intrinsic_dim.m,2026数学建模核心资料\美赛按题目题型分类常用算法代码程序包！\数据处理类题型参考代码【数学建模老哥】\34种数据降维方法代码\drtoolbox\intrinsic_dim.m
527,INNER,dup,2026数学建模核心资料\美赛按题目题型分类常用算法代码程序包！\美赛照题目分类程序包【数学建模老哥】\美赛C题常见参考代码【数学建模老哥】\34种数据降维方法代码【数学建模老哥】\drtoolbox\intrinsic_dim.m,2026数学建模核心资料\美赛按题目题型分类常用算法代码程序包！\数据处理类题型参考代码【数学建模老哥】\34种数据降维方法代码\drtoolbox\intrinsic_dim.m
528,INNER,keep,2026数学建模核心资料\美赛按题目题型分类常用算法代码程序包！\数据处理类题型参考代码【数学建模老哥】\34种数据降维方法代码\drtoolbox\mexall.m,2026数学建模核心资料\美赛按题目题型分类常用算法代码程序包！\数据处理类题型参考代码【数学建模老哥】\34种数据降维方法代码\drtoolbox\mexall.m
528,INNER,dup,2026数学建模核心资料\美赛按题目题型分类常用算法代码程序包！\美赛照题目分类程序包【数学建模老哥】\美赛C题常见参考代码【数学建模老哥】\34种数据降维方法代码【数学建模老哥】\drtoolbox\mexall.m,2026数学建模核心资料\美赛按题目题型分类常用算法代码程序包！\数据处理类题型参考代码【数学建模老哥】\34种数据降维方法代码\drtoolbox\mexall.m
529,INNER,keep,2026数学建模核心资料\美赛按题目题型分类常用算法代码程序包！\数据处理类题型参考代码【数学建模老哥】\34种数据降维方法代码\drtoolbox\out_of_sample.m,2026数学建模核心资料\美赛按题目题型分类常用算法代码程序包！\数据处理类题型参考代码【数学建模老哥】\34种数据降维方法代码\drtoolbox\out_of_sample.m
529,INNER,dup,2026数学建模核心资料\美赛按题目题型分类常用算法代码程序包！\美赛照题目分类程序包【数学建模老哥】\美赛C题常见参考代码【数学建模老哥】\34种数据降维方法代码【数学建模老哥】\drtoolbox\out_of_sample.m,2026数学建模核心资料\美赛按题目题型分类常用算法代码程序包！\数据处理类题型参考代码【数学建模老哥】\34种数据降维方法代码\drtoolbox\out_of_sample.m
530,INNER,keep,2026数学建模核心资料\美赛按题目题型分类常用算法代码程序包！\数据处理类题型参考代码【数学建模老哥】\34种数据降维方法代码\drtoolbox\out_of_sample_est.m,2026数学建模核心资料\美赛按题目题型分类常用算法代码程序包！\数据处理类题型参考代码【数学建模老哥】\34种数据降维方法代码\drtoolbox\out_of_sample_est.m
530,INNER,dup,2026数学建模核心资料\美赛按题目题型分类常用算法代码程序包！\美赛照题目分类程序包【数学建模老哥】\美赛C题常见参考代码【数学建模老哥】\34种数据降维方法代码【数学建模老哥】\drtoolbox\out_of_sample_est.m,2026数学建模核心资料\美赛按题目题型分类常用算法代码程序包！\数据处理类题型参考代码【数学建模老哥】\34种数据降维方法代码\drtoolbox\out_of_sample_est.m
531,INNER,keep,2026数学建模核心资料\美赛按题目题型分类常用算法代码程序包！\数据处理类题型参考代码【数学建模老哥】\34种数据降维方法代码\drtoolbox\prewhiten.m,2026数学建模核心资料\美赛按题目题型分类常用算法代码程序包！\数据处理类题型参考代码【数学建模老哥】\34种数据降维方法代码\drtoolbox\prewhiten.m
531,INNER,dup,2026数学建模核心资料\美赛按题目题型分类常用算法代码程序包！\美赛照题目分类程序包【数学建模老哥】\美赛C题常见参考代码【数学建模老哥】\34种数据降维方法代码【数学建模老哥】\drtoolbox\prewhiten.m,2026数学建模核心资料\美赛按题目题型分类常用算法代码程序包！\数据处理类题型参考代码【数学建模老哥】\34种数据降维方法代码\drtoolbox\prewhiten.m
532,INNER,keep,2026数学建模核心资料\美赛按题目题型分类常用算法代码程序包！\数据处理类题型参考代码【数学建模老哥】\34种数据降维方法代码\drtoolbox\reconstruction_error.m,2026数学建模核心资料\美赛按题目题型分类常用算法代码程序包！\数据处理类题型参考代码【数学建模老哥】\34种数据降维方法代码\drtoolbox\reconstruction_error.m
532,INNER,dup,2026数学建模核心资料\美赛按题目题型分类常用算法代码程序包！\美赛照题目分类程序包【数学建模老哥】\美赛C题常见参考代码【数学建模老哥】\34种数据降维方法代码【数学建模老哥】\drtoolbox\reconstruction_error.m,2026数学建模核心资料\美赛按题目题型分类常用算法代码程序包！\数据处理类题型参考代码【数学建模老哥】\34种数据降维方法代码\drtoolbox\reconstruction_error.m
533,INNER,keep,2026数学建模核心资料\美赛按题目题型分类常用算法代码程序包！\数据处理类题型参考代码【数学建模老哥】\利用多尺度小波分解侦测时间序列中奇异点位置\A20040101.mat,2026数学建模核心资料\美赛按题目题型分类常用算法代码程序包！\数据处理类题型参考代码【数学建模老哥】\利用多尺度小波分解侦测时间序列中奇异点位置\A20040101.mat
533,INNER,dup,2026数学建模核心资料\美赛按题目题型分类常用算法代码程序包！\美赛照题目分类程序包【数学建模老哥】\美赛C题常见参考代码【数学建模老哥】\利用多尺度小波分解侦测时间序列中奇异点位置【数学建模老哥】\A20040101.mat,2026数学建模核心资料\美赛按题目题型分类常用算法代码程序包！\数据处理类题型参考代码【数学建模老哥】\利用多尺度小波分解侦测时间序列中奇异点位置\A20040101.mat
534,INNER,keep,2026数学建模核心资料\美赛按题目题型分类常用算法代码程序包！\数据处理类题型参考代码【数学建模老哥】\利用多尺度小波分解侦测时间序列中奇异点位置\tubian.m,2026数学建模核心资料\美赛按题目题型分类常用算法代码程序包！\数据处理类题型参考代码【数学建模老哥】\利用多尺度小波分解侦测时间序列中奇异点位置\tubian.m
534,INNER,dup,2026数学建模核心资料\美赛按题目题型分类常用算法代码程序包！\美赛照题目分类程序包【数学建模老哥】\美赛C题常见参考代码【数学建模老哥】\利用多尺度小波分解侦测时间序列中奇异点位置【数学建模老哥】\tubian.m,2026数学建模核心资料\美赛按题目题型分类常用算法代码程序包！\数据处理类题型参考代码【数学建模老哥】\利用多尺度小波分解侦测时间序列中奇异点位置\tubian.m
535,INNER,dup,2026数学建模核心资料\美赛按题目题型分类常用算法代码程序包！\数据处理类题型参考代码【数学建模老哥】\基于格拉布斯准则判断异常数据代码\实验1\Untitled2.m,2026数学建模核心资料\美赛按题目题型分类常用算法代码程序包！\数据处理类题型参考代码【数学建模老哥】\基于格拉布斯准则判断异常数据代码\实验1\Untitled2.asv
535,INNER,keep,2026数学建模核心资料\美赛按题目题型分类常用算法代码程序包！\数据处理类题型参考代码【数学建模老哥】\基于格拉布斯准则判断异常数据代码\实验1\Untitled2.asv,2026数学建模核心资料\美赛按题目题型分类常用算法代码程序包！\数据处理类题型参考代码【数学建模老哥】\基于格拉布斯准则判断异常数据代码\实验1\Untitled2.asv
536,INNER,dup,2026数学建模核心资料\美赛按题目题型分类常用算法代码程序包！\美赛照题目分类程序包【数学建模老哥】\美赛B题常见参考代码【数学建模老哥】\各种离散优化方法的matlab程序【数学建模老哥】\离散优化\BNB18.M,2026数学建模核心资料\美赛按题目题型分类常用算法代码程序包！\美赛照题目分类程序包【数学建模老哥】\美赛B题常见参考代码【数学建模老哥】\基于非线性整数规划离散型优化问题代码(在MATLAB5.3使用)【数学建模老哥】\BNB18.M
536,INNER,keep,2026数学建模核心资料\美赛按题目题型分类常用算法代码程序包！\美赛照题目分类程序包【数学建模老哥】\美赛B题常见参考代码【数学建模老哥】\基于非线性整数规划离散型优化问题代码(在MATLAB5.3使用)【数学建模老哥】\BNB18.M,2026数学建模核心资料\美赛按题目题型分类常用算法代码程序包！\美赛照题目分类程序包【数学建模老哥】\美赛B题常见参考代码【数学建模老哥】\基于非线性整数规划离散型优化问题代码(在MATLAB5.3使用)【数学建模老哥】\BNB18.M
537,INNER,dup,2026数学建模核心资料\美赛按题目题型分类常用算法代码程序包！\美赛照题目分类程序包【数学建模老哥】\美赛B题常见参考代码【数学建模老哥】\各种离散优化方法的matlab程序【数学建模老哥】\离散优化\DYNPROG.M,2026数学建模核心资料\美赛按题目题型分类常用算法代码程序包！\美赛照题目分类程序包【数学建模老哥】\美赛B题常见参考代码【数学建模老哥】\基于动态规划离散优化问题代码【数学建模老哥】\DYNPROG.M
537,INNER,keep,2026数学建模核心资料\美赛按题目题型分类常用算法代码程序包！\美赛照题目分类程序包【数学建模老哥】\美赛B题常见参考代码【数学建模老哥】\基于动态规划离散优化问题代码【数学建模老哥】\DYNPROG.M,2026数学建模核心资料\美赛按题目题型分类常用算法代码程序包！\美赛照题目分类程序包【数学建模老哥】\美赛B题常见参考代码【数学建模老哥】\基于动态规划离散优化问题代码【数学建模老哥】\DYNPROG.M
538,INNER,dup,2026数学建模核心资料\美赛按题目题型分类常用算法代码程序包！\美赛照题目分类程序包【数学建模老哥】\美赛B题常见参考代码【数学建模老哥】\各种离散优化方法的matlab程序【数学建模老哥】\离散优化\ENUM.M,2026数学建模核心资料\美赛按题目题型分类常用算法代码程序包！\美赛照题目分类程序包【数学建模老哥】\美赛B题常见参考代码【数学建模老哥】\基于枚举法离散型优化问题代码【数学建模老哥】\ENUM.M
538,INNER,keep,2026数学建模核心资料\美赛按题目题型分类常用算法代码程序包！\美赛照题目分类程序包【数学建模老哥】\美赛B题常见参考代码【数学建模老哥】\基于枚举法离散型优化问题代码【数学建模老哥】\ENUM.M,2026数学建模核心资料\美赛按题目题型分类常用算法代码程序包！\美赛照题目分类程序包【数学建模老哥】\美赛B题常见参考代码【数学建模老哥】\基于枚举法离散型优化问题代码【数学建模老哥】\ENUM.M
539,INNER,dup,2026数学建模核心资料\美赛按题目题型分类常用算法代码程序包！\美赛照题目分类程序包【数学建模老哥】\美赛B题常见参考代码【数学建模老哥】\各种离散优化方法的matlab程序【数学建模老哥】\离散优化\L01p_ie.m,2026数学建模核心资料\美赛按题目题型分类常用算法代码程序包！\美赛照题目分类程序包【数学建模老哥】\美赛B题常见参考代码【数学建模老哥】\基于0-1整数规划隐枚举法离散型优化问题代码【数学建模老哥】\L01p_ie.m
539,INNER,keep,2026数学建模核心资料\美赛按题目题型分类常用算法代码程序包！\美赛照题目分类程序包【数学建模老哥】\美赛B题常见参考代码【数学建模老哥】\基于0-1整数规划隐枚举法离散型优化问题代码【数学建模老哥】\L01p_ie.m,2026数学建模核心资料\美赛按题目题型分类常用算法代码程序包！\美赛照题目分类程序包【数学建模老哥】\美赛B题常见参考代码【数学建模老哥】\基于0-1整数规划隐枚举法离散型优化问题代码【数学建模老哥】\L01p_ie.m
540,INNER,dup,2026数学建模核心资料\美赛按题目题型分类常用算法代码程序包！\美赛照题目分类程序包【数学建模老哥】\美赛B题常见参考代码【数学建模老哥】\各种离散优化方法的matlab程序【数学建模老哥】\离散优化\LPINT.M,2026数学建模核心资料\美赛按题目题型分类常用算法代码程序包！\美赛照题目分类程序包【数学建模老哥】\美赛B题常见参考代码【数学建模老哥】\基于线性整数规划离散型优化问题代码【数学建模老哥】\LPINT.M
540,INNER,keep,2026数学建模核心资料\美赛按题目题型分类常用算法代码程序包！\美赛照题目分类程序包【数学建模老哥】\美赛B题常见参考代码【数学建模老哥】\基于线性整数规划离散型优化问题代码【数学建模老哥】\LPINT.M,2026数学建模核心资料\美赛按题目题型分类常用算法代码程序包！\美赛照题目分类程序包【数学建模老哥】\美赛B题常见参考代码【数学建模老哥】\基于线性整数规划离散型优化问题代码【数学建模老哥】\LPINT.M
541,INNER,dup,2026数学建模核心资料\美赛按题目题型分类常用算法代码程序包！\美赛照题目分类程序包【数学建模老哥】\美赛B题常见参考代码【数学建模老哥】\各种离散优化方法的matlab程序【数学建模老哥】\离散优化\MINROUTE.M,2026数学建模核心资料\美赛按题目题型分类常用算法代码程序包！\美赛照题目分类程序包【数学建模老哥】\美赛B题常见参考代码【数学建模老哥】\基于最短路dijkstra算法离散优化问题代码【数学建模老哥】\MINROUTE.M
541,INNER,keep,2026数学建模核心资料\美赛按题目题型分类常用算法代码程序包！\美赛照题目分类程序包【数学建模老哥】\美赛B题常见参考代码【数学建模老哥】\基于最短路dijkstra算法离散优化问题代码【数学建模老哥】\MINROUTE.M,2026数学建模核心资料\美赛按题目题型分类常用算法代码程序包！\美赛照题目分类程序包【数学建模老哥】\美赛B题常见参考代码【数学建模老哥】\基于最短路dijkstra算法离散优化问题代码【数学建模老哥】\MINROUTE.M
542,INNER,dup,2026数学建模核心资料\美赛按题目题型分类常用算法代码程序包！\美赛照题目分类程序包【数学建模老哥】\美赛B题常见参考代码【数学建模老哥】\各种离散优化方法的matlab程序【数学建模老哥】\离散优化\MINTREEK.M,2026数学建模核心资料\美赛按题目题型分类常用算法代码程序包！\美赛照题目分类程序包【数学建模老哥】\美赛B题常见参考代码【数学建模老哥】\最小生成树kruskal算法离散型优化问题代码【数学建模老哥】\MINTREEK.M
542,INNER,keep,2026数学建模核心资料\美赛按题目题型分类常用算法代码程序包！\美赛照题目分类程序包【数学建模老哥】\美赛B题常见参考代码【数学建模老哥】\最小生成树kruskal算法离散型优化问题代码【数学建模老哥】\MINTREEK.M,2026数学建模核心资料\美赛按题目题型分类常用算法代码程序包！\美赛照题目分类程序包【数学建模老哥】\美赛B题常见参考代码【数学建模老哥】\最小生成树kruskal算法离散型优化问题代码【数学建模老哥】\MINTREEK.M
543,INNER,dup,2026数学建模核心资料\美赛按题目题型分类常用算法代码程序包！\美赛照题目分类程序包【数学建模老哥】\美赛B题常见参考代码【数学建模老哥】\各种离散优化方法的matlab程序【数学建模老哥】\离散优化\MONTE.M,2026数学建模核心资料\美赛按题目题型分类常用算法代码程序包！\美赛照题目分类程序包【数学建模老哥】\美赛B题常见参考代码【数学建模老哥】\基于蒙特卡洛法离散型优化问题代码【数学建模老哥】\MONTE.M
543,INNER,keep,2026数学建模核心资料\美赛按题目题型分类常用算法代码程序包！\美赛照题目分类程序包【数学建模老哥】\美赛B题常见参考代码【数学建模老哥】\基于蒙特卡洛法离散型优化问题代码【数学建模老哥】\MONTE.M,2026数学建模核心资料\美赛按题目题型分类常用算法代码程序包！\美赛照题目分类程序包【数学建模老哥】\美赛B题常见参考代码【数学建模老哥】\基于蒙特卡洛法离散型优化问题代码【数学建模老哥】\MONTE.M
544,INNER,keep,2026数学建模核心资料\美赛按题目题型分类常用算法代码程序包！\美赛照题目分类程序包【数学建模老哥】\美赛C题常见参考代码【数学建模老哥】\八种降维方法交互式界面【数学建模老哥】\mani.m,2026数学建模核心资料\美赛按题目题型分类常用算法代码程序包！\美赛照题目分类程序包【数学建模老哥】\美赛C题常见参考代码【数学建模老哥】\八种降维方法交互式界面【数学建模老哥】\mani.m
544,INNER,dup,2026数学建模核心资料\美赛按题目题型分类常用算法代码程序包！\美赛照题目分类程序包【数学建模老哥】\美赛D题常见参考代码【数学建模老哥】\传染病的蔓延模型代码【数学建模老哥】\mani.m,2026数学建模核心资料\美赛按题目题型分类常用算法代码程序包！\美赛照题目分类程序包【数学建模老哥】\美赛C题常见参考代码【数学建模老哥】\八种降维方法交互式界面【数学建模老哥】\mani.m
545,INNER,dup,2026数学建模核心资料\美赛按题目题型分类常用算法代码程序包！\美赛照题目分类程序包【数学建模老哥】\美赛C题常见参考代码【数学建模老哥】\微粒群算法结合灰色系统理论进行预测【数学建模老哥】\huise.m,2026数学建模核心资料\美赛按题目题型分类常用算法代码程序包！\预测与预报类题型参考代码【数学建模老哥】\微粒群算法结合灰色系统理论进行预测\huise.m
545,INNER,keep,2026数学建模核心资料\美赛按题目题型分类常用算法代码程序包！\预测与预报类题型参考代码【数学建模老哥】\微粒群算法结合灰色系统理论进行预测\huise.m,2026数学建模核心资料\美赛按题目题型分类常用算法代码程序包！\预测与预报类题型参考代码【数学建模老哥】\微粒群算法结合灰色系统理论进行预测\huise.m
546,INNER,dup,2026数学建模核心资料\美赛按题目题型分类常用算法代码程序包！\美赛照题目分类程序包【数学建模老哥】\美赛C题常见参考代码【数学建模老哥】\微粒群算法结合灰色系统理论进行预测【数学建模老哥】\hundun.m,2026数学建模核心资料\美赛按题目题型分类常用算法代码程序包！\预测与预报类题型参考代码【数学建模老哥】\微粒群算法结合灰色系统理论进行预测\hundun.m
546,INNER,keep,2026数学建模核心资料\美赛按题目题型分类常用算法代码程序包！\预测与预报类题型参考代码【数学建模老哥】\微粒群算法结合灰色系统理论进行预测\hundun.m,2026数学建模核心资料\美赛按题目题型分类常用算法代码程序包！\预测与预报类题型参考代码【数学建模老哥】\微粒群算法结合灰色系统理论进行预测\hundun.m
547,INNER,dup,2026数学建模核心资料\美赛按题目题型分类常用算法代码程序包！\美赛照题目分类程序包【数学建模老哥】\美赛C题常见参考代码【数学建模老哥】\微粒群算法结合灰色系统理论进行预测【数学建模老哥】\main.m,2026数学建模核心资料\美赛按题目题型分类常用算法代码程序包！\预测与预报类题型参考代码【数学建模老哥】\微粒群算法结合灰色系统理论进行预测\main.m
547,INNER,keep,2026数学建模核心资料\美赛按题目题型分类常用算法代码程序包！\预测与预报类题型参考代码【数学建模老哥】\微粒群算法结合灰色系统理论进行预测\main.m,2026数学建模核心资料\美赛按题目题型分类常用算法代码程序包！\预测与预报类题型参考代码【数学建模老哥】\微粒群算法结合灰色系统理论进行预测\main.m
548,INNER,dup,2026数学建模核心资料\美赛按题目题型分类常用算法代码程序包！\美赛照题目分类程序包【数学建模老哥】\美赛C题常见参考代码【数学建模老哥】\微粒群算法结合灰色系统理论进行预测【数学建模老哥】\minf.m,2026数学建模核心资料\美赛按题目题型分类常用算法代码程序包！\预测与预报类题型参考代码【数学建模老哥】\微粒群算法结合灰色系统理论进行预测\minf.m
548,INNER,keep,2026数学建模核心资料\美赛按题目题型分类常用算法代码程序包！\预测与预报类题型参考代码【数学建模老哥】\微粒群算法结合灰色系统理论进行预测\minf.m,2026数学建模核心资料\美赛按题目题型分类常用算法代码程序包！\预测与预报类题型参考代码【数学建模老哥】\微粒群算法结合灰色系统理论进行预测\minf.m
549,INNER,dup,2026数学建模核心资料\美赛按题目题型分类常用算法代码程序包！\美赛照题目分类程序包【数学建模老哥】\美赛C题常见参考代码【数学建模老哥】\微粒群算法结合灰色系统理论进行预测【数学建模老哥】\plotljz.m,2026数学建模核心资料\美赛按题目题型分类常用算法代码程序包！\预测与预报类题型参考代码【数学建模老哥】\微粒群算法结合灰色系统理论进行预测\plotljz.m
549,INNER,keep,2026数学建模核心资料\美赛按题目题型分类常用算法代码程序包！\预测与预报类题型参考代码【数学建模老哥】\微粒群算法结合灰色系统理论进行预测\plotljz.m,2026数学建模核心资料\美赛按题目题型分类常用算法代码程序包！\预测与预报类题型参考代码【数学建模老哥】\微粒群算法结合灰色系统理论进行预测\plotljz.m
550,INNER,dup,2026数学建模核心资料\美赛按题目题型分类常用算法代码程序包！\美赛照题目分类程序包【数学建模老哥】\美赛C题常见参考代码【数学建模老哥】\混沌时间序列的RBF神经网络预测代码【数学建模老哥】\Prediction_RBF\Contents.m,2026数学建模核心资料\美赛按题目题型分类常用算法代码程序包！\预测与预报类题型参考代码【数学建模老哥】\混沌时间序列的RBF神经网络预测代码\Prediction_RBF\Contents.m
550,INNER,keep,2026数学建模核心资料\美赛按题目题型分类常用算法代码程序包！\预测与预报类题型参考代码【数学建模老哥】\混沌时间序列的RBF神经网络预测代码\Prediction_RBF\Contents.m,2026数学建模核心资料\美赛按题目题型分类常用算法代码程序包！\预测与预报类题型参考代码【数学建模老哥】\混沌时间序列的RBF神经网络预测代码\Prediction_RBF\Contents.m
551,INNER,dup,2026数学建模核心资料\美赛按题目题型分类常用算法代码程序包！\美赛照题目分类程序包【数学建模老哥】\美赛C题常见参考代码【数学建模老哥】\离散灰色预测模型和AR预测模型的组合预测【数学建模老哥】\灰色.m,2026数学建模核心资料\美赛按题目题型分类常用算法代码程序包！\预测与预报类题型参考代码【数学建模老哥】\离散灰色预测模型和AR预测模型的组合预测\灰色.m
551,INNER,keep,2026数学建模核心资料\美赛按题目题型分类常用算法代码程序包！\预测与预报类题型参考代码【数学建模老哥】\离散灰色预测模型和AR预测模型的组合预测\灰色.m,2026数学建模核心资料\美赛按题目题型分类常用算法代码程序包！\预测与预报类题型参考代码【数学建模老哥】\离散灰色预测模型和AR预测模型的组合预测\灰色.m
552,INNER,keep,2026数学建模核心资料\美赛按题目题型分类常用算法代码程序包！\美赛照题目分类程序包【数学建模老哥】\美赛E题常见参考代码【数学建模老哥】\基于小波神经网络的短时交通流量时间序列预测程序【数学建模老哥】\d_mymorlet.m,2026数学建模核心资料\美赛按题目题型分类常用算法代码程序包！\美赛照题目分类程序包【数学建模老哥】\美赛E题常见参考代码【数学建模老哥】\基于小波神经网络的短时交通流量时间序列预测程序【数学建模老哥】\d_mymorlet.m
552,INNER,dup,2026数学建模核心资料\美赛按题目题型分类常用算法代码程序包！\预测与预报类题型参考代码【数学建模老哥】\小波神经网络的时间序列预测代码\chapter32\d_mymorlet.m,2026数学建模核心资料\美赛按题目题型分类常用算法代码程序包！\美赛照题目分类程序包【数学建模老哥】\美赛E题常见参考代码【数学建模老哥】\基于小波神经网络的短时交通流量时间序列预测程序【数学建模老哥】\d_mymorlet.m
553,INNER,keep,2026数学建模核心资料\美赛按题目题型分类常用算法代码程序包！\美赛照题目分类程序包【数学建模老哥】\美赛E题常见参考代码【数学建模老哥】\基于小波神经网络的短时交通流量时间序列预测程序【数学建模老哥】\mymorlet.m,2026数学建模核心资料\美赛按题目题型分类常用算法代码程序包！\美赛照题目分类程序包【数学建模老哥】\美赛E题常见参考代码【数学建模老哥】\基于小波神经网络的短时交通流量时间序列预测程序【数学建模老哥】\mymorlet.m
553,INNER,dup,2026数学建模核心资料\美赛按题目题型分类常用算法代码程序包！\预测与预报类题型参考代码【数学建模老哥】\小波神经网络的时间序列预测代码\chapter32\mymorlet.m,2026数学建模核心资料\美赛按题目题型分类常用算法代码程序包！\美赛照题目分类程序包【数学建模老哥】\美赛E题常见参考代码【数学建模老哥】\基于小波神经网络的短时交通流量时间序列预测程序【数学建模老哥】\mymorlet.m
554,INNER,keep,2026数学建模核心资料\美赛按题目题型分类常用算法代码程序包！\美赛照题目分类程序包【数学建模老哥】\美赛E题常见参考代码【数学建模老哥】\基于小波神经网络的短时交通流量时间序列预测程序【数学建模老哥】\traffic_flux.mat,2026数学建模核心资料\美赛按题目题型分类常用算法代码程序包！\美赛照题目分类程序包【数学建模老哥】\美赛E题常见参考代码【数学建模老哥】\基于小波神经网络的短时交通流量时间序列预测程序【数学建模老哥】\traffic_flux.mat
554,INNER,dup,2026数学建模核心资料\美赛按题目题型分类常用算法代码程序包！\预测与预报类题型参考代码【数学建模老哥】\小波神经网络的时间序列预测代码\chapter32\traffic_flux.mat,2026数学建模核心资料\美赛按题目题型分类常用算法代码程序包！\美赛照题目分类程序包【数学建模老哥】\美赛E题常见参考代码【数学建模老哥】\基于小波神经网络的短时交通流量时间序列预测程序【数学建模老哥】\traffic_flux.mat
555,INNER,dup,2026数学建模核心资料\美赛按题目题型分类常用算法代码程序包！\美赛照题目分类程序包【数学建模老哥】\美赛F题常见参考代码【数学建模老哥】\基于BP_Adaboost算法的公司财务预警建模代码【数学建模老哥】\Bp_Ada_Fore.m,2026数学建模核心资料\美赛按题目题型分类常用算法代码程序包！\预测与预报类题型参考代码【数学建模老哥】\基于BP_Adaboost算法的公司财务预警建模代码\Bp_Ada_Fore.m
555,INNER,keep,2026数学建模核心资料\美赛按题目题型分类常用算法代码程序包！\预测与预报类题型参考代码【数学建模老哥】\基于BP_Adaboost算法的公司财务预警建模代码\Bp_Ada_Fore.m,2026数学建模核心资料\美赛按题目题型分类常用算法代码程序包！\预测与预报类题型参考代码【数学建模老哥】\基于BP_Adaboost算法的公司财务预警建模代码\Bp_Ada_Fore.m
556,INNER,dup,2026数学建模核心资料\美赛按题目题型分类常用算法代码程序包！\美赛照题目分类程序包【数学建模老哥】\美赛F题常见参考代码【数学建模老哥】\基于BP_Adaboost算法的公司财务预警建模代码【数学建模老哥】\Bp_Ada_Sort.m,2026数学建模核心资料\美赛按题目题型分类常用算法代码程序包！\预测与预报类题型参考代码【数学建模老哥】\基于BP_Adaboost算法的公司财务预警建模代码\Bp_Ada_Sort.m
556,INNER,keep,2026数学建模核心资料\美赛按题目题型分类常用算法代码程序包！\预测与预报类题型参考代码【数学建模老哥】\基于BP_Adaboost算法的公司财务预警建模代码\Bp_Ada_Sort.m,2026数学建模核心资料\美赛按题目题型分类常用算法代码程序包！\预测与预报类题型参考代码【数学建模老哥】\基于BP_Adaboost算法的公司财务预警建模代码\Bp_Ada_Sort.m
557,INNER,dup,2026数学建模核心资料\美赛按题目题型分类常用算法代码程序包！\美赛照题目分类程序包【数学建模老哥】\美赛F题常见参考代码【数学建模老哥】\基于BP_Adaboost算法的公司财务预警建模代码【数学建模老哥】\data.mat,2026数学建模核心资料\美赛按题目题型分类常用算法代码程序包！\预测与预报类题型参考代码【数学建模老哥】\基于BP_Adaboost算法的公司财务预警建模代码\data.mat
557,INNER,keep,2026数学建模核心资料\美赛按题目题型分类常用算法代码程序包！\预测与预报类题型参考代码【数学建模老哥】\基于BP_Adaboost算法的公司财务预警建模代码\data.mat,2026数学建模核心资料\美赛按题目题型分类常用算法代码程序包！\预测与预报类题型参考代码【数学建模老哥】\基于BP_Adaboost算法的公司财务预警建模代码\data.mat
558,INNER,dup,2026数学建模核心资料\美赛按题目题型分类常用算法代码程序包！\美赛照题目分类程序包【数学建模老哥】\美赛F题常见参考代码【数学建模老哥】\基于BP_Adaboost算法的公司财务预警建模代码【数学建模老哥】\data1.mat,2026数学建模核心资料\美赛按题目题型分类常用算法代码程序包！\预测与预报类题型参考代码【数学建模老哥】\基于BP_Adaboost算法的公司财务预警建模代码\data1.mat
558,INNER,keep,2026数学建模核心资料\美赛按题目题型分类常用算法代码程序包！\预测与预报类题型参考代码【数学建模老哥】\基于BP_Adaboost算法的公司财务预警建模代码\data1.mat,2026数学建模核心资料\美赛按题目题型分类常用算法代码程序包！\预测与预报类题型参考代码【数学建模老哥】\基于BP_Adaboost算法的公司财务预警建模代码\data1.mat
559,INNER,dup,2026数学建模核心资料\美赛按题目题型分类常用算法代码程序包！\美赛照题目分类程序包【数学建模老哥】\美赛F题常见参考代码【数学建模老哥】\基于SVM神经网络的上证开盘指数预测回归预测分析代码【数学建模老哥】\chapter14.m,2026数学建模核心资料\美赛按题目题型分类常用算法代码程序包！\预测与预报类题型参考代码【数学建模老哥】\基于SVM神经网络的上证开盘指数预测回归预测分析代码\chapter14.m
559,INNER,keep,2026数学建模核心资料\美赛按题目题型分类常用算法代码程序包！\预测与预报类题型参考代码【数学建模老哥】\基于SVM神经网络的上证开盘指数预测回归预测分析代码\chapter14.m,2026数学建模核心资料\美赛按题目题型分类常用算法代码程序包！\预测与预报类题型参考代码【数学建模老哥】\基于SVM神经网络的上证开盘指数预测回归预测分析代码\chapter14.m
560,INNER,dup,2026数学建模核心资料\美赛按题目题型分类常用算法代码程序包！\美赛照题目分类程序包【数学建模老哥】\美赛F题常见参考代码【数学建模老哥】\基于SVM神经网络的上证开盘指数预测回归预测分析代码【数学建模老哥】\chapter14_sh.mat,2026数学建模核心资料\美赛按题目题型分类常用算法代码程序包！\预测与预报类题型参考代码【数学建模老哥】\基于SVM神经网络的上证开盘指数预测回归预测分析代码\chapter14_sh.mat
560,INNER,keep,2026数学建模核心资料\美赛按题目题型分类常用算法代码程序包！\预测与预报类题型参考代码【数学建模老哥】\基于SVM神经网络的上证开盘指数预测回归预测分析代码\chapter14_sh.mat,2026数学建模核心资料\美赛按题目题型分类常用算法代码程序包！\预测与预报类题型参考代码【数学建模老哥】\基于SVM神经网络的上证开盘指数预测回归预测分析代码\chapter14_sh.mat
561,INNER,dup,2026数学建模核心资料\美赛按题目题型分类常用算法代码程序包！\美赛照题目分类程序包【数学建模老哥】\美赛F题常见参考代码【数学建模老哥】\基于单层竞争神经网络的患者癌症发病预测代码【数学建模老哥】\chapter16.m,2026数学建模核心资料\美赛按题目题型分类常用算法代码程序包！\预测与预报类题型参考代码【数学建模老哥】\基于单层竞争神经网络的患者癌症发病预测代码\chapter16.m
561,INNER,keep,2026数学建模核心资料\美赛按题目题型分类常用算法代码程序包！\预测与预报类题型参考代码【数学建模老哥】\基于单层竞争神经网络的患者癌症发病预测代码\chapter16.m,2026数学建模核心资料\美赛按题目题型分类常用算法代码程序包！\预测与预报类题型参考代码【数学建模老哥】\基于单层竞争神经网络的患者癌症发病预测代码\chapter16.m
562,INNER,dup,2026数学建模核心资料\美赛按题目题型分类常用算法代码程序包！\美赛照题目分类程序包【数学建模老哥】\美赛F题常见参考代码【数学建模老哥】\基于单层竞争神经网络的患者癌症发病预测代码【数学建模老哥】\gene.mat,2026数学建模核心资料\美赛按题目题型分类常用算法代码程序包！\预测与预报类题型参考代码【数学建模老哥】\基于单层竞争神经网络的患者癌症发病预测代码\gene.mat
562,INNER,keep,2026数学建模核心资料\美赛按题目题型分类常用算法代码程序包！\预测与预报类题型参考代码【数学建模老哥】\基于单层竞争神经网络的患者癌症发病预测代码\gene.mat,2026数学建模核心资料\美赛按题目题型分类常用算法代码程序包！\预测与预报类题型参考代码【数学建模老哥】\基于单层竞争神经网络的患者癌症发病预测代码\gene.mat
563,INNER,dup,2026数学建模核心资料\美赛按题目题型分类常用算法代码程序包！\美赛照题目分类程序包【数学建模老哥】\美赛F题常见参考代码【数学建模老哥】\基于广义回归神经网络货运量预测代码【数学建模老哥】\best.mat,2026数学建模核心资料\美赛按题目题型分类常用算法代码程序包！\预测与预报类题型参考代码【数学建模老哥】\基于广义回归神经网络货运量预测代码\best.mat
563,INNER,keep,2026数学建模核心资料\美赛按题目题型分类常用算法代码程序包！\预测与预报类题型参考代码【数学建模老哥】\基于广义回归神经网络货运量预测代码\best.mat,2026数学建模核心资料\美赛按题目题型分类常用算法代码程序包！\预测与预报类题型参考代码【数学建模老哥】\基于广义回归神经网络货运量预测代码\best.mat
564,INNER,dup,2026数学建模核心资料\美赛按题目题型分类常用算法代码程序包！\美赛照题目分类程序包【数学建模老哥】\美赛F题常见参考代码【数学建模老哥】\基于广义回归神经网络货运量预测代码【数学建模老哥】\chapter8.1.m,2026数学建模核心资料\美赛按题目题型分类常用算法代码程序包！\预测与预报类题型参考代码【数学建模老哥】\基于广义回归神经网络货运量预测代码\chapter8.1.m
564,INNER,keep,2026数学建模核心资料\美赛按题目题型分类常用算法代码程序包！\预测与预报类题型参考代码【数学建模老哥】\基于广义回归神经网络货运量预测代码\chapter8.1.m,2026数学建模核心资料\美赛按题目题型分类常用算法代码程序包！\预测与预报类题型参考代码【数学建模老哥】\基于广义回归神经网络货运量预测代码\chapter8.1.m
565,INNER,dup,2026数学建模核心资料\美赛按题目题型分类常用算法代码程序包！\美赛照题目分类程序包【数学建模老哥】\美赛F题常见参考代码【数学建模老哥】\基于广义回归神经网络货运量预测代码【数学建模老哥】\chapter8.2.m,2026数学建模核心资料\美赛按题目题型分类常用算法代码程序包！\预测与预报类题型参考代码【数学建模老哥】\基于广义回归神经网络货运量预测代码\chapter8.2.asv
565,INNER,dup,2026数学建模核心资料\美赛按题目题型分类常用算法代码程序包！\预测与预报类题型参考代码【数学建模老哥】\基于广义回归神经网络货运量预测代码\chapter8.2.m,2026数学建模核心资料\美赛按题目题型分类常用算法代码程序包！\预测与预报类题型参考代码【数学建模老哥】\基于广义回归神经网络货运量预测代码\chapter8.2.asv
565,INNER,dup,2026数学建模核心资料\美赛按题目题型分类常用算法代码程序包！\美赛照题目分类程序包【数学建模老哥】\美赛F题常见参考代码【数学建模老哥】\基于广义回归神经网络货运量预测代码【数学建模老哥】\chapter8.2.asv,2026数学建模核心资料\美赛按题目题型分类常用算法代码程序包！\预测与预报类题型参考代码【数学建模老哥】\基于广义回归神经网络货运量预测代码\chapter8.2.asv
565,INNER,keep,2026数学建模核心资料\美赛按题目题型分类常用算法代码程序包！\预测与预报类题型参考代码【数学建模老哥】\基于广义回归神经网络货运量预测代码\chapter8.2.asv,2026数学建模核心资料\美赛按题目题型分类常用算法代码程序包！\预测与预报类题型参考代码【数学建模老哥】\基于广义回归神经网络货运量预测代码\chapter8.2.asv
566,INNER,dup,2026数学建模核心资料\美赛按题目题型分类常用算法代码程序包！\美赛照题目分类程序包【数学建模老哥】\美赛F题常见参考代码【数学建模老哥】\基于广义回归神经网络货运量预测代码【数学建模老哥】\data.mat,2026数学建模核心资料\美赛按题目题型分类常用算法代码程序包！\预测与预报类题型参考代码【数学建模老哥】\基于广义回归神经网络货运量预测代码\data.mat
566,INNER,keep,2026数学建模核心资料\美赛按题目题型分类常用算法代码程序包！\预测与预报类题型参考代码【数学建模老哥】\基于广义回归神经网络货运量预测代码\data.mat,2026数学建模核心资料\美赛按题目题型分类常用算法代码程序包！\预测与预报类题型参考代码【数学建模老哥】\基于广义回归神经网络货运量预测代码\data.mat
567,INNER,dup,2026数学建模核心资料\美赛按题目题型分类常用算法代码程序包！\美赛照题目分类程序包【数学建模老哥】\美赛F题常见参考代码【数学建模老哥】\基于灰色神经网络的订单需求预测代码【数学建模老哥】\data.mat,2026数学建模核心资料\美赛按题目题型分类常用算法代码程序包！\预测与预报类题型参考代码【数学建模老哥】\基于灰色神经网络的订单需求预测代码\data.mat
567,INNER,keep,2026数学建模核心资料\美赛按题目题型分类常用算法代码程序包！\预测与预报类题型参考代码【数学建模老哥】\基于灰色神经网络的订单需求预测代码\data.mat,2026数学建模核心资料\美赛按题目题型分类常用算法代码程序包！\预测与预报类题型参考代码【数学建模老哥】\基于灰色神经网络的订单需求预测代码\data.mat
568,INNER,dup,2026数学建模核心资料\美赛按题目题型分类常用算法代码程序包！\美赛照题目分类程序包【数学建模老哥】\美赛F题常见参考代码【数学建模老哥】\基于灰色神经网络的订单需求预测代码【数学建模老哥】\Greynet.m,2026数学建模核心资料\美赛按题目题型分类常用算法代码程序包！\预测与预报类题型参考代码【数学建模老哥】\基于灰色神经网络的订单需求预测代码\Greynet.m
568,INNER,keep,2026数学建模核心资料\美赛按题目题型分类常用算法代码程序包！\预测与预报类题型参考代码【数学建模老哥】\基于灰色神经网络的订单需求预测代码\Greynet.m,2026数学建模核心资料\美赛按题目题型分类常用算法代码程序包！\预测与预报类题型参考代码【数学建模老哥】\基于灰色神经网络的订单需求预测代码\Greynet.m
569,INNER,dup,2026国赛AI助攻资料合集\AI+数学建模提示词汇总！\2026国赛！挑战一小时速通数学建模国赛！_扫描版.pdf,2026国赛论文写作模版\2026国赛！挑战一小时速通数学建模国赛！_扫描版.pdf
569,INNER,keep,2026国赛论文写作模版\2026国赛！挑战一小时速通数学建模国赛！_扫描版.pdf,2026国赛论文写作模版\2026国赛！挑战一小时速通数学建模国赛！_扫描版.pdf
569,INNER,dup,2026老哥！2026国赛最强备战资料！3天速成国奖配套资料！\2026国赛！挑战一小时速通数学建模国赛！_扫描版.pdf,2026国赛论文写作模版\2026国赛！挑战一小时速通数学建模国赛！_扫描版.pdf
569,INNER,dup,A157 2026数学建模国赛备战冲刺资料合集！\2026国赛！挑战一小时速通数学建模国赛！_扫描版.pdf,2026国赛论文写作模版\2026国赛！挑战一小时速通数学建模国赛！_扫描版.pdf
569,INNER,dup,A157 2026数学建模国赛备战冲刺资料合集！\2026国赛论文写作模版\2026国赛！挑战一小时速通数学建模国赛！_扫描版.pdf,2026国赛论文写作模版\2026国赛！挑战一小时速通数学建模国赛！_扫描版.pdf
569,INNER,dup,A157 2026数学建模国赛备战冲刺资料合集！\2026老哥！2026国赛最强备战资料！3天速成国奖配套资料！\2026国赛！挑战一小时速通数学建模国赛！_扫描版.pdf,2026国赛论文写作模版\2026国赛！挑战一小时速通数学建模国赛！_扫描版.pdf
569,INNER,dup,A157 2026数学建模国赛备战冲刺资料合集！\AI+数学建模提示词汇总！\2026国赛！挑战一小时速通数学建模国赛！_扫描版.pdf,2026国赛论文写作模版\2026国赛！挑战一小时速通数学建模国赛！_扫描版.pdf
570,INNER,keep,2026国赛AI助攻资料合集\AI+数学建模提示词汇总！\数学建模AI提示词.pdf,2026国赛AI助攻资料合集\AI+数学建模提示词汇总！\数学建模AI提示词.pdf
570,INNER,dup,2026数学建模核心资料\AI+数学建模提示词汇总！\数学建模AI提示词(1).pdf,2026国赛AI助攻资料合集\AI+数学建模提示词汇总！\数学建模AI提示词.pdf
570,INNER,dup,2026数学建模核心资料\AI+数学建模提示词汇总！\数学建模AI提示词.pdf,2026国赛AI助攻资料合集\AI+数学建模提示词汇总！\数学建模AI提示词.pdf
570,INNER,dup,A157 2026数学建模国赛备战冲刺资料合集！\AI+数学建模提示词汇总！\数学建模AI提示词.pdf,2026国赛AI助攻资料合集\AI+数学建模提示词汇总！\数学建模AI提示词.pdf
571,INNER,keep,2026数学建模核心资料\数学建模国赛零基础3天极限速成讲义！(1).pdf,2026数学建模核心资料\数学建模国赛零基础3天极限速成讲义！(1).pdf
571,INNER,dup,2026数学建模核心资料\数学建模国赛零基础3天极限速成讲义！.pdf,2026数学建模核心资料\数学建模国赛零基础3天极限速成讲义！(1).pdf
572,INNER,keep,2026数学建模核心资料\炫酷图表！数学建模竞赛50多种必备炫酷图表详细介绍+制作教程！_扫描版(1).pdf,2026数学建模核心资料\炫酷图表！数学建模竞赛50多种必备炫酷图表详细介绍+制作教程！_扫描版(1).pdf
572,INNER,dup,2026数学建模核心资料\炫酷图表！数学建模竞赛50多种必备炫酷图表详细介绍+制作教程！_扫描版.pdf,2026数学建模核心资料\炫酷图表！数学建模竞赛50多种必备炫酷图表详细介绍+制作教程！_扫描版(1).pdf
573,INNER,keep,2026数学建模核心资料\国赛B题必备模型+代码资料合集\国赛B题必备优化模型——0-1整数规划\0_1线性规划模型的MATLAB实现及应用.pdf,2026数学建模核心资料\国赛B题必备模型+代码资料合集\国赛B题必备优化模型——0-1整数规划\0_1线性规划模型的MATLAB实现及应用.pdf
573,INNER,dup,2026数学建模核心资料\国赛B题必备模型+代码资料合集\国赛B题必备优化模型——线性规划模型\线性规划模型的MATLAB实现及应用.pdf,2026数学建模核心资料\国赛B题必备模型+代码资料合集\国赛B题必备优化模型——0-1整数规划\0_1线性规划模型的MATLAB实现及应用.pdf
573,INNER,dup,2026数学建模核心资料\国赛C题必备模型+代码资料合集\国赛C题必备优化模型——0-1整数规划\0_1线性规划模型的MATLAB实现及应用.pdf,2026数学建模核心资料\国赛B题必备模型+代码资料合集\国赛B题必备优化模型——0-1整数规划\0_1线性规划模型的MATLAB实现及应用.pdf
574,INNER,keep,2026数学建模核心资料\国赛B题必备模型+代码资料合集\国赛B题必备优化模型——二次规划\使用python求解二次规划的问题.pdf,2026数学建模核心资料\国赛B题必备模型+代码资料合集\国赛B题必备优化模型——二次规划\使用python求解二次规划的问题.pdf
574,INNER,dup,2026数学建模核心资料\国赛C题必备模型+代码资料合集\国赛C题必备优化模型——二次规划\使用python求解二次规划的问题.pdf,2026数学建模核心资料\国赛B题必备模型+代码资料合集\国赛B题必备优化模型——二次规划\使用python求解二次规划的问题.pdf
575,INNER,keep,2026数学建模核心资料\国赛B题必备模型+代码资料合集\国赛B题必备优化模型——动态规划\动态规划笔记.pdf,2026数学建模核心资料\国赛B题必备模型+代码资料合集\国赛B题必备优化模型——动态规划\动态规划笔记.pdf
575,INNER,dup,2026数学建模核心资料\国赛C题必备模型+代码资料合集\国赛C题必备优化模型——动态规划\动态规划笔记.pdf,2026数学建模核心资料\国赛B题必备模型+代码资料合集\国赛B题必备优化模型——动态规划\动态规划笔记.pdf
576,INNER,keep,2026数学建模核心资料\国赛B题必备模型+代码资料合集\国赛B题必备优化模型——单目标规划与多目标规划\单目标多目标与整数规划.pdf,2026数学建模核心资料\国赛B题必备模型+代码资料合集\国赛B题必备优化模型——单目标规划与多目标规划\单目标多目标与整数规划.pdf
576,INNER,dup,2026数学建模核心资料\国赛C题必备模型+代码资料合集\国赛C题必备优化模型——单目标规划与多目标规划\单目标多目标与整数规划.pdf,2026数学建模核心资料\国赛B题必备模型+代码资料合集\国赛B题必备优化模型——单目标规划与多目标规划\单目标多目标与整数规划.pdf
577,INNER,keep,2026数学建模核心资料\国赛B题必备模型+代码资料合集\国赛B题必备优化模型——单目标规划与多目标规划\多目标规划-matlab程序.pdf,2026数学建模核心资料\国赛B题必备模型+代码资料合集\国赛B题必备优化模型——单目标规划与多目标规划\多目标规划-matlab程序.pdf
577,INNER,dup,2026数学建模核心资料\国赛C题必备模型+代码资料合集\国赛C题必备优化模型——单目标规划与多目标规划\多目标规划-matlab程序.pdf,2026数学建模核心资料\国赛B题必备模型+代码资料合集\国赛B题必备优化模型——单目标规划与多目标规划\多目标规划-matlab程序.pdf
578,INNER,keep,2026数学建模核心资料\国赛B题必备模型+代码资料合集\国赛B题必备优化模型——单目标规划与多目标规划\多目标规划.pdf,2026数学建模核心资料\国赛B题必备模型+代码资料合集\国赛B题必备优化模型——单目标规划与多目标规划\多目标规划.pdf
578,INNER,dup,2026数学建模核心资料\国赛C题必备模型+代码资料合集\国赛C题必备优化模型——单目标规划与多目标规划\多目标规划.pdf,2026数学建模核心资料\国赛B题必备模型+代码资料合集\国赛B题必备优化模型——单目标规划与多目标规划\多目标规划.pdf
579,INNER,keep,2026数学建模核心资料\国赛B题必备模型+代码资料合集\国赛B题必备优化模型——粒子群算法\Python实现单目标粒子群算法.pdf,2026数学建模核心资料\国赛B题必备模型+代码资料合集\国赛B题必备优化模型——粒子群算法\Python实现单目标粒子群算法.pdf
579,INNER,dup,2026数学建模核心资料\国赛C题必备模型+代码资料合集\国赛C题必备优化模型——粒子群算法\Python实现单目标粒子群算法.pdf,2026数学建模核心资料\国赛B题必备模型+代码资料合集\国赛B题必备优化模型——粒子群算法\Python实现单目标粒子群算法.pdf
580,INNER,keep,2026数学建模核心资料\国赛B题必备模型+代码资料合集\国赛B题必备优化模型——粒子群算法\Python编程实现粒子群算法(PSO)详解.pdf,2026数学建模核心资料\国赛B题必备模型+代码资料合集\国赛B题必备优化模型——粒子群算法\Python编程实现粒子群算法(PSO)详解.pdf
580,INNER,dup,2026数学建模核心资料\国赛C题必备模型+代码资料合集\国赛C题必备优化模型——粒子群算法\Python编程实现粒子群算法(PSO)详解.pdf,2026数学建模核心资料\国赛B题必备模型+代码资料合集\国赛B题必备优化模型——粒子群算法\Python编程实现粒子群算法(PSO)详解.pdf
581,INNER,keep,2026数学建模核心资料\国赛B题必备模型+代码资料合集\国赛B题必备优化模型——粒子群算法\粒子群算法求解最大值问题详解（附python代码）.pdf,2026数学建模核心资料\国赛B题必备模型+代码资料合集\国赛B题必备优化模型——粒子群算法\粒子群算法求解最大值问题详解（附python代码）.pdf
581,INNER,dup,2026数学建模核心资料\国赛C题必备模型+代码资料合集\国赛C题必备优化模型——粒子群算法\粒子群算法求解最大值问题详解（附python代码）.pdf,2026数学建模核心资料\国赛B题必备模型+代码资料合集\国赛B题必备优化模型——粒子群算法\粒子群算法求解最大值问题详解（附python代码）.pdf
582,INNER,keep,2026数学建模核心资料\国赛B题必备模型+代码资料合集\国赛B题必备优化模型——线性规划模型\1..第一章  线性规划.pdf,2026数学建模核心资料\国赛B题必备模型+代码资料合集\国赛B题必备优化模型——线性规划模型\1..第一章  线性规划.pdf
582,INNER,dup,2026数学建模核心资料\国赛B题必备模型+代码资料合集\国赛B题必备优化模型——线性规划模型\第01章  线性规划_20220618113034.pdf,2026数学建模核心资料\国赛B题必备模型+代码资料合集\国赛B题必备优化模型——线性规划模型\1..第一章  线性规划.pdf
582,INNER,dup,2026数学建模核心资料\国赛B题必备模型+代码资料合集\国赛B题必备优化模型——线性规划模型\线性规划.pdf,2026数学建模核心资料\国赛B题必备模型+代码资料合集\国赛B题必备优化模型——线性规划模型\1..第一章  线性规划.pdf
583,INNER,keep,2026数学建模核心资料\国赛B题必备模型+代码资料合集\国赛B题必备优化模型——线性规划模型\Matlab线性规划与非线性规划.pdf,2026数学建模核心资料\国赛B题必备模型+代码资料合集\国赛B题必备优化模型——线性规划模型\Matlab线性规划与非线性规划.pdf
583,INNER,dup,2026数学建模核心资料\国赛B题必备模型+代码资料合集\国赛B题必备优化模型——线性规划模型\线性规划与非线性规划.pdf,2026数学建模核心资料\国赛B题必备模型+代码资料合集\国赛B题必备优化模型——线性规划模型\Matlab线性规划与非线性规划.pdf
583,INNER,dup,2026数学建模核心资料\国赛B题必备模型+代码资料合集\国赛B题必备优化模型——非线性规划\Matlab线性规划与非线性规划.pdf,2026数学建模核心资料\国赛B题必备模型+代码资料合集\国赛B题必备优化模型——线性规划模型\Matlab线性规划与非线性规划.pdf
583,INNER,dup,2026数学建模核心资料\国赛B题必备模型+代码资料合集\国赛B题必备优化模型——非线性规划\线性规划与非线性规划.pdf,2026数学建模核心资料\国赛B题必备模型+代码资料合集\国赛B题必备优化模型——线性规划模型\Matlab线性规划与非线性规划.pdf
583,INNER,dup,2026数学建模核心资料\国赛C题必备模型+代码资料合集\国赛C题必备优化模型——非线性规划\Matlab线性规划与非线性规划.pdf,2026数学建模核心资料\国赛B题必备模型+代码资料合集\国赛B题必备优化模型——线性规划模型\Matlab线性规划与非线性规划.pdf
583,INNER,dup,2026数学建模核心资料\国赛C题必备模型+代码资料合集\国赛C题必备优化模型——非线性规划\线性规划与非线性规划.pdf,2026数学建模核心资料\国赛B题必备模型+代码资料合集\国赛B题必备优化模型——线性规划模型\Matlab线性规划与非线性规划.pdf
584,INNER,keep,2026数学建模核心资料\国赛B题必备模型+代码资料合集\国赛B题必备优化模型——非线性规划\第03章  非线性规划.pdf,2026数学建模核心资料\国赛B题必备模型+代码资料合集\国赛B题必备优化模型——非线性规划\第03章  非线性规划.pdf
584,INNER,dup,2026数学建模核心资料\国赛B题必备模型+代码资料合集\国赛B题必备优化模型——非线性规划\非线性规划.pdf,2026数学建模核心资料\国赛B题必备模型+代码资料合集\国赛B题必备优化模型——非线性规划\第03章  非线性规划.pdf
584,INNER,dup,2026数学建模核心资料\国赛C题必备模型+代码资料合集\国赛C题必备优化模型——非线性规划\第03章  非线性规划.pdf,2026数学建模核心资料\国赛B题必备模型+代码资料合集\国赛B题必备优化模型——非线性规划\第03章  非线性规划.pdf
584,INNER,dup,2026数学建模核心资料\国赛C题必备模型+代码资料合集\国赛C题必备优化模型——非线性规划\非线性规划.pdf,2026数学建模核心资料\国赛B题必备模型+代码资料合集\国赛B题必备优化模型——非线性规划\第03章  非线性规划.pdf
585,INNER,keep,2026数学建模核心资料\国赛B题必备模型+代码资料合集\国赛B题必备优化模型——非线性规划\运筹学第六章：非线性规划.pdf,2026数学建模核心资料\国赛B题必备模型+代码资料合集\国赛B题必备优化模型——非线性规划\运筹学第六章：非线性规划.pdf
585,INNER,dup,2026数学建模核心资料\国赛C题必备模型+代码资料合集\国赛C题必备优化模型——非线性规划\运筹学第六章：非线性规划.pdf,2026数学建模核心资料\国赛B题必备模型+代码资料合集\国赛B题必备优化模型——非线性规划\运筹学第六章：非线性规划.pdf
586,INNER,keep,2026数学建模核心资料\国赛B题必备模型+代码资料合集\国赛B题必备分类模型——K-means分类及代码\K-means算法过程示意介绍.pdf,2026数学建模核心资料\国赛B题必备模型+代码资料合集\国赛B题必备分类模型——K-means分类及代码\K-means算法过程示意介绍.pdf
586,INNER,dup,2026数学建模核心资料\国赛C题必备模型+代码资料合集\国赛C题必备分类模型——K-means分类及代码\K-means算法过程示意介绍.pdf,2026数学建模核心资料\国赛B题必备模型+代码资料合集\国赛B题必备分类模型——K-means分类及代码\K-means算法过程示意介绍.pdf
587,INNER,keep,2026数学建模核心资料\国赛B题必备模型+代码资料合集\国赛B题必备数据预处理模型——分类变量处理\数据变换——分类变量处理.pdf,2026数学建模核心资料\国赛B题必备模型+代码资料合集\国赛B题必备数据预处理模型——分类变量处理\数据变换——分类变量处理.pdf
587,INNER,dup,2026数学建模核心资料\国赛C题必备模型+代码资料合集\国赛C题必备数据预处理模型——分类变量处理\数据变换——分类变量处理.pdf,2026数学建模核心资料\国赛B题必备模型+代码资料合集\国赛B题必备数据预处理模型——分类变量处理\数据变换——分类变量处理.pdf
588,INNER,keep,2026数学建模核心资料\国赛B题必备模型+代码资料合集\国赛B题必备数据预处理模型——异常值处理\数据预处理——异常值处理.pdf,2026数学建模核心资料\国赛B题必备模型+代码资料合集\国赛B题必备数据预处理模型——异常值处理\数据预处理——异常值处理.pdf
588,INNER,dup,2026数学建模核心资料\国赛C题必备模型+代码资料合集\国赛C题必备数据预处理模型——异常值处理\数据预处理——异常值处理.pdf,2026数学建模核心资料\国赛B题必备模型+代码资料合集\国赛B题必备数据预处理模型——异常值处理\数据预处理——异常值处理.pdf
589,INNER,keep,2026数学建模核心资料\国赛B题必备模型+代码资料合集\国赛B题必备数据预处理模型——标准化处理\数据变换——标准化变换.pdf,2026数学建模核心资料\国赛B题必备模型+代码资料合集\国赛B题必备数据预处理模型——标准化处理\数据变换——标准化变换.pdf
589,INNER,dup,2026数学建模核心资料\国赛C题必备模型+代码资料合集\国赛C题必备数据预处理模型——标准化处理\数据变换——标准化变换.pdf,2026数学建模核心资料\国赛B题必备模型+代码资料合集\国赛B题必备数据预处理模型——标准化处理\数据变换——标准化变换.pdf
590,INNER,keep,2026数学建模核心资料\国赛B题必备模型+代码资料合集\国赛B题必备数据预处理模型——简单函数变换\数据变换——简单函数变换.pdf,2026数学建模核心资料\国赛B题必备模型+代码资料合集\国赛B题必备数据预处理模型——简单函数变换\数据变换——简单函数变换.pdf
590,INNER,dup,2026数学建模核心资料\国赛C题必备模型+代码资料合集\国赛C题必备数据预处理模型——简单函数变换\数据变换——简单函数变换.pdf,2026数学建模核心资料\国赛B题必备模型+代码资料合集\国赛B题必备数据预处理模型——简单函数变换\数据变换——简单函数变换.pdf
591,INNER,keep,2026数学建模核心资料\国赛B题必备模型+代码资料合集\国赛B题必备数据预处理模型——缺失值处理\数据预处理——缺失值处理.pdf,2026数学建模核心资料\国赛B题必备模型+代码资料合集\国赛B题必备数据预处理模型——缺失值处理\数据预处理——缺失值处理.pdf
591,INNER,dup,2026数学建模核心资料\国赛C题必备模型+代码资料合集\国赛C题必备数据预处理模型——缺失值处理\数据预处理——缺失值处理.pdf,2026数学建模核心资料\国赛B题必备模型+代码资料合集\国赛B题必备数据预处理模型——缺失值处理\数据预处理——缺失值处理.pdf
592,INNER,keep,2026数学建模核心资料\国赛B题必备模型+代码资料合集\国赛B题必备数据预处理模型——连续变量离散化\数据变换——连续变量离散化.pdf,2026数学建模核心资料\国赛B题必备模型+代码资料合集\国赛B题必备数据预处理模型——连续变量离散化\数据变换——连续变量离散化.pdf
592,INNER,dup,2026数学建模核心资料\国赛C题必备模型+代码资料合集\国赛C题必备数据预处理模型——连续变量离散化\数据变换——连续变量离散化.pdf,2026数学建模核心资料\国赛B题必备模型+代码资料合集\国赛B题必备数据预处理模型——连续变量离散化\数据变换——连续变量离散化.pdf
593,INNER,keep,2026数学建模核心资料\国赛B题必备模型+代码资料合集\国赛B题必备数据预处理模型——重复值处理\数据预处理——重复值处理.pdf,2026数学建模核心资料\国赛B题必备模型+代码资料合集\国赛B题必备数据预处理模型——重复值处理\数据预处理——重复值处理.pdf
593,INNER,dup,2026数学建模核心资料\国赛C题必备模型+代码资料合集\国赛C题必备数据预处理模型——重复值处理\数据预处理——重复值处理.pdf,2026数学建模核心资料\国赛B题必备模型+代码资料合集\国赛B题必备数据预处理模型——重复值处理\数据预处理——重复值处理.pdf
594,INNER,keep,2026数学建模核心资料\国赛B题必备模型+代码资料合集\国赛B题必备模型——精美绘图Matlab代码\高质量美赛精美绘图实战解析课.pdf,2026数学建模核心资料\国赛B题必备模型+代码资料合集\国赛B题必备模型——精美绘图Matlab代码\高质量美赛精美绘图实战解析课.pdf
594,INNER,dup,2026数学建模核心资料\国赛C题必备模型+代码资料合集\国赛B题必备模型——精美绘图Matlab代码\高质量美赛精美绘图实战解析课.pdf,2026数学建模核心资料\国赛B题必备模型+代码资料合集\国赛B题必备模型——精美绘图Matlab代码\高质量美赛精美绘图实战解析课.pdf
595,INNER,keep,2026数学建模核心资料\国赛B题必备模型+代码资料合集\国赛B题必备评价模型——topsis模型\TOPSIS模型基本原理.pdf,2026数学建模核心资料\国赛B题必备模型+代码资料合集\国赛B题必备评价模型——topsis模型\TOPSIS模型基本原理.pdf
595,INNER,dup,2026数学建模核心资料\国赛C题必备模型+代码资料合集\国赛C题必备评价模型——topsis模型\TOPSIS模型基本原理.pdf,2026数学建模核心资料\国赛B题必备模型+代码资料合集\国赛B题必备评价模型——topsis模型\TOPSIS模型基本原理.pdf
596,INNER,keep,2026数学建模核心资料\国赛B题必备模型+代码资料合集\国赛B题必备评价模型——因子分析法\因子分析.pdf,2026数学建模核心资料\国赛B题必备模型+代码资料合集\国赛B题必备评价模型——因子分析法\因子分析.pdf
596,INNER,dup,2026数学建模核心资料\国赛C题必备模型+代码资料合集\国赛C题必备评价模型——因子分析法\因子分析.pdf,2026数学建模核心资料\国赛B题必备模型+代码资料合集\国赛B题必备评价模型——因子分析法\因子分析.pdf
597,INNER,keep,2026数学建模核心资料\国赛B题必备模型+代码资料合集\国赛B题必备评价模型——层次分析法\06层次分析法.pdf,2026数学建模核心资料\国赛B题必备模型+代码资料合集\国赛B题必备评价模型——层次分析法\06层次分析法.pdf
597,INNER,dup,2026数学建模核心资料\国赛C题必备模型+代码资料合集\国赛C题必备评价模型——层次分析法\06层次分析法.pdf,2026数学建模核心资料\国赛B题必备模型+代码资料合集\国赛B题必备评价模型——层次分析法\06层次分析法.pdf
598,INNER,keep,2026数学建模核心资料\国赛B题必备模型+代码资料合集\国赛B题必备评价模型——模糊综合评价\老哥带你学数模：模糊综合评价算法 .pdf,2026数学建模核心资料\国赛B题必备模型+代码资料合集\国赛B题必备评价模型——模糊综合评价\老哥带你学数模：模糊综合评价算法 .pdf
598,INNER,dup,2026数学建模核心资料\国赛C题必备模型+代码资料合集\国赛C题必备评价模型——模糊综合评价\老哥带你学数模：模糊综合评价算法 .pdf,2026数学建模核心资料\国赛B题必备模型+代码资料合集\国赛B题必备评价模型——模糊综合评价\老哥带你学数模：模糊综合评价算法 .pdf
599,INNER,keep,2026数学建模核心资料\国赛B题必备模型+代码资料合集\国赛B题必备评价模型——神经网络算法\神经网络算法基本原理.pdf,2026数学建模核心资料\国赛B题必备模型+代码资料合集\国赛B题必备评价模型——神经网络算法\神经网络算法基本原理.pdf
599,INNER,dup,2026数学建模核心资料\国赛C题必备模型+代码资料合集\国赛C题必备评价模型——神经网络算法\神经网络算法基本原理.pdf,2026数学建模核心资料\国赛B题必备模型+代码资料合集\国赛B题必备评价模型——神经网络算法\神经网络算法基本原理.pdf
600,INNER,keep,2026数学建模核心资料\数学建模典型题目优秀论文\‌优化类：2020C中小微企业的信贷决策\2020C：针对中小微企业最优信贷决策研究(1).pdf,2026数学建模核心资料\数学建模典型题目优秀论文\‌优化类：2020C中小微企业的信贷决策\2020C：针对中小微企业最优信贷决策研究(1).pdf
600,INNER,dup,2026数学建模核心资料\数学建模典型题目优秀论文\‌优化类：2020C中小微企业的信贷决策\2020C：针对中小微企业最优信贷决策研究.pdf,2026数学建模核心资料\数学建模典型题目优秀论文\‌优化类：2020C中小微企业的信贷决策\2020C：针对中小微企业最优信贷决策研究(1).pdf
601,INNER,keep,2026数学建模核心资料\数学建模典型题目优秀论文\‌优化类：2020C中小微企业的信贷决策\2020C：银行基于大数据挖掘对中小微企业的信贷决策问题(1).pdf,2026数学建模核心资料\数学建模典型题目优秀论文\‌优化类：2020C中小微企业的信贷决策\2020C：银行基于大数据挖掘对中小微企业的信贷决策问题(1).pdf
601,INNER,dup,2026数学建模核心资料\数学建模典型题目优秀论文\‌优化类：2020C中小微企业的信贷决策\2020C：银行基于大数据挖掘对中小微企业的信贷决策问题.pdf,2026数学建模核心资料\数学建模典型题目优秀论文\‌优化类：2020C中小微企业的信贷决策\2020C：银行基于大数据挖掘对中小微企业的信贷决策问题(1).pdf
602,INNER,keep,2026数学建模核心资料\数学建模典型题目优秀论文\‌优化类：2020C中小微企业的信贷决策\2020C：银行对中小微企业的信贷策略(1).pdf,2026数学建模核心资料\数学建模典型题目优秀论文\‌优化类：2020C中小微企业的信贷决策\2020C：银行对中小微企业的信贷策略(1).pdf
602,INNER,dup,2026数学建模核心资料\数学建模典型题目优秀论文\‌优化类：2020C中小微企业的信贷决策\2020C：银行对中小微企业的信贷策略.pdf,2026数学建模核心资料\数学建模典型题目优秀论文\‌优化类：2020C中小微企业的信贷决策\2020C：银行对中小微企业的信贷策略(1).pdf
603,INNER,keep,2026数学建模核心资料\数学建模典型题目优秀论文\‌机理类：2018A高温作业专业服装设计\2018A：基于多原则比较和蒙特卡洛模拟的 RGV 动态调度模型(1).pdf,2026数学建模核心资料\数学建模典型题目优秀论文\‌机理类：2018A高温作业专业服装设计\2018A：基于多原则比较和蒙特卡洛模拟的 RGV 动态调度模型(1).pdf
603,INNER,dup,2026数学建模核心资料\数学建模典型题目优秀论文\‌机理类：2018A高温作业专业服装设计\2018A：基于多原则比较和蒙特卡洛模拟的 RGV 动态调度模型.pdf,2026数学建模核心资料\数学建模典型题目优秀论文\‌机理类：2018A高温作业专业服装设计\2018A：基于多原则比较和蒙特卡洛模拟的 RGV 动态调度模型(1).pdf
604,INNER,keep,2026数学建模核心资料\数学建模典型题目优秀论文\‌机理类：2018A高温作业专业服装设计\2018A：基于非稳态导热的高温作业专用服装设计(1).pdf,2026数学建模核心资料\数学建模典型题目优秀论文\‌机理类：2018A高温作业专业服装设计\2018A：基于非稳态导热的高温作业专用服装设计(1).pdf
604,INNER,dup,2026数学建模核心资料\数学建模典型题目优秀论文\‌机理类：2018A高温作业专业服装设计\2018A：基于非稳态导热的高温作业专用服装设计.pdf,2026数学建模核心资料\数学建模典型题目优秀论文\‌机理类：2018A高温作业专业服装设计\2018A：基于非稳态导热的高温作业专用服装设计(1).pdf
605,INNER,keep,2026数学建模核心资料\数学建模典型题目优秀论文\‌机理类：2018A高温作业专业服装设计\2018A：高温作业专用服装设计(1).pdf,2026数学建模核心资料\数学建模典型题目优秀论文\‌机理类：2018A高温作业专业服装设计\2018A：高温作业专用服装设计(1).pdf
605,INNER,dup,2026数学建模核心资料\数学建模典型题目优秀论文\‌机理类：2018A高温作业专业服装设计\2018A：高温作业专用服装设计.pdf,2026数学建模核心资料\数学建模典型题目优秀论文\‌机理类：2018A高温作业专业服装设计\2018A：高温作业专用服装设计(1).pdf
606,INNER,keep,2026数学建模核心资料\数学建模典型题目优秀论文\‌机理类：2018A高温作业专业服装设计\2018A：高温作业服设计(1).pdf,2026数学建模核心资料\数学建模典型题目优秀论文\‌机理类：2018A高温作业专业服装设计\2018A：高温作业服设计(1).pdf
606,INNER,dup,2026数学建模核心资料\数学建模典型题目优秀论文\‌机理类：2018A高温作业专业服装设计\2018A：高温作业服设计.pdf,2026数学建模核心资料\数学建模典型题目优秀论文\‌机理类：2018A高温作业专业服装设计\2018A：高温作业服设计(1).pdf
607,INNER,keep,2026数学建模核心资料\数学建模典型题目优秀论文\‌机理类：‌2016B小区开发对道路通行的影响\2016国赛国一B题优秀论文-基于道路拼接小区开放道路通行影响(1).pdf,2026数学建模核心资料\数学建模典型题目优秀论文\‌机理类：‌2016B小区开发对道路通行的影响\2016国赛国一B题优秀论文-基于道路拼接小区开放道路通行影响(1).pdf
607,INNER,dup,2026数学建模核心资料\数学建模典型题目优秀论文\‌机理类：‌2016B小区开发对道路通行的影响\2016国赛国一B题优秀论文-基于道路拼接小区开放道路通行影响.pdf,2026数学建模核心资料\数学建模典型题目优秀论文\‌机理类：‌2016B小区开发对道路通行的影响\2016国赛国一B题优秀论文-基于道路拼接小区开放道路通行影响(1).pdf
608,INNER,keep,2026数学建模核心资料\数学建模典型题目优秀论文\‌机理类：‌2016B小区开发对道路通行的影响\2016国赛国一B题优秀论文-小区开放道路通行(1).pdf,2026数学建模核心资料\数学建模典型题目优秀论文\‌机理类：‌2016B小区开发对道路通行的影响\2016国赛国一B题优秀论文-小区开放道路通行(1).pdf
608,INNER,dup,2026数学建模核心资料\数学建模典型题目优秀论文\‌机理类：‌2016B小区开发对道路通行的影响\2016国赛国一B题优秀论文-小区开放道路通行.pdf,2026数学建模核心资料\数学建模典型题目优秀论文\‌机理类：‌2016B小区开发对道路通行的影响\2016国赛国一B题优秀论文-小区开放道路通行(1).pdf
608,INNER,dup,2026数学建模核心资料\数学建模典型题目优秀论文\‌机理类：‌2016B小区开发对道路通行的影响\2016国赛国一B题优秀论文-小区开放道路通行影响3(1).pdf,2026数学建模核心资料\数学建模典型题目优秀论文\‌机理类：‌2016B小区开发对道路通行的影响\2016国赛国一B题优秀论文-小区开放道路通行(1).pdf
608,INNER,dup,2026数学建模核心资料\数学建模典型题目优秀论文\‌机理类：‌2016B小区开发对道路通行的影响\2016国赛国一B题优秀论文-小区开放道路通行影响3.pdf,2026数学建模核心资料\数学建模典型题目优秀论文\‌机理类：‌2016B小区开发对道路通行的影响\2016国赛国一B题优秀论文-小区开放道路通行(1).pdf
609,INNER,keep,2026数学建模核心资料\数学建模典型题目优秀论文\‌机理类：‌2016B小区开发对道路通行的影响\2016国赛国一B题优秀论文-小区开放道路通行影响(1).pdf,2026数学建模核心资料\数学建模典型题目优秀论文\‌机理类：‌2016B小区开发对道路通行的影响\2016国赛国一B题优秀论文-小区开放道路通行影响(1).pdf
609,INNER,dup,2026数学建模核心资料\数学建模典型题目优秀论文\‌机理类：‌2016B小区开发对道路通行的影响\2016国赛国一B题优秀论文-小区开放道路通行影响.pdf,2026数学建模核心资料\数学建模典型题目优秀论文\‌机理类：‌2016B小区开发对道路通行的影响\2016国赛国一B题优秀论文-小区开放道路通行影响(1).pdf
610,INNER,keep,2026数学建模核心资料\数学建模典型题目优秀论文\‌机理类：‌2016B小区开发对道路通行的影响\2016国赛国一B题优秀论文-小区开放道路通行影响4(1).pdf,2026数学建模核心资料\数学建模典型题目优秀论文\‌机理类：‌2016B小区开发对道路通行的影响\2016国赛国一B题优秀论文-小区开放道路通行影响4(1).pdf
610,INNER,dup,2026数学建模核心资料\数学建模典型题目优秀论文\‌机理类：‌2016B小区开发对道路通行的影响\2016国赛国一B题优秀论文-小区开放道路通行影响4.pdf,2026数学建模核心资料\数学建模典型题目优秀论文\‌机理类：‌2016B小区开发对道路通行的影响\2016国赛国一B题优秀论文-小区开放道路通行影响4(1).pdf
611,INNER,keep,2026数学建模核心资料\数学建模典型题目优秀论文\‌评价类：2010B上海世博会影响力的定量评估\2010B：上海世博会于文化方面影响力评估(1).pdf,2026数学建模核心资料\数学建模典型题目优秀论文\‌评价类：2010B上海世博会影响力的定量评估\2010B：上海世博会于文化方面影响力评估(1).pdf
611,INNER,dup,2026数学建模核心资料\数学建模典型题目优秀论文\‌评价类：2010B上海世博会影响力的定量评估\2010B：上海世博会于文化方面影响力评估.pdf,2026数学建模核心资料\数学建模典型题目优秀论文\‌评价类：2010B上海世博会影响力的定量评估\2010B：上海世博会于文化方面影响力评估(1).pdf
612,INNER,keep,2026数学建模核心资料\数学建模典型题目优秀论文\‌评价类：2010B上海世博会影响力的定量评估\2010B：世博会参观线路设计(1).pdf,2026数学建模核心资料\数学建模典型题目优秀论文\‌评价类：2010B上海世博会影响力的定量评估\2010B：世博会参观线路设计(1).pdf
612,INNER,dup,2026数学建模核心资料\数学建模典型题目优秀论文\‌评价类：2010B上海世博会影响力的定量评估\2010B：世博会参观线路设计.pdf,2026数学建模核心资料\数学建模典型题目优秀论文\‌评价类：2010B上海世博会影响力的定量评估\2010B：世博会参观线路设计(1).pdf
613,INNER,keep,2026数学建模核心资料\数学建模典型题目优秀论文\‌评价类：2010B上海世博会影响力的定量评估\2010B：世博会对上海旅游业的影响研究(1).pdf,2026数学建模核心资料\数学建模典型题目优秀论文\‌评价类：2010B上海世博会影响力的定量评估\2010B：世博会对上海旅游业的影响研究(1).pdf
613,INNER,dup,2026数学建模核心资料\数学建模典型题目优秀论文\‌评价类：2010B上海世博会影响力的定量评估\2010B：世博会对上海旅游业的影响研究.pdf,2026数学建模核心资料\数学建模典型题目优秀论文\‌评价类：2010B上海世博会影响力的定量评估\2010B：世博会对上海旅游业的影响研究(1).pdf
614,INNER,keep,2026数学建模核心资料\数学建模典型题目优秀论文\‌评价类：2010B上海世博会影响力的定量评估\2010B：对上海世博会文化影响力的定量评估(1).pdf,2026数学建模核心资料\数学建模典型题目优秀论文\‌评价类：2010B上海世博会影响力的定量评估\2010B：对上海世博会文化影响力的定量评估(1).pdf
614,INNER,dup,2026数学建模核心资料\数学建模典型题目优秀论文\‌评价类：2010B上海世博会影响力的定量评估\2010B：对上海世博会文化影响力的定量评估.pdf,2026数学建模核心资料\数学建模典型题目优秀论文\‌评价类：2010B上海世博会影响力的定量评估\2010B：对上海世博会文化影响力的定量评估(1).pdf
615,INNER,keep,2026数学建模核心资料\数学建模典型题目优秀论文\‌评价类：2012A葡萄酒的评价问题\2012国赛国家一等奖A题优秀论文2(1).pdf,2026数学建模核心资料\数学建模典型题目优秀论文\‌评价类：2012A葡萄酒的评价问题\2012国赛国家一等奖A题优秀论文2(1).pdf
615,INNER,dup,2026数学建模核心资料\数学建模典型题目优秀论文\‌评价类：2012A葡萄酒的评价问题\2012国赛国家一等奖A题优秀论文2.pdf,2026数学建模核心资料\数学建模典型题目优秀论文\‌评价类：2012A葡萄酒的评价问题\2012国赛国家一等奖A题优秀论文2(1).pdf
616,INNER,keep,2026数学建模核心资料\数学建模典型题目优秀论文\‌评价类：2012A葡萄酒的评价问题\2012国赛国家一等奖A题优秀论文3(1).pdf,2026数学建模核心资料\数学建模典型题目优秀论文\‌评价类：2012A葡萄酒的评价问题\2012国赛国家一等奖A题优秀论文3(1).pdf
616,INNER,dup,2026数学建模核心资料\数学建模典型题目优秀论文\‌评价类：2012A葡萄酒的评价问题\2012国赛国家一等奖A题优秀论文3.pdf,2026数学建模核心资料\数学建模典型题目优秀论文\‌评价类：2012A葡萄酒的评价问题\2012国赛国家一等奖A题优秀论文3(1).pdf
617,INNER,keep,2026数学建模核心资料\数学建模典型题目优秀论文\‌评价类：2012A葡萄酒的评价问题\2012国赛国家一等奖A题优秀论文5(1).pdf,2026数学建模核心资料\数学建模典型题目优秀论文\‌评价类：2012A葡萄酒的评价问题\2012国赛国家一等奖A题优秀论文5(1).pdf
617,INNER,dup,2026数学建模核心资料\数学建模典型题目优秀论文\‌评价类：2012A葡萄酒的评价问题\2012国赛国家一等奖A题优秀论文5.pdf,2026数学建模核心资料\数学建模典型题目优秀论文\‌评价类：2012A葡萄酒的评价问题\2012国赛国家一等奖A题优秀论文5(1).pdf
618,INNER,keep,2026数学建模核心资料\数学建模典型题目优秀论文\预测类：2007A中国人口增长预测模型\2007A：《丁克现象与中国人口增长》(1).pdf,2026数学建模核心资料\数学建模典型题目优秀论文\预测类：2007A中国人口增长预测模型\2007A：《丁克现象与中国人口增长》(1).pdf
618,INNER,dup,2026数学建模核心资料\数学建模典型题目优秀论文\预测类：2007A中国人口增长预测模型\2007A：《丁克现象与中国人口增长》.pdf,2026数学建模核心资料\数学建模典型题目优秀论文\预测类：2007A中国人口增长预测模型\2007A：《丁克现象与中国人口增长》(1).pdf
619,INNER,keep,2026数学建模核心资料\数学建模典型题目优秀论文\预测类：2007A中国人口增长预测模型\2007A：《中国人口区域结构向量模型》(1).pdf,2026数学建模核心资料\数学建模典型题目优秀论文\预测类：2007A中国人口增长预测模型\2007A：《中国人口区域结构向量模型》(1).pdf
619,INNER,dup,2026数学建模核心资料\数学建模典型题目优秀论文\预测类：2007A中国人口增长预测模型\2007A：《中国人口区域结构向量模型》.pdf,2026数学建模核心资料\数学建模典型题目优秀论文\预测类：2007A中国人口增长预测模型\2007A：《中国人口区域结构向量模型》(1).pdf
620,INNER,keep,2026数学建模核心资料\数学建模典型题目优秀论文\预测类：2007A中国人口增长预测模型\2007A：《中国人口发展趋势的分析与预测》(1).pdf,2026数学建模核心资料\数学建模典型题目优秀论文\预测类：2007A中国人口增长预测模型\2007A：《中国人口发展趋势的分析与预测》(1).pdf
620,INNER,dup,2026数学建模核心资料\数学建模典型题目优秀论文\预测类：2007A中国人口增长预测模型\2007A：《中国人口发展趋势的分析与预测》.pdf,2026数学建模核心资料\数学建模典型题目优秀论文\预测类：2007A中国人口增长预测模型\2007A：《中国人口发展趋势的分析与预测》(1).pdf
621,INNER,keep,2026数学建模核心资料\数学建模典型题目优秀论文\预测类：2007A中国人口增长预测模型\2007A：《中国人口增长预测》(1).pdf,2026数学建模核心资料\数学建模典型题目优秀论文\预测类：2007A中国人口增长预测模型\2007A：《中国人口增长预测》(1).pdf
621,INNER,dup,2026数学建模核心资料\数学建模典型题目优秀论文\预测类：2007A中国人口增长预测模型\2007A：《中国人口增长预测》.pdf,2026数学建模核心资料\数学建模典型题目优秀论文\预测类：2007A中国人口增长预测模型\2007A：《中国人口增长预测》(1).pdf
622,INNER,keep,2026数学建模核心资料\数学建模典型题目优秀论文\预测类：2007A中国人口增长预测模型\2007A：《中国人口增长预测模型》 (2)(1).pdf,2026数学建模核心资料\数学建模典型题目优秀论文\预测类：2007A中国人口增长预测模型\2007A：《中国人口增长预测模型》 (2)(1).pdf
622,INNER,dup,2026数学建模核心资料\数学建模典型题目优秀论文\预测类：2007A中国人口增长预测模型\2007A：《中国人口增长预测模型》 (2).pdf,2026数学建模核心资料\数学建模典型题目优秀论文\预测类：2007A中国人口增长预测模型\2007A：《中国人口增长预测模型》 (2)(1).pdf
623,INNER,keep,2026数学建模核心资料\数学建模典型题目优秀论文\预测类：2007A中国人口增长预测模型\2007A：《中国人口增长预测模型》 (3)(1).pdf,2026数学建模核心资料\数学建模典型题目优秀论文\预测类：2007A中国人口增长预测模型\2007A：《中国人口增长预测模型》 (3)(1).pdf
623,INNER,dup,2026数学建模核心资料\数学建模典型题目优秀论文\预测类：2007A中国人口增长预测模型\2007A：《中国人口增长预测模型》 (3).pdf,2026数学建模核心资料\数学建模典型题目优秀论文\预测类：2007A中国人口增长预测模型\2007A：《中国人口增长预测模型》 (3)(1).pdf
624,INNER,keep,2026数学建模核心资料\数学建模典型题目优秀论文\预测类：2007A中国人口增长预测模型\2007A：《中国人口增长预测模型》 (4)(1).pdf,2026数学建模核心资料\数学建模典型题目优秀论文\预测类：2007A中国人口增长预测模型\2007A：《中国人口增长预测模型》 (4)(1).pdf
624,INNER,dup,2026数学建模核心资料\数学建模典型题目优秀论文\预测类：2007A中国人口增长预测模型\2007A：《中国人口增长预测模型》 (4).pdf,2026数学建模核心资料\数学建模典型题目优秀论文\预测类：2007A中国人口增长预测模型\2007A：《中国人口增长预测模型》 (4)(1).pdf
625,INNER,keep,2026数学建模核心资料\数学建模典型题目优秀论文\预测类：2007A中国人口增长预测模型\2007A：《中国人口增长预测模型》(1).pdf,2026数学建模核心资料\数学建模典型题目优秀论文\预测类：2007A中国人口增长预测模型\2007A：《中国人口增长预测模型》(1).pdf
625,INNER,dup,2026数学建模核心资料\数学建模典型题目优秀论文\预测类：2007A中国人口增长预测模型\2007A：《中国人口增长预测模型》.pdf,2026数学建模核心资料\数学建模典型题目优秀论文\预测类：2007A中国人口增长预测模型\2007A：《中国人口增长预测模型》(1).pdf
626,INNER,keep,2026数学建模核心资料\数学建模典型题目优秀论文\预测类：2007A中国人口增长预测模型\2007A：《中国人口增长预测模型的建立与分析》(1).pdf,2026数学建模核心资料\数学建模典型题目优秀论文\预测类：2007A中国人口增长预测模型\2007A：《中国人口增长预测模型的建立与分析》(1).pdf
626,INNER,dup,2026数学建模核心资料\数学建模典型题目优秀论文\预测类：2007A中国人口增长预测模型\2007A：《中国人口增长预测模型的建立与分析》.pdf,2026数学建模核心资料\数学建模典型题目优秀论文\预测类：2007A中国人口增长预测模型\2007A：《中国人口增长预测模型的建立与分析》(1).pdf
627,INNER,keep,2026数学建模核心资料\数学建模典型题目优秀论文\预测类：2007A中国人口增长预测模型\2007A：《人口增长预测模型》(1).pdf,2026数学建模核心资料\数学建模典型题目优秀论文\预测类：2007A中国人口增长预测模型\2007A：《人口增长预测模型》(1).pdf
627,INNER,dup,2026数学建模核心资料\数学建模典型题目优秀论文\预测类：2007A中国人口增长预测模型\2007A：《人口增长预测模型》.pdf,2026数学建模核心资料\数学建模典型题目优秀论文\预测类：2007A中国人口增长预测模型\2007A：《人口增长预测模型》(1).pdf
628,INNER,keep,2026数学建模核心资料\数学建模典型题目优秀论文\预测类：2007A中国人口增长预测模型\2007A：《基于Leslie模型的中国人口预测及模特卡罗仿真》(1).pdf,2026数学建模核心资料\数学建模典型题目优秀论文\预测类：2007A中国人口增长预测模型\2007A：《基于Leslie模型的中国人口预测及模特卡罗仿真》(1).pdf
628,INNER,dup,2026数学建模核心资料\数学建模典型题目优秀论文\预测类：2007A中国人口增长预测模型\2007A：《基于Leslie模型的中国人口预测及模特卡罗仿真》.pdf,2026数学建模核心资料\数学建模典型题目优秀论文\预测类：2007A中国人口增长预测模型\2007A：《基于Leslie模型的中国人口预测及模特卡罗仿真》(1).pdf
629,INNER,keep,2026数学建模核心资料\数学建模典型题目优秀论文\预测类：2007A中国人口增长预测模型\2007A：《基于差分方程的人口预测模型》(1).pdf,2026数学建模核心资料\数学建模典型题目优秀论文\预测类：2007A中国人口增长预测模型\2007A：《基于差分方程的人口预测模型》(1).pdf
629,INNER,dup,2026数学建模核心资料\数学建模典型题目优秀论文\预测类：2007A中国人口增长预测模型\2007A：《基于差分方程的人口预测模型》.pdf,2026数学建模核心资料\数学建模典型题目优秀论文\预测类：2007A中国人口增长预测模型\2007A：《基于差分方程的人口预测模型》(1).pdf
630,INNER,keep,2026数学建模核心资料\数学建模典型题目优秀论文\预测类：2016C电池剩余放电时间预测\2016国赛国一C题优秀论文-电池剩余放电时间预测(1).pdf,2026数学建模核心资料\数学建模典型题目优秀论文\预测类：2016C电池剩余放电时间预测\2016国赛国一C题优秀论文-电池剩余放电时间预测(1).pdf
630,INNER,dup,2026数学建模核心资料\数学建模典型题目优秀论文\预测类：2016C电池剩余放电时间预测\2016国赛国一C题优秀论文-电池剩余放电时间预测.pdf,2026数学建模核心资料\数学建模典型题目优秀论文\预测类：2016C电池剩余放电时间预测\2016国赛国一C题优秀论文-电池剩余放电时间预测(1).pdf
631,INNER,keep,2026数学建模核心资料\数学建模典型题目优秀论文\预测类：2016C电池剩余放电时间预测\2016国赛国一C题优秀论文-电池剩余放电时间预测2(1).pdf,2026数学建模核心资料\数学建模典型题目优秀论文\预测类：2016C电池剩余放电时间预测\2016国赛国一C题优秀论文-电池剩余放电时间预测2(1).pdf
631,INNER,dup,2026数学建模核心资料\数学建模典型题目优秀论文\预测类：2016C电池剩余放电时间预测\2016国赛国一C题优秀论文-电池剩余放电时间预测2.pdf,2026数学建模核心资料\数学建模典型题目优秀论文\预测类：2016C电池剩余放电时间预测\2016国赛国一C题优秀论文-电池剩余放电时间预测2(1).pdf
632,INNER,keep,2026数学建模核心资料\美赛按题目题型分类常用算法代码程序包！\优化与控制题型参考代码【数学建模老哥】\多目标快速非支配排序遗传算法优化代码\说明.pdf,2026数学建模核心资料\美赛按题目题型分类常用算法代码程序包！\优化与控制题型参考代码【数学建模老哥】\多目标快速非支配排序遗传算法优化代码\说明.pdf
632,INNER,dup,2026数学建模核心资料\美赛按题目题型分类常用算法代码程序包！\美赛照题目分类程序包【数学建模老哥】\美赛A题常见参考代码【数学建模老哥】\多目标快速非支配排序遗传算法优化代码【数学建模老哥】\说明.pdf,2026数学建模核心资料\美赛按题目题型分类常用算法代码程序包！\优化与控制题型参考代码【数学建模老哥】\多目标快速非支配排序遗传算法优化代码\说明.pdf
633,INNER,keep,2026数学建模核心资料\美赛按题目题型分类常用算法代码程序包！\优化与控制题型参考代码【数学建模老哥】\多种遗传算法优化论文与代码\MATLAB-智能算法30个案例分析.pdf,2026数学建模核心资料\美赛按题目题型分类常用算法代码程序包！\优化与控制题型参考代码【数学建模老哥】\多种遗传算法优化论文与代码\MATLAB-智能算法30个案例分析.pdf
633,INNER,dup,2026数学建模核心资料\美赛按题目题型分类常用算法代码程序包！\美赛照题目分类程序包【数学建模老哥】\美赛A题常见参考代码【数学建模老哥】\多种遗传算法优化论文与代码【数学建模老哥】\MATLAB-智能算法30个案例分析.pdf,2026数学建模核心资料\美赛按题目题型分类常用算法代码程序包！\优化与控制题型参考代码【数学建模老哥】\多种遗传算法优化论文与代码\MATLAB-智能算法30个案例分析.pdf
634,INNER,keep,2026数学建模核心资料\美赛按题目题型分类常用算法代码程序包！\分类与判别类题型参考代码【数学建模老哥】\RQA对离散时间序列进行递归图分析\递归分析(matlab)\crp_man.pdf,2026数学建模核心资料\美赛按题目题型分类常用算法代码程序包！\分类与判别类题型参考代码【数学建模老哥】\RQA对离散时间序列进行递归图分析\递归分析(matlab)\crp_man.pdf
634,INNER,dup,2026数学建模核心资料\美赛按题目题型分类常用算法代码程序包！\美赛照题目分类程序包【数学建模老哥】\美赛B题常见参考代码【数学建模老哥】\RQA对离散时间序列进行递归图分析【数学建模老哥】\递归分析(matlab)\crp_man.pdf,2026数学建模核心资料\美赛按题目题型分类常用算法代码程序包！\分类与判别类题型参考代码【数学建模老哥】\RQA对离散时间序列进行递归图分析\递归分析(matlab)\crp_man.pdf
634,INNER,dup,2026数学建模核心资料\美赛按题目题型分类常用算法代码程序包！\美赛照题目分类程序包【数学建模老哥】\美赛C题常见参考代码【数学建模老哥】\RQA对离散时间序列进行递归图分析【数学建模老哥】\递归分析(matlab)\crp_man.pdf,2026数学建模核心资料\美赛按题目题型分类常用算法代码程序包！\分类与判别类题型参考代码【数学建模老哥】\RQA对离散时间序列进行递归图分析\递归分析(matlab)\crp_man.pdf
635,INNER,keep,2026老哥！2026国赛最强备战资料！3天速成国奖配套资料！\2026国赛！挑战3天零基础速成数学建模国赛国奖书籍！.pdf,2026老哥！2026国赛最强备战资料！3天速成国奖配套资料！\2026国赛！挑战3天零基础速成数学建模国赛国奖书籍！.pdf
635,INNER,dup,A157 2026数学建模国赛备战冲刺资料合集！\2026国赛！挑战3天零基础速成数学建模国赛国奖书籍！.pdf,2026老哥！2026国赛最强备战资料！3天速成国奖配套资料！\2026国赛！挑战3天零基础速成数学建模国赛国奖书籍！.pdf
635,INNER,dup,A157 2026数学建模国赛备战冲刺资料合集！\2026老哥！2026国赛最强备战资料！3天速成国奖配套资料！\2026国赛！挑战3天零基础速成数学建模国赛国奖书籍！.pdf,2026老哥！2026国赛最强备战资料！3天速成国奖配套资料！\2026国赛！挑战3天零基础速成数学建模国赛国奖书籍！.pdf
636,INNER,dup,2026国赛AI助攻资料合集\2026国赛各类AI实用工具和提示词汇总！\2026数学建模国赛AI全自动自查表（标准版）\AI全自动检测完整演示.mp4,2026国赛AI助攻资料合集\2026数学建模国赛AI全自动自查表（标准版）\AI全自动检测完整演示.mp4
636,INNER,keep,2026国赛AI助攻资料合集\2026数学建模国赛AI全自动自查表（标准版）\AI全自动检测完整演示.mp4,2026国赛AI助攻资料合集\2026数学建模国赛AI全自动自查表（标准版）\AI全自动检测完整演示.mp4
636,INNER,dup,2026国赛各类AI实用工具和提示词汇总！\2026数学建模国赛AI全自动自查表（标准版）\AI全自动检测完整演示.mp4,2026国赛AI助攻资料合集\2026数学建模国赛AI全自动自查表（标准版）\AI全自动检测完整演示.mp4
636,INNER,dup,A157 2026数学建模国赛备战冲刺资料合集！\2026国赛各类AI实用工具和提示词汇总！\2026数学建模国赛AI全自动自查表（标准版）\AI全自动检测完整演示.mp4,2026国赛AI助攻资料合集\2026数学建模国赛AI全自动自查表（标准版）\AI全自动检测完整演示.mp4
636,INNER,dup,A157 2026数学建模国赛备战冲刺资料合集！\2026数学建模国赛AI全自动自查表（标准版）\AI全自动检测完整演示.mp4,2026国赛AI助攻资料合集\2026数学建模国赛AI全自动自查表（标准版）\AI全自动检测完整演示.mp4
637,INNER,keep,2026国赛论文写作模版\latex.zip,2026国赛论文写作模版\latex.zip
637,INNER,dup,A157 2026数学建模国赛备战冲刺资料合集！\2026国赛论文写作模版\latex.zip,2026国赛论文写作模版\latex.zip
638,INNER,keep,2026数学建模核心资料\国赛B题必备模型+代码资料合集\国赛B题必备优化模型——0-1整数规划\0-1整数规划的MATLAB源码.zip,2026数学建模核心资料\国赛B题必备模型+代码资料合集\国赛B题必备优化模型——0-1整数规划\0-1整数规划的MATLAB源码.zip
638,INNER,dup,2026数学建模核心资料\国赛C题必备模型+代码资料合集\国赛C题必备优化模型——0-1整数规划\0-1整数规划的MATLAB源码.zip,2026数学建模核心资料\国赛B题必备模型+代码资料合集\国赛B题必备优化模型——0-1整数规划\0-1整数规划的MATLAB源码.zip
639,INNER,keep,2026数学建模核心资料\国赛B题必备模型+代码资料合集\国赛B题必备优化模型——0-1整数规划\0-1规划的两种求解（模拟退火及Lingo求解）.rar,2026数学建模核心资料\国赛B题必备模型+代码资料合集\国赛B题必备优化模型——0-1整数规划\0-1规划的两种求解（模拟退火及Lingo求解）.rar
639,INNER,dup,2026数学建模核心资料\国赛C题必备模型+代码资料合集\国赛C题必备优化模型——0-1整数规划\0-1规划的两种求解（模拟退火及Lingo求解）.rar,2026数学建模核心资料\国赛B题必备模型+代码资料合集\国赛B题必备优化模型——0-1整数规划\0-1规划的两种求解（模拟退火及Lingo求解）.rar
640,INNER,keep,2026数学建模核心资料\国赛B题必备模型+代码资料合集\国赛B题必备优化模型——二次规划\二次规划Matlab程序.rar,2026数学建模核心资料\国赛B题必备模型+代码资料合集\国赛B题必备优化模型——二次规划\二次规划Matlab程序.rar
640,INNER,dup,2026数学建模核心资料\国赛C题必备模型+代码资料合集\国赛C题必备优化模型——二次规划\二次规划Matlab程序.rar,2026数学建模核心资料\国赛B题必备模型+代码资料合集\国赛B题必备优化模型——二次规划\二次规划Matlab程序.rar
641,INNER,keep,2026数学建模核心资料\国赛B题必备模型+代码资料合集\国赛B题必备优化模型——二次规划\序列二次规划法及matlab代码.zip,2026数学建模核心资料\国赛B题必备模型+代码资料合集\国赛B题必备优化模型——二次规划\序列二次规划法及matlab代码.zip
641,INNER,dup,2026数学建模核心资料\国赛C题必备模型+代码资料合集\国赛C题必备优化模型——二次规划\序列二次规划法及matlab代码.zip,2026数学建模核心资料\国赛B题必备模型+代码资料合集\国赛B题必备优化模型——二次规划\序列二次规划法及matlab代码.zip
642,INNER,keep,2026数学建模核心资料\国赛B题必备模型+代码资料合集\国赛B题必备优化模型——动态规划\动态规划经典题PPT.ppt,2026数学建模核心资料\国赛B题必备模型+代码资料合集\国赛B题必备优化模型——动态规划\动态规划经典题PPT.ppt
642,INNER,dup,2026数学建模核心资料\国赛C题必备模型+代码资料合集\国赛C题必备优化模型——动态规划\动态规划经典题PPT.ppt,2026数学建模核心资料\国赛B题必备模型+代码资料合集\国赛B题必备优化模型——动态规划\动态规划经典题PPT.ppt
643,INNER,keep,2026数学建模核心资料\国赛B题必备模型+代码资料合集\国赛B题必备优化模型——动态规划\动态规划解决背包问题 MATLAB.zip,2026数学建模核心资料\国赛B题必备模型+代码资料合集\国赛B题必备优化模型——动态规划\动态规划解决背包问题 MATLAB.zip
643,INNER,dup,2026数学建模核心资料\国赛C题必备模型+代码资料合集\国赛C题必备优化模型——动态规划\动态规划解决背包问题 MATLAB.zip,2026数学建模核心资料\国赛B题必备模型+代码资料合集\国赛B题必备优化模型——动态规划\动态规划解决背包问题 MATLAB.zip
644,INNER,keep,2026数学建模核心资料\国赛B题必备模型+代码资料合集\国赛B题必备优化模型——单目标规划与多目标规划\单目标优化（含约束）.zip,2026数学建模核心资料\国赛B题必备模型+代码资料合集\国赛B题必备优化模型——单目标规划与多目标规划\单目标优化（含约束）.zip
644,INNER,dup,2026数学建模核心资料\国赛C题必备模型+代码资料合集\国赛C题必备优化模型——单目标规划与多目标规划\单目标优化（含约束）.zip,2026数学建模核心资料\国赛B题必备模型+代码资料合集\国赛B题必备优化模型——单目标规划与多目标规划\单目标优化（含约束）.zip
645,INNER,keep,2026数学建模核心资料\国赛B题必备模型+代码资料合集\国赛B题必备优化模型——单目标规划与多目标规划\多目标规划.ppt,2026数学建模核心资料\国赛B题必备模型+代码资料合集\国赛B题必备优化模型——单目标规划与多目标规划\多目标规划.ppt
645,INNER,dup,2026数学建模核心资料\国赛C题必备模型+代码资料合集\国赛C题必备优化模型——单目标规划与多目标规划\多目标规划.ppt,2026数学建模核心资料\国赛B题必备模型+代码资料合集\国赛B题必备优化模型——单目标规划与多目标规划\多目标规划.ppt
646,INNER,keep,2026数学建模核心资料\国赛B题必备模型+代码资料合集\国赛B题必备优化模型——单目标规划与多目标规划\多目标规划模型.pptx,2026数学建模核心资料\国赛B题必备模型+代码资料合集\国赛B题必备优化模型——单目标规划与多目标规划\多目标规划模型.pptx
646,INNER,dup,2026数学建模核心资料\国赛C题必备模型+代码资料合集\国赛C题必备优化模型——单目标规划与多目标规划\多目标规划模型.pptx,2026数学建模核心资料\国赛B题必备模型+代码资料合集\国赛B题必备优化模型——单目标规划与多目标规划\多目标规划模型.pptx
647,INNER,keep,2026数学建模核心资料\国赛B题必备模型+代码资料合集\国赛B题必备优化模型——单目标规划与多目标规划\最优化之多目标规划.ppt,2026数学建模核心资料\国赛B题必备模型+代码资料合集\国赛B题必备优化模型——单目标规划与多目标规划\最优化之多目标规划.ppt
647,INNER,dup,2026数学建模核心资料\国赛C题必备模型+代码资料合集\国赛C题必备优化模型——单目标规划与多目标规划\最优化之多目标规划.ppt,2026数学建模核心资料\国赛B题必备模型+代码资料合集\国赛B题必备优化模型——单目标规划与多目标规划\最优化之多目标规划.ppt
648,INNER,keep,2026数学建模核心资料\国赛B题必备模型+代码资料合集\国赛B题必备优化模型——单目标规划与多目标规划\第8章 多目标优化.ppt,2026数学建模核心资料\国赛B题必备模型+代码资料合集\国赛B题必备优化模型——单目标规划与多目标规划\第8章 多目标优化.ppt
648,INNER,dup,2026数学建模核心资料\国赛C题必备模型+代码资料合集\国赛C题必备优化模型——单目标规划与多目标规划\第8章 多目标优化.ppt,2026数学建模核心资料\国赛B题必备模型+代码资料合集\国赛B题必备优化模型——单目标规划与多目标规划\第8章 多目标优化.ppt
649,INNER,keep,2026数学建模核心资料\国赛B题必备模型+代码资料合集\国赛B题必备优化模型——单目标规划与多目标规划\第五章多目标问题的最优化方法.ppt,2026数学建模核心资料\国赛B题必备模型+代码资料合集\国赛B题必备优化模型——单目标规划与多目标规划\第五章多目标问题的最优化方法.ppt
649,INNER,dup,2026数学建模核心资料\国赛C题必备模型+代码资料合集\国赛C题必备优化模型——单目标规划与多目标规划\第五章多目标问题的最优化方法.ppt,2026数学建模核心资料\国赛B题必备模型+代码资料合集\国赛B题必备优化模型——单目标规划与多目标规划\第五章多目标问题的最优化方法.ppt
650,INNER,keep,2026数学建模核心资料\国赛B题必备模型+代码资料合集\国赛B题必备优化模型——单目标规划与多目标规划\第六章--多目标规划.ppt,2026数学建模核心资料\国赛B题必备模型+代码资料合集\国赛B题必备优化模型——单目标规划与多目标规划\第六章--多目标规划.ppt
650,INNER,dup,2026数学建模核心资料\国赛C题必备模型+代码资料合集\国赛C题必备优化模型——单目标规划与多目标规划\第六章--多目标规划.ppt,2026数学建模核心资料\国赛B题必备模型+代码资料合集\国赛B题必备优化模型——单目标规划与多目标规划\第六章--多目标规划.ppt
651,INNER,keep,2026数学建模核心资料\国赛B题必备模型+代码资料合集\国赛B题必备优化模型——单目标规划与多目标规划\第十章 多目标优化方法简介.ppt,2026数学建模核心资料\国赛B题必备模型+代码资料合集\国赛B题必备优化模型——单目标规划与多目标规划\第十章 多目标优化方法简介.ppt
651,INNER,dup,2026数学建模核心资料\国赛C题必备模型+代码资料合集\国赛C题必备优化模型——单目标规划与多目标规划\第十章 多目标优化方法简介.ppt,2026数学建模核心资料\国赛B题必备模型+代码资料合集\国赛B题必备优化模型——单目标规划与多目标规划\第十章 多目标优化方法简介.ppt
652,INNER,keep,2026数学建模核心资料\国赛B题必备模型+代码资料合集\国赛B题必备优化模型——粒子群算法\粒子群算法优化RBF网络.rar,2026数学建模核心资料\国赛B题必备模型+代码资料合集\国赛B题必备优化模型——粒子群算法\粒子群算法优化RBF网络.rar
652,INNER,dup,2026数学建模核心资料\国赛C题必备模型+代码资料合集\国赛C题必备优化模型——粒子群算法\粒子群算法优化RBF网络.rar,2026数学建模核心资料\国赛B题必备模型+代码资料合集\国赛B题必备优化模型——粒子群算法\粒子群算法优化RBF网络.rar
653,INNER,keep,2026数学建模核心资料\国赛B题必备模型+代码资料合集\国赛B题必备优化模型——线性规划模型\第4讲 线性规划.ppt,2026数学建模核心资料\国赛B题必备模型+代码资料合集\国赛B题必备优化模型——线性规划模型\第4讲 线性规划.ppt
653,INNER,dup,2026数学建模核心资料\国赛B题必备模型+代码资料合集\国赛B题必备优化模型——线性规划模型\线性规划.ppt,2026数学建模核心资料\国赛B题必备模型+代码资料合集\国赛B题必备优化模型——线性规划模型\第4讲 线性规划.ppt
654,INNER,keep,2026数学建模核心资料\国赛B题必备模型+代码资料合集\国赛B题必备优化模型——非线性规划\第6讲 非线性规划.rar,2026数学建模核心资料\国赛B题必备模型+代码资料合集\国赛B题必备优化模型——非线性规划\第6讲 非线性规划.rar
654,INNER,dup,2026数学建模核心资料\国赛B题必备模型+代码资料合集\国赛B题必备优化模型——非线性规划\非线性规划.rar,2026数学建模核心资料\国赛B题必备模型+代码资料合集\国赛B题必备优化模型——非线性规划\第6讲 非线性规划.rar
654,INNER,dup,2026数学建模核心资料\国赛C题必备模型+代码资料合集\国赛C题必备优化模型——非线性规划\第6讲 非线性规划.rar,2026数学建模核心资料\国赛B题必备模型+代码资料合集\国赛B题必备优化模型——非线性规划\第6讲 非线性规划.rar
654,INNER,dup,2026数学建模核心资料\国赛C题必备模型+代码资料合集\国赛C题必备优化模型——非线性规划\非线性规划.rar,2026数学建模核心资料\国赛B题必备模型+代码资料合集\国赛B题必备优化模型——非线性规划\第6讲 非线性规划.rar
655,INNER,keep,2026数学建模核心资料\国赛B题必备模型+代码资料合集\国赛B题必备优化模型——非线性规划\非线性规划模型基本原理.ppt,2026数学建模核心资料\国赛B题必备模型+代码资料合集\国赛B题必备优化模型——非线性规划\非线性规划模型基本原理.ppt
655,INNER,dup,2026数学建模核心资料\国赛C题必备模型+代码资料合集\国赛C题必备优化模型——非线性规划\非线性规划模型基本原理.ppt,2026数学建模核心资料\国赛B题必备模型+代码资料合集\国赛B题必备优化模型——非线性规划\非线性规划模型基本原理.ppt
656,INNER,keep,2026数学建模核心资料\国赛B题必备模型+代码资料合集\国赛B题必备分类模型——K-means分类及代码\K-means 算法应用及其编程实现.ppt,2026数学建模核心资料\国赛B题必备模型+代码资料合集\国赛B题必备分类模型——K-means分类及代码\K-means 算法应用及其编程实现.ppt
656,INNER,dup,2026数学建模核心资料\国赛C题必备模型+代码资料合集\国赛C题必备分类模型——K-means分类及代码\K-means 算法应用及其编程实现.ppt,2026数学建模核心资料\国赛B题必备模型+代码资料合集\国赛B题必备分类模型——K-means分类及代码\K-means 算法应用及其编程实现.ppt
657,INNER,keep,2026数学建模核心资料\国赛B题必备模型+代码资料合集\国赛B题必备分类模型——K-means分类及代码\K-means算法.ppt,2026数学建模核心资料\国赛B题必备模型+代码资料合集\国赛B题必备分类模型——K-means分类及代码\K-means算法.ppt
657,INNER,dup,2026数学建模核心资料\国赛C题必备模型+代码资料合集\国赛C题必备分类模型——K-means分类及代码\K-means算法.ppt,2026数学建模核心资料\国赛B题必备模型+代码资料合集\国赛B题必备分类模型——K-means分类及代码\K-means算法.ppt
658,INNER,keep,2026数学建模核心资料\国赛B题必备模型+代码资料合集\国赛B题必备分类模型——K-means分类及代码\K-means算法讲解.ppt,2026数学建模核心资料\国赛B题必备模型+代码资料合集\国赛B题必备分类模型——K-means分类及代码\K-means算法讲解.ppt
658,INNER,dup,2026数学建模核心资料\国赛C题必备模型+代码资料合集\国赛C题必备分类模型——K-means分类及代码\K-means算法讲解.ppt,2026数学建模核心资料\国赛B题必备模型+代码资料合集\国赛B题必备分类模型——K-means分类及代码\K-means算法讲解.ppt
659,INNER,keep,2026数学建模核心资料\国赛B题必备模型+代码资料合集\国赛B题必备分类模型——K-means分类及代码\K-NN和K-means算法讲解.ppt,2026数学建模核心资料\国赛B题必备模型+代码资料合集\国赛B题必备分类模型——K-means分类及代码\K-NN和K-means算法讲解.ppt
659,INNER,dup,2026数学建模核心资料\国赛C题必备模型+代码资料合集\国赛C题必备分类模型——K-means分类及代码\K-NN和K-means算法讲解.ppt,2026数学建模核心资料\国赛B题必备模型+代码资料合集\国赛B题必备分类模型——K-means分类及代码\K-NN和K-means算法讲解.ppt
660,INNER,keep,2026数学建模核心资料\国赛B题必备模型+代码资料合集\国赛B题必备分类模型——决策树分类及代码\决策树建模概述.pptx,2026数学建模核心资料\国赛B题必备模型+代码资料合集\国赛B题必备分类模型——决策树分类及代码\决策树建模概述.pptx
660,INNER,dup,2026数学建模核心资料\国赛C题必备模型+代码资料合集\国赛C题必备分类模型——决策树分类及代码\决策树建模概述.pptx,2026数学建模核心资料\国赛B题必备模型+代码资料合集\国赛B题必备分类模型——决策树分类及代码\决策树建模概述.pptx
661,INNER,keep,2026数学建模核心资料\国赛B题必备模型+代码资料合集\国赛B题必备分类模型——决策树分类及代码\分类基本概念决策树与模型评估.ppt,2026数学建模核心资料\国赛B题必备模型+代码资料合集\国赛B题必备分类模型——决策树分类及代码\分类基本概念决策树与模型评估.ppt
661,INNER,dup,2026数学建模核心资料\国赛C题必备模型+代码资料合集\国赛C题必备分类模型——决策树分类及代码\分类基本概念决策树与模型评估.ppt,2026数学建模核心资料\国赛B题必备模型+代码资料合集\国赛B题必备分类模型——决策树分类及代码\分类基本概念决策树与模型评估.ppt
662,INNER,keep,2026数学建模核心资料\国赛B题必备模型+代码资料合集\国赛B题必备分类模型——决策树分类及代码\基本概念、决策树与模型评价.pptx,2026数学建模核心资料\国赛B题必备模型+代码资料合集\国赛B题必备分类模型——决策树分类及代码\基本概念、决策树与模型评价.pptx
662,INNER,dup,2026数学建模核心资料\国赛C题必备模型+代码资料合集\国赛C题必备分类模型——决策树分类及代码\基本概念、决策树与模型评价.pptx,2026数学建模核心资料\国赛B题必备模型+代码资料合集\国赛B题必备分类模型——决策树分类及代码\基本概念、决策树与模型评价.pptx
663,INNER,keep,2026数学建模核心资料\国赛B题必备模型+代码资料合集\国赛B题必备分类模型——决策树分类及代码\建立模型之决策树讲义.pptx,2026数学建模核心资料\国赛B题必备模型+代码资料合集\国赛B题必备分类模型——决策树分类及代码\建立模型之决策树讲义.pptx
663,INNER,dup,2026数学建模核心资料\国赛C题必备模型+代码资料合集\国赛C题必备分类模型——决策树分类及代码\建立模型之决策树讲义.pptx,2026数学建模核心资料\国赛B题必备模型+代码资料合集\国赛B题必备分类模型——决策树分类及代码\建立模型之决策树讲义.pptx
664,INNER,keep,2026数学建模核心资料\国赛B题必备模型+代码资料合集\国赛B题必备分类模型——决策树分类及代码\数学建模-决策树.ppt,2026数学建模核心资料\国赛B题必备模型+代码资料合集\国赛B题必备分类模型——决策树分类及代码\数学建模-决策树.ppt
664,INNER,dup,2026数学建模核心资料\国赛C题必备模型+代码资料合集\国赛C题必备分类模型——决策树分类及代码\数学建模-决策树.ppt,2026数学建模核心资料\国赛B题必备模型+代码资料合集\国赛B题必备分类模型——决策树分类及代码\数学建模-决策树.ppt
665,INNER,keep,2026数学建模核心资料\国赛B题必备模型+代码资料合集\国赛B题必备分类模型——决策树分类及代码\数学建模-决策树的预测模型的Python实现.rar,2026数学建模核心资料\国赛B题必备模型+代码资料合集\国赛B题必备分类模型——决策树分类及代码\数学建模-决策树的预测模型的Python实现.rar
665,INNER,dup,2026数学建模核心资料\国赛C题必备模型+代码资料合集\国赛C题必备分类模型——决策树分类及代码\数学建模-决策树的预测模型的Python实现.rar,2026数学建模核心资料\国赛B题必备模型+代码资料合集\国赛B题必备分类模型——决策树分类及代码\数学建模-决策树的预测模型的Python实现.rar
666,INNER,keep,2026数学建模核心资料\国赛B题必备模型+代码资料合集\国赛B题必备分类模型——决策树分类及代码\数学建模决策分析1.ppt,2026数学建模核心资料\国赛B题必备模型+代码资料合集\国赛B题必备分类模型——决策树分类及代码\数学建模决策分析1.ppt
666,INNER,dup,2026数学建模核心资料\国赛C题必备模型+代码资料合集\国赛C题必备分类模型——决策树分类及代码\数学建模决策分析1.ppt,2026数学建模核心资料\国赛B题必备模型+代码资料合集\国赛B题必备分类模型——决策树分类及代码\数学建模决策分析1.ppt
667,INNER,keep,2026数学建模核心资料\国赛B题必备模型+代码资料合集\国赛B题必备分类模型——决策树分类及代码\数学建模对策与决策模型.ppt,2026数学建模核心资料\国赛B题必备模型+代码资料合集\国赛B题必备分类模型——决策树分类及代码\数学建模对策与决策模型.ppt
667,INNER,dup,2026数学建模核心资料\国赛C题必备模型+代码资料合集\国赛C题必备分类模型——决策树分类及代码\数学建模对策与决策模型.ppt,2026数学建模核心资料\国赛B题必备模型+代码资料合集\国赛B题必备分类模型——决策树分类及代码\数学建模对策与决策模型.ppt
668,INNER,keep,2026数学建模核心资料\国赛B题必备模型+代码资料合集\国赛B题必备分类模型——决策树分类及代码\数学建模对策与决策模型选读.ppt,2026数学建模核心资料\国赛B题必备模型+代码资料合集\国赛B题必备分类模型——决策树分类及代码\数学建模对策与决策模型选读.ppt
668,INNER,dup,2026数学建模核心资料\国赛C题必备模型+代码资料合集\国赛C题必备分类模型——决策树分类及代码\数学建模对策与决策模型选读.ppt,2026数学建模核心资料\国赛B题必备模型+代码资料合集\国赛B题必备分类模型——决策树分类及代码\数学建模对策与决策模型选读.ppt
669,INNER,keep,2026数学建模核心资料\国赛B题必备模型+代码资料合集\国赛B题必备模型——精美绘图Matlab代码\数学建模--MATLAB作图.ppt,2026数学建模核心资料\国赛B题必备模型+代码资料合集\国赛B题必备模型——精美绘图Matlab代码\数学建模--MATLAB作图.ppt
669,INNER,dup,2026数学建模核心资料\国赛C题必备模型+代码资料合集\国赛B题必备模型——精美绘图Matlab代码\数学建模--MATLAB作图.ppt,2026数学建模核心资料\国赛B题必备模型+代码资料合集\国赛B题必备模型——精美绘图Matlab代码\数学建模--MATLAB作图.ppt
670,INNER,keep,2026数学建模核心资料\国赛B题必备模型+代码资料合集\国赛B题必备模型——精美绘图Matlab代码\数学建模精美绘图 Matlab.ppt,2026数学建模核心资料\国赛B题必备模型+代码资料合集\国赛B题必备模型——精美绘图Matlab代码\数学建模精美绘图 Matlab.ppt
670,INNER,dup,2026数学建模核心资料\国赛C题必备模型+代码资料合集\国赛B题必备模型——精美绘图Matlab代码\数学建模精美绘图 Matlab.ppt,2026数学建模核心资料\国赛B题必备模型+代码资料合集\国赛B题必备模型——精美绘图Matlab代码\数学建模精美绘图 Matlab.ppt
671,INNER,keep,2026数学建模核心资料\国赛B题必备模型+代码资料合集\国赛B题必备评价模型——topsis模型\TOPSIS模型具体步骤及代码.zip,2026数学建模核心资料\国赛B题必备模型+代码资料合集\国赛B题必备评价模型——topsis模型\TOPSIS模型具体步骤及代码.zip
671,INNER,dup,2026数学建模核心资料\国赛C题必备模型+代码资料合集\国赛C题必备评价模型——topsis模型\TOPSIS模型具体步骤及代码.zip,2026数学建模核心资料\国赛B题必备模型+代码资料合集\国赛B题必备评价模型——topsis模型\TOPSIS模型具体步骤及代码.zip
672,INNER,keep,2026数学建模核心资料\国赛B题必备模型+代码资料合集\国赛B题必备评价模型——topsis模型\TOPSIS模型基础入门与实践.pptx,2026数学建模核心资料\国赛B题必备模型+代码资料合集\国赛B题必备评价模型——topsis模型\TOPSIS模型基础入门与实践.pptx
672,INNER,dup,2026数学建模核心资料\国赛C题必备模型+代码资料合集\国赛C题必备评价模型——topsis模型\TOPSIS模型基础入门与实践.pptx,2026数学建模核心资料\国赛B题必备模型+代码资料合集\国赛B题必备评价模型——topsis模型\TOPSIS模型基础入门与实践.pptx
673,INNER,keep,2026数学建模核心资料\国赛B题必备模型+代码资料合集\国赛B题必备评价模型——主成分分析法\201104-主成分分析.ppt,2026数学建模核心资料\国赛B题必备模型+代码资料合集\国赛B题必备评价模型——主成分分析法\201104-主成分分析.ppt
673,INNER,dup,2026数学建模核心资料\国赛C题必备模型+代码资料合集\国赛C题必备评价模型——主成分分析法\201104-主成分分析.ppt,2026数学建模核心资料\国赛B题必备模型+代码资料合集\国赛B题必备评价模型——主成分分析法\201104-主成分分析.ppt
674,INNER,keep,2026数学建模核心资料\国赛B题必备模型+代码资料合集\国赛B题必备评价模型——主成分分析法\pca主成分分析.zip,2026数学建模核心资料\国赛B题必备模型+代码资料合集\国赛B题必备评价模型——主成分分析法\pca主成分分析.zip
674,INNER,dup,2026数学建模核心资料\国赛C题必备模型+代码资料合集\国赛C题必备评价模型——主成分分析法\pca主成分分析.zip,2026数学建模核心资料\国赛B题必备模型+代码资料合集\国赛B题必备评价模型——主成分分析法\pca主成分分析.zip
675,INNER,keep,2026数学建模核心资料\国赛B题必备模型+代码资料合集\国赛B题必备评价模型——主成分分析法\主成分分析法案例.ppt,2026数学建模核心资料\国赛B题必备模型+代码资料合集\国赛B题必备评价模型——主成分分析法\主成分分析法案例.ppt
675,INNER,dup,2026数学建模核心资料\国赛C题必备模型+代码资料合集\国赛C题必备评价模型——主成分分析法\主成分分析法案例.ppt,2026数学建模核心资料\国赛B题必备模型+代码资料合集\国赛B题必备评价模型——主成分分析法\主成分分析法案例.ppt
676,INNER,keep,2026数学建模核心资料\国赛B题必备模型+代码资料合集\国赛B题必备评价模型——主成分分析法\主成分分析法步骤，例子.rar,2026数学建模核心资料\国赛B题必备模型+代码资料合集\国赛B题必备评价模型——主成分分析法\主成分分析法步骤，例子.rar
676,INNER,dup,2026数学建模核心资料\国赛C题必备模型+代码资料合集\国赛C题必备评价模型——主成分分析法\主成分分析法步骤，例子.rar,2026数学建模核心资料\国赛B题必备模型+代码资料合集\国赛B题必备评价模型——主成分分析法\主成分分析法步骤，例子.rar
677,INNER,keep,2026数学建模核心资料\国赛B题必备模型+代码资料合集\国赛B题必备评价模型——主成分分析法\主成分分析法的MATLAB代码实现.zip,2026数学建模核心资料\国赛B题必备模型+代码资料合集\国赛B题必备评价模型——主成分分析法\主成分分析法的MATLAB代码实现.zip
677,INNER,dup,2026数学建模核心资料\国赛C题必备模型+代码资料合集\国赛C题必备评价模型——主成分分析法\主成分分析法的MATLAB代码实现.zip,2026数学建模核心资料\国赛B题必备模型+代码资料合集\国赛B题必备评价模型——主成分分析法\主成分分析法的MATLAB代码实现.zip
678,INNER,keep,2026数学建模核心资料\国赛B题必备模型+代码资料合集\国赛B题必备评价模型——因子分析法\Eviews主成分分析和因子分析.ppt,2026数学建模核心资料\国赛B题必备模型+代码资料合集\国赛B题必备评价模型——因子分析法\Eviews主成分分析和因子分析.ppt
678,INNER,dup,2026数学建模核心资料\国赛C题必备模型+代码资料合集\国赛C题必备评价模型——因子分析法\Eviews主成分分析和因子分析.ppt,2026数学建模核心资料\国赛B题必备模型+代码资料合集\国赛B题必备评价模型——因子分析法\Eviews主成分分析和因子分析.ppt
679,INNER,keep,2026数学建模核心资料\国赛B题必备模型+代码资料合集\国赛B题必备评价模型——因子分析法\因子分析法MATLAB程序.rar,2026数学建模核心资料\国赛B题必备模型+代码资料合集\国赛B题必备评价模型——因子分析法\因子分析法MATLAB程序.rar
679,INNER,dup,2026数学建模核心资料\国赛C题必备模型+代码资料合集\国赛C题必备评价模型——因子分析法\因子分析法MATLAB程序.rar,2026数学建模核心资料\国赛B题必备模型+代码资料合集\国赛B题必备评价模型——因子分析法\因子分析法MATLAB程序.rar
680,INNER,keep,2026数学建模核心资料\国赛B题必备模型+代码资料合集\国赛B题必备评价模型——因子分析法\因子分析法原理及其实例分析.ppt,2026数学建模核心资料\国赛B题必备模型+代码资料合集\国赛B题必备评价模型——因子分析法\因子分析法原理及其实例分析.ppt
680,INNER,dup,2026数学建模核心资料\国赛B题必备模型+代码资料合集\国赛B题必备评价模型——因子分析法\数据建模中因子分析法的详解.ppt,2026数学建模核心资料\国赛B题必备模型+代码资料合集\国赛B题必备评价模型——因子分析法\因子分析法原理及其实例分析.ppt
680,INNER,dup,2026数学建模核心资料\国赛C题必备模型+代码资料合集\国赛C题必备评价模型——因子分析法\因子分析法原理及其实例分析.ppt,2026数学建模核心资料\国赛B题必备模型+代码资料合集\国赛B题必备评价模型——因子分析法\因子分析法原理及其实例分析.ppt
680,INNER,dup,2026数学建模核心资料\国赛C题必备模型+代码资料合集\国赛C题必备评价模型——因子分析法\数据建模中因子分析法的详解.ppt,2026数学建模核心资料\国赛B题必备模型+代码资料合集\国赛B题必备评价模型——因子分析法\因子分析法原理及其实例分析.ppt
681,INNER,keep,2026数学建模核心资料\国赛B题必备模型+代码资料合集\国赛B题必备评价模型——层次分析法\AHP层次分析法软件及操作方法(含图).rar,2026数学建模核心资料\国赛B题必备模型+代码资料合集\国赛B题必备评价模型——层次分析法\AHP层次分析法软件及操作方法(含图).rar
681,INNER,dup,2026数学建模核心资料\国赛C题必备模型+代码资料合集\国赛C题必备评价模型——层次分析法\AHP层次分析法软件及操作方法(含图).rar,2026数学建模核心资料\国赛B题必备模型+代码资料合集\国赛B题必备评价模型——层次分析法\AHP层次分析法软件及操作方法(含图).rar
682,INNER,keep,2026数学建模核心资料\国赛B题必备模型+代码资料合集\国赛B题必备评价模型——层次分析法\层次分析法建模.rar,2026数学建模核心资料\国赛B题必备模型+代码资料合集\国赛B题必备评价模型——层次分析法\层次分析法建模.rar
682,INNER,dup,2026数学建模核心资料\国赛C题必备模型+代码资料合集\国赛C题必备评价模型——层次分析法\层次分析法建模.rar,2026数学建模核心资料\国赛B题必备模型+代码资料合集\国赛B题必备评价模型——层次分析法\层次分析法建模.rar
683,INNER,keep,2026数学建模核心资料\国赛B题必备模型+代码资料合集\国赛B题必备评价模型——层次分析法\数学建模(层次分析法(AHP法)).ppt,2026数学建模核心资料\国赛B题必备模型+代码资料合集\国赛B题必备评价模型——层次分析法\数学建模(层次分析法(AHP法)).ppt
683,INNER,dup,2026数学建模核心资料\国赛C题必备模型+代码资料合集\国赛C题必备评价模型——层次分析法\数学建模(层次分析法(AHP法)).ppt,2026数学建模核心资料\国赛B题必备模型+代码资料合集\国赛B题必备评价模型——层次分析法\数学建模(层次分析法(AHP法)).ppt
684,INNER,keep,2026数学建模核心资料\国赛B题必备模型+代码资料合集\国赛B题必备评价模型——层次分析法\数模常规算法之层次分析法应用讲解.pptx,2026数学建模核心资料\国赛B题必备模型+代码资料合集\国赛B题必备评价模型——层次分析法\数模常规算法之层次分析法应用讲解.pptx
684,INNER,dup,2026数学建模核心资料\国赛C题必备模型+代码资料合集\国赛C题必备评价模型——层次分析法\数模常规算法之层次分析法应用讲解.pptx,2026数学建模核心资料\国赛B题必备模型+代码资料合集\国赛B题必备评价模型——层次分析法\数模常规算法之层次分析法应用讲解.pptx
685,INNER,keep,2026数学建模核心资料\国赛B题必备模型+代码资料合集\国赛B题必备评价模型——模糊综合评价\模糊综合评价富营养化评价.rar,2026数学建模核心资料\国赛B题必备模型+代码资料合集\国赛B题必备评价模型——模糊综合评价\模糊综合评价富营养化评价.rar
685,INNER,dup,2026数学建模核心资料\国赛C题必备模型+代码资料合集\国赛C题必备评价模型——模糊综合评价\模糊综合评价富营养化评价.rar,2026数学建模核心资料\国赛B题必备模型+代码资料合集\国赛B题必备评价模型——模糊综合评价\模糊综合评价富营养化评价.rar
685,INNER,dup,2026数学建模核心资料\美赛按题目题型分类常用算法代码程序包！\美赛照题目分类程序包【数学建模老哥】\美赛E题常见参考代码【数学建模老哥】\模糊综合评价富营养化评价【数学建模老哥】.rar,2026数学建模核心资料\国赛B题必备模型+代码资料合集\国赛B题必备评价模型——模糊综合评价\模糊综合评价富营养化评价.rar
685,INNER,dup,2026数学建模核心资料\美赛按题目题型分类常用算法代码程序包！\评价与决策类题型参考代码【数学建模老哥】\模糊综合评价富营养化评价(1).rar,2026数学建模核心资料\国赛B题必备模型+代码资料合集\国赛B题必备评价模型——模糊综合评价\模糊综合评价富营养化评价.rar
685,INNER,dup,2026数学建模核心资料\美赛按题目题型分类常用算法代码程序包！\评价与决策类题型参考代码【数学建模老哥】\模糊综合评价富营养化评价.rar,2026数学建模核心资料\国赛B题必备模型+代码资料合集\国赛B题必备评价模型——模糊综合评价\模糊综合评价富营养化评价.rar
686,INNER,keep,2026数学建模核心资料\国赛B题必备模型+代码资料合集\国赛B题必备评价模型——灰色关联分析法\最容易掌握灰色关联分析法的教程.ppt,2026数学建模核心资料\国赛B题必备模型+代码资料合集\国赛B题必备评价模型——灰色关联分析法\最容易掌握灰色关联分析法的教程.ppt
686,INNER,dup,2026数学建模核心资料\国赛C题必备模型+代码资料合集\国赛C题必备评价模型——灰色关联分析法\最容易掌握灰色关联分析法的教程.ppt,2026数学建模核心资料\国赛B题必备模型+代码资料合集\国赛B题必备评价模型——灰色关联分析法\最容易掌握灰色关联分析法的教程.ppt
687,INNER,keep,2026数学建模核心资料\国赛B题必备模型+代码资料合集\国赛B题必备评价模型——灰色关联分析法\最容易掌握灰色关联分析法的教程.zip,2026数学建模核心资料\国赛B题必备模型+代码资料合集\国赛B题必备评价模型——灰色关联分析法\最容易掌握灰色关联分析法的教程.zip
687,INNER,dup,2026数学建模核心资料\国赛C题必备模型+代码资料合集\国赛C题必备评价模型——灰色关联分析法\最容易掌握灰色关联分析法的教程.zip,2026数学建模核心资料\国赛B题必备模型+代码资料合集\国赛B题必备评价模型——灰色关联分析法\最容易掌握灰色关联分析法的教程.zip
688,INNER,keep,2026数学建模核心资料\国赛B题必备模型+代码资料合集\国赛B题必备评价模型——灰色关联分析法\灰色关联分析方法.ppt,2026数学建模核心资料\国赛B题必备模型+代码资料合集\国赛B题必备评价模型——灰色关联分析法\灰色关联分析方法.ppt
688,INNER,dup,2026数学建模核心资料\国赛C题必备模型+代码资料合集\国赛C题必备评价模型——灰色关联分析法\灰色关联分析方法.ppt,2026数学建模核心资料\国赛B题必备模型+代码资料合集\国赛B题必备评价模型——灰色关联分析法\灰色关联分析方法.ppt
689,INNER,keep,2026数学建模核心资料\国赛B题必备模型+代码资料合集\国赛B题必备评价模型——灰色关联分析法\灰色关联分析法MATLAB实现.zip,2026数学建模核心资料\国赛B题必备模型+代码资料合集\国赛B题必备评价模型——灰色关联分析法\灰色关联分析法MATLAB实现.zip
689,INNER,dup,2026数学建模核心资料\国赛C题必备模型+代码资料合集\国赛C题必备评价模型——灰色关联分析法\灰色关联分析法MATLAB实现.zip,2026数学建模核心资料\国赛B题必备模型+代码资料合集\国赛B题必备评价模型——灰色关联分析法\灰色关联分析法MATLAB实现.zip
690,INNER,keep,2026数学建模核心资料\国赛B题必备模型+代码资料合集\国赛B题必备评价模型——神经网络算法\神经网络算法MATLAB程序.rar,2026数学建模核心资料\国赛B题必备模型+代码资料合集\国赛B题必备评价模型——神经网络算法\神经网络算法MATLAB程序.rar
690,INNER,dup,2026数学建模核心资料\国赛C题必备模型+代码资料合集\国赛C题必备评价模型——神经网络算法\神经网络算法MATLAB程序.rar,2026数学建模核心资料\国赛B题必备模型+代码资料合集\国赛B题必备评价模型——神经网络算法\神经网络算法MATLAB程序.rar
691,INNER,keep,2026数学建模核心资料\国赛B题必备模型+代码资料合集\国赛B题必备评价模型——神经网络算法\神经网络详细的预测内容.zip,2026数学建模核心资料\国赛B题必备模型+代码资料合集\国赛B题必备评价模型——神经网络算法\神经网络详细的预测内容.zip
691,INNER,dup,2026数学建模核心资料\国赛C题必备模型+代码资料合集\国赛C题必备评价模型——神经网络算法\神经网络详细的预测内容.zip,2026数学建模核心资料\国赛B题必备模型+代码资料合集\国赛B题必备评价模型——神经网络算法\神经网络详细的预测内容.zip
692,INNER,keep,2026数学建模核心资料\国赛B题必备模型+代码资料合集\国赛B题必备评价模型——神经网络算法\神经网络预测.zip,2026数学建模核心资料\国赛B题必备模型+代码资料合集\国赛B题必备评价模型——神经网络算法\神经网络预测.zip
692,INNER,dup,2026数学建模核心资料\国赛C题必备模型+代码资料合集\国赛C题必备评价模型——神经网络算法\神经网络预测.zip,2026数学建模核心资料\国赛B题必备模型+代码资料合集\国赛B题必备评价模型——神经网络算法\神经网络预测.zip
693,INNER,keep,2026数学建模核心资料\数学建模典型题目优秀论文\‌评价类：2012A葡萄酒的评价问题\2012国赛国家一等奖A题优秀论文4(1).rar,2026数学建模核心资料\数学建模典型题目优秀论文\‌评价类：2012A葡萄酒的评价问题\2012国赛国家一等奖A题优秀论文4(1).rar
693,INNER,dup,2026数学建模核心资料\数学建模典型题目优秀论文\‌评价类：2012A葡萄酒的评价问题\2012国赛国家一等奖A题优秀论文4.rar,2026数学建模核心资料\数学建模典型题目优秀论文\‌评价类：2012A葡萄酒的评价问题\2012国赛国家一等奖A题优秀论文4(1).rar
694,INNER,keep,2026数学建模核心资料\流程图！美赛O奖论文同款流程图模版！\数学建模论文流程图1(1).pptx,2026数学建模核心资料\流程图！美赛O奖论文同款流程图模版！\数学建模论文流程图1(1).pptx
694,INNER,dup,2026数学建模核心资料\流程图！美赛O奖论文同款流程图模版！\数学建模论文流程图1.pptx,2026数学建模核心资料\流程图！美赛O奖论文同款流程图模版！\数学建模论文流程图1(1).pptx
695,INNER,keep,2026数学建模核心资料\流程图！美赛O奖论文同款流程图模版！\数学建模论文流程图2(1).pptx,2026数学建模核心资料\流程图！美赛O奖论文同款流程图模版！\数学建模论文流程图2(1).pptx
695,INNER,dup,2026数学建模核心资料\流程图！美赛O奖论文同款流程图模版！\数学建模论文流程图2.pptx,2026数学建模核心资料\流程图！美赛O奖论文同款流程图模版！\数学建模论文流程图2(1).pptx
696,INNER,keep,2026数学建模核心资料\流程图！美赛O奖论文同款流程图模版！\数学建模论文流程图3(1).pptx,2026数学建模核心资料\流程图！美赛O奖论文同款流程图模版！\数学建模论文流程图3(1).pptx
696,INNER,dup,2026数学建模核心资料\流程图！美赛O奖论文同款流程图模版！\数学建模论文流程图3.pptx,2026数学建模核心资料\流程图！美赛O奖论文同款流程图模版！\数学建模论文流程图3(1).pptx
697,INNER,keep,2026数学建模核心资料\流程图！美赛O奖论文同款流程图模版！\数学建模论文流程图4(1).pptx,2026数学建模核心资料\流程图！美赛O奖论文同款流程图模版！\数学建模论文流程图4(1).pptx
697,INNER,dup,2026数学建模核心资料\流程图！美赛O奖论文同款流程图模版！\数学建模论文流程图4.pptx,2026数学建模核心资料\流程图！美赛O奖论文同款流程图模版！\数学建模论文流程图4(1).pptx
698,INNER,keep,2026数学建模核心资料\流程图！美赛O奖论文同款流程图模版！\数学建模论文流程图5(1).pptx,2026数学建模核心资料\流程图！美赛O奖论文同款流程图模版！\数学建模论文流程图5(1).pptx
698,INNER,dup,2026数学建模核心资料\流程图！美赛O奖论文同款流程图模版！\数学建模论文流程图5.pptx,2026数学建模核心资料\流程图！美赛O奖论文同款流程图模版！\数学建模论文流程图5(1).pptx
699,INNER,keep,2026数学建模核心资料\流程图！美赛O奖论文同款流程图模版！\数学建模论文流程图6(1).pptx,2026数学建模核心资料\流程图！美赛O奖论文同款流程图模版！\数学建模论文流程图6(1).pptx
699,INNER,dup,2026数学建模核心资料\流程图！美赛O奖论文同款流程图模版！\数学建模论文流程图6.pptx,2026数学建模核心资料\流程图！美赛O奖论文同款流程图模版！\数学建模论文流程图6(1).pptx
700,INNER,keep,2026数学建模核心资料\美赛按题目题型分类常用算法代码程序包！\优化与控制题型参考代码【数学建模老哥】\人工鱼群求解TSP问题源代码\att48.tsp,2026数学建模核心资料\美赛按题目题型分类常用算法代码程序包！\优化与控制题型参考代码【数学建模老哥】\人工鱼群求解TSP问题源代码\att48.tsp
700,INNER,dup,2026数学建模核心资料\美赛按题目题型分类常用算法代码程序包！\美赛照题目分类程序包【数学建模老哥】\美赛A题常见参考代码【数学建模老哥】\人工鱼群求解TSP问题源代码【数学建模老哥】\att48.tsp,2026数学建模核心资料\美赛按题目题型分类常用算法代码程序包！\优化与控制题型参考代码【数学建模老哥】\人工鱼群求解TSP问题源代码\att48.tsp
701,INNER,keep,2026数学建模核心资料\美赛按题目题型分类常用算法代码程序包！\优化与控制题型参考代码【数学建模老哥】\人工鱼群求解TSP问题源代码\ulysses22.tsp,2026数学建模核心资料\美赛按题目题型分类常用算法代码程序包！\优化与控制题型参考代码【数学建模老哥】\人工鱼群求解TSP问题源代码\ulysses22.tsp
701,INNER,dup,2026数学建模核心资料\美赛按题目题型分类常用算法代码程序包！\美赛照题目分类程序包【数学建模老哥】\美赛A题常见参考代码【数学建模老哥】\人工鱼群求解TSP问题源代码【数学建模老哥】\ulysses22.tsp,2026数学建模核心资料\美赛按题目题型分类常用算法代码程序包！\优化与控制题型参考代码【数学建模老哥】\人工鱼群求解TSP问题源代码\ulysses22.tsp
702,INNER,keep,2026数学建模核心资料\美赛按题目题型分类常用算法代码程序包！\优化与控制题型参考代码【数学建模老哥】\免疫优化算法在物流配送中心选址中的应用代码\centre.fig,2026数学建模核心资料\美赛按题目题型分类常用算法代码程序包！\优化与控制题型参考代码【数学建模老哥】\免疫优化算法在物流配送中心选址中的应用代码\centre.fig
702,INNER,dup,2026数学建模核心资料\美赛按题目题型分类常用算法代码程序包！\美赛照题目分类程序包【数学建模老哥】\美赛A题常见参考代码【数学建模老哥】\免疫优化算法在物流配送中心选址中的应用代码【数学建模老哥】\centre.fig,2026数学建模核心资料\美赛按题目题型分类常用算法代码程序包！\优化与控制题型参考代码【数学建模老哥】\免疫优化算法在物流配送中心选址中的应用代码\centre.fig
702,INNER,dup,2026数学建模核心资料\美赛按题目题型分类常用算法代码程序包！\美赛照题目分类程序包【数学建模老哥】\美赛D题常见参考代码【数学建模老哥】\免疫优化算法在物流配送中心选址中的应用代码【数学建模老哥】\centre.fig,2026数学建模核心资料\美赛按题目题型分类常用算法代码程序包！\优化与控制题型参考代码【数学建模老哥】\免疫优化算法在物流配送中心选址中的应用代码\centre.fig
702,INNER,dup,2026数学建模核心资料\美赛按题目题型分类常用算法代码程序包！\美赛照题目分类程序包【数学建模老哥】\美赛E题常见参考代码【数学建模老哥】\免疫优化算法在物流配送中心选址中的应用代码【数学建模老哥】\centre.fig,2026数学建模核心资料\美赛按题目题型分类常用算法代码程序包！\优化与控制题型参考代码【数学建模老哥】\免疫优化算法在物流配送中心选址中的应用代码\centre.fig
703,INNER,keep,2026数学建模核心资料\美赛按题目题型分类常用算法代码程序包！\优化与控制题型参考代码【数学建模老哥】\免疫优化算法在物流配送中心选址中的应用代码\figure.fig,2026数学建模核心资料\美赛按题目题型分类常用算法代码程序包！\优化与控制题型参考代码【数学建模老哥】\免疫优化算法在物流配送中心选址中的应用代码\figure.fig
703,INNER,dup,2026数学建模核心资料\美赛按题目题型分类常用算法代码程序包！\美赛照题目分类程序包【数学建模老哥】\美赛A题常见参考代码【数学建模老哥】\免疫优化算法在物流配送中心选址中的应用代码【数学建模老哥】\figure.fig,2026数学建模核心资料\美赛按题目题型分类常用算法代码程序包！\优化与控制题型参考代码【数学建模老哥】\免疫优化算法在物流配送中心选址中的应用代码\figure.fig
703,INNER,dup,2026数学建模核心资料\美赛按题目题型分类常用算法代码程序包！\美赛照题目分类程序包【数学建模老哥】\美赛D题常见参考代码【数学建模老哥】\免疫优化算法在物流配送中心选址中的应用代码【数学建模老哥】\figure.fig,2026数学建模核心资料\美赛按题目题型分类常用算法代码程序包！\优化与控制题型参考代码【数学建模老哥】\免疫优化算法在物流配送中心选址中的应用代码\figure.fig
703,INNER,dup,2026数学建模核心资料\美赛按题目题型分类常用算法代码程序包！\美赛照题目分类程序包【数学建模老哥】\美赛E题常见参考代码【数学建模老哥】\免疫优化算法在物流配送中心选址中的应用代码【数学建模老哥】\figure.fig,2026数学建模核心资料\美赛按题目题型分类常用算法代码程序包！\优化与控制题型参考代码【数学建模老哥】\免疫优化算法在物流配送中心选址中的应用代码\figure.fig
704,INNER,keep,2026数学建模核心资料\美赛按题目题型分类常用算法代码程序包！\优化与控制题型参考代码【数学建模老哥】\基于遗传算法的Bp神经网络优化算法代码\Sheffield的遗传算法工具箱.zip,2026数学建模核心资料\美赛按题目题型分类常用算法代码程序包！\优化与控制题型参考代码【数学建模老哥】\基于遗传算法的Bp神经网络优化算法代码\Sheffield的遗传算法工具箱.zip
704,INNER,dup,2026数学建模核心资料\美赛按题目题型分类常用算法代码程序包！\美赛照题目分类程序包【数学建模老哥】\美赛A题常见参考代码【数学建模老哥】\基于遗传算法的Bp神经网络优化算法代码【数学建模老哥】\Sheffield的遗传算法工具箱.zip,2026数学建模核心资料\美赛按题目题型分类常用算法代码程序包！\优化与控制题型参考代码【数学建模老哥】\基于遗传算法的Bp神经网络优化算法代码\Sheffield的遗传算法工具箱.zip
705,INNER,keep,2026数学建模核心资料\美赛按题目题型分类常用算法代码程序包！\优化与控制题型参考代码【数学建模老哥】\基于遗传算法的Bp神经网络优化算法代码\基于遗传算法的Bp神经网络优化算法代码.zip,2026数学建模核心资料\美赛按题目题型分类常用算法代码程序包！\优化与控制题型参考代码【数学建模老哥】\基于遗传算法的Bp神经网络优化算法代码\基于遗传算法的Bp神经网络优化算法代码.zip
705,INNER,dup,2026数学建模核心资料\美赛按题目题型分类常用算法代码程序包！\美赛照题目分类程序包【数学建模老哥】\美赛A题常见参考代码【数学建模老哥】\基于遗传算法的Bp神经网络优化算法代码【数学建模老哥】\基于遗传算法的Bp神经网络优化算法代码.zip,2026数学建模核心资料\美赛按题目题型分类常用算法代码程序包！\优化与控制题型参考代码【数学建模老哥】\基于遗传算法的Bp神经网络优化算法代码\基于遗传算法的Bp神经网络优化算法代码.zip
706,INNER,keep,2026数学建模核心资料\美赛按题目题型分类常用算法代码程序包！\优化与控制题型参考代码【数学建模老哥】\多目标粒子群优化算法代码\www.kalami.ir.url,2026数学建模核心资料\美赛按题目题型分类常用算法代码程序包！\优化与控制题型参考代码【数学建模老哥】\多目标粒子群优化算法代码\www.kalami.ir.url
706,INNER,dup,2026数学建模核心资料\美赛按题目题型分类常用算法代码程序包！\美赛照题目分类程序包【数学建模老哥】\美赛A题常见参考代码【数学建模老哥】\多目标粒子群优化算法代码【数学建模老哥】\www.kalami.ir.url,2026数学建模核心资料\美赛按题目题型分类常用算法代码程序包！\优化与控制题型参考代码【数学建模老哥】\多目标粒子群优化算法代码\www.kalami.ir.url
707,INNER,keep,2026数学建模核心资料\美赛按题目题型分类常用算法代码程序包！\分类与判别类题型参考代码【数学建模老哥】\adaboost经典的分类算法代码(1).rar,2026数学建模核心资料\美赛按题目题型分类常用算法代码程序包！\分类与判别类题型参考代码【数学建模老哥】\adaboost经典的分类算法代码(1).rar
707,INNER,dup,2026数学建模核心资料\美赛按题目题型分类常用算法代码程序包！\分类与判别类题型参考代码【数学建模老哥】\adaboost经典的分类算法代码.rar,2026数学建模核心资料\美赛按题目题型分类常用算法代码程序包！\分类与判别类题型参考代码【数学建模老哥】\adaboost经典的分类算法代码(1).rar
707,INNER,dup,2026数学建模核心资料\美赛按题目题型分类常用算法代码程序包！\美赛照题目分类程序包【数学建模老哥】\美赛E题常见参考代码【数学建模老哥】\adaboost经典的分类算法代码【数学建模老哥】.rar,2026数学建模核心资料\美赛按题目题型分类常用算法代码程序包！\分类与判别类题型参考代码【数学建模老哥】\adaboost经典的分类算法代码(1).rar
708,INNER,keep,2026数学建模核心资料\美赛按题目题型分类常用算法代码程序包！\分类与判别类题型参考代码【数学建模老哥】\动态聚类或迭代自组织数据分析算法（ISODATA）(1).rar,2026数学建模核心资料\美赛按题目题型分类常用算法代码程序包！\分类与判别类题型参考代码【数学建模老哥】\动态聚类或迭代自组织数据分析算法（ISODATA）(1).rar
708,INNER,dup,2026数学建模核心资料\美赛按题目题型分类常用算法代码程序包！\分类与判别类题型参考代码【数学建模老哥】\动态聚类或迭代自组织数据分析算法（ISODATA）.rar,2026数学建模核心资料\美赛按题目题型分类常用算法代码程序包！\分类与判别类题型参考代码【数学建模老哥】\动态聚类或迭代自组织数据分析算法（ISODATA）(1).rar
708,INNER,dup,2026数学建模核心资料\美赛按题目题型分类常用算法代码程序包！\美赛照题目分类程序包【数学建模老哥】\美赛F题常见参考代码【数学建模老哥】\动态聚类或迭代自组织数据分析算法（ISODATA）【数学建模老哥】.rar,2026数学建模核心资料\美赛按题目题型分类常用算法代码程序包！\分类与判别类题型参考代码【数学建模老哥】\动态聚类或迭代自组织数据分析算法（ISODATA）(1).rar
709,INNER,keep,2026数学建模核心资料\美赛按题目题型分类常用算法代码程序包！\分类与判别类题型参考代码【数学建模老哥】\随机森林应用于分类问题代码.rar,2026数学建模核心资料\美赛按题目题型分类常用算法代码程序包！\分类与判别类题型参考代码【数学建模老哥】\随机森林应用于分类问题代码.rar
709,INNER,dup,2026数学建模核心资料\美赛按题目题型分类常用算法代码程序包！\美赛照题目分类程序包【数学建模老哥】\美赛E题常见参考代码【数学建模老哥】\随机森林应用于分类问题代码【数学建模老哥】.rar,2026数学建模核心资料\美赛按题目题型分类常用算法代码程序包！\分类与判别类题型参考代码【数学建模老哥】\随机森林应用于分类问题代码.rar
710,INNER,keep,2026数学建模核心资料\美赛按题目题型分类常用算法代码程序包！\分类与判别类题型参考代码【数学建模老哥】\100多种数据处理与分类算法集合\模式分类（Matlab程序）\About.bmp,2026数学建模核心资料\美赛按题目题型分类常用算法代码程序包！\分类与判别类题型参考代码【数学建模老哥】\100多种数据处理与分类算法集合\模式分类（Matlab程序）\About.bmp
710,INNER,dup,2026数学建模核心资料\美赛按题目题型分类常用算法代码程序包！\美赛照题目分类程序包【数学建模老哥】\美赛C题常见参考代码【数学建模老哥】\100多种数据处理与分类算法集合【数学建模老哥】\模式分类（Matlab程序）\About.bmp,2026数学建模核心资料\美赛按题目题型分类常用算法代码程序包！\分类与判别类题型参考代码【数学建模老哥】\100多种数据处理与分类算法集合\模式分类（Matlab程序）\About.bmp
711,INNER,keep,2026数学建模核心资料\美赛按题目题型分类常用算法代码程序包！\数据处理类题型参考代码【数学建模老哥】\元数据分析的广义典型相关分析代码(1).rar,2026数学建模核心资料\美赛按题目题型分类常用算法代码程序包！\数据处理类题型参考代码【数学建模老哥】\元数据分析的广义典型相关分析代码(1).rar
711,INNER,dup,2026数学建模核心资料\美赛按题目题型分类常用算法代码程序包！\数据处理类题型参考代码【数学建模老哥】\元数据分析的广义典型相关分析代码.rar,2026数学建模核心资料\美赛按题目题型分类常用算法代码程序包！\数据处理类题型参考代码【数学建模老哥】\元数据分析的广义典型相关分析代码(1).rar
711,INNER,dup,2026数学建模核心资料\美赛按题目题型分类常用算法代码程序包！\美赛照题目分类程序包【数学建模老哥】\美赛F题常见参考代码【数学建模老哥】\元数据分析的广义典型相关分析代码【数学建模老哥】.rar,2026数学建模核心资料\美赛按题目题型分类常用算法代码程序包！\数据处理类题型参考代码【数学建模老哥】\元数据分析的广义典型相关分析代码(1).rar
712,INNER,keep,2026数学建模核心资料\美赛按题目题型分类常用算法代码程序包！\数据处理类题型参考代码【数学建模老哥】\利用多尺度小波分解侦测时间序列中奇异点位置(1).rar,2026数学建模核心资料\美赛按题目题型分类常用算法代码程序包！\数据处理类题型参考代码【数学建模老哥】\利用多尺度小波分解侦测时间序列中奇异点位置(1).rar
712,INNER,dup,2026数学建模核心资料\美赛按题目题型分类常用算法代码程序包！\数据处理类题型参考代码【数学建模老哥】\利用多尺度小波分解侦测时间序列中奇异点位置.rar,2026数学建模核心资料\美赛按题目题型分类常用算法代码程序包！\数据处理类题型参考代码【数学建模老哥】\利用多尺度小波分解侦测时间序列中奇异点位置(1).rar
712,INNER,dup,2026数学建模核心资料\美赛按题目题型分类常用算法代码程序包！\美赛照题目分类程序包【数学建模老哥】\美赛F题常见参考代码【数学建模老哥】\利用多尺度小波分解侦测时间序列中奇异点位置【数学建模老哥】.rar,2026数学建模核心资料\美赛按题目题型分类常用算法代码程序包！\数据处理类题型参考代码【数学建模老哥】\利用多尺度小波分解侦测时间序列中奇异点位置(1).rar
713,INNER,keep,2026数学建模核心资料\美赛按题目题型分类常用算法代码程序包！\数据处理类题型参考代码【数学建模老哥】\格拉布斯准则判断异常数据代码(1).zip,2026数学建模核心资料\美赛按题目题型分类常用算法代码程序包！\数据处理类题型参考代码【数学建模老哥】\格拉布斯准则判断异常数据代码(1).zip
713,INNER,dup,2026数学建模核心资料\美赛按题目题型分类常用算法代码程序包！\数据处理类题型参考代码【数学建模老哥】\格拉布斯准则判断异常数据代码.zip,2026数学建模核心资料\美赛按题目题型分类常用算法代码程序包！\数据处理类题型参考代码【数学建模老哥】\格拉布斯准则判断异常数据代码(1).zip
713,INNER,dup,2026数学建模核心资料\美赛按题目题型分类常用算法代码程序包！\美赛照题目分类程序包【数学建模老哥】\美赛F题常见参考代码【数学建模老哥】\格拉布斯准则判断异常数据代码【数学建模老哥】.zip,2026数学建模核心资料\美赛按题目题型分类常用算法代码程序包！\数据处理类题型参考代码【数学建模老哥】\格拉布斯准则判断异常数据代码(1).zip
714,INNER,keep,2026数学建模核心资料\美赛按题目题型分类常用算法代码程序包！\数据处理类题型参考代码【数学建模老哥】\特征降维，特征融合，相关分析等多元数据分析的典型相关分析代码(1).rar,2026数学建模核心资料\美赛按题目题型分类常用算法代码程序包！\数据处理类题型参考代码【数学建模老哥】\特征降维，特征融合，相关分析等多元数据分析的典型相关分析代码(1).rar
714,INNER,dup,2026数学建模核心资料\美赛按题目题型分类常用算法代码程序包！\数据处理类题型参考代码【数学建模老哥】\特征降维，特征融合，相关分析等多元数据分析的典型相关分析代码.rar,2026数学建模核心资料\美赛按题目题型分类常用算法代码程序包！\数据处理类题型参考代码【数学建模老哥】\特征降维，特征融合，相关分析等多元数据分析的典型相关分析代码(1).rar
714,INNER,dup,2026数学建模核心资料\美赛按题目题型分类常用算法代码程序包！\美赛照题目分类程序包【数学建模老哥】\美赛F题常见参考代码【数学建模老哥】\特征降维，特征融合，相关分析等多元数据分析的典型相关分析代码【数学建模老哥】.rar,2026数学建模核心资料\美赛按题目题型分类常用算法代码程序包！\数据处理类题型参考代码【数学建模老哥】\特征降维，特征融合，相关分析等多元数据分析的典型相关分析代码(1).rar
715,INNER,dup,2026数学建模核心资料\美赛按题目题型分类常用算法代码程序包！\美赛照题目分类程序包【数学建模老哥】\美赛A题常见参考代码【数学建模老哥】\基于Logistic回归模型评估企业还款能力代码【数学建模老哥】\数据.xlsx,2026数学建模核心资料\美赛按题目题型分类常用算法代码程序包！\预测与预报类题型参考代码【数学建模老哥】\基于Logistic回归模型评估企业还款能力代码\数据.xlsx
715,INNER,dup,2026数学建模核心资料\美赛按题目题型分类常用算法代码程序包！\美赛照题目分类程序包【数学建模老哥】\美赛F题常见参考代码【数学建模老哥】\基于Logistic回归模型评估企业还款能力代码【数学建模老哥】\数据.xlsx,2026数学建模核心资料\美赛按题目题型分类常用算法代码程序包！\预测与预报类题型参考代码【数学建模老哥】\基于Logistic回归模型评估企业还款能力代码\数据.xlsx
715,INNER,keep,2026数学建模核心资料\美赛按题目题型分类常用算法代码程序包！\预测与预报类题型参考代码【数学建模老哥】\基于Logistic回归模型评估企业还款能力代码\数据.xlsx,2026数学建模核心资料\美赛按题目题型分类常用算法代码程序包！\预测与预报类题型参考代码【数学建模老哥】\基于Logistic回归模型评估企业还款能力代码\数据.xlsx
716,INNER,dup,2026数学建模核心资料\美赛按题目题型分类常用算法代码程序包！\美赛照题目分类程序包【数学建模老哥】\美赛B题常见参考代码【数学建模老哥】\各种离散优化方法的matlab程序【数学建模老哥】\离散优化\LPINT.asv,2026数学建模核心资料\美赛按题目题型分类常用算法代码程序包！\美赛照题目分类程序包【数学建模老哥】\美赛B题常见参考代码【数学建模老哥】\基于线性整数规划离散型优化问题代码【数学建模老哥】\LPINT.asv
716,INNER,keep,2026数学建模核心资料\美赛按题目题型分类常用算法代码程序包！\美赛照题目分类程序包【数学建模老哥】\美赛B题常见参考代码【数学建模老哥】\基于线性整数规划离散型优化问题代码【数学建模老哥】\LPINT.asv,2026数学建模核心资料\美赛按题目题型分类常用算法代码程序包！\美赛照题目分类程序包【数学建模老哥】\美赛B题常见参考代码【数学建模老哥】\基于线性整数规划离散型优化问题代码【数学建模老哥】\LPINT.asv
717,INNER,dup,2026数学建模核心资料\美赛按题目题型分类常用算法代码程序包！\美赛照题目分类程序包【数学建模老哥】\美赛C题常见参考代码【数学建模老哥】\混沌时间序列的RBF神经网络预测代码【数学建模老哥】\Prediction_RBF\LorenzData.mexw32,2026数学建模核心资料\美赛按题目题型分类常用算法代码程序包！\预测与预报类题型参考代码【数学建模老哥】\混沌时间序列的RBF神经网络预测代码\Prediction_RBF\LorenzData.mexw32
717,INNER,keep,2026数学建模核心资料\美赛按题目题型分类常用算法代码程序包！\预测与预报类题型参考代码【数学建模老哥】\混沌时间序列的RBF神经网络预测代码\Prediction_RBF\LorenzData.mexw32,2026数学建模核心资料\美赛按题目题型分类常用算法代码程序包！\预测与预报类题型参考代码【数学建模老哥】\混沌时间序列的RBF神经网络预测代码\Prediction_RBF\LorenzData.mexw32
718,INNER,dup,2026数学建模核心资料\美赛按题目题型分类常用算法代码程序包！\美赛照题目分类程序包【数学建模老哥】\美赛E题常见参考代码【数学建模老哥】\基于EDA算法的综合评价代码【数学建模老哥】.rar,2026数学建模核心资料\美赛按题目题型分类常用算法代码程序包！\评价与决策类题型参考代码【数学建模老哥】\基于EDA数据包络分析的综合评价代码(1).rar
718,INNER,dup,2026数学建模核心资料\美赛按题目题型分类常用算法代码程序包！\美赛照题目分类程序包【数学建模老哥】\美赛F题常见参考代码【数学建模老哥】\基于EDA数据包络分析的综合评价代码【数学建模老哥】.rar,2026数学建模核心资料\美赛按题目题型分类常用算法代码程序包！\评价与决策类题型参考代码【数学建模老哥】\基于EDA数据包络分析的综合评价代码(1).rar
718,INNER,keep,2026数学建模核心资料\美赛按题目题型分类常用算法代码程序包！\评价与决策类题型参考代码【数学建模老哥】\基于EDA数据包络分析的综合评价代码(1).rar,2026数学建模核心资料\美赛按题目题型分类常用算法代码程序包！\评价与决策类题型参考代码【数学建模老哥】\基于EDA数据包络分析的综合评价代码(1).rar
718,INNER,dup,2026数学建模核心资料\美赛按题目题型分类常用算法代码程序包！\评价与决策类题型参考代码【数学建模老哥】\基于EDA数据包络分析的综合评价代码.rar,2026数学建模核心资料\美赛按题目题型分类常用算法代码程序包！\评价与决策类题型参考代码【数学建模老哥】\基于EDA数据包络分析的综合评价代码(1).rar
718,INNER,dup,2026数学建模核心资料\美赛按题目题型分类常用算法代码程序包！\评价与决策类题型参考代码【数学建模老哥】\基于EDA算法的综合评价代码(1).rar,2026数学建模核心资料\美赛按题目题型分类常用算法代码程序包！\评价与决策类题型参考代码【数学建模老哥】\基于EDA数据包络分析的综合评价代码(1).rar
718,INNER,dup,2026数学建模核心资料\美赛按题目题型分类常用算法代码程序包！\评价与决策类题型参考代码【数学建模老哥】\基于EDA算法的综合评价代码.rar,2026数学建模核心资料\美赛按题目题型分类常用算法代码程序包！\评价与决策类题型参考代码【数学建模老哥】\基于EDA数据包络分析的综合评价代码(1).rar
719,INNER,dup,2026数学建模核心资料\美赛按题目题型分类常用算法代码程序包！\美赛照题目分类程序包【数学建模老哥】\美赛F题常见参考代码【数学建模老哥】\马尔科夫链法预测股票【数学建模老哥】.rar,2026数学建模核心资料\美赛按题目题型分类常用算法代码程序包！\预测与预报类题型参考代码【数学建模老哥】\马尔科夫链法预测股票(1).rar
719,INNER,keep,2026数学建模核心资料\美赛按题目题型分类常用算法代码程序包！\预测与预报类题型参考代码【数学建模老哥】\马尔科夫链法预测股票(1).rar,2026数学建模核心资料\美赛按题目题型分类常用算法代码程序包！\预测与预报类题型参考代码【数学建模老哥】\马尔科夫链法预测股票(1).rar
719,INNER,dup,2026数学建模核心资料\美赛按题目题型分类常用算法代码程序包！\预测与预报类题型参考代码【数学建模老哥】\马尔科夫链法预测股票.rar,2026数学建模核心资料\美赛按题目题型分类常用算法代码程序包！\预测与预报类题型参考代码【数学建模老哥】\马尔科夫链法预测股票(1).rar
720,INNER,keep,2026数学建模核心资料\美赛按题目题型分类常用算法代码程序包！\评价与决策类题型参考代码【数学建模老哥】\层次分析法评价(1).rar,2026数学建模核心资料\美赛按题目题型分类常用算法代码程序包！\评价与决策类题型参考代码【数学建模老哥】\层次分析法评价(1).rar
720,INNER,dup,2026数学建模核心资料\美赛按题目题型分类常用算法代码程序包！\评价与决策类题型参考代码【数学建模老哥】\层次分析法评价.rar,2026数学建模核心资料\美赛按题目题型分类常用算法代码程序包！\评价与决策类题型参考代码【数学建模老哥】\层次分析法评价(1).rar
721,INNER,keep,2026老哥！2026国赛最强备战资料！3天速成国奖配套资料！\数学建模论文精美流程图中英文模板PPT！.pptx,2026老哥！2026国赛最强备战资料！3天速成国奖配套资料！\数学建模论文精美流程图中英文模板PPT！.pptx
721,INNER,dup,A157 2026数学建模国赛备战冲刺资料合集！\2026老哥！2026国赛最强备战资料！3天速成国奖配套资料！\数学建模论文精美流程图中英文模板PPT！.pptx,2026老哥！2026国赛最强备战资料！3天速成国奖配套资料！\数学建模论文精美流程图中英文模板PPT！.pptx
722,INNER,dup,2026国赛AI助攻资料合集\2026国赛各类AI实用工具和提示词汇总！\2026国赛国奖级论文AI自动优化升级提示词.docx,2026国赛各类AI实用工具和提示词汇总！\2026国赛国奖级论文AI自动优化升级提示词.docx
722,INNER,dup,2026国赛AI助攻资料合集\2026国赛各类AI实用工具和提示词汇总！\国奖级AI升级+精美图表AI升级提示词！\2026国赛国奖级论文AI自动优化升级提示词.docx,2026国赛各类AI实用工具和提示词汇总！\2026国赛国奖级论文AI自动优化升级提示词.docx
722,INNER,dup,2026国赛AI助攻资料合集\国奖级AI升级+精美图表AI升级提示词！\2026国赛国奖级论文AI自动优化升级提示词.docx,2026国赛各类AI实用工具和提示词汇总！\2026国赛国奖级论文AI自动优化升级提示词.docx
722,INNER,dup,2026国赛AI助攻资料合集\数学建模国赛AI全流程解题与论文写作提示词！\AI论文优化！数学建模国赛论文国奖级AI优化升级提示词.docx,2026国赛各类AI实用工具和提示词汇总！\2026国赛国奖级论文AI自动优化升级提示词.docx
722,INNER,keep,2026国赛各类AI实用工具和提示词汇总！\2026国赛国奖级论文AI自动优化升级提示词.docx,2026国赛各类AI实用工具和提示词汇总！\2026国赛国奖级论文AI自动优化升级提示词.docx
722,INNER,dup,2026国赛各类AI实用工具和提示词汇总！\国奖级AI升级+精美图表AI升级提示词！\2026国赛国奖级论文AI自动优化升级提示词.docx,2026国赛各类AI实用工具和提示词汇总！\2026国赛国奖级论文AI自动优化升级提示词.docx
722,INNER,dup,A157 2026数学建模国赛备战冲刺资料合集！\2026国赛国奖级论文AI自动优化升级提示词.docx,2026国赛各类AI实用工具和提示词汇总！\2026国赛国奖级论文AI自动优化升级提示词.docx
722,INNER,dup,A157 2026数学建模国赛备战冲刺资料合集！\2026国赛各类AI实用工具和提示词汇总！\2026国赛国奖级论文AI自动优化升级提示词.docx,2026国赛各类AI实用工具和提示词汇总！\2026国赛国奖级论文AI自动优化升级提示词.docx
722,INNER,dup,A157 2026数学建模国赛备战冲刺资料合集！\2026国赛各类AI实用工具和提示词汇总！\国奖级AI升级+精美图表AI升级提示词！\2026国赛国奖级论文AI自动优化升级提示词.docx,2026国赛各类AI实用工具和提示词汇总！\2026国赛国奖级论文AI自动优化升级提示词.docx
722,INNER,dup,A157 2026数学建模国赛备战冲刺资料合集！\国奖级AI升级+精美图表AI升级提示词！\2026国赛国奖级论文AI自动优化升级提示词.docx,2026国赛各类AI实用工具和提示词汇总！\2026国赛国奖级论文AI自动优化升级提示词.docx
722,INNER,dup,A157 2026数学建模国赛备战冲刺资料合集！\数学建模国赛AI专属助攻资料合集！\数学建模国赛AI全流程解题与论文写作提示词！\AI论文优化！数学建模国赛论文国奖级AI优化升级提示词.docx,2026国赛各类AI实用工具和提示词汇总！\2026国赛国奖级论文AI自动优化升级提示词.docx
723,INNER,dup,2026国赛AI助攻资料合集\2026国赛各类AI实用工具和提示词汇总！\2026国赛超精美图表AI自动优化升级提示词.docx,2026国赛各类AI实用工具和提示词汇总！\2026国赛超精美图表AI自动优化升级提示词.docx
723,INNER,dup,2026国赛AI助攻资料合集\2026国赛各类AI实用工具和提示词汇总！\国奖级AI升级+精美图表AI升级提示词！\2026国赛超精美图表AI自动优化升级提示词.docx,2026国赛各类AI实用工具和提示词汇总！\2026国赛超精美图表AI自动优化升级提示词.docx
723,INNER,dup,2026国赛AI助攻资料合集\国奖级AI升级+精美图表AI升级提示词！\2026国赛超精美图表AI自动优化升级提示词.docx,2026国赛各类AI实用工具和提示词汇总！\2026国赛超精美图表AI自动优化升级提示词.docx
723,INNER,dup,2026国赛AI助攻资料合集\数学建模国赛AI全流程解题与论文写作提示词！\AI图表美化！数学建模论文图表AI国奖级美化提示词.docx,2026国赛各类AI实用工具和提示词汇总！\2026国赛超精美图表AI自动优化升级提示词.docx
723,INNER,keep,2026国赛各类AI实用工具和提示词汇总！\2026国赛超精美图表AI自动优化升级提示词.docx,2026国赛各类AI实用工具和提示词汇总！\2026国赛超精美图表AI自动优化升级提示词.docx
723,INNER,dup,2026国赛各类AI实用工具和提示词汇总！\国奖级AI升级+精美图表AI升级提示词！\2026国赛超精美图表AI自动优化升级提示词.docx,2026国赛各类AI实用工具和提示词汇总！\2026国赛超精美图表AI自动优化升级提示词.docx
723,INNER,dup,A157 2026数学建模国赛备战冲刺资料合集！\2026国赛超精美图表AI自动优化升级提示词.docx,2026国赛各类AI实用工具和提示词汇总！\2026国赛超精美图表AI自动优化升级提示词.docx
723,INNER,dup,A157 2026数学建模国赛备战冲刺资料合集！\2026国赛各类AI实用工具和提示词汇总！\2026国赛超精美图表AI自动优化升级提示词.docx,2026国赛各类AI实用工具和提示词汇总！\2026国赛超精美图表AI自动优化升级提示词.docx
723,INNER,dup,A157 2026数学建模国赛备战冲刺资料合集！\2026国赛各类AI实用工具和提示词汇总！\国奖级AI升级+精美图表AI升级提示词！\2026国赛超精美图表AI自动优化升级提示词.docx,2026国赛各类AI实用工具和提示词汇总！\2026国赛超精美图表AI自动优化升级提示词.docx
723,INNER,dup,A157 2026数学建模国赛备战冲刺资料合集！\国奖级AI升级+精美图表AI升级提示词！\2026国赛超精美图表AI自动优化升级提示词.docx,2026国赛各类AI实用工具和提示词汇总！\2026国赛超精美图表AI自动优化升级提示词.docx
723,INNER,dup,A157 2026数学建模国赛备战冲刺资料合集！\数学建模国赛AI专属助攻资料合集！\数学建模国赛AI全流程解题与论文写作提示词！\AI图表美化！数学建模论文图表AI国奖级美化提示词.docx,2026国赛各类AI实用工具和提示词汇总！\2026国赛超精美图表AI自动优化升级提示词.docx
724,INNER,keep,2026数学建模核心资料\美赛按题目题型分类常用算法代码程序包！\优化与控制题型参考代码【数学建模老哥】\多种群遗传算法的函数优化算法代码\ObjectFunction.m,2026数学建模核心资料\美赛按题目题型分类常用算法代码程序包！\优化与控制题型参考代码【数学建模老哥】\多种群遗传算法的函数优化算法代码\ObjectFunction.m
724,INNER,dup,2026数学建模核心资料\美赛按题目题型分类常用算法代码程序包！\优化与控制题型参考代码【数学建模老哥】\多种遗传算法优化论文与代码\chapter7\ObjectFunction.m,2026数学建模核心资料\美赛按题目题型分类常用算法代码程序包！\优化与控制题型参考代码【数学建模老哥】\多种群遗传算法的函数优化算法代码\ObjectFunction.m
724,INNER,dup,2026数学建模核心资料\美赛按题目题型分类常用算法代码程序包！\美赛照题目分类程序包【数学建模老哥】\美赛A题常见参考代码【数学建模老哥】\多种群遗传算法的函数优化算法代码【数学建模老哥】\ObjectFunction.m,2026数学建模核心资料\美赛按题目题型分类常用算法代码程序包！\优化与控制题型参考代码【数学建模老哥】\多种群遗传算法的函数优化算法代码\ObjectFunction.m
724,INNER,dup,2026数学建模核心资料\美赛按题目题型分类常用算法代码程序包！\美赛照题目分类程序包【数学建模老哥】\美赛A题常见参考代码【数学建模老哥】\多种遗传算法优化论文与代码【数学建模老哥】\chapter7\ObjectFunction.m,2026数学建模核心资料\美赛按题目题型分类常用算法代码程序包！\优化与控制题型参考代码【数学建模老哥】\多种群遗传算法的函数优化算法代码\ObjectFunction.m
